,00_NORMAL,10_NORMAL,11_NORMAL,12_NORMAL,13_NORMAL,20_NORMAL,21_NORMAL,22_NORMAL,23_NORMAL,24_NORMAL,25_NORMAL,26_NORMAL,30_NORMAL,31_NORMAL,32_NORMAL,33_NORMAL,34_NORMAL,35_NORMAL,36_NORMAL,37_NORMAL,38_NORMAL,39_NORMAL,40_NORMAL,41_NORMAL,42_NORMAL,43_ANOMALY,44_ANOMALY,45_NORMAL,46_NORMAL,47_NORMAL,48_ANOMALY,49_NORMAL,410_NORMAL,411_NORMAL,412_NORMAL,50_ANOMALY,51_NORMAL,52_NORMAL,53_NORMAL,54_NORMAL,55_NORMAL,56_ANOMALY,57_NORMAL,58_NORMAL,59_NORMAL,510_ANOMALY,511_ANOMALY,512_NORMAL,513_NORMAL,514_NORMAL,515_NORMAL,60_NORMAL,61_NORMAL,62_NORMAL,63_NORMAL,64_NORMAL,65_NORMAL,66_NORMAL,67_NORMAL,68_NORMAL,69_NORMAL,610_NORMAL,611_NORMAL,612_NORMAL,613_NORMAL,614_ANOMALY,615_NORMAL,616_NORMAL,617_NORMAL,618_NORMAL,70_NORMAL,71_NORMAL,72_NORMAL,73_NORMAL,74_NORMAL,75_NORMAL,76_NORMAL,77_ANOMALY,78_NORMAL,79_NORMAL,710_NORMAL,711_NORMAL,712_ANOMALY,713_NORMAL,714_NORMAL,715_NORMAL,716_NORMAL,717_NORMAL,718_NORMAL,719_NORMAL,720_NORMAL,721_NORMAL,80_NORMAL,81_NORMAL,82_NORMAL,83_NORMAL,84_NORMAL,85_NORMAL,86_NORMAL,87_NORMAL,88_NORMAL,89_NORMAL,810_NORMAL,811_NORMAL,812_NORMAL,813_NORMAL,814_NORMAL,815_ANOMALY,816_NORMAL,817_NORMAL,818_ANOMALY,819_NORMAL,820_NORMAL,821_NORMAL,822_NORMAL,823_NORMAL,824_NORMAL,90_NORMAL,91_ANOMALY,92_NORMAL,93_NORMAL,94_NORMAL,95_NORMAL,96_NORMAL,97_NORMAL,98_NORMAL,99_ANOMALY,910_NORMAL,911_NORMAL,912_NORMAL,913_NORMAL,914_NORMAL,915_NORMAL,916_ANOMALY,917_ANOMALY,918_NORMAL,919_NORMAL,920_NORMAL,921_NORMAL,922_ANOMALY,923_NORMAL,924_NORMAL,925_NORMAL,926_NORMAL,927_NORMAL
0,-3.259063798293513,-3.3129640376265215,-3.3665147872694052,-6.112723917928466,-4.712163695213147,-3.0845264270571047,-3.9974919253643235,-3.990212133035567,-2.071284544983931,-3.0800984146288455,-2.5571134182420776,-2.912809819458046,-1.3338221291641996,-1.1488690945537599,-0.013441261935438042,-4.501094617126029,-1.1597419121106431,-2.726651936299665,-5.241461055774902,-1.357967847113148,-3.22845836307875,-6.092292979513442,-5.045118282489609,-4.551561624988487,-4.194893796182579,-2.9237148404289472,-4.680563281891667,-4.35688955797503,-5.910298829094397,-4.194429379168666,-4.496952204574543,-5.75588606769508,-4.400869909320758,-5.919954805690568,-4.298115423576717,-3.920177048891156,-6.340137839659721,-4.165242678431703,-5.450660717525187,-4.672232980970828,-4.194577921682028,-4.130709249584047,-5.772370913444113,-4.3747982222631006,-4.895424552528746,-4.342101235529312,-2.5109994199803545,-4.51513818918262,-4.256786970873885,-3.738602053599576,-5.918094819698844,-6.534980076105167,-6.071218331154299,-6.249919747388738,-6.281957031752585,-6.2612480136692845,-6.433765500356225,-6.388902363887287,-6.21988767924973,-6.577592410047819,-6.449449172500259,-6.429332777766633,-6.127588511292957,-6.592144284274614,-6.277940547729082,-7.2804454884090335,-6.536305707820819,-6.119767632056619,-6.2794546988929865,-6.234645007547553,-0.1599938673148995,-3.2479061638073796,-0.22542780764727466,-3.0958230486182403,-1.8142346511660112,0.6881268170996755,-1.703556830903682,1.258846207347641,-3.681355691164736,-3.1867744062170353,-5.9808029311276645,-3.2547346725574364,-2.0833891444692303,1.269842226435876,-0.7078838657731907,-5.544961547459888,-1.6279036124291228,-4.556280897840179,-1.4874213633499882,-3.9256665463327205,-3.3561103869027633,-4.460480102991564,-4.014191953553362,-4.686738737631788,-4.545556470075626,-3.3659447499334174,-4.126033235806846,-3.5693777593026166,-3.848802363551234,-5.212712070915623,-4.232417900978963,-4.506665099811729,-2.892145749955812,-5.189809604784585,-5.149118034125808,-4.203095635485108,-3.799973443835622,-1.5770702735393236,-4.976869871708741,-4.893145115774747,-2.6053688547950364,-4.26244835209127,-5.044006567111082,-4.01013604255448,-4.88734007230573,-4.831006635027775,-3.287497975262861,-4.920809457936657,-6.3920194057147395,-4.209504605594481,-5.292278541512412,-6.275766560412559,-6.209689743153958,-4.540002166618901,-5.323927079081002,-4.446830436483783,-5.982145700711422,-5.21165575205643,-5.316771520023789,-5.109155266882665,-5.622589835534055,-5.068823653925311,-5.254057684840553,-5.762197422849624,-6.232170292318691,-5.847520002441139,-5.615585709851991,-6.526448968215995,-4.898871458706105,-6.811829042548936,-6.577871241498155,-4.895698458800927,-4.926034639740763,-5.243580317034904,-5.4151653054157585
1,-2.775323348021068,-4.976443592221203,-2.390706347700418,-5.783437291544848,-2.1297187363405743,-3.318445648563965,-4.621138818700048,-4.9560080899953745,-2.5780828135215303,-1.536314087086501,-3.4569769634142347,-2.2890279570447514,-2.1724696832935466,-2.0147497263889793,1.4375449761176573,-4.329376922884355,2.1674805227507266,-0.5569320376054683,-5.356841259193453,0.06172297396093507,-1.5212259599709976,-2.8867991882850554,-4.7148820727959855,-5.009678994340371,-4.05027582807657,-2.340927664359179,-4.656838445430229,-4.115756513565182,-5.582717552908766,-4.0214896124778,-4.04134441434441,-5.923371142206154,-4.115478042524732,-5.631522477490362,-4.012505631694383,-3.6840227581660483,-6.070886823320503,-4.067907136037935,-5.314675621529375,-4.501749340945661,-4.035814237508788,-4.01665990862386,-5.58281506368063,-4.278516923496557,-4.5476192306880385,-4.164296005468389,-2.2704123208845037,-4.171605311697322,-4.100380342643849,-3.6778065464209204,-5.949659700215822,-6.319790599794602,-5.936451356896207,-6.411439475629051,-6.241084211226723,-6.302511019539112,-6.559408370108152,-6.063587648629538,-6.289701061643595,-6.2352805446058,-6.150615627766155,-6.2370840578267845,-5.978569090181697,-6.397735688491251,-6.341513310014948,-7.248374307949822,-6.282850902335946,-6.191276734167573,-6.169226571643086,-6.056221297455115,-1.762614361724863,-4.299623412470342,-1.4878147777910362,-2.6329736584767622,-1.744741547486592,-1.1676173354774846,-0.9661824504694385,1.7157581138250935,-2.544920172715414,-4.853997287094619,-5.3134232339804335,-4.193392181570228,0.08397654348279815,-1.3071842192201066,-1.489279614987824,-4.963209921130216,-0.9178537479458035,-1.73332024932422,-0.33396314079606526,-2.9101735643381117,-4.42884035804947,-1.3343428821609198,-4.297079434566008,-4.57424587569117,-6.139090149121221,-5.1709346458511485,-5.799064392330267,-4.990035333826996,-2.963323683214494,-5.578313644957837,-5.760055532083536,-2.720258958286357,-4.832176584587889,-4.70304310569362,-4.794308366518013,-4.056770388720338,-2.7225671182416704,-3.8138651838298037,-3.514006401999148,-4.620988689453474,-4.0870728268906475,-4.9955715804531255,-3.1797056803739854,-4.609524736970198,-4.27199954220397,-4.0332212666203135,-5.188144220134385,-5.565211882981982,-6.462875225084845,-4.20400692376226,-6.209200059375457,-5.252135758135125,-5.564114643878155,-5.616321983688144,-4.737841713204277,-5.139150327797649,-5.476632986557958,-5.38404352875076,-5.818646910077276,-5.176896902156572,-5.967117750086814,-5.24778178318202,-5.388323566990914,-6.652424486458136,-5.351201648666035,-5.620082871967002,-5.146333445672547,-6.443121348514692,-4.864387944205271,-5.653117004211127,-5.507228388661085,-5.624217686255078,-5.496607850240968,-6.029018194261222,-4.98482859454257
2,-2.610057309405678,-2.5824835791795455,-5.620109069927168,-4.55282095104336,-5.5132173418919335,-2.2954621826234676,-3.003708493171062,-4.3847636075777086,-2.2048421505431604,-2.304392111579595,-2.5243114926905257,-3.054163319493558,-2.989913648531156,1.208481109296537,0.3683868764624556,-3.1803126616148623,-0.4325095927310978,-0.7687358777889837,-2.6124301559632492,-2.9229974115048494,-1.5450111196640037,-5.8346187526905195,-4.572415039969184,-4.752041869467855,-4.382406281303139,-2.6016607769780107,-4.510995748753193,-3.750059210933869,-5.584432417109275,-3.883131628281615,-3.96764524465872,-5.136537592119186,-4.5643276014214536,-5.321777206333119,-4.138662396008077,-3.3896514089977248,-5.668456207229618,-3.8234895082134335,-5.3715152384643705,-4.353784179453099,-3.7487091686013367,-3.9192010047092816,-5.306802574864812,-4.156663086460419,-4.2229286294329516,-3.907995929623014,-1.8864162637202675,-4.055695841451282,-4.014207262052857,-3.5460461319588563,-5.417389768674575,-6.180275348841313,-5.664829406851938,-5.880479542840252,-6.189755264235968,-5.90312681618859,-6.139819449339889,-5.879419868069485,-6.059875137466937,-5.968104357668857,-5.958062737894325,-6.028540939193147,-5.798626774730026,-6.160705893589661,-5.755898212064519,-7.042828742928391,-5.982783759476951,-5.7485872729406875,-6.264887615687611,-5.6329619377520705,-1.1627491162513621,-2.9141061584560015,-3.520783969010146,0.43822021955191515,-2.3696014024261434,-1.5901514187755628,0.08589136669391095,1.83331838733957,-4.02530949294818,-1.7307445534154842,-3.048274424643953,-1.647565089690016,3.4854481444905816,-0.36801348052687044,-0.577720052086296,-4.01168306668687,-2.7695419902817573,-1.0143339239519498,-3.2505183305824987,-5.46738325135792,-0.8682994376713564,-3.564023935752129,-2.7876480413043248,-3.8167306519620827,-4.822772036543485,-5.057172123368205,-4.80472992599192,-2.6172368071262757,-4.527867284224068,-5.3304676464145935,-3.5149062323283644,-4.492728780708896,-2.2748912798294945,-3.0287132404468884,-2.7440168268104363,-3.9833070836280724,-2.9078636112193625,-2.872475473667006,-4.411858352713492,-5.013102238882119,-5.337740966411559,-4.700002908820147,-3.992898417924659,-2.3995635169754337,-3.2239395850325403,-2.9839557276179423,-4.057953591104198,-4.90771988000847,-6.419418949771181,-5.9303358484353295,-5.648604666876261,-4.054321723285032,-4.461562698033042,-5.020983548560906,-4.178831444353395,-5.564942129035977,-6.219756854507862,-4.0760125848428,-5.691950619487574,-4.440159040303711,-5.821579647200825,-5.22234873265822,-5.654182183633488,-5.514261162928085,-4.870347169160441,-4.861719834009462,-5.09846358256157,-5.496006781075632,-4.896195595868214,-5.729949893729446,-5.128704966181953,-5.189044678475227,-6.294729790699597,-5.64133289567074,-5.427293264739656
3,-2.4687020454107,-4.684221199255299,-1.3584188588179966,-4.206620844592911,-2.943265083977242,-2.975913831007511,-3.235952873830885,-3.431129904572488,-1.9749022627982717,-2.1128529540188614,-3.1178173850289337,-2.5803091861833187,0.06500696171509235,-1.3573163805085544,1.284664607367478,-2.1328822376868426,0.2627923451682943,-0.24026017738784144,-2.004823633374864,-0.07488759544223766,-1.6414393022323814,-2.4257672435086244,-5.004737496712873,-4.979793245110363,-3.8516429572820305,-2.1807455941547187,-4.481347228527731,-4.041199935884662,-6.0079078667981225,-3.6300640404717908,-3.5344146971003694,-5.353339187907067,-3.4457570437635523,-5.053459902965207,-3.8262876410899263,-3.6437926717074767,-5.565771635818543,-3.5620877488122415,-5.32539151415761,-4.416126573660619,-3.4817828512684033,-3.8724849273434554,-5.238215338656318,-4.103505519141086,-3.8548491451347306,-3.743178367945908,-1.6216498470911773,-3.5889287838970243,-3.8532965020032526,-3.3867276666921615,-5.220196039278062,-5.739958612739997,-5.582379227138987,-5.484397131607158,-5.6754322972401265,-5.837995510159225,-5.853915647545045,-5.89242313905799,-5.408740682220644,-5.767513077464912,-5.633004694399528,-5.766336922604825,-5.904743205726539,-5.813539160156934,-5.740374435911468,-6.677182477748089,-5.677481125634472,-5.539239133621612,-5.618226768016162,-5.338267392638608,-1.7739668554132284,-1.4391842919061801,-1.2278814895606471,-0.16937023311499422,-4.109688825861693,-0.1431684026268054,-2.6269170013013183,2.108276681138867,-2.659796196123846,-1.948273934210511,-5.687546380603264,-2.9520567258694994,0.13595335261069774,-1.7833421426263671,-0.5164308094813226,-4.598787510096181,0.10232855948854702,-0.2937001494034148,-0.6961156260305792,-4.656397804297755,-0.8811107298916658,-1.4164863687181546,-3.2275354348623297,-4.94408864085987,-4.8231630860205765,-5.353927940495964,-4.28785007183274,-2.8152195928487598,-3.0978991871493555,-4.298620419187491,-3.7948519656016257,-4.257063511757032,-3.1962239816032287,-2.454071109664964,-3.7757056883311098,-2.3422120242090614,-2.6254343647653577,-2.3173455302601242,-4.293522257003962,-5.416148969288992,-4.807322775976341,-3.8404838679672237,-2.8654436855097987,-3.7929101446813305,-5.6981551700446404,-4.5443164799792335,-3.9119896088829833,-5.128444222354594,-5.930021731646967,-5.639452347875509,-5.518144112434467,-4.838192925391754,-4.586092104009519,-4.65207022797601,-4.044821291713358,-4.705479457685873,-5.147191249959893,-4.544744812706553,-6.00941101965932,-4.6726861226715535,-5.260197225395755,-5.906549544709675,-5.4227057931200635,-4.25413714875631,-4.818630746890307,-5.265394854533203,-5.792081952485381,-5.645167433735363,-4.152828856097305,-4.835833959163463,-4.053570479134027,-4.6069639274965395,-5.197908990800683,-4.978412109364635,-4.386626961288284
4,-2.083779322887025,-5.359855362735946,-1.9272232539182101,-0.993310471909389,-1.2843146588929457,-2.4216194752088205,-4.334037403636792,-4.585286726018757,-1.4889162916612786,-2.3904282181399887,-1.493852208380002,-2.162989078839665,-3.0880589723964733,-0.7230825322510732,-1.4914551631225286,-2.8742907256249466,-0.5585042805054169,-2.1849919730597014,-1.2441519912147103,-0.7740112497509308,-0.3569811859481855,-1.960672313587232,-4.614299997625975,-4.029600739908853,-3.391078551896799,-1.3819958133408385,-4.312303271206529,-3.550813992897202,-4.767952532680239,-3.7400047239228384,-3.079964643921177,-5.148336609192686,-4.093865622239848,-5.10698863747575,-3.1792205169315157,-3.6162209196836193,-5.156121592267332,-3.3763884254672725,-5.231086471626984,-3.9964616389169896,-3.318451358259607,-3.48692354697431,-4.8756244057737845,-3.756586169755747,-3.51554789891482,-3.394370285050367,-1.2132738249643227,-3.5314905824667036,-3.4985731968881626,-3.2905359339136293,-5.064158748570159,-5.469823582864675,-5.31229832361024,-5.506136792855387,-5.474587423918438,-5.125792098284012,-5.804876440911713,-5.667876191481677,-5.067551266846579,-5.44222716010844,-5.554225853371812,-5.510764339631391,-5.557827210745173,-5.826108701856221,-5.475579758421891,-6.326655629445188,-5.601602282930689,-5.210872028221103,-5.4170727291418945,-5.100965497030492,0.022894466353654774,-1.351120021312211,-0.6072225275656682,-2.3646853098328005,-1.169112265218784,-0.026407321382883264,-0.878245118976009,2.9407347778485757,-3.0391497983926294,-1.8114964736807617,-4.330227491372269,-2.331863111281731,-2.826677187638282,0.4350465466164284,-1.3790562868986234,-1.7183306144051023,0.026288385999532426,-0.8604293415169662,-0.11956729725029414,-2.6167038912462264,-0.5932427540755705,-3.086669467960431,-3.654008514098864,-3.930935274139501,-4.873404787265902,-5.355850588003792,-4.402135432460877,-3.0838997791534575,-4.441162960492912,-3.5748555447746155,-4.777499188836462,-3.9396896356140223,-2.846628368662247,-3.4729045491026747,-2.1361192033567575,-3.33078685058771,-4.430727423190193,0.16612550208345134,-2.992402891224275,-4.182714285620187,-4.104168553498687,-5.09659441028386,-3.4728358476231804,-2.2496821870284878,-3.719453088017139,-2.852679163119797,-4.338351099052394,-4.821506245469002,-3.3216030843816315,-5.335377262957228,-4.063341965899561,-4.518266617220535,-5.603472627451142,-5.360212341230258,-4.029409682759689,-3.2571976720619533,-3.622011727110364,-5.1686610556913095,-5.15653207220516,-3.4198090881923267,-3.5181015909363795,-5.2245843335092585,-5.110465770809716,-5.037907647868813,-4.480878804847227,-4.8989159781861265,-5.03911443723573,-4.77992412278173,-5.023651436392677,-4.867898511471363,-5.398459449642063,-4.705202118207897,-4.031062664201671,-4.720373479612678,-4.399040035556083
5,-2.4770217703395856,-4.7607451657533035,-0.31945806671624677,-2.625606809060976,-4.526540392781906,-3.498631891972963,-3.4120726694816406,-3.0509491670645543,-1.8958857372137656,-2.5466982200125536,-1.791823635173337,-1.7479985916849838,-2.6254840529746244,1.1467794856897404,-1.6048060878196924,-3.1243510266184162,2.1456643492832743,-0.46989406059227523,-1.7534741770301343,-1.7700719219263097,-0.38804347291078756,-3.279343721867138,-4.577448569918393,-3.770130524350835,-3.3018145477579015,-0.9927423615019937,-4.066176680573186,-3.2781145799578804,-5.150547364576674,-3.008260789258558,-2.537166225359484,-5.000290859390835,-3.500482841765901,-4.57725186236522,-2.6892332165428954,-3.401432568625665,-4.871766061300015,-3.0273293587519734,-5.133622171703432,-3.688154562897593,-3.327584151169579,-3.515298720672361,-4.441501673716763,-3.5152920789662954,-3.3365783337874326,-3.1220748707974515,-0.8547199493988903,-3.1687590033901576,-3.1434600047617023,-2.8270363185410536,-4.438887868616708,-5.214132223986272,-5.136919273096953,-5.225058821088554,-5.386381891575074,-5.135240065454639,-5.0740576800430235,-5.341349220789574,-4.802279477905384,-5.235568046845441,-5.139456613650697,-5.222300448212931,-4.870089379279241,-5.017454108823508,-5.093401573214699,-6.058534201822226,-5.112118405913665,-5.29140020736111,-5.02898749358816,-4.908257669413605,0.19576689515948043,-4.221473824612607,-2.831464560736199,0.2791333738856552,-3.7806202288971664,-0.6659427304760546,-0.9336405722166303,3.419081434594461,-2.5431116037797956,-0.845282088256222,-5.2223962559367285,-2.6758318648937074,-3.592447175796481,-0.8663001593443111,-2.017605016445254,-3.125961237018334,-2.2597186606817425,-0.6294815206798399,-0.37701983740267986,-2.2266471399510857,-1.9451735170265576,-2.096662350388149,-1.9343172453780686,-3.1429219252865903,-5.105693364524936,-4.436911495970931,-2.7804668014113063,-2.522743471282158,-1.7024133301743798,-4.94834132044696,-3.5394153439059552,-1.389130165517138,-2.234704255464561,-2.7287370663946082,-3.0841272782037845,-3.962094756995002,-2.46893658300811,-4.166984366672377,-1.7139598973543166,-3.4903524881240724,-2.0797136360090582,-5.288527773299076,-2.259011827388424,-2.93836004634393,-5.179102840261611,-3.2678045553938326,-3.912385944438913,-3.862970732529493,-4.239810713265759,-3.0473350241666655,-5.439750753395898,-3.5652989953595053,-3.282397371517722,-3.5847860707692787,-3.348533606474483,-4.40368323182581,-3.799976112258485,-4.258986023787912,-4.013016019994023,-3.497734817589216,-3.7117558280793186,-3.67012624911571,-3.9945329450511897,-4.159580001146554,-5.23833978808926,-4.237938177603712,-3.1973126709210886,-4.746212177785052,-3.6342206118612608,-4.459934934050013,-3.9441532924689797,-4.6323637944644505,-4.514808355507804,-4.19629784027385,-3.5979779396858795
6,-1.8019032312663283,-0.791578272718966,-0.7302260132746596,-3.5366178889735562,0.21377761037197374,-2.770453316193015,-2.1360572777353557,-3.2246725550279804,-1.196767163554374,-1.1514636972043653,-1.4396296139376565,-1.8473756898530598,-2.4009784495262743,1.2933962201719518,-0.09106570352137577,0.7966980781998307,-0.739647892918017,0.8824016882261283,-3.4912356957776964,-1.628206903056849,0.050087437749239516,-1.6797633927441438,-3.7500467054682023,-3.340683058761001,-2.6008090725917117,-1.003581595530455,-3.809288856799582,-2.3241261663532367,-4.8616064799222904,-3.165955141055087,-2.6531039984629485,-4.5658198923047,-2.4822501520643034,-3.854448358860414,-3.0900307299948393,-2.7583574307200305,-4.705298381168597,-3.008580235821316,-4.791426284154984,-3.584004760816532,-2.919645908013362,-3.0451653116346584,-4.019662878701416,-3.2924898175008988,-3.002764848394639,-2.856454252636318,-0.45489559097344634,-2.4725603909955427,-2.89772312388209,-2.7960805465347502,-3.9880623128532466,-4.653635670214177,-4.53170117744941,-4.636416677072856,-4.770908461327086,-4.417112720005039,-4.971100536249246,-4.752288525036549,-4.6612656282487865,-4.668301995949261,-5.063347474873882,-4.683608752187462,-4.784278668562993,-4.692129999910998,-4.735816873134451,-5.604402923957261,-4.626388903795885,-4.466027138774325,-4.885943004528627,-4.728784235740855,1.9779187705925547,-1.4292196699731603,-2.7009873928871833,-0.9569863811737425,-2.9570437614508966,1.1543718691981377,0.07516888828899582,4.187891801818061,-0.39347142265820345,-1.0937166562161864,-2.9867777835187144,-3.2451034359028883,-2.1971450746331533,-0.7402620792647625,-2.1850873914226443,-2.422768131248429,-0.5449331595226168,-0.5500979084970168,-0.38342323462345895,-3.902172272590305,-1.146418706638392,-1.8620582514854784,-3.0315211771894877,-2.6311131882303975,-3.7279612574610415,-3.2450062517354543,-4.366062325485249,-3.280650198123107,-3.165863139078882,-3.379733800464031,-2.3806870351213423,-2.411056888147029,-2.5811515027437695,-1.8988390129394657,-3.0244092860680443,-2.1315836330351203,-2.959773279071414,-1.4394037160457627,-3.2379604742887036,-3.6999466759360464,-2.300878562247675,-2.897505483499355,-2.061120201675485,-2.106709395128107,-4.345933058244397,-1.8199820648713185,-1.1708782767025463,-4.194667328687912,-3.9191714545322998,-3.654816558555155,-4.632838102433749,-4.61626951160276,-4.784317111622288,-3.8653717279383573,-3.670320253055796,-2.677796436929031,-4.763515214483183,-4.353595958708581,-3.215438751894446,-3.4645753840884104,-3.102093990736434,-4.991167683355011,-3.205736480472406,-4.223612034316649,-3.6886796369329637,-3.1553480272082757,-2.6773668984079713,-3.8161492565252577,-3.4127634304383525,-4.443519932758359,-3.7403882289749424,-4.090917765162371,-3.454858279420562,-4.910484077625739,-3.200906871692155
7,-1.7579694831544437,0.10618706798627198,-3.221685705013572,-1.359732092011126,-3.149960931649059,-1.8945783164331846,-2.6873257812826776,-2.287810166739501,-1.8044077747897047,-1.0129346236375842,-0.6843767085031591,-2.5149556961643658,-1.207557074756866,0.8917612373185029,-0.2630748968137304,-2.363819503228464,2.2600427653726767,2.146403179155059,-3.8016905873053144,-3.831791139832735,-0.09949106413300202,-1.7507567922978677,-3.417935508397611,-3.077322426097485,-2.245836294730572,-0.3799649796645524,-3.601571303482424,-2.4281386282295907,-4.1913399180571265,-2.827385763457713,-1.589316399072669,-3.50077545442562,-2.4344970364730503,-3.7597748577097376,-2.4517413455283137,-2.8301817548384394,-4.242848977272889,-2.4219817999203395,-4.645421548927096,-2.9421455754660917,-2.7170360754251695,-2.9516693959279547,-3.5741188308943066,-2.97830805353507,-2.5696155870896047,-2.439126800702752,-0.1260367068701979,-2.2781232055322036,-2.8271424356560875,-2.5613522774216984,-3.5562336005478556,-4.229366907923898,-4.335193093668471,-4.0804933013310345,-4.260162382628719,-4.066777034315661,-4.520487385534292,-4.2212936562533825,-4.07288643038248,-4.378794628337822,-4.264669000352855,-4.390408899839576,-4.220105133761384,-4.512931694926878,-4.106905544588352,-4.978308627157174,-4.401293282660327,-4.003868069441694,-4.287280489982049,-3.9408927565932785,1.6087122494981458,-2.265817386063419,-1.4580856918870104,-1.3832009185512042,-2.56190702528398,0.6899414873289533,0.28881509935004623,3.526551334155835,-0.7569286848567092,-1.8770756255051522,-3.169097863413662,-3.810332239708404,3.891447309718363,-1.5571517962775099,-0.24729907947298946,-3.875418139583182,-0.936287332965827,1.0790500097545364,-0.8098982569666233,-1.1268750648738735,-3.677501619829647,0.39167753285945794,-1.4792742431978323,-3.0000414074305244,-4.149675457164002,-3.4951328310943577,-2.327658799185947,-0.6715997238685634,-1.80744360782021,-3.6137767627766255,-3.5681367077142783,-1.2830787337381597,-2.938989762214159,-3.7286781924013837,-2.15399760817941,-0.6792671293296739,-1.9017378104724416,1.0111028543704732,-1.6662470024744125,-2.9477015552243584,-2.74387404569873,-4.5448499720263085,-3.3964272544878615,-2.342955391782304,-3.710760490106148,-1.4327559876662868,-2.248884990976334,-2.2025662637440266,-3.1117945970654044,-2.6502480313485046,-4.109694016546038,-3.071687605411403,-2.8862589803779635,-2.8867390525223247,-4.172624398709532,-2.448690108141908,-3.039317774829008,-2.576932816417184,-3.333242393691738,-2.241528873180884,-2.126675131678248,-3.8716669220499003,-3.388695852625583,-2.625138443646128,-3.8356799585992105,-3.6215737446553793,-3.6610295143559055,-3.899838226756065,-2.5181979884673544,-3.3829254431193583,-3.3119252609468512,-3.6481896852252835,-2.4450328797936054,-4.459427146750924,-3.010152940607632
8,-1.9094525410096292,0.6329945390966878,-0.41440567664039785,-0.13114329396794666,-2.148508330613627,-2.628848702850724,-2.8541350918433595,-1.7366390918608678,-0.1780286152500683,-0.5335315914917842,-0.4019538678207495,-1.8850452153855999,-0.8851584307481124,2.20583724308696,-1.206066246202435,0.5673635485254653,-0.6576186019660233,-0.7917919656380432,-1.37920992917519,-2.98966646874538,0.9574090518539622,-2.8202622374848696,-3.349194525494175,-2.5531876431567015,-2.7533016129969496,-0.14936405281768006,-3.3878270782681397,-1.948557332839564,-3.590711648568835,-2.2713909281569125,-1.633745164339226,-3.6875748782996385,-1.9410658360058595,-3.823280229797566,-2.019371011644958,-2.2508231516883677,-3.742025364575828,-2.2868856889138565,-4.265149812126101,-2.564780995827175,-2.2109177825679085,-2.5663619815831806,-3.1280820017623236,-2.6423463874394004,-1.8764773379069186,-2.10191451286412,0.2409471962127045,-1.9282613954034646,-2.535177508935208,-2.210296653433515,-3.0607549421223554,-3.5838325968302733,-3.452694485813709,-3.7126709595407696,-4.008197049053581,-3.5938059276990644,-3.676109335086167,-3.7457845420877085,-3.4916635269242007,-3.650366545496584,-3.8520068191147288,-3.658022247328211,-3.63935310258926,-4.124105042401626,-3.8051352041547357,-4.506327298649135,-3.530297908729099,-3.938637819104519,-3.57646358115859,-3.6483086218885146,1.1736032973204291,-1.8925800738814733,-0.766922791723871,1.8061607055646058,-2.587482354532052,-1.8606969438905294,-0.11951145507017302,3.151947291374395,0.6250404941044292,-1.5650388330884732,-1.650955990835905,-2.2013501695144466,-2.958821098968089,1.1876533785024108,-0.6361779737055868,-3.101752675624852,-0.6985677483274886,0.4365092782901465,-1.2636785541658746,-3.2980696072425335,-2.2051964924524574,-1.4407358761341615,-1.7041703870693556,-3.75573709299442,-1.6949005812522295,-1.6924771577545972,-1.5218690104161503,-0.9389070617622446,-1.2390705439596286,-1.9574960790378173,-3.6507439654460185,-2.528684554049576,-0.5794417516378307,-2.5506577134557866,-1.7399800151211977,-1.375029907574207,-3.02989028186513,-1.054544156190914,-1.9280486975484057,-1.7235236545584849,0.09471567767248112,-3.375691285037176,-1.0735146025221503,-1.0747993189109888,-2.231796847895133,-3.313529402204035,-1.2701829383597059,-2.822128008488758,-1.4377106216910063,-1.9383055717773636,-2.133342214221508,-1.883080483259764,-2.7736844849212368,-2.4684646882331966,-2.662756079535995,-2.155185771460885,-3.3435090370176304,-2.9222025424746545,-2.4999162426885015,-2.220101764433225,-3.640294250041553,-4.040686462346438,-3.0592867575025826,-2.977881636039328,-3.192936904486834,-3.029388205279794,-3.557200641843789,-2.5201343712410087,-3.6290306061136377,-4.078730214516784,-3.835550307080247,-2.3590274700330145,-3.511219360118576,-4.02643351804687,-2.247693294847427
9,-1.2160241098121547,-2.1607308556966105,-1.691793099288074,0.501297144748551,-0.10266864655223662,-1.6706310726986362,-2.0450862706093793,-2.212328182176719,-1.4329198040974167,-1.2806759487943133,-0.21155979308089978,-0.7517412863674087,-1.4800537805683671,0.8196956530371126,0.7673462252710221,0.772988870088434,3.136657456982503,1.092620848240777,-1.558740715650391,-0.8835827846675413,-1.3107965247527313,-0.2514937063904932,-2.719702304483841,-2.921924202396543,-1.725568483202254,0.5830589524601004,-3.048751181242517,-1.2848208191552075,-3.4273636878770777,-1.926405202203092,-0.8246500264606837,-3.167547145809679,-1.776415236326986,-3.0075665286833853,-2.2557868728587853,-2.2019448853605796,-3.218102307676476,-1.8795388172849905,-3.9923035121458676,-2.213330631256704,-2.004042028243062,-2.4401783453724093,-2.662264080723097,-2.4937851916909524,-1.6560036219760994,-1.7039563321475968,0.7218918629360934,-1.400320138777044,-1.9389598553730496,-1.9393717156665702,-2.741937469644339,-3.0538668990352646,-3.35932205087673,-3.152899250030839,-3.388515683911278,-3.3234396629221132,-3.3625016329071284,-3.4702152358129053,-2.9207391157896128,-3.2540603305175964,-3.2224103606830066,-3.2702840110620737,-3.021135420923044,-3.6214076364114813,-3.3340657496681603,-4.086712789139606,-3.1523458756622484,-3.354625531882305,-3.293038349682053,-3.117950264678715,1.5906369638794267,-0.359167021512814,1.0983078142433378,-0.47511469429140996,-2.9887417387099804,1.5662360661835806,0.48465921874501694,3.3451410369202152,-1.6975368368976225,0.7850035862858458,-0.09724566823209901,-1.3169289517208171,-0.03033545481974853,-0.4218665888336576,1.551313585103761,0.4047930885313624,0.03358231099526332,0.304387432845435,0.2583248236473339,-3.041925340029016,-2.405530662950161,-1.2002257999296433,-2.5543514671101684,-1.1848356220620104,-1.0785703869470766,-3.0588907977838162,-2.2110636566816746,-0.3110502168210143,-1.749535781344183,-2.100927453068388,-1.0936515733962486,0.03719023475803951,-1.8330817683224323,-1.233283949667894,-1.4443630547722082,-2.0650310352686883,-1.0466324871801778,0.9084984628243942,0.09522251332251663,-2.1196833891055933,-2.926414427135137,-1.4623110393260972,-1.2444315281993807,-2.291421527854271,-1.9832160350715753,-2.2861536445722943,0.014190026151181367,-1.2105978152070485,-0.849795372060687,-2.595185673754519,-2.74385924406579,-1.7137079580885053,-3.0572404606240147,-2.6575651806642764,-1.5930723276443268,-2.8238099119692066,-2.326111757410465,-2.3760915223977888,-2.3132682546727903,-2.733834893238968,-2.033461435691373,-3.0524608420805857,-1.7560713259215541,-1.3237482204269098,-1.8716423586036726,-2.273490228260718,-1.7126103469888752,-2.92027601373464,-1.4820294276816548,-3.3443155390774923,-1.1227700277494317,-1.643810878810834,-1.9268254292545388,-3.324538643105231,-2.0030201513110213
10,-1.251563853066462,-2.449745945097711,0.06354296218109079,1.259237844806615,-1.7949419131340414,-1.3541803781821045,-0.9877007461988752,-2.0782186974242522,-0.6736465890897484,-1.3759038190440698,0.051875098256028984,-0.8828951100476865,-0.38122474258362815,2.2816143086044764,2.0370696789386633,2.4745112673342478,3.492510797841213,0.8162885695226196,-1.0401125270722589,-0.06429903029098183,-0.8422389457044237,-2.244856563676531,-2.4156097483901684,-1.74268154173798,-2.0221600639640624,0.5079100737187984,-2.6674361848397012,-0.5416461316887966,-2.238373135722314,-1.292744567276611,-0.3714497321393703,-2.5231976574565995,-1.011869620286656,-1.8744155252789458,-1.781317017705161,-1.7501753730592025,-2.5069944043410954,-1.6552181084214626,-3.417097560689194,-1.8676586533258255,-1.5984587119158484,-1.9756665519944039,-2.2173371566184246,-1.9805262475500964,-1.0748654880001787,-1.3261556592994712,1.0767312028334097,-0.8798548726110711,-1.7009067752061258,-1.5910413544757167,-2.129404975632223,-2.9250181035548555,-2.5488717457810544,-2.497843249434133,-2.900003282747457,-2.6618068780715802,-2.9751252051712465,-2.8912881321983384,-2.483450901705973,-2.415513111868022,-2.7982868838811004,-2.4621720014531263,-2.640545101626376,-3.119955740585428,-2.383366857425698,-3.5104099399983846,-2.903363375536725,-2.9242045066691897,-2.567070164888861,-2.520055558220217,-0.7151720694422775,-3.197245392903178,0.948230911100788,2.521305107869585,-2.2525757734341263,1.037676219154146,1.6565537916824835,1.0635996559021605,-0.17882713493962843,-1.2650071394193123,-1.6767677984686389,-0.09089671209540429,-1.3967185655007004,0.7112477771741679,0.9455819028332668,1.0476903991775681,0.9442392631595165,0.5794297425325217,0.2754354288056411,-0.5820160886427503,-1.1354557434633956,1.2896628231155978,-1.194998403569121,-1.2630087233278582,-3.031106142872627,-1.1067544127594058,-1.8965489827675994,-1.9163192687581618,-0.31293823978112467,-2.708176972482033,-2.5279932267974217,-1.0071535030190584,-1.1716160061140055,-2.1297104976319816,-1.349470797099205,-1.6225535005065952,-0.15046982160253375,0.6305413550949943,0.48020700308581454,-2.1214109282018736,0.2462987963768981,-0.5774041750833643,-2.0227511589149567,-1.1332579778277103,-2.031294795868117,-0.9227920943250039,-0.4763808632375728,-1.419248928329672,-0.5557301507880883,-1.2705429778779207,-2.246660315096503,-1.8081501870241188,-1.7814179072199094,-0.8721449571044464,-1.2339316046190218,-2.2966094119126996,-1.1825937384042202,-2.701822889547877,-2.328881418027957,-1.7195154004745035,-1.558058512626426,-1.5191966631542693,-2.7747551836022284,-1.136575978515188,-2.2411903177616295,-2.700998842673641,-1.1664025254213055,-1.7898788023144179,-0.7886163213778081,-2.3505579190545056,-2.6445858479794078,-1.08748232106522,-1.0993216745808487,-2.378452088786185,-2.810836688994687
11,-0.1584829341751539,2.2286519893194408,0.6034318027795798,-2.5532210900259034,-0.33711559816937764,-1.2518540427758518,-1.3017435448889065,-1.3729116716216112,-0.744596773001875,-0.21494489693056829,-0.04324172156328547,-1.7540231060412663,0.868803811194897,1.4190395397387916,1.8326932357734602,0.5317325195070606,0.645352058037496,2.6208345661136256,-0.756538232458327,-2.913141331853865,1.6349109904955899,-1.3370029095842693,-1.9212261018678727,-1.4166158303487266,-0.7592278683654606,1.2987813907395573,-2.3175447047930784,0.17587122569168745,-1.5592310784530063,-0.8603738765414631,0.3319606151607515,-1.7177584382834752,-1.3803229760449973,-1.3122467909511757,-1.7488225329772396,-1.4302650471850624,-1.973669162110734,-1.1123671862139317,-3.0189646529090584,-1.64588870697243,-1.160302375316433,-1.5580961831526858,-1.6188625071102223,-1.9118315949524491,-0.44206614599883476,-0.8976848238502977,1.3844056736131842,-0.4985846560461229,-1.4625368050670635,-1.387315302878506,-1.532486350736353,-2.1209703083326614,-1.885530521065026,-2.2317441671666316,-2.3030176083471177,-1.987597181846267,-2.427301286779681,-2.264706887591697,-1.7296987487727302,-2.0877975299594946,-2.24133919483393,-2.1568582498228714,-2.1699951739623686,-2.144470932193932,-2.215801967708127,-2.935919052645263,-2.0373927373441494,-2.161927418057988,-1.896310791645583,-2.1838410470917924,0.42825564116781945,0.5157164005416646,-0.15131506406905504,0.011811709266193016,-2.1925567112276103,0.01215769410827705,2.3536247033314632,3.03358791070834,0.1720898193322833,-1.4413529376860916,0.37344650857411654,-1.4914028418286949,2.031005223243261,-0.4652022385729719,-0.43493208944096673,0.07913735803099087,1.8981683041354425,2.0429594203228536,2.564278110190705,0.40173785707438414,-0.40060236750559985,0.5196246713233885,0.1261073858389481,-0.5271712623698408,-0.6788583882664996,-2.094008871276135,-0.04138100559355795,-0.11324845659125549,-0.2883443021848606,-2.269949328384474,-0.48078166762882124,0.44921739380031167,-1.496915202714458,0.20902217026301795,-1.1543886302644009,1.1033634187937182,-1.7932948842562157,-0.6034742572074236,0.6865721579763546,-2.5810014150743363,-0.1236967449604891,-1.1759494045831331,0.3392118631523502,-0.20582816210095412,-2.1982387535627126,0.4961486188650004,0.5387672174985216,-1.6373892761470263,-1.8529228090827892,-0.9187538348839053,-1.9653848056975156,-1.1159348458563074,-1.155367054902445,-1.1295059611421523,-0.652591358281764,-1.4459475138253226,-1.459639232292195,-2.039259816005546,-2.037575020079389,-0.35387301198522314,-0.6628051528012755,-1.3295823617632678,-2.0846995941734447,-1.6190462592950237,-2.4199446531484043,-1.3194888236426614,-1.6072140324565125,-1.069539930961593,-1.693457876694675,-1.0071350645697064,-2.0904519204793304,-1.8655303858134882,-0.720607799256817,-2.4052906833279266,-1.2158063931573877
12,0.3351793008655257,1.0767149693011753,2.706437846731665,-1.9516390685133702,-0.023290204463934705,-1.2032418216771918,-1.5166370881203912,0.2036067889521933,-0.7030676139061763,0.5472232111830069,1.9450931034598504,-1.2871929952392913,0.6960743029216114,0.831639172815052,0.9377069570370558,2.1425825952866755,1.314806774548825,0.20121961214536022,1.1533136632702226,-0.8924264119298133,3.2351825345007987,-0.11259437112775061,-0.9329147479326766,-1.307651974976239,-0.9043675626218457,1.3356837152646612,-1.91729262769076,0.4523943365787557,-1.873850220973514,-0.16034590560183837,0.6178496457657225,-1.1438136332297886,-0.022221000320209128,-1.2429841114419817,-0.6665039864662043,-1.2739606051514762,-1.4607969195252382,-0.888380340957638,-2.5719117385376173,-1.038175664016991,-0.7847419842864299,-1.2269298647389912,-1.1629145797977765,-1.254646855893569,0.052672352571589254,-0.45729613354550286,1.6719638528543201,-0.09050209655658971,-0.7893699317657574,-0.7918714616069511,-1.0310989668493566,-1.636117565933614,-1.4081800189670648,-1.5097395196501193,-1.8341359924359235,-1.460538656907559,-1.4294145321544545,-1.6749715557002938,-1.1197185637306504,-1.455479102881749,-1.7900757908300136,-1.46897340059732,-1.4236403191091649,-1.9139408276492547,-1.341966551367378,-2.2284026308853515,-1.5471958970516067,-1.4388355439865947,-1.3288557153703733,-1.453151351687124,1.058091863921689,-2.0543158669462107,-0.6993054803607512,3.742115588975178,-1.8098405882556112,0.34794123600455373,3.5019748329049287,0.424978736404082,0.12869703946384603,1.7322699367615728,1.2024085230968282,0.7752686999832901,-2.69528107228156,2.0988098749778277,1.1160607058585508,0.5649787728328031,-1.0736013378499776,1.6260016509872108,-0.4155495815164887,-0.3830568747005352,-1.2495553737117728,1.0764968861791175,0.3058035092283564,0.4251864544958468,0.2792571615579744,0.2683222885082279,0.43168275989045357,0.7604917082752614,-0.29467463922214665,-1.5578694929767436,-1.2410690411951526,1.67717045165139,1.2807783670799227,-1.0978884584150768,0.47469804429687423,-0.23590862004993007,0.45505322750656485,-2.112401457787746,1.565955110605218,-0.026296897570639466,-0.5846654837906019,-0.5644582991571214,0.7152443301688043,0.697836322570218,-0.6776238466393387,-0.2782063431276507,-0.5801363169667514,0.5832157986564526,-1.4875761895742823,-1.5583770777040404,0.35605545005442174,-0.17737428731050087,-0.1406227438087233,-0.7498026711925292,-1.0262250026650024,-0.2747066244747054,-0.7475579060057848,0.038852096572496775,-1.0849187178081894,-1.7813979131868576,-0.22476442697377919,-0.28698746274350806,-1.6340026983507263,-0.36638638297357473,-0.10015979745195924,-0.10800316699131352,-1.2366362441765564,-0.7128560328386506,-0.061855668534565034,-1.13255031845443,-1.5001618079604748,0.39038308032223235,-1.6041760636562046,-1.761950946515493,-0.7916424557374262
13,-0.19090402827776506,2.6301966975746636,0.7516747707075673,3.2842190121423784,3.7732587150182497,0.8209846695083651,0.022901491825898956,0.16041754232246197,-0.05295045513830965,0.6162042347815142,2.0548227519388904,-0.09204410211132408,-0.2726347646600322,2.2418340862617194,2.1100296816287814,3.9260788527268913,1.0877643394127787,4.144868765376491,0.4760458918610073,-1.1293604873369876,1.4781286990782956,2.097383667918068,-0.5943701215515398,-1.0213850130217315,-0.5872416679077832,1.741399949190423,-1.4849651901328458,0.8916848499722371,-0.7445436356751891,0.23363844042782855,1.2647292951837792,-0.33346447976037596,0.4682510694506642,-0.188919699093947,-0.8186948976464862,-1.2689624115932996,-0.8501227447153277,-0.3658243786519071,-2.0713670457696836,-0.6372105475297707,-0.5442655969287717,-0.7968918570162066,-0.7897421670544738,-0.9113146759569763,0.4288343356146972,-0.026190547901504255,2.004182248127002,0.6040305495074074,-0.6048739797693375,-0.5760748995493444,-0.5479768494271021,-1.1453942604696812,-1.0073752981054194,-0.9737052007683938,-1.0343970879395525,-0.8535133058073479,-0.7707211841866347,-1.0730501424273908,-0.5624422419986193,-0.9116801489090616,-0.9740186636969417,-0.6494805306240954,-0.9130248570245161,-0.9696748002020597,-0.9173808517840677,-1.4535919623278912,-1.048905500280009,-1.0342830550455662,-0.9900659188542199,-0.9719386666940584,1.4330234366372783,-0.9469398731612468,0.7625110975265847,2.0302046412401085,1.8006617172250903,-0.8036501316630813,3.2164704609750685,-0.07455792490405222,3.4243392844772957,2.002232517178894,0.8248699889531599,-1.7657221069227607,-0.2728744623372963,2.9181574552908183,2.5785520308334506,-0.2264686624592065,2.9468696574349798,2.275558859003049,0.8806029994017419,0.5643086443450644,-1.4423078168963395,-0.004847005082993516,0.6211049358762637,0.49301412090662344,0.8514756146231113,0.9269056919699494,0.29839432531948784,-0.30242966313663683,-0.5371590955527249,0.040206623883268566,-1.178541502302866,0.3488273557315456,0.18202402779455107,1.139704772604297,-0.2936265383348641,-0.25114832282675653,-0.2043854635525224,0.6374081217909358,0.048744801944642424,0.22785087455687503,2.1872526083373387,-0.5241093919113315,-0.3048603502217818,-0.4089758196442471,-0.9064740739071893,1.3441680896930421,0.9931255417672471,0.8938623542298871,0.8856038383982594,-0.32403888073248666,0.5667471049322044,0.29000463585441616,-1.2748620733422764,-1.069186939836523,0.2664723311572845,-0.09852865946265699,0.39674301282925817,-0.4562829812785952,-0.30155799844653164,0.1898841244312477,0.6509124900276078,-0.9148436978417588,0.5891963551248793,0.8231615688338334,0.519476577621091,0.677783264769003,0.10559402044361477,-1.246872975461426,-0.2530392622019717,0.6205269162825928,-0.09876774850205106,-0.7180242377117033,0.5151419937263852,0.22601222113398012,-1.0371974831757704
14,0.6981044147130895,1.5601822220964878,1.050804254276043,-0.1658341009337213,3.4986826499448,0.33700800283139165,0.9428642116719517,-0.03062652329439164,1.2469854768499122,-0.18103928163944732,2.813494891853974,-0.5561988229229106,-0.9052541231770472,3.3883253532455337,1.7197672105041488,3.9877836975343057,2.4134202848421564,4.429854121292191,2.4846423034719223,-1.2570067478442923,2.46132196094295,0.44103675044191193,-0.4907240625751284,-0.6791355235076248,0.3317146032579895,2.1542822174551586,-1.0461959017747913,0.9801884599677446,0.13936702001348267,1.3740061320473496,1.7587034353861926,0.22580662995307343,0.43341336433337657,-0.20508904987662924,0.05451464954533092,-1.01324641039364,-0.3440850176667133,-0.022512778980527948,-1.8128816532150047,-0.2668480450180388,-0.21603634549901907,-0.8033972652732545,-0.1139638533381343,-0.6653670140776796,0.8720053100498202,0.34351300168046256,2.3413272893578307,0.9856616486839399,-0.2868029432141619,-0.2877313637441763,0.26418317087043636,-0.5180161560827761,-0.25676496478847244,-0.2587283979044736,-0.4549761194849057,-0.3938283559984962,-0.4819250900229635,-0.1021547724063177,0.1489024433251936,-0.003200961033326122,-0.4839714436101168,-0.3376550672048585,-0.252366409121501,-0.47460117958676573,-0.04223477930926539,-0.8515526419040318,-0.39267651191979475,-0.21161492083240946,-0.2768122379725626,-0.12341399402602815,1.1021062351093363,-1.6556775312218521,0.9942237973793455,3.0775284035298984,2.9259690216949865,0.7405894003530396,3.407956009091982,0.3319666750218653,3.7253064914590883,2.6761618958611004,-0.14885075306119588,-1.643217211231653,-1.9230746556221083,1.4679104116642143,2.6000260306262755,0.14872817891204793,0.7081076841729979,4.254903902713245,0.6676810840990283,1.9894641057239197,-1.1262286105811468,2.1330773109502226,1.6933187122749915,0.9425457108956949,-0.631041739038352,-0.060601845627708206,1.550093934231953,1.2665100372792124,1.4115457905525286,1.2727037354046686,-0.30790237169823437,0.7808040347081596,0.6505342130031395,1.7816706355533065,-0.0011033480799697015,0.7761297072367853,0.18643473638204,-0.9352949294158241,0.3158076654115305,0.11597849825921669,2.2804849601945953,1.0699135352964384,0.6237624350119559,1.7215456075272373,-0.12083564902714627,0.07606574511088304,0.8335098973252003,0.8516893438406752,0.4729774168233847,0.28634529938042164,-0.5028033389432599,-0.37727308571229484,-0.6693831138545276,0.3719162510406835,-0.17745519501590312,0.7784759118548779,1.5507288915712176,0.8061642680730492,-0.4677525856231409,-0.4967188007746731,1.1737118117580647,1.0439657992975566,0.03463417691593873,-0.18252356955628246,0.9124002736709123,1.440022357002956,1.4692428251605523,0.5887959892825778,0.8981176777401851,0.6871091493943224,1.8519786979225885,0.4565710856393591,-0.5585898972624548,0.161945296111499,-0.10747768332803853
15,0.28597808064532215,2.132012566100083,1.4959075586533574,-0.03129884129244906,3.306752662560754,1.2207596446145994,0.7103913661426063,1.1670787241007299,1.2068128289424498,1.6015924508589092,2.054550187873194,0.4548217098035282,2.12779998060474,4.4852172177098275,2.680777407127996,3.4635914485304635,3.486302350271095,3.451357816058662,1.1267793701291746,-0.8048664696381971,2.3526737620313147,2.2382767666994536,-0.32495339915570065,0.3345925222126035,0.5299162038563361,2.2610264757892997,-0.7192527147598056,2.085241992634948,0.5195273174374795,0.9166370903449321,1.8471156747088127,0.7196533243172305,1.2547383838868456,0.8910793616130878,-0.029466372114615946,-0.285289118083506,0.24934333384635526,0.35853094770764843,-1.3673259095521488,0.3401544772625077,0.3731073997173527,0.001076591887191558,0.4068940261970753,-0.22049386505274157,1.5410572535846103,0.7617992329674913,2.679350119601212,1.5130031850648036,0.41911621386300363,0.176529466570763,0.8141209786457115,0.3766311853264901,0.13657118608954152,0.031875130496620455,0.3099673317569569,0.3819710268546661,0.10933870919946727,0.07996383966308587,0.4701921994334797,0.5816957745502507,0.17430241847224887,0.2645467276646257,0.19708068533833634,-0.13936105728084727,0.646839222653419,-0.34308054804237664,0.061802602389471314,0.39353272757132374,0.3465051514129225,0.5838570957357531,1.9449694190236635,1.324391934996299,2.771980702365375,2.9638469357636428,2.4242450016693797,2.019565137526814,0.7972142878496045,-1.243515420529278,2.6007452747722617,3.861759956673457,2.246747971361591,-1.4090148179618196,0.8398322087888377,1.0494145863920141,1.1179522562320563,2.2140059601002706,0.35555679769229487,3.815328437815356,1.4777165730497608,1.0162371736397904,-0.2896309435326463,1.1057470372055929,1.0875217766792762,0.14851375309306625,0.2443588996386583,-0.05304627393096062,0.8359839199784134,0.8513641374974152,0.3642172380979335,1.0639010569672307,2.4518883368507645,3.0058488332886832,2.0716129561384586,2.4565867173204206,1.7213956202949772,3.2054327567928587,1.613721997438099,2.491794534447367,1.7475890867910449,0.06559451215061851,1.427965752669751,1.2265322877267417,1.5513512617322236,0.04639669776781852,0.7271010508592011,2.1181455113519676,2.6327374245254855,0.9956876233895133,1.1236782067021456,1.047014867721034,1.8496495543955742,1.128813719154135,1.7855714353941723,1.4812615173622419,0.23831053218761125,0.6299814221959114,0.9688728848602252,0.6639439519712558,1.5461015979417092,1.8610428561434171,0.8946211286040036,0.8400586182006361,1.3681341676030263,2.0707625014271467,1.593306805063027,-0.010394096690376511,1.7768493141978239,1.8425158094606655,2.2469420932068735,0.3832786532393304,0.7182856362712415,2.03511111365621,0.8371693125867204,0.0944402896547949,1.713725678860104
16,1.1183357078197558,5.349116820693215,3.6337237715629924,2.43699266852702,1.7481379285223906,1.356633932673674,1.7110144103496001,1.3185607837448075,1.9995836645115261,1.208288086229375,3.7184131653647774,0.4138756945644998,0.36112332558208604,5.065767741793941,1.3222125946740613,3.072486850668688,2.676526946020145,1.242306528525575,3.8474600134281682,0.9115040935956698,2.828589970031816,3.110509295865592,0.23574005347493032,0.64414283610632,1.4185885868349595,2.7309118647273025,-0.18674468660448978,2.1008217702227117,0.6760771571804,2.1746654561904077,2.414873066131125,0.7815386327824211,1.7975489013244705,1.359735373921098,0.6666213209321813,-0.11541037057049441,0.915840250260656,0.936135985649033,-0.8764667818015639,0.8438917951065674,0.7776386730731978,-0.09853956937157138,1.1184210300201747,0.10599640167748065,1.8162274848161013,1.1654277978012322,2.8905044014716217,1.9460564463053716,0.6239425269279573,0.4344082480059106,1.294920414247179,1.0891563431773645,1.1297157169879788,1.0028221138757818,0.8667897176453457,0.6796540370148049,0.8440078257018377,1.0096244003664145,1.188393768136203,1.029622125839109,0.6439120347480942,1.121333328705317,1.0587648935823,0.6661547751291599,1.1747411713835345,0.5151950507255821,0.8108610643870727,1.0498528764785655,1.1636514173824966,0.7846864319228088,2.3906700332977864,0.30963321096153673,1.1185236329527402,2.0641790014593404,3.6001307012495904,3.5393502065665157,2.349434373404555,0.6058039471654517,2.9949614562544715,1.4433607063504406,1.7716338601632846,1.8143750028587444,1.3836964838923906,4.01631326529131,3.544600444194625,3.347298563614991,2.1026448700418703,2.75609137902204,0.7935664445536186,2.9547951490795894,-0.13216091264675855,1.3230536452932533,1.1422263467913951,1.9172295346568984,1.1445879853415661,2.035291723242524,1.4313439445638083,2.710827024533385,0.9821494718167634,3.294518996685471,2.916311619710069,3.881301574146595,2.599748261964997,2.6506684529759186,1.6197848206546517,2.619077463110253,1.0400623716031188,2.22992557105005,1.4072473955363918,2.4450734364569713,2.143418661960877,0.33259350227220896,1.2416697594026715,1.9445373465940758,0.44544627508130286,1.6007073702839696,2.1180460427852186,1.9911109018192379,3.6193949374694436,2.822498937361519,2.5768004214790103,1.893188109120324,2.464611665928383,2.3385330007054455,2.93266089174824,2.7113726032731575,2.1033275433302423,2.0383222587031877,2.6110804377379226,2.008108340475709,1.9650452361832165,1.492058307914729,1.333169426651125,1.608163055704479,1.7913276567491443,2.636381268494385,2.655032595169288,1.0406744682333438,0.9666782385440829,1.44326275906853,1.2153901225473225,2.744097888902014,2.83810655363851,2.463650489730259,2.2239143356263904
17,0.9612013629160665,3.6358448164887283,3.673299459553561,5.003441795544595,4.835968950626332,1.2483489083156267,1.3984822100031442,3.0728541180529736,1.4067880661785312,0.5669740853471325,3.504002654903414,0.886584151873453,0.9506479689140641,5.364418321450721,1.6243550275289773,3.4474856649188275,1.6097116818448907,3.4508223170984396,1.3541080530002014,1.2120117596511686,4.738270699460161,1.4683663850609072,0.7367608470349245,0.722333634118441,1.6496127518338033,2.979183540168178,0.20683610382008438,2.5802214230935765,1.334499435034254,2.369753448332806,2.791018882451208,1.6943157359315912,2.0798737606065356,1.5624885471327126,1.0861851992719471,0.47634317744324883,1.5080073461245114,1.392782889277306,-0.18102614367583175,1.2666547555441863,0.9323916702680006,0.82953748627491,1.654687726926057,0.5063696568700146,2.539827549303841,1.5631672801866483,3.14871816822743,2.3264275791576994,1.1288074026935324,0.8039091062184005,2.003061796954834,1.6017289511058177,1.4284179476360932,1.268926130216166,1.2001668827524106,1.3552943533209634,1.787199962547875,1.7389193141495323,1.8469247120284105,1.5275088818986373,1.0613141778751887,1.7190260556198567,1.4881612161179982,1.0838265625060768,1.617115124347119,0.9687346173469921,1.5886059193401725,1.4539004251409213,1.4708871763234628,1.6854106580449038,2.5315663245491216,0.3370552213091207,0.7682755473911667,2.2040801289131378,2.9165528987817537,0.09565309609181757,3.980792442790308,2.097300836949528,2.5238671344704486,2.861373262603724,3.5421249596928877,0.4685589259333265,3.1143956527648853,3.4766190314308885,1.5481215571655422,1.3243034552654003,1.960696304432202,3.7792890402825003,1.3892456225318903,2.3726467355929266,1.9226546639800575,4.656921085635011,3.0821108068649,1.2690174113783002,3.223275772177663,2.8674443734789494,1.382855456438811,3.881993412605617,1.8687617891738304,2.712664578920802,2.1222453522233558,2.569644694037463,1.6061259689321663,1.6431603926618228,3.7178576808065738,2.137216179967619,0.9547360565470271,4.296814525115749,3.640236820109943,2.4912972175876993,1.2176289977160928,2.36119420156251,2.5486809983074794,2.7883593937647415,1.628525792851527,1.3422261393094548,3.292361654493771,1.4568316285258411,4.19778881674585,2.4404444387284876,2.810808618034028,3.511054812354037,2.7499221624634904,2.4063146738574366,2.7424418389957665,3.1212976640248846,4.219467918284348,3.6885307590405447,2.2674280547284207,2.9108905415380684,2.435238908510048,1.6717738636759063,2.632287440429999,2.2435443717605223,2.94448232552772,2.1631971410334248,2.986483872511834,2.4024069625098354,2.6265823401995787,1.9089317103240582,3.030332166947188,2.1840918548385098,1.8733793139655004,1.7706076086984215,2.943937532278434
18,1.9289394520045218,2.547408599636207,2.837333849877654,2.5732596139045087,2.4450994773348156,2.5312935902805727,2.761059304044524,2.325588637938636,2.509773006356963,1.7247617756579108,3.428932910641852,0.743228490703987,2.942940764815829,2.119669476500081,0.06267013063618398,6.374341454603545,3.229240328494961,2.7834484366055823,5.40088191964134,1.0754642783681452,6.06348117869018,2.0509009304757333,1.6539908004085007,1.7528555283048006,2.340590562489006,3.291856084015734,0.6452593241764636,2.876687283748316,2.596051814458059,3.2307466277091574,3.0360897512912857,2.5161124925978595,2.0608811342524316,2.4495084314905853,1.7785902520780716,0.5797682156045493,1.8550767919337763,1.7154908901984807,0.31995831171806943,1.7868025435467119,1.3609628022995508,0.7397423141810314,2.2552604968725336,0.9356069339386525,2.761003452187915,1.9689103028042745,3.4410307755865976,2.8101355771677814,1.3986329964807798,1.2003399014270144,2.6050877749953543,2.083269499647218,2.2035698834080284,2.0530851961265264,2.161418002290354,2.0340630262276616,2.3402651911793475,2.351036931665421,2.287718834813234,2.0677539549514297,2.1150627510690967,2.378848151345281,2.1807059216048708,1.766459652606686,2.064630486472178,1.6706451793273898,2.212665550940127,2.1297234980278916,2.263544830631404,2.2371828596210133,1.1903776851867007,0.463932055881767,3.102615548478774,4.597276352216266,4.343736417166394,2.893844003739758,3.7217133958864417,2.479619695852454,4.0753140673257535,2.8288009052066276,3.673622365730615,1.5481972194744618,2.183065667689396,0.6917142103007591,3.2190700939404686,3.2185950036430153,1.2272483678812462,5.594553334127958,2.2724120142449986,1.8633957523469886,1.519631406190825,4.438662453014837,1.372765266028052,4.279313242465123,4.172809217499357,1.9812976343415696,1.5624821369072595,4.3786217044394125,3.1515141984175123,4.579476960445094,3.3783969399666973,2.6570293100922013,2.035322584131808,1.385693259854506,1.5688845927871338,2.6526401707011793,2.268228670494211,4.8246441351811065,2.1821387435080233,1.4978734581604085,2.254030142585945,1.3344275580735099,2.774957382292474,3.8257379981490978,2.374567737133715,3.4547890359436124,4.319812692452503,3.276251403232844,3.6565747417308283,4.027948472175105,2.605735321065386,3.3983255670075736,2.596418374280779,3.6981792642074236,1.9944343406296055,2.58127991537948,3.592670380292366,3.7627299418200404,2.9236154625127493,2.3291418432445434,4.2690299842141455,2.3828623091186834,3.633077623765403,2.580879824847095,3.1916684792597803,3.597899993183769,2.8212338959339833,3.3926952899052867,3.2829597603993066,2.470761841173172,2.672244172776742,3.940136836746562,2.780755747203864,3.059114968024388,1.7781670832445855
19,2.5567510487709058,6.890184243341857,5.165265546532202,3.4875320899631497,4.68418598943184,3.03310904145113,2.6897326015494745,2.6517691203211324,2.8064229137744894,1.5595217889678779,3.877141411415735,1.3374016711413228,1.9459700085363707,5.138050062193028,0.3355881081607285,4.621711645387162,2.3606073558590985,4.06085687598825,4.173193170326936,1.1988851861096113,7.034031588497619,3.36255833438817,1.9513163436619794,2.1496446249932832,2.6671966903955617,3.5622403336878796,1.0601392575892365,3.392148592626427,2.8574223300804436,3.23937071776484,3.833114865060592,3.3419499683780804,3.192439853706352,2.399826704317369,1.531694159455388,0.585280696828582,2.65138763253341,2.091528355763478,0.8143588459603216,2.036104201444315,1.739486141829244,0.9762907506310097,2.692869558156326,1.354985653519857,3.4094129711545165,2.3732172288545876,3.6410339378219367,3.321775079222427,1.973835841215955,1.6641719146009812,3.083997730539076,2.6226353896435675,2.808110356170143,2.6453545050471496,2.640694897519681,2.477084088517667,2.622462582922512,2.5701328122977776,2.985763241297564,3.03858534857505,2.502131795685856,2.764505215029407,2.703836152432682,2.6389676327235723,2.7323233922103456,2.3295162312445807,2.7753861165381166,2.5338884126819035,2.9586685892475026,2.7207469096235877,4.638041617705176,2.5112779993271985,4.394251740675996,5.437349373342288,3.3017245696344064,1.0927255716472826,1.86038048558309,0.12527099507481343,5.901073024812733,4.501112598064533,3.5080996170629346,3.435110422631025,3.7003701806333424,2.203953323799665,2.814895150973168,4.176211726204168,2.1668248939827333,5.3761247461203165,3.5250395544909394,4.196745748235265,2.2537038813628643,5.679896938789081,4.353434042226073,4.4081700602033145,4.21145954032515,2.5630137554653007,3.085260353568285,2.672003547784977,4.281184977788568,4.935708223651739,2.6039589427590064,5.5003143432415245,3.7587315494931977,1.931356576615107,2.9724407079033606,4.961567910970837,3.2426600175577294,1.6133136442697467,3.869054006519243,1.7978818243210488,3.8793332735429376,3.628549290111695,2.8247213435221337,1.9649903960218509,2.496053503857323,4.285827272460503,4.884981927487445,2.8071252884011315,5.263696119598105,2.468048045927135,4.371840829847049,2.861557403351973,2.6981615826702514,4.199473843709101,2.753686550054336,2.7235499927180835,3.3862073766915444,4.791371945662107,2.792644959569611,2.5097860065014848,3.803246738057931,3.864441859093178,4.059004650990648,3.467767581492862,3.1651583595218846,4.59840336923653,2.6552817814456007,3.700401848064139,4.409761418305026,3.8695931140993256,3.2363267636179454,3.7046553986974984,4.094351170217314,4.05059926122198,3.4274916775048965
20,2.946414741391571,4.552176533802349,4.458579347989771,3.622223755994752,5.044837563886457,2.296479425442928,2.19875064664953,4.045027078823151,3.350281165043013,2.519258211543173,3.90991352222766,1.5215244343691752,2.448288325571955,6.3017090523932815,0.16657620347470337,6.906316248437776,4.996139584040238,2.9672312812004846,5.255528483869666,1.7872004760798044,5.085062761061524,5.024132614567959,3.1511754380251658,2.5589501716335032,2.996593361559994,4.1281447324694795,1.4067837913652914,3.827382010453771,3.171551434975916,4.062866590453718,4.274975067185593,3.2207265147709125,2.7552070251407024,3.3531431798710525,2.5222829937401716,1.4919460142897731,2.97843788898264,2.503533968703367,1.3524184242766766,2.504877197611191,2.1512602456577654,1.3624190768132665,3.3297603844736514,1.9383272116961567,3.6697939289940007,2.7155847630994066,3.717773286240816,3.4551265029386773,2.368828688347758,1.7926238191982145,3.4551383589581617,3.2081815757026493,3.441019137529058,3.024939005816101,3.1706600495643795,3.247785193363341,3.4048627147048682,3.263865312361402,3.642064877552973,3.2935163774819296,3.2361035462188115,3.5128811570610026,3.0674955758341826,3.1806550758029335,3.1943033097213354,2.892655855680707,3.0520223161054827,3.0555316983858325,3.4115457046576174,3.1103158440875838,4.782395742350937,3.7191816217056846,3.024769311098432,6.539822036495256,2.0947031873822533,3.2116294902924256,5.531980793182468,-1.1809241341032375,5.137302226868158,5.611645275366353,3.991561859035949,2.079716131657881,4.968234365948719,3.3457488047579016,3.2654451739179655,5.54080899397043,5.148416779846109,4.9535002643397075,4.813857541955575,5.587473167329421,2.496332991586114,2.558566754368704,4.163370352457765,3.671238218704128,3.168592524654716,3.4285697248349054,3.4640642694201014,3.2620460292145457,4.496449446208188,3.4039208348940013,2.6533240957117874,3.687876918325967,4.950830372034252,3.3194847776586127,4.0275804441699865,3.5829430477654385,3.998325879617875,3.22433286178884,4.3287268184957455,1.9882264080560148,2.7768614552942483,2.645692405900309,3.2867030375551494,4.205212402461958,4.136904166942146,2.8405896591202,3.724896930841524,3.9234263953454804,3.425903059534385,3.076788370543598,3.1835913405177307,5.055653019232509,3.16128599844903,3.877875720883318,3.622518458929336,4.984880710663033,4.204497195095386,5.432503746786726,5.144813974467494,4.905266687835278,5.178544233854936,4.29892810192451,3.041643288718011,5.410255150678214,4.416039069534721,3.194105933742335,3.3597289838775093,4.317825347875102,4.719270515432094,3.964726259528631,4.921636874010789,5.232541399354596,4.553015399468841,4.35104871678722,4.381145505104712
21,2.807879960954784,6.515050733580703,7.810128194969067,5.025022927493249,6.367879883826239,3.809513173057571,3.858634534721257,3.1716244285470845,2.527036576880369,2.1062879077803345,5.112597039303385,2.8568839810257405,3.1901666216729976,5.677856628695693,1.052566233388689,6.231622154279492,2.509906210141125,3.4570806648190384,3.7413783872174946,-0.4932311278503419,5.887273626275716,6.165972583383814,3.2584765177165638,2.9042446940917874,3.1775763264349743,3.8257051578047596,1.8091387637038505,4.429897690896057,3.8940711076220476,3.6061819569146665,4.360158593750152,4.025268390237694,3.0367358567881095,3.5755943132767536,2.474795543350522,1.4062929067972871,3.437634889495509,2.54689195369082,1.7073066608531478,2.8552666785278085,2.5257777483318637,1.6412942757328026,3.7930360540644186,2.0235520437543855,3.920230701689439,3.020315690598745,3.9253469137187196,3.9613341839920184,2.449588141074991,2.138451860950098,4.018902694311976,3.8158313927703325,3.5898275802598834,3.8291814180647252,3.6356640012777297,3.6379297252941916,3.694463137260136,4.0107358313563815,4.184607247955666,3.823717209887885,3.7940489583642227,4.0319240948051345,3.4759236075340456,3.8141795713821174,3.967397721093921,3.515388657609712,3.7264009692198834,3.675317187573766,3.809640585726565,3.766423657050159,2.7835933082633617,2.646829757191947,2.664497260243141,6.972641232688475,4.416538908365418,2.1131862846641987,4.3760228387173035,-0.9043635729917194,6.389331068842033,4.7455881365541215,4.802425241972944,4.232429171415318,0.1633679145008632,4.276320585944699,2.304616407492026,4.962056474095881,3.4258037728684467,6.917579143749696,4.829012218842637,3.7383020884560034,2.802372805425179,4.329472469951873,4.744771197618627,5.646086819487563,4.311821462487369,5.270783795167559,4.638045874141586,4.094519796248264,3.9904084986658153,4.890710514539527,4.767556273503794,5.810440669278205,3.763925802795087,3.1424181704454357,3.6842095089476556,4.727861517597663,5.255849499911327,7.755006557606004,3.5757232236782848,4.709645364632241,5.021417275577824,4.805409523348905,5.064459605421863,4.363004925898906,2.6109073693026237,4.447934140189918,4.705115672501125,5.259293084667343,4.307397049833491,5.352533395961646,5.923424018058077,5.204438311627855,3.494029670183591,5.2589924861401,3.697645333684086,4.98273844608541,5.509347384776864,5.9373831698513575,4.255599404957156,5.0072866893424095,4.738717552607794,4.773629958034074,3.857182185066754,6.3497540003895345,4.406028299554187,4.390105754553571,4.532723474074018,4.245356706681165,5.761287105126641,4.223984310002519,5.381822615668565,3.6089295150402676,3.678791649696125,3.5808929316396183,4.376850312193432
22,3.3246938170278515,7.930582250555219,5.272895409796519,7.032438995783453,5.9108211646627415,3.6044715117243857,3.7720348637149286,5.210714720324065,2.511453613907773,1.9988150842110626,5.359660107281225,3.723227476477212,4.873402613465715,6.296245678979327,4.224188729200448,6.456041450182983,3.900037989173684,5.788199206759307,5.927125710056766,3.9060725557371883,4.962970280015912,4.5050991921288865,4.1370310259150544,3.7880642354212557,3.770648386433352,4.05298558057148,2.271679437031247,4.34496276039529,4.315805869236922,4.10346639242909,4.685149852675397,4.080963884184058,4.06752333177215,4.15756666365076,3.2247293206544834,1.61730767393804,3.924058419000691,2.8603722370862803,2.212799108213967,3.2889759930054807,2.957585357906831,2.0803580117815956,4.0546462327147355,2.5639048453452413,4.448594373328506,3.3448661512661295,4.04003538292026,4.08260169148649,3.0067344642585683,2.3315878171706927,4.590081993885704,4.2709198388244225,4.353399068552074,4.010160547464265,4.153261308714087,4.447450166283929,4.663768421769984,4.516809771137393,4.426573857923146,4.601198117638738,3.979665896265106,4.641299438380225,4.193225097200844,4.07595393563888,4.51196510962289,4.01581417658012,4.152726102458012,4.0078735418285,4.5417559421083356,4.216746508215392,4.221160731302183,1.9311858331955867,3.5248677019051082,5.134813229914044,4.590300970975983,2.3381800113405853,2.710259212758499,0.4852530135152595,3.67955214639925,6.567678433270501,7.340233788616706,4.387393446778642,5.779221131711294,5.047465726460486,2.1125596205541797,5.375069915795033,3.9209683589111735,6.958075239801497,6.198989084212574,5.46120559165839,4.178430941636888,5.523190215671063,4.822335185756095,3.9589855866529007,3.7750174699508907,3.5021751537600094,4.846691135427593,5.634832431138118,5.177429368922858,6.275520211520071,4.741162473310558,4.66232512664279,5.827769121035097,5.495162107274871,4.408359205865465,5.000794476524052,5.342127670068182,4.172022984934088,5.508976337929119,3.923975741808804,5.648369113223167,3.4753169165365967,4.7203936729436675,4.617284305047328,3.334181240945875,5.384343882257049,4.831345554698306,4.707606019706085,7.090385779885239,5.275853853901111,6.112771120805221,4.912531337275552,4.673994218293864,4.718353560263062,4.770477208117566,6.158855756484217,4.915415857160274,5.780234798335167,5.3384306606480365,6.005269915000474,5.225272061244288,4.417016731106368,4.742653650643554,5.457302158495443,5.706401071758127,4.822663901922559,4.745146444633108,6.181495651672922,4.7646833304276335,4.6246500809444315,5.348049910722839,4.74332888393637,4.219984492698368,5.257486300316602,5.591431877996703
23,2.8445065761603003,8.77218933728426,5.550721593086956,5.623645345534399,8.388081734086363,3.9559736456686467,3.7785904818729157,5.4224017043521515,2.8017018180105295,4.048872089584129,5.83236631037572,3.783720175163169,4.300593746310877,6.811697515758688,0.574688835187283,6.736403493839176,4.4857024388182625,6.45852129992231,4.638094811341938,4.106406016009064,4.537399251308454,6.508652682742525,3.795433871896901,3.628534315334657,3.683112884625639,4.383280628659184,2.5775120046809685,5.023739598317204,5.098541231021695,4.6524476696212025,5.262093971260782,4.882316682516182,4.396794400683367,4.575194587321464,3.822534768084547,2.2230416186750004,4.402481598233703,3.1783333078386105,2.6225058085112503,3.819855204918585,2.9507595023270077,2.314324234402229,4.680922377194016,2.8575509850002345,4.789212925069115,3.5445023958887463,4.014649919531132,4.624015173172402,3.183154285043626,2.632416457259354,4.735053408944781,4.677685735477397,4.734348492463978,4.6382059133088855,4.8849913904677855,4.947010435903023,5.095299976273111,4.908129139271928,5.109605354912415,4.84789443506703,4.712581031675119,5.080728297628972,4.520021249473226,4.654503094043046,4.72482632044187,4.522090729625556,4.653446141209,4.672476867577386,4.747785539273696,4.763730492129824,3.419815088121999,3.7644521486589593,6.272428788634187,6.435154684167783,5.854461106654631,4.697782693118809,3.514508068567367,0.6229434360634578,4.130727179613629,4.886987230169054,7.915189938403611,3.4816038897635266,5.488786434106046,4.144456042707619,3.38004220824487,6.95779833296403,6.162360537274665,5.934562285282073,4.122597459190944,6.603324176410392,1.7215871933363684,4.1726878445066236,3.894733923927235,6.080754413697541,6.800026590432631,3.87299244675546,5.145455967166345,4.746840421662735,6.115013103387778,6.86459854635908,3.9895988993078126,5.021658341908726,4.9196518925427695,3.724480713986452,5.702533277380981,4.89233233968029,6.071648406858093,5.19387994330982,6.876180770097797,4.4754398489887,5.590269359365301,6.0786560130521625,6.133492136470924,4.041963327070969,6.037710900022941,5.662780157180107,5.8126199457040695,6.801575265174276,5.032134049311277,5.020514741924323,6.199774661995222,4.755558990090827,4.8769999911908295,4.733179140962061,4.902384363219456,5.152841665221429,6.5714153508200575,5.394688517996307,5.891206413220154,4.860505050462905,6.429488839467244,6.44753940892523,5.754546748064739,6.700245941135178,5.278236345002625,4.661891399518683,5.953221530302786,5.330010776522628,6.333333652948426,5.370544035108674,4.93453112767564,6.382099832578714,6.446986821833839,4.706867760808665,5.598524341402691
24,3.109141474037379,6.901079188078828,5.0985115349792265,6.405850497061214,7.916212263435947,4.071026533237902,4.603926754013136,4.600378093569306,2.9053411488643928,3.500550267097402,6.382953485248306,3.0934056481251835,5.046291261955345,4.368177343900218,3.3045034072490695,6.958460032515551,2.8068848138778506,5.262547548606768,6.443073473027554,1.1945659667326447,4.766350053055211,8.257997650071989,4.386695081137577,4.659264455503657,4.0386565571901505,4.709032752388225,2.9840096033647976,5.218353110751431,5.019448560825479,4.538714318383008,5.422157634034779,5.129769069462154,5.025285073646515,5.112021711997315,4.005913810719465,1.9452919445708963,5.03148347114791,3.5740328693130614,3.0360131373238537,3.9961213691858584,3.371258358609885,2.734364931501473,4.823457378797468,3.3089708172007697,4.943906504409823,3.8791487161256595,4.011143124216279,4.8421273025086595,3.4419044327261528,2.9531861780749438,5.3073563525130965,5.2057801440894576,5.087057567543966,5.1005022878127395,5.090343575247043,5.177757665978715,5.483409424678981,5.118550692483569,5.221156198974961,5.487965833003853,5.161329029174413,5.487188858462619,5.2658059670672195,5.325206496337006,5.476953367639805,5.110291641394368,5.05909012484571,5.010186973685961,5.404117232225878,5.044156166047315,2.058148009885239,3.338541711753801,4.6179733756599095,5.508496852507943,7.014450995703799,4.930346360841613,6.101244701170369,0.5705417320785995,6.983118235774043,8.20357620097601,8.483211236426548,2.500404355811026,5.066604831085261,2.914226712381723,5.327165247306526,4.729467426725495,5.687624703662652,5.58839941719883,6.092197207260865,7.69214966211001,2.599827669582477,4.068861179317973,6.241007377142447,6.060305394084811,5.149645255827561,4.87274201858323,4.946841824368628,5.8877218862149405,5.617841802166317,6.047079241095889,5.939811435787473,7.47765135764458,4.895193970055674,6.570907351875059,4.645213094021286,6.654475997218571,5.414004064552827,7.552138536812139,6.440312148297647,4.55332354830668,4.875985394475254,5.586587602875204,5.449903110151417,4.515638723769647,4.538326433716538,5.35705910045704,7.101132106626546,7.007358055066083,7.330752179550039,5.062448909450285,5.479308895224893,6.026614595484704,6.44184335345618,7.221485002721588,5.108647642171937,5.685231178147609,6.9268138531496515,5.298791484307535,5.82209754968963,6.966781012288678,7.0555294041747505,7.102340046617702,6.360535551159471,5.815561057258949,6.344440868415718,6.339503765612136,7.006554801908357,7.330060363192033,5.550908497292254,6.709795617536432,7.01975071998856,6.1512514977119,5.285872421815138,6.666892530968726,5.388325808515853
25,4.05445113797153,5.695898787708747,5.783305526873731,7.291982166089719,7.930611264348602,4.2208345399942395,4.9258489004853185,6.058702163791022,3.9921256813083406,2.9450088955670948,6.333587481064068,4.327481723382766,3.942219627282557,3.4650511998174656,2.493376181357866,6.582969329340318,2.5081629657412012,7.685095081896944,6.591647263500375,4.893650432228306,4.768660301190099,8.530884874150832,4.657771173431338,4.589340928580215,4.348119903400828,4.820790382328375,3.3759563898246903,5.1685399199568725,5.51630587945132,5.610876890966377,5.463165962450797,5.73805924832269,4.8921933954191275,6.1180900660302555,4.3895178938199155,2.2287499486702558,5.160745179845437,3.9409726951198625,3.6238179941275437,4.211874719399528,3.7361824947421067,2.8607066667942287,5.328473684099233,3.367644733612779,5.140080825188407,4.0215859186923435,4.093623151963081,4.937253714547668,3.844268986438594,3.1454618207474496,5.617283401222175,5.5004145843992935,5.512644987002071,5.4400459207034375,5.36509448131342,5.5231432421961655,5.828098528540647,5.87419027430117,5.81038300748638,5.711283610582208,5.643950443576654,5.519212779497208,5.342011318622198,5.705499163138862,5.61690657759017,5.492799227096273,5.48189123671512,5.3730919194269635,5.6714973227479355,5.373707883110938,3.4258407818842125,3.587560053364687,5.263459265741787,7.885907930113865,5.219296046597309,5.09527563499166,6.4585299123445,1.2059673896939644,5.1545630850380615,5.509193335265274,8.51153305899725,5.53304292943707,4.836182473023268,4.533002756490857,5.727356013453484,7.872786476729397,6.054138777481553,8.447989542624684,5.960250311188741,5.2077252403739065,3.709075649489575,5.581244492279032,5.041458150390123,7.454449843788256,6.35266146737394,5.41439604836694,5.515035086194404,6.567821538351707,6.75811826721722,6.324620317995293,5.298685971599324,7.687778780230174,6.98155055163407,4.803177598834785,5.827161884836535,6.851646925625724,5.823359991038082,7.955713964827401,5.681791942026549,5.694676209976668,5.482996621089729,4.9358431092662265,5.462883392742948,6.9635711710371275,5.100700509145794,4.509306973510156,7.075563782918969,5.98649016802906,8.526029458564793,7.1508746944984045,6.618132012767441,7.168157513127867,6.67682048257119,5.707379814396604,7.267732894328264,6.939265841012252,8.335950929444277,7.293278465058567,6.27709508897971,6.020581260157057,5.668076497906713,7.34908971665668,5.379096581124825,7.988576963033854,7.080607268769396,7.403454612605618,5.725591109917213,5.7701436045286325,5.668579236507649,6.855868486716477,5.688611689407788,5.615043821230257,7.221511345634092,6.8907287291044685,6.564289383125381
26,4.004032002453201,7.155296621269267,6.523040808655063,9.880732289166193,6.45922429207928,4.053080158663004,4.757523514392533,5.563106365442125,3.8090449169628604,3.8587061813924564,5.629258299269438,4.677985195043483,4.406748618430422,6.794325384644954,4.438710445441876,8.49334767208394,2.8921080396959593,4.365205981666513,6.041435136911133,5.338930776489545,7.351378783712917,7.209215272262316,4.93951066139794,4.444613036882469,4.743170804051187,4.956474688127707,3.63895523083941,6.251094464037333,6.487802635141837,5.246537853662651,5.893286255721117,6.311202088662788,5.143251743520639,6.057809783797065,3.8658297183337886,2.531293899612394,5.523781382661935,3.944742046208712,4.041904592421616,4.569245032914336,3.6951759100566846,2.6377309316243136,5.661486965517462,3.709979529747424,5.340145886033914,4.23767793037086,4.014512638879111,5.212850395087847,3.980639630998615,3.389182667409767,5.798313128839093,6.192460860458432,5.897272316609732,6.084174678127734,6.126740401485249,5.800826198674419,6.032102520063758,5.808513013848306,6.158238385586335,5.990260174528929,5.746423318011802,6.313189836231725,6.0464582047577,5.686172516992955,5.990406056502608,5.9439997529601385,5.934259781699999,5.785717999329195,6.076524321613139,5.862843658489926,2.4035925941651497,4.715627821154258,6.081222299324715,7.8981269574011375,7.199062376256272,5.779581133092391,5.357615969522051,0.9812946808119365,5.1170294399755845,7.7458360568378755,6.446620369200404,3.8022435942755033,1.426531070904276,2.713308146670318,5.977469745218406,7.696278952088605,5.077863831591011,6.1457304392405545,5.745079438631048,5.353612881910983,6.2475267816670765,6.136861897132427,5.652982092361773,5.7960508173754395,8.090810010225859,5.61463515025393,6.801762550108259,5.704967001146156,6.0891161575592765,5.992850569394026,7.110161932226006,8.100887944199007,6.214212231022041,6.627204327030148,5.743506028831176,5.21546873807262,6.805214165608368,8.093296166456247,7.559175936850455,6.62751375719083,7.277677326364929,5.667255866926215,6.497717592933114,5.116941185999428,4.922876616315283,6.433641360841743,6.921456432275261,7.9856029348810935,8.325686001376765,6.339098363769056,5.994004115560272,6.534634644526159,5.914176979290607,6.6642566708424615,5.872253842585111,6.303292409664603,7.47354376198099,6.041022883204014,6.847985847473723,6.2122635263955015,7.026999070180724,6.417160144278422,6.53447113420354,8.228850715060215,6.838405206426133,7.813917020838286,6.401036846305407,8.008363883396036,7.7114324966036545,6.8588141700685865,8.03108360080914,6.707431736283067,7.389946994840769,6.0126820750996455,6.0013642138160055
27,3.958895153496987,9.813431228746445,9.46769632864769,9.871582489324975,7.120879522558807,5.5020917295756115,4.522928368656782,5.4795606242463295,3.7852556492077354,3.4278443211746503,6.199442149561574,3.8067249448915788,5.286519445632355,5.983690817287409,1.9703049376921729,6.43634237448202,4.4509912153227855,5.986726624330064,6.733466281335607,3.238310098552364,5.501483579974992,6.406293025218155,5.850044683685322,4.946758028424308,4.7818453138642605,4.60069359925531,3.8351499579130675,6.027524945224088,6.802674479827977,5.143040786004285,5.677134740748344,6.267441598353437,4.9688276974592345,6.678045441316424,4.888482554489411,2.921417842726711,5.979623062263001,4.290922103279708,4.400922081151887,4.832981511020479,4.047479370673371,2.7784687900015084,5.716628709547126,3.8253255934991346,5.565381668409921,4.381469713727081,4.0043747180821665,5.210107562885788,4.271625906630173,3.514260042110465,6.258042594028796,6.381439427276251,6.24895331678935,6.12875393063749,6.233757557818284,6.286067267328792,6.441054828466737,6.126050139652374,6.187198766060998,6.545685429964956,6.072542042892789,6.380771077610026,6.395975955082487,6.274491323007234,6.498444840554249,6.310799159340654,6.202401604506404,6.1865297576392075,6.4704952550412465,5.964303616049116,5.968198506696727,6.745441080243057,4.195743439928386,6.118046680247971,5.701275031088716,3.0716501173313966,3.6633788733371055,0.03473927790156073,6.22858492666936,8.37911284033294,7.562464230201366,3.548405463683026,8.727377188038792,3.0156274375840013,3.198808977009326,6.127355522060512,6.789030006431331,8.440440588032594,3.717816321451193,8.544134477265173,6.061469472783109,6.932396106686855,6.423057787552568,6.971721284063866,6.9310728431374695,6.913156075005994,5.805289085848637,5.792083841179567,7.314635057186568,7.243487061252281,6.651124894658201,8.111366221008781,6.930152456241396,6.155210072253382,5.806135749913334,6.645173404431595,6.765413186552435,10.348742690642673,6.6434815428072,6.122787718065713,5.214734532465438,7.145668282298356,6.809067085272772,6.338741646392602,7.601398819462988,6.521488686908625,6.416628071402937,7.739367068629225,6.718403735890366,5.990349167912097,6.499859943257061,6.555575929652004,6.4905586290629085,6.592087090438848,6.114090230269483,8.092758562018023,8.741042609403722,6.286438725810431,6.514186306476347,6.993634107888999,7.910906129905734,7.632891737094462,7.618366563928028,7.9136178682029,6.354301913868101,7.399153495373804,6.776920333915662,7.419454789862621,8.213176716861447,7.182341514424842,8.32969481261517,7.749906298062751,6.91177798965143,5.873329544746468,7.166369522213291
28,4.465047407068131,6.677789499364785,10.275210485675474,6.240154234632581,9.50066391510821,5.791790580098083,6.128902029147477,5.360732947784847,3.6906064501654035,3.816767970687872,5.073161375401788,4.570600000954187,4.955617781014776,6.093547672905973,2.138555351626539,8.850704483534924,4.31421358756926,4.2240130188797185,7.045547114775955,4.499829082916044,6.374595891143718,9.781498612554756,5.994946738540637,5.413055755871305,5.055271214075581,4.4788669530616,4.156123066196372,5.580665272114869,6.687799158957607,5.275062400313235,5.655090665540988,6.4351924918833685,5.663467307557548,6.639250549143408,4.74458224939296,2.988979690378507,6.253987617916017,4.467472552096839,4.470280923830747,4.774311552716114,4.314496475386084,3.5331945552173236,6.148499435540285,4.296042596912932,5.486732591876601,4.442205754048748,3.776690387741886,5.305571712043994,4.3821602561314545,3.7100398794601217,6.414319257250936,6.538533105272817,6.603739598328778,6.385555893510174,6.599595670733448,6.334917825747732,6.512358679998596,6.438138410150764,6.701421236260834,6.692582451766704,6.4081198145722365,6.853110267635131,6.4417175812646486,6.674000618073869,6.368648521046659,6.65011643325709,6.528459898638561,6.647700854659132,6.824927476270527,6.649283579611741,6.154283271366555,3.547701008499055,5.42553533799697,5.801224104372331,5.384625295545144,4.90361189027319,6.217334457341841,2.070070926652467,7.405288387679844,9.129464625412592,6.154280165183143,5.737631903473893,5.036740345424918,4.593635497181631,3.4281193160941092,9.004317740892313,7.3830771899250305,8.872589632256934,5.7084234685451545,6.135403370483896,6.512619332292444,7.673498500626225,7.667799380477345,7.8549774948726405,7.358090658661858,6.757256332471804,7.967394407755254,6.962508200277087,6.450716045921087,6.923832935268485,7.456776109369342,6.368898756924383,7.405909344801943,7.663273769347733,5.749684491308484,5.411046648446507,6.662778666727651,8.626300833098874,6.261974951995033,7.939688563655204,7.732599984466219,8.398668791710119,5.534255548719341,5.09664822317376,7.47848718561536,6.715730165667281,6.9957527258755885,6.6197927249278115,9.065770140058882,6.938293891798037,7.3937958527422305,7.331452577247386,6.989619735276752,8.324421583943531,7.002189356031513,8.261022176823104,8.968427876985073,8.36694963259201,6.952699631716768,7.582957750061266,8.183120239861308,8.35932607744834,7.438760856593962,7.554040855899071,7.723047145194216,8.334974372528103,6.751926927733296,7.550982899792108,7.732009802054138,7.634759195106061,8.040912417924392,7.6702351307335395,7.779599037846595,7.189792012220534,7.799658666187617
29,4.099025239397517,8.84736490187057,10.37492392745363,10.345275284939031,8.993246811860443,6.082432497405998,5.4485907823576225,6.806754075433684,4.7025517402904,4.584863119062452,6.927291327720833,3.825016502385693,5.989619003774762,6.040911286280278,5.377144562152754,5.7172013588966175,4.855110014928571,4.255696987297382,7.816846084256298,2.535466558184777,8.538399755888445,6.682400693266585,6.312237083493814,5.364110561240092,4.724348750590381,4.568220055874196,4.289420092317926,5.672504537662803,6.4069583576977935,5.9040804856427656,5.504090276672935,6.543501225586192,5.827083193777144,6.829606185591132,4.8874511213138465,3.0578564699165844,6.468707994954674,4.318308210996986,4.867499947803548,5.049325119014947,4.375821945363432,3.4120876448222592,6.297031682552525,4.300650336382519,5.78100526064227,4.534053204521326,3.747335000074757,5.287666884004261,4.5953237780043,3.9201180126566295,6.42871673749197,7.010389030589944,6.392114407946559,6.8606728200875375,6.7542939724845965,6.618379927378824,6.972212458372598,6.5737407675167026,6.573243213475485,6.896096621622521,6.891442761503285,6.636163820981971,6.814259089995014,6.600562329309995,6.481090714507789,6.832228315309052,6.937823359442362,6.582086681787109,6.910918524017504,6.605069203300579,5.4072850282194675,4.842733963385993,6.993600119048168,6.194240964511072,7.947812083814213,5.3320359593266895,5.897757263283873,3.03662548787886,6.180897524682557,9.139662057296636,6.621522238232876,7.418994199634751,7.228067242819211,5.1662637437183925,5.710457461092567,6.287498941242761,4.863935233499439,8.799032661632506,5.529993284024471,8.53702126420221,6.112826610347154,8.56252221341585,6.366194604782647,7.149885280667848,6.848813159994183,6.340787931767783,8.356532099787374,5.788486163624389,5.920326334850619,7.478007768803591,7.072499394215037,8.290655550348262,6.370359615202673,7.786918186361646,7.032225447451568,6.578588226406171,7.230685648874157,6.798971029348712,7.162438426202991,7.908325495382323,6.728535084714485,8.604337321163104,6.2978302771364145,6.202466534050373,8.059470308069368,7.629744468260708,6.177024431391812,7.567715546484538,10.118081124397921,6.781755752352978,7.626934962317273,7.946752638785195,6.625034563070646,8.658355117170492,6.956998590937476,6.618389747133313,9.509312786042416,8.286825611519546,7.047291726286108,8.563846661887306,8.102316247373148,8.611840504128901,7.820551512151459,8.358219101800348,7.314309095445003,7.669854900736471,8.001412817186914,7.112163442504508,7.655359786043265,7.074298168768029,7.330880045212619,8.457082687290349,7.530257650649707,7.725090676865333,7.980035105641315
30,3.8594955480386455,11.293050985897526,7.3607338489870955,7.256177796219747,9.557307537639323,5.839854722115032,5.159450007297981,7.3774480571383245,4.004091286337745,5.054924331302668,6.651965325253214,4.079282388170077,6.3674200170716695,4.011916236749073,3.504270186446173,8.004027812050046,3.2632887484442903,7.92071530116225,9.548189617392698,5.163061315819423,7.083744463434806,8.907838004895712,6.240015789282487,5.550561705736657,5.423843666441773,4.702136972199852,4.469809477200098,6.317394718696666,7.081376891078018,5.748332174011448,5.665340004921638,6.904156143851516,5.858642748254198,6.5739283882703585,4.846426191130634,3.1028634798962096,6.43096419044425,4.670314849083575,5.03596560060821,5.2430527002341085,4.316161857461414,3.691017124059631,6.206815723593548,4.339649772574652,5.606883213430142,4.562331636846657,3.5638921906100576,5.382929997043595,4.600378742708702,3.9620038933126915,6.664203330467205,6.925779558369501,6.777711488155508,6.647001603598215,6.753084022765967,6.781938954365747,6.897337014644179,6.961265482483612,6.701440592516628,7.118229561025946,6.720342177971612,6.79569727626955,6.94167237217799,6.9710346581732905,6.821299876231718,6.835298038486301,7.03468582169113,6.7545952378528025,6.948604738879163,6.931323697436512,5.3970205055712395,5.233443742283208,6.048176918928997,5.132266840259063,5.876979015434184,3.1639703582807917,4.2536747422725965,2.240375377206689,6.75243632709823,8.240793851566867,8.319029802100488,5.191710139906535,8.256551066919041,3.3706052340431185,3.7139512477744856,8.496301852983422,4.899123683120435,7.9838393213720025,4.937680905153684,6.107786416117178,4.922660117051326,5.47304225540582,7.872853472239877,8.806465333671568,8.32412934395294,7.448698561666596,6.440415022223784,5.858405818951846,8.075235979456231,7.822701721123255,8.210212343653835,7.914594990976134,7.035964982666187,7.4280608365573455,7.7221561769842815,5.609498334654094,7.361230012228419,5.631516085722951,6.743469875883331,6.804394058993872,7.724855671980423,8.313059843466457,5.838055653819496,7.985437081988337,6.545757123558876,8.35227201386279,7.865921164891177,8.671969546503433,10.55756384859082,7.094079466158845,8.438872719794285,7.252464294625402,7.083047058277819,9.035409147390613,7.1356745306280365,8.539366285085967,7.632021275109775,7.345511621049911,8.822744110553465,8.102396271875953,8.489084715901157,6.963227256122234,7.0099629009285,8.724031562580745,7.886586532378784,8.843570314645925,7.122806896028071,7.121935455432687,8.244413390352994,8.213560407663698,7.514090574493478,7.083486351840505,8.04471237193847,8.434490374350316,8.12167448694458
31,4.809883571316101,11.170066855429598,9.274987652516927,6.930389879130536,8.00969945907644,5.244273043958831,5.186077175711687,7.049022619210461,4.725964957865436,4.505981735182776,6.765946004629469,4.476974618678904,3.2863259333534134,6.488366701456499,3.405720784348568,7.615234298651449,3.6434941292961143,7.459918918028779,9.572775491255515,3.327338448555909,7.912485128664281,8.82500926940838,6.353381715287529,6.112008916742069,5.213769271470599,4.53238247031827,4.665277161178472,6.076794305535131,7.231423200921003,5.989439139385427,5.771098522822321,7.162097894398592,6.024371717479991,7.3176601349523525,4.503431783411217,3.031506627110243,6.570276173708333,4.707337708569619,5.192750638707598,5.229176928785699,4.6068694935262435,3.3471165549144235,6.513181558872124,4.548737665644251,5.554473360761753,4.527181472838927,3.3622278848878913,5.2059781772148686,4.4829676985645435,4.03531456376336,6.622198335949876,7.06639717197779,6.70592655950039,6.774546455277925,6.965335142002775,6.706451191012929,7.339408358539575,6.857376358970691,7.033483049805832,7.117122424700991,6.7361840516186975,7.1076254753204475,6.8724973657784405,6.84465182320826,6.69149602055384,7.147193601163047,7.240238158147589,7.107482906630904,6.877838761893657,6.933518907842929,4.104432543820133,5.605388108495745,7.1929464522852395,4.582920904816391,6.358347322065566,4.271332844310495,6.959629960531478,3.3742919001362504,8.064874717773616,6.383177335594947,7.674140947872157,4.491942431304775,9.140056851430899,5.615511040586307,4.192153516092912,6.574349969980811,4.374790612680768,7.085582752202361,4.180566482145057,9.21864475803444,4.343244710413558,5.089163210466193,5.644992110162672,7.567583515619524,8.828599454071052,8.610135826444209,7.60097319493204,7.461529020212608,6.957888469660789,8.702892575650452,6.999753672918081,6.691354004104877,7.23971739200729,7.596777964372586,7.356165284758559,7.696077821996617,7.715411148205939,7.486196841324171,7.64272623855396,7.576604409653896,6.01132416186003,8.917289551289787,6.057731308909101,6.9484522938851025,7.866606594231827,8.343263236433186,8.176361621582126,8.023164807160224,7.3281973504600515,7.064912484952513,8.7032185977833,8.862781268325467,7.48885703285451,6.953990333546543,8.201422280569611,8.499147053163057,8.694134488786158,7.787588661819894,7.827697521257709,8.339704041001262,8.300909440261815,8.975398816649546,7.142348276936805,8.34021493759141,8.61569447512225,7.9758923807873785,8.664870481056688,8.88924208876338,8.726934114384129,8.402779650066567,8.436480285388042,8.435578075280002,7.181892124993182,6.698006428244747,8.610551805199215
32,4.5419431892489746,9.268736059752722,9.22032698563693,9.514738150448121,8.106953426946788,5.113873908706307,5.9192465620892625,6.768088417193621,3.752416581033752,4.855226878673293,6.564686658357795,4.581953669378842,5.115794581276296,4.858532302199311,6.081759647243227,8.635261656480774,5.635840755531113,7.470573425996176,9.567584487959705,4.145263818649681,5.970070362312651,7.619978001760969,6.670148223799803,5.73076265654184,5.491632458100435,4.42621519815705,4.687934868992928,5.815500268046922,7.378603050776341,5.934101879217362,5.738329080003797,6.691875585730679,5.411172685964339,6.770401544721533,4.659446171212353,3.3326402904254606,6.773261652932283,4.705540668985389,5.412591252780731,5.1786705590592605,4.411850108100122,3.3836274307087044,6.307440868650291,4.513423260673656,5.671228476261074,4.497749674866397,3.0425364402324284,5.19737116977341,4.645338930394541,4.133523112841614,6.51240631804892,7.148756758784716,6.937266346327311,6.975151261416329,7.285554320451856,7.009091789588542,7.237811833762852,7.115709904695569,7.0279583888047705,6.868720809405924,6.79963625564652,7.088809058082363,6.9267192095864365,7.287122493868631,7.167349050601493,7.054740429668989,7.074679287854912,6.829931455216448,7.065753305682376,6.647378212046719,3.868316049626803,7.49060616408629,6.463784509685345,5.141068702081859,9.243147698402206,5.470628272169719,4.4904799368681365,0.898254624089749,7.5048760211372985,7.224013884207541,8.05584706824018,4.584916316690171,5.8462810454463,4.200028219646395,3.705270643992028,6.810419209131533,7.670491572693137,7.8914975953944335,5.199428783818524,7.471030557461766,4.41428438495776,5.414787553026154,7.765490770754811,8.474972155570807,7.316040678708639,6.510278350593638,6.742132434260502,7.54732323460815,5.8242013005300155,8.221504306072777,6.589592975859073,6.768438170415564,7.101971075570903,7.247627360665618,5.987175474540412,7.481462520262294,7.3551201927181715,6.613674742524129,6.799029398614714,8.448304195053794,7.494458778677298,8.729149133132603,7.673589344674853,6.255438516596256,7.783822435876984,5.833783044535008,7.011453694703006,8.134879898543762,7.425251630994249,7.781341788468698,7.724315054215391,6.8812833280039785,6.930118207119037,7.197649303554026,6.713131895867772,8.557541314143315,7.730118020281023,6.859909839029488,7.576104280023822,8.871167247617597,7.794244532775816,7.724464241144091,7.414742609724073,9.559794944251248,8.593373608683445,8.734983873004651,7.378981874409097,7.120039903583809,8.939970358710982,8.64148147288644,8.898096248609528,6.928948695829268,7.814261563234222,8.408897780387194,8.19363384437779
33,4.367158182620182,10.716841086845207,10.888304268439704,9.33584433276756,8.597690055869952,4.72220097166248,5.718522248852677,6.296556828602587,3.569608259927936,3.9147737208607056,5.311020021750215,5.059011391156204,4.437699849258908,5.137688652073342,3.5793165817234467,5.9852905528442255,6.1196223935560745,7.2234803920869135,9.396055009001124,6.202733218157018,5.976707413085517,10.49466390061124,5.995874562903808,5.97653426880762,5.1371428293821095,4.005415944556605,4.862594091793498,5.459518655207521,7.3700047051898006,5.9744659065490815,5.157347998968808,6.904809493450332,5.9376147897312554,7.4075195063702,5.392785360462391,3.37040593055103,6.692349954278323,4.552398067508855,5.7104366063909735,5.307840013661306,4.382219029008386,3.1331523315285374,6.4453056860438895,4.742451924753557,5.327479918361742,4.456496215716079,2.9204842003628015,5.019163116270355,4.7673665647321055,4.073661510973163,6.405853095940857,7.0721176711286295,6.739324708681275,7.112441046286258,6.98110086782703,7.035382356397622,7.430637317474322,6.871721454506722,7.105406489564178,6.902211448328524,7.029799257214099,7.0207726675383775,7.03270700964443,6.848916353138668,7.150904600263322,7.032695957275849,6.921869694813627,6.8120942739026455,7.26778018418325,6.696604672375578,4.049935237489575,7.339369520462431,7.791286381646962,7.737342285063617,7.669405300742401,6.038112836194911,5.193541666456815,1.5157209436008618,5.4742811064221835,9.54916695172141,9.569295701997097,4.671955379339193,3.1612807934748717,3.375126900349721,6.9677551826417155,7.453825533377029,6.825019133640033,6.665353488770577,4.572509592464508,9.904903685606714,5.42576570220827,6.502948859904772,6.9563259663438,8.470437237645918,8.364592786380037,8.569312408494598,8.075203414336347,5.996549085469009,8.05263384115424,8.477174858555767,7.024923760011906,8.158864704444897,7.334588515667506,8.004845148889094,7.095818475490535,7.330937868016399,6.776066295122302,8.823456601354625,6.432549223457684,7.207662652863056,6.374810351272003,7.175789284173889,6.7451873850308885,7.082180072212425,7.847973507540679,7.986588683748039,7.2331604561426515,7.237576999774418,10.161435453969252,7.093013878423893,7.302384000744288,8.441590945110395,8.286326944901848,8.14956462149725,8.359936336618674,7.925555906948139,8.815982912677626,8.728798000236162,7.422034636637086,7.62666456730573,8.174514374447183,8.614651813257604,8.206581063662727,8.603725547644554,7.893862209506047,7.673199856764173,8.750395588390138,8.811167730366002,8.644860050197162,8.049535845574933,7.301743178777544,8.417733090507312,7.313625695537041,8.310108048154126,7.754352251331692
34,4.485340733561097,7.971563155752471,10.843353792796464,10.44155743346808,9.894094156096788,5.519514549914135,6.302089533679816,7.159790663367294,5.228440754287126,4.183171480456976,5.322375013994296,4.279530144045946,3.939689319629786,7.335251065511045,2.9958892785729456,6.7531606538174245,3.5824239648421816,7.631968551150943,10.027860849625279,7.030487792554079,5.985845199078263,10.456682617275597,5.9718386946141955,5.810918309784592,5.55293904853796,3.5977378655461747,4.881877577312861,5.241182981820379,7.065320030324353,5.379946459527334,5.260165488236446,7.501682756356274,5.6843747256155295,6.580744546100461,5.064367365684724,3.3734227796904075,6.55893541124938,4.468840353270414,5.7110336355982705,5.174987826960295,4.281590429597893,3.4591590654432265,6.155203445367396,4.560316593567889,5.161073434583061,4.3057355686152725,2.629236292675154,5.107179436637771,4.523823531896764,4.123136574012256,6.333788533744905,7.135819235005011,6.972461905763032,7.005837251249459,7.071420736548975,7.04003529450358,7.144541119453606,7.030319572422375,6.8878416706396,6.759845817107099,7.073569494989288,6.909025063155949,7.037715401701313,7.028764559431212,6.783067221317675,6.990506027713368,6.910509627613766,6.7835000129050105,6.793861937202676,6.621601477283327,4.301183155663785,8.225720227909607,6.294058951073428,5.748958406386359,8.142678544291948,6.000584315571778,4.293669354944395,2.994765205450009,8.542831888463276,8.992420683089675,9.259191055109046,5.886601876591337,8.807970645109368,2.592631169861636,4.840521842292005,6.9647574183627325,5.94110040174186,7.626865706876306,5.77714251130083,8.517843277865037,5.510142736707675,5.604246000161701,7.504058271934241,8.465986324827456,8.228985073077858,7.776644573090626,7.642383799764539,6.043206052490131,7.323113159879424,7.484956325533119,7.767040654822075,6.478353539665133,7.385061368552041,7.740420764929496,7.339959606276276,7.077179693851545,5.893683055411448,10.586546571308592,5.766441522948794,6.1289879260186275,6.0932215253388655,7.920032599721417,5.8452007145958715,5.582353710683324,7.561375541250235,6.604746951695541,5.803545150572997,7.614556247236326,8.304434136491018,8.171516823049057,8.176914518663562,8.351559443565204,8.1077290996153,8.027441867279705,7.118258733706472,7.713342494059942,7.830570562295187,7.243399088429933,7.953432081328619,8.140974211127205,8.616633488859481,7.9453341926793115,7.257051774961996,7.67079004903273,7.386183517435345,8.451756318576468,6.683519176291457,7.910724779696139,7.3076695754463215,8.370095339531204,7.890138964607415,7.464689528528133,7.50942907590305,8.688639491875222,8.047682611055041
35,3.8534145072970927,7.157240532419064,6.525447315288703,11.520922439022335,7.215372498165187,4.941187592364504,6.5206442509049864,6.526523016307214,4.571211797993813,4.017533292660981,5.334770094189965,5.285109295058107,6.442194667407133,3.621289613680927,4.1230613810060905,7.5118440374640825,2.9836200955271925,6.952326187612616,9.120874251095259,5.9388539193345204,7.38864103933679,6.879828743411678,6.729659783619573,6.224698592304099,5.212352774178131,3.1927557321142053,4.783403006307133,5.557569664928374,7.010709495832167,4.962824546655157,4.956323675099771,7.1009950108915,5.6788761348798165,7.307368844239207,5.384675146522728,3.045370817983182,6.558296475127338,4.204035185610176,5.6597741310089225,5.0959212317888,4.375990515786525,3.2799518106731234,6.220847266511759,4.752461276922594,5.017461555839686,4.182138078089997,2.31624127222547,4.699771470562531,4.486291540292182,3.867119277192565,6.240601295943005,6.91314640994772,6.716259939701465,6.979458806399961,6.934394808387569,6.584928774372889,7.038712066442849,6.776665560673903,6.5759155243152065,6.742104603704326,6.626142543602603,7.056760502414537,6.708747707529502,6.968215680049414,6.73456086147787,6.85532121929231,6.869944679866535,6.622257464975983,7.068797662319715,6.698763952492979,4.893562418590166,5.537123261043811,6.000636403509802,3.953026239435677,5.5449606774955305,5.3259580325654206,3.1246410054275637,3.027056996205581,5.613229731349387,8.833544749800131,7.729599265923356,6.258295914089708,7.185302184176038,4.063432327019486,3.1955325519394457,9.33464657414696,4.095505885571955,5.2620524202845225,5.903659670660312,9.387624335894373,5.50839997335883,6.0387312110642455,6.4854695139914265,8.573462917873417,8.500392859620256,8.26249573453034,8.971694699505651,7.510336604468828,5.864388403657724,7.956303603611222,8.527890983090915,5.635092866451408,6.258484813675802,6.947305388668302,7.606414205623571,7.485321454518678,5.863556290394684,7.62978986489998,5.821146368958831,8.337801251711594,8.329033283588615,8.10891822696562,6.072609262379559,6.062398469330869,7.146320315423527,7.417236586056865,5.851758321738701,7.848956547006607,8.518564400412039,7.705316699633274,7.54050946469608,8.509747804178955,8.052054181118317,8.54534584655421,7.6065768184482785,7.88954724507562,9.287302881035112,6.589701337559096,8.45116600237072,7.208904222734547,8.021251113559053,8.393077337245312,7.205594967473665,8.733615771408973,8.143721080362003,8.521732591919177,7.09768510681945,8.458415539182399,7.960882310034516,7.173700601996626,8.410708221885058,7.339198449278973,7.773693100970748,7.060801829001279,7.54294780850411
36,4.26349907459678,6.821577480725338,9.513571493225879,9.608818994732138,9.562992625432624,4.410262524517092,6.201307725005127,6.259133142868559,4.821579864918997,4.132065368615397,4.032903293841117,4.0698942817081605,6.231078195790761,4.652379225368452,4.018458061008506,7.234026079390149,4.41394555422773,5.481024556400767,9.137161899518885,6.549648779741457,7.388372154576379,8.199598168310901,6.364002782146846,5.415483448874408,4.930490422289202,3.425324023920804,4.747680808932794,5.713654157711233,6.7392158699050215,5.5482282763612325,4.579304386380558,6.95909509693428,5.607449764263116,6.215670838497703,4.313852894313906,3.100205648170031,6.4375762108771815,4.157766128028342,5.848988954424013,5.067976273897527,4.199735632512753,3.4661638384215587,5.920576385759049,4.589737246961324,4.905980329606385,3.940904586302508,2.0150191848724366,4.557794116350719,4.1981959677286325,3.9339935869113116,5.989547574129854,6.588430445971241,6.654384617040275,6.753424330216324,6.636820476808648,6.771855830160655,6.718640082573,6.585762701985966,6.66874756598922,6.506859308266517,6.567776212681894,6.556619168173815,6.7600160980101744,6.565254502971897,6.607573777561461,6.643593794326685,6.629073995247544,6.500029358811981,6.552377998709247,6.567408343103729,4.8120989218096835,4.78505833280866,4.068714183901317,3.7923166243177024,6.920105709868279,6.029972662562002,6.655470230898337,0.8715189934428571,6.884702491500608,8.961485049609959,7.144660118969683,7.114639042483949,6.356515153175956,5.434292985952316,3.5570727379901244,7.577622837073315,7.569917328613687,4.780495343261576,5.323058234307204,8.236594093075283,7.180402263885744,7.429990265813544,7.928132040238496,8.57598596519004,8.268681006362144,6.055197301608245,7.188543749214478,5.546916798711298,6.871915890202283,6.334893416835715,7.754836473031304,7.029398825876674,7.777904630379151,7.255424073868334,6.311760368965483,5.688298098376414,7.080881491716307,9.336983627805655,6.004828579035568,6.926140438675743,8.272596677810492,7.14976876185998,6.444678597878125,5.792813614942714,6.446377731659337,6.302945033877085,6.296545343294262,8.405955715672274,8.960526606185766,6.352167581064203,7.118406946202305,6.394591495269518,8.033449761524723,7.318588631424387,7.790280917691871,7.447579012292887,7.024625325515628,7.959760352059248,6.502849353227615,7.011180752965713,7.156987385980908,7.214968042829797,6.709435935334221,8.392257987759082,6.968744167833806,7.29924390070806,7.131984114658712,7.5874640369819275,7.9224476258986645,7.98038494072998,7.6820155379171515,6.2660359108617945,8.697353789372556,8.205623197307089,6.639964966583616
37,3.6659230348254717,9.199980913393787,8.078567927883398,7.819657212098196,5.915809575763985,5.208638084365281,4.767083293434837,6.843123661993322,4.246126270429959,4.099362712122212,3.7365655145210437,3.9059509608624703,5.886638709139079,4.28484550409794,2.978417662773844,7.28542769533713,1.8586075289944897,4.259125580221332,9.039966016228904,5.858851873310382,6.403324837989697,6.317298540436099,5.702835876338074,5.386740094357426,4.54253373300851,2.8766803639559266,4.602882191779913,4.438524801215534,6.872385345301931,5.3090573460286485,4.611672434913393,6.425192919316588,5.1663335984771095,6.292214659566243,4.386897138675602,2.995335412259457,6.202632870999554,4.084869180190388,5.6767761229738545,4.676500001910468,4.1589658459592735,2.736387773211944,5.573905615022651,4.4518078507844585,4.4105003656902175,3.7760347087214745,1.6687630384112233,4.144872812771144,4.064092423846811,3.889221049241058,5.700599808981705,6.318293771957801,6.481237566976221,6.31193960677636,6.477274039415957,6.23600821666549,6.790626069787783,6.62877269529286,6.453934309307867,6.1881222078958205,6.583663674019776,6.442965621541807,6.465297506548541,6.456621524434779,6.486365539943702,6.638126867561012,6.5337811380791315,6.17335563493766,6.426243167557705,6.107305622244559,5.419044607292873,5.555426950574674,3.7546975325477665,6.244076543422008,7.220718545050033,5.606677988674509,3.909530757301285,0.25006660353261406,5.318126721842528,6.6772470123252825,9.757573312864404,7.17052692127991,5.440867514324072,4.4886924452233075,3.0918876283799857,6.447770827826088,4.023079460011776,5.909250424123418,5.588051075855882,7.828690817691946,8.146120582337227,7.512079069984421,5.761296029057091,7.316017961098959,7.7050032254242495,8.065435792220143,8.084876081549908,6.168422060792698,7.185630337302024,7.253112999041093,8.06820019683058,5.664610046842685,7.2652797595223255,7.509976826992244,6.723669094103236,7.270983515704685,6.959286859774144,8.214774881806303,5.137339935390448,5.904086253881049,5.933783300882421,8.710218754340694,5.448207031690067,7.587444041834404,6.65171398704152,5.950935965811477,5.990945427346976,7.0445184197922535,9.088642283807168,7.21013013456259,7.860727009600576,7.827882305388338,6.428663283230743,7.233924909890871,6.280435278176111,6.429648156242421,8.791130185337483,6.431398942891424,8.45175133452856,6.998647668822002,7.491135199666963,7.58561055845511,7.333451671034951,8.474183949096929,7.908577194995599,7.4104535151054876,8.183462275911019,8.520703273568262,7.55505102418595,7.963768859168909,6.160890751047697,7.915061138254041,7.645704751348507,8.017071144686469,7.986990760609334
38,3.1553894875976054,9.299056020879222,9.504109788165675,10.814715985719136,10.238666292318854,4.8803387389357695,5.3977309461417295,6.084881944877547,4.934812553684503,4.492733775379748,4.150568959059658,4.376945561699573,6.681504104227131,6.169891048319746,4.930219743205491,4.010369903417896,4.427531181590247,3.9113191599336314,6.154860396040587,5.297070315392039,6.32038196134309,8.537966500987178,5.581284711614813,5.7178255769908,4.432719935186217,2.4036085564531073,4.543999559071688,4.700122840190948,6.217692681749511,4.488197308421641,4.0977081401042685,6.676453190012679,4.887799789208311,6.200638112903553,4.828342645563537,2.7124074358227754,5.747732550939511,3.874219167811252,5.622900953796266,4.490737365632082,3.9760273824435415,2.829738317598494,5.534016054659282,4.23018655479605,4.189867119953489,3.453946936679925,1.2433176595691955,3.7667978971968186,4.083106423252033,3.5100243794445225,5.44527383936345,6.138597142391844,5.9014659629558945,6.223915944728599,6.156537759895322,5.9982883021244255,6.470775729285907,6.039864055767992,6.188900608341109,6.296240091737837,6.122835968992035,6.152902723890395,5.847275599091885,6.179757638002239,5.971552739329051,6.132082573170877,6.074504812009967,6.324481553071609,6.182929613173987,6.116590982398326,3.3869987323898423,7.098275997499798,7.014480231382928,4.970333567338179,7.587537236526016,6.256759485732866,4.333692435753953,3.2826442925776234,5.005939691977035,7.604630697821924,8.787184286004056,5.453542514142888,8.664472183187787,2.406563211853001,5.091470127826136,9.041583032390779,6.324403212602619,4.374140947908452,6.0812479233005075,6.24080102670332,6.808511918235245,6.909322627650477,7.437494922287792,7.887663848270547,6.493344750517134,7.335245931362491,6.206528596387412,6.209368200484024,6.683747654497995,7.190132530334424,7.438713686479547,6.045492085561394,5.564775944796746,7.606353520560157,5.7618928533962475,5.95350205493171,6.056354864065815,10.61280730910056,5.83716251182137,6.207009800991091,7.9932538407961715,6.993431587121093,4.908384550929277,5.032385168934906,6.131226526241369,5.944881404842801,4.982064076142528,7.869341721172666,7.682253492214791,7.0342201913645575,6.060819861666811,6.579132662786904,7.912172721402092,7.187208402243424,7.06732905542145,7.4954798376042415,8.313748629906126,6.977399696576169,6.373597794727848,7.359503858674241,6.692699718031403,7.987035528593421,6.454557431049126,7.293425800738678,6.32795413459396,6.181268276511353,6.903280067354478,6.849874568898154,7.6056963745105675,6.374083003233386,6.928949888581987,6.012393118198472,7.176428918763199,6.247200520966506,7.944142221294004
39,3.547905505330958,7.3249890783769045,5.678976210021026,9.054840218518635,6.822196870834702,4.124709238013198,5.640824316121174,6.1469528037612875,3.219730510763954,3.5846003668315456,3.45218111287603,4.485738943540204,5.628326394523649,3.27663305918423,6.322118267102129,5.704345270213911,1.7347785522891421,6.6753557850325915,7.725070730979361,5.208655613069113,6.241224565576157,7.150944970617008,5.02788804023789,5.541407216138773,3.912192040571585,2.2217215134755826,4.402422487680805,4.22264355035951,6.231957211949579,4.186963141804941,3.5167646568214326,6.075884104856939,4.256400262852823,6.289775151691245,4.456979934643053,2.6705564730053104,5.50367659412803,3.7317165743623915,5.529314021126692,4.128089406927652,3.6451061479598423,2.3301858230505372,5.086674527167261,3.9115390382654844,3.943944534188316,3.198859173554651,0.9280398971906544,3.439279067341583,3.661898135196439,3.2535094556300863,4.952634424380032,5.988212511430522,5.513575537530963,5.608763341309914,6.08237900803485,5.690969424711402,5.979047331481603,5.725602339997091,5.529303090391853,5.592272557818203,5.921093174026424,5.595991624691917,5.610663180291438,5.74750361048757,5.694515080936347,5.799532125394515,5.79199028703695,5.959044081017926,5.791275885363304,5.6130614951270275,2.684462732661257,8.033545183619967,6.009363250792496,3.984730326920832,6.8401693583107575,5.447193358737076,2.943561346987072,4.4368791787519815,5.03843481859074,6.829720061214438,8.225050473738557,5.169030910498874,6.7152428177500445,5.68458549814247,5.053619174955269,8.408505157805598,4.489464830030633,6.7439665443653976,4.765431483785203,6.730498615375011,6.4062535296320755,6.929131297707098,5.012037920324422,7.387734340790445,6.80743067789882,6.059410848421999,6.049606639984866,6.874295543183532,5.709397711598627,7.463427167471194,7.6651545205762845,5.586999222283431,4.849090480051106,6.8262021536140995,5.217671798101776,6.819852877569545,6.169405175210025,10.593349891752144,5.531086430863545,7.465638892981136,6.098445062520942,7.351006525097955,7.25318199052293,4.816165921652758,5.7516874031827845,6.0727821152449355,5.25770373165942,6.021470914633133,9.015236440961466,6.200432903889421,7.278064013710037,6.162497245835342,7.6511601483020755,5.951852933487688,5.821679000042288,6.769313038114561,6.8816300319103805,6.59858017813986,5.93133909858579,5.601705200082701,6.738041122028658,7.812676578316167,7.625447790304049,6.188803195345475,7.336466205236711,6.686509280002491,6.355405950162906,7.925467732797909,7.330684188438787,7.12854416519581,6.935470833680197,6.699803018804424,7.301021202313832,6.132483479454653,6.475705380408824
40,3.3333781080396365,8.336690298159283,8.939346043366644,7.311161782045202,8.278132882773159,4.376133117857511,5.376760841106808,4.542931860689189,2.867851330272311,3.232837802343331,3.077304901722583,3.3993150432517862,3.9649388272392416,2.8399438313119134,6.26939218502098,3.7196626621478273,2.2915936074023397,3.3237751416841337,6.405461942010081,4.075933494168491,3.8682572600603224,5.297240423890302,5.3701495612740135,4.449199831743027,4.328629540403011,1.6518370216399962,4.123634968519888,3.3439071895431987,6.134604378574991,3.776465779408321,3.4726814953187235,5.754066847330726,4.003026298459128,5.302107810903708,4.258134595613438,2.590123233774044,5.1530125586768385,3.484184900327793,5.197502929662857,3.8274292682028377,3.26278121535691,2.3535248636768107,4.578107199417343,3.786858487308212,3.461640743751252,2.9067811477351597,0.5819648699817571,3.2174298076845336,3.570162543420243,3.2160230815872857,4.834005862523074,5.3330798780935424,5.1760872235429884,5.31286647467003,5.343407684692122,5.30419985023976,5.733353965695632,5.35852494506683,5.362392768653225,5.400637469854826,5.574685577378869,5.360378970358498,5.56173641039178,5.327907130005298,5.43487227140982,5.566047993529298,5.555971315127654,5.3755265097875045,5.595058241464495,5.443623850237749,5.098154462598643,6.465346772187793,3.419068964979912,5.567807068861409,6.525116184065379,4.204463276850201,4.803914434978653,3.232330686536539,5.854129549036736,4.730211357185525,8.30392993835726,6.244634922611706,5.895181948568641,5.440844955680683,2.5795517810283948,7.649364490130276,6.7570981104818255,5.43302563156717,4.63172876749978,8.351365293059846,7.813432009739315,4.264297831667292,4.335363484363502,6.619395904420548,6.372024733648341,5.764168194297496,5.835994798098401,4.590559118635109,6.488156938365049,6.869175404768678,6.709336893516502,4.631506395078185,4.654406652737033,5.861738611916067,5.032288593649514,5.911322540352099,5.5942211802638155,6.520433130549317,5.887969869048712,5.19287827428977,6.1198141100280505,5.987796241431851,5.55320386468509,4.646554225790299,7.429616281338779,5.904286896515814,6.059817014005903,7.065681159769303,7.39054201273772,6.938331314728045,7.2288657829594225,5.6711373887702425,6.23515774393451,6.170566131666524,6.849715394255073,5.504197231749578,6.724805826335483,6.3281680453883835,5.502552642729126,5.343141030806656,6.848845849051571,5.817245017562835,7.3224994339132135,6.7332685806672545,6.495382167129028,6.40815573786155,6.985205584465401,6.256073614987823,5.347931001919727,6.353334064356949,5.784749474397494,5.26670339977254,5.620718364283522,6.983918131996307,7.155985618580647
41,2.850262412383348,8.90687377337899,7.980058222690989,6.275000918629145,8.064200808300752,3.8053128602000683,5.069477670088888,5.691977209273491,2.779257676746046,2.881600337311384,3.3127151401720125,4.722600203551239,6.650902645887712,3.405394612696636,4.585234609258348,4.262485602282022,1.444936493771089,6.0513181079940015,4.400452445066582,4.713444401739146,4.854955366827236,5.304785921342862,4.834465305597747,4.434068651624178,4.17782222513325,1.1190380654547896,3.9027479832442102,3.8542218187366295,5.668286399859642,3.236459965894685,2.807263932321682,4.936591807190955,4.04118826086392,5.183019804263978,4.193408951569235,2.0857211318926194,4.543969256056427,3.0203239691597843,4.880899970834515,3.5510166728256656,3.0702587859779027,1.9792787479454632,4.187943748566573,3.462088539776627,3.0787670379864567,2.5961377313747893,0.19122310852781715,2.7752061264947976,3.2947735060174095,3.0689914944667294,4.263422165884738,5.009235406203708,4.701465465323895,4.7974372334433575,5.288960576128746,4.709374917292729,5.246447456228198,5.130810835472702,4.948630525269524,4.978055817204465,4.899936194715788,5.087972772498923,4.805093805802105,5.244478278183821,4.94602651430438,5.157393428668401,5.111227016206358,5.137665446207808,5.168513894188029,4.761327907524814,2.7651973089945825,5.2596489752270665,3.0596852370161125,2.1351400325809204,5.441321902954993,4.332079337995806,4.980901183609913,0.9556770306820723,3.02898068657231,5.575553145828801,7.930581285989086,6.113117737175198,4.501374412242193,3.5063437029141644,4.570633695983635,4.405214439742368,5.068889538112602,3.760887417425298,3.920605096779783,6.054784397519252,6.635094804828709,6.2907676257859855,4.4562081747964655,6.689772603364211,5.091466327067312,6.727495620575771,7.281509631128041,5.024820881146237,4.70949931570691,6.396121375959203,4.64454739426438,3.7443291135326704,6.333620655573359,5.008782564915501,6.2044973502694845,3.4735019318781366,4.876231410824552,7.531302739133399,5.503940549595125,5.967312039996136,4.977022267993008,6.794262727771351,4.353487365091837,5.817996397543379,5.899223915114885,5.861009217997765,6.009194344860514,6.2559206011383415,6.476090900653838,6.655420081777794,6.440823155690373,4.897928135838181,6.126833596384871,5.6292496745301595,6.507943755240172,6.213588021315647,5.974900672709126,4.699965610205621,6.634703437304143,5.818173160667011,5.858580486170401,5.549167341800583,4.864338274183334,6.037268607642162,6.629203065485584,5.295787643814015,5.385631999649077,5.037804054732587,6.344239594225074,6.622303593736202,5.788461748053317,5.594863403617616,4.892960238960272,6.0497027034930735,6.416382915061092
42,2.4664405828515785,6.075528904595021,6.196832974672795,5.916502405710089,4.0086204777303065,4.108408815343737,4.275248964521106,4.837059464210432,2.6069431718336107,2.5943923805453872,3.350578811721864,4.308126544850911,4.806746840861193,1.9740009870767268,6.354604263883752,3.6054974466536875,3.782266510153203,2.681505543281466,3.960517861093189,7.501371613612239,4.046820599853873,4.973227192089749,4.180874792711959,4.00186338082725,3.9488904341963145,0.9891523178563673,3.581721341205083,3.3571944456707077,5.311719975552535,3.2593927636493842,2.5932446907847004,4.716880730218621,3.472379854189092,4.9573515884676205,3.224810818752254,1.753226537512417,4.259503889401322,2.8858139723459244,4.546991391709646,3.302469957296459,2.8039761654860302,1.6412681855639906,3.7413974294655974,3.3514955847671106,2.469179296379863,2.2481253487429833,-0.24740228918680077,2.4986793351598084,3.0234545758849296,2.828918592970637,3.9263180929194177,4.409145138234509,4.633371921068773,4.609720535866211,4.418422913678108,4.449849622272508,4.73977356812926,4.371772270164718,4.174153023531344,4.257144427157089,4.906489515487683,4.684053995356746,4.7487464839564,4.877677103725125,4.25543659189125,4.643422943632654,4.588226079672805,4.589365062876075,4.332698299462521,4.139795983450788,3.9649899529603334,4.672789873109429,5.919145951900434,4.26798083039454,4.567629605726283,2.397757599273692,2.802478755976251,1.1853126171566033,3.05547697939072,5.333981113365233,7.6217792180827075,7.8828862767027825,6.94327362541705,3.0552929727536053,4.571302445495662,5.095258706284957,3.6349287187069064,3.3716182367531884,3.8138584212970734,8.009148075044095,5.672250450287729,5.897276916838219,5.689827758293787,5.800570073307389,7.119135599183554,4.349192107346732,6.1834794205550185,3.7019414979905267,5.914032643149486,6.589886792972257,6.078808696078061,3.9876046360501745,3.8871584407848236,4.075494516875867,5.745694776035176,4.723343869213922,4.2975738618643495,7.317290367804583,4.679771753791805,6.500384226518743,5.462800802979631,6.914799368375839,5.436785889004639,4.270604959376037,4.577330711844828,5.724397354367563,3.840680816126421,4.271520550600545,6.164283833755387,5.700138222859423,5.014496246573056,5.9873316752071375,4.969956064216623,5.874750064927807,4.167830198223002,4.5639894397447165,5.48442098659241,4.920904813270069,5.6246259273942165,6.443064128482884,5.00726178023855,5.73543301040543,5.733489446262617,5.649180368430439,4.71442007727108,5.690560281896946,5.002119723778619,6.031177827971135,4.489911997905014,4.496533654075467,5.905820978438206,5.110750196621085,5.829114823195251,5.415886151731183,4.4986864348391995
43,2.6806054610025654,7.856703066636475,6.363871066884994,7.648117270722803,4.890118431765392,4.252787713245365,4.817594043854822,4.5218998327819095,2.404270723086598,2.39010514440284,2.1210910192750325,3.6412132494806118,5.4885420305173405,3.3751609088589847,6.03609909332331,2.8761071892738572,2.0516302083199562,4.690357558496404,5.315799109710775,7.899560997403311,2.247322619057453,5.298590487682684,4.278243748270161,3.9028798912668514,3.380489785797639,0.48858626254673854,3.346171728312605,2.2407732940651397,3.9944732308046325,2.4595742416646433,1.580617697346557,4.145091339174207,3.302422194097619,3.7356537909998027,3.2822698039013734,1.5646165481659426,3.7306306309631485,2.2811662385605675,4.4098705857267655,3.0372818357149347,2.3867152793285524,1.5757241985744668,3.3012037102483216,3.0643496632058302,2.1473271376019096,1.86733545576333,-0.601806494281649,1.8527854991093557,2.4709685644433175,2.514893171553525,3.135999554755055,4.178140445708437,3.8698479783694384,3.8523152878439357,3.9571056651089904,3.773918873861409,3.9402406173557303,3.9621322685115126,4.018749090009065,3.758313412218776,4.1731286436831985,4.040851964218958,3.935972904154526,4.4148596655896055,3.8202904582383725,4.149702671663259,3.881948269497685,3.8072375711344226,3.950567655737039,3.993471667356893,4.214843754123033,5.355976977210448,2.7913604035638113,1.986707782939316,6.179281413287038,4.521221101369944,4.113006324784605,4.464374463012314,4.429577383220643,4.565651848970447,5.088968484591677,6.395495896213168,6.831355275091318,3.0843234162883952,3.566507953475475,4.8428819201868825,4.951916495831368,2.105932435168542,3.0204226273890944,5.07716355452439,6.838305757322914,5.684883173933006,4.273843261410545,5.214018432231279,6.037078148249594,4.509541222034387,4.782341709282215,3.246439381804039,5.632007081909139,4.237471126721565,4.489324220733891,2.57273295366729,3.653953305329727,3.4847891973987766,4.478473613874135,4.713545218997398,5.259682715099382,7.953349441415579,3.7114308960375944,5.889185741396836,4.9099154344277816,6.115271714522866,5.4711154368393,3.916307392140241,5.84994894041452,5.522530903601359,2.9408280811390353,5.145372972779537,5.7747096791135775,4.6986352646039515,5.9709535542502845,3.983541482511234,4.414259629642537,5.658625080659997,5.199990784601982,3.935079458055029,6.031887248367482,4.975448672236234,4.138871976224871,4.248415057807127,5.694940467028541,3.99959043964672,4.549486429812798,4.073001539712135,5.420574746712672,4.816098083102164,5.74340081972544,5.685838950423625,4.548998807099254,4.916999993250716,4.2429449360021145,4.258793165815822,4.48196502445679,4.792121561428347,4.782931968935014
44,1.7317538286351692,6.793142695623727,7.495097102008755,6.3492242486973725,5.2026558287377,3.4631973082312513,4.168341561227397,2.993714831749805,3.180705928708772,3.6927467445155644,2.041447372380122,3.2014275148873734,2.6000764199373925,1.0666907756948112,3.188344285857751,3.131246260282615,3.650976671896341,5.282884496505309,4.668033315905078,6.744051261850401,2.4947180504020956,3.17279453953873,3.3213771245910175,3.717509472239984,2.2656944805990964,0.01987987227064017,2.9367983328348477,1.802008296726211,3.5793476291937334,1.98906680312437,1.2434667058325912,3.9884830038605785,2.8351953617045,3.8338363332185894,2.9434494442521144,1.6486439993685382,3.4457166990650694,2.164418478335223,4.165733399032082,2.4003586039806377,2.0227051993704768,1.2404512227942666,2.848075445973926,2.6796059785217765,1.561597684369829,1.4826213214474133,-0.9289085872388472,1.5442865959553755,2.094631885316323,2.2214653071971453,2.6679514530078507,3.4943569787875552,3.296015285381046,3.3645221833040346,3.4608768520069124,3.2842603663788337,3.4451649581507797,3.459233840880348,3.3573079180716103,3.2686681276052143,3.54074896032135,3.285607785733112,3.5181059023104146,3.787082653683176,3.3603990224026963,3.558287176023516,3.264643645683486,3.7498537472893245,3.5311798604815277,3.422223802806434,2.929108391461586,4.040195520524928,5.418738386958695,3.732978132552203,3.104140106581699,5.638316911606345,3.722379451338575,1.8755302248260954,2.257211127545878,3.231136169050308,5.148003570145889,7.379556816852427,8.224915520708228,4.771666696789033,3.2907457203069996,3.3880120046414306,3.2570169383852754,4.767940145592755,2.711914162315799,4.086660829887484,5.808400797508285,3.917339428364606,4.922061897199281,5.867797282420474,3.7953547457332486,5.469028108370589,5.722580705174873,3.256082594568974,5.0677755602125725,3.797184725496089,4.1488433221830485,3.4737287131324694,3.325487395699559,5.058627914690478,3.9219757079197066,2.404844559377464,3.2159739722432006,8.361956514926252,3.8758339066716867,4.944372294937944,4.688073330484961,5.843708454131445,3.7288947344233976,2.9892362866274893,6.461445052634628,3.1119646787046102,3.210826031800881,3.7086609290979577,4.633644400464313,5.172626275886191,4.765215936352877,4.67584795032395,3.9499984514184185,3.477243967904683,3.638053374210088,3.5430164658221717,4.472572467484626,3.9246585673420813,4.059184324476104,4.096151617573311,3.4128730535364005,5.460268622880271,3.810404218002465,3.8805550829061226,4.978669565056664,3.6652665994307627,4.120476757112281,5.3477869234343895,4.722382676407607,3.534728978500747,3.189120316817024,3.9893946880812328,3.6475728583447826,3.427464687907859,3.7895817167111328
45,1.5997177535892209,5.731918988808166,3.1576582911162516,6.03205691522761,2.321497311132487,2.1489096136463663,2.398715449047731,3.248905908848118,2.7759595970589572,2.1997564237527794,0.5973629538264944,3.0398787845405613,4.958828262267428,2.757337985911506,4.087044432210786,2.52482053201869,3.3035234592300293,1.8094233792874646,4.968504079333385,7.023460906536936,2.2750453936612143,5.134305954480245,3.2046815412384984,2.539289917238211,2.206045403497604,0.02981445802895699,2.6183203581471575,1.315896096840673,3.0891547081469715,1.3811070123447495,1.224447769147027,2.8273643578307426,2.006709468811749,3.259394559551079,2.094292325667749,1.188959768740008,2.870042112520309,1.7067413767605375,3.6465392866977417,2.085623465448396,1.927208977845973,1.1439987680958315,2.4789277078298393,2.1962510424820723,1.214152740352542,1.0366290417960462,-1.332835021682237,1.04990668196446,1.8597481380704588,1.7412649393777386,2.042393375919786,3.1432817354756297,2.76483390524356,3.119775308702535,2.820548876836745,2.9496564413783553,3.2487248370170345,3.1469219931097263,2.673947072509583,2.960344278309613,3.0692336157941202,2.940004551252741,2.9469741193363994,3.013415125132556,2.6978606311522544,2.7703161528879767,2.714189022581079,3.1587328379976647,2.987248712423061,2.9872092011367726,4.122976083598679,4.444769515766001,4.7360373986582545,3.8341192868646443,5.709332824466195,3.2736099248543615,3.781908457537914,1.055064570725724,4.979151357309783,4.632683786100149,5.104010808244015,5.652146893863296,3.5003111565796288,3.6367017787323976,1.4792211641207962,4.553294052630999,1.730660857548665,1.691561323258143,3.7541649612425254,3.3701584853829507,4.745498836334535,2.278927014272174,3.8763170188028253,4.794960320528537,4.0349080947818985,5.4433056410324845,4.860788145176341,2.7060473787319426,4.774623911956889,4.713664957632538,3.6060692073867346,3.8283546218832,2.6500993578698417,2.7700096236185363,4.220887251947366,3.8533719440136713,3.5248237538284357,6.576651886389556,2.619956032609965,5.185266433506314,4.570728011426504,4.435310203595469,4.091757453354477,3.4434117546666334,5.072082608875075,4.322094519999385,4.5032456950286175,2.659470628203339,4.021067139934575,3.4591369822444937,4.645907487604589,2.9150856937073613,4.365004454811999,4.279671111511707,4.750123883248114,3.8013230200666728,3.4310344386319045,2.6355019771459784,3.5398019970886545,3.8436329206159714,3.1752528991252813,2.9439101127003986,3.073904857427758,4.849015582897508,4.3712879194371315,4.372927097443899,3.411557062813885,3.178593418496555,3.542532684627158,4.403964863448549,2.7980490967060003,4.158575471998448,3.8995572962470213,3.818591094348271,4.161839579118344
46,1.162836089352119,5.9166118521634665,4.703064426473121,4.606983090821661,6.456811913719469,2.943143319416699,3.509208598530564,1.7430024638996606,1.6598677059536635,1.8157738290937862,0.007288640150155387,2.8561765736118128,5.147741717100269,3.6429234244763893,4.618599400802497,2.1449794936668622,4.315042473059994,4.268266366822028,5.6974310477879175,3.372740785494508,2.606875849259481,5.402476741610606,2.263912880066607,2.150423683816068,2.3351980801335475,-0.4126851909652697,2.278133453137942,0.7364306381432245,2.875346333273687,1.354681672560618,0.3413280478576992,2.9391106711058876,1.5812468917512268,2.2122575851919364,2.0270687760833486,1.1543125364913358,2.0484529006151533,1.1539443084769956,3.2246125321752808,1.6886840298235595,1.3122747518960012,0.37847226603765394,1.91266769885689,1.9073350232165698,0.7037875737711349,0.5956678310166513,-1.7203354670987852,0.559348426661414,1.5874774583842033,1.4999302192952744,1.608364917043895,2.237256299035391,2.4754196952455816,2.617472420814338,2.6399998727392875,2.390163488731163,2.534985275788195,2.1706823037287646,2.033797447149561,2.2765743440870643,2.765043579750558,2.0931929955732507,2.3288586496472026,2.446066266697271,2.023468881494411,2.3111541726266984,2.5842482963349167,2.386305939732428,2.36014465944958,2.236838227992157,1.6399559636961953,6.544320787567024,3.5196586839632547,0.7836073603249107,2.3000421240014197,4.089400300498273,1.2618647779533876,4.4043268503807615,2.4148080426383394,3.282371158528268,5.2224740127898786,3.617175338799743,10.158020161372804,0.9337181944097093,1.8351103573911143,5.614219338928701,5.042968910476601,2.733874494012504,4.076468519780261,5.43602978918349,3.663726893638822,1.2638316884431797,3.1389030101755004,3.905093166543333,4.152271624643535,3.3563926825223653,2.9294711617153983,3.263509475399019,3.877117191582784,3.9021097690590185,4.4673716501412,3.0970919405165427,3.5649562373774417,2.840345309741874,3.1942303863720527,3.763650954513735,2.442483584423919,5.204168154612137,2.0116590843196693,4.012010134370694,4.528398558949695,3.039222991689799,2.6751444923462033,3.4926980213393657,5.439921490742474,2.8538404946132356,1.5160339381827996,2.8013042180620253,3.098891272295261,3.988513418879926,2.7564252335417696,2.4897418224423666,3.6517758999061396,2.752023670349311,3.2460314150653575,2.6833008319083946,2.517317767558506,3.0710937081560274,2.567562320976897,2.713943746340545,3.4862214132623643,3.7469028083241875,3.3414326054748424,2.1949791123739897,2.341907594496397,3.288380515810195,3.735360944526062,2.86462306066554,4.158423722858983,2.954328565584915,4.06532719935608,3.2615056743799005,4.346428665519964,3.6942559924764287,4.479309203866871
47,0.8900488094960246,2.742864205889051,1.8655074321214826,6.637552378373169,4.027343728644675,1.621263591796927,3.2497168618227565,1.2188498204770928,0.7913737514002599,1.4823502084207576,0.24510125645799763,1.964220881468687,5.596767940339117,0.7083393050132265,2.4572111811052544,1.1367330662484283,3.3875397102456315,3.0487967927487007,2.3959226154319344,3.471549966037149,2.333958097928369,3.533157151833144,1.770936552145846,2.1023602856955055,1.1549656133207724,-0.6844114273617334,1.9115582887121407,0.17981993154456063,2.5033073980851865,1.1769703526118227,0.010924548023819203,2.252912591248067,1.4034612560483235,2.3199695986261455,1.903507406927668,0.6327911480614301,1.5316338771081641,0.7864947298458911,2.8988291252469356,1.3206434090651202,0.9106255641220359,0.17621979041722213,1.175108410498624,1.4534515624183701,0.2966416506896287,0.1801013420177873,-2.0563929738026205,0.15578747125866488,1.0346807397968754,0.9508436603849059,0.9570460968473101,1.691482938787265,1.7451079191283303,1.6059510615146995,1.903985663510507,1.782938176494222,1.6995420339395428,1.5760607238130993,1.5366801446023057,1.894333618877525,1.763786829636347,1.566191586135407,1.8758763163078664,1.7877299438801733,1.4638747396458753,1.6599939688955905,1.6435511189453311,1.6308812507033714,1.4690947996417714,1.7303599122390958,3.9944920986822527,4.556680941895646,4.4046527100864665,0.3787523508920715,2.585329813796462,4.206427418826065,2.7504286293326885,4.986545117348546,2.841021915614268,1.957777689794916,3.4599460445002483,5.346991781841048,10.308213888005952,3.599655297955265,2.418597044258446,4.464322940547426,3.432501411718378,2.2847395388098133,4.408234951141867,4.331519338943276,4.864620388707564,3.415802244008469,1.5688792487208831,3.208056266815368,3.074878162845941,2.7331214703821507,2.7799993963350493,1.7813342623123083,3.5603411084226857,2.5975822154626322,3.7555592892909737,2.8622431340479766,3.1394483821894252,4.0405837004628005,1.7611842913444642,2.972219321786866,4.199998811536293,4.189728304694128,3.158763032792879,3.927860709071914,2.130692656699096,2.691112614063248,4.016997263634265,2.019890906265789,4.418644392130087,2.19652347160657,3.088077591416849,2.672988937166983,2.0263330237514694,2.1627795479276317,1.8159020439432607,2.675838318545901,3.1415070378028904,1.8739911963300566,3.3881089972931804,1.8079523895332437,2.655288602601981,3.260629602576161,1.7689033427519543,3.2316805913710036,2.854617633371402,1.8348279227268594,3.219797403774767,2.1902189094489786,1.5954584956507472,2.1818290339406676,2.6691095181235793,1.7523406395292365,3.4949766568860055,3.1123838282999547,2.5741434674373105,3.1827387882695493,2.231040882026723,2.389731419623724,3.5165178715455583
48,1.3448701552822582,4.488079268993269,3.3507897965793263,4.112305718677125,3.23567571931359,1.6216015922530729,1.9297481219834283,0.7921646468801482,1.153044791506341,2.4341940041897567,-0.5938123294858988,1.2136008143844546,3.6304628970502426,1.2004490128260643,4.520662096958281,1.2875381630898393,1.0042359063302804,2.6614563224752588,3.561240051403567,6.90432568904337,2.3263131651802973,3.5052131348916684,1.5686905389688688,1.745756848575236,1.409485130509323,-0.971171437498405,1.4323649195679047,0.4842117781608226,1.824727739106271,0.514006034528759,-0.2146274006707951,1.4083955776531805,0.6481990186895661,1.3490864090268881,0.9105967947465291,0.509208940962508,0.9913341574318675,0.3582124855861873,2.4667911830068596,0.6339382329642805,0.7536020413392889,-0.2603659760005853,0.8424800560511874,1.13494150089378,-0.4015110213372166,-0.19953784072840214,-2.3412168178513304,-0.3492084311720782,0.6331219964089361,0.6359484593350894,0.5076100495173321,1.1967803292233958,1.3443165037342615,1.1508390433897617,1.3549401082149548,1.1350561271616253,1.4119048523912079,1.0239391082059217,0.9323234593329225,0.9580235636572447,1.521024829202516,1.057043869670016,1.2229546240771043,1.1580538569777723,0.9471588404162545,1.0545874089671359,1.2752411623921982,1.2997073690293155,1.1605829130388499,1.1033772551060894,2.279216864834134,2.271171992977872,2.4146641300040024,1.1028321812377202,3.2840964107895143,4.127953510488874,0.8091735841923704,4.294347115271592,0.8998524819176774,1.5608408803125025,1.7948989453329218,3.542611116295163,7.050415651029314,1.702341039005458,3.6800978239840183,4.412927705165265,1.3883807221100404,1.3840161274526777,3.492447502445068,1.633874374230514,4.626140214135598,1.2277206465296822,1.9752107495265245,3.6000033589321294,1.4334706645859825,3.8258805414194654,1.9889549739435806,2.245957273472083,1.2758589839501813,1.9296879498919515,3.7909309212522477,2.024379168864144,1.0636645559070912,1.3054966637524104,2.6562680998490027,2.2813611391520863,2.4861475321852398,4.192770835304901,2.4815832516065965,2.330117390640374,3.6563390741101,2.847429641412142,1.1513322631753227,2.213026977150406,2.8670146987120715,3.5665475371519055,3.195385577941888,1.480483047941299,3.251639628871486,1.8208056032623232,2.7465296590979156,2.6451274399429567,1.888738173195753,2.8236590046306205,1.9699286550475443,2.893902596441636,1.2480849430560035,1.2585425375412274,2.687955510166398,3.1591295070905967,2.658318089484072,3.115688621182803,3.038225455026507,2.7006470052495892,2.055107464295466,3.086311689929068,2.6396299517961697,2.100768923789862,1.3857001109252387,1.4920514482469653,1.163293585478417,1.7843062509033318,2.026186621131984,1.8203285029681635,1.303816023126689
49,0.9747327556158403,0.7805052263596366,2.7631608907445138,2.484629351308288,0.5457059013491311,1.676313717593121,2.370324654055999,0.6230427347723954,0.4920559611224847,1.8477720939148163,-0.047911491799248696,1.8582076221685078,1.2255023343694114,1.9214576732799125,2.6501901087229696,2.912140299404256,1.1729072752132192,1.1163789248592528,0.6639452355302949,4.88033683050411,1.3727962144589438,2.0477492803781265,1.5662761262527223,0.977358375850842,0.3004656784410855,-1.7336691798920223,1.0412380438647346,-0.7386714687373435,0.9123384430032069,0.005205657247582485,-1.166454860675146,0.6053628336691388,-0.060701461459141084,0.6409674897745574,1.1080548369291876,0.163274340099155,0.3933261094081058,0.09600424461137272,2.011228482893167,0.20831540317194738,0.2872878862301588,-0.16928668727024368,0.017287849317394285,0.8737182389017133,-0.7869783641523297,-0.677913531261786,-2.7090273426974285,-1.0257773752997517,0.2125831282623706,0.4893437202532785,-0.1216902603504329,0.5141875882424938,0.5733633515389245,0.8625154773815831,0.4785232862398704,0.6071605023000987,0.6519453973496944,0.6975530516778873,0.18128048889646994,0.5049364480678425,0.865617907746772,0.6677870964071329,0.8005187096306334,0.675889784573836,0.4667532504296043,0.2777825142082869,0.6712462126673497,0.6931532932341062,0.28497405099889606,0.4822639671619,0.5443754692488425,4.65845753991071,1.2964971039247608,1.5057747346652472,0.6989060027355896,2.3950249648079334,-0.029689238044582955,5.379464796290373,0.5856814106092636,2.0288182069827214,1.7814321334806635,4.680262085419087,9.332416919243881,1.5389663299976044,3.6778852166651426,3.365154251300646,1.605471658043519,2.709526929745753,1.758104183755872,3.322987438023189,3.06313200295987,2.062169167539776,2.017989220492041,3.055213867642405,2.2480169781309165,1.6708228099903077,2.7807323960916293,1.6590302506941623,1.2703680884698885,0.8017840675137763,1.3960817901121554,1.436442162199452,1.6704722584637202,0.8082159454443966,2.7207733826483107,2.4143708992118365,2.2189207497825176,5.325791908503181,0.7003641448010889,2.72618931471733,3.8359764767315165,2.591754730087599,0.9228678091248224,1.1300006075125195,3.6595524620869773,1.3772063276758426,0.3951063597176157,0.5877877112689094,1.1947355008148568,0.708401928287244,2.469853629395062,1.123693609106453,2.3252394167631905,1.4657962592608178,1.4611571017163703,1.3961538112372656,2.2117338525475057,0.2908759064440677,0.6793849317125913,1.3630699001586848,0.9707674450005647,1.0163314425180403,1.3816135189159373,1.66955003067995,0.49433406162990046,1.819228805802093,0.948989110231153,1.665635792940762,0.4882217257413302,0.599469984530481,1.8642408516703284,1.7831370033956833,1.3197948546751728,1.3355933236930697,1.382362934879124
50,-0.07975677772348116,4.066856147348787,2.4986188045400732,4.52174960843773,4.16136938923734,0.15193202771154635,0.6405974296577857,0.5169575120332304,1.1614021197177296,0.7527698230114328,-1.7835115246786568,0.5081717026733089,3.262615154149886,-0.7773393866269876,3.348472807537969,-0.008360967987849133,1.7681034742014483,2.4631379455951548,2.6624817901857143,4.894834680001958,0.9677987588575072,2.2015638985067727,0.719007055021995,1.0852632799496202,0.5653689002159387,-2.2399446800711647,0.6508764366060441,-1.0768674144258086,0.5930124187432241,-0.9651212333054799,-1.432333830607151,-0.224489295555023,-0.5377291573512404,0.5210242105707824,0.08678146375657969,-0.4325402566742311,-0.06379870797077641,-0.41580989317049083,1.4435453656237256,-0.25033983400180254,-0.08678748343795817,-0.8219618057669331,-0.3683902703478661,0.29030023922943105,-1.3401154334275973,-1.0370504798526787,-2.9403364466083177,-1.4632980192275657,-0.14735023080106138,0.07105311629985236,-0.5923376223215788,0.04969018965368138,0.15478565033106778,-0.18997803189557316,-0.21164754482680762,0.03738347272423215,-0.22138935367181564,-0.2321567958486626,-0.5588596235814749,0.04796683083612335,-0.0044719745756863355,-0.35855072251765147,-0.1365514902724857,0.09243713082415109,0.007372871990772911,-0.3760946691451271,-0.3126013466856845,-0.09532952023891625,-0.3785979096456352,-0.12865567837440162,0.2325488867179606,1.5893619068110514,2.5106352046057507,0.40687580517919875,3.382720276180933,2.7446835034904398,1.565544689999462,4.418433335250846,1.4892927425030429,2.3058040562358397,2.7290415917395405,4.274232379121033,7.467983300291416,0.2848527466675636,0.41757763350728794,-0.05486343127800189,3.1797521812639378,-0.48781762345352364,2.4203703282517672,0.6304266369363727,4.5042953711470215,2.6790970319735177,0.21717199907721885,1.615531349808597,2.58990918902517,2.804576111524341,1.2026246968867467,0.8529301699934977,0.5724653313310998,0.04053055242263487,0.2213378269913658,1.0874559715067615,1.867168565134993,0.31723593186169313,1.212079083786426,1.812988683309007,2.862973038530379,4.847251425164206,-0.8097929102377402,0.9457881338636978,1.2432448601452306,0.35013424597299725,1.2651013460669496,0.10883838757837191,3.190531700998049,1.0231770140199516,1.3665879714139177,1.0064290184535793,1.1462948170207776,1.0892655622514176,0.29294032334362463,0.4480311382803067,1.1915216132938493,0.7327330558324994,0.18083332027326404,-0.14304593910532815,0.07027579307479415,1.3546265103207409,1.096019541983406,1.1311878755468903,1.3285505907411181,0.27237840982197925,1.185106459769372,0.7893924944102704,1.2271495797531133,0.9510568649877935,0.9750742658213494,0.679529019931033,0.9627025127435178,1.1964828635591325,0.53442952169903,0.8582705461530766,0.24019792096712878,2.0925908613731936,1.3805572206860206
51,-0.07082729849109282,-0.5187060787765901,1.9869176113024611,3.2527680199299884,2.4012199294919827,-0.2962104524703628,1.3203665865295398,-0.31830093272575444,0.5034280428075482,0.113750564023398,-1.4681275512496468,1.787686360871979,2.7136974624472368,1.9471561571618254,1.4140183252981167,-1.1000455598927588,2.4044623516403782,0.9598973777626334,0.1528094760283505,5.417191968236731,1.0140386228272615,-0.029711220867918442,0.25075759292690747,0.06371200929419368,0.23067945936746215,-2.6056818965102617,0.24187166144298844,-1.2778111958133547,-0.45780038040910837,-1.3626357021767064,-1.9925355780321365,-0.30746863554961346,-0.12675116160660416,-0.9058995451443606,0.10319769150583702,-0.6814832977113019,-0.5916333669894647,-0.5855873523012145,0.8735281537389777,-0.8009936234543072,-0.39427271838007966,-1.3450333522752382,-1.0126385312198063,-0.21271855043703175,-1.736714444645883,-1.4503026058144204,-3.1318255128943635,-1.929080301691458,-0.41947152767760315,-0.40635523127028306,-1.121272813809622,-0.9057259727731055,-0.509215989676872,-0.5698264777349855,-0.5915352428647922,-0.7695016166654364,-0.50082048083874,-0.7436309909333548,-0.699295443274421,-0.7819184468447115,-0.6410018440250311,-0.7831218608600903,-0.5611590406730396,-0.33123487875289076,-0.7750051593429709,-0.9373841120695555,-0.5019608667514497,-0.420064661414604,-0.6942563944979558,-0.808424234512725,0.8198274342338061,1.3087997940851481,3.297385777208879,-0.6820933353620355,0.05193338642152617,3.45634843027828,1.2428264597976793,4.69842377765236,-1.4712956792748306,0.22542777584094953,-0.03852147538180983,3.7505756792777563,5.932943086018222,2.271766101509299,2.7095222682340143,2.2986336056108723,2.655445723064764,-1.0380700491775292,-0.06924751498149229,2.926434169584414,3.1814656331352635,-0.14024384370703913,1.4610487064085154,0.1822510162872102,1.2436965870566812,1.3284159334917554,1.0858787151328575,-0.82379721929901,1.1908480738122176,-0.41580777361130494,0.04426235339151552,-0.8837263036634284,-0.4749488566046095,1.0314980175054946,1.388206705011314,1.5896185922407953,-0.27182749376284043,3.751659152936394,-1.2672663506302297,1.5915382504209334,-0.17173851354457603,2.309696848011838,-0.0501316868667101,1.2836405940721365,0.8770189790452657,1.4978938523496583,0.2104755422966038,0.2654279158900452,2.3593036013749114,0.6778700817792978,-0.36626899479039665,1.160672825402294,0.2895953580587558,0.551261387792265,0.4028450289142671,-0.6314157825361927,0.6281108266193729,0.37805129155134365,1.1130394895520728,-0.23761228139763135,-0.3270959098081312,-0.7824208653842049,1.2690273481855368,-0.07764792647920582,-0.5181972083350964,1.3903700084982646,1.1107928226095067,0.7972032841349761,-0.4728250613830347,-0.11931174246142706,0.35226302270912613,0.23838932756365616,0.11989646100191576,1.1878254876884755,0.7435192273890572
52,-0.29234211550730893,2.9244503745799473,-0.41285431726227695,1.213297591060443,-1.2714467914603242,0.3682441750516021,0.25797877824820414,0.118201200375329,0.7187089700947402,1.0046895143889742,-1.8782731302186662,0.6730126630455506,3.572058568178733,0.10109719598616951,4.861265873437986,0.30698905367524354,1.7863145645919813,0.9351828319772966,2.093115901892813,1.87639754412448,-0.37430850389394044,1.6500168251712775,-0.5536908006334272,-0.08552722488560605,-0.9804205555744456,-2.869819645318246,-0.2890927950078741,-2.1022863232230495,-1.040066389068461,-1.5368503360059624,-2.251817515123416,-0.6818516083690386,-1.5023310257866966,-0.6045912942602206,-0.10856939059157888,-1.3221891026867305,-1.4255232886374405,-1.0657727051770547,0.22666988133939261,-1.1238719626250022,-0.8857748265868768,-1.5145300867615599,-1.4652346400673115,-0.3627591764772343,-2.1613875780166447,-1.8299570783158683,-3.4381095186766544,-2.0739653524347834,-1.0075467516378878,-0.49565155776168124,-1.8796711485845619,-1.186966240087421,-1.278830808392599,-1.3777035755027989,-1.2645119963372875,-1.2629505375565193,-1.542337426529078,-1.1164388160975152,-1.5722312453555236,-1.3819155273084118,-1.1630101208739136,-1.596238556417476,-1.333694796287997,-1.1437897062306874,-1.242054507445179,-1.5657317826618233,-1.2250145529015422,-1.0351149472681238,-1.5068615681486826,-1.2908060346149524,1.0088466420187423,3.6065962390667488,-0.3727502692088808,0.1517109613625478,2.4902548596010647,1.9954059553982069,-0.18136458668372124,3.305254693958659,0.44135464044532524,-1.4714892767677328,1.9770095136085892,1.9812193506238307,2.2157297012751695,0.5301130311386891,0.22743345077751076,-0.9049285737999881,0.7800666239312251,-1.1215101654692077,0.04671254856851581,-0.0057996037889500585,3.9096606021781506,-0.20391671906345876,1.4939048571337934,0.43137784089789544,-0.3205451995275497,1.2526274295407522,1.0623978996230896,-0.8429771570493287,-1.0731383569266082,1.0912212406143982,-0.8663408574796804,-0.06761289057473885,-1.148427808242024,0.05045473551745916,0.1917892264166181,-1.4860302243618593,-0.6920732913737733,1.1889813999906422,-1.7119512966571089,2.00545299273429,-0.5407026875596235,0.02691601807619748,0.6579807996106428,0.2741640083103174,0.545927427748973,-0.39741512946504876,-1.4175691085584172,-0.7914119847654053,-0.5251532871411662,-0.4727185424745788,-0.14539824173405025,-1.3249846437426183,0.7865014914232997,0.07829762710738963,-1.2438506605009798,-0.6927052409159612,-1.2716234746056618,0.2297445960395612,-0.59487042814023,-0.10081934091065903,-1.0649315471780234,0.5946664149395802,-1.2582364405894455,-0.6452896225907514,-0.6462112734245838,0.20904530320537162,0.4894528251862549,-0.5598009941455936,-0.7026085956422341,0.16113735181242173,-1.4807739000270899,-0.6231388243787135,0.17702665759577907,-0.5371132803638803,-0.3117716947153697
53,-0.6478762026113447,2.604062571704268,1.8140360996258496,-1.8035658787499709,2.174561244307149,0.4249106395827107,-0.29729381939496835,-1.5095472112273183,0.3871228362769814,0.18087705233733176,-1.855962100062171,0.5700792391391132,0.820295464085965,-1.9595949781341782,4.480225853750043,-0.2387255581462404,-0.6299925265705189,1.5757917751507438,-0.8441465051850725,3.7045575419409724,-2.255914806268892,-1.0113315234655378,-1.2628572674084924,-0.48397912144425614,-1.2924600851970007,-2.897587868405509,-0.6539157911060061,-2.670109922932774,-1.0582361875125943,-2.3069389998149967,-2.8877714678163446,-1.3749637604949656,-1.6372212302264906,-1.4059247537809272,-0.7964888132663057,-1.137372178242899,-1.9826919232161204,-1.4846802372175867,-0.08255473972773503,-1.485783803396465,-1.1057373522847929,-1.9221755799387452,-2.134635516947977,-0.7883555072648585,-2.817389022617416,-2.2191662122012974,-3.609792071962133,-2.773945369015209,-1.1438771260794578,-1.0363082076174832,-2.543880382364571,-1.7302433616961475,-1.6559830115748897,-1.6801817545255002,-1.9730788536842387,-1.6808406254543924,-1.7829239165101063,-1.9412848478173597,-2.1075015541020177,-1.8719916776744556,-1.8244753296419114,-1.772226273616596,-1.5743742902705316,-1.6984807339965011,-1.7735993690837997,-2.3598747724797127,-2.134563300349464,-1.7387520369878144,-2.159027285858055,-1.7731244340358916,-0.7366225963827204,2.2895167770595473,0.2695652698617643,-1.7795774809093399,0.17781208827736328,1.683248531361195,-0.5604901952290031,3.9553967418338374,-1.7693348330061087,-1.0112490780966965,-1.6764514959855874,3.131463324018724,5.788292070641955,0.2927023199239742,0.9150254426890312,0.40054219123156876,0.12890884990259344,-2.11381206641831,-1.0416853604553646,0.5134205791863808,3.459802925445401,-0.03664940419552232,-0.28812497658150704,-0.9739670753837903,0.12217073718260618,-0.8666701781544608,0.48331824645609944,0.20457183507702892,-0.1399024639252937,-1.6949881371518702,-0.5683250434889033,-1.0775531948751496,-0.8448328376392753,-1.4546803201039087,-0.34442015486280675,0.015318187284182105,-0.0982659491937663,1.0507343112472682,-0.3218575307512572,-0.006892471759185614,1.2189156162088532,-0.0987545964978187,0.5442014208071364,-0.9332744564368765,1.1268878084407432,-0.8596887399059255,-1.4220449898318461,-0.6665275354372506,-1.8823545767370629,-1.2039464760760672,-0.21779627545681057,-1.6881800647137952,-0.007334388645375389,-1.7936003411861128,-1.9902496018217828,-0.6557835055183365,-2.555832655717909,-1.621483449810542,-0.7326082609702258,-0.4912556245202109,-1.074901039127354,-1.2529263298814088,-1.0880151284607753,-2.075488580862446,-1.789818182142354,-1.3868629907719736,-1.1624851431518914,-0.7050924867362429,-0.11026847459649503,-1.895952216501929,-1.4900351316424143,-0.6038798759690172,-0.09595965341989254,-0.8496856628300218,-1.5124266224184373
54,-1.4504822366539,1.7939449693390728,1.1684016253983156,0.16534324564611147,1.9514439616936796,-0.5714191698883813,-1.191571367471318,-1.4913834877192262,0.21094697298386467,-0.18198138404235142,-2.7324603774729708,0.7164874703109556,2.3589553038494326,-0.49964056594856476,0.5626076499818028,-0.4857544114928207,2.498216102215265,-0.5621076401597369,1.5299262198459544,1.5412333078161877,-2.8887986552434404,1.1969944463506037,-1.89498657947141,-0.8786488771749801,-1.0828322157000092,-3.4475673343748614,-1.0788964684830922,-2.625053889658264,-2.05146179164043,-2.378840485328551,-3.4854177469358962,-2.1264434361211935,-2.0629987001039947,-2.3430935407857696,-0.8359835190918498,-1.737787292946587,-2.3275339109788873,-1.6802397613128537,-0.6408308775972561,-2.1520039917208096,-1.758331376802657,-1.9065463247647274,-2.446429495467688,-1.237577379739325,-3.2321402476183145,-2.5446090324542014,-3.8054395698913477,-3.1619911634713365,-1.6784569681228847,-1.2578702947396712,-2.856866258266631,-2.4178052222035897,-2.3348798794355425,-2.460961468578385,-2.4924419727569833,-2.3026147022750623,-2.3514419122570196,-2.2715555807604946,-2.5730817148910425,-2.7014070116286892,-2.2623648471567015,-2.375579677676259,-2.502224289401217,-2.2244194885713373,-2.460406728658762,-2.8633303607437925,-2.7209397427657103,-2.4960905933792215,-2.716839082654049,-2.472004201734796,0.8339330701349554,1.593964903329203,-0.13289119142456451,0.10334082814111234,-0.750199953035908,0.7437698269222652,-1.454554264303157,4.374241870694974,0.5588792533856237,-0.42317336164640507,1.1558085240589495,1.6921976778026986,2.860259334260248,1.51859435002741,2.3458417411500294,1.031290911214243,0.6892072219567837,-2.5235238341516055,0.26299279471144543,0.08472568616647047,2.8200167011169075,0.5023355688541096,0.7612274924134301,-0.3891710904962613,-2.203987635606108,-0.30530527369406846,-1.401357847257089,-0.4966482403283785,0.4877770883265016,-1.3435230871180999,-0.3506002908775465,-2.200443046569907,-1.7667985892380504,0.4947599872404793,-0.959640253063277,-0.5684751656941687,-1.2091140270383298,-0.7307878412654922,-2.123740408724145,-0.14986398809193813,1.0886246459103637,-1.8658129654640183,-1.5597158284421417,0.6557284603902249,-0.7561721876431033,0.3965159091823529,-2.273455902034391,-2.6716686218456323,-0.13625943988650757,-1.495888806145876,-0.8450609929572543,-1.7744933220301193,-0.3651054500309918,-1.3103130707846868,-0.48699972851968765,-0.7822247343077657,-1.9015305392003938,-2.6597906012833166,-0.8772849145976356,-0.7619967407882802,-1.3213487947821727,-0.5810127815353447,-2.3611747237374794,-1.5409056464866115,-1.4991053945051938,-0.7321874952758145,-2.0632400043025148,-1.3424401927232805,-1.515579504735517,-2.3627027226131,-1.9580543264940893,-2.5961677607399554,-1.6239227193403074,-0.9855094878668742,-2.383199779941948
55,-0.9290356740669017,0.8398543815855892,-1.1409878676947778,1.4035670205213369,-0.18796105936587448,-0.39018160146245195,-0.5895735173890144,-2.266602912975907,-0.23271350470685848,-1.0012488893706672,-2.9465426480174166,-0.45384198576809454,-0.2669166941818939,0.6244463654698871,2.7156949824288397,-2.696299453482494,0.08150353880643801,-0.9958861866651225,-1.917282479807991,4.423703809489893,-1.0683430906823217,-1.0230001160961106,-1.7679422531022482,-2.130547953522457,-1.8221570958767392,-3.35041728680402,-1.5432213129748371,-2.8461750928795926,-2.8815068980202665,-2.863441520956706,-3.761062055645796,-2.2384854191106105,-2.567034875739167,-2.678492787730853,-1.846710979159655,-1.6949755085782483,-3.076340037166165,-2.1362748693826816,-1.1048569300869016,-2.2702378396563523,-1.8340621899822167,-2.157466586326894,-3.0158562928809522,-1.6428897001941434,-3.4218036368037934,-2.9166874169670725,-3.974610830822338,-3.484603063156185,-1.8826386411836022,-1.7312000426440288,-3.376903918751744,-3.1384460363501416,-2.816297045319035,-2.9912822395547174,-3.0590546217789405,-3.086228864141628,-3.1688338326337187,-2.8273683521676474,-3.409697663686386,-3.047697274241341,-2.8985685176150606,-3.2067479956352565,-2.7365305810286027,-2.8400764329053265,-3.2337462479695347,-3.414159833490708,-3.102483949500317,-3.1384688936701295,-2.9515438320776375,-2.866211851301879,1.7140222109979817,2.289512800813645,-1.5809396708725196,-1.471372105510341,-1.2317730316113202,0.8966617053799418,-1.3989880488158875,2.320358089381169,0.4429404513441684,-0.6028587990945171,0.13161188534714086,2.6792543874200003,6.024365170894388,-0.8755148146418879,1.4694281490724928,-0.0017989966655012068,1.6531384981944632,-1.8266095535275173,1.364677714155543,1.284301874284293,3.091864488814765,-1.2360036590254067,-0.8717379582743039,-1.8400375326907006,-1.009337907274032,-1.4072651014570394,-0.9926608381355881,-0.6460406432621562,-0.1010825682971963,-2.4990529125098186,-0.6306362892448676,-3.262977912158132,-0.2470833909775192,-1.3406559441223127,-2.3446995908504187,-2.9301214859030438,-1.8875090577645297,-0.33139449624401096,-3.1764685105405515,0.13513061500353674,-1.4891731536376769,-2.0310624286917465,0.01595989108492013,-1.0892588077063763,-1.1857373354613316,-0.43163233362184084,-0.8641063111080975,-1.9615307094897445,-2.9774915984288537,-1.0132714742232705,-2.4049230821840495,-2.4109013381139084,-2.787817758554701,-1.3183980125902344,-2.0735585332294626,-1.4554212939937419,-3.337910246572606,-1.3914162789620503,-1.9752878863387902,-2.868495708587156,-3.2087160205675564,-2.425343822152963,-2.520284406103463,-2.2148427417813283,-2.5712683370294505,-1.2253043422907024,-1.6882202179089314,-3.042339838348917,-2.2798814440613966,-3.0878557861567826,-2.1550787050261593,-3.1170313510065535,-1.174791874877458,-1.0737333681850811,-1.9585099437808848
56,-1.8399628116199471,-2.351583090928692,-0.2820562530336095,-1.0459721018459067,1.0521926399036396,-1.2626370563441907,-1.8612695383406725,-3.150519815020815,-1.286642556047483,-0.6007396512933549,-3.584685377002155,-1.1301579118702336,-0.844402686624326,-1.1376389595415013,2.7239883309878254,-3.129408292647673,-0.9448810207773929,-1.0825446873890974,0.4100902977159002,2.155032455339291,0.0053276408914286755,-2.6613531844903893,-2.0257440966913696,-2.6422227560734544,-2.3393927840391178,-3.2482934053535084,-1.9038264851758704,-3.680989343320066,-3.2934918155911994,-3.249597582092567,-3.897507163822869,-2.809362977111779,-3.0420966383735637,-2.758558278588786,-1.4581703556625443,-2.364802545290997,-3.5045375878398723,-2.4483463436774646,-1.6306476635143379,-2.8198489182914854,-2.14783397022398,-2.8385517527585185,-3.624010364225938,-2.1336762921686194,-3.8359912546306294,-3.2735717961343758,-4.0216447384996625,-3.821313226825743,-2.4278094001035986,-2.027823546676067,-4.008243175345361,-3.4606345860466177,-3.6076610501552935,-3.2195817145749057,-3.7013678130168217,-3.5187113872885885,-3.5201627805183726,-3.6181712960375885,-3.5508103917520994,-3.572697698546427,-3.467946463435471,-3.7955311883783764,-3.2646456099896124,-3.292238551724031,-3.824974950039879,-3.99961444710032,-3.7903322107507473,-3.699419234618651,-3.5029720902287895,-3.3260470090004453,0.892293803981506,2.1410745752671483,0.6496274897760945,-3.034347781044701,-2.1373394532238326,0.7130108678532865,0.8826913527940095,2.4903464319648343,-1.8435458872574875,-2.49993179635626,-3.2477066854355514,2.1882977096516276,3.78652219179615,0.3590846319321026,1.095193618756202,-1.967999905771569,-0.4536833936304496,-0.9080933230440063,-0.5617535775927578,-0.3042148412273087,0.01442113518614585,0.21213238196834894,-2.403129483457111,-3.338552237141809,-2.190615516597796,-1.8409783024497306,-2.651345244157655,-1.0753188127724518,-1.1766991387765025,-1.1379902304756673,-1.6366922898760745,-2.0658789032646405,-1.4071971362927966,-2.8184572867286395,-3.015243169689787,-1.2361538624556871,-1.0830472774000672,2.0365187399389857,-2.284061769161042,-1.0313735096461571,-1.2044805361553546,-1.584362044852814,-0.3810337989740904,-2.377392977386517,-0.5186279316670119,-1.3382391083501923,-1.0940663005481577,-2.336240849559924,-3.764729563967628,-1.85852221239091,-2.6682777117975123,-2.7900988998917056,-1.7921847999322,-1.7220116912878178,-2.04266126129626,-3.5500380607606385,-2.2325714416608795,-2.403939449894377,-2.188679399894407,-2.9347344393694015,-2.987861513281981,-2.2211038522529196,-1.6193404524498087,-2.2401742596912433,-3.48021474712678,-2.522907226105993,-2.4787693225381613,-2.501317150713735,-1.9937750815847506,-2.267133750717218,-2.21349825534394,-3.3892469395470135,-3.7059305671989313,-1.6554660684486457,-1.7408159091574675
57,-2.179015348620672,-3.0909801758162994,-0.037209969926896846,-0.6694729980534042,-2.656093100290796,-2.189342344949522,-2.3683067592367744,-2.5455961051823968,-1.8571222142832398,-1.4884185843840672,-2.5555839713968442,-1.6610491873662716,-0.9166718858134653,-0.5745322356009686,1.9164063094357608,-3.2995668041394386,-0.4526498514910571,-0.6313133392871215,-0.14129288258512718,0.1479277904623032,-2.68100555100368,-3.104439104303841,-3.008851136903821,-2.4098109861684023,-2.0808240764881947,-3.4391683070440915,-2.3096840101551437,-4.024998138050585,-3.9456098967266593,-3.050272377955486,-4.440441780595585,-3.782201359257286,-2.8573561107984595,-4.093107752000785,-2.62781563244645,-2.3729497766113306,-4.032130706379396,-2.9132404322532,-2.1034810405261775,-3.189946973891552,-2.560989943619817,-3.0294769178326995,-3.992051840990563,-2.2371473276942124,-4.161223177320405,-3.5229917891914493,-4.154090446845946,-4.093598913609323,-2.724450817827978,-2.1578761066671306,-4.3919754257803385,-3.8513046626405476,-3.796604322278215,-3.9466205261779628,-3.9155241950537545,-4.160259061372757,-4.291303511551225,-4.166774006867257,-4.04056482214343,-4.020733777544145,-3.9427359760315204,-4.178848207732146,-3.9444233215280504,-3.838354684615361,-3.9940655991792706,-4.555289127877641,-4.051279489183254,-3.8348167650152587,-4.2630374086870395,-4.167907227690161,0.9507678583693662,-1.2007310150347408,-1.083911817616601,-1.7968258211183736,-0.6900235075434584,1.536177519392163,-0.9892074310888594,2.035456047648438,-3.776499326613113,-1.0915370531664053,-3.1683489912342333,0.8982461564273838,6.817182841313546,0.562984457173278,-0.0026969414513520196,-0.7376333604703929,0.862243830381515,-0.9445951363938696,-2.122660898441351,-1.5017222236686685,1.9674206712690325,-2.047384749965163,-2.885747406199095,-3.199490831790249,-1.2697258866935384,-1.4614921470206617,-2.5944253853540844,-1.85248563758476,-1.6555526674367116,-1.6022391108181875,-3.4097645485837136,-3.452114633549341,-1.803951430299935,-2.947937596848381,-3.043963528733106,-3.2308380753144283,-3.055113546626275,1.4199044191274948,-3.9897223278200755,-1.3903868317579087,-1.2496625626402627,-2.0458797717465655,-2.854919648290001,-3.2739521810380463,-2.574573297679182,-1.1199724505880826,-3.708488670148701,-2.1752672897033563,-4.286851586030495,-3.661985830030724,-4.164893391232562,-2.2901076428554554,-2.903034557689148,-3.3647099129752203,-2.052980736872231,-2.1689879035042887,-4.8703019218398484,-3.391681149278449,-2.522888653728555,-3.9897926728719972,-3.7414427817832454,-4.364168890755241,-2.2997537178104617,-3.676623497832034,-3.821845840510987,-4.144566879610042,-4.065348383824588,-2.7849412994856118,-3.358727523918403,-4.398812939677158,-2.87950154945933,-4.014621422742573,-3.0715775223611805,-3.6992789964783372,-3.945276532643819
58,-2.0344333003686295,-4.052100368077844,-2.556293268406772,0.21359067414206834,-0.6167488342969598,-2.057062417580137,-2.4906932363465786,-3.5801092507101266,-1.579451939402223,-1.5311809761663868,-3.899719383244043,-2.0551611032381754,2.179341448679511,0.7820199774676206,0.537019859432238,-2.123596414973035,-1.3473124678138901,-0.8171529611823685,-2.013185097702316,1.8010414064516145,-4.270470708017787,-1.2821972194739089,-3.0309036655945656,-2.594750346531189,-2.7647924757469813,-3.7680508787729265,-2.7055558365827514,-4.251237502906331,-4.289247072147313,-3.755366348078579,-4.644507974568685,-4.479059761945806,-3.3046374456142136,-3.9608872798291044,-2.2268092358288456,-2.9561904231173997,-4.341465800831844,-3.0874759222123815,-2.4470085044102907,-3.5805269251870198,-3.010768519349239,-3.0673664104813847,-4.274997471663041,-2.8182093932573133,-4.567195369047411,-3.8112520121763516,-4.249507139833706,-4.3397216508140035,-3.0996655241368165,-2.6754171483417593,-4.6827101950937795,-4.637621938599851,-4.652969844676397,-4.267606355556623,-4.466913560102097,-4.5392233983330135,-4.425482921534592,-4.430012739937949,-4.6674002653207936,-4.637025825095037,-4.333379480231941,-4.541285241582141,-4.4553630408967955,-4.325416653635867,-4.527063494733567,-5.13591118758182,-4.406327282356113,-4.395487757821608,-4.3640745602257525,-4.42974433876517,-1.2852072686650429,0.524131039109522,-1.8545271263601788,-2.333068079404539,0.2080223109166468,-1.3767902723858292,0.807807045219771,4.030674259949146,-2.9850635571024142,-0.9508993121173659,-2.614998215754709,-0.945356908347328,0.061011591763146966,0.33413089078386915,-1.5761035751031707,-3.6405828392374353,-2.4594469010047884,-4.297431105366683,0.31457798130768566,-1.0896546066290003,-1.185272797107844,-1.99094628631873,-1.5594664527570075,-1.6675640365328874,-2.640269612990184,-2.9115099870335386,-2.1736051150680953,-2.668531086003312,-3.561101064457075,-4.331381066810362,-1.8120061544459172,-4.655718062903144,-3.5056130686315963,-3.545962093287571,-1.2724431396835736,-3.866460554669748,-1.0927908428299613,0.1354218563107028,-2.363432914937999,-2.1957807224440637,-1.2493840089257513,-2.854106448152801,-2.786556711535297,-2.54306699641145,-2.7780332313996365,-1.3098910771943864,-4.078525646956788,-3.8450319152216617,-3.3134386650111884,-3.1836104641951906,-4.701429858801474,-2.8330161652721593,-4.4843627960119505,-3.134171052610794,-4.069797613700611,-3.629101845220597,-3.7228543090685955,-3.9054670030834684,-3.9277371026638543,-2.9021477518821457,-4.612412039048806,-4.25641154535131,-3.610574227514944,-3.7587656024082357,-4.433167170902683,-4.697300090300754,-2.832752131519933,-3.7622212285369474,-2.9922318183294774,-4.654419804063317,-4.323308906809402,-4.351412779942891,-4.070547000050599,-3.5954536153828016,-3.6873710842163443
59,-2.5575244582495236,-4.645098974097682,-3.15738189700632,-2.2318699651670597,-4.6488884241413935,-1.6760868493120404,-2.9018963010854275,-3.842904782315901,-2.611187787951915,-2.2556386192424447,-3.1452948470461104,-1.4200308866616345,-0.3872659739656319,-2.705832788460036,1.0481191734251278,-3.353437878961783,0.2733590379009201,-2.7422782544978643,-0.5550057845522947,2.667597068887291,-1.7029396694539036,-2.324137980372951,-3.8888287485416804,-3.2729823963058022,-3.2415227279752687,-3.6745333831146683,-2.9350353891747663,-4.380159410465042,-4.969447860265651,-4.131660321474351,-4.871016242042934,-4.927591453245705,-3.662044557414057,-4.533456610470192,-3.057134866163099,-2.945289669606917,-4.836510612472826,-3.29376553525926,-3.0722274863198344,-3.6702644465506022,-3.315812708087824,-3.511078657041094,-4.67857302206078,-2.867844280275671,-4.812351144710182,-4.029529765242424,-4.213571476407315,-4.56897668388772,-3.3296792394516284,-2.7461858188656594,-5.122751232080788,-4.88249834660239,-4.859072605789725,-4.613628311922206,-5.0167343832709275,-4.985580478900029,-5.092125642330678,-5.1203565014180805,-4.891825338435772,-4.778463399145443,-4.63491245420254,-4.816660507171761,-4.8862250146354365,-5.010542068725556,-5.124853126676378,-5.609272948765108,-5.002084270464197,-4.982384342098605,-5.061772571858164,-4.975788453504497,-0.24895204642752655,-2.001478777364622,-0.09644041671466441,-1.6731595654447102,-0.3385624847760944,1.4083740317711233,-0.9005485840250098,5.980640871526192,-2.276820082444888,-4.494401347945791,-1.483351081199849,0.6155905895868843,1.1473935657908043,1.477189714780113,-0.8206219815312981,-3.853826405351684,-1.2787578318367812,-0.9297371437667943,-2.9716933128107295,-2.02210312442458,1.2943399906455295,-3.5945758441368487,-1.862285407147585,-4.123641850681651,-3.284238077155643,-3.0119105770884924,-3.6914237153470415,-3.28607079931668,-3.4332058275333432,-3.067803021262811,-2.7108818440005296,-3.4440991340034808,-4.2549996318551395,-3.540718471782607,-2.5446967949425057,-3.7026664532705227,-3.3800205401134065,-0.6462453045635921,-3.4969457784358124,-2.2519463697623943,-3.2726040721017737,-2.1131614456067056,-1.1897175390260677,-3.6345689832611745,-3.4880412332410837,-3.6827050329854276,-4.42907975303294,-3.1266191879398604,-3.2114924590440537,-3.6363273801952194,-3.6294373167278664,-4.797065283985401,-4.42932916911456,-3.6660902824567243,-4.378396453763484,-4.661405419268979,-4.6491068635460255,-4.2730829442624625,-3.094384331226626,-2.8962119343817845,-4.361755007366344,-5.149590206580163,-4.454906467312327,-4.069545894610792,-4.774244625611363,-3.258778464222411,-3.731517029864264,-5.2693723826456935,-4.8808960561844525,-5.129819253194463,-5.298208829518144,-3.5294179715786296,-3.553855966584692,-3.6423491675210657,-4.079605911298893
60,-2.5572505581421034,-3.959313693651486,-5.18656785350229,-3.4150839982246115,-3.6379598976951266,-3.3292418764145517,-3.5211708336955287,-3.4725460799952472,-1.3663164597458932,-2.3799550661487756,-3.5058439287668826,-2.7872796874939905,1.7835969548593829,-2.2083646107327928,0.14470256596103415,-1.2121502192390712,1.9270581863032068,-1.9311909390088362,-3.435595521406313,1.2955590153444803,-2.8246212792476832,-3.5469383273583355,-4.074693594908213,-4.036597482090279,-3.378556656149646,-4.130034409447439,-3.3503821235512845,-4.659904609686263,-4.613546468353934,-4.806646516509799,-4.809826551856221,-5.3354212073985225,-3.9402936732552623,-5.346185899525095,-3.2630286855543806,-3.0132082929876844,-5.230567748450518,-3.536716438725661,-3.2447588549138398,-3.9845609049046873,-3.3018858294425084,-3.326203593397279,-5.021054188750229,-3.209668945218529,-4.996408818790332,-4.2566001657295685,-4.199710888792191,-4.679722490742286,-3.6411711041583565,-3.1448742667485656,-5.466573930237044,-5.500469788718306,-5.117581005031485,-5.371390957248349,-5.34507685660172,-5.3816591822807505,-5.554660795272722,-5.206508862483359,-5.57819081350921,-5.1547761399183605,-5.0635040906144555,-5.181594756722424,-5.056557282370684,-5.122222488825011,-5.27846532906098,-5.867053169644984,-5.420895707004869,-5.3097015065876425,-5.380041948692292,-5.2660034774132916,1.4363604357607471,-0.4029982799145593,-2.6892120177368097,-1.58932234151984,-1.7660478227401653,-0.7578161111891355,-2.5176565415206866,1.7280393580253992,-4.309735898480984,-3.2559448392281265,-4.875238192991939,-0.015086994912713703,-0.05162828176353129,0.16613317928064175,-1.493109696790526,-4.603125125575229,-1.160874726478234,-1.82183375900554,-0.7372838559516159,-3.3095270085587463,-0.5819125792423137,-1.4070853645287018,-3.8387615404819995,-4.902291826504806,-2.6630081344449987,-2.86013067169287,-4.050780297660929,-2.620786721298628,-2.5525076957831248,-4.410063677208303,-4.355699949608437,-4.92273283745354,-2.425264724721509,-4.345904321264911,-4.130134142988252,-3.604457620986768,-3.7754034017448683,-2.2200937783398635,-3.809342782712394,-3.757244886780427,-1.8948471287316697,-2.185474701466274,-2.830188854501219,-3.8393289791867304,-2.5991674506750906,-2.1918137742687254,-2.9914987999539306,-3.545993437462211,-3.3135369876652456,-4.158002249505056,-4.479504135908167,-5.082473464767392,-3.865365102675696,-3.7976225397954724,-4.373813689111751,-3.953772167945969,-5.621193528797484,-4.255252618374685,-3.643207026908747,-5.127879496962399,-4.168832047342411,-3.985858724062012,-4.262116506432428,-4.733907812103602,-4.442555907842276,-4.998574932837601,-4.928022816974047,-5.175675682632525,-4.446323147694956,-3.9807999117840276,-5.525631552222099,-3.3252597409289506,-5.078789654489494,-3.540770781070946,-3.6143168098659837
61,-2.830931799072631,-1.829394660126086,-4.812301590833024,-2.999038772869603,-1.9186435364500762,-1.9792137025498158,-2.4074247600281984,-4.278973639968559,-2.5309232343473256,-1.862188624819296,-3.5180715883475875,-1.6257066422033684,-1.784818844920057,0.31485596048726405,0.7730928195599176,-3.544407271856985,0.4180217909085884,-2.7765495227422496,-1.817230896811759,1.7615219227144086,-3.606013304599105,-3.8292541043275503,-4.51761324667506,-4.309479012695351,-3.4618337767372527,-3.9554953612886523,-3.598566946379916,-5.222351337211942,-4.838096360068031,-4.5068334875326475,-4.635174899089269,-4.927621771978614,-4.118889586299126,-4.7788252635795185,-3.7210364640210982,-3.5867929639047036,-5.488218407132789,-3.8827108100896437,-3.7032983569472795,-4.312683299653482,-3.5850635707429293,-3.6651359114550917,-5.477406964272557,-3.5030071770424644,-5.101961601229946,-4.434106037689465,-4.175940088318745,-4.74011460275818,-3.759600361418493,-3.266333699977689,-5.526684840111152,-5.496063592938591,-5.760142750400257,-5.332385462152512,-5.62847632806414,-5.595788843156059,-5.60962094784131,-5.84083710810267,-5.599302064593407,-5.470551349553727,-5.367875153922,-5.968018531005405,-5.70302689848017,-5.552672164303735,-5.856631143894719,-6.233007304127763,-5.433160753880199,-5.314583229977099,-5.928208249025943,-5.48735149207165,0.8546620699188257,-2.725183164875675,-3.1211703740135333,-1.5458082398530126,-3.7017441069795507,-0.8810600383044651,-1.3281396024704053,4.190940370567311,-2.408126995586313,-2.196645976257775,-5.209982754787468,-2.194264521320089,4.978377272826135,-1.603972725825672,-0.24482714831146435,-4.587202564263256,-0.20734838844128456,-1.1815880055946533,-2.5512439022191877,-4.4635610939542785,-2.7850952918935263,-1.340252542798468,-4.16243992317469,-2.9000033116822133,-4.34943659304016,-2.454862890143662,-2.4864112982947235,-3.510814766175959,-3.553328467782987,-4.207698851542829,-2.9704298306545884,-3.7601482354625073,-4.348638912629305,-4.315771763755493,-4.2713769944676665,-2.7391955964517867,-3.82919832785739,-1.9868601503316605,-5.154060838861766,-2.650509376554887,-1.7076527625918168,-4.780293825492705,-4.019340999993845,-2.8708731654472093,-2.234079363951947,-3.707078127732535,-3.579653834621956,-4.03270710555457,-3.2488765672305226,-5.511737504093109,-4.041500635628598,-3.914124242990643,-4.207489553385137,-4.928537323540085,-4.132872265826202,-4.8200650511962,-5.58972486560589,-4.667765344200073,-4.537369187792616,-5.193126386078442,-5.154474150075203,-3.893665434749791,-4.53119185718107,-6.3634074763177075,-4.4139875268815825,-5.740030274627252,-3.489767795461511,-5.2438928776136216,-4.942586286285649,-5.491706180010511,-4.029854908586271,-3.9727008964811548,-5.495828071793789,-3.522297968670631,-3.9220379900232345
62,-3.036375628148157,-1.8224378441668625,-5.836140565523336,-5.6348349379105755,-2.2253243433549565,-2.6148122479395686,-3.815830565472945,-4.869023817387978,-2.5707263378963194,-1.5379369292906437,-4.630720993151306,-2.9650549418219048,-1.9068656169761726,-1.0551596708216895,0.22165202546825102,-4.077506108460781,-1.0858325238388173,-0.2930237095141406,-3.651894285136267,0.7686848474426757,-3.3813097121206215,-4.1695950191956435,-4.584567065370674,-3.931409266929597,-3.821530506996461,-3.7364063729380197,-3.934633438869772,-5.462421743748806,-5.4071109107234605,-4.3587239105347475,-5.169655370679884,-5.8644655669717505,-4.589151523805154,-5.479546374433202,-2.998184053267885,-3.4927511259284447,-5.733119268480385,-4.004261062423236,-4.036587050196467,-4.6708084039095334,-3.8215498974047057,-4.037607870547171,-5.507415021063785,-3.726702443939338,-5.252165390961076,-4.476935608053471,-4.092776831179181,-4.812358542615957,-4.00054481211883,-3.49447113122699,-6.009444382825933,-6.140906600214339,-5.623826304605649,-5.78122879174124,-6.016720030404787,-5.748037841548254,-6.106702840735993,-5.89234931876425,-5.901528514738695,-5.989566998593761,-5.63046103117364,-5.888631684648129,-5.740476970160598,-6.033209271184624,-5.712687689308371,-6.726728108633581,-5.771450339698303,-5.954257493449064,-5.969699515119405,-5.5671864109762215,-0.48031021250543127,-1.8680483775456582,-0.01629105628482508,-3.7104508292906617,-4.469345158502711,-1.068479731641653,-2.433166880723646,4.988430339225422,-2.248309695897296,-3.457314730975515,-2.3834115893995795,-3.210825495941289,-1.2063044832694525,-0.0048287617546951545,-2.570278631555211,-4.01174613196714,-2.735068211250689,-1.8266685379357663,-1.141311526123571,-2.230680662985987,-1.6817141840261431,-1.5069840778047734,-3.5781501161994993,-3.276927202733187,-3.619312945987415,-4.151582369236785,-4.3742075866475725,-2.8351646248295364,-4.309615698133325,-5.730352425106078,-5.014370924015712,-4.046949973151492,-3.8352356306462,-3.892760677771469,-4.104602968074706,-4.486253131264894,-2.6362260460870632,-3.742919184491714,-3.0703049959463207,-4.291457174789713,-4.742610170183884,-4.26448185303081,-3.8947195698968695,-3.961813105171695,-3.8872593188989564,-3.5075172907987366,-3.405581145927478,-5.524546581966045,-5.676523277448798,-3.8322453523573183,-5.983678402066795,-5.28258512696884,-3.9263368205938107,-5.826771613667827,-4.750673902225321,-5.6661418757558755,-6.038102655017854,-4.797061394784668,-5.195403230425525,-5.899816465093286,-4.920803455182588,-4.181200180610682,-5.3697296440223194,-5.248143942618207,-6.195359282736028,-4.386396598850677,-4.502216207936298,-5.769618469122937,-5.714779018394129,-5.343105340397499,-5.334912995300165,-5.230561977169901,-4.596683938651399,-5.615160653507271,-3.9675799007496924
63,-2.790338245872639,-1.581677486800352,-1.596437943975106,-6.073112096555591,-4.672711599038666,-4.175735036649041,-3.995906293442591,-5.134876446786043,-2.964744853128497,-1.8511730154933896,-3.798998032514719,-2.9980165430544625,-1.4532526595748794,-0.9271486626448238,-0.3811508430840993,-4.72673840653923,-0.9892165152817758,-1.176952677654663,-2.1260904477552947,-0.2950243896515483,-1.7111813114771057,-4.12336205728127,-4.585488134655731,-4.932668253929576,-4.125466346868601,-3.9915320929545746,-4.09525820969308,-5.434905789191363,-5.347103005737614,-4.488268882820234,-4.938586528446067,-5.4168401581141925,-4.8569923247175515,-5.381948508587761,-3.5388309932313344,-3.8211131229158144,-5.869844927968425,-4.011423808845124,-4.399043227310774,-4.742983114710301,-3.889830340719901,-4.126472034276428,-5.659905193537511,-3.805589525121449,-5.231181886933564,-4.654893592544878,-3.981236480873009,-4.9600266214712745,-3.938916222624831,-3.4161987108925276,-6.015067202203677,-6.030881393245415,-6.175341851443967,-6.186145832416593,-6.080210861006557,-5.92339917718238,-6.556450160321072,-6.211057529725406,-6.3006530957817946,-6.157442884430578,-6.2708314096227165,-6.4417872745923725,-6.033504576257886,-6.263508097539598,-6.330765828463197,-6.994457726808198,-6.0864911226695675,-5.850497663226223,-6.2272089076111445,-6.091885164846302,-0.237873438823061,-2.547111383796503,-3.647520249102481,-2.755338649169408,-2.9344576208720072,-0.510676502591656,-1.9167823092532903,1.9717033322672122,-2.651907926437759,-2.1503208369917552,-5.601019940780349,-2.1301109558596556,-1.4083436596858865,0.24025208601521442,-0.5908702958741925,-4.723188525602614,-2.45988786129375,-1.4613909182431617,-3.021404185816465,-2.414989996444529,-2.200455355491809,-1.731588894045602,-3.8548485180496295,-3.9664600894420174,-3.841733780738429,-3.054274094060743,-3.415865824552626,-4.793536652825238,-4.729235390358942,-5.311267988177248,-3.3948676737501224,-3.4228060367807416,-4.466753379958824,-4.121206967369093,-3.973354970748967,-4.389645351708156,-4.935936301475934,-1.3914572377416081,-3.9382269918865567,-3.127573435606498,-3.149441814213211,-4.139201240312641,-4.266074010834581,-3.866610435648548,-3.9905552813273495,-5.05916642343568,-3.0709662689347366,-5.260001417545633,-5.751032274312304,-4.352238394325411,-5.275114147542717,-5.517199222204052,-4.449980352600996,-6.499619852914999,-5.945964025429081,-5.438671647588943,-4.762637921445815,-6.3490106115013045,-6.33803830984201,-4.235246617617492,-5.415599660467382,-6.069448466531834,-6.137263097462521,-5.461606142888527,-5.7835525705847886,-6.02700266740716,-4.4839831308045275,-4.4957430533210125,-4.734168862534721,-6.396704340192168,-5.396875407861895,-4.266591656964857,-5.467825887962343,-4.849834154364524,-4.203674537936426
64,-2.734267934536913,-2.8825772935550416,-4.930262192119763,-6.046204393869673,-1.756307958496671,-4.217403535858754,-3.8855041383780025,-4.246489086833924,-2.818050313303999,-1.7917579892523823,-4.192310982736415,-2.9452486901449784,-2.370069640584213,0.050682405879425296,2.4263942801016363,-5.040496833164018,0.7569490994116945,-1.866380989700739,-5.639501435159355,-1.506524454882922,-3.5940939792200313,-4.867039571827423,-5.3152040816237704,-4.7319623785210565,-3.7740209792533497,-3.6474673255013847,-4.222661892360005,-4.850076641704978,-6.439997893795624,-5.271136697615674,-5.077142856708682,-6.258637116001451,-5.016476266200032,-6.309110772013783,-3.7918692390757283,-3.694897241496845,-6.122266408881893,-4.135393405235626,-4.670969781549222,-4.748201566962808,-4.044312792781953,-4.124275769997384,-5.830924790549531,-4.116646696908816,-5.455024222602791,-4.701546112356682,-3.74705209158217,-5.025390745151579,-4.294511148234133,-3.5975949695340956,-6.207563045947686,-6.550589991526037,-6.065868983113809,-6.171581561984098,-6.254769405841867,-6.06068563134121,-6.576194015175534,-6.3574500639627125,-6.1440512825750275,-6.323556392224316,-6.130952881095936,-6.406065925278534,-6.241968495196421,-6.416552803879075,-6.282430510108199,-7.137593053638554,-6.137036293779288,-6.018421780200135,-6.275454287508898,-5.97892310178071,-2.3468645939773696,-1.1380840375798313,-2.6880072706703757,-3.61746012372169,-4.090490825112221,-2.3450900582020457,-1.0448946627351257,5.281198938573622,-2.6873445837244736,-3.6813282142784316,-5.515693421546438,-3.1234569744126337,4.595650893271295,-0.22542012111905763,-1.8911967633967213,-2.1253287374124765,-3.7657546319217925,-3.0387346165207996,-1.5029386022240194,-5.605902098693772,-1.70689967784369,-1.3003404193845474,-3.6217530454083136,-3.931936062357176,-5.108209858969949,-3.0671854195009365,-3.964015125080153,-3.0912609148841943,-2.8018735284219827,-6.080510006440316,-5.541351747179561,-3.6489944063514907,-3.340377619827601,-5.3312556132303195,-4.996247336664248,-3.4772207941255515,-2.7036139157828485,-4.031291757627601,-5.2282571921801555,-4.650637029353226,-5.1929762611638575,-5.0121480102024645,-4.509599713516093,-3.8629691309687106,-4.91527509183298,-4.219503402453609,-3.7137154105850665,-4.487122105562767,-4.363677316401702,-4.3299906547502705,-5.45450293781054,-4.351622034131591,-6.255186305382752,-5.122633378264191,-5.708087842843074,-5.924373978651631,-6.625584958128504,-6.159297757200706,-5.089456366036478,-6.115721211616803,-4.573767010768014,-6.256169560928188,-4.546148635280785,-7.092017924021626,-5.672649720720555,-4.654603431175985,-5.720768052257213,-5.683085595717214,-5.886854813049548,-4.998265558328513,-6.612678564467273,-6.402401034665533,-5.187669098631573,-4.555035105684974,-4.690757325445443
65,-3.1111857882377283,-6.6310840195869005,-5.282531903776638,-3.9635410313412254,-3.5709899053516887,-4.29097149203217,-3.4719400948492822,-5.477381166142704,-2.2989459864185804,-3.147551441102287,-3.1493309466099717,-2.084622113249579,0.35175624877115474,-2.8141478338504884,-0.5981101811414238,-4.105014366175956,1.9834700680645523,-0.5612271110009646,-3.53679468089284,-2.1745167782704318,-4.111496932181904,-3.8660247817955713,-4.836166716345456,-5.120310722910071,-4.036256971177879,-3.95756955949579,-4.47109598745534,-5.0634759238025495,-5.682873854489932,-4.866143421916279,-5.312907402050713,-5.894783207341063,-5.15150284173802,-5.932413949790577,-3.9608711578826026,-3.8064362918638994,-6.396588490138192,-4.225636623775663,-4.952183972132644,-4.979130733126354,-4.208923352772157,-4.110356646253689,-5.933369216628323,-4.065154744659758,-5.4090904837710365,-4.661543321608259,-3.5322324435693515,-4.909015506893443,-4.286911673201445,-3.7753078533796907,-6.117055027636622,-6.7246886559905965,-6.43156512163048,-6.211087914607717,-6.6677045984444705,-6.536601041107381,-6.7671982723887725,-6.35546955985396,-6.671198087315989,-6.353752438409288,-6.527604699675647,-6.731653666996083,-6.500488610019293,-6.625424037380369,-6.4880040180889695,-7.29633557938002,-6.479558885431877,-6.5213811375779605,-6.714009750057435,-6.456231310760742,-0.6741089546769299,-3.356296621969758,-1.8471695139083213,-1.2627511537573333,-4.748668358679543,-0.9118118834043829,-2.0367283473374034,4.512199060062534,-3.3736902658626784,-3.147939413929593,-3.871837513567216,-3.048523062103733,-0.816015901387781,-1.6091757439492964,-1.6195899328061776,-4.393123974042188,-0.4108607155049473,-4.567209354313892,-0.23742521771410718,-4.856785163999828,-1.439931506648453,-3.309839097867476,-2.777362402129282,-4.117287423780336,-5.762594690535334,-4.181562471109832,-5.450356259404025,-3.3289682323881253,-4.556255652315945,-4.029149108254688,-4.348627179869821,-4.789859155021157,-4.791688627965971,-4.674909663665879,-4.216986944964291,-5.007846387808813,-4.509102663876358,-4.374262153517486,-4.742362142465234,-5.588582250153537,-3.743487237055693,-4.851716000053358,-3.0527245260104063,-4.727420778170373,-4.660990147895847,-4.1815225399702705,-4.966241036211639,-5.226791553800936,-4.9153387580553325,-5.992423291116127,-6.470767549015764,-5.497390442759525,-6.561465326558613,-6.527676538998074,-4.446104788196611,-5.612550682028701,-5.546800109623405,-6.196689252642933,-6.761686936395561,-4.51939003065535,-5.480338657993523,-5.66333434081734,-5.308285011736605,-7.244420945266393,-5.781141949563063,-5.782393426947111,-4.344440041570321,-5.540619192473297,-6.280737154231503,-6.416862606491926,-4.98413784520277,-5.953387364925981,-6.491839543769027,-6.029439134671885,-4.77159567672601
66,-3.1709027171573734,-3.35510606237121,-5.766632735591553,-2.619678722203398,-4.525916478231338,-3.890211739492714,-3.3652818100161643,-4.078435343553014,-2.20308313787116,-3.1826376258434714,-3.9675420394574705,-2.6924861708900942,0.7070782345740723,0.19639897722573174,1.8591561390838098,-1.4671736474286683,1.4788098038266613,-1.5551506258182277,-3.132527486556242,-1.672581476116091,-2.202048588597389,-5.621371660227411,-4.955331042211405,-4.494855819020666,-3.9559812010352786,-3.558185829272939,-4.517107648176945,-5.203192115168546,-6.629219480433175,-4.947417475077397,-4.924763557631331,-5.815832638494224,-4.93199001581006,-5.598275642005756,-4.158471987489815,-3.7048380187792223,-6.372145952072074,-4.360060982914037,-5.007363600584396,-4.834454872357456,-4.205677014846876,-4.1552318081973585,-6.192932295109597,-4.293338149605541,-5.2038588799852015,-4.6897289182183615,-3.34108505563727,-5.020664585877839,-4.261417422264141,-3.836449895024633,-6.258829858885919,-6.413794493557531,-6.48585911473768,-6.259074437597146,-6.602280437384891,-6.503957335968143,-6.836925808213267,-6.61725337457868,-6.400466383207006,-6.624982352741351,-6.568466486938718,-6.729318784668823,-6.377777009576711,-6.319495747662646,-6.465449067730436,-7.4223503437399545,-6.631712647270189,-6.219173761048808,-6.565777558534037,-6.173218015916971,-0.7951407227460563,-1.6728432628205727,-2.002170584543987,-1.284291600543554,-4.948571697655392,-1.641415806359865,-1.5042166307753237,5.369190168987173,-4.456054959582698,-2.5200301626126107,-3.112639892610513,-3.469869291316384,-1.7514556993991448,-1.5804423919838175,-2.5270140022635355,-4.138728515265392,-2.082329817579879,-4.873921737480153,-2.478109461084253,-3.7964664707186304,-2.9223549359692624,-1.5970391046143781,-3.2317201953422323,-4.319892060188561,-4.473075857444574,-3.6727177180428745,-4.376210606720657,-3.1732471935723283,-3.294188149827399,-6.412282536786049,-5.338801317257841,-4.2505666466763685,-3.264086693498161,-5.341745102272801,-5.064428803618097,-2.842386119331724,-5.150624117371439,-3.304203750629075,-3.311027825019831,-3.1563550557500917,-4.610511465395966,-5.583481712650023,-4.8353968291639555,-3.303794250798675,-5.880199025349746,-5.041300771366281,-4.620247567872438,-4.66995632858354,-5.9941854787396025,-4.841092569488883,-5.582231456299432,-4.754382632208504,-5.697431977429777,-4.717941236355858,-4.855947770449394,-4.569827718007848,-5.154716228948235,-6.618515096774066,-5.778402054673951,-5.810699034796191,-6.634109473971947,-6.726177675912714,-6.067520462769963,-6.082573928487997,-6.446568129178251,-5.990025558714356,-6.302720013523572,-4.869748768816547,-4.587358365797134,-6.408400105933767,-6.846796519927157,-6.147853666365965,-4.777318859169154,-5.1874802082521745,-6.311458170446646
67,-3.0319047544030107,-5.3820090215397505,-5.641196971271858,-4.5205892318463174,-5.796580284459244,-4.373354282224336,-3.815295192879344,-4.965169978588831,-2.8066120484405914,-2.184119920851068,-4.460318260338084,-3.8359064583273517,-1.0088444760034077,-0.43959676297383377,-1.7321046745733568,-3.7357445706803176,1.459200122086092,-2.1378172647284304,-5.8190863380274775,-2.9930980559207185,-3.5629775636019305,-3.352166317584032,-5.755246436012791,-4.541901648392825,-4.037770053319379,-3.1488740738096843,-4.621000105865796,-4.633681202278788,-6.665129648312011,-4.731687348644471,-4.856653036324768,-6.474027910271444,-4.838233901955693,-6.0057263140881325,-4.058096713984987,-4.0919094187771385,-6.352489943790205,-4.221225663020897,-5.261662504597949,-5.062451275157143,-4.1449895813047695,-3.968846933380168,-5.98420748350273,-4.373715420277107,-5.101371810094209,-4.617672150536373,-3.174943217732039,-4.769490460770622,-4.365580749928391,-3.586425142035192,-6.255382984779569,-6.625692097461251,-6.2838551241383485,-6.481351008677086,-6.429957914429974,-6.324232248142702,-6.641090057811821,-6.52869815416343,-6.487921704211271,-6.704947536998859,-6.413258691032643,-6.609775185886858,-6.245496952705521,-6.779601560061707,-6.673494686374648,-7.3100378094923055,-6.4786465094356025,-6.513575623358044,-6.376060898983089,-6.19711509074271,-1.9285920057135963,-2.240122602451702,-0.37213700411413164,-1.8734437129605972,-5.3847691394773,-0.6605736414366228,-1.0587110725122195,4.540833304183497,-4.552209597827701,-5.906078977449241,-6.639256242082544,-2.708878928447046,-0.7589707002138781,0.19575611256811243,-2.8853987241377417,-2.6584772034609494,-1.944668454434436,-2.4577993110707306,-0.5726908046922148,-5.43241880068677,-1.5737554277182526,-2.287737204940536,-4.8961976060314765,-4.146154835827254,-6.454212479017584,-4.2320965275742015,-5.077732310405756,-3.140217859820642,-5.197423897046818,-5.742409359967421,-4.566628811867195,-5.420471026782475,-3.4042757577881195,-5.333853886272469,-5.083419881938186,-3.131212903578856,-2.795215963788296,-5.766603761032535,-4.176020756241564,-3.9214237330904673,-4.675451905279266,-4.718890586705795,-5.035409109894689,-3.5530099244838995,-4.258593660180692,-5.427647061569716,-4.665202318432118,-6.55809202940785,-5.351131481583134,-6.01093293614045,-6.107911384159599,-4.5500082359869225,-4.854195866096702,-6.113534411151808,-5.54824042072414,-5.99415550415819,-6.515196136867148,-6.502723476047081,-6.6773003138279154,-6.360057577370664,-6.51779270523111,-5.547612049069143,-6.408927922786039,-7.086094443421551,-5.819170911821085,-4.889768854763009,-5.370850030603307,-6.560800520048509,-5.1007569948100375,-6.08821520893031,-5.162424265696678,-5.001218790781213,-4.7936690694310755,-5.485163660817285,-6.48006488377023
68,-2.638399905362941,-4.116488433640294,-2.994812841475462,-5.24442451233903,-4.357797066935792,-3.030847460528438,-3.300482037896931,-4.75025238950282,-3.0385123600987765,-2.218104182696588,-4.183047646327448,-2.793717171172645,-2.4093111326242282,0.27903037534670494,-1.536717507510407,-1.954562775815878,-1.0716499543393478,-3.229012213507373,-4.7449610705410725,-0.557667807137511,-2.9429353289072155,-3.967778421468592,-5.2420523470697935,-5.126264858329099,-4.744284081158845,-2.8691644450298566,-4.628468037015311,-4.4633325136111734,-6.382924511924983,-4.767860803918117,-4.705765253123325,-6.426516126614722,-4.549490586656826,-5.65953623831962,-4.296779450386972,-4.055760824168667,-6.343753371511325,-4.133019071807477,-5.446545436527573,-4.752879803627659,-4.137985230422316,-3.834909863107853,-5.832867741073254,-4.346033001403003,-4.86800508542265,-4.463592933181473,-2.9264148350576398,-4.772604284035487,-4.271090421653342,-3.588397750500243,-6.285979752091916,-6.436359049434274,-6.327660170104635,-6.209196225991598,-6.424922787017229,-6.203905977324558,-6.720833161756112,-6.3703899065041725,-6.483724579757693,-6.438357719831148,-6.412463006684037,-6.588944313412494,-6.240845693655352,-6.3259451031424145,-6.271810859158723,-7.434284278337077,-6.519012675721221,-6.420517733197148,-6.642427090177724,-6.488119137003096,-1.279873854146323,-1.7011515128428782,-3.6626648453578436,-3.7617411882901783,-4.173347162264089,-2.8162171307372312,-1.6354182728121485,2.1351532875767045,-3.755718058883712,-4.586131448396218,-6.078380645689648,-2.3307849458391425,3.3204464473278907,-0.5696210121428404,-2.2954946773150176,-4.624419690660552,-2.429859897279224,-3.1334285279343645,-3.6223529784786246,-3.863799671183265,-4.143680654536655,-4.11505168755223,-4.032691759240284,-4.834709318930064,-3.926907133100573,-3.7898971112075968,-4.307773604515777,-4.828499785182361,-3.106726665710044,-6.554277672911821,-3.476392763126425,-3.959175690928144,-5.239852857219499,-4.990525835056157,-4.521407184226168,-3.9546717525852495,-2.90343103796181,-3.764229731534107,-3.9267734320821805,-4.664237295143241,-4.089127681671734,-5.575407337913346,-2.9008365898717283,-3.733648577131042,-5.465746189420035,-5.096512714436026,-3.0261751986062837,-5.470016965754361,-5.459244094081223,-5.027265050178285,-6.803546328257066,-5.983567663145775,-5.090862219038967,-5.743046110357199,-5.688630278347666,-4.39055735347649,-5.233328606056698,-5.241649368508151,-6.133789523672559,-4.857324910329585,-5.157173134134417,-6.841560537597959,-4.921894288113052,-6.437807195362874,-5.730685767602339,-6.585864288392819,-6.374233326660291,-6.257829985588322,-4.431232149259069,-5.4476805272100055,-5.586899224698028,-5.202986977369205,-6.452139470500742,-5.889494369054269,-6.249064268644619
69,-2.9048407225763575,-2.7901824519079392,-4.546650807651536,-2.742287663333957,-2.5325820387986067,-3.5518239729263676,-3.8678581362701108,-5.436692047870153,-2.2942178425947515,-2.3704816755410816,-3.4786376162982835,-3.3713591149314985,-0.8995944425353328,0.5986860207426083,0.2508097474908433,-4.946858189272123,2.1656523465228896,-0.9134604264176898,-4.814177086064506,-1.8660619486891683,-2.2359674318776244,-2.824650601051826,-5.325681517501783,-4.661525127629161,-4.546411729776377,-2.5618131349879576,-4.704822311615303,-4.342757965776933,-6.143457241370477,-4.2827934418413545,-4.725350609317945,-6.146383639216072,-4.832185095926105,-5.692750094682954,-3.7297758726498045,-4.100997073824339,-6.177548309056485,-4.231278457592598,-5.346197504925724,-4.840983202328438,-3.9630897343579687,-3.892652333531569,-5.749473960599911,-4.463182141001861,-4.88247980567579,-4.311460949246656,-2.6176593901162803,-4.492282905071921,-4.06091384170479,-3.59682411957661,-6.081752756239574,-6.3636268977784125,-6.285013969227008,-6.218918263048121,-6.666207760820996,-6.373395358575255,-6.488011439982295,-6.48015899882895,-6.49962047206354,-6.517881813339181,-6.391481925748044,-6.341061903116025,-6.084826814601931,-6.26037309728479,-6.2480912675918665,-7.418244525738121,-6.333328753362079,-6.282035038230318,-6.281157557956261,-6.313848430615927,-1.8711067793254383,-2.6228534690511855,-3.0032741736787454,-1.1387907905413677,-3.6385022241476186,-0.12239909498350432,-0.1381693953450931,1.5975493217709487,-2.190189419361381,-3.384800684092157,-3.384438504016571,-2.865634909152491,1.210002209834074,0.23547726538088476,-2.880842102802267,-4.340009252601071,-3.2142528091478644,-1.334886477303121,-1.2014773926846218,-5.607917246400298,-2.498163145598547,-2.61702183791178,-4.587968101084167,-4.524655840696031,-5.295649214117706,-3.8617843633415623,-4.658315577042437,-4.012149100121223,-3.194401588037799,-4.219913842307115,-3.954532374371572,-4.102907796534543,-2.8984097337562225,-4.693830089893114,-3.9954532806031464,-2.778159051936243,-4.745584854662461,-1.189674732338026,-3.007794827203167,-4.10039211683522,-4.343328154603395,-5.447076033400494,-3.205393397590088,-3.9299221261061996,-4.81217913780028,-3.7738840462225167,-4.017981817736723,-4.7007723481829125,-6.518705467721065,-4.951685167849066,-6.501045465974451,-6.030514392512507,-5.258687453142465,-5.698507746661672,-4.776319752059473,-4.491990221521612,-6.576369546617707,-5.568214419192985,-6.55484604294124,-5.206842013221186,-4.677804700823341,-5.941751002151739,-4.345788109068611,-5.560231905031834,-6.1461906048341834,-5.870522049041356,-6.341233530380334,-6.305710407916164,-4.847888659241076,-5.794678794280691,-5.284528326883679,-6.49207821073906,-6.237932126311254,-6.280954479533007,-5.029364159004188
70,-3.4181361117825566,-6.137039131470102,-4.464953660459473,-4.094976504253657,-4.940152883652304,-4.115695932913065,-3.9875666054522267,-4.061831227994135,-1.9011210291670058,-1.5631913479846784,-2.35606014693599,-2.5705925431441123,0.003761155646623493,0.1334980876076579,-1.9419509370004755,-4.446209672129729,-1.5526458415606599,-0.22083998020606588,-4.385413231585905,-1.0397560261607883,-1.0197315874865867,-3.583630300023778,-5.675276388529679,-4.938979961199492,-3.891992430293052,-2.558515767927779,-4.643315998539036,-4.796210029073186,-5.9220827575243975,-4.438271605317425,-4.412916313792264,-5.947043581976266,-4.379008058917746,-5.546601905596655,-3.7013872412698463,-3.462325144332162,-6.117805969602351,-3.9877453493389057,-5.528946919207386,-4.748680105322716,-3.808043649203661,-3.8030953342611227,-5.61069334758602,-4.1405484773224135,-4.6616772732959655,-4.196539033860014,-2.223694921153784,-4.202502404004681,-4.019202191874887,-3.6820218192812213,-5.7726806595478495,-6.536763432545172,-6.20942074730806,-6.232580883544896,-6.073008327577806,-6.180872186432623,-6.248010412960241,-6.088474188250906,-6.232242482569687,-6.406681492376984,-6.528555219068744,-6.285992182437597,-6.080550977317935,-6.122675496851425,-6.018029851655156,-7.06959376907111,-6.060837948574068,-6.006885259064011,-6.055848486939219,-6.187295233228949,-0.9738554564178112,-1.373861789096225,-2.0506464311519585,-2.5419988465571506,-2.2827440164765442,-2.4208725348065747,-2.4839867717084525,3.440826332656309,-1.1035098487768007,-2.8250683330452366,-5.826446959099498,-3.021308780516309,2.055745009718721,-1.8932657434405449,0.05591724101171147,-4.292809055113443,-2.4911565261482913,-1.6384601035258899,-0.543346234118133,-5.649475525226115,-2.7521129950018253,-4.65211239433007,-2.9626958621124997,-4.05054373747123,-5.679227096140741,-3.76497998524891,-6.133289037799161,-4.235337884303287,-4.3045523197567075,-5.8368016677451635,-3.8465705366302765,-4.594431190915994,-3.4984806889465467,-3.1120200794288246,-3.891088117860556,-2.886525810560064,-4.870235336937971,-4.415864042717729,-3.1600150210727085,-5.462436349041562,-2.630712483302568,-5.261357657588924,-2.5521417437662515,-5.0747233456415035,-3.865097247516804,-4.848813453894172,-4.150174911834082,-6.293477698996812,-4.190440963482136,-4.478079110625595,-6.1139941576571015,-4.868504111634387,-5.368438562840546,-4.574099908416505,-5.545446601775829,-5.570091588650617,-4.607345228518389,-5.069350039212866,-4.379897067040514,-4.290944459454353,-6.122608027842005,-6.214211725418252,-5.283766776986877,-6.829754247513236,-5.814500495782952,-5.237174677084678,-5.623455090892925,-5.80264440786299,-5.542581099913701,-6.194783004283908,-6.340899564492273,-5.310397924706345,-5.948083078721495,-4.3560124111163985,-5.023935723050167
71,-3.099102581039179,-1.6956039481824092,-4.872714189445093,-6.365821789328755,-2.9049076016448665,-2.731170522585967,-4.30097225874779,-3.5735616953412865,-3.2555199652709463,-3.0182800745910505,-3.006960368412622,-2.82301795557692,-0.7078950537569004,-1.159910566528304,0.7622198815809731,-2.5706919321217443,2.3052354488317244,-2.7951723796298023,-3.607531356721222,-3.76253031145533,-3.232211743574413,-2.7050110654382102,-4.696535287406255,-4.598068445470691,-3.6914816672820754,-2.403856189194467,-4.538193465989392,-3.7542615739159872,-5.76694953080719,-3.7124488953945622,-4.165877262469531,-5.139876906721254,-4.397977644468524,-5.114714131070285,-4.036598415942767,-3.386867735590797,-5.948263245703298,-3.82578925066269,-5.427587203113,-4.485304676678111,-3.7910355917750023,-4.060929656912822,-5.580834809641457,-4.125428767776679,-4.207310226616324,-3.935763915840209,-1.8759290051990163,-3.977072811234294,-4.042458773301286,-3.5910720131749723,-5.659507214158727,-6.082043036409085,-6.032402599671026,-6.044556042744313,-5.971662212224711,-5.94201268553268,-6.374948587140057,-6.021827141949857,-6.09592394390161,-5.968185404854422,-5.984746813554747,-5.883931397021374,-5.911488586215555,-6.158944134575612,-6.099652161006055,-6.833765693751417,-6.051574965295023,-6.162893471293076,-6.085658589400709,-5.802608091442792,-0.41397765651927565,-3.885985810179397,-3.0158003455355873,-0.504889350009853,-3.4959320198445765,0.7771122515250588,-2.2856884671835136,3.5418128197620176,-0.8029538528943982,-2.6046121792014394,-5.982170588926477,-3.579158342516167,2.658238475318246,-0.7866667040316824,-1.7833134535928505,-4.715104742541261,-3.4706389042377186,-0.6468625721377315,-0.9868787977882811,-5.855670777516837,-2.5115695327773264,-3.664938665366525,-2.9268243193046195,-4.975564235884598,-4.93044600788416,-5.2880012139380845,-5.5026458415521535,-2.152474420912537,-2.920280521716111,-4.746355626054723,-4.826167757759671,-4.9594585744674555,-2.3185718538207145,-3.8428847088192026,-3.2239707742332566,-2.9620898964848976,-4.994590567718463,-4.631601339504696,-3.4042089381598224,-3.2650917119877128,-3.106138091475992,-4.935757840591692,-3.7026102411047197,-5.006955561874642,-3.763049908214629,-4.763236720402417,-3.4447625233693753,-4.767401877154047,-6.530989754478332,-5.177808292664883,-4.688644716254021,-5.827059064781331,-5.727870639294339,-4.785438014674899,-5.7151688319835445,-5.6933289072124005,-6.368621527786557,-5.569119467946549,-4.8558888096950685,-4.725558703407978,-5.687030021305935,-5.698148177682258,-5.106362615957286,-5.538978915272796,-4.750704737162919,-5.897354834241912,-5.580080799221541,-5.831903769232086,-4.0167958405508175,-4.839495859920825,-5.310655295982068,-5.081007872803711,-4.970426142052918,-6.249862186943225,-4.665797358218402
72,-2.9005189653239216,-5.0383521867650725,-2.1976971137115617,-5.5655721891175105,-2.983884534511797,-3.399216428979833,-3.6114217315982713,-4.316126028826492,-1.3929940894885324,-2.8960302809633958,-3.045149532780207,-3.5631484785765077,-0.8695101025244365,-1.7812113345447464,-0.06223239058815189,-1.5294017814128114,0.8002306055408779,-2.6636656140963475,-1.3143771883222364,-0.10079557733550049,-2.0387964998935653,-3.946167875633903,-4.946581432739534,-4.332256658034041,-3.826048040957243,-1.7591104449630666,-4.412581070292105,-3.422327252368663,-5.858443506008673,-4.287788596881947,-3.3086323845792105,-5.057370311545567,-4.09256695260723,-4.909009221327281,-3.7917065853155285,-3.782264371129083,-5.5850737864151885,-3.575985841499808,-5.456716359590991,-4.1477160167781,-3.5177984882220343,-3.6715408891657737,-5.293374734838346,-4.095620718723456,-3.8727457854224725,-3.7178669092540573,-1.5716025181593873,-3.805038282433349,-3.810347160289301,-3.462351640848615,-5.424934432225134,-5.631863223727197,-5.872492296679612,-5.713843040345008,-5.893080378623061,-5.927326506891051,-5.880481234646527,-5.984654258647773,-5.606748778823608,-5.6090269291325665,-5.94849944281044,-5.631498321375856,-5.860284175998992,-5.9742328052322575,-5.5205143863835815,-6.61898371746101,-5.813542599954856,-5.888286833817519,-5.964700464690354,-5.6434339020714015,-0.2914403465635633,-2.051667022443577,-3.109409917198455,-1.1549366847679423,-4.805259794645393,-1.5904879360005653,-0.07481110948406577,0.2647634120971914,-0.3887471597452068,-3.853685660060143,-5.82883865218254,-1.213825180588409,-0.5778335355397819,0.6526300871088502,-2.5207386596243575,-2.8520729320567226,-1.4988713656765258,-1.2064966264435788,-2.916889710496771,-5.621035269523824,-1.6125759231679142,-4.184090699844465,-4.934349372108083,-4.24801570902642,-3.7345778188249383,-3.3467954551143455,-3.2366961798798535,-3.931261341497387,-2.0956026589216066,-3.8233041611900593,-4.191265481618039,-4.3865833642163885,-2.2489564213307216,-2.7807125528509955,-3.1482189245607763,-2.217287230936357,-3.608088919991043,-0.7931415264222785,-4.348588099070956,-5.334945582554733,-3.0603865777694486,-4.243335895260788,-2.4726306092878882,-3.173304102487985,-3.63089307280635,-3.6121953928698307,-4.421608203310248,-4.972287681899027,-3.4888432443619313,-5.322214945814615,-5.1288442447938944,-5.330062139541653,-3.959905400059539,-5.9091897710495545,-5.522734300581568,-4.801884491982855,-5.393631855365306,-4.627468936128855,-6.012728062539514,-4.049788491620619,-5.409314070248054,-5.0033518681937945,-3.9935935582704176,-4.955363066224616,-6.099087295461679,-4.3072274598354054,-5.532196072246818,-6.0962164859835895,-3.810198645709434,-5.8595008290521795,-3.790826534997659,-3.7205193567802337,-5.275508162722224,-4.716795955395856,-4.066112158178383
73,-2.19260647866137,-4.783156685653584,-4.500461226195511,-1.0999659250328095,-1.8497798239338041,-2.239943188768704,-3.094942844075406,-4.079795400738346,-1.6710235420895008,-2.934695229453751,-2.485230292511214,-3.4678688383535565,-2.8058522631736142,-0.8821067641850684,-2.126901163478558,-2.236842646043344,-0.6530802623647461,0.711571013882724,-3.533413790670944,-0.7362007198138105,-1.3205034694619093,-5.323293726188801,-5.118266428389088,-4.759223911342974,-3.112818205280375,-1.5066774153712346,-4.3593109324881425,-3.738087942244594,-5.470701921135461,-3.816391539464897,-3.394865593646984,-5.043828260592151,-4.137504406442627,-4.760527811149118,-3.229462695834005,-3.2691744750302356,-5.3846980834878995,-3.28636311852688,-5.200729440858443,-3.9149773601681352,-3.3319232725233516,-3.2269005512215765,-4.781689785101733,-3.8458759549219823,-3.5594353239876497,-3.432995088130511,-1.2430523985880508,-3.4284671917273846,-3.5924546685263836,-3.022040208108902,-4.932379585258786,-5.716027594384032,-5.2731761667613615,-5.497253797381522,-5.73205798490538,-5.474763640541744,-5.473235543015478,-5.571940629678783,-5.21996177446273,-5.220280099750512,-5.828760433567473,-5.355549447692552,-5.50264163359059,-5.761572434846457,-5.187177302675448,-6.306126058788221,-5.500276026745833,-5.3614321864219034,-5.3774476145803645,-5.353476511442957,-0.8048820616944874,-2.290380799978986,-1.0214454422269243,-2.56467698498221,-2.305331376515681,-2.106215496098461,1.274850211901124,4.179235978449307,-0.37888183918270135,-1.1352977649151321,-5.288365759474333,-3.732673697786045,3.710016946295714,-0.27737753085227124,-2.482729180769528,-3.24946190323111,-0.6107689777807472,-0.6113713572195736,0.5992495218223688,-3.9792262914223375,-4.245433645352892,-2.800531095866096,-4.580472081532615,-4.2622934302610425,-5.1639633757092485,-3.7416052630138417,-3.438880344186063,-3.0258172278947746,-1.979272432037917,-3.238537682433133,-2.7175481526416414,-2.046860007174589,-1.722677794695084,-3.959372928141058,-4.413778928873971,-3.247935247155121,-4.447233490280009,-3.486868619288305,-2.623417148732209,-3.7243159398413628,-4.145982421888661,-3.6555862713711935,-2.7165188054581413,-2.346170656549713,-3.3434430021741894,-4.931434324091427,-2.909690069596796,-3.652317488313514,-2.972171307302569,-3.6688260138702082,-5.861253958088181,-4.146715413540418,-3.914902191575193,-5.697696717650862,-3.4049153951235014,-5.297310807969365,-4.091482472882507,-4.60601216661885,-4.731969115109457,-4.904196273578549,-4.549672446589822,-3.7887924665036707,-5.3818246298760775,-3.8531418044778976,-4.618935325970678,-4.351598480610023,-3.5013755764364376,-4.49509999798446,-3.665653474103685,-4.596582596851696,-5.373983187454127,-3.534190253968733,-3.987185724933149,-5.091013914921876,-5.310065412756498
74,-2.674019262065863,-4.460047906967899,-3.98338543233765,-2.207634543878628,-1.7627118053647388,-3.2734947657861495,-2.3145286325835155,-2.638307300385487,-2.749057469752889,-2.6193019244807245,-1.3407140004425284,-1.6454002292777397,-2.9345533945245528,-0.38561681970755424,0.488541710490622,0.7361207015166862,-0.6188615729397957,-0.6733620532803282,-4.3591279740158,-1.268788625592454,0.9464762859168432,-4.749558142579455,-4.604359772744808,-3.6947699235786673,-3.746103946650368,-1.5113114183772085,-4.141062566653681,-3.071000955473582,-4.73938934890305,-2.7834507251794793,-3.069180871197775,-4.938861265045017,-3.574338660323318,-4.611264884242862,-3.1600164998603106,-3.1277709373914586,-5.094730202821465,-3.090565226965715,-4.969358094557385,-3.862736738725383,-3.0524929058260906,-3.5116054225878894,-4.476407681033946,-3.5588809352646478,-3.4188366588540466,-3.2221874637279178,-0.8454705774696242,-3.1012550133045615,-3.1748097615963187,-3.043377017863094,-4.53311016105895,-5.277999477842798,-5.110896104062584,-5.228816529284479,-4.962763075979973,-5.077161340660316,-5.13242947952156,-5.105154110983559,-4.768843049450718,-5.23571024889268,-5.073398189056139,-5.247891177578992,-5.134752005534638,-5.376378985229781,-4.910762821437048,-6.011410831218488,-5.3390362268860265,-5.302376709306969,-5.204713632204513,-5.002516551977885,-0.6034780355305795,-1.6649731749372378,0.0623663337417697,-1.9272718126165742,-3.4617815235375913,-0.09121020570236738,-0.05803988187165787,3.180485914345059,-0.45742528263603166,-3.9183215102690454,-3.095203951140165,-2.0112456496370283,-3.6109041005729967,0.30794954643814587,-2.153130542798018,-4.0607529532150135,-0.9433757951242145,-1.6632802927158723,-1.5325990037929746,-2.576188200096052,-2.0786296190833236,-1.8017308585935135,-3.245025171436232,-3.1316838194260646,-3.038413595932301,-4.914071369959908,-4.0503879454536404,-2.4247593682772743,-3.3926242008892413,-3.419781195051848,-3.408370763781302,-2.722114995695545,-3.098526559963649,-3.2069644879396044,-2.1825801999521306,-2.891087833435061,-3.6811589498560866,-2.3452333452961107,-3.4589646355095196,-3.9504144151936402,-4.2247725984697855,-4.775787063531719,-3.4471214040113134,-3.567960354579271,-2.9670479713393565,-2.7774304652566624,-2.2820365351444796,-3.460472707749923,-2.9573497498142762,-4.320622336513686,-4.072254628621409,-3.407180235876324,-5.042877874161733,-3.5887325956584113,-3.331574996556728,-4.225956525496346,-3.9292335970249708,-4.212632620623212,-3.6606261773708164,-4.923104584132705,-4.898850973158158,-4.179257435987827,-4.9154158198074525,-4.690120594006459,-4.52546176329539,-3.347347835763528,-5.001748130943328,-5.172308039024515,-5.099129719630528,-4.755805443610329,-5.069416438077387,-3.8381281845401043,-5.072278244997467,-5.211440852027091,-3.807866802544921
75,-1.8835621496987835,-4.614533230611005,-3.0840976288286703,-4.775700557198791,-2.9786351405854985,-1.8525792606333593,-2.8876138987717006,-2.3100728291334542,-1.8533061224373122,-2.2594524678408696,-1.0672021892764019,-2.9326208524894444,-1.9837646582169937,1.5675982415688747,1.4729872492137197,-2.0930890974664345,-0.12430368343940712,1.1429390304719251,-3.0235229782613136,-3.9428803007516158,-1.5736999390053938,-4.289516561312023,-4.3444321014740614,-3.610998151591422,-3.16094448404895,-1.14531911238626,-3.907255465994985,-2.4199347700500144,-4.72818314255365,-2.8274825386208553,-2.292396410480556,-4.233049680091411,-3.4341276509253733,-3.968996104476678,-3.19746366164353,-3.2626563047554478,-4.553009793323416,-2.7829446453965914,-4.9259154483624,-3.5809579103598295,-3.0267457267962827,-3.265116961123942,-4.147597830092312,-3.283836865263348,-2.7661908918342877,-2.852436830604338,-0.5195705194467362,-2.5651596483477994,-3.0208512056598638,-2.741266184945263,-4.1239402294862435,-4.545520117400143,-4.640198436963981,-4.580365329637669,-4.66156349291781,-4.8335886770727985,-4.870605445215113,-4.791289452378001,-4.447181496225581,-4.675904454186357,-5.062687711868638,-4.840875208554604,-4.580702782113526,-4.827141815618001,-4.550545031689075,-5.66414267162031,-4.662001801085065,-4.538600828482119,-4.552883163425621,-4.485729893831699,-1.0338986384808195,-1.8994019400267663,-1.6969191366576482,0.12402421548031128,-3.2449528556976817,-0.11604542852663036,-0.055373231566549164,2.9547133741571585,0.0018026450677370853,-2.0539137362504905,-2.04248031977179,-3.125005769969863,-1.5206388855161914,1.9227000976450905,-1.267728246385865,-2.5084318418019182,-0.6908840453766629,0.9897159608532591,0.8495628246438072,-1.3089511738869968,-3.106760229903289,-0.7019531609436553,-1.872082991672201,-3.8899447740763833,-2.708669987532835,-2.4105106291483196,-3.205293320789715,-2.458136278844826,-3.836001601484332,-4.7535659021033325,-3.80726787026317,-3.297678984854722,-1.453989830311619,-2.308453866735523,-1.79674802303238,-1.0480992380613996,-4.165988545727605,-4.389102536981783,-1.812151803773554,-4.195637635784385,-2.9578016928161173,-3.383220685171632,-2.2262504725875845,-1.3349124279879452,-4.179923568647201,-1.6464211333217875,-2.5237000786164705,-4.35302435281699,-2.8602788757662214,-4.078965384363665,-3.423096508930036,-4.138834332362834,-4.99983380701516,-3.699348986700733,-2.7335847646861025,-3.8349520262969157,-5.21127558692886,-4.251668868768874,-3.6408973935884736,-3.205981676888098,-2.814237791703903,-3.378158033202536,-3.2144908108636074,-3.7088435956593706,-5.154812702512013,-4.7574675180030415,-3.1766833216166326,-3.5818094041893143,-4.383999543667989,-4.918465480831443,-4.09846840966949,-3.2933796006834397,-3.322463527472219,-3.5541394747730566,-3.7650715831068498
76,-1.471011472492759,-1.2121324054251668,0.05372631162562058,-1.8105527136621573,-3.1671408384368567,-2.7240889968334674,-3.3627302538048554,-3.2986880971570685,-1.7036235044611079,-1.8796875949952137,-0.1190896184511212,-2.811774449653232,-1.4488123089927316,1.8589798376957305,-2.090159426531177,-1.2018040346639367,1.5912255976817842,-1.2612469406348463,-3.178740497870553,-1.952683390792083,-0.4046469851513319,-2.609340756040014,-3.9264586971291933,-3.793764005027711,-3.0578587191415734,-0.7365502083609148,-3.6193449519270335,-2.290613781730601,-4.1030132548490545,-2.60641836269287,-1.707177683231467,-3.440553780181655,-2.45914838536227,-3.677874393335045,-2.3605670830582217,-2.673633240341884,-4.1984029073778855,-2.6095174397009613,-4.589814887916884,-3.056737081500493,-2.7068774586712316,-2.9770003088067907,-3.9308077405677087,-2.9833663776573918,-2.4858970066014345,-2.5478302498455565,-0.08292713843850939,-2.238236608719852,-2.650914020220482,-2.4075195944314074,-3.650507943454993,-4.2203518483660245,-4.4196086073775245,-4.124249440197603,-4.25075217183691,-4.182408365900489,-4.49464641591763,-4.4037910563928016,-3.8893418404097218,-4.245446544034379,-4.279772751142598,-4.309911454267002,-4.210842863957107,-4.615705582923613,-3.9884502223712515,-5.169331698898448,-4.3129656741054365,-4.322711911436608,-4.48200143393781,-4.059476678889921,1.2988118106890345,-1.1815768462579594,-1.5821603575632925,-1.3725611287556487,-3.227949336900144,0.3224027378156866,-1.0121047294994163,0.15687735744099468,0.6905661042612192,-0.7984880696733572,-1.34992733913173,-2.544632216855658,-0.6449059700513509,0.24433598314461502,-1.240347161250136,-0.6593919835294746,0.8116738819400959,-2.0412453266686637,0.28583042036266626,-4.59076784401753,-0.2816919004938945,-0.4785787544473217,-2.9885564217270293,-2.6581027027117368,-3.2670479677966475,-4.216421591865143,-3.80743486555612,-3.0313458209055337,-3.204870876411014,-3.9446239385702073,-3.015561575492736,-2.918160016367588,-0.7030687191276863,-1.2899007642337406,-2.0916422366893004,-1.9824032567766918,-3.2313863768037385,-2.0295402539852567,-2.644593214783449,-2.9811039048612846,-0.474073030919818,-2.884706012249637,-2.243982612415765,-3.70050362317364,-2.615029569004724,-3.0290645020723383,-3.117758295528096,-2.9725545661388493,-2.6624807910433974,-2.1655522127679,-2.8909615068883925,-3.3285117665065043,-3.513994807511997,-2.9948101816542523,-2.3357954889757404,-2.832388241624068,-3.3511316699804015,-3.0960317662843777,-4.48102187785394,-2.7884447363880875,-3.976067658967377,-3.90324409652239,-2.732055517538287,-2.577967299556441,-3.648111567406711,-2.5278383773660305,-4.145252690749946,-2.816142454609175,-2.166796378027667,-3.329729930627661,-3.293944367542174,-3.015963852562193,-2.763982995394361,-4.436264881672724,-3.874628841684345
77,-1.4169785533792878,-3.3829922422065852,-1.4724760859028585,-0.001260529700161328,-0.5096455196190566,-1.510016617457363,-2.340635038091768,-2.919522184518547,-1.0418284405244018,-0.7135780295080993,-1.122499708820026,-1.5232501954461497,-1.535710353279503,1.573026841264042,-1.7550534231911703,-0.9042756310593658,2.0731157731524235,-0.04016364063033673,-2.265785859169096,-0.40312730536914065,1.2708123343946123,-2.9882456146070253,-2.8047454516487913,-2.7393977293000193,-2.72244692782779,-0.493609042071551,-3.307512733002649,-1.4520564326693801,-3.348079647291624,-2.1983126511076825,-1.6079260380264762,-3.6840894986436776,-2.216869686658085,-3.7564041004919138,-2.839088102585956,-2.818126537446402,-3.6460178044596216,-2.3972699093396423,-4.305492112447315,-2.7182712821824357,-2.317402541513966,-2.3143020662354448,-3.2577267264742797,-2.788342164783334,-2.134475863629166,-2.1030577261672985,0.3052390584519525,-1.866089390930077,-2.5431379083119685,-2.173417568411355,-3.344371952818855,-3.9393265926851417,-3.891666629452654,-3.6026481997987987,-3.770567824931449,-3.6513996647164815,-4.0772863357110944,-3.9660073502749307,-3.3891554276086793,-3.8525513469980046,-4.1782924492556175,-3.581830010529118,-3.9162873363669553,-3.9064961123424733,-3.7093362416608406,-4.670276057987862,-3.610182550786083,-3.945928634772139,-3.575704224361914,-3.7941353925254493,0.7426758095847339,-1.32546532280722,0.31740363276149175,-1.2017192450492142,-3.6127086952416136,-1.637445100388002,-0.2470561581469819,-0.06543070627193981,-1.5423738057887864,-0.9981479078944568,-0.6895265484875703,-0.8493649334838067,-1.0043259263145399,1.1541425445437328,0.4469621157756869,-1.2142155831510775,-1.027300833279035,-1.4624255507117332,-1.5832105080487238,-3.0390046507006767,-3.2863723641101723,0.6340061143540789,-3.0942250785984062,-3.0342516598367424,-3.8185643091920367,-3.333751530587714,-2.4771098291285165,-1.4088486212297633,-1.3214337475311206,-3.32960918772939,-1.996153606022433,-1.7876074842934284,-1.5474265108838814,-2.2540154328892523,-1.753348707637777,-0.516141981177749,-2.9476188638018592,1.3247276314728138,-0.9839411552289645,-4.228389163142685,-1.9613975905847505,-2.0590935515718907,-1.3919753668113914,-1.677299920368089,-1.7883395226505674,-3.578278682093533,-0.6883222286289881,-2.5873001975835175,-1.6348213473020725,-2.0720611159228017,-3.3633664355934436,-3.2537855524081483,-2.6286118934223026,-1.9477398757397086,-1.7379782882658783,-3.627040127020584,-2.210288913001568,-1.7667986039420116,-1.8311969253898623,-2.1699701047126436,-3.0390011240539048,-1.9911609663400833,-2.0641679548673793,-2.418215080985423,-3.6122701378706714,-3.4781864675410517,-2.281352355851682,-2.434654532920807,-2.631146116199111,-3.740809993828668,-3.466476271978233,-2.021170470906336,-3.2953427355404594,-2.8589995730052307,-4.1365145179264085
78,-1.2714730055790444,-0.37615975917160505,0.6095126241072997,-0.13657165332589383,1.4447420283982995,-0.8248527941891923,-2.0406818506666573,-2.617784410301405,-1.3559605768661347,-1.6602320959050885,0.439246220166825,-1.0036400972297874,0.17933796217422726,1.2940939407367584,1.0237038398859166,-0.6074726626034238,1.214745397361238,0.7851429195713888,-0.8380983226477245,-3.042961620413594,0.6709067769045332,-3.0897581838516803,-2.9343826834937907,-2.572286417316266,-2.3934485627973157,0.385788949345952,-2.9823927832589234,-1.4575107765569484,-3.308006261057678,-2.0056247957371567,-1.0646769398768399,-3.2553911606628625,-1.7550144588394079,-3.0099367528107304,-2.2253903362526484,-2.0897338676890276,-3.148676661540028,-1.7579563564616887,-3.9981284054718613,-2.217844693287585,-2.107751644178847,-2.49270728291578,-2.764085532642096,-2.4013007454125868,-1.7196225713813051,-1.7108473561918383,0.6436011621473997,-1.5124841693471907,-2.272919056109989,-1.8950517300177283,-2.7664152760160574,-3.2262896505120615,-3.2923665710278307,-3.4004629755489737,-3.513164314126795,-3.2048800720834127,-3.5095428186193844,-3.244713986099846,-3.2025522511597577,-3.0656530892591918,-3.588348639667097,-3.5077715841279393,-3.1438316246857956,-3.4800706243960837,-2.961809266638351,-4.1918207772683225,-3.2401722051304485,-3.200809815344941,-3.3202966396893556,-3.204303636960606,1.8253113867529935,-1.4155435887766794,0.8171804813724814,0.6438417045236016,-2.294228778323747,-0.898870584015282,0.06505816446234514,0.027607654760001377,-1.6993994473897147,-0.41823897064393023,-2.1339636272660236,-1.2677545078277905,-0.6368889837972382,0.25060648356962845,-0.32774289838893655,-2.8809089165710953,0.953658447190219,0.6464150095003294,-1.0751789698369625,-3.3034709862750713,-1.7857771963257023,-1.385667056815574,-2.0946487508679836,-1.0437501534959868,-1.3378454660639671,-2.4101875366193477,-2.471269618176585,-2.3372120181644664,-1.0546589874592742,-2.8869842754440156,-1.5643325696078132,-1.679646222834413,-1.7651347346302522,-2.9859014489689226,-1.3986255466947444,-0.4506771007093926,-1.5134991735376853,0.4450173037890792,-1.551760218713309,-3.7825200334340874,-0.8765071081180325,-3.291533851921164,-1.5490649408803456,-2.6235257219985804,-1.8641853359652782,-2.037423210452398,-0.8388592176838487,-1.7417242544620997,-2.945670246042826,-2.084865915588729,-1.4595765370177736,-2.361649451956894,-3.684071387472311,-1.708117443945432,-1.5432480854405903,-2.5506782105329995,-3.1368509682249224,-1.9992408777114228,-3.1573541944247974,-3.0984702666626007,-2.2969050855171664,-2.7394154616107853,-1.8571376471865508,-2.2714205209415503,-2.0709686058154575,-2.0862768048771407,-2.568029689879549,-1.7621018975611722,-2.9322314751213012,-3.3091687486469104,-1.2463851007590416,-2.4298555719881394,-1.7282122757460532,-3.392513816859522,-2.7141336261919604
79,-1.1945646232859506,-0.0959631657940423,-1.0340898633469033,-1.8009893992121433,0.669788927687462,-0.8950044182144783,-0.7955817215497047,-0.7055231257702164,-0.3526124378703186,-1.1977215908243926,0.10904119592557959,-1.0334602854148078,1.5143290014784845,1.0865259864847807,-0.014049634017211599,1.106052707527174,-0.38319381778477296,-0.5135482783589643,1.0183020692087696,-2.4100090855654486,0.44964613988294233,-2.4246522550569782,-2.0630489151755245,-1.9895156728255474,-1.5566043713224036,0.951756898469034,-2.7442640714778923,-0.34116527127247465,-2.310682733095149,-0.9397786983606,-0.6038414832061916,-2.7622433231520613,-1.8877555484462551,-1.9890301085126656,-1.848092310440209,-2.0428252941753464,-2.8366347842776274,-1.6643292997202377,-3.627599707489754,-1.9282361929217486,-1.7295147972391987,-2.208658284813909,-2.3622973678983237,-2.228289187213492,-1.2284881973950104,-1.3198570386077833,1.0127021001802254,-0.780542775349025,-1.6562802170280642,-1.4723690352766237,-2.1370144700334643,-2.693078016460107,-2.802419000845787,-2.9672669726934426,-2.6228152078000235,-2.794596666349691,-2.7543409170251874,-2.559712193050408,-2.7201996931971553,-2.422318807567573,-3.107337103349016,-2.6360690235203856,-2.77128388132656,-2.892226299004137,-2.3823139457792872,-3.584227619172282,-2.9915071452974513,-2.7781782757339855,-2.474413577295022,-2.68714159011314,-0.814090514356569,-0.3733608127964336,0.8622758433479167,1.7933943278637703,-0.5639630286849022,1.4175600553379235,0.5905714490490341,0.47043861189130287,1.784009606950753,1.3758524616714598,0.25135365993509495,-3.4440886147588055,-2.9186766896115532,0.959632770756818,1.2823216326478262,-2.514922533678613,0.061558795871020644,1.4001470589599112,1.5255650580293594,-1.957062773769395,-1.9775030008339436,-0.8550603847902345,-0.045294417496736905,-1.4356900107769086,-2.5637691660923743,-0.8792454787575967,-0.7905075474255701,0.30639475252112547,-0.26503590389471565,-0.9988457608953452,-2.7189132305896693,-0.43845692509217504,-0.44639870183711183,-2.2069755965889004,0.21608473796981187,-1.6109499549349584,-2.5041678567203123,-2.099435179710995,-1.2836154582888095,-2.6136286875520156,-2.3123402781972255,-3.179279856192183,-1.9173368099485657,-1.2664915660525147,-1.5421658101703566,-0.8249662415352346,0.21544883970398532,-2.8091713965955347,-2.8340533659726996,-2.286974162518922,-1.636529668947878,-2.333398908948916,-2.9296911089434596,-2.6358417550817492,-1.4039948089235328,-1.6157973476016616,-2.663014437756703,-1.1601079082505223,-0.9025012726515991,-2.222164389963884,-1.0973719723395112,-1.0032257406345506,-0.8662111177463938,-1.0437604727221526,-1.9713899879833687,-2.675143859496711,-1.8804473807677111,-0.9433736313019434,-2.122258673981472,-1.7326357461568258,-1.9168562224133172,-1.1024703582070068,-2.72249991704502,-2.2587945896359387,-1.3643491693321628
80,-0.38834380749467334,-0.9588226074343684,2.0888035204174424,-0.6282769122981793,-1.693591504289361,-1.2980319882713547,-0.5757423627209495,-1.4978974725446568,0.2755265285153168,0.027266502301900752,1.2714555013104485,-1.2613720807172988,-1.4681272891551258,1.271397006006696,0.847275880123552,2.1247576128557317,2.8788293668753666,2.2920428140522464,0.5290265753697634,-0.1490180263512375,2.264841683328294,-0.07214282010330209,-1.8284246429457862,-2.066406045196299,-0.9936867355190269,1.2617282234970952,-2.3153968809469245,0.026869521732882706,-2.4924452358344187,-0.1923074718004919,0.1154031922663713,-1.4525500110388851,-0.6476743152808564,-1.563453600636549,-0.8939500755100104,-1.768273639556232,-2.1514269845896634,-1.2758606822944654,-3.2341798990686623,-1.5861024988471681,-1.4126201861634182,-1.8837555740069476,-1.9015431529181814,-1.9484920209733312,-0.5187464203685719,-0.9789634248261136,1.2886673789388368,-0.4035549930803923,-1.2736092486924895,-1.3423669541256702,-1.731296932581934,-2.406732078469479,-1.9961923785109266,-2.1728494864190244,-2.3969932194786674,-2.155007242302958,-2.078112802987397,-2.0318187488114057,-2.0671829132834914,-2.0265995600727176,-2.6141244517840394,-2.397199125949144,-2.1336526054596456,-2.391718857007464,-2.1092081840606203,-3.0034183442299054,-2.3540874427650342,-2.32144880698639,-1.9203265475327334,-2.200854183588385,1.7133892588397868,-1.1863605279724267,-0.7255160078135053,3.416073132445422,-1.4799770803136103,-1.3848500772349033,1.9944270903297134,1.0477357017458722,-0.7526842385645593,-0.9207640638849595,-2.6005420613010397,-0.5871161244533138,-1.4257805040258165,-0.2759649775175044,1.8996715819137444,0.8325557483117434,-0.6307277776193375,2.651721332100782,1.5661530725497645,0.6490252465726045,-2.492652276068528,-0.07554078601514402,-0.5229782012900173,-0.5025950669759611,-1.2495834236808268,-2.7899089652769726,-2.783708802295818,-0.068852979851318,-0.504092007915065,-0.33588315522644896,-2.2214364432227565,0.12386667244478877,-0.6214271786419738,0.07965029927887457,0.3452028872392552,-0.9271596027307504,-1.245755494112333,-1.6681698763198844,-0.5575571867261271,-1.7807897452272983,-0.014858044670575499,-1.3808737327573708,-1.7965050810271048,-0.151590231651187,-0.9460432240067322,-1.267946375520478,0.6585514979537432,-1.696078740209305,-1.3184094706972829,-0.9755633518892373,-0.505972768140152,-2.088567615077587,-1.64989898288598,-2.078667448058469,-0.5132444513874694,-1.5453361659151608,-2.2685247625712726,-0.21746799369113923,-1.5618863147252764,-2.0346847841909854,-0.12792291341845674,-0.7140755514538477,-0.5407096366101127,-1.6957785364618085,-2.4889665536299628,-1.8096955681074645,-0.5879967166318647,-2.1543198623052415,-2.150856972904884,-2.2151014465378975,-1.0236091192906394,-0.9602578327321738,-1.9353039160547123,-1.9973932735911761,-2.421122081196408
81,-0.5458414500097885,2.1687894237083163,0.649642619695812,2.5773100853939455,3.4453069696961918,-1.2001420949492037,0.2284590423010926,-0.9530333999741452,0.10929622509595194,-0.5539432974094488,1.4631006603567427,-1.433125945533347,-1.1808741671224623,3.529812090058912,-0.010697161265487365,2.6428442057617736,0.7700720897952215,3.3032621436866565,-1.0473229692031314,-3.111162434309115,0.5108540527424584,0.2812900823322726,-1.1368245722458061,-1.5757745849221032,-0.7943662222764665,1.4696567426607445,-1.9948808033728123,0.500308717955838,-1.8080853825801202,0.031825771219753496,0.7333656793202133,-1.7709009779992244,-0.21379893614720302,-1.2518170431092495,-0.46382998194990266,-1.0985418478817952,-1.639438519497779,-0.7847040493547002,-2.6940987372761374,-0.9944193536760626,-0.9253109489579183,-1.4467786294198017,-1.3849324358657211,-1.4775553655336962,-0.2590666759678507,-0.5375211133489801,1.6738102230648901,0.14466988978455053,-1.1143385467048832,-1.0757656188125062,-0.9411019203973977,-1.6880222514811354,-1.3359023746214602,-1.682070239958452,-1.4939160093730208,-1.4785920063249653,-1.885427794342403,-1.4719985293544071,-1.4938576185800574,-1.3426709186181314,-1.696377340209531,-1.4972726206732436,-1.4831236880917613,-1.6468180378183672,-1.7085499939605848,-2.2092996703254615,-1.509551735814786,-1.4508940570878952,-1.6907535937844482,-1.4125708159983712,0.13526807165696353,0.7070537197428024,0.9605150800930837,0.2321192034752405,-1.6213737253436613,1.2043630147476478,3.160171048647964,-0.3101703069164514,0.8912562182956827,-0.8683780129067609,1.2193498227590909,-2.646079675181484,1.5479580576261665,2.7585698474208007,1.8957271872291426,-0.5780257642029225,-0.29583231910593666,3.467152082799391,-0.25714253377780794,-2.2435273230870534,0.8430482803310597,2.73435622260143,0.5908373863777558,-0.948764922301975,-1.4520525968352374,0.20556700471645462,-1.243309233986523,-0.8927878864844949,-0.7200093724815507,-1.0797126120099168,-1.5523505545445233,1.8246739696507803,1.057349294559371,0.04979316757744967,0.2630890764631104,-0.37940826342963263,-1.259847801670361,-1.2869779360226583,-0.5159584587783459,-1.0862281618728884,-0.3180095913483938,-2.203312023177432,-0.7622501932588107,-0.23363203990126968,-0.3768187896811974,0.4372210980034579,-0.026054722378030082,-0.9903195032772595,0.46240421402977283,-1.1123587844651739,-0.5947987876742649,0.2867549635921627,-0.18390004792983228,-0.3057121249244785,0.35995437686277265,-1.3055803911969772,-1.0013048778102887,0.2020423440207917,-1.0017192435627504,-0.4750958212465515,-0.3725458324113602,-0.9191218347852603,0.11556083537432693,0.06089317740695854,-1.6573412411373425,-0.5822516612722126,0.24877421858405446,-0.5661384702875514,0.42889719709866103,-1.8879637280497668,-1.4031017538961033,-0.2454919079279161,-1.405998032174152,-0.9971200405118161,0.00939616415671507
82,-0.4400292495789005,-0.8859660659764114,0.05951199586540212,2.230166249269156,-0.8587059621593012,-0.17320420560170358,0.07973120560363722,-0.5487695258709051,1.0354242780401302,0.5921048842904775,2.426896352321042,-0.25911817129937875,1.5505772680475562,0.8994439614916069,2.243611290385762,0.639735022382518,1.8673458197006658,1.1025336214785217,1.9734192630273144,-2.459757609828778,2.8337561516359004,0.1810854812101872,-1.159096775373614,-0.9120679082400972,-0.7027520204430235,1.6512584156419858,-1.4963982977617387,0.9117826289054192,-1.1990350278884996,0.3345263511947222,1.2673824237254583,-1.188178119017541,0.05503087879696189,-1.0071843601193682,-0.6908795080953587,-0.8847018481070987,-0.9158672620932047,-0.34309728985515997,-2.126121952555482,-0.7987976770202104,-0.5995266425878534,-0.7182961511972574,-0.7957917326727252,-0.9477961368542724,0.35971329389247503,-0.11574619509739716,1.9919181554259495,0.5737650998148591,-0.4601550852021662,-0.6639036156697692,-0.33740481719125504,-1.1333104649696035,-0.7921022265496569,-0.9282096023197874,-1.2964378084694774,-0.8275349601382884,-1.1596664580771239,-0.9926925905945032,-0.9798813976034959,-0.7926835400592684,-1.4545185942296635,-0.9884574119985765,-0.9622224209334613,-1.0260435044058176,-1.0942880886169275,-1.714345296495925,-0.779266335847854,-1.260969358184008,-1.0444035483602676,-0.7383132606385893,2.8431690331372543,-0.8009035906590087,0.6953791880547631,4.3261814172461035,2.008389806134286,-0.63141787974545,0.613361026529482,2.090890749139504,0.05668067968812149,2.743783066507115,-0.19558283396005272,-1.672471666236937,2.445825583601926,1.5858162801348585,2.6491445261035613,2.108100633471551,-0.16288000836974625,2.5365912650429236,1.9067283565713282,-0.5941304176569386,0.48454546027668277,-0.013741379341569604,-0.47826829344575317,-1.2802052030385562,1.0243614903173413,0.6540076173813483,-1.3821982015236156,2.2017105263487933,1.7207132292107228,0.6448657361687931,-0.3608702499926333,2.517174174250959,-0.25890373685204077,0.06052148914914102,0.14030484708462487,1.2013251785438133,0.19884311264638543,-0.14336646842077339,0.8321649078686733,-1.483673645267125,2.1851564087252906,-0.045013718865711816,0.9311061522898161,1.5983300018989226,0.693239256312757,-0.3688122329816118,-0.21324186981650395,-0.27331345197738566,-0.931381509305803,-1.076660716452759,0.013177962169456992,-0.5211340648657341,0.6980916616695123,-0.9849478122055657,-0.25753780358444645,-0.7272831920753704,1.1846355334362397,-0.25070890277750524,-0.91545479718752,0.05797461457527642,-0.17416682994126065,-0.2856909249781747,-1.2972980916659893,0.49923513726954716,-0.9401943190740829,-0.7626527496924481,-0.25377914965043635,-1.1127920576903207,-0.5143995635026986,-0.8424317135794535,0.9356090104253867,-0.6876385210533551,0.07459588273580153,-0.12070398388751391,-1.003820260337756
83,0.14467605231443004,2.453866957275461,0.9268010541106657,2.064026900799291,3.0747574092234715,0.054886357123788865,-0.3960640035097365,1.125401315397223,0.24852954122586612,-0.31512076699267105,2.6939613825716267,0.398175800765753,-0.48754996579625787,0.9795082911251938,1.9194796262393594,4.013435925797337,2.0014642157216223,2.6657717860348593,1.7610806988778704,-0.1536553124001543,3.232444024818208,-0.2224551661992587,-0.11698457670999218,-0.6641804785487807,-0.16355247138071674,2.4560318699303463,-1.1916482743593688,1.586671074677135,0.10584179935332982,1.1676990502518323,1.3991465301466652,-0.55923828691203,0.35421693562667406,0.2240707216115646,-0.17459184848269138,-0.977164214944317,-0.4520607779798515,0.1332303259277392,-1.7396886493831603,-0.25228607547568543,-0.023934359680783,-0.25111113798740714,-0.2927239849499535,-0.7370745387643552,1.0486540204129575,0.32919198762088164,2.34474400705839,1.0853548222211373,-0.07257541628744973,-0.24903435645588431,0.22027028253815395,-0.4689733245231386,-0.5486823281689566,-0.6724179979552815,-0.6840447797532219,-0.46271277484354617,-0.48978359636703334,-0.2352532559753035,-0.06716258658253144,-0.10285081384762595,-0.8139532971773246,-0.18110178727453613,-0.2999174422810955,-0.6408158541842078,-0.05666017840936727,-0.9647465388615506,-0.29913128052091353,-0.38266418194527047,-0.10511763024624043,-0.43131135984959007,0.16309618264018783,0.4990721370364355,0.3481576440996357,4.634938754215515,-0.841299823339309,0.22133319228407144,3.12556630139202,0.7411773309730207,3.1319926263895788,3.2000928000224027,1.6944582437073747,-0.8562641563804994,4.013288488187578,2.6914463361720715,3.2468538166226955,2.2966914397941314,0.8838057709861082,1.2571111548494005,0.3289990473692136,1.5968381799452374,0.03623063561743978,0.4090573878258781,0.9142220960567138,0.9957480606756415,0.8495182585140171,1.3458552062814664,1.0340738778685017,1.7455857618336275,0.4995181231855623,0.1165430897894899,-0.28093874282326736,2.350424543222603,1.076994582899722,1.6310215237886285,1.537259292635064,0.08023295293171845,0.5272555670268355,-0.31523424513699183,1.5756069689625178,-1.3794160852121686,0.16229077724090013,-0.5003883746160956,0.688989849419692,0.10150397385283172,0.3667080945975627,0.10483486556659916,0.5953355308646365,1.447850938101228,0.565389878691458,0.4331719088419601,0.25326903232624287,0.10332027434991542,-0.3582233938556203,-0.035166259247118914,-0.5263241871609913,-0.539304472586943,2.176111014931113,0.960302565916163,0.49927866331143145,-0.49961488844788543,1.3429709603620947,-0.5489109886676182,0.16220805610937394,1.483622554685774,-0.04751302097385146,1.1227630086273477,0.07248085279325744,1.3551309519992336,-0.27616039367516626,0.44845193291436947,0.9351249382787457,-0.3147006084791044,-0.6561766381949456,0.5076926805793405,-0.08957697243354013
84,0.960082107885037,2.8125346331705083,1.2491385152435623,1.3601174189962848,3.933438883481342,1.5909872567606012,0.059785456889742294,1.4327665129744467,1.675010351503706,1.671865576833384,1.6648468542500368,-0.035260696728122876,0.7948072295520334,3.210223528279353,-0.6542926475328767,3.5272632852028587,3.362933212872271,1.8142180653732638,0.4750813088746699,-1.4473725745530137,2.8257184328551475,1.462756026688364,0.5338498868108416,0.37685990002907077,0.3185587382994873,2.2109322254817685,-0.6939462183634253,1.7992151622052046,0.6858725753185847,1.3537444503233877,1.7541335893002121,0.3998176710492833,1.2668235261056198,0.6764498340980764,-0.09791465661753392,-0.12537476701271608,0.04943184611680168,0.3114125321244303,-1.2795630212209759,0.32746461229295953,0.20657314080734168,-0.3428905272743753,0.3866240934427202,-0.2166979962575683,1.4192893750360318,0.740241826903463,2.6905541697217386,1.4036703897083498,0.2816931889367077,0.09916114036186435,0.7798841447268181,0.11894222184779368,0.4162647204813134,0.14451726432931183,0.03157535496348016,0.43656431175841226,0.38440115757796944,0.41291872014922204,0.46616839413261413,0.5633457185056121,-0.16944297594901095,0.18323457335698473,0.10404141382292634,0.014685273600917231,0.4709804347531635,-0.28061091039863273,0.2701080288903666,0.13334624645695323,0.11303570866151055,0.08803148390068799,0.13112494468134073,2.053888451673869,1.4782349224926934,4.96184832397093,2.9300691138926553,0.1837560098540676,3.0105245098049513,1.8559800212298672,2.2635838238096544,3.3817310154327305,0.6491499964391488,-0.5267071587950616,0.16123353315738154,0.24575275734415608,1.6734501200123388,0.6403630725224317,0.4192165061574219,3.3727410760626757,0.34823997971011106,0.6126354668522447,-0.32139720124642923,2.945721938896071,2.411802779807404,-0.24825203898312137,2.314615602354089,-0.46042484122705984,0.6083378264839951,1.4696982061466235,0.9593692904958301,0.05445110995241571,0.44912314949272214,2.0238985766141306,2.5433273654444473,2.164804557258514,1.8257005780154876,1.6470768432105856,0.16929365523182738,1.3168024686877573,0.7203564041436132,0.6473530521901774,0.9612802259036937,1.163508563135184,0.007450352337222521,2.2379726958393635,-0.2639865596984554,0.7028812837901977,2.4917386489412587,1.6370869712148333,0.7841402840331996,1.6095510429070217,1.9080202751479247,0.26615390651347925,0.45271643244867066,0.15060901081142286,2.0459316625099535,1.4136165529048081,0.8918415265132169,1.5601146748772605,1.2658452529182824,1.5969545554431195,1.3051946235098768,1.5702852323198104,-0.09040916837318373,2.0369011807422,0.9425183250382233,1.4437621201621484,0.4346313594501215,0.37746943996929483,1.8068225956761599,0.32722666831455355,2.2611807839413642,0.45965517864385125,1.1148301793547097,1.752631715919507,0.36565011748519605
85,0.9183642064731738,2.7842202346634304,2.77546625323233,1.6856402549428158,4.3837100239476765,0.8261686576748161,1.677874272355876,1.3797212131786583,0.5661980527513735,0.298687071502139,2.590405390261618,1.2165553384628711,2.277254370915718,3.670985711330477,2.765897612384718,2.9104072273326222,0.9910598832946187,1.8877156429283182,3.317768902007325,-1.052952380183001,4.392363818428261,2.9853498598663637,0.4300814995134091,0.16951622428933574,1.2458430497503659,3.1123851676356664,-0.3163323510955981,1.8944386825104396,1.3728965894206864,1.699206213863091,2.4000546551490247,1.019294384378903,0.881025470510549,1.163119184428525,0.9261903912645123,0.08455814973954323,0.7730434358871137,0.7161039253837832,-0.6924176251435261,0.6747063130536258,0.6728904563935121,0.3507285396671253,1.128175666185648,0.05281419627096813,1.9973263075363104,1.1756191717069655,2.958372366672712,1.8325905288701838,0.6037196083570059,0.2827581891904241,1.258617006309797,0.9558188993455654,0.852285883603585,0.851401856926409,0.7505220040905161,0.7265475012340415,1.0448470791038038,0.6706870455326805,1.2154400859099757,0.7190306962662928,0.38161166536980096,0.7051320835335778,0.9370169669528764,0.6162701552011404,0.8347129499063679,0.24674569211287373,1.0536522823975352,0.9531572770906059,0.8428672751921548,0.7729156928694286,1.5659540187503154,-0.468037083572333,2.375793544512592,2.4259288628384437,2.1428853320181864,2.242858366948962,2.379586218738397,3.0958310010025407,2.6864968367608393,4.281120870554383,2.7042573774792094,-1.2973220050067364,1.9451726481479001,1.6023911296535367,3.726961444313986,1.8183262009624475,1.287026248457561,4.2955969715988465,0.7030767943091704,2.4298788912118816,-0.6016247476173944,2.1252045465271756,0.6733021881695516,2.205971108599876,1.2896456182295195,0.3455265636113257,1.7172365750537586,1.8900426779796096,2.3193396586979063,1.0938190379448016,0.5750610383209462,1.8056444119499335,1.1720669347961472,1.985811839298168,1.8673714304339006,3.448062821502109,1.6254223315439835,3.8701659726559625,3.5643523959093506,1.9467798868773998,2.414201045764327,1.6130152049365127,1.088167230038829,2.344192392721962,1.9735009466923992,2.136895963004913,3.182464455218286,1.0924093142993483,3.4905654771246786,0.8800252607448429,2.1792906703685038,1.3794904783844988,1.1373268276473198,2.3561721191040044,0.9331679132202431,0.8491919652559097,2.050349239552898,2.212876871220867,2.0546560460027963,2.2463470873917792,1.6127441921383974,1.1794145759249788,0.7035143311075308,2.6341704627355917,0.8671601360057422,2.231440411298351,2.2480968185162507,2.004606394976899,2.2075743009649376,1.7597432019023214,2.005235275918401,0.6785390916970525,2.7029411694216994,1.6655785850549099,1.4626835372948699
86,1.1477081361706478,2.7738188822115415,5.197652028501404,2.1359479100223835,5.538551330021317,0.9770539977923185,1.0764760982618966,1.2989103643127418,0.8372076366626919,2.3097145722660644,3.305955605213382,2.0271309298662414,-0.26332272239043714,2.7515399980859083,0.442805235862441,5.316866133113887,2.629978772143559,1.6982372721022179,4.759135603507792,-1.5918174272654715,4.235244291829487,4.304337547141698,0.9857840861876197,1.1553978963414415,1.5993426659044796,3.402631189481596,0.18412253511095447,2.5853992266666133,1.741330694233147,2.1259868792944383,2.769222694657258,2.045533523184462,2.177270958355742,1.3365898127405427,0.9170047110635627,0.032076757797326994,1.2186652862821012,1.2625311516601065,-0.24965021733128928,1.22809946558938,1.0669537639460276,0.596751066980345,1.6684857197114096,0.7045390891639789,2.405520767208618,1.5179175292725626,3.094637349258533,2.3419232808053727,1.0005894469539458,0.9012603768397895,1.767851611939496,1.4097783540971294,1.417830020952832,1.4141258664886274,1.147926724017588,1.6325029306362677,1.649412141114765,1.3604304899780977,1.753639311550035,1.6355375112745447,1.191763227703246,1.3647709702423327,1.2524401569766148,1.0635364858807115,1.76830603452354,1.0765795314507214,1.5138919098394066,1.5875677066312162,1.5285306503662144,1.3273997537868192,1.292622606890446,0.3979942445143021,1.6322846565810802,2.482933183246757,1.6453303863823967,2.3316524015074114,3.8485774424154373,2.2630784962457273,2.210669763036748,3.78761263498866,1.0387020480116533,-0.5164884898279554,-0.8563558906016167,2.123884768646179,3.0356728183845867,1.2079722875813217,3.138191076168657,4.917459034521109,1.150865562828631,4.124288585374808,-0.5361156225346716,3.3313402039341153,1.5904520655535732,3.202190589554064,0.9677538895179749,2.2009154038156957,1.1025883477293867,1.8457726992536276,1.839300932459694,1.29338044435737,2.7161058521079164,4.202261060007851,2.2434730182632503,1.8669294781483092,1.7417773464752044,2.4871558649666774,0.6847218980098949,2.5936408980871333,4.196984018770468,1.2974315183554253,1.6567576874649155,3.1857757284785437,1.0512410839816226,1.5958828786022363,0.8860857398231821,1.6413151308500282,3.046687763307541,2.235840297140185,4.425689408925393,2.774215103867073,1.5823974478625493,1.5272290090584,2.6707813490729535,2.3823563977166557,1.312161797193716,2.5116271095505605,2.4208521959601623,1.4321368590118848,3.111598115925071,1.6751787826106792,3.2746732219715744,1.892291475104488,2.9077112468992086,1.6808335762896127,2.880132941805001,3.061741387203666,2.3347142825588723,1.8273446875030401,3.447322148671394,2.3926507890754545,3.557102764721545,3.012022094211322,1.524273003119129,2.566822175284188,1.8377378113821128
87,1.415280637508606,2.766828850930292,6.154277360738652,2.300590498082998,5.012943365835865,1.2831713549249566,1.8131630146588418,2.1161650397920044,1.3823947284973097,2.446438421053421,3.704366540534691,2.2638646611385944,1.7305787180816912,3.7427179695830555,3.3018250437080843,4.1091886502280675,2.268344836460913,5.367320592533116,2.4804831580507547,1.3925535213652498,3.9910327322274783,1.949254864353685,1.863964352437923,1.5705628788335513,1.6019529745504664,3.437133653775662,0.6160520834990815,2.958631186954494,2.1079452182350766,3.1337859645119397,3.1375650770165415,1.905290859907535,2.608445931989883,2.671414611330172,1.8532296616209976,0.6716940168130151,1.7451273436984516,1.6724945260232327,0.11306112101128314,1.8070941947303085,1.3099087326734165,0.9420916208784935,1.9475155302604419,0.8954811683645186,2.6837254020040224,1.9634114623437062,3.3199598241397545,2.594784995196567,1.317302615605383,0.9888967191670487,2.2566816199262467,1.9235861102537615,1.996909209354441,1.9967172846560381,2.1935856602891866,1.9164051556444632,1.9805695420526266,2.2048078209424737,2.0836978346288504,2.11005074578092,1.8065782075616814,2.090806680463684,1.8401440160203058,1.8149671368132676,2.319045705147234,1.6287379135215858,1.9945750164727827,2.1842472189731943,2.3030300513451287,2.0121866077118966,2.3717265014625903,2.5158550334185756,3.2275195215064323,4.628022746272988,1.2893617441776086,0.8839123838962052,4.408995212620976,2.7934629426013164,3.28476672010537,5.603998282389899,4.414362567464614,1.3614858775730594,1.442415508345684,1.3768395357273797,3.748384252055071,1.7811092882242285,2.3978685824881465,5.979881223296889,3.516459057087836,4.542573676440069,-0.1190677705766626,3.9114991197894247,3.650663142287576,1.8632423900094146,3.862012419020173,3.2027611399831244,2.0933193322049863,2.5074079329696306,2.89892865630397,4.519015396283386,1.4527513111361585,2.4535737981747787,4.13543646790803,3.692658325731987,2.8939115912951348,3.925080225789431,3.0156564422095546,4.419578336336482,2.231481982581933,2.484181367076264,1.9268765433502977,1.8161340246069364,3.594911573355816,2.3202537612912097,2.0015915367697756,2.506399529229939,3.0160243224255163,4.043396768299846,2.8643572268137882,3.1711692498361543,1.9284424273627172,2.494929218038604,2.972603990912,3.79209058224093,3.4992192761694274,2.4388537502202903,3.3997179015836823,3.4831412458841973,2.0623546219835758,2.1451199216518826,2.3224287342241636,2.609209023909088,3.28349206322589,3.3170986801841664,3.4556308688320687,1.8248352960033265,3.57837064452316,3.2096614918084025,2.0579397032132114,2.3424335043922646,2.717595396911125,3.7513450669402384,2.517396734888658,3.028781687865642,2.8391614660522504
88,2.5088553525647233,5.715571264290565,5.9805423249877645,6.55623267072784,2.73436845240653,3.0727004468305466,2.981974382354077,2.321850106072661,1.726714590585949,2.091918626430493,5.1075515796171285,1.7961503421251663,0.7051894713507498,3.6629052704849556,2.419358853338049,5.0967172866711055,2.60601337555494,4.203001773027167,6.151898357507465,0.5224744946491493,3.873407154174997,6.424841710998317,2.365584742526343,2.101226151343054,1.9018737799269325,3.370733046485101,0.9642184377584421,3.506817009698388,2.9177205171636977,3.4572734323674443,3.4188308990079053,3.1431790949090126,2.446964319324585,2.4653007338179624,1.5038119791567,0.9908538096095051,2.282085146127966,2.0241289679468832,0.5691724143183182,1.9825759301491,1.8528178128518982,1.233418333985963,2.528247810252401,1.5402618195167195,3.2094451510878437,2.3122063333706047,3.5689299390755655,3.1200457258838434,1.7404115827880058,1.5352383031165642,3.0040821593726323,2.4509697765376375,2.5350742851683945,2.531787413851806,2.38986763125603,2.81141366332756,2.680471936173472,2.451300307862573,3.019855825577093,2.7338376953859536,2.5193409285810864,2.780820052391003,2.5506059749149808,2.465838407484872,2.568781970797044,2.1743659333980654,2.8817385920948793,2.5377674022602026,2.6875536258603416,2.58204738213269,3.7918208488864305,1.6462064382848443,2.407453697094402,5.35587185293618,5.035188083607811,3.1722241703022047,5.306097541047363,1.1644585134348437,3.9833165317099333,6.076925916795674,4.902514329534056,3.6478196909583915,3.9737509969178357,2.5997659449909665,3.534505490133049,2.3758752445848543,3.661740664266218,3.3508637344831067,4.8813112133010375,4.25776163610861,2.994283316265239,2.623053841569449,2.8540988110276246,4.157724137181448,3.310349406779742,2.947156678120277,1.9515245105021854,3.3907113927906387,2.5258626375510067,3.696098683008267,2.743884968634895,3.204121636760316,3.724846074373181,3.8684761091310373,3.0214184412529064,4.871820111251953,3.950698727277497,5.03776517381761,2.6762819201042767,3.732295709138278,3.564154302753415,1.975703936747623,1.8679101973265841,3.128519883672314,3.758255889696021,1.8615117269333752,4.522296674638149,3.8607666524780218,5.3540705243916005,4.198325356005585,2.8510634566303645,3.6122005584281967,4.473010125742321,4.039765629426283,4.0890091937363975,2.776687660656105,5.313655043661378,4.010822565943197,3.454350108247818,3.9181482932099394,4.4665541102828215,4.222918076306247,2.4350621190404262,3.235490119628891,3.303677183906216,4.276451544381607,3.741865870649943,3.12200512120463,3.8815356697777483,3.160229154087647,3.4103262493745814,3.452092826617436,3.732135078423953,3.988257932042391,3.083574908625984
89,2.7899090890879723,7.472618033030898,4.813074218828946,5.623682304068661,5.6109147239642905,3.114511600154625,3.2763800013182647,3.5411984811063903,2.7204224778070882,1.8067847977558922,3.75452435353805,2.093213095370757,1.6656935701539606,3.7589861392081994,1.1891846196755274,5.173408145866068,5.102787735789853,4.623525051801748,5.036965272447146,-0.42891786510646696,4.520238962361724,3.02913082293003,2.4833531960141966,2.651485494090513,2.1512971695187604,3.847723059125027,1.4725569435001553,4.1143420764092395,2.917884357646441,3.7751674625919,3.7667380515981153,3.2885190827233934,2.974681963526429,3.692363524262791,2.200644408056985,0.8726016143033243,2.856138922341986,2.4781128894329427,1.2795997352484756,2.634450183924159,1.9823646386837268,1.7080153120577317,3.0895258493272593,1.8412720714080235,3.5230850600154184,2.6172827771348484,3.799467640680819,3.5877874234536327,2.2778801994832865,1.6887890444338183,3.3728619529922814,3.1179450118632115,3.374220320962292,2.9721069849347703,3.263443629889831,3.0384372805169697,3.5087369420385226,2.9976361902891653,3.4534978639005973,3.0953142127520006,3.196317049875276,3.2179324875604403,2.893871625902316,2.8583491143878774,3.5081190027843516,2.8350298501857276,3.165984102236673,3.1763543114163406,3.2877987032539493,3.135185046591274,1.69920826411109,2.3247561220996773,3.1969079323250957,4.2984800244606545,2.047776536878214,1.8381453635950735,5.75941978034766,2.1601401316475903,6.582466858367441,5.240285039289275,5.548332704301129,3.9414680731669556,3.5756777160416773,4.817526399120592,1.3792458707465618,6.276271202229161,4.194871851665729,4.040846881124809,3.890572787229558,3.5076302250902396,0.6822952950723539,4.157670663920225,4.103874670289192,4.47731649839031,3.5857480030381805,3.0662509405135543,4.5891954990044095,3.9570247125734674,3.3915908987617485,5.6284381466903035,3.469453854994426,5.844226118614432,3.3503400051058416,4.652400630718745,3.916701139301688,3.4502635531607404,2.687825943767913,4.421499406711604,5.0900010167157514,2.959003101560073,5.246662362219392,3.2416274899733173,3.559464331764114,3.0181683761642213,2.456354350256304,3.161863470043555,4.335334946989725,5.248031252133627,3.513580864487465,3.6831481147561203,3.309333799574703,3.4407853211459862,4.3195981786654265,5.004434230877922,3.914036463291192,4.695795234892814,3.6741913487340643,4.234941654256033,3.658447983786414,4.881008813793919,4.9474628412066695,4.848006638002595,3.8755089324852934,4.5167181512582815,3.455618688580342,4.618946804237417,3.8174565653962915,3.3493885569739925,4.233835273191088,3.131797895851149,5.222386200007707,3.6907460478203085,4.705933103254669,4.317122918820531,2.84928762292297
90,3.1013081150084547,7.85859448300291,5.240478675618233,7.303051712319666,6.859010246705362,3.929307276393173,3.9417157478469904,4.044861145947765,3.323440612974777,2.43195878806358,5.262097284983051,3.2270055193750125,2.120211712298999,5.60887199550796,1.7089251784046806,4.978576920229691,1.4927074417831567,4.301355543747834,4.0679721830855575,2.2731288573097865,5.151680037240814,4.94375345992547,3.6097825352623802,2.8447728048320298,3.3616147571100754,3.851095783703722,1.8189143162656434,4.739764371398921,4.253796862684132,3.9603642241359744,4.5788901999107186,3.5351845818267287,3.7294943543917096,3.8115941429055473,3.030129501398122,1.133038883795031,3.6212925556900846,2.6280258473369758,1.5867087800500927,2.784096826421714,2.3143242044475127,1.8045752296528286,3.5035016139759683,2.1408589707312036,4.081826339121682,2.9397718751313646,3.8835572469595263,3.961732262403649,2.487437390165712,2.241418768411052,3.798563688582378,3.777159091475335,3.6922645120058766,3.515194538878062,3.5467600386582383,3.6675469838450994,4.008389407275949,3.5618146348389836,4.137697374315379,3.7888439657521706,3.487827950950318,3.6055231495474356,3.7867563224150094,3.4082612061833353,3.8264502031807464,3.517581670677562,3.6052815821537654,3.8918256536993345,3.883542494230141,3.7625490359909897,3.7734402107163216,3.3014439119200327,4.591043119411829,5.706302068779328,4.059189172227203,4.518258926420792,5.454333619886302,1.0323503552664273,5.033779089385292,4.583133100910433,5.395582847989353,3.4921845422354796,2.0379468891698944,4.413243096170295,2.697778159185804,3.926334575151273,3.9357459139772635,5.7161612742025625,5.556531468159818,2.893638187374662,4.21269774458226,6.115834668641503,3.5325734202518695,5.818446193877814,5.56068229811563,2.6085511361519655,5.339875183185722,3.6299123299116873,5.62605347508951,4.713766472300065,3.820950011249886,5.630832362874194,5.585135395470813,5.027140747065853,3.9599873419961398,3.533357960484691,4.031925576996567,2.980355937426065,4.451113818309056,2.8640452828871252,4.671185130072953,3.895785361386141,4.264162941650715,3.0098726830372775,4.250736476949479,5.482406546264805,4.135967632849141,4.212723606548419,4.127082407580744,5.475362384624628,5.360521608355168,4.755475412552503,5.263028006889129,5.250232085863443,4.805576827897255,5.412569091624164,4.9759632203763715,4.775903421953078,3.6506284788211127,4.374557779207014,5.8975501683724385,4.754358212174696,5.321374038603148,6.3070730059662825,5.372943128548624,5.3358313078578,4.772284476945369,3.701864367575822,5.418603662417406,5.465191650268843,4.996515425156187,4.446914494092341,5.589352405999792,4.96360544851297,5.076741998919786
91,2.775178666951098,5.561374138399997,6.845233540689632,7.088969019599694,8.552539890114716,3.4667429004217425,3.022010175776212,4.6659079030658575,2.9684686461152725,2.26532047124738,5.497383853781512,3.145516541657426,1.3897671064753483,4.9378256474119,1.1822343198131375,6.397044508730298,4.054610057935002,5.52958888463222,7.375101067487918,1.0665948328903432,6.225630569240526,7.437355959267567,3.9784744440248483,3.5927849589329948,3.188913960433749,4.272167733970594,2.2716100385986033,4.590942221702318,4.645760229583258,4.334622831798965,4.647475492118333,4.064735524294985,4.175558290064186,4.044567010381326,3.4849103571918856,1.6871538998019102,3.825278211862812,2.850903669037121,2.135591846616941,3.389268663597147,2.7613698906778525,1.8640297870401228,4.116101336999332,2.4968413125715805,4.366432734528587,3.2498300147865087,4.0001560024244585,4.345800019198952,3.0060752881059627,2.3162873632640717,4.5132782106784015,4.177382437940355,4.215133482144516,4.180482802613547,4.087569693132626,4.195360099521121,4.47882506723939,4.475792548325916,4.283625057906879,4.364657459842528,3.8873440210717454,4.55611321111433,4.256861971435359,4.175734690521942,4.136046351709983,4.04087961974367,4.4866664750236485,3.9430076160562066,4.432949733407191,4.259070492810891,2.2101508180828966,1.922211146377415,3.06946371918438,5.939511879715188,6.338608081506363,2.176256083874663,5.863077235680665,1.4717252280665394,3.9752483647204233,5.173554114269304,5.843637980366662,2.3725990133166217,0.334714255866234,5.152144336669915,4.773670193733449,6.671506149121671,3.126349977274546,4.116583801257423,3.828887534677413,6.456121668670904,3.7739881834759244,5.798940303061084,4.25199029030477,5.956306470163348,6.3099044167413325,4.973918351352565,5.228969138398301,5.008586380635833,5.515255917187513,5.378998152461995,4.87620800937691,5.8285226527735,5.344760559619854,4.785012858915638,3.802934616332413,4.719477186476236,4.641334517672834,5.446526499458594,5.744024455278191,3.3717266158129062,6.850613866495321,4.76678228210487,5.534954865955512,4.124767684720569,3.3616768364616862,5.487484187132317,4.287430481823062,5.808972250689258,6.317326187761692,5.740089324259333,6.232910799432293,5.238075504960873,5.870816941357134,4.518116195808192,6.096727880278788,4.521758669088523,5.850007105613882,6.176780800215574,5.48869158314345,5.393652130109341,5.81702721609127,5.9326766304345915,4.6629963472323475,6.5715067811521415,4.694807396865616,5.4479731313652415,5.873923622529467,4.444141015978229,6.259234931760298,4.279703003543815,6.002629167424285,5.556268379385914,4.195728990715765,4.269705516058225,5.31253177370509
92,3.6046998185896943,8.640852725276371,9.01937107394269,7.204423213440836,6.918301604241595,4.078462700006659,3.6938119056771765,5.554481667312749,3.6214224396274775,3.95215713258082,5.4070280686610666,2.217292246138187,4.620445527650675,3.425943770681721,2.236763943158408,7.8324752615091935,4.068329203085817,7.254732074386176,5.911637140145288,1.4563405312517117,7.812358774858275,6.320553387266948,4.377862598205459,4.274966690578909,3.334427711513811,4.647377423059478,2.5812060800824392,5.270152113818616,4.93398377641309,4.941709185715952,4.7317829635388415,4.9285130880170405,4.354630933641998,5.36047909589108,3.7517020072293144,1.6859259135397369,4.396556605974305,3.159467396005199,2.6260581341387024,3.714805535955303,2.959345048636073,2.2367936279318137,4.574781853913246,2.9800807804277443,4.765615381938065,3.5281091832530973,3.97964422373453,4.452198373494693,3.202605010229284,2.6486904308099275,4.709327612660336,4.748629186234222,4.749747974342977,4.583286134632859,4.624511265982922,4.713332982831684,4.9397218873821735,4.525693213476083,4.7296612496611665,4.7668351173637395,4.47384270552726,4.614226529560699,4.743780587213046,4.638605874807075,4.756993583008166,4.592080567656053,4.823022959354853,4.538449242067567,4.594753000063584,4.867023626231679,2.3554150752570244,3.8299707884910523,3.4028761628201445,4.560444272307307,5.0147640198556225,2.2816596636641524,4.812460374267001,0.4825036100592004,7.212116973595949,4.405738791512081,5.829574196251269,3.316392764889733,5.580283260044229,2.303136045519175,2.038299430944912,6.406248614828341,4.441841882590048,4.362188384438883,5.823783844734517,6.61753301345334,1.8143088146672366,5.594658141604933,5.8710286443603446,4.1142659284471526,5.404854866576576,4.386746485223967,5.927907850602052,6.3547118289709985,4.451369623578593,6.700180164186834,4.413395246456368,6.299657420989539,5.211522611477366,4.817781554380197,5.043956073054154,3.962709475726155,4.060523359162037,5.324388753859261,5.697159561967702,4.122132187782391,7.437548560012767,4.981865125155325,3.8961582825446732,4.567923450905408,3.66388542472283,6.128586225206363,5.2939051301126065,5.274728878371204,4.9967257432052286,6.1688050175891975,5.9495215133345685,4.8664148416105935,6.05180140118781,4.8787600206824795,4.6954536696807105,5.441640895337314,5.867093502935228,5.142985005913816,6.755802296537109,6.600997332129026,5.462697311157438,6.853315274122081,4.6814437695843045,5.9747221027122075,6.114920120669856,6.321039058910274,5.819008662607166,6.8340716823158205,6.216242797738049,5.552784851304213,6.262597780516559,6.6576608136019475,6.681480969635283,4.36932371437789,4.860079620622691
93,3.362726880929317,7.746041885187417,5.260307112249198,6.8748790126381625,8.981067975137215,4.367309093211645,4.7138726029912235,5.920533748952567,4.197039995146299,4.101048717464985,6.242291250884964,3.5237559057662535,4.431257301786568,3.8535085364496213,1.0644225130639793,7.365621583120222,5.243778021299761,5.415785087108475,6.323815812179961,2.854089559703234,5.9643134560379805,7.244059210594865,4.484296904299235,3.7227122063404883,4.528586476130446,4.434051440363017,3.0049881577895166,5.431951409177447,5.4561285160851325,5.3423740880396915,4.906137717703462,5.651190393680252,4.135360791544364,5.271530080074766,4.043343809784146,2.1355079790191356,4.760932732058645,3.4391636928385743,2.9412786385794867,4.071312744492953,3.3130266192302384,2.4820283177269764,4.8664519953441365,3.1319370652458587,4.960665552608595,3.8236665570366135,4.047788094627368,4.568018925065724,3.5626893039765255,2.9097513979695244,5.232185760651124,5.263757681034235,5.168518456772615,5.119410525810737,5.057336605672425,5.130011494228912,5.53523737427421,4.974186451014423,5.511945497937752,5.047720377623144,5.020086313891031,5.479289578316786,4.887845347850754,5.292778083618395,5.214723209269238,4.927627370197216,5.106461922052357,5.044154535174985,5.27015603175308,5.273480195151085,5.66667285546918,2.832038062509488,4.263531268508771,6.072536407825836,7.400856283546049,5.167500117431322,6.004667799357862,0.14932750192066413,6.548669847114427,7.276406057493821,6.510985865301008,2.797966025215837,7.012533390864911,4.414349628663143,3.494040379932284,5.593244101964264,5.474011088727373,7.607856579242235,3.1659657483215136,6.529371803380284,4.695087640072403,4.229126950588921,3.8964348891137157,5.359425882494721,5.5636453345771715,4.453038353263056,5.497106563289433,6.574556201406347,6.576625953833201,4.920933617217009,5.626842188539901,7.105018833866936,5.6912923656733945,6.1078700128932,5.3728183747652425,6.823536671259527,5.555686454178705,8.951227626803817,5.478390458209159,5.656083956751548,7.065499421409272,6.388845291806449,6.071047413373826,6.425266135780845,4.507721939277254,5.033447063015339,6.844342876754878,6.521167021192977,8.124751801978718,6.694346705999245,6.998890979435567,7.08952006857802,6.604405367033918,6.452016119758471,6.544720093433428,6.51777201663913,7.733130667978232,5.737128601036578,5.816617189004637,5.520912356898374,6.790589848774744,7.177423225325727,4.842077065074033,6.095117562540797,6.8590635877248305,7.151558756509397,5.866830277459821,6.508631239992496,5.526704661217124,5.503783973342326,7.010755018946272,6.231415304078871,6.633128645441787,4.843406654483268,6.24754462757564
94,3.793145061755325,9.187417355574548,7.666608906325362,6.375256948997871,5.271057224361492,3.913761899051983,5.213707381395784,5.62242512698786,4.409166582452997,3.1345573432997327,5.00358663801838,3.8959243085349717,5.008817783726242,6.11519030008951,2.2882427927021713,5.712361104173047,2.1722860874789864,5.5877122465319555,6.939166012886926,1.0864229416632496,7.345934710277485,6.708368675018539,4.917274360022455,4.573283714144585,3.9028380387132917,4.675313467314541,3.274231290993024,5.130504191500372,6.064125604613716,5.299409178998552,5.278208611109298,5.3377428337063355,4.943880408064249,5.57005910897049,3.4928319954437783,2.2779029963769597,5.257514155802613,3.7958137911750978,3.478001139157003,4.242865041237027,3.492991050530986,2.8742747855077084,5.160447625713181,3.327079256947326,5.042911004042834,4.014771861719065,4.083251757013549,4.965692398995526,3.7792412468459777,3.149856550333969,5.614111072645906,5.82350851061313,5.585287028548938,5.586379254192613,5.683993947733925,5.639276591471841,5.668108757268236,5.713071195711392,5.870262167037189,5.505654440090771,5.463013893219657,5.697013059237236,5.384498856709467,5.613030177837622,5.620073735498945,5.563529273247084,5.688622682452728,5.453814820426765,5.714015198089625,5.729104684087298,3.053481461990171,2.7348996140657333,3.293105631654578,5.629422398913667,4.969528473481501,2.8941514259318537,4.458365219903166,-1.0738873830308981,8.193839020642093,6.994068596211038,8.346630038109438,3.3883008187450727,3.9169703866493006,5.581270208647444,3.585577716591546,5.247443482073353,3.9627602601532868,6.930621590821874,5.7959243177984385,5.922550325959121,4.48250927411961,5.905699038121336,4.946471379020227,5.773551597353591,7.350445814835449,5.118340363606828,6.4324599144599715,6.943805721448462,6.430532732127226,7.871551182213441,6.000470424777809,7.084784961680521,5.69972302322781,5.148303667133917,6.872445496324847,6.277686911086509,6.497898244967871,4.549846433501112,7.0117189756897265,5.280414419009918,6.167425418445557,6.205693847719227,4.667627791469593,4.953548932559135,5.280634398652358,5.432769347379246,4.845485817653032,6.351982034161797,5.759291988669246,5.408182064091602,5.743958688495935,6.88028490583857,5.955401635529078,7.703813000866715,6.161457950140458,5.7179001811699965,7.010645468677134,6.514056793174443,6.609749212542981,7.06353106645396,5.894841820963779,6.345398102742398,7.074898277003309,6.951393492723343,6.985224698123453,6.316285692992709,6.336386724417141,6.422661145662673,5.881608410649472,5.591987330061508,6.621793602293781,6.680583632519866,7.485329195607491,6.516898572883907,6.470228081038728
95,3.8906912756568843,9.913240248829638,9.247861858183333,7.598877054857835,9.288077682873446,5.24031603255161,5.1533795882376054,6.632756847913262,4.285535852974643,4.3695602740347175,6.4032455754163,3.725223254001494,5.825357832800311,5.442665388128673,2.6127769341479223,8.696457666120581,5.396826290205738,7.301298411364126,5.284700189170845,5.003019482184829,6.613294613280464,7.475714150552685,4.731447280041954,5.139537809406908,4.8239295894989045,4.626919547835415,3.627629085534892,5.267304001459189,6.24846376250416,5.3049913405344284,5.504768754431923,6.311108096112035,4.628947452953018,5.872687332367245,3.71685687776551,2.664985987769418,5.565368198590992,3.8483072345054032,4.007391266683537,4.54964264925612,3.744258621461326,3.0010484815834295,5.5188748350384165,3.721812501631758,5.430729707691759,4.220680964504294,3.97276842079615,5.143562618910092,3.846487788448059,3.42133992311855,5.922542027256554,6.200031584041305,5.851070656849064,5.592629005833058,5.701367412580854,5.758465550150018,6.172063103734628,5.970089458595549,5.992338753686166,5.79507851252192,5.675597223090597,6.149451144814348,5.735910876209948,5.795132784113613,5.787429180837913,5.95283746306834,6.0853974118181196,5.929281376773197,5.976762639372552,5.9890965060074,3.260252610517087,3.942900655266886,6.160301778913991,4.2758577881879765,7.148109302911839,3.4741558420001226,4.605000390839635,2.6563951123305443,6.021594071696649,8.390785559148139,8.545584087753596,5.952277628763978,4.533845858351377,4.432781488123266,3.0631676203459484,8.613325225546307,3.555100383513364,8.306344978127079,4.103318383596055,6.029294140532948,4.323314797893215,6.049818730019658,6.514816660535946,5.300601471620799,5.593554362936966,6.898714337526955,6.941595663557094,5.748473107435078,4.871353744084002,6.1214473390763695,6.42023488847252,7.479595838432788,5.955842710266416,4.959569045066144,5.948706764720005,4.91455515995761,4.69478721393036,9.779568172980195,6.867013669366686,7.153657495357669,7.688821159245036,6.033171950681891,4.753276935597902,6.896878517438347,4.942800579435326,6.459070798542798,6.402633028210705,7.896711743269499,7.297928108342338,7.256135743241014,6.6612566456663,7.658599792674205,6.864759420213216,7.631667851553396,7.552429647281409,7.644200404411703,8.919423910536633,7.407598761783082,6.51026775966887,7.362509300167416,7.2690161818536225,6.119957656384421,6.367370548767758,7.256829264017642,6.382686401136103,7.441953752172424,6.204753041082652,6.7497657035366725,5.996757984933262,6.661275251016539,7.551674655584035,7.010643551694348,7.746259086686901,7.721022197575818,7.2262676928667275
96,3.7081078992974787,9.711630803691133,7.488197406141563,6.09800485787467,7.289205481117516,5.362407372942201,5.188790120964944,5.63738931228346,3.9420239023303107,3.3106205149982246,6.364559953922418,4.029262109182188,6.331566883460614,7.320359535572072,2.3001582917831422,6.193817570042682,5.571975620739115,4.338306956758675,8.582884883652138,5.213988201704789,7.983259281443614,8.453153987950554,5.822658989201818,5.437357050355095,5.138387912618163,4.643491432591436,3.851038491188026,6.268485424022283,6.3847235202219,5.39024133618992,5.632055949317925,6.779661307054188,5.027126775612932,5.87897744135576,4.770071642545778,2.6476885697816965,5.954734343406834,4.277731554732037,4.316943158324448,4.8566961543475164,3.9685524007153283,2.907478145496235,5.857733536075987,4.068573514407752,5.478282658492706,4.395397879242567,3.9733887406527604,5.281465309399079,4.302841037868701,3.582348565499214,6.139455600913703,6.3193667258789326,6.011594084981903,5.931539225421152,6.2476015291766815,6.333677598298675,6.661583251089436,6.2398501212123385,6.226765356159266,6.377626103442178,6.351420018012845,6.187809740099987,6.326208465368537,6.093620106210033,6.2693529332171085,6.129249152604285,6.489117831912248,6.354426240196202,6.354879663297289,5.9340899624026155,3.500653387130985,4.491938944046295,6.9765030640642465,6.721086442184431,8.286964896050113,3.879048184688206,6.371715555454337,-0.8591926279661106,7.841612841013174,8.82773852558575,7.063286793324358,3.662507808086815,2.288478830947393,3.665524790205796,4.495534937314176,8.537206194476992,5.793818735065529,7.645247142178546,4.618949545653695,6.373455292008901,5.15476302106262,8.04191492530783,7.477584877055582,7.419799586898498,8.342653722374397,5.927458604790713,5.325137856900109,7.677622024539345,5.140344700882801,7.0507869525294,7.829978828525917,6.044786018407095,5.772073487073984,6.321847316230112,5.559549746145787,7.678572889540751,5.213276633922677,7.238098920691264,5.768110039733462,5.365367105422508,7.617689238979381,6.886524399079406,5.512926275802172,5.232939229525857,5.102811987420443,6.542383465451763,7.3475049691556285,6.2399156879133315,6.596914136394376,7.991016170756469,8.143906363034999,7.309474286708447,7.511829150649064,6.554464883818021,7.902329205459793,7.578991098189146,6.756259600665666,7.275040131964103,7.1352297709847186,7.71787154167325,6.441699933294313,8.146604792303862,7.8088349663493695,8.911646915103706,7.46396034449205,6.236866913069782,6.74626460519506,6.5125763287447285,8.165535348552421,6.340039910233844,8.003386435734486,6.2209708966300425,7.269079920240566,6.586951599130231,6.624329155965831
97,3.758555826839157,10.533472634894025,7.01829828158225,10.702688275636888,10.582546031681574,5.183253765769242,5.7852197508022245,5.4518451657589715,4.707416420715836,4.5099778014731315,6.707115341462043,3.6192915126602285,4.899088431354448,5.616585470535571,2.335710103434021,8.058622236529603,4.828378698578898,4.392900318400429,8.196051842005492,4.373847237459518,7.662812709634976,10.009928651843436,5.52625446926344,5.336411805920991,5.441916197451918,4.546860403764203,4.064233542491982,6.38467164115898,6.550075689687744,5.631292276019811,5.5104035041086545,6.364294078221321,5.0769238214113415,6.911310000909225,4.44404596615551,2.763431075222451,6.019704534990497,4.403125527288659,4.6229157304552,5.056219371975866,4.111719900939584,3.1432108385475366,6.083672090696181,4.266003792232498,5.591178419725765,4.436869271123845,3.8222329664757324,5.471297885314554,4.445359341373696,3.886837890982965,6.189904942544605,6.408867203951658,6.491411224434503,6.372338555778051,6.485409555123214,6.244212096496893,6.624691418782536,6.762052268686363,6.611287034700567,6.384364602795181,6.555066437702255,6.504775339107528,6.435432179581862,6.576446456999038,6.405789857144008,6.6409592840203535,6.46667925903666,6.252591949673094,6.6583941117336005,6.442797177145262,4.2786474236765955,4.743122598516919,6.265739803457812,7.2668118558496335,5.6387631111789736,2.9239321875392683,5.694362929164534,3.080148601973542,5.069382782439741,7.077918315371007,7.978324994263052,4.165175429719886,2.8691563035738756,4.5902450507511645,4.21104669546599,9.059789440056246,7.278321543557199,8.630755284202904,5.112127278746746,8.91223083213655,6.609958053025787,6.1648057819840325,6.284374904598943,5.96141442560976,7.666433831613638,6.886840142841778,8.257359880144739,5.649235945491833,5.771961551601848,8.625164913802347,8.209862987244351,6.941900808508713,6.652211534286024,7.153462589342746,5.878286612240691,7.611189789066601,7.398701433568078,7.660518779566388,6.6281580416729655,5.897232245789386,7.914894094925126,7.657793519834633,7.525872182765088,5.873299504678367,6.330954068033008,7.542611302285175,6.080496916027995,8.243687129529134,9.997645124453033,6.951543702673852,8.680162409479488,7.852313578303207,6.62086710238841,7.9936584248232165,8.309735271286426,7.249183397516923,9.078945343923387,8.337543907893457,7.138976474293477,7.852570804949428,6.653445205073973,7.0170606571287895,7.018212079086698,7.901624770505395,6.66449397960713,6.313230043315558,7.549431591071935,7.175510958429329,6.381792486002374,6.537647595736106,7.52830876962601,8.112727194621861,8.060253086266693,7.950808496110165,7.687135191983041
98,4.345847109938232,7.0997538980072115,10.838675740418815,8.931155873288706,9.011772469676359,5.283720844139051,5.324702191319503,6.6294787409595095,5.0793608420154905,4.935807160584904,6.642947481986996,5.183263509666295,4.941867389419249,4.745313863522029,3.7854745904263822,5.619810046582423,4.1868517821373725,4.3448092646017,6.78732949222804,3.730880014286846,8.33817355706838,8.359732187334433,6.379581765782016,5.334463439213899,4.727876851824493,4.484394036626658,4.352758033023228,6.330232377992005,7.298144990185035,5.840064528211254,5.801064998819916,6.695121652940319,5.35305850858107,6.949522790009586,4.753147219217226,2.8770414564592963,6.3224527572954266,4.4249357847372845,5.029592569974322,4.971708637328484,4.135554646904405,3.3608514483709793,6.255243622389146,4.306529819035969,5.535716636939136,4.517803899052371,3.783628904449765,5.254383114839099,4.513759514407118,3.8080960270313606,6.409547742867346,7.027635559268927,6.7785045751548205,6.588784289301035,6.835513097088887,6.52320595656137,6.7659593154148245,6.972691549433403,6.849977851309782,7.005449436234118,6.770807853684145,6.8454660099828795,6.429707824185162,6.846463885767278,6.899236494528945,6.852567876478011,6.787669830814447,6.7284455243143455,6.907967049172699,6.469538495821522,2.9835920393908624,3.935709643125787,4.535697502077243,5.395391727303145,6.6788436833746125,4.002292869655408,7.082033581874816,2.573159644686589,8.322898678491853,6.9890738000210035,8.372931836852171,6.090534990265004,4.030661193493525,2.7291391390291295,5.797526504309494,6.153819420316986,7.523041268010144,5.860603681056984,4.627131356773975,9.445762862146786,7.014042540862846,7.29724323791228,7.155823004396028,6.77427525633318,6.938275721640719,5.911854966927005,8.000107268986794,6.139330635561025,7.187019474832477,6.622657963232611,6.062431857925797,6.052595453292067,7.193987558818381,7.806504052485546,7.1529701105668515,7.3259473996702695,7.760752451754229,9.958215786802334,6.020227261560687,5.478547254247065,7.698647148218097,6.961770801567126,7.788875303586035,7.513267043104632,6.564361868788911,7.293917857505312,5.961869789118174,7.776532636040615,10.361021062322965,7.903491560664471,8.718234927746204,6.993991271595417,6.817976292615641,8.050735084710167,7.2902821752488585,7.9150546113453135,7.38368204265301,8.747902611432098,8.710503491533636,8.523652731259226,8.604787252944046,7.656774420563595,7.1327346579479585,7.748722804997965,8.39705087108314,8.712454283251786,8.517257297745463,8.020415341886608,7.000370069872886,8.062386150609012,7.271059770063191,8.063891421338052,6.774482471460737,7.876904770970929,7.417704381947014
99,4.2583698129745295,11.35773394820087,7.298830626503051,9.944599242897239,10.777969921542647,4.970648103853938,5.158774285591477,6.711997015735553,3.761518199964579,3.889069538595066,5.3373719733203995,3.877558496795376,6.478152800395957,4.110548438770843,5.339098273825323,9.065239337611155,4.4076839065567786,4.981514854679174,6.504006275024845,4.641112470946249,8.054607014341595,8.798950444741159,6.3801215564556335,5.59303613701514,5.250236448269406,4.264704454746254,4.464611466207703,6.0646649952596565,6.710125170249673,6.145317632835098,5.44055416275445,6.479264908698334,5.384356377392026,6.606172115844234,5.052952162700463,3.3916560935676876,6.476341963451254,4.444706445728891,5.225380485381621,5.117091665378793,4.325839741640541,3.6557561882622145,6.170319237588618,4.493266045617954,5.808623859575258,4.5711820438898485,3.5002788459719527,5.362639165998137,4.483125205282777,4.020977943310565,6.4827157308168655,6.725200067050349,6.688304874103652,6.707651043033933,6.827682794999554,6.724903917610943,7.151747299799982,6.6896968671940344,6.956793212730308,7.121124417934254,6.926269864043813,6.762502619957418,6.587495482456334,6.780776325178107,6.888290803912194,7.030892928472919,7.13146602652046,6.571829573849774,6.786104501888446,6.823536344845519,2.703664124324982,4.785393246403458,6.05595468317861,7.289131697039496,6.491948279598631,6.345312896978861,3.9023938573524832,-0.2785932288841715,5.8373058320941205,8.548490917524546,7.054467680913429,7.086393638625172,5.230881178346977,3.0735494406267283,5.689477566418281,8.132069521132465,5.303247749124068,8.742484997925796,4.659969707261402,7.664408744818721,5.376166039974837,7.321403587286742,7.556144137699695,8.506049185025844,6.771647343336313,8.471208096581606,7.217179425715891,8.056771893984312,6.504876214335309,7.741401884066088,8.13221046335574,6.153074338218613,6.894264193570583,5.944229007271537,6.778773033429562,8.032709887323904,7.870941842628349,7.134011813660706,7.987100582832419,7.277125594414565,6.2152633820603285,8.335545748721929,7.335204488347038,6.692294293913113,7.3292622600191875,5.976320679891782,6.955218148931815,8.355088028898992,10.50677035777473,7.880723801983632,8.708686085848822,6.6074914687525865,7.205340713494324,7.105417661826487,7.025290777099794,6.7222425026690935,9.837985608092879,8.786825342313918,8.464408622181473,6.627796579310691,7.792111001354072,7.5721563805077885,7.443911080540159,7.650740013581794,8.576923784720547,8.261304098222183,7.323532628933735,7.208208263542026,7.438141740311842,8.461526860130476,6.912506161843927,7.554942618739782,7.437752232048507,7.917290573046355,8.716409316899531
