,00_NORMAL,10_NORMAL,11_NORMAL,12_NORMAL,13_NORMAL,20_NORMAL,21_NORMAL,22_NORMAL,23_NORMAL,24_NORMAL,25_NORMAL,26_NORMAL,30_NORMAL,31_NORMAL,32_NORMAL,33_NORMAL,34_NORMAL,35_NORMAL,36_NORMAL,37_NORMAL,38_NORMAL,39_NORMAL,40_NORMAL,41_NORMAL,42_NORMAL,43_NORMAL,44_NORMAL,45_NORMAL,46_NORMAL,47_NORMAL,48_NORMAL,49_NORMAL,410_NORMAL,411_NORMAL,412_NORMAL,50_NORMAL,51_NORMAL,52_NORMAL,53_NORMAL,54_NORMAL,55_NORMAL,56_NORMAL,57_NORMAL,58_NORMAL,59_NORMAL,510_NORMAL,511_NORMAL,512_NORMAL,513_NORMAL,514_NORMAL,515_NORMAL,60_NORMAL,61_NORMAL,62_NORMAL,63_NORMAL,64_NORMAL,65_NORMAL,66_NORMAL,67_NORMAL,68_NORMAL,69_NORMAL,610_NORMAL,611_NORMAL,612_NORMAL,613_NORMAL,614_NORMAL,615_NORMAL,616_NORMAL,617_NORMAL,618_NORMAL,70_NORMAL,71_NORMAL,72_NORMAL,73_NORMAL,74_NORMAL,75_NORMAL,76_NORMAL,77_NORMAL,78_NORMAL,79_NORMAL,710_NORMAL,711_NORMAL,712_NORMAL,713_NORMAL,714_NORMAL,715_NORMAL,716_NORMAL,717_NORMAL,718_NORMAL,719_NORMAL,720_NORMAL,721_NORMAL,80_NORMAL,81_NORMAL,82_NORMAL,83_NORMAL,84_NORMAL,85_NORMAL,86_NORMAL,87_NORMAL,88_NORMAL,89_NORMAL,810_NORMAL,811_NORMAL,812_NORMAL,813_NORMAL,814_NORMAL,815_NORMAL,816_NORMAL,817_NORMAL,818_NORMAL,819_NORMAL,820_NORMAL,821_NORMAL,822_NORMAL,823_NORMAL,824_NORMAL,90_NORMAL,91_NORMAL,92_NORMAL,93_NORMAL,94_NORMAL,95_NORMAL,96_NORMAL,97_NORMAL,98_NORMAL,99_NORMAL,910_NORMAL,911_NORMAL,912_NORMAL,913_NORMAL,914_NORMAL,915_NORMAL,916_NORMAL,917_NORMAL,918_NORMAL,919_NORMAL,920_NORMAL,921_NORMAL,922_NORMAL,923_NORMAL,924_NORMAL,925_NORMAL,926_NORMAL,927_NORMAL
0,-2.0633841401937287,-4.775720337760079,-2.109818517700295,-1.237997104375847,-5.246362351190225,-3.005673649018285,-4.239746884014121,-3.8073121753249777,-3.6794438076735245,-5.5334457948071885,-5.101694722402435,-5.395028054945275,-2.705444686176436,-4.96604041127566,-3.9632104244836537,-2.1129810437365655,-3.975288682957412,-5.975251759028356,-5.213276255329377,-2.298064035147702,-4.280008428085347,-3.012815764907659,-4.799827746790307,-4.528052457597415,-3.727084774697252,-5.956712958088582,-4.810625403148313,-3.3354529074048656,-3.3251314484620886,-5.837048336854542,-5.916933454194275,-4.854780807383653,-4.840412530652885,-6.346829100369475,-4.841925155200903,-2.55261892828336,-2.836546925620066,-5.078884018990403,-4.15026508844404,-0.7060318100981917,-5.379700441096984,-3.302875240598887,-1.6268585343832922,-5.44461431692981,-1.0995288834506511,-1.889973477606722,-2.814701943454115,-3.6004310870899703,-1.1743201051961991,-2.4994977138683785,-3.4516186415951946,-3.2524609578423673,0.06299024216234317,-1.6930229271337653,-3.7352025933054445,-1.6087864563473406,-6.285230285027453,-0.5934331397501411,-0.9100189333110871,-2.6283306064269882,-0.05489285256728893,-4.728440550126287,-1.4513421518816272,-1.1549420176034633,-1.7869565584781275,-5.417970460363613,-3.881243564251271,-2.0084970939703686,-5.590372189066295,-4.775680453451964,-4.984069047778933,-3.360632717453639,-4.721364101298438,-3.148420585423791,-3.6597116732498685,-3.9169020205582763,-3.6578859981638776,-5.144618978088005,-3.530537104616714,-3.051605934506691,-1.4339088215484397,-3.5555927025093323,-3.5024525847249954,-5.0709078848285,-3.266458639150417,-4.9457702273217885,-2.7171508999889165,-4.896741481612747,-2.9314915218098996,-4.763566956363043,-4.259112675149998,-4.974341395330329,-1.9722102131670933,-5.0148399421279715,-4.8918657492764215,-4.1602160848676695,-2.2131254912981007,-2.9832988598034413,-2.106191986719236,-5.772839180530616,-2.5326697841924553,-4.886688835473976,-5.837850115274787,-3.15569337646312,-3.144310644703232,-4.684340014122649,-1.243893861509222,-2.346705641946855,-2.320690147905438,-1.9437040044631462,-1.9363987167214871,-3.395364398683769,-5.51460511195355,-0.3436199082309441,-0.8868901346232398,-0.7031296702022463,-4.772910486519293,-5.782614575510027,-5.217862191661995,-4.710481177204309,-5.282896712086517,-3.096489174051219,-4.828941805687128,-5.7025893766242906,-4.064407580580144,-5.491714803270689,-5.40612009012018,-3.5668651107545517,-4.198832639765876,-5.821599555514021,-5.772964429909408,-4.835738847697319,-4.271616533157689,-4.959483759238986,-3.615784816852546,-5.1303265328205985,-5.627646802758614,-5.8502046107859496,-4.52697404416144,-4.68296189830418,-3.7166047478568194,-5.6928592372778875,-5.654193327402825,-6.416041649176528,-3.0147098460604136
1,-2.9678814796227018,-4.631559445961933,-1.4061492468261259,-1.395346849995183,-5.5509936562226025,-3.4993671552028074,-4.233735409103882,-3.5507605859702878,-3.971083465486586,-5.249286675593577,-5.368698189692066,-5.174247578514667,-3.2860595374291077,-2.519857281442728,-5.009959334119714,-3.204920351559676,-3.9679511370975593,-3.5584115935025253,-2.6504551980538102,-1.8099754858953356,-4.2245549434772665,-3.08837679572414,-5.488401608741908,-4.166544121884411,-5.020667711344636,-3.4088907746995796,-5.036048052520529,-5.679075791056756,-4.973117394567421,-4.268980447205104,-6.246035940994778,-4.233206054319817,-5.435872557617598,-3.553897983745259,-3.5166303714399114,-2.2086690605200454,-2.6689869251328506,-4.915531815945965,-4.298461419939916,-0.31476684968011137,-4.913146698693462,-2.9683940371861874,-1.6568204025004458,-5.421150563599471,-1.2206807146429042,-1.7278297522884025,-3.162659028751926,-3.0334927788807136,-1.3328821115982818,-2.470367856042444,-3.730432544181453,-1.0260000374905958,-1.4151951220642816,-4.3016208952070745,-4.080716539852496,-2.5801840815593233,-4.780659563480988,0.08316208650619061,-0.9774214516608413,-2.6078920106298766,-1.077526679698004,-3.0641828188169824,-0.48937651940027793,-2.668982842775656,-1.3086470921678648,-5.192965909003935,-2.8152293515499967,-4.495627810528202,-5.249539234838582,-5.151542103674743,-4.65110216390555,-3.4828825096579723,-3.375984485464011,-2.131596032353095,-4.292988413864316,-3.181327474989744,-2.9340683406133143,-4.360237638041703,-4.83025888701074,-3.3050668057454873,-1.4933429109980523,-3.2453519031624127,-3.1077275833048095,-5.287089335410995,-2.1669407725562815,-5.0430089238648685,-2.875319865303749,-5.8269789051294145,-3.3304345628201855,-3.4755757008277564,-4.075982428468286,-4.341375502653703,-1.625909448458525,-1.6523491709166631,-2.892973448606926,-2.8601055376152242,-3.783438626358132,-3.083908080085957,-3.9968333936486875,-5.009499402733199,-3.456553608719565,-1.8605778843852034,-2.39907339954056,-4.954073989460953,-5.255013006967075,-5.505285878960696,-1.2910334916524127,-4.899152289451272,-0.527368358792355,-1.7696814307644524,-4.040675696188819,-2.3874515119809776,-4.153196597507516,-0.6072161585849658,-1.8287434053059588,-2.943368216097358,-4.051087912548652,-5.611321627942566,-5.252518405586216,-4.495937559913025,-5.455129745812598,-3.090205938265691,-4.969705876932589,-5.283725465834129,-4.001375017614641,-5.206135151409982,-5.1264099776826235,-3.1903211328960155,-4.180474873412338,-5.892214370945214,-5.435678245763972,-4.951812749545311,-4.042737471917942,-4.790416731067092,-3.842843056707194,-4.937619537073335,-5.1072043428586085,-6.091810426985922,-4.227717958100863,-4.665920100034623,-3.6210530328490154,-5.5585884215327015,-5.795613700913101,-6.200613001240059,-2.9663921186209437
2,-0.6274250302813846,-4.727040436685891,-1.497311373766155,-1.5265645272267852,-5.113181106273702,-3.685854019761734,-3.8106565357928814,-3.2148563122835174,-3.051013584320735,-4.5363410107668045,-4.606113302856254,-5.219228773327459,-2.273030740423285,-3.516563938511905,-2.6614108153926535,-3.6672579626230557,-3.462304045326751,-3.115611373440309,-2.652418759524096,-3.9272780494670725,-1.6662370309604566,-4.157759587520915,-5.10848258995797,-2.779141722532033,-3.7825028779929775,-4.532187713856567,-5.163234416535574,-4.534145401749157,-6.20589211058922,-5.602962404747377,-5.037341165630525,-5.209965924797752,-5.126417071739883,-5.148964032787818,-4.818926245882116,-1.8882997824453893,-2.546439927317771,-4.905219433722412,-4.669940099636195,-0.6467909885866694,-4.963376617051912,-3.230909319905377,-1.4415991123541156,-5.18012813258561,-1.5758935163875878,-1.5662823045088836,-3.018181389452306,-2.9591019082786754,-1.0587870014059664,-2.58765956206249,-4.06773657717355,-2.9232573848410413,-0.15233532461428823,-1.6975464048504905,-2.5919207647040983,-2.8918374382256125,-4.6600225886454485,0.5889543705263947,-2.0788970446884543,-4.108943637050125,-2.2782832340755195,-3.406150862857377,-0.27743899147371787,-2.05305114196273,-1.3525755536316144,-3.2311304330896897,-5.0578163285749875,-3.7593677599044133,-4.822307478708314,-4.847493524953708,-4.4753267412967315,-2.0457638541560534,-3.9415286067873323,-2.863687370244003,-4.5185589929413865,-4.033719230341102,-2.038677101445062,-4.401608845679256,-3.597739979314664,-4.0432774804065055,-1.1197407312523027,-3.6235165727247862,-3.6242088480527563,-5.745623862146965,-2.2913418471908855,-3.6310458992485932,-2.8499719616829187,-4.389637660445141,-2.734672956756654,-4.00372631887129,-4.0162646932421415,-4.233741745931503,-2.415539085171613,-3.70033605382158,-4.562426784074867,-3.942312472830754,-4.159833522047462,-3.660270291817742,-1.8700105382605772,-5.605030332963905,-3.638548037055798,-4.291539768590258,-5.115754115348322,-1.5894296277845479,-2.423006716251479,-2.484790841783838,-1.3846104032992361,-0.151155308840198,-1.8955758667732794,-3.980670379257383,-5.881334552627125,-0.6900471055304296,-4.697785304726365,-2.4174753822057595,-0.34402728266558924,-1.7483436830157437,-2.8889158292125185,-5.707845398439301,-4.9746089716526445,-4.038210171686419,-5.0730650458598525,-2.885993139109398,-4.766918460785684,-5.267147075786453,-3.893557570371861,-5.182500994659936,-5.17571451377928,-3.113252298270915,-3.7836104642337642,-5.814903380023119,-5.528492631958725,-4.853230283963501,-4.135570456589369,-4.434822760436483,-3.482264267084293,-4.937982116694204,-5.187385810817243,-5.821861009399179,-4.051640654818656,-4.528612528663362,-3.493732890654719,-5.386534501859193,-5.433443129309052,-5.945718298404149,-2.900301461802837
3,-1.5643886690824131,-4.495282652949808,-1.2828495051880642,-0.7745032357928231,-4.87430544217486,-3.132435730888675,-3.4764309649509126,-3.560298550689051,-2.642825828352542,-4.325646407200047,-4.599610788628704,-5.430822650316056,-3.9942554959616627,-2.495514868012846,-3.512632172744178,-2.253840031954721,-3.9853999468388226,-3.0697045064399235,-4.073489136122314,-2.309602534793769,-1.4969465108031659,-4.115024482089359,-5.362747353514147,-4.198934639800653,-4.13802632856485,-5.453437555286061,-3.719150665805674,-4.814112479455879,-4.299000731209665,-5.540741844455328,-4.06401855134969,-2.5290862619149546,-2.3056886721627645,-2.377039635662066,-3.448615960715893,-1.6630687884266164,-2.0971066584919296,-4.2110373333593385,-4.364157104405521,-0.06232716346291001,-4.543501094414207,-3.3506737459058824,-1.4087695079423055,-5.03692684557141,-1.1539621904728419,-1.5922869196496916,-3.0869418642884683,-2.673147228960959,-0.4980268649579651,-1.8433148952303842,-4.15776079914671,-1.4057404589779288,-1.325253081313115,-2.8092785936468596,-1.782119231933203,-1.3712499879525322,-5.287737633001533,0.43250282261231954,-2.1656193476718846,-2.3400112506902144,-1.0877060162590697,-4.0489806957617605,0.12408237584641157,-2.977464092129607,-1.1554208401383028,-3.1358546669973113,-3.3519023309289926,-3.9341341112926225,-3.675177790477243,-4.420217387539803,-4.372610325397358,-2.2699722889639533,-2.6884023701288204,-3.407667513069544,-3.3202653050596083,-4.060064715929367,-3.489082136671661,-5.088673324705657,-3.437970174249984,-1.965609954329274,-2.024538998207781,-2.9543122400517516,-3.2825397247770898,-5.62322661510022,-2.325757099555497,-3.9167550388269667,-2.5191422259388117,-3.8913467683140857,-3.3408236140940373,-3.777540323552552,-4.72271151310805,-4.427005790930333,-0.32928232750197495,-0.8633816424479734,-2.852646985474109,-2.5306954958394714,-4.839135940346644,-2.3855320236402857,-3.8648452900472186,-2.477400664767689,-4.851727763230639,-4.983099880547036,-5.102307958508337,-3.347689258094816,-3.3882555971067703,-1.1467055369843688,-1.826723610608024,0.1574493404896078,-3.2001063207566243,-2.2359660049365297,-5.195511291586605,-0.4500759446724949,-3.2795657203690016,-2.0609916694730592,-0.5146423266553155,-0.5656236814226996,-4.40886237122596,-5.436367792133513,-4.959073840032994,-3.5649360397671708,-4.934288124065431,-2.730823674215126,-4.883465029434722,-4.870152962299822,-3.6302328029427247,-5.3157279165042555,-5.142629531162416,-2.9021185459624887,-3.5518917020510257,-5.796370574389122,-4.829204751660556,-4.857810539473986,-3.5073657517407417,-4.1435440309055265,-3.505983715809935,-4.817299933146291,-4.4930075658857795,-5.336303129090089,-4.152510038659659,-4.3954071776246195,-3.1790081313644243,-5.205408068145025,-5.31258482339779,-5.6454148273468645,-2.5861374124307877
4,-0.5185391659194765,-3.891357547474521,-0.9341698246970997,-1.1359005373160944,-5.1360896162132095,-2.440398331743805,-2.706165514305494,-3.275517275095856,-2.927673619507198,-4.513584445977244,-4.757707817831748,-5.133256039020508,-4.275252517575118,-3.7431024621859574,-2.040158436269332,-2.473465117225221,-4.576225519560385,-4.5407562717786885,-5.036367987320938,-1.0252278620779958,-2.956138732908263,-2.304653119471083,-4.067173360009269,-2.4038829143365574,-5.092881825936152,-3.8187573549667,-2.6034675607997486,-4.609186534178097,-3.175929246851151,-3.0092227323334275,-2.2478763640808626,-4.3292003056670065,-2.9066288388918626,-4.692906283142738,-5.24862379264012,-1.2668379028550945,-2.14055291683232,-4.048047282660777,-4.2618833773669715,-0.23441643503762172,-4.159027829573394,-3.3549116149863614,-1.3524930935364834,-4.784890166174559,-1.4593385423609826,-1.4824676468895908,-2.714250042209766,-2.554219256845893,-0.5417513053902048,-1.961854507990969,-4.351274952013492,-0.8334866795769273,0.6985234463859988,-2.9122754405958595,-2.123589292918644,-1.1316778192895969,-4.557542555835367,-1.1848614392350145,-2.7382629365554787,-4.201438052922436,-0.5049812607608031,-3.8103172438615243,-0.37904960406035837,-2.5560402603065016,0.5728559806039333,-5.079365688650198,-3.510854989816786,-4.052967624141219,-3.4430519625829152,-2.6059858254020063,-5.194968340709838,-2.6366563622639534,-3.5486049932642896,-2.294751207657566,-2.982403769993552,-2.554259973389676,-2.133894465709194,-3.297289629923628,-3.007590987153434,-1.8993721129681929,-2.1286697665757788,-3.683072469328537,-3.273912859885912,-4.097011048791018,-0.842884943832638,-3.7758903356173645,-2.236334475680502,-3.8502619271475647,-3.4654013597873843,-3.4243968517852235,-3.164355035906328,-3.994831505422443,-0.6607697330961635,-3.17537087094255,-5.277613647896977,-0.527360027698248,-2.4261181179772873,-1.7414358046457838,-4.667825239084162,-2.67178737752308,-3.1990111446199427,-2.5948455247120448,-4.308901083160283,-2.740726907421581,-0.3232344775726519,-3.7006195969885347,-3.7068917038337403,-0.8863782186563336,0.14044268529858517,-3.79542383053161,-0.8860591847967987,-3.2876255052075196,-4.211018367592674,-1.5860420321628346,0.08637208059344736,-1.4478840078439696,-2.1448820349487328,-4.735605963627138,-4.765728331318831,-3.521762060271899,-4.950894606692611,-2.793254498954497,-4.723361261966585,-4.685914546839864,-3.6945726383688435,-4.795797423545239,-5.123507754374503,-2.5601506593749903,-3.659470766067918,-5.295268122781155,-4.636365985315298,-4.7238878229068675,-3.460753169413727,-3.8775961187268266,-3.2088994991933055,-4.554409445867113,-4.346996221535556,-4.944009979721256,-3.946599133728795,-4.22854864363528,-2.908636203975324,-5.08771029643573,-5.11574701881485,-5.323172935582764,-2.7293079458263043
5,-0.3384022075007955,-3.8923949379173157,-0.6772252824299642,-0.4581871835913136,-4.94600381533707,-2.574789262419241,-3.167405173123955,-2.999750723665752,-2.707381106935612,-3.9994191933857217,-5.038746598553711,-4.274928862124177,-4.897786867835398,-1.1843790243292722,-3.6132096849513067,-3.4330971353203754,-2.361472314666294,-3.29938418963953,-4.254662032001123,-3.1997739376599346,-2.3818265433488786,-3.9317925481531604,-2.861539498881902,-3.4428778243242157,-3.4730308505026937,-3.7792263255270715,-2.6711375510796933,-2.940432354459234,-1.5753495667382893,-3.016856182219477,-2.243840459258024,-2.432612848070362,-2.7053029310379433,-2.4189372179343307,-4.941423521311831,-0.47518698282608274,-1.5937759910333036,-3.741522816493917,-4.396269819442199,-0.21168257299240345,-3.7048833129489114,-3.2649687593571426,-1.4915333863466602,-4.674948331188232,-1.1499385926555068,-0.9643251611902537,-2.5546040273198938,-2.0478937964064863,-0.20566963629646218,-1.558798429241214,-4.2975065968684225,-0.4431653093791008,1.0939829471980356,-2.464621285121291,-2.999238578672954,-1.5790032015884217,-3.6372089752505037,-1.766131858368017,-1.1451033921891076,-3.600664594658956,-1.0460549055826325,-4.610170792559366,-0.14102958793811093,-0.5782111735774418,-0.8016994781239692,-3.8902724714260755,-2.424123729910029,-3.0178886776040716,-3.98507415709822,-4.1053274561467,-4.016889074417778,-1.9775718821089705,-3.3590036191971513,-2.1491978766098083,-3.75241102233392,-2.147096452631674,-2.0303618718480463,-3.5479823941409014,-2.5223249674107193,-2.084252007281661,-1.3480461854060317,-2.640898459942209,-4.458556431753199,-4.939885810300102,-1.3200923354896743,-4.859725825896174,-2.374927532171099,-4.214966863544256,-4.011862893723286,-4.079767985791855,-4.5198910653941,-4.528682934531506,-0.5078966612589593,-0.5167376148097063,-0.647289200879908,-3.7388338565716666,-2.745121680549808,-2.3772705107785868,-4.848728706029042,-1.717058912173563,-1.2329499778801294,-4.479369385535786,-4.648788867960932,-1.5238842476751926,-3.170755653129498,-0.7584693498174495,-4.585048584579362,0.29312880967908583,-2.218869305599352,0.22142552524818804,-1.6051913668059123,-2.058090449163229,-3.3063974586463005,-1.4773779676329144,0.8000186719293483,-3.5230630651079466,-0.9154794812567397,-4.431925651139267,-4.4230392903753994,-2.807836067073114,-4.919906107935369,-2.529252408587412,-4.524716132296215,-4.418293916495993,-3.2755198448111837,-4.934640376600306,-4.815173463448566,-2.330826487565536,-3.10295381368896,-5.107619853238117,-4.4180102356149495,-4.4712564994479145,-2.913231499475078,-3.398999956106018,-2.907060858532519,-4.182903795528679,-3.968782036772643,-4.893318397084156,-3.3860114908537318,-4.207207175567339,-2.7586768968969118,-4.618863564241128,-4.815690732153877,-5.1290540442276615,-2.502163574518975
6,0.49717611763070924,-3.416794215306943,-0.6441706963846278,-0.7467863755669564,-4.384163888572321,-2.767291297160127,-2.4262747874241466,-2.688008796974302,-2.5246955124488286,-4.2241414627765375,-4.174950197672476,-4.129740596731112,-1.6471605463312922,-3.1980285570708875,-2.189030237382061,-3.256320653898851,-3.3249051080674317,-2.2798268332232374,-2.654529874214247,-2.124543891939024,-2.6021055549396106,-2.7990602391099957,-3.7724770530869804,-4.675531803202613,-4.5730938112613435,-2.1010845641839606,-3.953019808592267,-2.1399079146850783,-2.741238005531943,-2.269382069142067,-1.7853060194622783,-2.4287077526963725,-4.064893661931776,-4.616334422155764,-3.1352547480117208,0.0010337089401247779,-1.0708783194052245,-3.076293714371497,-3.9886556520899896,-0.223812354253631,-3.5724337134530786,-3.228623365109434,-1.1268106448960926,-4.304978425707473,-1.0548141874470391,-1.0907134040910778,-2.442752160637397,-1.7378503695384397,-0.008822402836595244,-1.3420042820578952,-4.1260713143058325,0.39269945496767633,0.498978148480939,-1.8354676023234557,-1.5702900977243783,-1.0899473560266726,-2.06496393129195,0.7527067091987507,-2.2682369535147346,-3.080071220876115,-0.7148620104338028,-1.9601748550091047,0.037896804769951276,-2.9904388247237916,0.9982052251864284,-2.649009408218605,-3.725740938282164,-3.7075595211888697,-4.014232511715369,-3.6340141232668643,-3.6214127526988653,-1.8562867962061722,-2.9598235200860015,-0.7603406453528492,-3.2338111291975213,-3.405523378975681,-1.9506858380424443,-4.392917882259093,-1.6915842054632868,-1.4345312990447379,-1.8358802092656235,-2.51196392034356,-2.6834381279480928,-4.212898384168742,-1.1929900546033736,-4.106369161906333,-1.242805814773009,-3.307729798604858,-3.736889100074181,-2.7789545262705206,-4.296428648902516,-3.802938626776926,-1.4962569313596559,-3.3370265033105584,-2.996002319848489,-4.324205297984484,-2.1874691845113294,-2.4333416037796916,-4.040679403178128,-0.7876779711253676,-4.0405325334672035,-4.5417415291698475,-0.5606709322349568,-0.6541425092880138,-4.316712373525522,-1.6692167931406576,-3.9036397008069073,-1.6414209854566955,-3.7709835489086805,-1.9612099570876533,-2.7972503823550365,0.7016862016494434,-1.0389067864844184,-1.0851410524397789,0.5627270964145499,-1.2276823828140815,-0.23600267466150093,-4.0247206128684185,-3.918434636677929,-2.5191541560389488,-4.3635334608458916,-2.319600701781156,-4.356378526081352,-4.195164965079261,-3.0750351527670348,-4.658141341176823,-4.705849252937721,-1.968322165087101,-3.1712358942013013,-4.667565401855596,-4.048061768683501,-4.055002020909847,-2.564743620107654,-3.201165566376964,-2.7119247922874745,-4.199382998959632,-3.4488844642943026,-4.159202717041488,-3.3157263809500948,-3.793407056759066,-2.3223766230062473,-4.330199681809553,-4.482992428769375,-4.733140460867571,-2.2634540868489585
7,-0.2153504196471112,-3.2757323930313023,-0.00010352008090064313,0.00472785870575021,-4.007955855354745,-2.196501049640051,-2.1476627221190814,-2.3896173466201294,-1.9655374899253373,-3.4643993890490092,-3.794204846630528,-3.1287067928975527,-1.360389051179646,-1.344027796856893,-2.0355327809128854,-1.6930254045650983,-3.491425951912944,-2.5258185667166684,-1.8013069271136302,-2.4420292158521413,-1.6927912589104337,-2.069089966065783,-3.321776696520222,-2.633267555799838,-1.1568486028134175,-1.2525789134373375,-4.0748582975107706,-2.816410927155803,-2.435047844558932,-2.896509076072246,-4.252712337585616,-3.004696078625572,-2.056926367822894,-3.589237201550243,-1.6146493367974037,0.17911875354317913,-1.183134559905142,-2.7775070225044494,-3.9299730954643843,-0.07981750505770963,-2.6125195630777864,-2.9860966354816973,-1.0195563878212952,-3.5978360053511103,-0.8942609124896055,-0.9201082493229662,-2.3583230693903703,-1.7793987553825688,-0.25062570910786314,-1.0889200796469798,-3.8650588808216777,0.0333145212519359,1.3004633650376172,-1.824008479703491,-0.8093808367610085,0.08551435188327905,-1.862105926551648,-0.2727468488538216,-1.010178478631661,-1.3240285957171056,-2.263117538906198,-4.160688767768782,-0.21473145222815782,-1.4409301804424055,-0.34079974249275846,-1.8488096229519901,-2.6708184573896974,-4.056314532699844,-2.761463619140301,-2.8448537391651723,-3.7806419210756625,-1.8823714052845006,-1.9666620103862829,-1.8078242876473194,-1.7918041767368855,-1.414972076677369,-0.7245791995441284,-2.8836035661034667,-1.8825189137489757,-0.5137995933511459,-1.7197775191395213,-2.259674166407886,-3.49499004337291,-2.9991786437534804,-0.8276864447579069,-4.111236314988409,-1.68282400416921,-3.544807778099727,-3.410067606228624,-3.6727857410440636,-3.4988543735820588,-3.441140580263866,-0.10533508931750823,-2.8443721303542744,-0.8161004580662441,-3.451047479395867,-2.7537607770343167,-2.111753378972786,-2.287876050037297,-3.807801560469714,-0.5499934014723262,-4.567967662245306,-1.450279146348866,-1.818701676558749,-0.5962658167184296,-3.8690859987783504,-1.864496445198228,-1.510880422278671,0.4827166619931451,-3.2114136064075773,-0.9483376613771077,-1.360488971514568,-0.22975792939170692,-0.5966277624409351,0.9885732386232977,-0.3556953252047861,-0.7031571082919172,-3.7196521596674277,-3.418635764139445,-2.185796560791213,-4.163293515837312,-2.2968543811394286,-4.134580874718857,-3.5784060309752963,-2.700823449175119,-4.342547277323812,-4.648892795951125,-1.6410866722276036,-2.8348630395730576,-4.399284133825194,-3.2950081558805486,-3.977007457273942,-2.18109073663456,-2.9465166094308537,-2.506128048617459,-3.6121549501768113,-2.9442856098348837,-4.088221569665055,-3.1184349068912693,-3.768524965185643,-1.9816885964432442,-3.998155764307923,-4.455384036901067,-4.093904631896627,-2.1608581336253647
8,1.9019335477364425,-2.9150988895117584,-0.003076453259242329,0.15138461065892994,-3.4197565727291392,-1.399093614956765,-0.9302143916612258,-1.7392183029282164,-1.9236871821962827,-3.179936673505192,-3.4665336239205686,-2.740826744294132,-1.0946527781562128,-0.1834994222478521,-2.7986963704717223,-0.8765408725193611,-2.9986137090878238,-2.1672455430818953,-1.5175602595258648,-2.077669945315529,-1.6165985874540265,-1.964680071240978,-3.909003810863998,-2.0229572233859,-2.4238609341721116,-2.229032272413555,-0.8877138100324036,-1.5318073103642007,-1.9743799021319641,-1.1685161365004788,-2.8131064455108183,-2.2978891552496274,-1.2240782201072462,-2.314601490701122,-0.5204183859067046,0.6265621678755943,-0.46715627415095184,-2.2380661956450627,-3.5764959943044436,0.07194478255159831,-2.548596250934262,-3.0311458730427123,-1.2490483253120264,-3.3959650304321016,-1.1478187058883302,-1.024368599588688,-2.403907643855157,-1.3375087079305024,0.16223257050591094,-0.462470724076759,-3.924947075034923,0.9990358355256035,1.4014125686604018,-0.7135011929431174,-1.5162931202603886,1.0355944472036493,-0.8691794724460329,-1.046160769481215,-2.6352941052761927,-1.2794090992693192,-0.16325912277107468,-2.4653708500598412,-0.35149882356365736,-1.3565932676176782,0.3010132550091679,-2.1875562275384186,-2.7578175348075114,-1.7411517592772188,-2.168662760756315,-3.88060861568375,-2.294306258048642,-0.5364439582947694,-1.4204136691242368,-1.2604453617889888,-1.5169051727216338,-1.8618552838400353,-0.5909758271308021,-3.5879086894792582,-0.8200036484661433,-0.6342039839030484,-0.4857915379673001,-2.1569043786726025,-3.5577673299154697,-4.159664959543512,-0.7676220924354453,-3.518239061124581,-1.315306225769449,-3.781585023349713,-3.021403203424491,-3.1382157934255765,-2.518925131089005,-3.4609873424963813,-3.2501755596752364,0.8011909846551291,-0.18528381199467248,-2.6814740612898773,-0.6050396399857703,-1.6816189948634406,-2.555060900145435,-3.0869419160419715,-2.9450129746967333,-3.378942502425506,-0.3595436435938417,-2.7935998966675792,-3.394696915549126,0.03550323040230463,-2.008292118299739,-1.4677384932981148,-0.3596452437330937,0.019925751532618552,-2.306059896720409,1.5569274103210087,-3.17341607903919,-0.0601147351661484,1.779223980636794,-2.4930451580677984,0.457958076845677,-3.1767385694736108,-2.963031631435534,-1.5267412326995116,-4.026740700322341,-2.14900885493004,-4.113869064045644,-3.1496010476886425,-2.341297614472214,-3.7338726003052787,-4.47996790034435,-1.490317601880255,-2.5502107306453126,-4.341446485230964,-3.0955902622886122,-3.7516291778409894,-1.8905226139227764,-2.542221775652388,-2.4527212773033287,-3.474087628277669,-2.6856018732287534,-3.2464813713734406,-2.708009793698387,-3.398055194610827,-1.5046729939429673,-3.514312339444409,-4.128408760424401,-3.63096198322952,-1.8215575095688843
9,-1.212131077053447,-2.923591417383242,0.24384120706858595,0.09478464193031017,-3.0100091398725537,-1.6631405644387756,-0.5793545537365437,-1.41515597818804,-1.611348123951257,-3.214019729067685,-2.999388902684981,-3.134191821188006,-1.7925671857857313,-2.894260790523659,-2.1633238898515996,-2.529750352879297,-2.5579479320107343,-0.11942501550743367,-0.7932175439748104,0.2947218895335353,-1.1938982733233057,-2.7350864985078864,-3.1754324482920993,-3.224808561354873,-1.6124280934889679,0.1875963495883468,-0.3034941700328111,-3.223322980285898,-3.303521885252402,-2.8715499212831435,0.10661922118699341,-2.0131824281888777,-3.1603520332889774,-0.07834303812020593,-1.8316326641838803,1.1157200146433612,-0.2794097439084705,-1.9544123530167468,-3.1187964515507103,-0.3371852285305386,-2.028684586470062,-2.7657508686172494,-0.6187882273286633,-2.7651727808874242,-1.1573431098512306,-0.7238036749438879,-1.9963374404082217,-0.8729283974297818,0.3924437499769212,-0.12244694005943085,-3.6712648730233215,0.5862991024508839,-0.09237815074653528,-1.0228928210707426,-1.4104175756152235,1.1377100367490574,-2.3418664387577097,-0.003732867567634024,-0.06639951714174819,-1.3420772347972847,-0.14507992436450667,-1.7101164303249587,0.25274414556546865,-0.5154015458849812,0.6769127051171527,-3.4176237072610665,-2.840577952256264,-2.5734038332101123,-2.2758131737112772,-1.7260251630656267,-2.4663442980830634,0.3380261858049709,-1.6628608449420894,-0.2026816571682526,-1.4909628756082551,-2.3994442579718003,-1.1374720264378642,-1.8625611270951474,-0.6064188975842495,-0.3234365185580511,-1.3045782723635904,-1.1773341023407076,-3.427625225231031,-2.4223682516969687,0.4149584144359628,-3.2721244699108,-0.27809400989242916,-3.1255218666032945,-3.19654067739004,-2.4393253239814014,-1.240658063371431,-2.6419988186818326,0.4447196099705075,-0.6979308016138019,-0.2323527183827725,-2.0245623613356587,-1.7671457416196938,0.41925684268545327,-1.5797327779975978,-3.45040654121924,-1.3463823061352405,-1.855150523893435,-0.3905679074505568,-1.1431388140831222,1.2633280618964795,-1.5124614507648815,-3.2127598460657216,-1.7428504923353558,1.8064869631294473,-1.2624345757584299,-1.1793473837951836,1.1529681767800275,-2.716039685581216,1.228551395429772,-2.0923763036787797,-1.9112601037642425,-0.8285610726724895,-2.856147766275403,-2.863035109632146,-1.1036349468685658,-3.60809335959307,-1.8146251997990381,-3.726651362583121,-2.987706367053101,-2.173381759476893,-3.704296235550305,-4.200989567994007,-1.1181965461767638,-2.1769320754563766,-3.5285651435187866,-2.2888266720596255,-3.615483985686189,-1.4504281590478758,-1.737353430577492,-1.9987704666239938,-3.089289979476076,-2.240219926518291,-3.1394687681713154,-2.1290701574135733,-3.209327378639438,-1.343284236882416,-2.6988052571305317,-3.525341456068797,-3.2646217765051686,-1.6545435672259048
10,1.3662568959391634,-2.3113470709935227,0.33762457716881705,0.6144046216148258,-2.93422055490829,-0.96935679902586,-0.8671789112544687,-1.2089396184561378,-1.0144151211974326,-2.3517883556046044,-2.7838806069842246,-1.932947046588655,-2.5942675809542126,0.6677074005186916,-2.815524481475892,-2.3801363032564504,-0.4668664317936746,-2.3888158946862554,-0.1415926584007572,1.1981015178387098,-2.9319133671740594,0.14359357731024147,-0.14191118695495497,-2.330502202276626,-1.7050137975010027,-1.5601697238826266,0.0692911143277608,-0.4421577899049174,-0.5612518308300696,-0.2080708745306623,-1.2926453028600975,-1.8640858166075804,-1.4451160097097622,-2.743993980375709,-0.9624392232866259,1.6098737408935986,-0.023997854710087682,-1.0673114587598702,-2.827134829947126,0.20771079340076226,-1.1384345533211775,-2.538200546567935,-0.7406043631826789,-2.221296858418982,-0.6024934960402284,-0.5867722920101865,-1.8292798391707683,-0.37152644491263936,0.6105698350858396,-0.019423945362936262,-4.00466808990407,0.053122882809469585,0.7625650714324675,-0.3970374170672408,0.15052557663876298,2.2142058481313676,-1.3587212285500325,0.6882707746015662,-1.1778269733970097,-2.746532866321573,-1.1572620581109159,-3.072489199199023,-0.14936312956728814,-0.1254504945554411,0.7643557903403562,-2.896313246211074,-1.025681200834485,-2.291026756611716,-1.7365813880851277,-1.8211322376378487,-3.1363769616329864,-0.018956673998063556,-0.5996238578366222,-0.0070438090892536165,-0.5894127169108141,-1.491019451037038,-0.8995728919676906,-1.749084497016168,0.5243207914119268,-0.7395469686487386,0.15156169835570465,-1.3302336836347468,-2.754274588006574,-2.9641213166822995,-0.5576843641405254,-2.3152675531069304,-0.7984250849496857,-2.827709602748641,-2.9318362788984307,-2.1613066270851746,-0.6804208257140398,-2.346665940321615,-1.3807627260228503,-2.3019582368926628,-1.8389068481713076,-1.7880642488311702,0.4157370270975238,0.6155667647847052,-0.49988160571096873,-1.5031347105982416,-0.3510230023442342,1.1117689610771073,0.20108677948893394,-2.1386136765359156,-0.046964551948092126,1.0624267908560228,-0.4408760764913535,0.3949609734442425,-0.9461398691237881,2.3186629525385367,-0.004942215281502627,-0.8045541959134235,-2.7102581439296745,1.9049193871436023,2.12358252035908,1.5398604080285199,0.292440063787474,-2.4583215169027484,-2.075141851132282,-0.8558300737301459,-3.047211691572211,-1.7824656035296045,-3.2027644449093797,-2.647085309045332,-1.7438319944027045,-2.915254787688223,-3.827679610959366,-0.6860135909264191,-1.7262124853290013,-3.224112907790418,-1.9319948624733958,-3.1621357530350322,-0.979846000702924,-1.54445795256488,-1.8254628297800584,-2.4242033173437596,-1.7366307142561854,-2.4909112500274846,-1.9037755325640418,-2.4669814291682943,-1.0378947099856892,-2.4605209486133135,-3.368545059948549,-2.9911166074618625,-1.0127318600358357
11,-0.8404873448190016,-1.794348364449689,0.6052728727624346,0.8018219766290059,-2.0978522291324473,-1.07963111964703,-0.376266369468253,0.061539040806171785,-0.7746595060782515,-2.4521062116364294,-2.6286508292584103,-1.546188414509332,-0.7456560388062456,0.14831858912783247,-1.7292032201970757,-1.6320385918837417,-1.0787774031262183,-0.36542800244522433,-0.16790514842579984,-0.12552744490418732,-1.5965011262813902,-0.870148730757021,1.0783573617384645,-2.168471400224681,-1.595115322143048,0.9790439600490535,0.5120169810383004,1.2537138753066421,0.4558915260934553,1.629834513555033,1.0449379339058469,0.029382634688541298,-0.08613933551455233,-1.2830717957577453,1.3393335133744584,1.7749374577562351,0.5550412269556646,-0.6129352459054311,-2.533878703641815,-0.035125046734589965,-0.9604330103849821,-2.64720149866968,-0.8355673082498938,-1.749109712841937,-0.6044193073574063,-0.13781603228380063,-1.6529490724071532,-0.272108351222325,1.008518955201519,0.3293086994813364,-3.449605409213447,1.264126035453913,1.1135687538514563,-1.1586687242766458,-0.6363292477783313,2.6029287599895072,0.6640878292995667,0.11156671481576841,0.25884572768842373,-1.9706271590687943,-1.9390131376225486,-1.5555198584068703,0.11782532516425448,-1.305200671795658,1.8188553247384762,-0.046970755596420055,-1.07426970269647,-2.1197821315168683,-1.1920002430622478,-0.2544442225895782,-1.6827217748921184,-0.17870797099346789,-0.14336315634945618,0.98466849399041,-1.216729214103612,-0.420077077633201,-0.40064838600905284,-2.4936374715728196,0.8150547825582621,1.4098750535216138,-0.4634352033628675,-0.34373432802583404,-2.1090353839732976,-2.8560351001904687,-0.35433191680114884,-2.7099527776694123,-0.06954878737045533,-1.421863827660056,-1.5968512382789564,-1.2384756943680604,-1.756562159818917,-2.6196955142821885,2.4833474581799813,2.3654542148181483,-1.734263425329897,-0.5052475262142093,-0.21670481477739267,2.1816442364182804,-1.5208289706991927,0.6979809003270243,-1.4088620883409422,-1.0729954114646432,0.5273146316232413,-2.124408198926676,-1.104099128280681,-2.611655439409341,0.02167810470200493,-1.0563187248586186,-1.8275685094463505,2.54228482882932,2.036044789587454,2.1292640909770975,1.4844557232271889,2.1631846393039376,-1.428699377132271,1.6777472607931228,0.9747037019817624,-1.7593899676913987,-1.968780060521224,-0.29752076941618877,-2.689192673541625,-1.4496181580818184,-3.0909322110515256,-2.0072074109271725,-1.6562325721531368,-2.6922851880381913,-3.1448907174418945,-0.16525849757875183,-1.4903763817011597,-2.964056359580745,-1.151589884587771,-2.5022263449148836,-0.5493761031940649,-0.9695559530753409,-1.2587618062488393,-2.360850564680261,-0.9526516434051278,-2.0766960637429444,-1.515653807296549,-2.0964929421708884,-0.7317660670044484,-2.0876457415968583,-2.917574558845865,-2.2744224945241984,-1.1177237285318897
12,-0.40671425687928936,-1.2973659670454318,1.1500032190336502,1.039615220695576,-1.682262482449464,-0.15869957875258978,0.4356512506463629,0.09162410064183002,-0.3527876031846576,-1.0436645609814943,-2.3732574265427484,-0.9175432820175085,-2.589910408970763,0.6501115807223918,-1.6956683082402093,0.9452973978238064,1.0312658396625016,-0.8460151185426011,-1.395855240071457,3.0139112164523105,-1.3701425766255504,0.1991418241452716,-1.4006653687741595,-1.4161647017824688,0.08014607830402887,1.2582100200626343,0.14286299600199825,-0.6761538755459209,-1.4584294000320646,1.2730856129417925,0.042072099793730944,1.775053032693462,0.36826547544843447,1.956817587203814,-1.2465077236945752,2.496385609546855,0.8434730563846113,-0.06840139973767562,-2.5978396274907216,0.2825204940210211,-0.5379187068301455,-2.322170673650042,-0.5887513080437147,-1.3137871546809508,-0.8039136241791673,-0.19420219898207502,-1.5507179992070632,0.3850189477533839,1.0455321218119549,0.6764226040039518,-3.4192909691057567,0.6098876072366974,1.091573964159605,-0.16491234780770614,0.784735830582679,1.7945077662310316,-0.19818754929815952,-0.6666924571148563,0.14431774990432666,0.1357930264375926,-1.1185529163383945,0.15415219176623562,-0.8804154645874864,-0.8753440718511016,3.8797159238186145,-1.3042304438077224,-0.5533116047066609,-1.1632202989577598,-1.2014965314052866,-2.3812152676777685,-0.9402312044616232,0.14988800006393227,-0.7279735618434765,0.8646459549625273,-0.703810935337399,-0.6890476620849479,-0.09584078864055551,-1.3438662303725981,0.4478542349351968,1.2579151017556844,1.102467155195015,-0.17712982113026499,-2.3902840246000867,-2.1120395431992893,0.2909936386499039,-1.2347918266703182,1.0034877289223496,-0.8360590071067591,-1.130746858717609,-0.21307591360384737,-0.3115644230533623,-1.0029347420067274,0.26045351847329035,-0.2843449597968015,0.46490036461707396,-0.21954988564207767,1.9035061680204914,2.5152942692567803,2.567336628531826,2.3829926258840444,0.8747159142218721,-1.687674002419545,1.2497469048143293,-1.5661955316607952,-0.2673098116760533,-0.9205578123572089,-0.2678246240061948,-0.1821421602074037,0.2932566553626492,2.4179384659241285,0.7518009967576105,-0.5603423418673953,-0.9731098366098229,-0.6265024230923006,-0.3510755435869013,2.458874824322578,0.577153257530032,-1.1255657248972117,-1.4793772333073156,0.3393843418641427,-2.1768147130686546,-0.8650156081225511,-2.513902052471633,-1.4111816281320033,-1.2643595044589673,-2.3411098404030093,-3.011149541959409,0.1285564655225221,-1.092614706487042,-2.1158843223014214,-0.6638583874653061,-2.2115322146747265,0.02316835777043677,-0.6689626405126541,-1.161259825042024,-1.852923175392594,-0.7344675623960844,-1.4256931373042647,-1.0359319241149414,-2.0276781048028343,-0.2730526404651121,-1.4858614017673073,-2.2877434295223504,-1.7537463204424908,-0.4664447996445277
13,0.12655207626195722,-0.8309599265510019,1.305365491282679,0.759491217971642,-1.2425958594223,0.0775881928207916,1.1716824637464085,0.4568313424739635,0.361159787700847,-0.5083125550435923,-1.7066368835013497,-0.39007828401605404,0.1913154524209042,0.04855992631383854,-1.6035272629606199,-1.2341665615948416,1.2298514565775571,0.04556916275540579,0.6266571250420596,1.9395387591839255,0.7814421722561737,0.39805704463800207,1.1568846766803653,2.313602115954043,-0.10369373149120231,0.5943808968406363,0.9381102552802809,-0.8962439984353652,0.14669407124115508,2.756032322233771,-0.7861162982354508,-0.6114821295076291,2.1624363641190087,2.464407591845437,1.513273599557488,2.487102891086964,1.4181030990865675,0.3694225165647589,-1.9463909596160172,0.4835662975853465,0.03990400647823167,-1.8031476669200561,-0.30936274531081454,-0.9337254759324414,-0.4409947502737602,0.28108409826307956,-1.091645961799136,0.8584882805016327,0.8877303480193721,1.1195670685522023,-2.8567148287518793,1.7354502654639836,3.4741713566432146,-1.259394027451879,-1.1283386876819097,1.9974517794297744,0.24741936794036,1.1693378525821827,0.23854811691538536,-0.7061676849272518,-0.08250714540628001,0.007739332326137438,0.7403109007657239,-0.8161944594264587,2.8132498269829354,-0.7310608993102131,-1.902084635121728,-0.14742593513688185,-0.237365998983865,-1.661301037068228,-0.48987099887430685,1.577855409650077,1.1843000958150856,1.785133933472375,-0.5330332490863069,0.09319384547975673,1.6712677723545082,-0.9021718451097731,1.7621330693420323,2.0779757675893853,0.38189272287433074,-0.9514597330472793,-1.4391114239526817,-0.6468154056457782,0.38266763448661556,-0.4945217819409775,1.7511358505261314,0.12106439193081497,-0.8405663679934332,-0.4956905755669978,-0.046790366344815926,-0.9798826699506107,0.3911004484715084,2.5552136485098504,-0.3120431110741666,1.518233920101451,3.0721620137387076,2.418357612213711,-1.155603747703299,1.610044165111391,2.6115986419649486,2.33249211377768,2.0644691165477753,-1.7796824693262483,1.8535646865248006,2.570539675227575,-1.551271915035657,0.8250573139058924,0.9567834983562369,1.043434328313726,1.6714322642671142,1.7678063193115001,-1.2347302061504277,4.047806841698641,0.7146412902166865,2.1673773072245246,0.5191424082071623,-0.7225102724809058,-1.0047156769258403,0.86029044918756,-1.7636501888218161,-0.8303749800737787,-2.0940405484249394,-1.0655148689917147,-0.7582379395012258,-1.8648366687063704,-2.49406100386749,0.3031430045524435,-0.41969542851103436,-1.9772614820101042,-0.32788666308689535,-1.8275770143051884,0.42959572871096935,0.06179073153759068,-0.779325138171219,-1.055113969226187,-0.0748792769443152,-0.7625685458932623,-0.6911023985582027,-1.5412453054373676,0.2640124259767879,-0.7420276956694205,-1.8517157020739563,-1.0644931811377476,-0.381302107854841
14,0.7400037487653532,-0.28671344433382806,1.637050520030921,1.382682480941989,-0.7039990994558025,0.331261827473248,1.09552572532183,1.2471173679620906,1.0532226303608394,-0.6300229322900848,-1.0711171205677883,0.1467184831414423,-0.8307622068455718,0.6080537166332616,2.0992758002965783,-1.489594350389337,-0.3930537320127628,1.2133518674152515,-0.4242544528736769,1.7125184807999634,-1.419266198092224,-0.9827729739941042,2.9006654455760805,0.947157565868636,2.0913846665080524,0.5592335525423804,1.5218026776306277,0.24993486598565362,2.471598235295007,3.27774713844273,-0.054104207675830684,0.5061263922767303,-0.3117794520624246,0.28076288111960157,1.1306321587657915,3.1845568038921916,1.8650286694744462,0.8209326776439422,-1.4869038832962174,0.14789285455172993,0.8821458384129699,-1.7885078108972767,-0.36272303223839125,0.11894026510866296,-0.5606778101970068,0.4502055861886866,-0.9822530749370146,0.7391059782833989,1.1862842628864454,1.1163112865994649,-3.0728435032844486,1.1568763225764114,1.5791165547753825,-0.4612212256776034,0.18457979813370473,3.733704178534131,0.8601062756439584,1.0314320184280743,1.276797029690056,-0.6767878790141211,-0.12288111925439127,0.551580176515422,0.3299615660313281,1.2260697986326854,2.6731582696200564,-0.6232009629725863,-1.4730615876554116,-1.7517417789311356,0.03690596596190299,0.8936472229232237,0.44728022033367987,2.6784587701727416,0.3630821767871421,1.1912579639543805,1.4160619893947186,0.16726053892232895,1.8494589935665868,-1.0516083211683451,2.05742045550035,1.8674137168984006,0.20257095251476206,1.2574810027727983,-1.1785980299885312,-1.3840579183503814,1.7082392260719421,-1.0660713985294241,1.6040840891150963,0.2296773388964668,0.29413705561511194,-0.1875331415388528,1.386334453160287,0.018809471251519216,1.8652744411969233,0.7473509894904784,-0.4647949373209067,3.5261590001656633,2.0957523285946236,0.4795771688765469,1.1305889620148761,-1.0137975407757032,2.451149368995643,1.700740345223656,-1.259561342776751,1.4907639737759837,-0.13708882387910393,2.198766497445055,0.20674524647239845,1.925353663912887,0.5257763158981892,1.308548775876424,-0.20268315675024698,1.6869026195831254,0.20580590160186008,4.698332448693344,2.858748528591842,0.563891660384148,0.08887281283264736,0.08888309045601184,-0.3616471439993927,1.0257754509939727,-1.329606863120134,-0.5340140513818534,-2.0112886120885145,-0.480280801439509,-0.5700009084197042,-1.1654833542027054,-1.922889886928402,0.9845111873794073,-0.08565271240961947,-1.0865679132260309,0.2508320562333339,-1.264473379543257,1.0784309766746576,0.2728252722766852,-0.20169776676446066,-0.672613421858252,0.7270752693125538,-0.15715203788744117,-0.34855707847796646,-0.8114302918661278,0.5236059153008888,-0.30280245012256873,-1.4500696178000763,-0.3354213672254512,-0.2605028777337948
15,1.0659560095164557,0.06300256893077866,2.040145833159648,1.1475069395524944,-0.31388431093502184,0.718322567809109,1.8440665117999373,1.6035168347577806,1.040721390112266,0.33640831738517474,-1.126748965003142,0.1271033568569515,0.4963286409798038,1.4690782994542702,-0.511093196005315,0.7596659941840811,1.7636700626991322,2.928278221572444,3.30073100589057,3.3780816009363637,0.36400560196739384,1.9383891066114645,2.0712144506636694,2.344543014744539,0.9230014464519177,1.7190949585093083,0.4364051771819008,2.954745447836025,2.696598589398691,2.5082285596892278,2.963087393161556,1.2268766544561576,2.06874465401052,0.18999054352319433,3.5347612383178784,3.591266508113872,2.0254589023512306,1.5516556137528854,-1.1543446478835235,0.1318582515077933,1.4334791180715336,-1.216324531217615,-0.1259428359505699,0.29291237876297327,-0.25511758240597227,0.46963300164216815,-0.43763845890175357,1.565698919930805,1.4788150190331169,1.9618859988137076,-2.769322995027764,3.316791986979049,3.926165192151719,-0.6409861912450119,1.3841686600757999,2.887818941033482,1.0145135196354418,1.1406778665401807,0.5155044602727459,0.5346319154503505,-0.3815643269524457,0.7168602338180743,-0.10999321165451803,0.17511436154708937,4.833507796923389,1.12192893202455,-1.0097210757901736,0.31336633162315786,-0.2771172430621507,0.4015072638552488,-0.19336810426817097,1.9665256561656346,0.33378500894225477,2.1251826055817644,1.3265516933931134,1.4561937227800021,2.2800685196546544,-0.07139475820889385,2.340636296300607,2.522773224015599,1.2649913329168654,0.19540691757368672,-1.2491279814338427,-0.5798370035835767,1.4113629616156036,-1.0047708636810349,1.7251082204462764,1.1338638133876873,-0.47248400405138435,-0.4117699138460118,1.7775157983051273,-0.3273284725491947,1.3057330823994557,2.4674604001331506,2.5846517647813037,1.9427230950803085,3.771884987831778,2.763280141539341,0.4275132854468672,0.031208820691919437,-0.16879432005116915,1.3907805695071331,2.2444507944851995,0.63968256716189,3.937097615180808,2.379014889756327,2.399687638926073,1.2339767114014477,2.4982335981557577,1.948730599581974,3.648306929731503,0.8583439197696295,4.130083002682284,4.6031482750224315,2.7589596422181115,3.58717624675474,2.2629685963739465,0.5131961903933306,0.039904640853807974,1.8451329791749993,-1.0258683940316542,0.011908536516557822,-1.4308725281015278,-0.009445465778909354,0.1997217040740732,-0.8991836269705321,-1.7848427984610729,1.166177200162501,0.00919077184551819,-0.6894082175972182,0.926665320058955,-0.8919886137420243,1.2744708937872888,1.0100115774193439,0.07113715246625091,-0.3062123113773117,1.095845059270727,0.5802307555927386,0.22433700204385665,-0.5308480779448237,0.7889238684646064,0.3017964047300732,-0.8359990231198515,0.00921317705091626,0.21487712706009932
16,5.289163089276122,0.267743415524099,2.0661817808788485,1.8408572614838048,0.01268591019033552,1.17544992269345,2.346513349934039,1.9698225722856124,0.8848487777435117,1.000215039861076,0.013600843074220492,1.6613636806234886,2.094701248507227,0.7860330684180576,2.2351546873469235,0.6536263916693879,0.7587811687965639,4.069185514993933,3.5439758940160084,4.292767310286498,1.0410134210939512,1.234144641141927,0.796134767716574,4.343099827664053,4.495727494774146,2.7039234927528017,3.4762036714663136,3.385213789749928,4.138833190832014,3.375718358185424,0.9801001667374479,1.5552906520344871,3.03430493261937,4.309583492915383,1.5590911272081331,3.645440521486381,2.5335410709816446,1.9013883440458585,-0.6328053084044963,0.6351546499528217,1.5877948524861196,-1.1852044797456582,0.15647144731436413,1.0006920233198526,-0.19788476687284567,1.098953762979598,-0.2194442637509308,1.8152792896277263,1.4210931245512888,1.9626329740178274,-2.4587558795024163,2.648660723858455,2.166074775945339,0.7642374039110009,0.0989236363360051,3.1416492579404713,1.884798033107395,0.17053431624719217,-0.07364140694474419,-0.026769315253260373,0.06792697174142637,0.5137199152925254,0.07153129752723328,1.020220111566694,4.906962979616894,2.459522406290367,0.24191411126376627,-0.3516275359261243,0.4082061264150849,1.3267244674864438,0.2566123401574081,2.6566896581131214,2.1274962843882133,1.8220314604500039,2.901145327502002,1.4994936838767439,1.4809285345870786,-0.14472026928218407,2.5071598363512604,2.308001399321329,1.5957147179014,1.9077096188342768,0.38367898884364915,-0.1693091916260936,1.418739474815053,-0.11173044614573457,2.381813224284053,1.1250101276011661,1.1526255113159918,1.627119876662009,1.427197227314213,0.8576238003965353,3.5234605334367055,3.2313876160461503,0.4404362614423011,3.740601626019566,1.624232799384994,3.3230922620771266,3.5632416991851876,3.599206245777448,0.44253336532396814,3.14111296364994,1.4069340234317012,0.004710258158976022,3.473501828400055,0.26288777771036187,2.4967449288387753,2.5804342860437703,2.256590817579907,3.0912199257902575,2.637097630372578,4.5949759270400685,2.8760289396844,1.1849880727926578,1.0229387621241042,4.591245480807507,2.3912495364234614,1.2867101551960407,0.667973509361955,2.132176931968146,-0.22607453087391044,-0.030320645991863737,-1.086594317851215,0.5921960754242621,0.23450642817604594,-0.28686751906961555,-1.3097893254308108,1.3566931560005382,0.5723093844016699,-0.35719987525629754,1.3145613807531826,-0.45290448653451787,1.9289065595523096,1.4680185011511901,0.4478116223186639,0.3440299934412382,1.430625900132616,0.9803362693551515,0.5544520091288025,-0.1164632853833818,1.2618851436320182,0.9779627173376213,-0.4427893036561143,0.6563106833459382,0.371839753232578
17,4.27021626231072,0.7880049889064173,2.1391939175828005,1.5241772836957277,0.4085192678935083,2.0647074587515246,2.761605326069608,2.538706024511044,1.9963540098763386,1.3449846948338275,0.3747847449406323,1.5999111936411459,1.6458740423125995,3.145996661219227,3.2392092874154184,1.9282226288476143,2.873836841695379,1.7162932974419562,3.8205804648012145,2.6220095014884586,2.905241073825831,1.0170213725025419,1.761454428498566,1.6425323400765468,3.144883216307857,3.1110320181127964,3.4347220613750973,3.549187636311658,2.673489951829238,2.658878704961656,3.4642353529053898,4.671119048273598,2.61746720198988,2.4414394422041594,1.908331732985678,3.78594412197377,2.7302187040155887,2.2051920905483855,-0.5160379721745614,0.27957384420575954,2.129553439833307,-0.8962837841635206,0.29728456824652244,1.8201533312980538,0.22613834866686994,1.0572667377237144,-0.0128922941838433,2.027568980206448,1.860579102365976,2.1019974100034085,-1.9594411352287744,2.914661142257101,3.850154440106932,0.6230939767299483,2.600273160337935,4.180271330410635,1.8401570823993436,1.6221474733544792,1.4970499877521006,2.0330356731465,-0.5655237587362869,1.327275597270964,1.8885861835468476,0.4642296237365753,4.954817006570406,2.873637036679322,0.2697525435572777,-0.26402406223491576,0.8400107230549043,1.6531144133819544,2.1215270295824378,3.916308586391177,2.7718965589887223,2.969097418116681,2.8723910885302093,0.47055009687322435,2.143463355574162,0.06263959359437443,2.7957675158474165,2.6720819947783556,2.385667688880692,2.543224827547289,0.28542685390685685,1.3306148253942183,2.4084255122883826,1.606759448507125,2.679258997279236,1.1685342941890904,0.041120577446918494,0.5614402715585187,1.1979607357414077,0.7903140473205117,3.4989629323507234,3.1641682223135423,4.52085136169406,3.2488674751199578,4.910474640200606,3.226622416925918,3.6206628520446746,3.3240233848424605,4.202108970262078,4.979806987135726,1.0988707709179057,4.700094877178354,1.3171892744939102,2.5611350787027454,2.3025941363285796,6.124008337782266,5.640752924217875,4.491233111025937,4.9883340087424095,5.923147165388656,3.0804754371361236,2.316189297747007,1.6327574116252368,5.3134858475011715,2.1728398061124885,1.6309507405187553,1.408924684823111,2.4809579073540378,-0.020096447556134947,0.2967588629266941,-0.4860953220186398,1.0344384463370246,0.8526407295752436,0.1317694841142701,-0.4693193680363162,1.6893776595098873,0.8936199506229634,0.5461065066930901,2.1122257270270333,0.019190063379350364,2.2543524504538195,1.6802242326069698,0.6228890203185125,0.9082550953449361,2.21812543608317,1.6150447698934653,0.9688015030174714,0.32523149419049346,1.4001619550350255,1.4948347255802499,0.37145015021836225,1.1884454319528277,0.8662663499544242
18,5.519552200073054,1.4980219506927779,2.7049826375158816,1.6590979799216816,1.234631746229673,2.3749114868874526,3.2727135202896225,2.990508598638558,1.6946106746077265,2.0665332706949675,1.0132050777500181,1.9392955949004222,3.5578292572017625,2.0288673325365707,1.446031302316356,0.5402095507280945,3.04311128114394,3.139434218924154,4.591959139699841,4.009955713366639,1.928792164606669,2.8281918932048065,3.4238940873831307,3.289464075440451,4.668675798389093,2.3150681163013425,4.398187821048369,4.110665495187772,2.608534724539259,4.585739062596485,4.7712487273867055,4.234634898281621,2.444105332175938,2.9637641940206207,4.863936534064463,4.05495158463092,2.9394001857566643,3.151489781435501,-0.08210159655171975,0.37704096729248415,2.688036634251935,-0.319434596631876,0.6300754290435133,2.0068748258186013,0.20644001152847144,1.129834665655451,0.2628243597720002,2.2144693386168535,1.918721834674679,2.292072812230759,-1.5288090188785612,3.398540809793398,3.9683925660114183,2.734173028261674,3.180357201250156,5.505666125805655,3.825292016179371,0.20497341928531804,0.28783059104760356,2.4508343162208206,1.6728313252293112,1.326532456214854,2.431102517257365,1.3688985106709022,5.256598721883589,4.103180046333868,2.695316772075663,1.150046845406525,2.7565353403778747,2.1795555629459136,1.4407524376670993,4.183178603765745,3.6039218927059293,2.921565111944526,2.9273613784537194,1.1516911248546562,3.9854706123237316,0.3500021970542645,2.9591310587904616,4.864905750000105,2.8996816302317097,1.585441711303475,0.5463205388878941,1.225473171022661,2.7515649892406295,0.1733818165173787,2.193934857469189,3.094577479252264,1.9334881041202987,1.6299554504980711,2.0395503368321495,0.030288973939970716,4.714949550727161,1.9425826785896336,4.095148000947831,5.2375954925031705,5.004958257559597,4.82850325844267,2.0692180298910703,2.103497170398212,4.90861428939725,4.463437104139125,5.242038565651326,4.802994569870201,1.255956833013706,1.9659699247801647,1.0529125076815966,3.452030869079941,4.425761225463603,2.8473416487173964,2.896700712062785,2.992080422842021,6.215199696691753,5.372421330809045,5.071350155185792,3.1476472741370154,5.342342699570695,2.2795457653230775,1.7907044830968342,2.94235831480418,0.4678909245606088,0.6495348977614677,0.07076486656477704,1.7841745273158987,1.349134888887779,0.7403666817114477,-0.31459960284181204,2.4010792742917033,1.5077487502795497,0.7846117023182502,2.697503864525317,0.5805526539705184,2.921933026628735,2.1032576309728093,0.9801045146333232,1.357293144127689,2.6011297671053786,2.13561234963385,1.4775046119168358,0.8263361710798469,1.6899571597211716,2.005944434773553,0.7935020808668932,1.6466351449979322,1.0720828600048973
19,4.345082407505682,1.828746696233566,2.618887186556279,1.8415273501881868,1.6848111653549147,1.9179767340037226,3.654366635284314,3.5873844926305876,2.748727928299539,2.3471968508733485,1.674848893724032,3.2262257965136367,1.033034097680269,2.4798191374253324,1.8447832505818174,1.4757044687285743,3.0441173810825144,4.179686244345241,5.329930447085262,5.094011258737902,3.6512540196407635,2.4459681918320086,6.046917146917282,3.2946160678538075,5.348286270816193,4.926764367477054,3.078950915208503,4.012019716857518,4.248215319681282,5.464348339238558,4.813124318425202,3.2136266445640054,3.1379848546465303,5.327827164729543,3.2461549011811437,4.674113913179596,3.4105457015744562,3.1769921522640745,0.547008953573862,0.459368004334356,3.332941758867233,-0.1990953504118294,0.6518537634173006,2.7159787383725575,0.23911038469759333,1.241523387785399,0.29575562334915817,2.8652534004125685,1.8626963329298691,2.9579583130745397,-1.1905858017795037,3.5295974607493714,3.5072871092577467,1.2942190648450316,3.229259971064673,4.816218407322669,4.898247754296696,2.1844336848817134,2.561324275974381,2.070875102370791,-0.32236335401278005,3.0959365829925796,2.987264725935601,3.021795779567924,3.7970850079955296,3.730337888089352,1.826542600810217,0.3330114224136572,4.125687759560701,2.244088571689452,1.5403265635523624,3.9204867727236383,3.031526118183469,3.6997317474631597,3.4114107529553017,2.2620343200848145,2.764067802259547,1.533245639963904,4.0716651131234185,4.348768860463441,2.57345268274685,3.333572525498612,1.1972932679121087,1.8788913360480315,3.1549103795974887,2.4595779786273475,3.0379282726283696,2.147305554207895,1.0502906260344775,3.1414637236233887,3.5154857510210356,1.5780129356475556,4.349662879412648,7.01683516181734,1.7503414450708608,6.509929880955814,6.2179796588478435,6.215145576960314,4.502025713636468,6.268129802838891,2.980272931019339,5.8243598271699195,1.8060493647847178,5.198057308699907,5.328259501117316,1.8659254091463682,4.7953164428852695,6.737009157762946,5.784087591671988,6.537893801510073,4.151183296765,6.107984289881573,3.0555832328918813,5.176888075443015,5.226298225028346,3.7523228653718377,6.409860117032821,2.593209706858067,2.363688222158829,3.5989592889114435,1.1234004224446885,0.9367125672474115,0.5189845698029086,2.3236603043192527,1.5022729175183347,0.9890695693245563,0.5825564850704144,2.348364260235759,1.5042738180072925,1.7193514695690846,2.983723082231017,1.0254027019846115,3.1674282538919747,2.9038987116865624,1.5272000370919225,1.5656426924739542,3.2700622917197877,2.527261992419599,1.704308636630181,1.3442860562469046,2.28635015593981,2.5708659813171426,1.3081893024069622,2.6417732792116873,1.256062713976766
20,2.91374237735816,1.8830717079854256,2.7034518512398167,1.9255527895542957,2.0489717095401985,2.907292985205237,3.796100989380517,3.6617719261094908,2.7575896917515696,2.8646861723926498,1.5868844598759146,2.929617462779311,3.876900152263799,2.6047669793246806,3.7281804702065893,3.6841170881327323,5.862178597377105,5.531305145139594,4.518259697233621,3.8915896784875934,1.8983277907655558,2.967010957485751,6.2941358156678255,5.081357702284084,6.242772123886111,5.65978120231302,5.807951006278987,4.208837889243623,3.3219359123278167,4.379812908292383,4.817052133322562,3.4576120405210586,5.251513043549872,4.426895118502793,3.187560286425534,4.6590442709027275,3.1636324533143587,3.8516737969878383,1.0624777498777003,0.5274586262250509,3.6561597211909036,-0.09151060268541017,0.7670450752715856,2.8859675396801117,0.34604459382589686,1.353116424969427,0.8324880882288144,2.9525999411472816,1.9733877953278984,3.295918298369685,-0.9369600326408839,3.247049654263451,2.893111496376682,1.8098074523955483,3.4183810621732316,5.9948045667056,3.7671562339330174,1.6786095719627565,2.3230675708658675,1.6602054023597403,0.7613212105739663,3.881739893739356,1.4901438155508404,2.053770625311728,4.8150599878512494,4.511688953042148,2.3098463705452525,1.593390158110423,3.821816197569267,1.308920775068967,2.5423819339527833,4.787830113952634,2.4903783683675553,4.44677497167826,4.655931807178646,2.186817789376169,4.082512981021228,1.3036851272503365,5.279236259539364,5.6001923896867805,3.2361701446377484,3.483542276733342,1.279675668175583,2.496997007248661,3.6290514062624935,1.9445013594453109,3.0755813224054505,2.665331263724831,1.9330405520994938,3.1666796819097365,3.9457013161815295,2.7659038371367046,4.669778476869579,5.063794252591621,5.852658570615549,6.835135553277454,4.836098430354982,3.5187411330833918,5.778882887526262,5.366561402061673,5.680315786688682,5.7431502572999324,3.580707954421013,5.997033089083013,5.657832385010345,4.753892409946405,6.4172086784111215,8.253889760736662,5.566028946384029,6.0723428681272145,5.942729591855106,3.562413572112471,3.9095844622631875,3.3913400499798447,2.551208208192413,5.315307493554826,4.320666282022241,3.521319212072158,2.782241848878679,3.8386436428847293,1.8141327360981445,1.194063107180634,0.6858222817344388,2.481101810370693,2.0589583373001257,1.610262185206156,0.9525441503520458,2.6075012582731647,2.267928288828011,2.0660215506913677,3.630409309288794,1.5097020672397916,3.5934388763619083,3.0863006343406583,1.7268219122981459,2.0643343534877325,3.7249144766170166,3.132220661053714,2.20877836373963,1.6481428746930327,2.6740293241143203,2.8529115120139217,1.7799805686068682,2.879625252886985,1.61221991587875
21,5.6512169585920065,2.600684394878341,3.1822903450144517,2.469597605278213,2.6744851537071788,3.486240692178658,3.7846640875268047,4.444683508867688,2.929749144544723,3.0794533062319505,2.056964374070764,3.9453609618864287,3.0920936555391507,3.9369598778615753,5.0183022429506625,3.7234448403035425,4.078655377465155,6.192457937433856,3.788065681710084,6.164913900070363,4.735170158200903,4.514193291133686,4.470064736389728,7.0279203016685035,6.192402386792979,5.939260713853475,6.53806445909586,6.3983684758010755,6.6664383744428015,6.657637886527252,4.802914517667843,5.748019652629523,5.328987961508198,4.828536016119667,6.920102306038057,4.564565131983754,3.730496476356581,4.427920770390159,1.021777036565837,0.4987954173421319,3.8993607531804164,0.6796242050309047,1.1828105510057878,3.4279508620195505,0.9739434431608811,1.8099381811408701,1.1709429361643946,3.522848447565656,2.5099382525047043,3.4040947158304484,-0.0629562058318176,3.7470954402539505,4.144209458176012,3.36989651631544,2.0951357043789915,7.049685625000404,6.345530141092091,0.6292785200519406,2.692701571401154,3.1590029999273037,0.6336902747679062,2.184022712005282,2.11896206718455,2.086276622024642,4.271836831798172,3.857728435265667,1.8407199655506221,1.6666941850149017,2.726779782274151,4.144217614774161,3.211994514728507,4.153207084200311,3.2405110183212886,4.440579873719918,3.911922747381869,2.036268729751942,4.415490076181097,2.736935642883677,4.384020226844924,5.603045994196857,2.103221085956389,3.5273642915965704,2.8180181321554936,3.3318333792519397,3.839717827021091,2.569914789814699,3.415222619629814,4.678936145113583,1.9279027022571895,3.9774511113494597,3.8182445791960977,2.150351801780576,4.821610980571215,5.609661756137179,2.804513857424203,6.228203803304504,4.605341278324131,5.63562339285037,6.7471406014581605,4.762850929436068,3.2738808570350275,4.23451281268533,3.3723883744654994,3.2217888876425524,4.3839705334156305,3.71462648702834,3.4215044771544814,8.119281430997578,3.2789928508842596,6.188509053039009,5.493080969082896,4.930160790610688,5.509551924987165,5.8447072623647465,7.405102299959678,7.442133765552068,4.87763530110942,3.922231193955504,3.2412250048177977,4.0690598075064965,2.31190421353328,1.7625281996158317,1.269733119103274,3.0930188490889585,2.317004194671127,1.9597845151815272,1.4913189648427145,3.0587671003171764,2.5676529839977724,2.644422141047358,4.307419745006785,1.6480355140157523,3.9552218671534765,3.4943253551361386,2.130660140201062,2.7504054253612296,3.867137021386513,3.6467470706102296,2.619842915943812,1.9987018915511956,2.778381887041482,3.659822056055552,2.380793905893242,3.577558423890311,1.9142590027518431
22,5.476772173254606,3.203648421265483,2.806307662108273,2.2540067519526152,3.1777180274524888,2.845364633001078,4.003840377018595,4.364205039923702,3.137325058329258,3.1696427374534855,3.0778364132529754,4.173601899550465,4.537995026504104,5.042559476646837,3.4905418015463745,5.0432771631445235,4.0248331105224135,5.831237345781806,6.465888297381901,4.276277193004821,2.4336435162210934,3.0057516853836685,7.058702823116817,4.368367849091905,5.336429777625482,4.884230485891627,6.897104081692156,7.751293592434725,5.560869304142581,5.596339975049967,5.322327668950839,6.861114568263089,6.514037459107859,5.727819968500442,4.737322477262485,5.122857493258116,3.6689904096166597,4.878329832976636,1.8465625964927852,0.6541294734230504,4.61630920545099,0.5308941343229421,0.9847718928974742,4.351621432836106,1.125047759527456,2.0406172663263007,1.481959077325501,3.570306757333524,2.367090040055012,3.172289212242676,0.19882956772844895,5.782278377385088,2.8352038190890174,2.1364054512958615,2.5385005022117837,5.743342452135214,6.358629450500869,2.2106936284187855,1.4919231574088607,3.0694360722846774,1.6308315547586127,2.9979669078843747,2.2762597208759363,4.522669165597026,6.554439170577012,5.015760398305459,3.2716943916994827,2.5233330539309633,4.331523362171915,4.314315195446799,4.283640447073661,4.685463849636019,4.7911788175999686,3.8478251180003604,5.074057839737529,3.104458973418953,4.201794106701024,2.5696741981975526,6.184120314705895,5.4471226723339345,4.035851782318489,3.198986666029297,2.402124209611123,4.452350096446272,4.19334472144333,2.719825227041967,4.317347690047933,5.102941688729981,3.2650686111140024,3.19190219218311,4.378738666242532,1.936513715373366,3.608568264777471,8.1696774588918,3.003648760901165,4.155680547958027,5.878961121691551,5.978914765057018,4.013041981724855,6.793606559348278,5.015354086724806,6.4601142003335,4.171157677849905,2.8113140097039615,3.78004874616866,4.59761050282739,4.2422612314517965,4.543809667282009,6.512161153371732,5.913617330259092,7.511674577907611,6.887306086040512,5.119293051436835,4.0333709227179275,3.3290046433254075,8.508656230134457,5.717951482644988,4.324924109278822,3.7092630528649897,4.477100664597683,2.7064758320588047,1.7895929225527267,1.8333289334289162,3.712482521029932,2.4746218047245176,2.5471302936055915,1.951592584801697,3.19989224579528,2.9652621198131923,3.025390173113089,4.619794327907621,2.3199006111067195,4.317837223939497,4.10195757101775,2.3660589385195814,3.065771135633197,4.288272509435387,4.056578556279166,2.844307912529733,2.4278128043939913,3.126165620549617,3.8143733338770978,2.7719971684719056,4.218638566821492,2.105458300072279
23,6.774088120576521,3.3418186196365505,3.39079570415305,2.6744807017186867,3.8021894118666504,3.20080868160732,4.386263313032142,4.274876766943128,4.2506800001854375,3.8056946680754327,2.7580361803166316,5.137076894282499,4.769804724415266,3.7613748842234433,4.524627319832764,4.883913548182302,6.302652675566492,6.047965411824766,4.418999845039015,5.772596324362732,4.05791760337422,3.717124211781283,6.229573696607873,8.043996815176614,6.908072609703454,6.984114335478543,6.418408008368392,7.382823330967746,6.5326596098220335,6.304005824056837,6.516670572027391,6.795482620479447,7.447286143467268,4.934610168917597,7.59909141302599,5.253700180912377,3.9089629091353446,4.762987103352735,2.0126117435252717,0.652764154515121,4.609565674688374,0.8528290091098645,1.3419107811062676,4.729713565194147,0.8707346872167022,1.768703214886672,1.8836467287631122,4.051827822708047,2.50593767749246,3.6273417394268326,0.39603085874301464,5.032332570985199,4.206832905581868,3.39110886827352,4.79574083757594,7.029363083357243,4.725853608965463,1.9737418836139502,3.614700568588277,3.598647900596729,1.8610654381269405,2.83144510072041,2.4152696164003205,2.621719994839492,5.746947517398862,5.697428834904756,2.9618546849866516,2.0328217452723294,3.684623092437925,2.9581109090958333,3.606375059972671,4.47404925335947,4.074353623390005,4.2037399006098966,4.684905136431025,3.20820596392116,4.036362913806968,3.4237319441500795,4.955542918491503,4.999861461461725,3.9215619978099325,4.668344503278801,3.275184285031033,4.050170811068201,4.523206817902802,3.9025972819827763,4.2378349216726345,4.99030793712825,2.2716980295076232,4.949645678767451,4.2832633474823405,2.731086971358767,5.226681458718117,7.038855088447024,7.768250978013751,5.651992741390185,7.179236989743105,3.6519621213421867,7.940122995205336,4.485323498132794,7.053514819421059,4.26977713555628,5.903630302022412,4.263765924217213,7.177645517309513,5.946192672316916,7.574428912655039,8.235340479230082,6.15656429432625,6.865543195544513,6.526173458758009,8.704471257181297,7.306635356626163,5.3626121049432935,4.181507592992208,4.621618898483349,6.150511426357981,4.703345411080873,3.80393069727908,4.802033977669185,3.020659686642454,2.209625915496227,1.965807714377963,4.184547427595008,2.812061166097623,2.9173902907516625,2.2341616301814478,3.6198056317294065,3.0507446258979263,3.7068740969336003,5.006734625805669,2.550454210959391,4.319163069893838,4.09957549303583,2.602119532981914,3.448142179774924,4.667926447061052,4.630482848521829,3.5102043542721377,3.0223865175084437,3.413720016251605,4.434215531098097,3.4608076738473663,4.422051385314739,2.613302009906033
24,7.338742228564184,3.4791095827560503,3.484798897258205,2.5539696389152367,4.113501582683426,3.550095048132098,4.877809549749054,5.513693329689066,3.6382566308473603,4.281923384421077,3.4630243240131815,4.866322003211519,3.424493745771243,7.419263442015497,4.889042478491418,5.237572489309473,6.2588020305520455,5.581700785355407,4.936922175142353,8.100602313886137,4.469867322038277,3.577986593611191,7.874066370117193,7.094490900187251,7.46080002562427,5.941650895578209,5.736113191251434,5.308592462113504,5.69409768271687,6.012782368865217,6.866829857197598,5.6974809499894326,5.2406023048059,5.722671715738794,6.117001507224557,5.05994195930972,4.121342557776812,5.501875679616745,2.2466996419838727,1.0028988157794008,5.401199429984103,1.154901964191102,1.4403705938509366,5.032195599074884,0.9411141063478502,2.136128688741188,1.9032619622040172,3.9260343336406165,2.396926095999547,4.009338663415264,0.748867169673761,4.330851702945989,2.7249776566460078,4.518504086579904,4.617199464916963,5.193435926305197,5.254629015943378,3.392984891723863,2.582641805060609,4.533587742660626,1.3127859540579463,4.245103215675531,1.2723335289560773,4.362689313931665,5.203175879058632,4.789928676197574,4.448779712611157,4.087292390182093,4.759692859498841,5.041350346662801,5.064719832292591,4.435677667407088,4.942494104847242,5.570899336894294,5.390249063284639,4.277313880729672,4.805639337049316,4.863167991479857,5.583646999407009,5.704519683772354,2.6001285542619073,4.609348139217276,4.347133474608132,4.207205719071756,3.1285697940413244,3.7188591512546005,4.207253024070342,6.1441199749818605,4.22850308217396,4.565466912880195,5.337410633937934,3.997166276898248,4.160535265917362,8.322137455772216,8.053092340157303,5.9593981599387345,9.316735792349476,5.806505939881446,4.835121863366578,7.498696103908725,8.52195038766191,6.884809066899855,5.747994818641345,7.596772873729034,4.427273951254334,8.152181485391399,6.008956977707302,6.708295901764208,8.891088852214363,8.602079895766618,7.347404705799757,7.198498301903157,8.235900126023466,8.875263536709078,7.29935791439166,9.030700731919836,9.281024565799065,5.084202272840604,4.568113063281189,5.013273251773612,3.439937702008001,2.245580234578624,2.508823059021153,4.24923649956912,3.1875166617574866,3.696883645358803,2.789941882499394,3.751254843385842,3.3222533671628756,4.100455312332541,5.143268253353711,2.9478839653963935,4.897946220246556,4.365343197280592,3.071082677635008,3.7825050090212966,5.285289156714055,4.914032943652757,3.4741569413898667,3.167526241086847,3.4766016057506435,4.597938684048064,3.644318291884429,4.959831060184412,2.47156679440717
25,7.075041200023815,3.837618781990148,3.0113719950594273,2.452046631596582,4.742349911532353,4.472871478867699,5.573653433351153,5.205056469709359,4.523403753334458,4.891396951394066,3.6965211617283664,5.773813924506088,3.578479928611259,6.0981314178151225,6.913779070917609,6.380504083945091,6.973144901483143,8.615767600770733,5.270028342191452,5.557552749375091,6.621681341830257,6.097913052966115,8.32079236420465,7.169646361401813,8.523153801604627,8.749308017384326,8.558446776057849,8.201318347559766,6.614710701753882,6.445795656281965,7.0858290241132655,8.135622698529525,8.630817390602473,8.853637704221928,6.560314611416151,5.333736338647037,3.9429839407811924,5.429935312716349,2.861140588037984,0.7827362502829817,5.271377737545035,1.9049981881298206,1.3276914380428537,5.334378883427229,1.2932807202624534,2.2795242854936766,2.03386829892439,4.388529423179948,2.1860120835479746,3.629115666140781,1.416325031881667,4.188472562565091,4.863106948684351,3.55116019393388,3.888448934108185,6.142434436136806,7.894306916590609,1.3376436462833503,3.725088790112607,5.359998840290101,3.0245602727901937,4.502777138976786,2.436847064845651,5.151949732590779,4.434924605724065,5.858631412718503,4.994146376965191,5.135974885975028,6.550476808202996,5.546095873344589,6.327777262445985,5.918261482319466,5.034839283361492,6.198055340599186,5.139840126984478,4.7055363434485065,5.847259485569568,5.282810995539751,5.7875359717513035,6.186206418815809,4.657391147636888,4.79352604830848,4.920828210541957,3.918069604614224,4.061618098434447,4.309304686923245,4.065498330298877,4.669682164385471,3.49392747342773,5.514476354155523,5.793497598806261,4.038041690605573,6.300492184789823,7.129830208991191,4.48290598399219,8.151147933011785,5.914025900530812,8.592083272295177,5.655550602328453,7.792234439069488,9.653353513215706,6.281457458406483,4.3596984218039125,8.390265965862016,8.53416452403491,4.927876898397454,8.539792243324182,7.420812203647764,8.362034600028306,7.314846326582787,7.4476960530505325,7.434913812098724,7.459722807988594,5.726416442561452,5.711315786477243,7.33650777589689,10.140785882699472,5.48963084501523,4.795831856930495,5.052084494988393,3.7484744183560528,2.4687880681741587,2.7295948378340524,4.81346819451635,3.265773042539515,3.944667224893022,3.0294482149497406,4.047594779698555,3.5414750614911905,4.503322606502386,5.536892802549883,3.363780470472912,4.866573033629319,4.837810503075916,3.0986671286173024,4.335795389688474,5.266736533287927,5.53023645051158,4.117567454657429,3.7356602928436202,3.7017199427084506,5.250313035792345,3.994340063930229,5.3547446766798155,3.0070158152106345
26,5.967139110746505,4.6047242744852435,3.444428581563625,2.4411243147611463,4.918368342451623,4.58832337222993,5.023389210603283,5.87437748561127,4.664030581714641,4.874026178496151,4.303840859004338,5.828564098264904,6.562107695329418,6.923238939127758,6.056782798207644,6.372846821875287,5.164609617742967,6.725870342014676,6.986563021993351,7.5313536495157685,4.0576807404810245,6.73714396319181,9.24048789152809,8.309383909085469,6.30888844091703,6.644570864485518,8.700188696265482,6.3146076461277225,5.94662770229326,9.31224003486743,6.007137051462084,8.740066656731527,8.962471650879197,6.167552584560196,6.187626324885311,4.933980042350421,4.296714366167709,5.497925905697038,3.269016867064478,1.101229043784589,5.960213033266651,2.2408526019763193,1.4708755520763663,5.515578828551752,1.3085310380916868,2.475758028314919,2.457890928313178,4.1292983593603,2.605800494056003,3.660642867267863,1.6667581856512457,5.233921930396446,3.8852530934810963,4.877305925028551,5.244460619877752,7.567932835366321,5.845434868444187,2.3301690405632116,3.7062462043164848,5.197210103992811,2.409069201775413,4.773703270635471,3.2952850536049834,5.022846366444956,5.977619932836772,7.413333296587718,4.067503239141698,4.256748557872359,5.772734254183784,5.087412085222097,5.875620688826327,5.212771626980068,5.51148865901128,5.51203254693581,5.781961432111347,3.5446463956276437,4.923707583502183,5.644794102710735,7.100907785170834,5.965769866369074,3.100691201180217,5.453845864869407,5.279584216142275,4.560575752582146,4.663322590435007,5.735880917412975,5.072593694859323,6.453790960120153,4.685876736403513,4.229963768562445,6.450033386636806,3.642604604617504,7.443337740644862,5.628316581935966,5.235085317628229,9.076779570602064,8.717437863760102,4.874259726654498,8.67286491196267,5.254663491549352,6.209356933577342,9.44925820764242,8.177379125429217,6.658919549886715,5.372650672080234,7.218340042891088,5.051271007027394,5.621984550352472,5.683718251891288,6.815216840361707,9.428079979860044,8.41958001542839,8.930441875205664,6.267453289651547,7.127876830031374,8.53477891566126,8.306466782805382,5.851956258027211,5.163960705788544,5.180771296943393,4.075724088331421,2.696202018211757,3.2032269103472517,4.969466528582307,3.541088030732923,4.173819569166073,3.743123019539079,3.999767230346461,3.6727902213033086,4.833936311304546,5.7983843617524915,3.9778134598743513,5.249736149007419,4.994635564955277,3.6165950046429396,4.513222495007699,5.5846991129910295,5.823106402972942,4.019031400093825,3.917583141854741,3.9833404107289883,5.405204572802877,4.664127723499725,5.618990751266381,2.8352841135643376
27,9.002901210066478,4.743590496403478,3.5131796615945854,2.927664809307473,4.938743789884919,4.869192161217078,5.7836656289380155,5.821209932424893,4.3206915368075585,4.909507577297622,4.900393092231637,5.979139818445938,6.380543935213742,8.045426961256714,7.747239919565928,5.565082475255361,8.38655478212683,6.855535932649191,7.284104611785384,6.426358318941369,6.446682108762531,3.8837718422640704,7.998996486168073,7.319101930030671,8.209375842809386,6.581477269526676,8.897488273750055,8.020381269987176,9.055911494752568,8.771006387757371,8.921797033379502,8.682223260811076,9.00408082789562,8.631910290882258,7.649169627812039,4.773006190851537,4.3979930344737745,5.766181177002351,3.429716945425051,1.1415676998520814,5.902608251491187,2.0217601679576824,1.6378781316381725,5.828976353222477,1.286933743064083,2.5961612271619385,2.5099519585255265,4.3231963797852,2.3614036977949406,3.9947456094556744,1.894159983184392,4.335457976216204,3.1933674373925425,5.772934210289188,6.16280947655672,5.886011959226686,6.23559173183677,2.5491433495355484,4.269361727475118,5.07425124450603,3.185577896679193,4.827096643388771,3.4011131653959876,4.237464014559437,4.749609890604742,6.595986160784988,6.053109616291706,4.746468569050272,7.343942876489747,4.462957111840553,5.86053218345808,6.218356726226381,4.690225599518527,5.4607778787102905,6.2618626400710955,3.95773488729349,6.310422970714235,4.202343995052974,7.427849607979253,6.652142299366938,4.469163623784925,4.6369986862272174,5.3754526028351295,5.112680987475621,4.368999003679063,5.109368042507118,4.904372775461592,6.601293952939675,3.5975833372032624,4.891243461776942,6.22868849986559,3.6837116038848063,7.646676438539532,9.953870421382362,8.80974196460412,7.465646152167318,7.818752390108013,5.865812733167751,6.239727495095394,6.0838023551480465,8.624482621987605,7.29989340727435,6.898548874735483,9.312986570182485,8.179357216189889,7.4371625938926975,7.687018407779062,9.322565946277143,5.614752743235137,6.129923642003666,6.8125173021260625,6.604690990226262,7.953753286455449,9.472681457516027,5.91052183746668,8.191080859909729,8.700943255253073,6.00105094384817,5.243589629187226,5.713590913666379,4.366571023075265,3.0344035701808405,3.501013255408626,5.233531279367349,4.119442026921334,4.40289003239096,3.894960484903456,4.090920284019553,4.042895574006281,5.01381181107862,6.296676865640299,3.935442997150984,5.349512512953735,5.408352724431329,3.791584841499181,4.92315023852448,5.697769156215667,5.869204951039354,4.530392489318305,4.152912622502072,4.0907156645438985,5.791498831889081,5.061364338390646,5.95895507909595,2.9673182977382786
28,5.069807454156639,4.962663904453811,2.9492319147814188,2.4612310948823843,5.280767337862747,4.9357942833891215,5.84076269934553,5.393983175938523,4.207257497577667,6.174140328853388,4.835668094203267,6.9940332458073176,5.446568377730272,7.628045709461322,5.690287205576219,7.061805472646771,8.366914417396627,8.151961552577058,8.212154636401984,6.883584392506986,5.92657017611006,6.970132840397103,8.600045603620888,6.85001035706242,8.795014087423262,7.042354628680882,8.099235320960176,10.107442792600082,6.920042357998556,9.330005520276838,9.891481837136627,6.3994504184170085,8.7114597039309,10.009300913069563,7.5239456061137435,4.647975680452387,4.304273592713798,5.870777088742129,3.984776797462236,1.0956673546294793,6.024669916171586,2.3573262459541375,1.983597627735403,6.008666343924429,1.6747894829218293,2.5502779633731634,3.0174385893745486,4.358382395144125,2.386834674253591,4.1420303880915075,2.524819191991651,6.292993663474643,3.9714872803696153,6.311098558100197,4.695632748398617,7.150758820179662,6.968752185358377,3.699620723437452,3.6595143238054226,5.645068003270466,3.5847401827413483,6.237079306739931,3.501939211934692,4.369065268584858,6.614523229874472,6.464269837694317,5.264097352793713,5.004623120987925,5.259416920977709,4.781467963334022,6.112250021673182,5.708253458503559,6.1541516404735255,5.379277707874023,6.232454487451258,5.112806424213941,6.402700341546946,4.865134648216263,5.693524565038131,6.916246797375238,3.8408351111489907,5.152131250407855,5.043472337196171,6.5733635428538495,4.123116215392998,5.752993609234346,4.148320663991792,7.526436153573086,5.586159836716191,6.0843849997373525,7.320700382552687,5.919195319501385,7.696393635795847,9.01955756919231,7.640022126678534,5.387080095429954,7.630687213611186,4.6827197561939835,7.653439694851864,8.294645415056275,10.438980569965265,7.309954282570396,5.748436346044455,6.98344080190219,8.792592439322275,7.13103639465657,9.216472721678794,8.80010963035308,5.764394464337185,8.885529139909192,8.927970461259834,8.094360622770022,9.932242532385153,6.891941973040399,8.480371264524942,7.900068842129289,6.7380595039847,6.309661169673011,5.6553113248551625,5.604840464595815,4.9131284819152015,3.256301339478791,3.7971838303762318,5.560760889906085,4.090730335453648,4.903012898222687,4.321711628709765,4.0885553007773785,4.096434008569943,5.621729008236079,6.363522434377004,4.42713295426806,5.341865474413921,5.545739578888296,4.014863207123854,5.150361567389842,6.0725479002993685,6.358093911281311,4.453584520607745,4.3177349626090935,4.050559093255437,5.917439743866433,5.174175454678027,6.433033865447965,3.4735641389224896
29,9.11776028196783,5.275655376080492,3.107492933758167,2.6240402533985985,5.48784813631813,5.158821726920224,5.529074830228556,5.748595146296434,4.8133950392227485,5.4277762685157915,5.907539826805819,6.716212198167556,6.802217284280843,7.232586439510063,7.430386977055141,4.574486592900206,5.840608997393688,9.231751431888373,6.686081106245392,8.421872729103132,5.48139178421474,6.935238861385983,9.129644617339853,9.0085885984237,9.221638430943518,8.87314825071361,8.352534465978216,8.35506788992484,6.804871536540533,9.025411811282977,6.972435895879575,9.086292595737266,6.843651269394537,8.041631535832328,10.350723327062335,4.902642718372516,4.502888699138367,6.057601658938691,3.8047010113416566,1.185142124320445,6.143302138210372,3.0116376466838286,1.7547935773836552,6.208858210409983,1.5106496649855008,2.54249683113285,2.833989960994752,4.737347661485247,2.4344455070941047,3.8691465949371384,2.5687293418480586,5.174179639491669,3.7946172507811466,4.716755646114548,5.891007816399261,5.499959374158706,7.00452145544962,1.8060842645264301,4.654417571739846,5.729580477438448,2.0960647807057837,5.794477159393798,2.8287767080223656,5.0170034052140595,3.8761336456219087,7.4528389401462665,4.76832451050374,4.565064242807827,6.097447604258908,5.891387246685011,7.37593396333598,5.310015896445834,6.201708555117907,5.318635806525859,7.15608088858253,5.132486462477775,6.580390026801659,5.11833125228142,6.665686171886346,5.9431685567283985,5.150977384752535,6.566750301703486,4.5252081218395,6.499245435230924,4.607462268726826,5.794846388403249,5.689701977189693,5.9591615824684165,5.238400392447391,6.436999762519307,6.263294964763958,5.035350794740266,9.582592828045271,6.747082519887038,9.681634526948669,6.636392146521931,7.576481195054841,6.776841752437915,8.834402086389748,9.23032865129311,9.133777556130353,10.759025083086888,9.325165560447,9.7783675283228,7.205280659969273,9.315166993966656,7.530335989971643,7.529346110171183,9.147385513099154,7.815525755291528,9.111989934364244,8.091877529498273,10.65839852186239,7.181650656218088,9.14433961317429,9.676815009433374,7.724447399854807,6.330480850402797,5.773380252211814,5.659109588354444,4.93426717127317,3.471669626281102,4.3885407894968,5.713016530495079,4.267744837037196,5.09110789773806,4.618932602886754,4.379369595607558,4.336684963735555,5.75630052629075,6.322295933873742,4.645624588294706,5.404035656453653,5.325192681579906,4.056828832300896,5.095045796860877,6.186717587078899,6.589832545190569,4.636807280466487,4.8523921394865575,4.19162405149864,6.089120304192819,5.26766124351559,6.691353992761502,3.4385444549995663
30,8.332445184801784,4.86777025315021,2.8212203999058816,2.7841275221714383,5.646104809208175,4.812127982796628,6.139397081799537,6.1661000190854,4.859831179692323,6.580769455075191,5.251136546301028,6.895279117550082,7.662181490278535,7.2594884668526065,6.2269320474212675,6.118594399464007,7.571998336106175,8.342594528635477,6.210967378879112,8.02561009759678,7.626801057213189,5.945267905302009,6.866744314060284,9.431177384930624,9.82127756433265,8.468470003188942,8.306307167594552,6.794624862812974,10.369699302305103,7.380794324726078,9.968992353232107,10.063759267148416,8.817253414576326,7.389365489548993,8.989588462441628,4.407257239330348,4.498174712078371,6.101035218833706,4.159697342907337,0.8021593800742324,5.939962771743687,2.8921201590571792,1.6808901641670744,6.388074385810235,1.9175126747992752,2.363079256403411,3.291521141258743,4.28922492820703,2.241156191968543,3.691141338813484,3.147152869334434,4.7546980630946845,3.870941168308774,6.268350668996597,6.695655498540264,5.882973700748491,7.017643544160014,2.1569864218958914,4.420166490886297,5.883961439287847,4.119550960130385,7.420903573082837,3.008565342852714,6.081828280537822,4.962716870716032,8.70869335935191,7.480756824735401,6.478199542819257,5.900442693368688,5.240217866434306,7.602091157512599,5.79523146007808,5.671638164381044,5.790302034949584,6.362910571912661,4.356284718583969,6.103068630883415,5.3064520234513255,6.52024206189695,6.1464172753869395,3.5805098733513536,5.315365449436488,5.90993935629028,5.854194064465734,4.303091534006738,6.892759425513082,5.325243725438145,6.354508496542257,5.512384394078413,6.687375034118208,6.657500160046522,5.34309298840688,9.738576084129244,10.22248684999948,7.927248514175387,9.107512037697422,11.012463052460433,8.423826189819229,7.443473497714189,6.442845519046917,7.573093036620288,10.757105858805208,9.520220543017546,9.050894197554218,8.742112409613515,8.19283251236496,6.544883510565084,8.834661427576759,9.901673608860488,7.3985005742021,10.406085271600892,9.786849930115778,8.415678115438556,8.299462543966497,8.970085430426213,7.265199192767007,11.119928364541632,6.606551205112884,5.856236649767535,5.41976137181375,5.265142208538956,3.5191956625659553,4.5393936560045045,5.96973284704506,4.152550800072834,5.234480832749817,4.950295199796662,4.137906976456056,4.2798792473925555,5.972057949419213,6.424043516367482,4.783005630605641,5.502105418256998,5.576084008446773,4.057964282899839,5.503229932306524,6.107296742810875,6.722183955267211,4.775336471382109,4.7486343806500315,4.334429155939753,6.435547701948089,5.8476534038190815,6.591431284762638,3.327413278236102
31,7.438530054735481,5.0432330106636,3.234264240057687,2.2237890433112204,5.936673224094159,5.113710971246586,6.043336375875609,6.167082646304817,4.72769310332106,6.622866283490579,5.495843243134199,7.17608857230553,8.454047794018887,6.113133493009866,8.680636732873047,6.159990372126142,5.923097345369791,8.45132934122304,9.408992810795374,7.1062361951217206,7.773363637238026,5.527900228274995,6.908484614821914,6.593006431077339,7.041594025120404,7.312462771352051,10.164858578809875,9.963652502399489,8.622978196917671,7.852193125190507,10.476617162706946,10.120164867327496,8.538406803195983,8.365507883987252,10.2559797482199,4.026190498251543,4.338439771368393,6.105161617914208,4.414628751369794,1.0094597891417831,5.9297870869337475,3.092692547441982,2.114653571370272,6.651096674558717,1.8014460113925082,2.2712986077890087,3.2108141293774715,4.532902640475158,2.49006247657871,3.8771289351345035,3.328493658070575,6.5114708879035,3.4940529496483927,5.390191788042882,5.484108194274093,7.40777093418091,6.836434938354563,3.8408979667299867,3.370648591147119,5.457428353259534,3.5086457082184204,7.814981577685087,3.2507185417155844,5.680861268610841,4.439776690978908,7.354793954294908,6.077599756048848,4.510323290708172,7.456910779522371,6.612824063792165,6.950211386506496,4.454304083815328,5.858440066362691,6.558926501000133,6.067680621555384,5.396273085402402,5.680397958929303,6.01142534254043,6.724388499509096,6.537559067622382,4.478311908396991,6.440440867570162,6.063515430530799,7.445503335499752,4.717913612780806,5.869702948316789,5.448788762328409,7.743255509091313,6.2361681206936765,5.4620689705967065,7.568907619772372,5.012338273660717,8.861449036181263,6.575015704094953,10.600559772878345,5.751247515325037,7.611428237010534,5.636817242440664,10.027061457100098,6.053426955827536,6.9589073352892745,8.603375433729312,5.99528403863643,8.63022484165741,8.19456925213041,8.844841608796361,8.337558792503561,6.764574130438206,9.456786674025304,7.408774536779563,8.101553643053487,7.453873482296443,9.529998506975671,8.302412449206248,6.233406453269543,5.392567920481987,7.841222775170511,6.7082060660771266,6.015065894441841,5.729607854125371,5.525932064713594,3.307504896756802,4.832477629875314,6.123809046610926,4.265986414180895,5.399375159150039,5.265164321005628,4.0827617931350755,4.584700809993944,6.178661234029276,6.590261379018898,5.005044461953584,5.47770272821699,5.642733719602617,4.114522292715485,5.543177944151286,6.226499935950796,6.816630117024146,4.876412017094035,5.254149995678325,4.22476188252815,6.141668881216346,5.779293042939774,6.654739219181929,3.297217086485031
32,5.959227241264494,5.23059505885682,2.935704170730036,2.740306115788835,6.0858121410732675,5.14027643456246,5.0881264967609034,5.167976431050352,4.8447259356610894,6.545851374347672,5.988957112613244,6.908702597141989,6.538000205448313,7.18891823195525,7.891906795109602,7.84910680686216,8.784091171994266,7.58429829298924,6.741265945674724,6.002076690080578,5.034474866646127,5.267954974583237,8.125742991080193,7.006425165990562,7.9084708740580805,8.486412241766653,7.507985050182783,9.363190784714138,8.09576578395486,7.920026920512539,7.431926469651453,9.458581274005736,9.09059182679568,8.261109715435504,8.674990884805874,3.8028975028755765,3.997923497724944,5.925533992983869,4.479894256047914,1.2870987535707337,5.875766108744198,3.6777459518445,1.872182874847402,6.628355418316539,1.8939684653433582,2.742934334175235,3.493138430174043,4.38042075473677,2.1827871236939953,3.949799061404717,3.79267434213525,5.785911799670408,4.6293286002561445,6.18304257098049,4.989259708726232,5.728771814806326,6.784761680717159,1.9048610301702387,5.274663077444368,5.819567919328537,3.1115187511015114,5.622839269143502,2.706784818740303,6.4127344168068365,5.568821366282124,9.013735793472625,5.985138812717287,4.775068442836744,7.656540562516724,7.6296836466812845,7.099022428040267,5.439442457803317,5.599481894543968,4.939266002066149,7.526425323504888,4.772804980799452,6.018448757848134,6.484443710475987,6.663912511162408,6.390644173642976,4.1218397201413515,6.40902388697139,6.76563068487627,7.396987177451408,4.727400353947008,5.651534276854214,5.481353648849042,6.894402943921505,5.880853725289564,5.624844328477141,6.5831957413808935,6.728259840618863,8.128024087742864,8.999966472437483,8.048549632609985,9.651747549739252,6.971858578954113,9.7453444568532,7.959415594297271,9.157022333898745,8.11137726883777,10.17637722355251,8.848181959828171,10.372071143036319,9.197890026667944,8.440761255739313,7.021561965412872,9.939636371861557,7.915085144835578,6.564365543512601,8.317236579395026,6.078923483297226,7.749592037575127,7.557910569428642,6.731428796828666,8.278723360174062,8.310019672283474,6.5504969920552325,6.0743482065274454,5.651272906804571,5.4588626308388655,3.5679859572348187,5.057959658661386,6.2606417809938835,4.3429907142734745,5.52935689600368,5.519610681055027,4.140032120318934,4.485366805063055,6.448496746895353,6.605631114956086,5.283311794444483,5.3640783912675225,5.5222624210119955,4.262497348625548,5.485188610143483,6.033780134067765,6.523879237095199,4.770911987467204,5.336929681819363,4.374699053089719,6.477325679755025,6.172133143671834,7.007973037450081,3.355993591037374
33,7.152248045363319,5.19761445762743,2.619278852877227,2.4955679782960587,5.819173411108668,4.94993954787903,5.426472989823633,5.858486770170639,4.589595860682107,6.8266030341149655,6.32399906633619,6.658043503429246,6.566132760534362,7.2790550794274385,7.108411156442082,5.648430810414838,9.003329547232083,7.812309604091556,6.623485851185631,6.948625249365877,7.284480338979272,5.911806168796249,7.7906371069820315,7.357092181857043,8.710107918924717,10.188784949599363,7.663664135069961,10.563673272777244,10.331553595499827,7.006449951783619,8.809268044869777,9.663482579761869,7.613146476171174,10.108541232483956,8.93145232983398,3.476948526479589,3.752020380030277,5.879862110464494,5.10209799559723,0.7870298479845462,5.800714973345478,3.8351290098026376,2.1036255206607857,6.6852108463999524,1.6636131315084264,2.296030762529807,3.2138127388929436,4.19900553580211,2.162972040060266,3.7956181339761197,4.061452538524619,4.260755311008728,3.6937269313779586,6.530466647852487,6.480333707972806,5.497732975768846,9.236532949707254,4.321835695008418,4.427148480453143,7.2308044974838905,4.607409362250306,5.9775896537705275,3.9844178112535853,5.14368533037799,5.676178685935362,6.992266295205241,7.858070322143073,4.529212326267983,7.5904233550910565,7.779583199825706,6.975210161338641,5.729187023704287,5.337990485804698,5.985843157815133,7.397786123871004,6.009662374459092,5.000674353419434,7.096359701219311,6.320991773110686,6.341253213363573,3.8238136817979473,5.476508168898743,6.395876780565322,7.296289598152883,3.4346221397212093,7.091450992311699,5.102937425383779,6.4737803101804055,4.661963089313681,5.306171535127236,7.294982238474834,6.026346072569917,6.899456812597553,10.11521241203369,6.155639999532665,10.532455546750683,8.662857264260566,7.370721065790288,11.262158824561105,6.858780356338073,8.743288250619274,6.9470748484402804,8.409747623912198,9.92290326266573,8.443826090630921,6.7536604626243815,10.239052039742852,7.574844585318874,9.80835782624179,10.090671478458496,7.497761604917881,5.8495890465485845,9.32707583090335,7.119948091490839,5.503172606235992,7.200914232665723,7.593462244029931,6.416886037739777,5.868928368645976,5.466236248486845,5.876893155563799,3.730981583035924,4.902811695809204,6.100929469774786,4.4966302362470625,5.612713489635536,5.446130904730273,4.120796196510335,4.73556203542309,6.441378562935698,6.262557134582616,5.28189049179002,5.184931811487394,5.445682818151655,4.148602451646937,5.547476005304841,6.135004830387905,6.44481818176722,4.961029906625415,5.155496812176078,4.092925831340164,6.294766416361267,5.86500835117942,6.809836461687564,3.3401877934803084
34,5.076748460374741,5.153111103314437,2.7440322625388895,2.492885399084209,6.196170046181539,4.1903662366925785,5.7238295704336,5.768363570265048,4.885319865523927,5.945628341854133,6.063222440241567,6.928592547286678,7.213245996224491,7.8111779115454,8.7225017903629,5.318277706862206,7.108679492737189,6.266653029108106,9.080953121361635,6.2907314114414135,7.848054893998597,4.994201929544564,10.323887185048012,8.848142593870723,7.288859997696756,6.902104471519539,9.781320662484308,9.303429362343927,9.426118924621193,6.873017004711485,6.7915487083126855,8.241751537531558,6.856954127377314,10.286444928524698,9.1757742241939,3.2406206207842576,3.7456643020942093,5.611296147779103,4.829819996596543,1.1194042816907679,6.185348055259506,3.901372999236261,1.8975071607873917,6.445952164931756,2.0374862951179367,2.3517552865608224,3.6991701694762695,4.081312880600195,1.7837664200530183,3.332258793596317,4.261284176139647,4.223683910128603,4.438905428430617,4.6508873349227615,5.661914091335354,4.982218597202743,8.864839355683902,2.2250180924704352,5.789156651855479,6.336991131310548,2.9332339110855004,7.718853175817843,2.64804293947958,5.289050366934633,4.428900461575912,7.245941469680929,6.577262623448352,6.016258769997906,6.325282586130409,6.524593179829005,7.41487833431942,4.45191145962246,5.885113280808076,6.106538017983462,7.524863720849551,5.66568976176152,5.944740682622742,6.302083166130137,5.760061229349503,6.500455615670376,4.576157199176125,6.029981105548978,5.882912508653349,7.536832286865489,3.5400260589174626,7.57423242616362,5.565673033940615,6.558549223663462,6.342231996966502,5.908773853434707,7.164902553518863,6.776021268796304,9.492887789106511,10.457942431269753,8.626330187882074,9.45634563643178,8.82682463820578,8.304625200608493,9.972259253872945,8.136871364137733,10.116888813875079,8.523922825579813,9.514848819255972,8.899641945420354,10.103597429394746,8.14431476451135,6.738307323683226,8.393277176541787,9.190323158508688,9.147906326997731,10.44787616470617,7.456016155975998,9.405059198517984,8.749082629276735,6.564490245456133,7.772441749673349,8.153532116623026,6.516026675864483,5.993604917731511,4.950361591352693,5.81651442320914,3.5595008057864352,4.970698337721088,6.156911061967904,4.663257401889126,5.802481113123166,5.430325256658787,3.8775791714873615,4.384600817365312,6.194968446134813,6.351873571533445,5.337014130593931,5.106736835429382,5.167608390750665,4.294444166100981,5.750677826048803,6.168423185124022,6.65141188033553,5.0810167272658395,5.124376706962935,3.956051247884163,6.457539869471409,6.158718986987262,6.785565216918089,3.3835864600056316
35,7.21734334463834,5.520087047533654,2.273852840119333,2.1559938553355296,6.15081852640305,4.138697040873205,4.635655980456672,5.472343981511097,4.604976996847872,5.960857773659203,5.770513275536341,6.476956016110017,8.064879275311599,7.503047903176568,8.52052689380854,4.837114746366723,7.635686183456783,8.161076450508187,6.881554577007332,6.232115131916601,6.496346370985956,7.548225976981254,10.220697829991227,9.92054216994215,9.530687065141183,9.216333908750329,8.199483156917763,6.748110262594471,7.115067521414641,9.52268503875434,9.683328153602382,6.930950567587643,7.22987149176787,9.757660721077425,10.46547428553951,2.9140171788596025,3.389340217350994,5.899921476042601,4.8261046301087385,1.0221254260374226,5.545491830561406,3.5990200679119537,2.0313721044595283,6.065359047507324,1.7267410843878763,2.5746470795609553,3.582311499889947,4.07840864653498,1.8517543720857745,3.256087519315677,4.472037519378774,5.0391687239198975,4.419721525398771,6.6889855866074015,5.66353444567549,4.100489755019862,6.385322467025311,3.02749470669554,4.858127931804953,7.365910225879183,3.4823724167390226,7.289780763986106,3.9170758915974027,5.7729319471476535,3.9971905346397056,8.831269178232356,5.432690971916882,6.4090387516565945,6.161987136251398,6.808332779640875,7.875005342601281,4.330862292570281,6.3962032074745725,4.233612675787868,7.347883849928762,4.661325705104777,5.543695189520418,6.11823939445398,7.01924990470423,6.048633303740375,4.8461185904018675,5.520074551000897,6.839162006120224,6.321234480620357,3.542760107446099,7.176057275846863,3.7442157198896227,7.570131824799842,6.060209341706194,6.357863524639826,6.444604413957136,6.343374933849851,7.99813596252507,6.249000495468342,8.269100383499588,7.2192992243697525,10.308169360675372,6.36059667536913,9.336038974445684,8.065171691172077,10.974034640738703,10.067498757162381,7.153249309207343,8.321598365712244,7.662639617964656,6.817531247246479,6.566016874864148,6.968967312001192,5.736245379342451,6.540578717841341,7.435954526553241,9.080697287787668,10.804132253841729,6.089551662716673,8.830695017449838,9.663915148860506,10.337324210347237,6.440294236972483,5.8380950403934015,4.708019701772015,5.746521092897171,3.569125936439778,5.382728408578461,5.906424840478002,4.27610144650101,5.725343301704747,5.607448606513378,3.922235505546973,4.584012513412018,6.3006125704543985,6.181498335117677,5.1803496773004,4.745404364051516,5.047831126883966,4.325188567122151,5.708890792218854,5.573714344911849,6.321960673480648,4.86377474765205,5.363442028164359,3.8435820401801575,6.046990054765015,6.095145742391741,6.576692506985513,3.2595399663348203
36,8.212964633495847,4.978467108878624,2.1394998991295724,1.9919609992538216,6.212577392102137,4.922148434689952,4.548158251915243,5.476076832158757,4.166121553322153,6.503651448822942,5.843998809993885,7.025786646906229,5.566072601856211,8.459815132589494,8.263732403344813,7.29542543262229,7.479439358262877,8.00815591573295,7.580689003440144,7.093679075105381,7.5558549096039895,7.277059446830172,7.167891691922906,7.293795099184928,7.6319142876174775,10.18289459056388,6.829995327070144,9.727879410637922,8.800836646341393,8.03048032336552,7.874211003101905,9.155424639753623,8.006928243445357,8.279515900464759,7.8897438217292475,2.8112225160486095,3.5056175507611274,5.489021416386869,5.184053156319264,1.0189877410716839,5.5410951064780605,3.93291829995689,1.775113445825566,5.899380422921451,2.1739040345763994,2.1989654996509973,3.7394526524636524,3.9937654525899418,1.3574034019278507,3.0322777491308432,4.525027796654919,4.964846421196743,3.988713265899384,4.588989636574326,5.116272882112902,4.993793452566996,6.4161857710950905,1.9894895634637741,4.2234163183733395,6.739358965142528,4.6294944477151,6.940938800289695,4.204246369433195,5.740166544697001,3.304348239030177,6.9822668744199134,7.7680677032711785,5.224221389931371,8.106702327083626,5.747590805787111,6.643532879465299,4.999569791700154,5.992076306926995,4.295002776101094,5.682676940593038,5.332268349105792,5.811298125001431,5.494842480919405,6.21097970316738,6.097317032604962,4.601517832091823,5.171662796068647,6.609378393260427,7.602609303164553,3.161695395912239,6.876818361101671,4.297624366985199,7.654045374295978,5.923545989411288,5.6741191703913625,6.1220255400374555,6.860090183511411,6.368187749147026,7.133177676216507,6.878889175096742,6.267038936972575,6.790405962300875,6.3534433206698,8.355231460574377,8.463245799489547,7.992572437066557,9.938244961622564,8.29587200521601,6.460458729251952,5.927878872640326,6.764181751037484,8.211730387500033,5.339900400869007,9.879880044780228,9.18883034725556,8.602352555586794,9.567319850904603,10.829860794326024,5.372732693610363,8.80876262800986,8.283229733992432,10.256194627765655,6.276921540028726,5.697846511849117,4.556294169046736,5.706045743303112,3.4878000375434977,5.151579802627707,5.974589311759137,4.378281134692113,5.898198315710459,5.91174280601211,3.616444171059408,4.396538648192275,6.441388395251376,5.763631289038653,5.3893072332385765,4.6610476868707025,5.052143828158379,3.903594655458849,5.671148162582887,5.475224848340532,6.369943517065698,4.727664718530362,5.374613679117373,3.715017351843781,6.032729432088395,6.039539438553069,6.686353690574506,3.105659798303627
37,6.156928817628605,5.040802818084194,2.0552505678024553,1.755275295998997,5.62084735855153,4.04828699556909,4.08280578832515,5.153512699451757,3.887370210655245,6.496780767187637,5.807494660827761,5.795920800831674,7.40465310620168,7.01254616462208,8.449027218229986,5.115840407639744,6.163882574137738,7.452925806729992,6.825120605628546,7.403622975955084,7.1062642814351005,7.850220578649158,6.572538142927554,8.210292534505824,7.144899298241759,8.434372050071882,8.682105659481955,9.626733736564244,6.520355980771861,9.37683829855783,7.576019517017807,9.43827276333041,8.159977694059066,9.092873291328887,6.358095722973664,2.5681671920365163,2.9456671318425367,5.172228267663313,4.922892253156182,0.9988065558140922,5.277185134402397,4.128029870304364,1.920665959544154,5.576121273672632,1.6851928950777217,2.0927883717076603,3.4137925113564402,3.3963602649614084,1.485090273422497,3.0556760683442428,4.470284464814174,3.435655231322053,3.692231305374429,4.631680444142796,5.840341107695767,3.2044410036512336,7.628315717221196,3.6035694658390147,5.335501760742918,4.704186619009674,4.518325126062412,7.476784149402157,4.227157944334183,4.693829485109262,4.116663600532873,7.343632031909957,7.068672751047332,5.719235523930264,6.313285173345131,5.2992993309729535,6.464139615245866,3.90749430461216,5.691880382057773,3.626112443543464,6.015451154671845,4.502493673414487,5.210059682013175,5.601380568672847,5.41934628835658,4.513010295003975,3.7686535659842857,4.647484339454689,6.08112804535847,6.1625395723600445,3.9809657251648503,6.468710920791281,4.406198538808392,6.33805197104864,5.728984977874968,5.592347717988131,7.0908470350189665,6.715396027050643,9.103502852531419,5.413746121198007,5.926118283520944,5.99033036010431,7.948303611540949,7.789395398238918,8.910199293820543,6.599519129071957,10.10914231424573,10.49254550698937,10.186856327079933,9.083055497480585,9.62830635671309,6.511753410523337,10.085678985353798,8.951054010010083,5.755530464077815,7.247872042269242,10.22539554623027,9.209675002198264,7.106725674359213,7.179244485542789,6.20525844084485,6.858531575428064,9.091517244275408,5.854946235050099,5.574608889721384,4.28813359531828,5.728399284984776,3.2449186206387504,5.029795175954118,5.564977427710864,4.189632365737454,5.456983925873888,5.491475122092923,3.3276273731279185,4.009821533539146,5.948313777373611,5.487665091659932,5.293459358263708,4.405775329044148,4.7989974283574055,4.0962427402199,5.51670046778593,5.185317719494264,6.061129996170795,4.5806306013452955,5.104877172174564,3.635893331887794,5.911189920503521,6.049876662714877,6.191143927387925,3.3042362272749073
38,5.7559318159582835,4.841410864405745,1.8056603022488629,1.787846259537825,5.372755419895535,3.883506288711285,3.942134109407981,3.980497290729021,3.7215936362503386,5.512369955435627,5.622145294764811,6.086672873269999,8.721476307068954,6.410033767435197,6.299190767595517,7.501191087267836,5.1620669489952,7.470268017618254,7.447571874707492,4.487971424047232,7.900255261856191,7.318261437151996,7.330964701925462,8.047149022217333,5.931138530621833,7.265085012747304,6.372567641355606,8.743486529749333,9.190398467617948,7.333986064229549,6.265985068520605,9.24960998173207,8.150437927220455,8.435683387967963,7.594584595973079,1.7354295739418397,2.4745875182138346,4.98483403101372,4.73020065571024,0.7281873401540537,5.096462443889024,4.080856760217278,1.6848555011588553,5.79279696413864,1.6964754487963165,2.0616631660202134,3.699454860558501,3.1607536312044378,1.235901060517577,2.4279456849093104,4.9766287412458805,4.793579694210745,1.961474676832335,4.798160310357561,5.006073697702596,4.582408135047812,7.106651828372766,2.286936262087162,5.296341799328534,6.333536883069423,3.0957565451594817,7.389766608708486,4.49412530050516,5.990331160428865,4.03940955912714,5.796745627140372,5.982048348946076,6.913601861431177,7.519376007713413,6.801193307839247,5.850948371848729,4.786067135847104,4.382502852396866,4.372357454154707,6.499428510890933,4.422863965799458,5.162599694426248,5.256860434559834,4.575402227000341,4.74253405512817,3.546195245072223,5.209684721723581,6.80044400941544,7.135467333746257,4.417522496640386,7.335668953148497,4.632566925026104,6.8010329761382255,6.063204518456695,4.888117680556749,7.114325886515298,5.7965621152118985,6.193401886703794,8.145459861153217,8.423840118146394,6.64028504647087,7.511696116642841,5.136643046019966,10.219388732425976,6.562932213568674,9.952769621390507,6.057847821217995,6.789828439604805,10.065121170495019,9.16793851152861,6.407771949135813,7.733591349151974,6.805587944697457,7.8917264814672965,9.306545647337568,8.783205977502162,5.197916961013926,6.048331886363707,7.157198145972773,7.220951465296171,4.927790292141555,8.920891406638876,5.34357542340416,5.003221455710766,4.16949044377582,5.488398614428219,3.4991678691339816,5.062745937324498,5.268094014234023,4.025096717117253,5.549898026892845,5.470551603490392,3.1941196725846797,4.062788868316049,6.017969669260219,5.259532146387894,5.029798957242415,4.031800355896311,4.570005338478405,3.785778807647181,5.24630677219545,4.928767148849674,5.8414444683307085,4.403484939176845,4.9767475482994925,3.557593974433341,5.492680196524382,5.545009172113782,6.008441536982809,2.924595907489976
39,6.268867566182089,4.573336694453178,1.3185951679865753,1.63083782499051,5.552923849097145,3.7916528523618656,4.3113301417174315,4.394529767073172,3.883134319368062,5.231024635658293,6.056774454390618,5.9121216916338195,7.682791802796214,8.012095848302549,6.609291033033327,6.7957182200068225,4.719431004779854,7.101065990966546,6.4828608567550985,4.009863296217308,5.096054214854687,5.169571549748669,7.192199211064643,6.716009898922874,8.232776417749093,9.278070938548709,8.978977454099745,6.938883622809642,6.0065925231646,7.687314128451965,8.153020591169232,7.336527115203566,7.864118922891016,7.469456544205005,8.17553662712952,1.557767381012473,2.4038061622839706,4.274175561804622,4.632003196308659,0.5995267691080468,4.546466378746608,3.9533926705870863,1.588337685275486,5.408617463532111,1.7393145884085273,2.0605058380188357,3.5778993630360723,3.1964301201271637,0.7691066203903316,2.342201278124478,4.911163844920208,3.0163809861245614,2.3506681586381304,6.622967948711235,5.977680593692803,4.355286994362215,6.157788213405487,2.795246987897686,4.976604488994912,7.027357636581604,4.336695946400873,5.034688579610366,3.127306280674338,5.078692375690156,2.2961092432196324,6.979544877087578,6.048491329976702,7.1788865630670955,5.769551025306438,6.512464966719894,6.705010253519363,4.438227415672865,5.410007579837259,3.7536446996363586,6.034091693600965,5.342107370769612,3.471519001122772,5.684839331469132,5.807347776297039,4.823281959813708,3.713211405132607,5.937249425774605,4.923688812569934,6.589446283859848,2.724566135958666,5.861032406627018,3.1722079786696358,5.316679504640736,5.132284923226814,4.841140900394365,5.600594491247391,4.974991412183042,6.019618810745122,6.746102372528133,9.063962846889973,5.76978968042543,8.267944096456738,4.225315925134964,8.309945211199606,7.435512615819144,6.602903999963996,5.885910562309042,6.550979241833039,9.8300840828282,5.772606575901492,8.339733806747244,8.667568078972462,4.235693348020656,7.632987434475908,7.567741430745059,6.611329714956211,4.457688406006328,5.582331064859342,5.3033265138674555,7.511165216044057,6.793881956008825,8.710034777308488,4.99911038539873,4.871703308360053,3.5476233736269354,5.424057084610209,3.2125706804234038,5.1009373881770275,5.154244107256705,4.0090849704065405,5.100503514245178,5.347822640202862,3.1027053073362496,3.651717975502965,5.871438598281696,4.839509397069332,4.8194859676407065,3.7514940167565025,4.019359975007597,3.3962591240915287,5.07809491104575,4.6095488548491215,5.2281926856065875,3.976296727972241,4.912805666834442,3.348301477463559,5.212808064686749,5.624409136320905,5.821238523058095,2.683093906887696
40,4.042368440310149,4.3894256388121775,1.1716012171119292,1.2468384700067936,4.996746998384934,3.5644674756908357,3.119152377395944,3.567042756392719,3.129051054276112,4.891044851219436,5.397101326524758,5.038809585624182,8.076886357150267,7.110212496574853,6.029043160058603,5.810996116719731,6.75074637121039,5.571225085130044,5.4601970751298685,5.595720827173199,4.97913865766343,6.573081204698655,5.507123191699258,7.53117309291035,8.229788094540682,8.797114096687466,5.243176797369423,6.443424618064743,6.706204791123987,7.124188294297667,6.592188336229788,7.103900294435184,8.561001826624741,7.424113279926369,6.010042170705507,0.9967759030516591,1.8513735293931017,4.007786058457933,4.542723643530434,0.8518212433871817,3.945681233911542,3.7588947397565726,1.7236685320961864,4.816775419566476,1.8382801820959942,1.4928471584598484,3.3480711547624757,2.9831643903708587,1.1011335537238889,2.053104259115125,4.902995878543355,2.958786630510894,2.6612687389874643,5.798124952880115,6.510117427306594,2.552192386657965,6.583918175823486,3.5615787416879967,5.177343734980683,5.074180623515177,3.131867091065225,6.491102483841817,3.798916273245479,3.2898412136620623,1.3988271482205432,7.258828246993206,6.544719867243456,7.0614830644876285,4.873570093715269,5.222577640196125,5.928746478525658,3.9894892806512496,4.667374560712808,2.705342111240946,5.2165510135501325,5.063277657980111,3.674363720897434,5.049465004853139,5.3030056229296685,3.31255600876124,4.237738128659408,4.208852553528974,5.444661331741878,6.706159793448872,2.6553128268340966,6.239562024030642,3.1167730743189797,6.097879165046335,5.620991442219893,4.949306491431407,5.8231018140059705,6.271989699939302,6.583867808840424,7.707114895621949,5.753024427101209,6.230376129220956,7.371398823189174,8.28212107590882,8.019397669403183,8.534501559976901,8.522805336067421,5.587982941249038,8.376876898173233,7.09060662874019,6.751413190688865,6.24341539132331,6.468888307189984,5.725678276827978,8.85783903985785,6.808751656836994,6.706455959737392,5.429499647212504,8.373437211438723,7.895488247111746,7.230572403936469,7.810235528133868,9.04881431465897,4.818988013754266,4.595223115208595,3.1872557711587954,5.218103470964414,3.203259403929947,4.9750976230649275,4.6669773910095085,3.733814253425174,4.909141130886824,5.194589494046141,2.557825162511512,3.478463494419332,5.362759637822519,4.651342702532726,4.921903288558634,3.197019637508615,3.5908924339634893,3.501934590797063,4.509211395875851,3.9986998663589475,5.178962038454725,4.0411980490109425,4.456392217862127,2.8328964286605203,4.652824521922431,5.2368119631823165,5.308601236932619,2.5923562949725563
41,2.904728205125637,4.1454408881017075,0.878957870062752,0.9143228657612099,4.7528695555918,3.363249734729791,3.0305951471277903,2.958644880854888,3.530440566937203,4.629016435753846,5.129696372594386,4.90583085796042,7.319974549089029,6.617471858437511,5.6360540838792526,5.196712705716295,5.697805241830456,4.223235796105344,6.3476381695511535,5.879249233341826,5.951427762320864,5.993898173786862,6.143243587054949,7.495242065066301,4.575991457740307,5.88167836452007,7.159206809634709,7.944511156280189,6.132938203393056,6.877387957323444,8.099907891661392,6.922421959364364,6.95006482756621,6.506541350473096,5.9551553867581255,0.5688789134545356,1.6532513444792027,3.4749833864694044,4.82175275089803,0.7862236746601944,3.8948684914504113,4.036016854118386,1.6533406620321052,4.501574725843355,1.4922257877299405,1.7731794823078024,3.146906588991426,2.290229116422238,0.7053733765101684,1.7265477770325606,4.7141321803104095,2.4636352477305543,1.961820614022256,3.928406959553208,4.486938355487612,2.047953776502511,4.662719688118533,3.7948256806325746,4.704333443626886,4.97185034724667,3.181569148758255,4.993669629700564,3.8252301398829944,3.7726052081147303,1.4623855573410125,7.0926027836611185,6.149096101477911,4.930296828144359,6.617072978976004,6.328484619036996,4.904299120959124,2.4043936189082045,3.254915874787236,3.6130575010159642,4.8863492652640925,3.6901885420196696,3.389313510576375,6.470802932376759,3.918775661722422,2.866858167766729,2.9984171261958585,4.78747054271763,5.468177071571768,5.051172443608034,3.3267509791884553,5.396024527643923,3.6967775246732573,5.153645249542353,4.255051747495662,5.4088188492509826,4.575312350248262,6.307015824477405,8.31108824549935,4.3603307243292795,9.35238811392254,6.510320956880705,5.985501058029644,4.917102777310019,5.627857705296241,5.304435204783178,5.470321515654263,7.010923643952928,7.97916587251823,7.31320963697218,5.035974866422919,5.5322325239879175,6.675776996982971,6.50205593512741,8.005030432773525,4.319574583289822,7.39301813282168,3.551215407275865,5.88787240070895,4.944815978315206,4.5323484148876805,3.3827564368685787,8.075351041566076,4.46724854350264,4.142475517235981,2.9813494266380602,4.69875884958911,2.9353452241080515,4.916914988901307,4.5064379995181385,3.5108454103951936,4.604417292667736,4.970033367231392,2.209827518827724,3.1790845125767997,4.963666931790396,3.9353776373037785,4.783035786796941,2.696580461709195,3.599087333904256,3.3157924746201197,4.573177394177621,3.623587985704635,4.5481196816469875,3.519910036939684,4.3785610376929,2.6268952640317678,4.548832707894292,4.997044401563028,4.7380806242036755,2.5502253829499306
42,6.618997446939002,3.965042659338294,0.9431808838327788,0.9502066323536358,4.559482710796161,2.7459032953760993,2.5665456031768468,3.0887186124529444,3.4590842857874358,4.792004474903663,5.1152752130781565,4.212971497793108,6.890201627097898,6.18144306938747,4.9621081226557955,4.679957736446822,4.105411581378975,5.020205786477192,5.9695160132042835,4.845273393644115,6.858424701089833,5.089165742201428,7.031304393464602,6.504899477610329,4.17141413341882,4.849424931574631,6.164075421541247,6.740594621638074,6.263362652712001,4.801286711171697,4.232095777355036,7.911811878146784,4.610465285498951,5.80003306830492,6.800018242272753,0.32323944282210143,1.6300537833751618,3.199390166468828,4.300355939150574,0.6090524929426491,3.547255885874818,3.806759510258524,1.4272370906673553,4.332302515593148,1.8301000470868596,1.4491541580984661,2.920545641873176,2.2909867879529835,0.49275609892803696,1.2673847899213344,4.689759893311651,3.8554161849089383,1.6543587133712043,4.906400696665742,4.80828408747741,1.3538149946717346,4.311687064915205,2.6173507138175536,4.457303105235072,4.287662074650978,2.6328280367498604,4.294719613591412,2.4081131544971948,3.399372286951504,2.7062053044441963,4.365729586855845,4.691897638648178,5.426780518709255,6.229573770052701,5.262495235328292,4.707968565862143,3.5128293404679796,4.687144208169979,2.6645884528056762,3.7258485796885754,4.485810352907859,2.7472721837003267,5.51007699516945,3.7614511476897228,3.4818886148418215,2.2585194019852426,3.3939947110879363,5.1776122079410785,4.766745298194444,3.5185216212993753,4.72996227829403,2.705907832364497,6.133558964739905,4.331959190516366,5.190294130249563,5.733297212577019,5.631859152956271,6.343552651486149,4.305828488645662,8.995913870438926,8.436845957536487,7.345769856818588,7.957856058931756,8.07066509655522,5.680107171804794,5.86638914179506,5.703397072370845,8.385964525009541,6.815893331608661,6.299626736155462,5.826742405874958,5.642790087843649,6.050059638989038,4.342296424712019,7.076637211472683,5.526585799512731,7.125895364298278,7.111929549624233,7.008747235124335,3.829415267402956,6.746839476616687,5.933129262085246,4.013017632164417,3.5997917793714986,2.3719693491698144,4.402092092112022,2.6385741577747375,4.438289617889829,3.8575821289342143,2.9245837098992844,4.432320538344831,5.072243948648396,1.8708924580635362,2.984990065525837,4.919895090550412,3.7424523217003327,4.3676115471284,2.585176570463544,2.9849645070178847,3.020169278452094,4.195798540244928,3.245355908601372,4.314378438409522,3.3276917756435456,4.039837141693714,2.349722138165879,4.239571557131514,4.690610695589085,4.558600256288574,2.3981001266104145
43,3.4012274386835477,3.6381904927848763,0.5074283719913758,0.3248458101166353,4.038489449510964,2.1285551022895537,2.6278062359769274,2.3591159277126788,2.3598971657341927,4.578504354228509,4.68186200342533,4.187894181337089,6.209193985319645,4.363566277472328,4.838868863898782,6.395790788625987,6.169706063245958,4.3084230952835325,6.541212951273174,5.094918549763364,5.33771432757943,6.329892361198518,6.707293285805307,7.0819858486099605,7.081865616047809,6.0818556843364995,6.441106377831064,5.290519085915255,5.389512738347317,6.841173854963389,4.886292148689452,4.192760299093481,4.554140845549135,6.686374028479143,4.290880566261012,-0.5008053370873788,0.8359573210562309,2.6364816924734855,3.926333422295003,0.5094850615276519,2.886112395015929,3.479215764977283,1.7528477478848563,3.783455779120062,1.5878211565412563,0.9800536741033159,2.7171139429831745,1.9374336815057165,0.11442865179090933,1.286962058921929,4.499460092863069,3.383511898316308,2.9074392484015052,5.321997806289144,3.369019964293475,1.6911939543435381,5.056522099235389,3.4634849877857308,4.509585894461716,4.081884548937393,4.111938265033364,3.979394972169824,1.8870322754617845,3.379338938611392,0.43485708589396177,6.154740579526139,3.7859729850506345,3.8383033216312916,3.7438515349224817,6.1107414292174145,4.600847564447304,1.4706820388021464,2.548426780566967,3.3083544942405414,3.6584902765999563,4.939279372661988,3.1776565834096346,5.1272006436087105,4.00372223765481,2.6336479940186104,1.8271441977049319,3.6181783199295534,5.4530054456310495,4.5044804109536845,2.2107948749247255,4.807675488929082,2.6159166682578308,4.362501873593502,4.789948929927567,4.817984908205799,4.986018537130379,4.794135293555626,4.685733133092082,6.360831674395884,7.01367938955765,7.180825260702851,6.865919587916361,3.2046708336434104,7.695492078542133,5.202862075986146,5.824149851481442,6.780566270597367,6.004577460047074,6.156731482268176,5.284282962223762,7.4916620766151825,7.728379300568719,4.2032189852341855,3.3764697676424396,4.728486212186969,6.578787019874941,3.7913806497911193,4.62498051491387,3.5243114879036876,4.092655572068596,2.715165622888027,7.1820564303997685,3.4426620249144304,3.5727453929229775,1.7894708646902466,3.9767487715341003,2.603457927075211,4.46063420010171,3.680331985208792,2.7114807832162415,4.098904191913921,4.680603175033096,1.5300078208713193,2.555830146441615,4.423813369402304,3.330505384055048,4.042895376185501,2.016870652961811,2.4085851385388533,2.6333965820255236,3.725264869708023,2.8177892115102,3.7278682004349513,2.782947657438608,3.7990663690330146,1.8929226776999912,3.641582639616714,4.409659812780451,4.0367451461164725,1.9423429137850041
44,4.989482614036234,3.0163019801232895,-0.03023484895413478,0.38734180347663083,3.4603694286856355,1.8963459078224678,2.01193883001841,1.8345973726019476,1.796431814594679,3.486431250685076,4.201003645505917,3.3441289307268396,3.7135653752022204,3.2001360776823473,6.423141260545344,4.9432850779709865,6.092849108182372,6.134659366633394,6.291414948385899,2.1451863532945694,5.047377203432044,3.566019348608369,4.582867997337078,3.374985288319974,3.354704312074516,3.8261051652339693,3.5396115768059646,6.727273695920071,6.5880195542554105,4.648951546490003,3.8745943879907543,4.9286694999744824,6.640220880744785,3.862835664871473,6.925975589363905,-0.43462710648184666,0.5108770434201252,2.302316262280749,3.964753973530686,0.6200570129730798,2.5287942892186472,3.4390464817561206,1.3148623126692192,3.108205686088511,1.3764876327952316,1.1926734080591497,2.384635696381157,1.5089719148897145,-0.19478543177776517,0.492858960208547,4.6702603307316926,1.6056981458930464,0.9382879676567394,5.049805739388484,3.564257590802031,2.0175406126034057,4.697015059395305,2.9317888564523633,4.4547234333992725,4.349040431503211,4.941651166522361,3.661307755275727,1.6054942614375278,4.137280851058147,0.6794488481527241,3.3489051380403363,4.035749348161291,4.267775261992313,4.152708824235345,4.30648529568093,3.7353816945872533,1.4757053153797517,2.7483980576578952,1.6503388588430532,3.4824534930312554,3.040084744736556,3.2772901829509626,5.291238053432005,2.124779193473575,2.145888316392976,2.9124307347720904,3.519903708220271,5.25731310317687,4.82568990383387,2.2659290211973895,4.321809829290443,1.4626238920444745,4.815863845873097,4.482944275162817,3.9247464648651835,4.708508381076355,4.399151570628299,6.206068888090336,6.294115566076431,4.963435762391259,7.619778286275699,5.494325576322199,5.188692815702725,7.982848631382196,7.233807898213955,4.90196890765217,6.229250570385705,7.628610049847158,6.905261486296402,3.489401966107302,5.826576476730683,6.811252148546032,5.018200029999804,5.433992705345626,4.205757989233697,6.615735616339585,6.866034175828387,5.8740212004849734,6.07204653384081,6.60059719390838,2.6541863571349484,4.624061442237511,3.0597682517758,2.905649883569292,1.555113219443061,3.747552576294064,2.3326675934587553,4.0953797289971385,3.049085663984761,2.5597132830509985,3.629383766306726,4.398113331753044,1.252592236672118,2.253240877548444,3.912909090795992,2.4359355987609086,3.768401611538603,1.707717412041528,2.0137023661626743,2.4056845602183223,3.4435744420045387,2.295745543936001,3.2868894358996954,2.3456333549965125,3.3248289483485176,1.5141855107583582,3.043006698277328,3.8520984393039925,3.3484766366802097,1.5792684256746807
45,4.294909242759596,2.4706468203586534,-0.26626707788037207,0.03623471164149572,3.396249485650299,2.26909432883352,1.1104752131658795,1.4683053856717296,2.513355010863321,3.0927590143047454,3.737304227610709,3.5011825298445918,6.304930520827293,3.025273113443072,4.6547939402510785,3.0015790529953112,5.3454764755835695,3.5899343462256703,3.0629095219872986,3.271629369862381,4.5356848764437,4.873464441809915,6.262007089136958,5.875147641062764,2.734998506272147,3.14217294452541,4.967275573484507,3.1753996012665078,3.6963346548297684,3.810865804865823,4.983752755639308,6.252419558556017,3.602209451539049,5.07449384427918,4.8984372922775155,-0.8279949083509351,0.17799358566494675,1.4230384752198943,3.307184054180814,0.6367218327585408,1.4939259059853927,3.284256382075077,1.0364834468761561,2.659019321315065,1.423164831771496,1.0127480634916843,2.283546553511535,1.196272040353644,-0.2444787530287645,0.27163924384547466,4.406152607008316,2.7424817432177826,1.33662990635476,4.025260879540525,4.2754089745396096,0.5822552775342322,4.8464936832691965,1.5810226356233366,2.5546214725937006,4.560855070807971,2.2609137899903695,4.92972617924014,1.5241360690939416,2.2581510959046422,0.6137768688526638,4.275186655868823,4.357536669648201,4.520363297380232,3.9516588939603285,4.110151484461036,3.671390074263537,1.1867990245044686,1.8564907905002088,1.6902750810583056,2.710454127021775,3.8902892352472414,2.8682150504620734,5.034389458482234,1.6082220854454654,0.992409269344604,1.3486161588687129,3.0373773818250775,4.306189938220876,5.3028732769826314,1.2745618220464032,4.811718226699697,2.4575792986625773,3.4197618975096837,3.8297853006068214,3.7242118185552737,3.335820207917719,3.3197035208170704,5.795108598214387,5.461569307304854,3.3444506423369016,7.128560863965337,5.900866937360556,4.094686846999073,3.1107256531419316,6.586642375609003,5.114550755222638,6.161482166303155,5.728544773774918,4.3725475168767876,5.136064759247949,3.768320692260928,7.193553172149961,4.42005880409182,4.970418698772205,5.422419301441469,2.742273895983145,3.349883862764464,7.065520089686559,3.61475411582839,3.900350201783594,2.5344840921021827,3.315889386333798,2.6056260034313645,2.5047486093338724,0.7609401260496135,3.5582370958002296,2.1229594363802966,3.502420134633081,2.479409511849124,1.9418738129925865,3.194208938686222,3.977434659765085,1.1142713132058595,1.869874384245326,3.705549954141758,2.0338202001162418,3.110470115061584,0.9064711375784907,1.8760754284251084,1.8371009057731007,2.7592904276059254,1.718635050045518,2.5913441444820062,2.1890454735955904,3.054775557557232,1.2636445924672226,2.5497404109389388,3.39775577596476,2.850314691757027,1.6888332867126161
46,1.6389525458381562,2.0820921295003103,-0.3690730254731256,-0.2956662296360565,3.0603680559216304,1.0563355916538797,1.2796616253949227,0.6770025871363824,1.8100836579912367,3.2644051044310656,3.7995175876059477,2.0006575741498414,3.427192443582921,2.2448083878397167,3.253928906323127,4.235137592034192,2.8509793701728414,1.773822824317203,4.803401935322906,2.1402109136973015,5.0992764481601744,4.123877237396138,2.376437154080577,3.935161370118287,5.3661610150415235,3.7365432049387497,5.207964079698667,3.3283811062377233,5.369934388682733,4.606320793181028,4.185288267855446,2.180813889412247,5.676154715355491,4.611174788802491,2.7849300582891576,-1.2583616601360346,0.18803031596374242,1.141353944655754,3.4921768521622463,0.5833722008533888,1.3957122833306825,3.087731603956917,1.1569248935977052,1.8828410112476888,1.0388468529701973,0.5966469693301663,2.3725165994305772,0.3671326059808775,-0.4604874221647227,0.2637897479834327,4.134434707149595,0.24904036007561675,0.6994470818610558,2.3753939756038154,2.1198345314967706,1.1067112600989237,2.761803608947991,2.0166662397900685,2.9895301172931266,4.373375020674861,2.7336191880318843,4.0965802507237,1.9438923297685506,1.9159176307960688,1.3023680209625244,3.1559533047359833,3.496783988762703,5.35763397249241,4.045469517878848,4.02172438521842,4.561957834129729,0.8024405940290457,3.0069853844384857,1.8064198295838851,2.804830999093742,2.264561261659523,1.818446855022944,3.195465745539353,2.0260874389893058,0.6039691579383677,2.195010706584519,2.0381534267660104,3.0945524153005897,3.6929965272389134,1.6684192193107417,4.155371070901047,2.1534401860702967,2.9770635591775143,3.0792289720734356,2.516792332051708,3.1916363617810957,4.124005218731787,2.3733940139970597,4.625835513870412,7.254079064079347,6.09097965310517,4.402076408752915,2.911299126977205,5.5085085727885765,4.987968314714939,6.480207179768498,6.468288596996082,7.076192164717019,4.267125545062704,6.9109202375153345,4.672085787822493,6.546017885990471,2.848323619901819,3.155507266667618,3.4514491648847603,4.156561437115226,1.5643634150765817,5.221628619558615,3.17045155967556,3.147287273549883,2.031063363471133,3.7047473912251743,1.9168673933474443,1.8807918046658145,0.49688543360655774,2.8421785213097706,1.8543566742205075,3.3059854183588113,2.267856785954117,1.7344962863714846,2.8637847061363138,3.758873161224969,0.46641294165713065,1.7756829246432857,2.913884881777606,1.3924600672178744,2.973502433973622,0.5168475166192573,1.256456392649006,1.674677035211142,2.2017734073324893,1.3294801213674141,2.062202215772541,1.5735083964417604,2.397186194402024,0.7056862780672616,2.1440314562869522,3.005169028370731,2.4594379946862155,1.1082784687359668
47,1.1179563440450415,1.805242097309447,-0.877964365539119,-0.5516445208965294,2.5604687194870936,1.1966958253971278,0.19671663281819501,0.9009275950204844,1.395232286513123,2.6353443231638716,3.4119943083916047,2.24420953820497,4.941246033124738,3.4768356478893114,3.784982496391271,4.272759712584896,2.1505574421112703,4.049293407204143,2.6886582530066363,1.300736771687203,3.5121553005022585,4.110231889864843,4.542972067679573,1.7706870672595105,3.4057957983562996,1.9488768271212829,4.927592741868932,3.734007282530517,5.137296239345406,2.6585144580723217,2.33594833625601,4.685986975020204,4.6146701653746,3.5290165294030658,3.4670400134124315,-2.024993281317055,-0.35330123969894206,0.5774907277312737,3.0314141949492197,0.2810841132724707,0.8364216149278048,2.929384509172977,1.2398234904984684,1.4391055544459623,1.328053242049093,0.39798880070779036,1.820724575920065,0.10027819176438141,-0.46689569303488926,-0.31343307560704564,4.075477372244849,1.0450154554771096,1.2666485585282825,3.385890164315489,2.900391607349566,-0.06060002755804117,1.3502703648332144,3.6616918926101807,2.1133426958526353,2.0628278372092193,2.81935539474685,3.2264124262142904,1.1921516304513768,3.720066462693115,-0.43353948800868447,3.7532156424295415,2.5187551780635142,4.496959146377488,3.5462630289896566,2.866482244546137,3.1691306420129655,0.4503800038982283,1.2575797339182926,0.6945431412246449,2.8210836050041213,1.8726756200229264,2.187337099206635,2.7223352114021466,0.700066252960545,-0.2164528803402046,2.4765516474958456,1.355928116518351,3.849620603268976,3.594888552993898,0.86938711014501,2.89631049428103,1.591731301223735,2.33053334018368,3.497993172453093,2.8137693188277635,1.6900365194336844,2.9337798806985433,2.774425925819585,3.451230014179347,3.114065152372798,3.7229104359809426,5.102235123946808,5.601689361971947,5.365215159208348,6.188959067716686,3.5901584125602133,2.2299129404020346,6.399736644564874,3.8454980122828184,3.074413830017196,3.7342484835719505,6.226214084918262,2.8541980382621097,1.6789381756186827,2.5707121681291696,3.3437419233482233,3.981084301630467,4.4743834496368065,1.3536753821259242,2.142053531139659,2.315098609935727,3.2579163000571256,1.2964856801747247,1.3769357134517715,0.05459875377683604,2.3652840847252787,1.5401419083538017,2.747375001800826,1.636563112451627,1.401488886232254,2.487271115568259,3.2278658305114583,0.15912863745225617,1.3324676219867027,2.710039070941235,0.9493325118017152,2.5562263359425312,0.26778039535654935,0.9119786222326923,1.4961071005474715,1.7925446830021614,0.6274551526038388,1.4623947521605634,1.410672449543842,2.2752879131602493,0.5159245169263398,1.5417039852220211,2.3194749625848536,1.733137729637108,1.0259470706939564
48,0.3200941645777,1.3733643128940765,-0.7071163387871273,-0.23504999676947314,1.8668358779350724,0.29986405688350976,0.231150457008922,0.5633396583736255,1.3622163953478867,1.331782008535242,2.220085749468968,1.6390440497539727,4.197386641365647,1.103370807369101,2.162353945989836,3.7229355642967477,1.675581014054507,2.2196353369727024,3.9042008428619424,0.22339248507891052,3.060634503644679,2.7275781914996076,4.592843146898904,1.9648333000371543,3.4978698936768455,4.394051798595447,3.371291500952598,4.440159342191624,2.4520072056672433,4.364008590081374,1.0684066333970135,1.3024627403055349,4.306945336521169,1.8012479271388515,2.2665092240994937,-2.015059342711351,-0.7643091004749534,-0.10145223661632297,2.2178468392274997,0.3792587024667702,0.33634607928407384,2.6365601039154427,0.7802349676032163,1.130346385967136,0.7498952827859503,0.299270395880662,1.5463812363104998,-0.30947663299120365,-0.7637384962356015,-0.726493465067704,3.738774017200325,-0.5514777730199109,0.897605944238212,3.9865175651225195,2.6599186194911675,-1.1907992177938156,1.9266036095519432,0.8864501574325682,2.0062110069836043,3.7275779919343037,3.089499803214162,3.459042700978733,2.764573446718822,3.2652072280254494,-1.0353458944008667,1.6387189532671393,2.7437723686154776,4.476449110672281,2.5664031622248364,2.018723132391311,1.70338717271334,-0.5155705834794597,1.4296157172837434,0.8679609704961446,1.1962692989967874,2.3720293811020134,1.557284608943556,3.7900880604643437,0.18023740099013774,-0.34871093672511744,1.4147660322089703,2.8009839350094765,2.4511355523772007,3.8480344073494597,1.1770955491148092,2.9616170118547216,-0.0014549983348171036,2.0440493156684028,2.7261309593124277,1.732237666904103,1.3885640778775772,3.8144328376153647,5.425722008936363,2.776742769344007,3.7211971371687778,4.977620297933427,1.3145630144778102,2.3485875857624885,4.831033480671094,5.994098062380399,2.7721010814314626,2.953884054716369,4.011986314456305,2.6561227258188067,3.657939359068507,4.120189362342252,3.9452009203393694,0.027925033268828114,2.013715754793746,0.32858680417155406,5.129035050740823,4.584966135298258,1.199633734514097,4.915164065845925,0.9298014693301329,2.1685490404348404,2.7361884592719377,0.8633280411146269,0.9304028779620858,-0.7308705089219646,1.8817840203646734,1.2183084455858633,2.669150762256579,1.1312280174691727,0.8571872046446071,2.0396955937897934,2.8462175001618824,0.005381396155860807,0.9710423362192041,2.053059900986533,0.31942154546378393,2.082106809070284,-0.3083643522669778,0.22404079128478743,1.1309904318656259,1.3968782481311048,0.2532453803879371,0.983388613397621,1.0884291828688069,1.5018613855528278,0.18906282078763603,0.9836531705036008,1.8288274653488013,1.1148939324019318,0.5805376826054837
49,0.7659568352566513,1.1335547781530007,-1.0793044213693272,-0.8644307580953325,1.3191349014342726,0.7878077682873248,-0.8994389109164396,-0.20352261820074802,0.6184559333979612,1.5253879622600115,2.343628643963408,1.0661125544259609,2.2430736327164347,1.1157434135724107,3.844617947428969,2.8372146168286227,1.786774704119751,2.2510371228956667,0.4826938152867218,1.3477261980244153,4.520278587300643,2.9404176355896965,3.1854769882174243,3.1193175024991247,2.4182849001215567,1.9297150258493527,3.1641974857065085,2.8245888646718744,2.679102152991828,2.610494190049183,3.617854726877641,1.9876708109071133,1.7542861985397316,4.005983287288116,2.5863570006363936,-2.869389994498392,-1.2400196955589395,-0.717040797297866,1.8727726777397802,0.10436989753926224,-0.5207177354014696,2.2652748708300923,0.7744147266503364,0.21773313428613722,0.9269844968327559,-0.16238300691925855,1.163245071778585,-0.7943533109746763,-0.6475350213861276,-1.0220086463378153,3.0193181223916956,-0.9022507816501171,0.7999991746755484,1.6374049359306904,1.3589030997897513,-1.3628743875821474,2.2269545519574385,1.5079334135526063,3.277039195709505,3.179340381325305,3.4958527340326038,3.384834718569426,0.525443132015587,3.1353665634742587,-0.6822835064652204,1.045673849562854,3.497014986084509,3.062335033402521,1.7898490595740326,3.980740803991711,2.9977604101072606,-0.7484299970293509,1.5088226971726413,-0.4734711002051495,0.65856373361407,1.2549830655403722,0.9163781943424507,1.8028776579789088,-0.7898464345694796,-1.0041966536258615,0.8832305558324631,0.45637851072829955,1.9701297421743829,3.0466694813416755,0.44579294640927014,1.660791017362987,0.8193858137583747,2.2313130361347526,2.6184070709863723,1.084331447657671,1.571102921063115,3.4124892698003775,2.5319622053740236,2.8877469934616937,4.335981394561467,0.8600067723656869,4.090967596024507,1.1197516458590466,0.7715145707917304,2.5627972546107443,1.6379671710957728,2.2564179542549163,4.801010199474325,4.1188752110435845,5.34099566326614,1.9265386541009817,1.3583257978778276,0.6359229458646716,1.961649603872045,1.8832750172196326,1.379025861450857,3.802705748040464,2.3291172777224247,3.543237097554634,1.9358141664971014,1.5869941227069668,2.3538625655478302,0.29921224961461956,0.3993293582846399,-1.038391629743546,1.4940225338682578,0.5737073614716794,2.1651548501317737,0.6763403547869329,0.5608579514659514,1.5347045567497486,2.372852863324009,-0.7097701839289932,0.3639470588613128,1.6239681814424383,-0.3242790889764071,1.5677804171178173,-0.6010548733667365,-0.26756397607074844,0.3789720524197888,0.8503764541840821,-0.18993539948993382,0.2571035314475192,0.6765529661931995,1.196957520558829,-0.1351919767104413,0.5395632521599895,1.5944936999111101,0.6037742541514814,0.13926986254917323
50,3.088819230071009,0.22535822925593757,-1.357362768947941,-0.6464497252895532,0.6470161562055302,-0.06721189669650346,-1.1715034625202623,-0.5880023028740676,0.056139433236231495,0.2789374012202153,1.0876436364702948,-0.007581100996731482,2.0596466951942327,3.189721771957998,2.0229218870299484,1.977880930212199,1.5771376217671786,0.6687950966795466,1.3349213840469152,0.2325321163009313,3.3478787173807505,1.3622421901990212,-0.2846614111726423,1.6397485271847856,3.1624605047416776,2.8760575840373033,2.8894615947180733,2.454365991798248,1.1863409876564623,2.0485887626737878,2.3496129320379784,1.2067474141417212,3.4010699665228463,3.090870993458653,0.4194182406306304,-2.862823974348309,-1.6999468736383387,-1.110248765723742,1.9407794017993711,0.32599338485796403,-0.6040493913645462,1.7243729921423558,0.7724730638297452,-0.338286715795384,0.7051922976085121,-0.2998452860886269,0.9970985211996151,-1.0024521365006511,-0.9718599043343554,-1.394751520394298,2.960809277001987,-0.45883805409925293,-1.1379855543657769,2.3159103604534765,2.1105135195145377,-2.106534423884608,1.2337665002438882,1.3267544123248474,1.8239312868795057,2.084108011744947,1.8839595323092708,1.24109428266416,1.347386207952941,1.7132379728572766,-0.7642463643669959,2.545940516031965,2.838523219519876,1.996214515082099,2.0626207851635714,2.2358796728543338,2.1497302795638413,0.4399256060808059,0.7045641305547703,-0.9970230125176026,0.736137874462137,0.7149344292499773,0.15203253665454963,1.2600199811735924,-0.5112691130673268,-0.802911574161373,0.28009028792415414,0.8618117275952325,3.108620859211468,1.254281833210504,-0.3333369538128365,2.9734961624079954,0.15935490178533573,1.7725901523221528,1.8373955042792955,1.8172687053035779,1.0660013612636254,2.1201447000737557,3.1437694430555214,1.4724372824055385,4.951688788390422,3.163843929124804,1.8751728674560164,3.5192158469504338,0.9871741805452208,2.247292190694293,4.6485967446759116,0.4122830871271231,0.942408786908035,1.5894383610500258,4.358157436913981,5.069181894020382,4.593077824192935,2.4781482658167726,-0.04880347883318514,0.5730652843668804,-0.250011813830043,1.6621249932382547,1.6427345718986432,2.311354108241064,3.3072034061933686,3.5085074308918367,3.078514848086999,-0.4150973001981805,-0.08346821681388525,-1.508364736218841,1.1434713056465506,0.33598056138264665,1.5310186084096988,0.23419550137581724,0.03115813007998383,1.0578414155578924,1.5968126828907931,-0.7731458135387468,-0.10128515746259209,0.8137930871607435,-0.9344635035621042,1.1216016009755616,-1.3289203849584859,-0.8537612199316202,0.020811298675811375,0.38868642590874636,-0.6677404004384374,-0.41690290651501294,0.15841286794812054,0.6820470722544435,-0.6869442272686882,-0.19676812957694395,1.1391302222579907,0.24716941219868188,-0.10574112445669497
51,1.3703822551399016,0.15659609307333983,-1.3711492760381163,-0.9767012667079042,0.2688471205534284,0.023718872105900735,-1.1126969124002837,-1.232418692959267,-0.13003567084202383,0.11287014974313847,1.5813112737093835,-0.1791126265996742,0.6292112535881752,2.506736733692341,1.179344385113319,0.9359246873411143,0.591618487877589,0.9628528487063344,1.2144985208809282,1.3194185944600676,3.231138422273027,3.2559929798328118,1.1497157732484427,-0.5612092212248974,-0.34294242501782346,0.60321739355277,1.925307598080333,0.21901360108196655,0.3710101082179995,1.5103182271201114,1.8837748525064897,0.2945233608658393,2.3681582628849718,2.3547047508816177,2.1631380181485502,-3.1304423384190567,-1.877453061815341,-1.5597382812194989,1.232340191813758,0.0264241375516929,-1.5655861285406965,1.8615058527608264,0.37884908831095865,-0.49524956505491297,0.677774748220183,-0.3403890203717035,0.7107508210469619,-1.4262104797798476,-1.0981800443344423,-1.5237872702093416,2.362537621226237,-0.6672894724664484,0.19491744088928975,2.5590616463797216,0.5550947205724035,-2.8543605448604534,-0.6929771938115389,1.036946059780537,0.7588692108603479,0.5898856806041118,2.510293540696126,1.4864655134366636,2.376581999965895,0.20875485897303908,-0.3166298724496128,-0.1144909187953308,1.9911561223037197,3.6384958760670285,1.59893454559174,1.5673710808995849,1.448018476513533,-0.21680496098366775,0.33627798504676365,-0.25351791148021174,-0.11685745837729189,1.415265827487199,0.05536855154053577,0.5511151803763237,-1.3156004858462762,-1.9234348719922765,0.9345665312540419,0.834634288043232,2.556931620941655,1.691946790515879,-0.7813686456006517,2.5993680004970843,0.4557272498629996,0.9312086291416874,1.5601534834498665,1.6181927777072427,-0.1722528346996831,2.3139693596452906,4.053457131361392,3.5371246663561413,2.2252139029259794,-0.4367000168418712,3.029705761520272,0.6219991202729667,2.848629656489551,2.569710667510737,2.5152688994602057,3.854383514637484,1.1065173573362062,1.2481547826026886,0.6008419514173471,3.24076910918541,4.673628610147316,1.8703547982649424,-0.17447117500562614,3.0787837558046975,-0.7057797564412129,0.7254081364052363,0.18812389373303395,3.1669842347306676,1.5761326966318978,1.2721086552524783,0.7706755937772616,-0.7983709843404057,-0.39155352349337874,-1.7389992284435154,0.430966540546193,0.11618852344686445,1.3308734405389941,-0.4059088707775471,-0.29675824191368816,0.5895021642667493,1.1340892246242973,-1.3609639232278317,-0.3956546164743099,0.396495465780424,-1.4103733738482644,0.7901707936217894,-1.6462175902501457,-0.9784970072581093,-0.18953040951278075,0.014342166108925386,-1.4392666174677253,-0.7442892979096896,-0.18695802974797504,0.29302208194171275,-0.9616160651463506,-0.6554753422808665,0.3928039027464194,-0.6926065603946095,-0.39958859650824446
52,0.0004934901204389774,-0.21827729357963677,-1.5680335918663775,-1.2908187077522557,-0.3816872669089167,-0.8348916820920539,-1.3774545346459732,-1.2251552176756635,-0.5704882814435781,-0.6176184090683868,0.9091035551823641,-0.4296354018705624,2.927951124501668,-0.1534281901627469,2.541308180921371,3.468627175945328,2.1044355700408324,0.19941517595157343,-1.2479182685075192,-0.37216191767852114,0.17560539054889882,3.0055625109875383,1.7070350549848454,0.4740808180181677,-1.0549237218151917,-0.016775894082016185,1.6931945953694751,-0.7233786019927706,1.363886908524302,2.0055021320671327,-0.15518983583356483,1.5978009530800064,0.5419598968232924,-1.5669806869528808,0.9037688369715018,-3.6990876501977974,-1.9651994479387576,-1.979568464778578,0.7025669608879243,0.3104547892880879,-1.658135257032507,1.4539792417739368,-0.002361011031387583,-1.0685410808918951,0.5796672395938335,-0.22872568975417595,0.3663435830498861,-1.468477801737961,-1.0019172616952225,-1.6230489747156438,2.4268777849886125,-0.5483018587589834,-0.2205069686503196,1.7312541312806906,0.8320536141189676,-1.6221803648646858,-1.4137460935338657,2.5559912411421934,0.7144779392082131,0.12340867318112322,0.8782591207290436,1.8720360325201018,1.0737449396540675,1.4192763891173517,-1.4437260175216342,-0.6210794718431267,1.5060755115331224,2.3382602867742817,0.7167215676176362,1.8724113845487178,-0.2389220635784866,-1.5192737140118964,-0.921559106042103,-1.3251739932720275,-0.39817449292102625,0.009411113459850518,-1.68623400685193,1.3504035923886397,-0.9323657665589693,-1.3759152196324038,-0.320518971829876,-0.8526811366090339,1.0754290811828189,1.334001362736058,0.2627307822171834,0.8628364803163355,0.43057871438477835,-0.20837448333374065,1.2500926377141997,-0.15358490506961475,-0.8468361107932834,1.0621557971357927,2.6397881287277385,-0.4964812922730557,0.9204665283141342,0.08448433801067945,2.0082111891367016,1.7222464076746777,1.6728325367703074,3.4581034052964688,1.2194334087792167,1.0382034459763707,3.4884937440453676,0.45120205116229184,-0.3937449302246071,2.589175853953194,1.6260680951130022,-0.3533165435098975,0.9673592322274134,2.0916831052260707,2.7390961915437244,1.065677331322862,3.5165558046402348,0.5884845188258225,1.3818247368334962,1.2329646447183473,-0.8971018816769827,-1.3522996022126854,-0.8852178287549108,-2.5757515930924284,-0.08391922236328146,-0.062332694111259856,0.8053636861698179,-1.052819608612409,-0.7120900847590175,-0.019281665562855016,0.9446472450395584,-1.6421438044831782,-0.7070584373496318,-0.2113883780268125,-1.8610298888850723,0.32006957280155557,-2.311377143236981,-1.5565600275960259,-0.361421971240509,-0.7180084877031655,-1.7787360233282343,-1.5209239047295868,-0.7167111644480775,0.02977130080696766,-1.31277381419679,-1.388945536480142,-0.03722962754328485,-1.0553193366295857,-0.34356819813741324
53,-0.6877823422588187,-0.6330664754183325,-1.9801366030153393,-1.2948417733047473,-0.5615173827983975,-1.2298755339976397,-1.639119815543532,-1.8104188673058088,-0.8724416380256653,-0.6241842949880975,0.21958592094071627,-1.2399919656664475,-0.06879192420626701,1.743190529493068,0.8685815497622489,1.6045366948291913,-0.10190529106495405,-0.36596060994472124,1.4893156319877523,-1.9656806298069305,1.8301692474217215,2.5252854293533797,-0.8180681503583256,-0.7895364288318034,1.4307454104019541,-0.025985994618858754,1.2847506212077455,-0.6836292412137366,-1.0312252760178529,0.47991098184198755,-2.0633492335874193,-1.1269880223385926,-1.8832659500377333,0.14380088570104554,-1.7353704400792884,-3.979911362777096,-2.4168677372190257,-2.26937019762235,0.5344955387060204,-0.20183296157119718,-2.4296609770736532,0.8697620420779139,-0.2008964138623195,-1.8795716200319592,0.3561309729177673,-0.5236627262739058,0.5517224583859491,-2.0323245618283408,-1.5433847901741282,-1.9142810371246473,2.084558832368372,-1.4540704803403335,-0.015368489700628318,0.4724233292771365,1.3154921328471918,-2.037679906398978,-2.412368537420564,0.3975220106287061,-0.0656423763217755,1.0348572366164603,0.6177571104759398,0.3761396395901253,0.30291727472332663,0.7531797258533353,-2.402450246964659,0.4492611457129523,1.9789301019576404,1.1862905831294155,0.4603698665942717,-0.2686584496203645,0.6830727483557812,-1.568010696240583,-1.6953034071819981,-2.5074320012960847,-1.995936571187151,-0.31061098199370984,-0.36455966864889366,1.4369416382122595,-2.900819177782301,-2.4214813954063885,0.4128134290778036,-0.8355821776458942,0.045404571152383444,1.1472077783367414,-0.8389527637725495,1.0195890320706407,-0.8333750642587927,-1.2408026208965626,1.1741261962931457,-0.4063860340100326,-0.24421216389349265,1.262020784422078,3.3122835371605905,2.67185707680695,2.4345907631406707,1.249631000552025,0.3138387068266226,1.6223133485452537,-0.9032828640664096,1.4850441808631256,2.5822392840429944,-0.8514863921542194,2.427198759414335,-0.8548281746059154,2.0280157785763535,-0.8006189911601582,2.317871562266227,0.7336366909635346,1.3327590926902586,1.096710058111277,0.2381623904331276,-0.060706346233535324,-0.40603309212010674,2.092956766052697,3.0802608631753374,-0.6680190587883732,0.13788069327258912,-2.2405883081530957,-1.6826240268726398,-2.778269274259153,-0.2709908957750524,-0.5783065746489602,0.40224057147960385,-1.5652546195917378,-0.9892172848625445,-0.2905802720439337,0.36033267934100177,-1.9382648283514543,-1.2475532299055245,-0.7022479719892447,-2.36593780918738,-0.01612274795433366,-2.671168049318566,-2.0052957634410635,-0.6833476953069302,-0.9491415884291156,-2.4319301035974696,-2.1346248983397667,-1.0538337653138186,-0.6247900873605003,-1.4306995915272929,-1.9639860225350303,-0.47309224897065116,-1.4921880314716036,-0.8141300728475684
54,0.3231985368952861,-1.0781935937739608,-2.152028949571487,-1.2774239349342247,-1.3018753403886403,-1.5361734419460003,-2.5287002611132388,-2.146018369250501,-1.6406466175973642,-1.4384429495845223,-0.8417472828740221,-1.901422226439613,1.362450108339788,-1.9518501411430955,1.6620014202760176,2.531058712210476,-1.9370179904320701,-0.8331118553841477,-0.7827335279332412,-1.5891414684549594,0.5512418662244991,1.7710016263687272,-1.7707672499764073,0.3556309147729495,0.5675036616437641,-0.6539437770371861,-0.8240056837663654,-0.9312376932839734,0.06396374443421848,-0.30066056874291647,-1.6048243622651404,0.15894764596280408,0.8258481842351681,0.3509792669449938,1.630885027026352e-08,-4.258626865991536,-2.6017703131583128,-2.7214387362803594,0.25609929121465036,-0.02076212817664147,-2.9127006227263403,0.6977317806461725,-0.2772249928929861,-2.1762024878081565,0.2309079436010737,-1.013029026407463,0.054779620108984795,-2.1590923974610963,-1.6884940709326206,-2.5780241999523463,1.417071839879804,-2.7428151276499957,-2.133569651042694,-0.393304213692935,1.1966997236196029,-3.7233545733831606,-0.677130234560559,1.3146142919573225,0.49552346977649353,0.4348526791360374,2.2749998578514834,-0.27809548416303076,0.9111881239497958,1.1430807337607025,-2.9089434658862428,0.2562008563844338,0.7720189891170761,0.7352653297723859,0.18176942244527772,-0.4976652254384801,-1.7044906725662237,-1.3633293875725525,-1.1833784750181382,-2.9222828702508776,-2.4944739037537604,-1.2500426976493189,-2.377807032336607,-0.34462441393020915,-2.8211061580614905,-2.1552743141988993,-0.6470213516187701,-1.020472554226075,-0.2882367137345029,0.09088352859782245,-0.2694616781123862,-0.10066403796941947,-1.3250448683028768,-1.141774647618032,0.47586311827774375,-0.9940598724666326,-0.6148583471615494,0.7008438074394852,0.05375218087463618,-0.9008245473197332,2.115319883193722,2.246133256505207,2.30150233315838,0.3322673674440242,-0.3361717997630058,3.0176701974920794,1.368563960483344,-1.8319474785579537,-1.4956625860069421,-1.0509444266033354,1.5403966379922327,2.782931351306374,-0.556243136083514,1.5952234000642358,2.2413117239882565,-0.5426685314124522,1.3783153932241774,-0.8093355683871812,0.18214688129691847,1.670609971997476,-1.3225552916801337,-0.9536365791954817,-0.072948538717446,-2.475846527456299,-2.1396307521452136,-3.2958058747672516,-1.0344669393976371,-0.7583450186772418,-0.1381298684944102,-1.8989149353487766,-1.1771973319336946,-0.8694286554896165,-0.3707503880765746,-2.305061453754057,-1.4573562810622174,-1.3651556501996474,-2.8041772297169296,-0.4826836796074477,-3.076299495731299,-2.6802197676310398,-1.1018835275765515,-1.6297335110809974,-2.7433021003280107,-2.6267018930845563,-1.8123333120401148,-1.1095470678647592,-1.814656977548582,-2.4824690218515517,-1.0354977887111882,-2.252582888269189,-1.0101007715429513
55,-2.3004468720664595,-1.663809974439211,-2.1067662103001727,-1.761781410194861,-2.0927589625244596,-1.28616117709753,-2.456358671124188,-2.3063531141244002,-2.2834933057888365,-1.3702054490945494,-0.5008278203977077,-2.9032888303232456,0.17448327140459496,-1.1154295770354314,-0.7271692120155269,0.2940370360780227,-1.3888509649577774,-0.8285531512733852,-2.3352386676495147,-3.1903696873102474,-0.19534015059724452,1.2886656154733025,-2.906649486027865,0.4720366890315062,-1.1771344785277953,-2.010151693199414,-1.4619711484372613,-1.9655398905108403,-2.4791720728319424,-1.9138694606823008,-3.390232540474762,-2.4338879448581077,-0.6047036546294309,-2.7125402027939156,-3.3517388422488055,-4.394815817208326,-2.7033357614517253,-3.382239364333981,-0.5852325053704969,-0.2359180899095164,-3.404027989607769,0.6455085535104166,-0.01537246588888197,-2.9869683800108016,-0.051146517916248024,-1.0537978669004568,-0.3159063599134672,-2.699161650140625,-1.589743074923244,-2.8525950291510234,1.3747652869995683,-2.4664868611001567,-1.18807762078672,1.1512212421564183,0.16760171996476902,-3.1404444513903087,-2.795254175238603,0.2607104091796546,1.5975842920384788,-0.9969481455131739,0.6019914912823771,-0.8931433010798651,-0.49999554438782046,-1.2630008284348857,-1.1449948361220779,-0.4160691131656251,0.6146666394042697,1.914325539735893,-2.0259961579989882,-1.2625657130557495,-2.1759277944718067,-1.476032405913481,-2.481886912280359,-2.9690986412305205,-3.0187528499544234,-1.2996004397552046,-1.1938749288394248,-1.0507250123030878,-1.8010366034673484,-2.3544016865912516,-1.6154470491490347,-0.8453593347586155,0.36604251484932493,0.12597849120654026,-1.0357479006962247,-1.139888995974759,-1.0164284968552226,-1.1885725799987696,-0.3917656570962572,-1.558219756899799,-2.3370798190852407,-0.7714755168735346,2.205895272997723,-0.041264441493557236,-0.9994737502798687,1.7176302373607868,0.0942711338671991,0.5934436409386712,-1.233247566298389,0.7934585398706449,-2.1476629627496058,-0.7954616723978054,1.3471690091183723,0.5812353499437015,0.1260939032075865,-1.650921483298283,0.9609106062001465,-1.7808743079763465,0.2045969775582801,-1.9148144755947956,-2.592818109192354,-2.754378154533177,-1.514328163337278,1.5757580157974056,-1.9058618824378084,-0.7580907365346414,-0.1269899683671838,-3.2415308645082668,-2.355278399395814,-3.4668627244146175,-1.6047888243668977,-1.1108925609083906,-0.736641032836699,-2.5960532027987053,-1.4993105829548303,-1.4680384362367076,-0.6192462035237953,-2.4011912512664404,-1.9487477324524458,-1.8579254106169292,-3.4297906232159834,-1.1611549403241113,-3.2206899177101485,-2.7203726696997848,-1.7095605308367023,-1.9294061455553613,-3.2195510373898495,-3.147285016421037,-2.0761121121301462,-1.4718593908337967,-2.383747739041563,-2.825395987355136,-1.7625032787344705,-2.8697382093358477,-1.565985924373226
56,0.5792182075999661,-1.875129519736631,-2.2674694888516376,-2.0456310541722424,-2.608298628806805,-2.050374229104079,-3.673838242555497,-3.0219584701886264,-2.539659281105817,-2.0739670546551645,-1.1011696074265642,-2.6791151428917486,0.8614943178052887,-1.4360704434484017,-0.698217988042972,1.126330125243205,-0.9211175218838306,-3.121095963014935,-2.795756847513509,-0.819889571273205,-1.5070231890845884,-0.18947859667817957,-2.5099019926469137,-1.9250388142361268,-3.109950746113284,-3.7992894288306363,-2.0981774212601394,-2.639177451795182,-0.9308933294360524,-0.5278888331997553,-2.025893975046927,-0.37652415164034414,-0.8705837596773724,-3.8377248897342975,-2.1364311247204326,-4.1197345482567,-3.058911395593953,-3.620596416754807,-0.9687116928134137,-0.32341129437863947,-4.019282824808304,-0.06243938329632767,-0.5853199595719525,-3.272578873617991,-0.27135907057965225,-1.4478121389724763,-0.4563327869998343,-2.6373199311234563,-1.9015367235675824,-2.7058330781599738,0.9666591016735981,-2.1501832755827492,0.07911544799251224,0.22176679776174923,-1.1556930412365007,-2.044343480117008,-2.9189179832838676,0.9715440599136236,1.2821546609127787,0.18053677211972796,-0.04439783258281163,-1.3723676853695626,-0.003857256869698178,-0.6058360380876984,-2.7955860965275887,-2.0103112834109087,-0.9071950659479149,-0.43578315627606334,-2.7706353197389575,0.7026767972099739,-2.655184924929891,-2.089232375570094,-1.2413740732130556,-2.1075840992081147,-3.321659539396893,-1.7816831089587133,-2.6370045890402967,-1.1302515991918844,-3.127693531811878,-2.3108583147792823,-1.5541791814429409,-2.387263931310919,0.408277379067147,-0.4229746704886741,-1.1375489984965717,0.04493150005160107,-2.2245842366999575,-1.798787225559528,-0.9269711635961176,-1.8102584568685738,-1.9977499951348558,-0.37718277265820976,1.8401236333258386,1.0395259249240603,-1.6064873685460863,0.8029361425176007,-1.0963428476586143,0.6062831797214598,-0.9343628795943619,-0.999715704008969,1.454826374481197,0.7045554684821176,0.3355570156347043,-0.2269668235244242,0.1797964402563017,0.9243416204748125,1.7174149756785795,-3.29103659197637,0.6172778154438463,-3.614426335977633,-2.3310436126072247,-3.3014285489185555,0.7976483859563928,-1.0765290866898436,-2.1363885708543986,0.3408974533469813,-1.336259396152165,-3.5115239027062977,-3.0493583634244907,-4.111648280472334,-2.106205290739919,-1.106539349672776,-1.155741868835252,-2.7977840618042333,-2.0943286157266456,-1.9991854586311206,-1.069557133825431,-2.801719778634865,-2.2280177231000797,-2.285164373818662,-4.0895070352160845,-1.420276551124633,-3.697129925896831,-3.471609891783051,-2.078359503093585,-2.576529321982765,-3.7248435526806585,-3.6938519668385634,-2.4013730432850426,-2.0573392665565673,-2.712514005531338,-3.156878587868794,-2.2339329281551694,-3.247218488485146,-1.7466147473513944
57,-3.553393937920846,-2.4242248498546233,-2.324376361704863,-1.751832969576262,-3.0372353477893537,-2.0148372554074,-3.675847624959261,-3.1407505046060846,-2.1464218114150952,-2.715754722030648,-1.8746089953953848,-3.0087604576933336,-0.5475137782273891,-1.0698686274677658,-0.15743661065844705,-1.6226515821812137,-3.075262766768272,-2.1335363317239735,-1.456301772206694,-4.05898950942098,-0.29241279010729215,-1.5375148803780108,-3.1462476173910163,-2.4643470518003814,-2.2002048095993834,-1.7056963925374373,-3.736947776366186,-1.9081132074853393,-2.294059418690089,-4.054986378999043,-0.7784693668812754,-2.199263724784489,-4.12409534773524,-3.255793362149837,-3.9022427645014015,-4.6427408923599325,-3.1754415703739953,-3.9117434290255453,-0.9979209112895567,-0.2766337911974791,-3.81684664357345,-0.2140798948263533,-0.5383340552496096,-3.8748149611778673,-0.5676017516359534,-1.125296659710874,-0.9338051502655216,-3.2899954527863593,-1.7820518150048197,-3.037906296784811,0.5777869780473783,-1.3838974693041108,-0.3438967281956833,-0.10039097226689009,-1.4203504360542023,-3.529362741464067,-4.174401143150495,-0.02462357227797929,0.1795249357339035,-0.24646163057797477,1.0414575295104558,-0.5443252889230781,0.22841925306829425,-1.5664661171193583,-3.3543516508919917,-1.17125501576876,-1.499370001292565,1.0602167247071015,-1.734136887905224,-1.585133148283075,-2.250526437869795,-3.5110425513776757,-2.1362315890330437,-2.674974619045622,-3.798204752228488,-0.5600747686217722,-3.489965172524706,-1.7200616898226615,-3.1557998640999108,-2.444895744368324,-0.7143785258434181,-1.6122735014138445,-0.5968521586719036,-1.2615644188959387,-1.7349085487205964,-0.5854516501249392,-2.895168227895869,-1.6195953801971898,-0.8175455114072157,-2.235724967375632,-2.1770472036725588,-1.2723701233220632,-0.6507540645986079,0.7603380714268413,0.5466090544273503,-3.1618542308712048,-0.6713779523787458,-2.43438485224233,-0.02684206843835657,-0.692422232887282,-1.4264019800014145,0.49038503951505863,-0.8493271965337281,-0.4788963907224937,-0.67327634043437,-1.7916494749071388,-1.2923447329537188,-3.666712815392901,-3.06356506048845,0.19576107664030484,-3.6044329765279333,-2.5736650786643667,-0.8042973411214125,-0.46148767389155143,-2.3509722376261064,-1.6088971694259544,0.05786364749866024,-3.9805147646708865,-3.241533960881637,-4.209363507078245,-2.56255333615074,-1.3713002326785997,-1.44368167856255,-3.328474484307901,-2.2932194244848922,-2.462142246114488,-1.472587706028052,-2.8353498111042503,-2.321085834610006,-2.7655452556914657,-4.471662352687025,-2.133069339042825,-3.8556060448238547,-3.4639162330728244,-2.0794260474051267,-2.854416106044265,-4.273666868164488,-4.143270145498695,-2.9229202565782577,-2.2326016977930885,-3.0003529294702584,-3.7629403790818787,-2.5598904243491116,-3.678602717602611,-2.0022031268447007
58,-0.612467518399813,-2.6553723252184045,-2.849186809221582,-1.8836240233939938,-3.0045014540139077,-2.6819341791671,-3.625834302077523,-3.6178851842948134,-2.84494496777344,-2.855032427955654,-2.0722362076906102,-4.130119089096552,-0.1794503770250535,-2.650570860748601,-1.647988253613755,0.4402619390721094,-2.0123306367471345,-1.9613927401872409,-1.4134113471970715,-3.5292467559130705,-2.495411772186762,-1.1800980432816657,-1.3875690661355602,-1.2848829549537868,-4.7253112887684185,-1.9189167690726112,-1.9660766105796186,-2.5512588443809907,-3.81628667920488,-2.047900643126932,-3.705235996237306,-3.2249737750770286,-4.355493180861395,-3.107037769216702,-3.426672366359065,-4.399953073099657,-3.3736344534644984,-4.557900943269608,-1.7283373184017476,-0.27912025450950356,-4.384963862779275,-0.45694256166453007,-0.8574749950759878,-4.002346481383322,-0.5295406685344418,-1.6268316558549525,-1.1721402294503722,-3.2659459641457307,-1.9322700029887019,-3.330672993959239,-0.07914330669107972,-1.7236975844888456,-1.6737313437306938,0.1636818991631701,-0.49324621282799974,-2.576600487747903,-4.715905265686469,1.6453134741243645,-0.10152275809031974,-1.534110232277779,0.31250990532297407,-0.8091306628806576,1.2215969787743222,-0.7931123820422235,-3.7247044085018377,-2.6385879835059303,-2.77409573947938,0.19794010678325402,-1.7479396235171163,-1.8433963666482434,-1.978707207676511,-3.69659993991746,-3.056248491654634,-2.7429091363229046,-3.8983036988696402,-1.6748742185899474,-3.277984497451598,-1.2352486085375018,-4.50739508589969,-4.143897965964664,-2.2338717488134994,-2.984190570664455,-1.956862834806058,-1.8639546916072753,-2.710616862373458,-1.5919320275526265,-1.772761339428122,-3.143566707499309,-1.8042106154969724,-2.7277203431571007,-3.6635807825916045,-0.996256460510307,-1.7122930748165446,0.1953978282986073,-0.9828600715324507,0.26844194727512516,-2.389932752066051,-1.2663739136936996,-3.213661824325821,0.05946792470015927,-0.6886538958310484,-0.12110610429944035,0.22413568661569627,-2.4729021299950054,-2.4870777872450245,-2.01810765165423,-0.42419169084067976,-1.778827952921393,-2.112476221239703,-1.1178471652583823,-1.7971469481341615,-0.6919321534501881,-4.380493106056449,-0.03403970778286425,0.6333957656487414,-1.4984562105401475,-0.4950379806358063,-4.320706064107385,-3.6358830720655764,-4.538903639004207,-2.773675105985845,-1.8331332220718275,-1.7057876333111273,-3.7137947167560235,-2.4415594720332727,-2.9169019663259768,-1.9321035882781208,-3.3458433161792502,-2.7987354598245844,-3.5252326993604752,-4.770068310245176,-2.3502949315689925,-4.169603036226597,-3.8489494764643446,-2.3243963243920387,-3.277909692122249,-4.342437875329738,-4.4082214718282495,-2.997217403675881,-2.5457439162032554,-2.98942973584938,-3.967258663753523,-2.969456820057098,-4.082239506382032,-2.1341614469092387
59,-0.20012521810696526,-2.95458015697174,-2.807139979327467,-2.2078349711299845,-3.6513204425043435,-2.7427822892191713,-4.589207050456578,-4.2881297773306475,-3.4131062956214437,-3.376496837065264,-3.207102147019225,-4.08165139509637,-1.734155978066261,-3.4043796122738175,-0.46942393787543457,-2.788543724280802,-3.9065501294152853,-2.5415889093107165,-1.474056046385218,-3.541783971247237,-0.05433816715486062,-1.7967639216570384,-4.906507704029083,-4.607703836993646,-5.045796158662632,-2.0332731897533196,-3.882216856622726,-2.4925926117222477,-4.132928812922103,-3.9690324475345675,-2.4955980519402994,-2.292787474589583,-4.424384148125767,-1.8643746264989307,-5.178356789325429,-4.429086155553549,-3.641898621258201,-4.746357427560567,-1.990407865759823,-0.36944298944976406,-4.782523675120307,-0.9218204676580934,-0.5906028235442254,-4.208454934717337,-0.5739979235854293,-1.319301797865511,-1.4925930162966068,-3.732075046864863,-1.8100876241407482,-3.102418096330566,-0.2931861200275342,-3.032090175579601,-2.0446670529697366,-1.4165748921137473,-2.0833505593916897,-4.238414793814911,-4.239780747245423,1.0300601610877735,0.11285522928303648,-0.7557133331997989,1.1128165807018955,-0.936567036899544,0.9872130248066773,-0.3312079643395669,-3.8211342284135092,-2.301179247859325,-1.3985445019891847,-0.37939922591659125,-2.908876895777816,-2.6351919610057366,-3.5349480093928314,-2.1917664760597946,-3.780794343967549,-3.9226972334242802,-3.2133275226183793,-2.312942339450796,-3.121754436994648,-1.9637756774429944,-3.754814915914668,-4.289834255152665,-0.7363624424704729,-2.052832095232006,-1.9417535910908454,-1.7683691761434672,-1.3008709585151406,-1.7349802646518124,-2.9627979453007023,-2.608496187134552,-1.934564364516523,-2.212900361061693,-3.8292828979969733,-2.652729302079135,0.8928722093472579,-4.06556476742613,0.42791155825497285,-3.7133553899318184,-1.6798914953406325,-3.7346313412742345,-4.095376258166468,-2.7437933716181635,-3.1331059487323247,-2.349980566373555,-1.815655943742891,-1.3686906646366488,-2.5693809501508875,0.3502049076288083,-1.0451701877331838,-1.8757352432007157,-2.1856850543871915,-3.7117956912134664,-2.9176190499281307,-4.728384685701404,-3.9163674875322902,-3.72616350923635,-3.027511252561728,-1.9401152714592027,-1.7270135619768947,-4.87805528884414,-4.087876540452289,-4.796499064958501,-3.1397957263347016,-2.1985296042108797,-2.3054284022830775,-4.045872116065869,-3.0711606465765167,-3.3466352908481642,-2.6310208394759442,-3.3060093945233646,-3.059573949988614,-3.8020385804259376,-5.07413479968582,-2.9187498585918443,-4.5447052015485765,-4.168362853714131,-2.6698431125689446,-3.6775951010510948,-4.684538157081566,-4.887490517370797,-3.3426755410792586,-3.2168080600825353,-3.2084340863715766,-4.535085110298925,-3.3588338507372315,-4.686022563432233,-2.2531220818628035
60,-3.016499032889186,-3.794115786683234,-2.587715373164171,-1.8602623391108946,-3.9975442523899942,-3.558576676028258,-4.760213618726342,-4.529168934112599,-3.521224972243041,-3.743832339475735,-3.44570685980651,-4.757513889833186,-3.057413209860667,-2.652380903143127,-1.2985992179047599,-2.1766260933956323,-2.7533846141243563,-2.73335087807854,-2.6602763951351065,-4.429723430547182,-2.94016853318052,-2.943722430658929,-3.327788214763816,-3.6186380259463498,-2.679053028396481,-2.754495092991265,-2.0879759362861714,-3.7806342649429583,-3.486080065799397,-3.567752784804082,-4.47855580183989,-3.834420308941551,-2.821691078236371,-1.9456461114605768,-3.374876949264936,-4.444593281234995,-3.3936776054692896,-4.948806517926232,-2.346585777107315,-0.3426539327722199,-4.965592925488585,-1.2396088603999855,-0.6845043114570972,-4.558918849922323,-0.5295032149615138,-1.566098872296036,-1.479448132814122,-3.690478458211253,-1.7958442195539293,-3.432882505363212,-0.9486638958486175,-1.671313788015361,-2.3129490508602353,-2.6873301237616705,-1.0871272356468982,-3.144660158956333,-2.9717207065201077,0.7784222232310276,0.2599911215556512,-1.815398340715541,-0.5197175811194104,-2.8007510589229296,-0.1560161093824124,-2.841507818411904,-2.7260109250837825,-4.9802535742993825,-2.04394057180209,-0.45154510127469516,-2.4004967056958497,-2.9797993271781937,-4.460547927896176,-3.024133551177213,-2.2121150559233476,-4.474846177929845,-3.966952817304078,-3.0096799323958514,-3.9700189033642452,-2.561612877122312,-3.5261172641528677,-3.1267912031276586,-2.4446286101551182,-2.0387845049624937,-2.704311350784847,-2.8387360921104685,-2.3430541669535954,-2.9640383573936817,-2.8524973220187615,-2.9478101635731186,-2.544770476513937,-2.6185913335028412,-3.7850624491402654,-1.1828962675759467,-2.8644898495874456,-4.688378566307757,-2.8188464142410967,-1.8386076392147954,-4.988455979413072,-0.20726879705506907,-3.2079275820612607,-2.698001952835856,-4.013696511565545,-0.7486937448321616,-1.7957735095021201,-0.12412220970053411,-2.9965325022705898,-0.3223806074112021,-1.7003979599447567,-4.3627954887120834,-0.30035618156239874,-2.354532182746086,-4.14784309916881,-2.6369337984460772,-1.2855546791035541,-4.090079250848881,-1.699656869165378,-2.1020047980045407,-4.289237422388949,-5.2069044769744455,-4.596083646537638,-4.899473311644121,-3.710358417342054,-2.2673787875313196,-2.5911230380906605,-4.430714541398478,-3.1870329728337974,-3.5082462018979417,-3.094742249206166,-3.545218374333402,-3.1129965390896284,-4.244903817434315,-5.394301536627477,-3.2909558173795985,-4.820663880786006,-4.273681793282314,-3.137983125365539,-3.7523244845527213,-5.1499701703176255,-5.2926633149620566,-3.787207448568239,-3.23056498493473,-3.2689987764119826,-4.873605552025959,-4.134573786704073,-5.183588917607559,-2.447951330444074
61,-3.948792442272315,-3.5901893908261586,-2.4042201878923,-1.772194101157833,-4.244403636988463,-3.4590739906639767,-4.483461916651276,-4.503543287844179,-2.9950820706383157,-3.5994081585534383,-3.0951519060304857,-5.421625203138202,-2.3637929374876965,-4.611108773826844,-2.837076044852637,-0.287036702019245,-2.1140433271647474,-2.5620913719815546,-4.073387258291909,-3.151659310703588,-2.3042611509441997,-1.8938313811951393,-3.0428459990932217,-4.166267544119026,-3.2373097207833683,-5.031762378753799,-2.198513377834818,-5.580206228096332,-3.5237143611132913,-2.4040305172863867,-3.19260084218864,-4.131252112598833,-4.162266818484047,-2.9707602181942594,-5.322255843118782,-4.5684748629555685,-3.590985899282956,-5.365999599493827,-2.5467481725388894,-0.43476714658837096,-4.967299267012862,-1.7615353203979516,-0.8212731541055783,-5.070946578186118,-0.6195674893583636,-1.8423057723213903,-1.792044915327825,-4.014220590783655,-1.6307338572555228,-3.539923409038877,-1.5116091154932703,-3.45230351124628,-2.528656896299026,-2.589638508023602,-1.5707917262986348,-3.605884879869075,-5.525890506783944,-0.641729321163403,-0.35973005884197207,-2.1082568837901325,-0.5721344787222122,-2.0353665265306855,-0.1508911084924236,-3.0455947396584184,-1.612665822671672,-2.7720624511128125,-2.8182075889419007,-1.417824088964349,-3.2338385440738304,-1.9983475194723386,-4.25507333048683,-2.585824141067714,-3.2677353785049217,-3.6559807615306874,-3.2230175419148583,-2.1242605095077587,-3.4832961652226384,-2.151724175081766,-3.5026447470646564,-3.530832891863204,-1.546291259206167,-3.781631998849431,-1.8387105994905757,-3.8900355927302015,-1.637458354170397,-2.8863191343482235,-2.9168182151876727,-3.3737957763699375,-2.408344201829345,-4.011545106126712,-4.439669395571947,-2.232234835225463,-2.478531705957131,-3.5164403384406278,-2.066669982142019,-3.6045791192922527,-3.369070935908556,-0.7348273093314721,-2.4394565090635543,-0.3448110444372645,-1.6628876342384022,-2.160694038807262,-3.4752815992336563,-0.18961102043152245,-3.1136848699173227,-2.4677283785957416,-2.793035267896925,-3.701017670750942,-0.5911862403871604,-4.460074283587916,-3.6344588254765253,-3.214917361060506,-2.9160793856609413,-1.7170512040069936,-0.24252827593318926,-2.6965563869833735,-2.520199380713887,-5.472712114219184,-4.672948590783866,-4.867776722688233,-4.149118412528408,-2.4570404235504033,-2.820105747382759,-4.800221505877324,-3.4971987681619314,-3.9383963977538268,-3.51930997148049,-3.8356610378986815,-3.370620235801645,-4.591871545244966,-5.44396206200689,-3.552364567482533,-4.57148828992719,-4.538658474907601,-3.347602289070734,-4.151490212327551,-5.358293806484758,-5.5340972007399385,-3.9354532734192067,-3.6985771394321665,-3.583009042511619,-5.142210660533957,-4.124983542180439,-5.399660467202451,-2.544102152414353
62,-3.9346390109515177,-4.213996814044054,-2.615775075888393,-1.8890131107284804,-4.42041318670036,-3.3164635655252765,-4.687261439308753,-4.597552539058943,-3.4371303279339953,-3.915943628993551,-3.3702416872585106,-4.822846971939106,-4.359023373975386,-4.3074267868602805,-4.711552384387659,-3.3273883298339846,-4.210115442222543,-4.2790267839755405,-2.330493859395312,-4.310259739525269,-0.8547794676432252,-0.5740337038468111,-4.430858841621582,-3.497511137824058,-2.6148517095277883,-5.851359946420955,-2.972872915053543,-5.701458502929631,-3.5078566838402643,-5.346570063485437,-5.309692631946751,-3.3550066588562766,-4.665021206285207,-3.665051135239285,-3.0857091547321676,-4.341645728639199,-3.894328051588902,-5.330957812474846,-3.0287844895318554,-0.3166595817969299,-5.312610734755511,-1.610337252099892,-1.3555507992955054,-5.337279386413975,-0.7164898575731115,-1.573689836020355,-1.840926000727456,-3.9826916427506505,-1.5756339284976368,-3.33453491371905,-1.5037876360441313,-2.192978093860158,-0.9449964221073841,-3.1315211763268174,-2.19194929393507,-4.948092491737727,-3.731281445052208,0.34866363274557166,-1.5621491011535007,-2.2653460411742987,-0.7095962645110853,-2.753690509957935,0.9894593301439949,-0.6702102521879332,-3.210182667179316,-3.903830772480691,-3.0124971092748263,-3.3290418086114113,-3.399576756245523,-2.8806350498052975,-4.505595913711922,-3.170844233893755,-3.179877026008841,-4.140357177353309,-3.405986031365307,-1.8971526644381564,-3.247956401330857,-4.0842117966716565,-5.0357611496017345,-4.137830591043953,-2.3074398143651136,-2.647776729851002,-2.8259189378340706,-3.782283316624002,-2.000673468908975,-3.6865353826681946,-3.3051330082928136,-4.64492023181468,-3.230292519753603,-2.827932884095438,-4.620654446046979,-3.4591571620371195,-2.958411641681262,-0.5827382546624831,-0.6091856839614564,-3.965810726436369,-1.0874471445427272,-1.4432966873199375,-1.327452766879249,-4.387341846090134,-1.1828288006094647,-3.530622129950319,-0.4935311547268677,-1.499831387802129,-4.403343464368319,-3.3277921409652764,-1.7799392310401836,-3.4306404149607554,-0.5270894785004963,-5.81898494427,-4.166626353075341,-3.578782339122041,-3.967508419133067,-1.2346929414773542,-3.7995387985865836,-3.2740535886959155,-2.682192846522451,-5.602113108932467,-5.1035062039399985,-4.999290196326346,-4.46584122116303,-2.5062589110969857,-3.5251752645354517,-4.84159957358139,-3.5796677022519163,-4.2992317169481185,-3.70252441761943,-3.861534266753117,-3.5707264063446016,-5.058669451819511,-5.724792362734901,-3.817158072593375,-4.924821631211761,-4.869860062282766,-3.457498521709606,-4.420400583028172,-5.344528596756846,-5.920785926477779,-4.072584538397603,-3.771081573554564,-3.8547346553816078,-5.4261511701354275,-4.489927533458774,-5.56031847156576,-2.8703988792230937
63,-2.5548626546234163,-4.0428717704942985,-2.6578379062170554,-2.00870080549088,-4.7732960229892365,-3.4138152216081883,-4.390295624983784,-4.521554148558594,-3.5335140034541,-4.779072522998866,-4.035731979172645,-5.939999603181527,-1.7353486233742417,-2.528435770027508,-2.121301366955394,-1.9019937576995778,-2.0277937065127416,-5.9180194998881355,-4.529912883160288,-2.7137806833176747,-2.4570776076486016,-1.3112667195742111,-4.327677529894425,-4.140389264445055,-3.7436769211831877,-4.058621468887471,-6.08751719623546,-5.551984351987169,-5.5811276041425995,-3.4971751391545167,-3.402360741997597,-3.8625844924731085,-4.7839996446238775,-3.3018693820618834,-6.266660707495004,-4.368109944906854,-3.98077016391617,-5.6048963527053335,-3.124826217901732,-0.3353537078453722,-5.732646479188294,-1.8630640880342348,-1.0877328814972358,-5.647798036019018,-0.7665985335776558,-1.8372427459872152,-2.6161705699695093,-4.160094462919645,-1.896124076856928,-3.675624201675656,-2.148318913387687,-3.966128154739082,-0.7328238744479321,-3.208089623228479,-3.720388732270651,-4.813292829610899,-4.4098956522358534,0.28500076725807744,-2.49212637341817,-3.1531414629908374,0.6452774490263169,-2.6778115846377757,0.19913872028764734,-1.0723493805635895,-1.7468323881293193,-4.773699032641467,-3.383285498962934,-1.027473157440951,-4.090975575875594,-3.765488122525752,-3.9972003988058864,-2.6042706231847945,-3.0798289572089432,-4.426273254911056,-4.077523623021706,-2.6905107221439453,-2.6758342948988303,-4.512962208663612,-4.589552923687886,-4.822026833254098,-3.051806476134661,-4.555072586745714,-3.64619923971042,-4.54465913038085,-3.0642121630069914,-3.862084664753694,-3.528106659026333,-4.229462463131583,-2.411922377157814,-4.318124346054798,-4.170259154605626,-2.31583489396841,-1.4254016289866116,-2.517265393517314,-1.8230712416387638,-4.195701610025861,-3.1787014425643907,-3.223038233498899,-1.995581255654777,-4.368949778776789,-1.4755724984534062,-3.406263456562643,-3.9466985110565678,-0.5816960330479182,-0.9302391855338072,-3.2172952273943602,-0.7818316792855002,-3.679215210425963,-1.315549054147477,-5.457550241501344,-3.6434326854003567,-3.417380699779597,-5.911446375032878,-2.4439288317593397,-2.1879496386080817,-4.639346550180441,-4.192590384028966,-6.0000820551823955,-5.280192828662234,-4.998410467723504,-4.415964077205258,-2.7349323759802666,-3.4650564363568845,-5.220485199848874,-3.6418419509028173,-4.452343169244841,-3.881944748643226,-3.942981468478432,-3.9237137013465517,-5.333472208308958,-6.124712717733972,-4.024638417726336,-4.88067606893643,-4.9499200499314195,-3.4113655814169372,-4.931934767902889,-5.526219391277361,-5.717548773114059,-4.222642665061741,-4.3811297253746,-3.810779591136258,-5.674423684943405,-4.893465175280372,-5.753845841688179,-2.920248699668258
64,-2.370939398779065,-4.564917353013012,-2.700885581908391,-2.2648819561159272,-5.081091425999556,-4.182279581147568,-4.557498888756307,-5.18815460109682,-3.610815347224558,-4.679335690357847,-4.495093882773632,-5.429668888052307,-3.134200145511863,-3.6874279264192737,-4.737983665494701,-3.2011395193144874,-4.777596477842337,-6.097816592011745,-3.03434075652744,-3.1012349210516357,-4.153603554235619,-3.7265669994869066,-5.685858460714493,-2.8889665343194206,-5.656993693439606,-5.566623563025387,-3.5404542421336327,-5.505105493718203,-6.635092066842208,-6.267828335082038,-5.487449696044438,-5.1404347274295095,-3.098105338539125,-6.071866463459284,-3.704973610077356,-4.297915916350587,-3.541884471148247,-5.453128653609762,-3.4644017452786717,-0.48577342782246685,-5.703095195319035,-2.4607708717723837,-1.3419103771395295,-5.857431605089008,-0.8585412282972394,-1.8259308420560356,-2.6612771362402197,-3.716820858209437,-1.7679696527730315,-3.491161640884312,-2.296403046646452,-2.55286048444864,-2.025426552887776,-1.6626405037844316,-2.165562348690057,-3.9114727017180453,-5.0242120635682195,-1.2096423409656953,-2.1217803238149884,-2.165812324798699,-0.1917359660017568,-4.875449841834957,0.46167933478735534,-1.400036333785628,-3.324105515335697,-5.063104740108166,-4.1938911493534645,-1.8857443338143072,-3.7932375201464894,-3.1044398085711973,-4.178201802943894,-2.8249761015778647,-4.596428144517832,-3.0763672723026136,-4.801620640065909,-3.817375907393565,-3.4579108552655944,-2.988669426352309,-4.621660322385107,-4.168211683495397,-1.272531696594427,-3.69825773694573,-4.2918397793680905,-4.300415302577178,-3.162467977538914,-3.933171498362072,-3.2836473032388223,-4.635446890177585,-2.2103814628492673,-3.3480928655731352,-5.805046848021479,-4.083941278987709,-4.325165441881509,-4.457299817683132,-0.9609537590990822,-5.424902242773978,-5.996623971756335,-3.1442027086874917,-2.995336578117116,-4.2564812439069,-4.098118892196915,-2.9453480634842384,-1.327501831281868,-1.0446342438658922,-3.0519012913849792,-0.9546405463133443,-3.9894846761947513,-1.7783308589228266,-5.088204834795989,-1.3341694777607662,-6.516312333685827,-3.4860462169163853,-4.050544114545879,-4.02264228525082,-0.34310632642559824,-0.850141436860981,-6.55485797395925,-6.104343730111408,-5.196076233563421,-5.077059136574268,-4.896191287042782,-3.0194091673939787,-3.95537269054158,-5.560645889449311,-3.7599864126424642,-5.018591612740483,-4.557820615960394,-3.7621062059174495,-3.9804083873934304,-5.6200161184845285,-6.08911608567729,-4.455983492042238,-4.972519937917595,-5.151046028817471,-3.831989548064535,-4.971845738560723,-5.692559941518708,-6.0680613646626504,-4.524432666696704,-4.612752865004512,-3.78300012687352,-5.636196733887451,-5.056303742016969,-6.309543991159426,-3.0996374509562035
65,-1.7019903425917895,-4.76253513382459,-2.4000337224087764,-1.9020251611496768,-5.182560539346475,-4.157537649447086,-4.292469259460491,-5.0284383236001196,-3.397241021733636,-4.69293299838169,-5.096130348878934,-5.687654415244319,-2.0790613526203554,-5.033000877725162,-4.1122437441729325,-3.50460215945354,-3.5692776208215418,-6.002838530144446,-4.150642002175312,-5.250312142004857,-2.3544717723181594,-3.966023421711527,-6.725284591837393,-4.2863639599903465,-4.379097687522728,-6.464537973510285,-2.8000570570583827,-4.9648811459596605,-3.367636281537471,-4.248386028505111,-4.2146779545059925,-3.314538857529102,-4.793634415816957,-5.431079579534584,-4.669222729700445,-3.8250733913242376,-3.6740036059028247,-5.809935366958899,-3.5703973320570817,-0.4376384428152542,-5.512246733943762,-2.5951779039087057,-1.4982545898136281,-5.673628281433448,-1.297258876180497,-1.748769292366822,-2.4166195191012854,-4.095135168298589,-1.5455970496261724,-3.150866656894253,-2.4134298207194145,-3.512906305640293,-0.6894376690098405,-2.866610949113656,-2.266780599692257,-3.208500102852211,-5.569219773980894,-0.9893872299662886,-0.545564761329953,-3.590092032108016,0.36303473083810167,-3.630978873911177,-1.0267670221255993,-2.268095151800349,-1.8543584449538493,-5.557866486535087,-3.164424917922134,-1.8369250551169403,-5.262948772349343,-3.0335997047776893,-5.375554220937661,-3.4348483735089994,-4.49091727363544,-3.2755521721112464,-5.133643173421736,-2.59572977323211,-2.9863487495250634,-3.894253069497811,-5.229041645298897,-4.073767866770822,-2.0880228327619763,-3.9932895696743222,-3.291855597151641,-4.592332715772481,-2.6174088297392264,-4.26156528931639,-3.35326294323984,-5.317390468060514,-3.2544396475946993,-3.5687339362274972,-5.026506486629533,-2.8958828970821084,-4.22626215691507,-1.845019785243326,-2.900099571376726,-3.0691916524076386,-2.896276837140308,-0.9660941764633542,-3.41027864048883,-5.5477555955043805,-1.8737000138508426,-4.439603261636384,-2.142312130996617,-5.371875357052603,-5.316182054347302,-3.799335700192038,-2.439554106393526,-5.800865726354626,-3.4037383666801526,-6.15303765387718,-3.2372487560961343,-5.67169975358584,-3.7063751758264867,-3.057182819863999,-2.353503126381389,-2.3715495696026596,-5.045117209716615,-6.054434300517661,-5.418000765476781,-4.98684464162572,-5.093110302904978,-3.0847015159063256,-4.3842933286600525,-5.507118731932784,-4.151200253790029,-5.160053381983554,-4.7358509053991105,-4.021661804548732,-4.078789313056417,-5.573476844546771,-6.2205833973845674,-4.505245867682522,-5.122023637841548,-5.195287432131793,-3.6064677580783746,-4.964784387380697,-5.594640868620794,-6.235748554063451,-4.484120115464665,-4.710196279137841,-4.041731089012421,-5.792265752975254,-5.3133569324593015,-6.411465281930806,-2.9080128876900164
66,-4.606384774315538,-4.6122240563482935,-2.36502709675355,-1.5845414537342632,-5.144895726921572,-3.814899128970618,-4.9798800686893,-4.602776497600941,-4.114581748430849,-5.475551141511432,-5.282053004187206,-5.576157123746583,-2.07303601356308,-4.580449627877838,-3.5790272502082137,-4.455933628901012,-4.693618670019768,-4.278886851628278,-3.443737255273464,-5.258521087198747,-1.6353507556309612,-3.96881288585989,-6.413092539478119,-4.7159163260984345,-6.229043283845061,-6.860084084819687,-5.154299821249156,-5.786705859136694,-6.654864751766791,-5.836794946404653,-3.4124105321638605,-6.371614483309499,-5.341762874834925,-3.312844409248829,-6.242595538179582,-3.6845647407168993,-3.2446536485861373,-5.714296056774306,-4.133544993475334,-0.4918825210294179,-5.507222773240103,-2.9308334927589894,-1.5267046148001258,-5.7062371218753825,-1.2039881098973855,-1.7201078078184338,-2.651607602013413,-3.6710488418034326,-1.6258485749064402,-3.3436415968958464,-2.8416062792333214,-2.0624057069314032,-2.02571806822426,-3.493082239971072,-3.2788357692617693,-4.580310706856312,-3.9959330257709222,-1.571123520443184,-1.1204970480411518,-2.1577223612351344,-0.6442303142688621,-3.343904576190273,-0.7934728039461112,-3.4192482120014516,-1.0327727325394407,-4.772844685485783,-4.473084137272691,-3.8466914801577365,-4.743252631385164,-4.487207575045535,-5.499728742361588,-2.736568009166752,-4.21623507690579,-2.8761169329349117,-5.581513502244437,-4.282715416196893,-3.9863969391899157,-5.020841478024464,-5.20412782492599,-5.0582532785452194,-1.9508304821783864,-4.344250492587052,-4.067285280794003,-5.192598186389664,-3.0504107313759397,-3.763027424713952,-3.1044514865181942,-5.99498260085306,-3.8593082158552687,-4.118037271516444,-4.221852434882455,-4.464656054779156,-0.8765222396482217,-4.407064867104996,-4.514575631299676,-5.458991912239323,-5.876671791964375,-1.355173190080028,-4.041945205579646,-4.400224909784075,-3.081050367268607,-6.103302273407536,-4.080218398041879,-3.102257225041855,-2.9998834208910212,-3.358803753612793,-4.818943573344736,-3.565078391058776,-3.672467990681306,-3.8540072860324206,-3.344499830105953,-2.0429469169169945,-2.92049358550827,-1.9129580720218335,-1.5926319237851976,-1.2777517857100884,-2.862549319876882,-6.30362660117286,-5.510222037262019,-5.105707475862541,-4.979268046569615,-2.8628311315197297,-4.283760633308565,-5.487572783883063,-4.18337469171904,-5.356016576240011,-4.676932575675001,-3.9560973066921825,-4.127346035402489,-5.875267984369934,-5.967756328277698,-4.795569728626515,-4.9485477925885,-5.049870615630683,-3.8776088043318313,-5.303375502784675,-5.8788615522600605,-6.1291240499584525,-4.680777208639155,-4.891542851583736,-3.955636411333858,-5.981449949471748,-5.424657003107346,-6.505278167463844,-3.050124871740333
67,-3.7257014289720845,-4.466768724052601,-1.9255975873514681,-1.6769044010109362,-5.376190688661209,-3.3217765256741987,-4.506301217903216,-4.1994267988190135,-4.117863783845468,-5.679987656761624,-5.329201572745175,-5.394034916320058,-2.274853600878585,-4.229135506777946,-4.9291625816924585,-1.9528043227635057,-3.4182813722673053,-5.021528120002721,-3.966302072264279,-2.4025259740219433,-3.251348740728017,-3.4362413290461618,-4.516233459435716,-5.437942776748332,-5.974365699055837,-5.028439704109168,-5.806035710851133,-5.036342860362544,-3.156947155397088,-6.037363665080804,-4.808393365768527,-3.746723321959693,-3.393026460974595,-6.2609966899017255,-3.2370246462736287,-3.5360242695434083,-3.0881477460170648,-5.497679533343868,-4.079484190417594,-0.24831401960742305,-5.8187010433470245,-2.897864331677213,-1.6469948754193682,-6.09460066128624,-1.1039400300092423,-1.7595689009233344,-2.8965409811480733,-3.5991458870457937,-1.5141893231071715,-3.339007408519807,-3.077875980761565,-1.3577315143957702,-0.2399839284388694,-1.827552779050492,-2.7437076109689187,-3.2633493292977227,-4.657576434589091,0.38384758340092273,-3.1449239865457352,-4.116295135496884,-1.48618646478154,-4.4039850323987455,-1.6393978619521046,-2.768203237240025,-3.1719303295721715,-5.699880523985309,-2.911568366210397,-3.9584717019610776,-4.908844994117206,-2.9960125097283603,-5.47495901472009,-3.8186158737620395,-3.150673072452278,-3.9883143707782915,-4.311516582426615,-3.8430839020886784,-4.165525021612125,-4.463647488849808,-4.140122254866914,-3.695262615621915,-2.3577908111389663,-3.142965036196929,-3.8771509776795385,-4.979997662279263,-2.102794101249824,-4.552297838568179,-3.3542000210681984,-4.7072531529571515,-2.533434608008851,-3.841139657648861,-5.344332033227608,-4.362602929882318,-4.911531392081929,-3.6960344396002003,-2.8007294285192965,-1.9013316243995533,-2.793099735778885,-4.6521687954945605,-4.670479170937925,-5.142246320559752,-3.5771318888689088,-5.306749126604577,-3.5131671886206526,-1.8454235619524182,-4.190552451602686,-1.5646557052160812,-2.659057036782703,-1.4118483283925345,-2.9400462327248618,-1.7239971166180075,-3.0131279000470412,-4.952633044520973,-2.956666491640273,-4.524457851411288,-2.476885541616076,-1.0200918573451982,-4.517316715839096,-6.147671794513814,-5.343914577235117,-5.09561738980064,-5.1722637414704895,-3.036926214053,-4.752997980628371,-5.471600674912988,-4.225201609963033,-5.166293616847024,-5.062670586449621,-3.7718195417371865,-4.276629590754825,-5.728317557204614,-6.2291051142745575,-4.643896775134572,-4.731533292888663,-4.941111057280045,-3.7723360524211236,-5.193579844254836,-5.772798916660142,-6.405838215744896,-4.49561243766179,-4.582273006582711,-3.766587425285146,-5.927248087248688,-5.4129546765024115,-6.508702923928122,-3.1298280807131076
68,-3.3639824557801408,-4.9918305399776175,-1.77823529371523,-1.3711687573297653,-5.465974776953601,-3.2710480643984288,-4.1907731005959565,-4.309499457737092,-3.8232565570783272,-4.99252112288597,-4.843519888448175,-5.284019155622729,-4.923898764572349,-4.264220173880228,-5.537072678777647,-4.538553987249392,-3.8680133048053933,-4.647588632141345,-3.497870516486876,-3.8114571694886954,-4.669811129842838,-3.4626059920639394,-4.829517184334481,-3.308148425121065,-4.766473589433928,-4.797753604364376,-3.8483043757849518,-6.801841413749549,-5.012293363218933,-4.419098589880679,-6.344530932642997,-6.748756275760353,-6.393472292544524,-3.6470212024870476,-5.709574270486885,-3.1889995736462793,-3.216009066568967,-5.459097938135875,-4.439160902882226,-0.2985536644007888,-5.447801103935332,-3.2247441871787412,-1.2194484561691183,-5.918897181386431,-1.4677440951755663,-2.0614671363176083,-2.739582184614707,-3.6376584322640637,-1.2943469165102364,-2.9438929511404437,-3.613986523702931,-2.45347267288768,-2.219779930129895,-2.0266591424915,-3.165504720186209,-2.687358328336062,-6.055102502223248,-0.7195687985393284,-2.5586708054176386,-4.421060081346807,-0.821008681548645,-2.822657672523595,-0.6130150660525047,-2.5234876025619153,-0.6193555150410903,-5.492588125051968,-3.8259428106427746,-2.197128051836918,-4.079115665627529,-3.22416077319278,-5.378730182578464,-3.070563075317234,-4.876337640498168,-4.105597710099305,-4.825380772052593,-3.732614195395143,-3.670125501336566,-4.4076964970922905,-4.754120713127996,-3.3538991531220077,-2.6552248589529146,-3.911436532499734,-3.3407949905495764,-3.9615345089112894,-3.1515115565288276,-3.926189940740112,-2.1352017820450713,-5.719543093666329,-4.303641441734625,-4.6021300477796405,-5.878969822934323,-3.934895391874294,-0.6631037504467416,-1.4218143303671331,-2.0943976305151266,-5.237931852566309,-6.40107308017394,-4.480823203618823,-3.2769194537218307,-3.0374067402341938,-3.167571338972371,-3.199920946231996,-4.3001860089073976,-3.6558128895892246,-3.297776977702358,-3.292138084574682,-5.305480651796845,-1.2630729240437848,-2.3448080874881345,-4.2838344070993,-2.263793790645135,-4.182649149112791,-6.486405544014481,-4.189835394020094,-3.2863059374561505,-4.985856417257604,-2.253403718341132,-5.862806052164152,-5.606158351921565,-4.988917396895762,-5.150647481911792,-3.2375853291014263,-4.559068383790815,-5.55593693765537,-4.216824554049912,-5.5223320775329885,-5.168367831025093,-3.6196637750902934,-4.0561167460836325,-5.949939966042026,-6.157504140704408,-5.082614821648929,-4.737796874675795,-5.098143411199483,-3.8321876804131785,-5.139463151500559,-5.498598505697631,-6.0781618016550665,-4.573077182202211,-4.91933747111438,-3.876943087395533,-5.977495586418823,-5.710911482439697,-6.465084088798344,-3.1912797919240057
69,-4.392253042628629,-4.690581151257615,-1.7270741440282011,-1.4659230866143194,-5.594973006002597,-3.6374802741509815,-4.316784534414944,-3.8531432433319672,-3.3903540833156574,-5.566017200561629,-5.546347536397634,-5.677207629113524,-4.449893772677296,-4.887894001713265,-5.62313689711339,-2.189370497287267,-2.595445301360503,-5.5711595352266965,-3.6302282041838843,-3.156317834531272,-4.627942528626892,-3.188843462215866,-4.047024822173563,-3.5040216587329627,-5.553167395516827,-3.9109297791435664,-5.441743042058889,-4.796712111387517,-6.321868490412802,-6.137522556442321,-6.585670419736831,-3.784008435719278,-5.952795437507504,-4.753963221458706,-3.7213268405597613,-2.5708045439415654,-3.1996478481334916,-5.140256114038785,-4.54475553479999,-0.34724474283925594,-5.220918441290683,-3.208900687922928,-1.6756275040093662,-5.67061081329843,-1.148415717290563,-1.9588470777598403,-3.1185737684566814,-3.5431077260642185,-1.4111280641582267,-2.6130057627658583,-3.6587575897606985,-1.177416859605053,-1.3312737669120631,-2.9054892345746124,-2.200059824270971,-2.538448500033751,-5.143634647098706,0.7126314069379232,-1.2995655804704844,-4.591969989455576,0.06430899606462015,-5.206014332669506,-1.42423473271127,-2.516082772348284,-2.4822969376384814,-5.174955490336331,-3.4333559750482525,-2.1055468899488035,-4.885074080518677,-3.5430312662220853,-6.139768199506686,-2.3826767354264895,-3.0458006176387915,-2.598977725877761,-5.532817650295921,-2.914928408734645,-3.9772892513751392,-4.8341068552916004,-4.003377266837683,-3.2333041185644733,-1.3662342274852157,-4.135245460887001,-3.4004612154557794,-5.836212243622532,-3.2429381673447586,-4.955376332499673,-2.3311568261127116,-4.810919374825145,-2.7569714038715425,-3.3403495750531897,-5.824398131373994,-3.0739865956872228,-1.3678510001803588,-4.501980989286713,-4.264945709275546,-4.198275465362549,-5.372223302157563,-0.4343470415622175,-4.625036693656048,-2.745346014572228,-3.4234236901055515,-2.952902373213949,-3.5661188744011323,-3.206207117328411,-4.92360881678235,-2.8731140907848443,-1.1531299054069661,-2.781375084765793,-4.591582475564383,-3.7876541811132483,-4.221647950148975,-2.9967664895977286,-4.550218489664616,-4.860094560420944,-0.6089331493182444,-4.449730009257017,-5.175700883000479,-5.7984041109707745,-5.300687522147635,-4.763963121960521,-5.245302828453263,-3.111194593911615,-4.69507804611613,-5.649781829993741,-3.8709177875871355,-5.5420332869417015,-5.288661900926926,-3.641428466406339,-4.2635906905726015,-5.952165100901219,-5.714013247786884,-4.83827757267995,-4.4070659969994965,-4.709652977479313,-3.811059472206228,-5.100262284869615,-5.272128885522955,-6.126940550262419,-4.279883320348974,-4.685204436769259,-3.5787964682357924,-5.833244942995175,-5.761943669005061,-6.2792935269892824,-3.204485692643248
70,-3.110134855777903,-4.60236992199577,-1.7497462740679983,-1.5498263478088672,-5.7021172882946844,-3.149760125831805,-3.6897218286166176,-4.551123252153977,-3.568300822761841,-5.1708671105301445,-5.118912175163887,-5.093824889640726,-5.017047393341869,-3.0141687369123025,-3.2771848321392327,-3.807771753328839,-3.502432907681939,-3.2487631230836973,-5.596326750143503,-1.6042503437974376,-2.2390813395232847,-3.187509763098208,-3.5579464220280275,-5.516879965244923,-3.8515277271154256,-4.858256364639489,-6.191511373733839,-4.827215108694896,-5.360103770165452,-4.350026253506805,-3.5896421703686845,-6.0280013838401185,-3.1745962104058907,-6.022636269964807,-5.812977692193829,-2.450265948070313,-2.6965965138498067,-4.946451680841974,-4.281247972651036,-0.629871020850591,-4.8721225115362055,-3.1461300104625463,-1.419187149822752,-5.791079223803571,-1.2993816945622492,-1.8744386219812168,-2.834708819003411,-3.2790457796529657,-1.160626648781969,-2.427961463179054,-3.6593831276903646,-2.762775843431488,-0.9381999398171241,-2.1432118659059425,-2.8592639906726136,-2.131107158178118,-5.492875700921935,0.23215184897869623,-1.5765389739072517,-4.300808472787145,-1.4922689625540904,-3.4245992920661315,-1.359569522824563,-2.8838334120258335,-1.6734845045287998,-4.037174795059001,-4.2535358144591,-3.8625427604095472,-3.7690278104534407,-2.762886406300822,-4.81270141840235,-3.5875407239976407,-4.3508624550172454,-2.1115698828533382,-4.796719117706378,-3.6605926592093514,-2.7366685788550074,-5.112930117471724,-3.3253169488050665,-3.9870707315906864,-1.5415352280433992,-3.8712933378285843,-4.693009661970371,-4.376592474812892,-1.3180863455604919,-5.148951838390664,-2.022621054758411,-4.729649015655243,-3.8492598375676215,-3.927687373402242,-4.019296029327072,-3.82760416422194,-1.6224053509834375,-3.7226502981249165,-4.39834448620043,-2.2754758576953193,-5.744018454270028,-2.7489290224322316,-2.470330043320818,-2.243656555406382,-4.358166725121755,-5.482322337834639,-2.006160447964876,-4.641100390819502,-2.3484473145578524,-4.00845987483684,-1.0650221193453788,-2.476053252418175,-1.4441016218332026,-1.3448455108909512,-3.777819374846369,-1.7295044449462091,-3.1235354516727427,-2.3473797744879685,-0.3657032753394569,-1.5513336731134237,-5.002596281753113,-5.630967524131843,-5.386902890740014,-4.31134780031085,-5.142615067970734,-2.9945360130392076,-4.704663823900418,-5.4616501971598215,-3.944916619180372,-5.526431289215979,-5.368014801488767,-3.2139036343636365,-4.041264087560141,-5.907841373093649,-5.788673887051387,-4.96290302291791,-4.39334597502746,-4.654895778688429,-3.6118086614841243,-5.234071615108023,-5.115824845612242,-5.786247858822594,-4.557072571516176,-4.867039065487545,-3.7041074513273977,-5.732747415255424,-5.603444996925662,-6.321377342303812,-2.783135427594539
71,-3.383117932017453,-4.57210163128534,-1.575019394929368,-1.398245030514181,-5.163931518128319,-3.0613348040890513,-3.5668702095686458,-3.76974320204443,-3.621501664283908,-4.984020362824729,-4.823993771534659,-5.550653546839209,-3.4121969139262,-4.605668622232666,-4.352103048030424,-2.204639578519667,-5.073143828103045,-2.949406175873242,-5.389454656304256,-1.4738086208453254,-4.602670879499144,-4.109787534951382,-3.4658537123521462,-4.809476913769961,-2.576086723782701,-3.116733169291552,-4.7312547945779215,-3.1545875821576588,-3.653747739758938,-3.677423671607553,-3.0884728474069227,-2.9193667132803656,-5.81552609210118,-4.306419776548781,-5.286653041509421,-1.8545078480850428,-2.333495641451228,-4.700569075944315,-4.437067653881138,-0.41775342460644577,-4.892629974484996,-3.3286344010279976,-1.174786398527635,-5.61529941013921,-1.057744873385519,-1.8549600325955757,-3.191654376779153,-2.8442290347636843,-1.0730981331589935,-2.2751839034870955,-3.752584353896636,-1.831939497227997,-0.8358793895834928,-3.3552155819742664,-1.7982704136675833,-2.1012133561089334,-5.648095438941796,0.5457910407841269,-2.9138265736704008,-4.502970701650862,-2.208148745706924,-3.503396206696039,0.08953551797078241,-1.0443180418891393,-0.9291690792492244,-3.2872958803783456,-2.985110817840182,-4.674722654828687,-5.186691468823595,-4.816575041371806,-4.278819917814188,-2.4063243266480123,-2.5856748902775153,-2.8990375765979506,-3.2458603224071565,-3.769401487452325,-3.520589852636169,-4.812525800310861,-2.8801924119694773,-3.042982423667283,-2.836275580047882,-4.536537782532835,-4.168178283797107,-5.628062758082147,-2.4478665199562926,-4.227807226318296,-2.2376781757104895,-4.9371669491963575,-3.143729961144012,-3.3321134067417493,-4.647159181657912,-4.637331322351279,-2.687940820599707,-1.4727368065351882,-1.240436560284727,-4.2603974988667295,-3.6448544343716134,-4.1394887454101665,-4.832657782929118,-4.075141462524963,-4.941090311064004,-5.335738769266646,-5.530411019632459,-3.447279171442961,-3.3365491364157838,-3.0856373774894146,-3.026004778266205,-2.7675185195857406,-4.740073081713978,-4.71110042517156,-1.727182505349365,-3.92581510824028,-1.718320667087804,0.000608103496028356,-1.7287074241378328,-3.854052862254571,-4.639620646106595,-5.346754904739586,-4.91704404800095,-4.270897380568495,-5.126015340226421,-2.851887968051802,-4.661129899182898,-5.167050559668585,-3.905952431456991,-5.396514577863531,-5.25825413633008,-3.2265956035898573,-3.814014105902471,-5.841517714807474,-5.29607046720624,-4.773468861413113,-4.171004049978248,-4.6277275271464005,-3.4073098241827786,-5.069531815992661,-5.200839358210981,-5.8196175746444565,-4.172927487529601,-4.878403353098806,-3.4350157052131376,-5.405008226615309,-5.510494150539409,-6.062833183904686,-2.7196602520013036
72,-0.26291947367539636,-4.265725101840792,-1.3078807821953584,-0.8383760791194791,-5.286600997671115,-3.1776662416387023,-3.8073761479084345,-3.979166869145595,-2.93168767509889,-4.45036539632494,-5.253521216367669,-5.591026816953663,-2.3943130245983566,-1.7704390439700166,-4.439475348514627,-2.640156330924913,-3.599454587590682,-2.3312454023609055,-5.46537925608914,-3.0668959802774864,-4.748465182703439,-1.3879041624044226,-2.8173777010424508,-3.7968076034112834,-3.5184415525074555,-3.846279252373926,-3.688833921559105,-3.436026313642877,-4.376499173903182,-3.0601893316940902,-5.623721245221005,-3.4071260064564406,-4.047565954029688,-4.612053788656011,-5.900000396236791,-1.687172321110691,-2.0169565997904537,-4.260728001083613,-4.252724444258955,-0.20484733632782287,-4.409807957853894,-3.2174822917894867,-1.4355355068467253,-5.245335282430647,-1.5755771655366424,-1.5408191272781318,-3.02419429130584,-3.1284874091614534,-0.7512340555571166,-2.280298999698108,-3.967404847904856,-1.120354965964552,1.0368323391816192,-1.7521547225593275,-2.53717555960763,-2.350344470796258,-3.5282161435442267,-1.0333050473298024,-2.4625732963445066,-3.296770505108981,-1.4854586494982365,-5.110039655521411,-0.9598143459560438,-3.4072502682024544,-0.29779932414689037,-3.9821513776390294,-2.438385052407556,-2.445462967195727,-3.1266516209801023,-4.5141796841981945,-5.168046451592241,-2.6599506265074737,-3.3516602122682877,-3.012782441218981,-3.8872659641406777,-2.9295663131859104,-2.4866085523801407,-4.985557199212766,-3.3541929455413575,-3.222938476243797,-0.9605234941147633,-2.5039766847936136,-3.2838101320478357,-5.521630354511467,-0.9951679418561545,-4.546008487475242,-1.5779849906960102,-5.088471653806417,-3.4772361767291584,-4.040507653243517,-4.884845775945803,-4.746729393667092,-1.4332869182221053,-3.626237563829482,-2.3872481510969057,-1.6193389002875382,-2.321428287090028,-2.7222985596170344,-2.1591375139638767,-3.1900045237410235,-5.431034456303744,-4.875046334366275,-1.9840038986686075,-0.904991419377545,-4.125073794192969,-2.9757016504546665,-2.3246281872793015,-3.902015254395393,-4.061747733265726,-2.069665235882294,-3.22939349497902,-0.5798386660780688,-4.097864624936475,-2.2995861783335987,-3.534254146108749,-1.2008027987863739,-2.237168680081012,-5.352346701214637,-4.887591809889958,-3.639909385209394,-4.9453219607089,-3.00609370845027,-4.941728167735986,-4.921117276222683,-3.818446976283297,-4.941277596303253,-5.385088249905431,-2.89552747200341,-3.575578944830146,-5.744095586303468,-4.9093110909381314,-4.627240714653819,-3.713383723402782,-4.358621007668794,-3.3712369468200407,-4.692533433911812,-4.848462774666324,-5.300782423394785,-3.8677932786082585,-4.770192589117566,-3.2433385299403352,-5.112460225705025,-5.370497382131891,-5.71292624074703,-2.6795049023411766
73,0.24240804265378824,-3.889455386374294,-1.2800276106451782,-1.0564067326685278,-4.726058383198165,-2.614274327700817,-3.4608826504090517,-3.6275730939569146,-2.3912523428755597,-4.861678950086888,-4.822681309084272,-4.573630223112165,-4.57110228796889,-3.4657512664825423,-4.429373894626595,-1.8446983206668879,-3.55370574149561,-4.507609517623637,-3.275510654653691,-2.6371910867083868,-4.51315309410533,-4.050754432242422,-2.739379538653911,-3.3471618365198497,-3.391112829033456,-4.167697533840977,-2.171140763727586,-4.6996052447832195,-3.777752548677669,-4.252661582258764,-1.9164285141806152,-4.829499339660843,-5.599656502760358,-3.710102090275837,-3.686581769910589,-1.3838857941062388,-1.8035313196491782,-3.9380061807233195,-4.185217862747937,-0.0351280832990396,-4.187842833929687,-3.2339869615827137,-1.3729497846448289,-4.734057648976433,-1.3073056469836102,-1.4086113466595205,-2.8086097063411426,-2.3139880981137866,-0.6505348604867869,-1.9037591226620183,-4.407200045128638,-1.3272246099295961,1.0278139494333125,-3.353228186000176,-3.164589860976995,0.1477956952317423,-2.6590380317369946,0.5239978540882553,-1.1405681895714141,-3.4663272729489285,-1.3284532922191044,-4.913590426304781,-1.1570090658112453,-2.1439948781915765,0.9133602217710797,-3.879953689702945,-4.263489236893137,-3.727843800936223,-5.038657588151755,-4.352308573816222,-4.358276763869963,-1.0970155051843355,-3.790483366612654,-2.276270383069136,-3.632917194671551,-2.278671232966353,-2.861953178739822,-4.395330650959653,-3.648827985962071,-2.9226232315844847,-2.4858566630084526,-3.3797411275420375,-3.59239617455819,-5.031874651926158,-0.8035808912327167,-4.308805474410016,-2.0091821616500383,-4.428767397072174,-2.5718306386943564,-3.079085969127048,-4.268256901258521,-3.5468333066754916,-0.1495491666809734,0.02701128580645129,-2.1621794680609048,-2.1484836485225336,-3.09448720126603,-1.255915733392679,-1.8450618969117816,-1.4406824792361386,-4.428290732102003,-4.078345608037361,-1.1373569357570759,-2.214600651258583,-3.11597429039028,-2.5109940534668116,-2.207440471753023,0.49748519795935664,-2.8490490126103176,-0.6468734784358547,-2.5424086258788146,-0.907839022469219,-2.149155784245286,-3.845999816234974,0.18159514510922747,-0.9213009281848801,-1.9925631066666067,-5.089075078681703,-4.473059424691583,-3.450836640168679,-4.806403811286644,-2.996984821479695,-4.490511618589631,-4.956191955430489,-3.503410856295624,-5.079972839117968,-5.119245202826798,-2.4547687106309706,-3.6647110401747183,-5.408111121968495,-4.791159147952401,-4.499052999229622,-3.5841890866067883,-3.9748425311385915,-3.468128429005749,-4.718610407324613,-4.410447051727749,-5.2680699643604285,-3.689897137538009,-4.217879550547996,-2.8618392199669436,-4.967943183627564,-5.0264980769864875,-5.563617156268744,-2.7508559309693634
74,-3.365592051828325,-3.9122920058701864,-0.7646553400257139,-0.9515171174736227,-4.502556355613731,-2.275950799722224,-2.453328645886911,-2.883329030699697,-2.4230470911276787,-3.9930100600743734,-4.495224026781237,-4.942834465278827,-4.825713537549477,-1.5653455767505657,-4.008517709905367,-2.5681393338236043,-2.2289981607020337,-3.845124393865247,-4.220543743106856,-3.5093593711004876,-3.1432949929343343,-3.8294284319343737,-3.6682694382248537,-3.2189396324152746,-2.2972219166436747,-4.015754854360068,-4.6834772832044544,-3.256384256701714,-3.637869010588944,-2.6284842315458596,-2.1767535351559077,-2.101318813397961,-2.2223216302836017,-4.558658854625669,-4.799535692236741,-0.9016069998810777,-1.6383824325767757,-3.58839631726026,-4.066141730327894,-0.06311919015015777,-3.5932068024542283,-3.1629083138382312,-1.1983376910566486,-4.348049473178581,-0.9767525799525034,-1.5269293206444394,-2.7045970860118804,-2.326189068226618,-0.17499517884057675,-1.3710335541610825,-4.080974229354422,0.5012768102870329,-1.1367924111434586,-3.085841814292125,-2.7591904288574094,-1.921904244750762,-4.256372925000186,-0.3063162920303766,-2.681446844055032,-2.2660566151588135,-0.17143872092258317,-2.9556867805327394,-0.18338929893478495,-0.8887734354402381,-0.960736808969746,-2.4514505857417683,-3.9680421417615213,-4.299723861392175,-4.537647156435423,-3.744054370733286,-4.499769454840742,-1.2245755921236647,-2.6044594343872545,-2.409905707294211,-2.7826636572354353,-2.098722452253388,-2.9154575401128513,-3.5136790430721168,-2.2536152553116935,-2.967541330667502,-1.008581257825799,-2.2395407251532617,-2.765938484149359,-3.654405516078536,-1.546357144445031,-3.3556430208037322,-0.6946822966112438,-4.652684682771194,-2.4173183948586283,-3.2028562203180817,-2.9217714979915943,-3.0855906857219715,0.12009557905973445,0.3460237572709062,-4.791234222045146,-2.352539708025755,-4.31607034381174,-0.7980899880097665,-2.5048802829158574,-2.0019432216175197,-2.994365168384496,-3.1905809900405977,-0.3800165062505245,-3.276214631107419,-2.293734812296376,-4.480271653969642,-1.0591972819253979,0.39208311705166654,-0.20744842108070216,-1.6298499761428902,-2.6987917093741274,-3.4835541764162428,-3.5422643070567874,-1.484106512385734,-0.4114270399255986,-1.3392408453269824,-3.4298906899560073,-4.438587812462819,-4.325987926838353,-2.8541954807327117,-4.757606095622086,-2.5185666103951863,-4.551276990251714,-4.347533484366782,-3.1089636027770347,-4.902888103075012,-4.977400511409445,-2.1747913540568957,-3.24510389247945,-5.177981213765162,-4.331421122439486,-4.5252076310572305,-3.002013682629642,-3.6087741957169035,-3.007507248963673,-4.201489472823459,-4.05077049776018,-4.764565461867237,-3.566647364928322,-4.101295041158468,-2.4766576074216093,-4.439212392865017,-5.192893334763123,-5.224711215466898,-2.500497767478781
75,-1.4477757544491945,-3.6216554798143497,-0.5326790290241099,-0.5633504125863686,-4.442346280591423,-2.831351664177825,-2.289648093767112,-2.1646090235001703,-2.0057516397572526,-3.9169058178377076,-4.308876570681775,-4.188173805318344,-3.277004431972165,-1.5894229653800358,-1.6181027975927162,-0.8754758815042685,-4.085232185468719,-1.6188268014109077,-3.0008588023049185,-0.9172984439030887,-2.647020707969528,-2.136983286041666,-4.479834588825575,-3.1166814215705827,-1.5605942057392572,-3.3512398051760535,-4.723390703536175,-3.356979498180208,-3.471344443298043,-4.446414890878741,-3.5947057035818033,-1.8946647761265512,-4.376724454959035,-2.035374173507342,-1.4903797143600164,-0.13810314252453043,-1.5990186684729326,-3.418605690951491,-4.008424823773393,-0.39300254331374035,-3.5571315239053494,-3.4659698610435967,-1.4485207595489293,-3.841047919785648,-0.8565156368433168,-1.0614701615513633,-2.437896407987486,-2.185655666465607,-0.40021110364558493,-1.5266472490049312,-4.051126017210136,0.37996021768180777,0.24980208221605837,-1.5133779309698827,-3.1140472802719135,-0.7232432342665327,-2.443493736592568,0.6319721029864043,-2.5645938931521197,-2.3324666852363585,-1.3861889473741233,-3.6609698865496396,-0.504959871239079,-0.9600315537119002,0.8892261940175018,-4.213521905870379,-2.2517402066002155,-4.264461048063663,-3.847954908038864,-2.1554425379995132,-4.036538823766561,-2.2940514038912956,-2.82099098123926,-2.13884965789892,-3.232368620466817,-3.3458463829076415,-0.997696489177998,-4.319335276182596,-1.4157224552439547,-1.0340669659946318,-1.7606323077464456,-3.4891749205747455,-3.8758689557064385,-3.6971245793183467,-0.5569334222799429,-4.328653017076828,-1.9816913105331484,-3.2295381080039105,-3.3906202839756427,-3.8811467457039366,-4.395922845180056,-3.3793884995477548,-3.666810851009892,-0.6640608795953229,-1.609596052781301,-4.018625120467651,-1.9827746995791005,-3.066698284805119,-0.6774451022496875,-1.6616481061035278,-3.8009896468055837,-3.7167519127134687,-1.083075582343949,-2.8084871202041293,-3.419224080775468,-1.9930610309938022,-0.44253333332504585,-3.193419190057358,-3.299882266220281,-2.4576317533961234,-1.3704029054185094,-0.8100497194736138,-1.8320917504896395,-0.2642337512040278,-1.4805495771319745,0.4875560188259396,-4.233127547461487,-4.299093543045505,-4.017221553971591,-2.769712885163986,-4.5780149004682755,-2.519595662409658,-4.304371441074835,-4.212573010945493,-2.8801550461839,-4.310353192582681,-4.630958481448925,-1.909045498065901,-2.9093119123896596,-4.784412296413271,-4.064045875922388,-4.091308371655698,-2.522080446304768,-3.0278370620375723,-2.877979888429915,-3.9725646361497975,-3.6442536847251374,-4.242306633919292,-3.511599043734457,-3.935731675341977,-2.5206049712901852,-4.238439603457694,-4.656790037063926,-4.6332120740130485,-2.075099037713468
76,-0.21394382762473185,-3.425432929706175,-0.14232833608400614,-0.13294624194583637,-4.191928061746572,-2.47486404148589,-1.4821534305859503,-2.2634966115558877,-1.8607973212137896,-3.299395668378767,-4.64044279479513,-3.4451214767520955,-1.968997087856811,-3.9503348610419966,-2.3542371277563627,-2.1012291750541463,-1.560565003667906,-2.934691201082967,-2.426051073005695,-1.7628278808351792,-2.375444617714888,-0.8672514832771228,-2.203608424514489,-3.4896239733495897,-3.9884928514655544,-2.4691654676459174,-1.9806924092713851,-3.250376502074266,-1.5859177685297965,-4.0815908075976495,-3.308660532282946,-3.637205161389266,-1.91638366293266,-3.0899512522544326,-2.8605696577024773,-0.0592480563887262,-1.1514314329595277,-2.578622282147824,-3.8991448711893053,-0.34968318731032055,-3.0357674393882013,-3.17250251872299,-0.8508110179143463,-3.925793966559528,-0.9365846104582995,-0.7655694473460437,-2.8205069632464275,-1.6857953916630575,0.27917713207623374,-1.0660901688349007,-3.8657496620586427,1.2173337471552537,1.855638535748681,-1.1490148919721173,-0.7332450171869151,0.3101050238481451,-3.244039207508023,-1.458969129768184,-2.137718286817852,-1.6556759983994516,-0.12528594748127198,-2.921150406064089,-0.9282009556471125,-2.510147797262068,1.7509207639795181,-2.3069721538299954,-1.7234454367702923,-2.165500724733265,-2.6992054867572444,-4.2934572366799575,-4.283692485500069,-0.09768102045884319,-2.0227182734425124,-0.22101311852754435,-2.4975758263318895,-1.6435517192151936,-1.8196204825412714,-3.3718575722490436,-0.8699573356857113,-0.23410824597425872,-1.194001700198502,-3.0260021042212877,-2.9978729154278687,-3.5480005287912126,-1.1953319173283066,-3.3138560109108806,-1.5347977716602879,-3.474800034129938,-3.7157139869219544,-2.8082552855613345,-2.778459732741064,-2.873741752882708,-1.1581426311499774,-2.6059535959248232,-3.2405973383555438,-0.13083890636241824,-3.1024616643442884,-3.406731946089815,-1.671969668912833,-0.09064117916503278,-3.7808584294424046,-1.923812237026599,-1.9901781416517785,-0.21698987314108997,-4.128259860245615,-4.361711321375186,-0.5850358399054523,1.46172025772657,-3.3889671615956636,1.3744382573618825,-4.331615181607104,-1.2829453462153517,-1.3826723694597116,-0.11252371645957648,-1.5463701926126285,-0.6519187941134614,-4.387486660556243,-3.774564491513133,-3.6066567379154435,-1.9678800053208998,-4.373794431412995,-2.5005694582740454,-4.202088873195189,-3.8292413562128083,-2.8432797984847165,-4.032095962945516,-4.61957379244693,-1.6123421716243067,-2.805235659810303,-4.583124140445217,-3.4181841481796478,-3.906155610086975,-2.172646370003848,-2.706468254169745,-2.5375871794386913,-3.8176220871193984,-3.343367085584314,-3.949015572348666,-2.9648810605466998,-3.740163032088968,-2.1671983551600906,-3.876456368099609,-4.39605403559875,-4.2311507423478165,-1.9078770498719995
77,-1.612806745892133,-3.1872360285691297,0.1557315700023174,-0.25265825555792015,-3.571751640836961,-1.1792030632707986,-1.6017627290736551,-1.9371020940007573,-1.332535057791561,-3.7898906074790824,-3.3977412133661247,-3.223744957440206,-2.5971490649157056,-0.6527484428896804,-3.830669662424642,-2.3526186828630418,-3.0868383791840404,-1.2388309265996118,-0.8852599834696329,-2.237555260131609,-2.5359866308468133,-0.6718227577201934,-3.000775041850171,-1.104499124513112,-1.5976077052304078,-0.383598410219808,-0.6416817325447304,-3.57769775125768,-1.7491129014394353,-0.5085796737120045,-2.7118204133978776,-3.436347204531655,-1.2358323373273494,-2.8986512699506664,-1.401144882500517,0.35205994347477343,-0.5165884926117413,-2.2170994751474824,-3.432954903050913,0.014808121560444476,-2.4008296846647967,-2.9415049287367983,-0.7607466632209295,-3.3417551821216356,-1.1038236990745123,-0.6650290482235485,-2.4127274020080236,-1.1764724165638458,0.3907507308094145,-0.516425330696836,-3.8187483449090216,0.3701321691843451,1.8242091467523873,-1.068258294981204,-0.7956744730489085,1.3555469221535317,-3.4811368213883354,-0.44351361257023214,-2.1108939068148502,-3.0638254096068867,-2.2337457760067867,-3.027774490189765,-1.2728645923329378,-1.1017307975632054,1.2337372810013618,-3.4177938763419853,-3.7445153140708816,-2.675696141750986,-2.4889852951042926,-2.748347235692183,-2.5962811614604124,0.11465193996893275,-2.408216721366437,-0.5663249980801528,-2.0462314952633784,-2.726944087074308,-1.3611546670484267,-2.5869534483049543,-1.5176039923597782,-1.6089500080926917,-1.4680714262308538,-2.878465016944751,-3.5286538535548484,-2.5829262474448513,-1.262004889397703,-4.291123335532806,-0.6911650173489998,-2.511152132662816,-2.2107818256463583,-2.017627156870289,-2.422387012337108,-3.028288626826599,-1.3382829571892345,-0.264077480968695,-1.601645913831364,-2.3505806642177536,-1.1897143712471916,-2.281008535014779,-3.497198557318704,-1.858975264018028,-2.8821391016157714,-2.1148823200025335,-2.8437534688804122,-2.8987454060000895,-3.539902660074364,-3.10739003001406,-0.07480957036704083,0.7232826674697921,-1.8766754287797731,-1.3212608516050675,0.7717236836804102,0.3682751879783184,-2.6429317679666653,-0.4858799418213948,1.085617752151287,-0.4250251849145745,-2.3656444800499212,-3.4043926664437367,-3.3691079908010533,-1.8745151968040503,-3.848436137806302,-1.9374796596815798,-3.914691698773264,-3.329618908632578,-2.4942560601349535,-3.82702568832777,-4.369820214224925,-1.2455668005574017,-2.4784386078842306,-4.19945511851467,-3.199973695469752,-3.723188382579192,-1.6774730165226575,-2.416765413046849,-2.2515921297828916,-3.512926887873941,-2.783250490404299,-3.298401674762962,-2.7145302198918713,-3.413231991820112,-1.7440203583825538,-3.2641491236524183,-3.902782394240262,-4.057102733995232,-1.7441243997684694
78,1.5865016149071716,-2.7867261195416355,0.582963316051492,0.03672574904914824,-3.1666714667172533,-1.2983549864819022,-1.104772393436972,-1.0004567579084882,-1.7057055206942988,-2.4952899474936796,-2.9424737201149833,-3.0787204850093093,-0.48666920098175614,-1.0019449591006104,-2.4527081481213333,-2.1414426966438826,-1.2072094009738488,-2.7195586628209956,-1.7575265918181115,0.416730486194689,-2.992348807014184,-0.7686532351703086,-1.6835235411546312,0.22719643177684112,-1.1343691283037542,-2.394698513777887,-3.316387377466629,-1.5697893672667504,-3.2589742408369333,-2.584392450166966,0.3990150855949812,-2.1156448035640434,-0.26044591810561135,-1.1827663405460407,-0.9266835277127359,1.27473776155442,-0.30342522795135674,-1.626600695874239,-3.3105125913995264,0.21208870587982898,-1.9580213588300022,-3.123929375196973,-0.7936815253734241,-2.780348047200579,-1.0746271910083274,-0.7767685492089101,-2.39478525835411,-1.0586991166429949,0.19495470848252427,-0.40106275886468384,-3.990509460676602,0.5763806594633671,0.09089996769200792,-1.2217665941935762,-1.9761792255640278,1.6846314474953925,-1.820340697758545,0.5049747959539099,-1.7751577157426126,-2.655687421758171,-1.0282183208793085,-2.281747462115079,-0.3533687868839457,-0.17617367111104443,1.1799683117196875,-3.0751546042273987,-3.1365110151725215,-2.7666551624163724,-2.4099162323951564,-1.2746439485752936,-2.70333606997759,-0.7411258950240994,-0.5849902589616174,-0.5964437650554518,-1.7428896328669414,-1.3570234000345915,-0.6480772947764313,-1.853769001876441,-0.3437939455928478,0.09179241919075487,-1.4694855016342154,-1.02362586540261,-2.5132344088484486,-2.107499001088123,-0.009914980035613752,-3.5089564157858475,-0.1565705749815427,-3.193606120139484,-1.8476037840764565,-3.1116175360332803,-2.9271285052686196,-1.9731529044684455,-2.2510788420012875,-1.7278813050796193,-1.7281794954408265,-1.4286960281026415,-1.102469160303333,-0.6329068085919327,-0.9928740554214053,-3.5651996719057246,0.45711956654491104,-2.568845245893784,0.5679444996094007,-0.2058722083464306,-2.841095755761414,0.2445166376524215,-0.6288823206764929,1.6185774596458753,-2.0445928236015023,2.127540527388331,-2.0795076223724136,0.0710086189133241,-0.7209491886119728,-0.011723465290599755,-0.9310263313035314,1.0791018474997158,0.6992069382055117,-2.875836809442546,-2.608740257161707,-1.3831498371072617,-3.593003922665488,-1.713458200407153,-3.6047792406049193,-3.0385261231246705,-2.188234315020645,-3.7036585493606506,-3.867602259123167,-1.2703044175731213,-2.004801349568294,-3.9446490750756933,-2.6116054159261988,-3.492709850163213,-1.4752199498096779,-2.016055009132891,-1.8575022582334515,-3.1272571767248847,-2.089473314169902,-2.809819187717286,-2.1557857785048737,-2.915519430280534,-1.2349426949917202,-2.746760289396695,-3.547464556630727,-3.5893074985057054,-1.4144858091657113
79,1.8282981236212696,-2.396002092297,0.4028023877598179,0.19966330610668817,-3.1614444271563724,-1.5271447454687916,-1.0625155810545628,-0.513878613652591,-0.9088107994027932,-2.831332523942138,-2.6622502062537516,-1.9613430128275404,-1.939168703642052,-2.2210197087110597,-2.5465833583287845,-2.895789643994196,-2.0784172851688543,0.11813196489483158,-0.8920458565846692,1.212613684133261,-2.09282777161425,-1.9253542366564755,-0.3472298400851188,-1.4057915135439818,-0.08448328653622816,-0.5665375902530569,0.5056635076496478,-3.1196613425159994,-1.788560518799244,0.6791972061047229,0.7646494447249181,-0.13337620274988238,-1.0418853873814804,-1.9426272826568076,-0.9450706201907444,1.3533975651627845,0.0757829995393795,-1.2509086042879183,-2.886816435220232,0.10478556558755348,-1.3021002597344817,-2.8832794944300058,-0.7794778471248682,-2.515821391299962,-0.6118784617959379,-0.24852932274894823,-1.94633290588537,-0.6344114863798569,0.3267246041798809,-0.10816049865168328,-3.7689119770452666,0.37384031354723923,2.282923006216221,-0.24531525684571287,-0.1715205583113395,1.463274765401991,-0.6111681757657632,-0.28006716263174014,-1.5559171939950005,-1.4944751184022995,-1.7894795065922382,-1.501173424354986,1.433739636836744,0.43845940770098,1.8114342029590471,-1.1288875368875646,-2.3047293457563574,-1.3657663547812051,-1.5133572481478048,-2.9109005424314516,-3.1048791368556117,0.7731010450307658,-0.7892410976529172,0.8831680450955262,-0.59951773686019,-2.284992966881684,-1.114782766557319,-1.7341069177078294,-0.876506683315469,0.15875994774906788,-1.0138808361162743,-1.2074895365556289,-2.6711231954455217,-2.164805893420752,0.18669295020337184,-2.7161419341313002,-0.5455108066156016,-1.3335736821152748,-2.2214566201575274,-1.790996599581085,-1.8755862322005261,-2.741757441915187,-0.9035036198951154,-0.7001176053561762,-3.1795011317322444,1.3462922858521376,-1.3843079340218312,-2.1947803677788813,-1.4221009708992187,-0.9521607901927931,-2.098652090241032,-0.30633922421671533,-0.3198968096251291,0.03129737109632025,0.03226261541393427,-0.3685538578697658,-3.153639919817702,-0.6409288282117636,-1.0438207938749964,2.1221589959481575,-1.365088891593259,1.1440499839493077,-1.8282201308682604,1.5414245807493663,0.8815468889399471,0.45935969442061997,-0.025844197597892027,-2.2138740618785686,-2.1582982071169394,-0.9484187162969707,-3.280482112447926,-1.623778790050865,-3.6174583426837676,-2.60521721385648,-2.0399170914942952,-3.200482259167174,-3.934718716749507,-0.6582845885403292,-1.6810377705387156,-3.2606566654389546,-2.1593472812829226,-3.2342561436485804,-0.8850119701349994,-1.4070663644606536,-1.6870711611245652,-2.818660745789762,-1.741318580997633,-2.4317242709459634,-1.8445991280645697,-2.672096773429963,-1.0583225442388684,-2.4212891866993322,-3.396714653038144,-3.032351095937034,-1.202306033725238
80,-0.11265235246764682,-2.156822184137192,0.7796548914062802,0.5705010950455194,-2.6216141478724055,-0.4962339018098081,-0.3742488993531241,-0.5874584442229628,-0.16934219770781866,-2.2456142198886004,-2.348335520285379,-2.046892373702699,0.24665337518000197,-0.5104847230397889,-1.5153750173871148,-1.7403447271234707,-1.3591423728190093,-0.07318441982515012,-1.0327896418792195,1.3041970393753077,-1.590427441790865,-0.8449098207606596,-0.09318200843155111,-1.768893287331406,0.11828959668247085,-0.8418635575071207,-0.27767445108911915,0.07691796070439594,-0.002150134678105431,-0.11030421579352101,-0.22706088835234528,1.1721479892899813,-0.29764198685082954,-1.838815563252056,0.8250717109990329,1.9502862812943236,0.5595771985661273,-0.5702003492929559,-2.9079641939898626,0.15585617232416707,-0.7166653044348895,-2.5460127058174438,-0.8161797901013034,-2.0739521566817936,-0.49633236160522265,-0.31197305793580143,-1.8654231075854473,-0.38079034091797187,0.9338485664838183,0.4244951858148589,-3.440145577712453,1.7104763336400024,1.0190811558530017,-0.7616891346251302,0.53095352649028,2.7082712830694584,-1.3679801231741011,0.4316060590431283,-2.0068019391214182,-1.6910979807236046,-0.07625666261794661,-2.163099603717467,1.3494889520874394,-0.2184275327389873,1.9981768877514243,-0.9836878523316477,-2.153784691671194,-2.577784577344871,-1.0306033241344716,-2.0975855381477575,-1.6276040265003584,0.48835063514274724,-0.022031569839925158,-0.31332732723206513,-0.5975391262081924,-1.1882186341309156,0.8964915084950409,-2.989318028518131,1.0828779059283486,0.8943469530883326,-0.15127464964647852,-1.297358101473782,-2.639895219858967,-1.2025526396517379,0.8513873316595464,-2.5996970211253094,-0.3404620753552014,-1.6790764622284455,-2.2545534131257448,-1.1442488708193403,-1.6171129527596184,-1.4816979896738596,0.43650206853478,-0.3938994011071566,-1.3686666356896073,-1.7408250938758312,-1.4270813700374354,1.6434478812413515,1.4870183027939206,-1.0684210309368702,2.018234742200591,-2.4202073713833707,-0.837119356283941,-2.740861796433865,-0.4354653986312682,0.7689520906054037,-0.8049629346415137,2.1488663636491188,1.3467183125317734,2.8905540564704606,1.1898653797914092,-0.8925464039909903,1.9189901351839174,1.4378098999617372,-0.12737346451921772,2.5649459733222058,2.2211876985346457,-1.861056819140435,-1.9731526303095417,-0.43392209933085335,-2.856313171070333,-1.3653304088581708,-2.87988299802173,-1.969281083724556,-1.5909525945552687,-2.757511967256218,-3.3507795132428777,-0.19608601401946985,-1.560599512588353,-3.048465329728945,-1.3680497376170586,-2.6113698880594582,-0.46826370281110197,-1.1441432061358985,-1.39568554341692,-2.255380154138758,-1.0415668736960821,-2.1055552847527403,-1.6168230364058003,-2.201018505215357,-0.5835589417642597,-1.752790710018159,-2.8822818741876945,-2.231474249432513,-1.109820897996617
81,0.8838128699992513,-1.5516179261844645,1.2323392739212364,0.7811022182345496,-2.062238476396722,-0.3902382784338102,-0.06036142658210153,0.5841247296277533,-0.48129058234141814,-0.9591611528777642,-2.300540916353304,-1.0638322662175246,-2.4292723942427528,-1.185439264010847,-1.9237300252392293,-0.7864694545364093,0.5550099390619252,-0.9468087600816518,-1.8005423480150184,1.4006130919142719,-0.4709737844481612,-1.439629541550946,-0.3387280724414341,-0.45846828314352694,-0.15529762269155456,-0.7189565375086326,1.7233841217130856,0.2981342277560737,-0.8992969490065326,-0.12745586286300803,1.4955165184615078,1.0294723313815695,0.3934221868449357,-1.7665124914414936,0.29044111165204445,2.042609451012032,0.9812914572921756,-0.08201230336457299,-2.222516348979006,0.20674312462188627,-0.26292947222334295,-2.3917505296355976,-0.31415454355848144,-1.4037343084181948,-0.8079344393356864,0.17755015144297137,-1.6158342181370555,-0.05806774964396956,0.7293933015088515,0.785573820582373,-3.090791707340718,1.6696039486404943,1.4124018681483417,0.25814652901672686,-0.5396963186764612,3.0607574040053915,-1.2282780136223013,-0.5717003557979867,-0.8224169184872998,0.08909115581840554,-1.6240127810238878,-0.5761163402935514,0.31557550927832956,-0.7169481082985779,2.960575563228693,-1.7087181979999526,-0.6480480730702673,-1.6766963606536693,-1.1520338481785735,-0.576884856964679,-1.273495570485006,1.924720465857224,-0.3074599049962775,0.16911827730642007,-1.1745115999871367,-0.09807913208840446,1.1517400401846838,-1.196174268652173,0.3482025292387253,0.49126794946699864,-0.2019285351244306,-0.8201220694232275,-0.8601672527215107,-1.9619025596996384,0.9525339566362874,-2.1491083667509776,0.681662448570088,-1.5166376653309173,-0.8809534337329741,-1.296851186822692,-0.21621778093408306,-2.4003472763565896,-0.14495771147345882,-1.1210604515996652,1.3071173653684172,0.6990606229149723,-1.5355804180148023,-0.634282767278964,-0.15114618810386804,1.5609100593249177,1.1506943911443162,0.19618175922442171,-0.5785139824915766,0.47348913546206894,0.7457198751825387,0.33471243039482035,1.0184916977716565,3.526729053951274,0.21284949711599088,-0.6226366429906479,-1.63416518959633,0.7597793914822337,1.384010594426988,1.872977926550294,1.3050075051950973,3.0678151718598334,1.9250107910471956,-1.1917900092098475,-1.2181960860464174,0.006941703451213671,-2.4140466967663916,-1.0537377159778205,-2.5880505257583923,-1.5534132495495627,-1.1013360095338722,-2.1159247646117607,-2.8681670160156467,-0.04673351077163576,-1.0384541998428964,-2.234449682214496,-0.994108396916158,-2.2141860391877355,0.14779707615492943,-0.770802774309759,-0.8625614293080652,-1.7051514117661304,-0.7608266951598397,-1.2657767789081762,-1.0747051481589813,-1.902986992033484,-0.3197779661975623,-1.481163941388665,-2.2983080332348607,-1.7166773104659336,-0.7330993319269674
82,4.149733970669325,-1.2663714218568594,1.6469698232079486,1.1559827251940127,-1.594365005733458,0.20650272516664125,0.7434791226151195,0.9148732670163319,0.6123009319031572,-0.6711887322107488,-1.7168030679257225,-1.019190233441924,0.09486733747791698,-0.38305945959783716,0.6686905183879,0.817125377867292,0.7557912689090949,1.669048996485822,-0.9414209226950074,1.6754961094561376,-0.29371772201052737,0.7746435026219625,0.6274397668443763,0.4747060511100958,1.7796571215820194,0.5088239947298865,2.1467898644721513,1.0520457152318374,0.37225796595326877,0.3034844163258281,-0.19927334891167747,0.46774474443414427,-0.8503835706922123,2.337690562891183,1.7610857002639442,2.66722533135666,1.1106130504037395,0.06306361565600913,-2.2392588406595655,0.34793096161110965,-0.03318787411087015,-2.1146057396933235,-0.07458566885404683,-0.7381632124847333,-0.4036324732107805,0.49289280733880725,-1.2977683359085352,0.6952077761980235,0.95662968248227,1.2076652129455747,-3.190499147049673,1.6693198311617419,2.2797966246400816,-0.8721133111398548,-0.6356043501403493,3.6151732180188745,0.3643972827766129,-0.4932354226535592,0.7476735132359038,-0.4629108026708393,-0.41466474271354614,0.5524563474379471,-0.30231405597250455,1.083202239717022,4.3220926368494545,-0.11322927251604087,-1.3272805135372443,-0.8390549723535399,0.4634039348053822,-0.7864549479759084,-0.8352495072469381,1.1200134704017644,0.9153615311076595,2.400733472181212,0.9205762378392452,0.10985085861375454,1.6267658939204637,-0.773857059416966,1.6439894134873911,1.053762933540622,0.5847956669839706,0.6378951262746639,-0.3680967420403647,-0.6895374306925153,1.1790448342954127,-0.7388103631831762,1.742722165731272,0.329860952200538,-0.9394622423524706,-0.3039284028077993,0.0653172247634628,-0.5520326474329624,0.5524097224618822,2.004750593322374,1.0479537111527657,1.2028488255758338,1.0226143671198686,0.5620584544958829,3.134929687642372,1.6433926179431504,1.0510824380278079,2.8127637003757977,-1.8157313123380026,0.2444824015506608,-1.4018011298719966,1.1300015805708377,0.5284958291674107,3.728916253313226,0.3468001605238593,2.5949794454785455,3.0005457141468646,3.0754534276410426,-1.3381207262329295,-0.49797913326347376,0.7517779135982352,4.3539139638514435,0.9398889844195879,-0.6249329722876913,-0.7514783794949028,0.8007317508313656,-1.7206157369223039,-0.7862811644706031,-2.348288023034942,-0.901588327651482,-0.876824955250034,-1.848920617776578,-2.6374201298173148,0.44739491866019465,-0.6496812272693027,-1.677919261015711,-0.4317469547716724,-1.8589505973979867,0.3338822580900263,-0.20147221504498997,-0.863245224614411,-1.2252815675703674,-0.28596278196572217,-0.7863745585387492,-0.8562002775702787,-1.619822098399457,-0.16029261510157716,-0.9919565952952702,-2.0114243133303593,-1.2893451633022712,-0.4691232951601602
83,3.1309164867925023,-0.662154727819023,1.35413596459634,1.324334007654979,-0.8544109425928698,0.1574394904760219,1.1663074258282597,1.0343359376647454,0.7080103374881074,-0.26314190738075816,-1.3259295203821684,0.08099454228600345,-1.6420447129489164,-0.6028127314786541,-0.8697164628986824,-0.2972426385456377,-0.18461300582775642,1.800791683082065,2.6058632001604436,3.800737798089137,0.09541583605075421,-1.2053243877230164,2.007432190935724,-0.1401897786105783,1.5666231209018697,1.0760338730696533,-0.19008851221188544,1.5151843488022343,2.4874416748704795,1.5717456864905006,3.29027771601682,2.0660006768933354,2.588220589968361,2.346361576120491,-0.4554636970157466,2.8363760560967037,1.5450931728078856,0.579412202632985,-1.4740752777177555,0.42690868376997493,0.7547618183573774,-1.7683192582078335,-0.3022321931784039,-0.13944040626168192,-0.22432361333305584,0.5725007637487207,-1.179191593796348,1.2393425663219682,1.4909127578152732,1.6612824414912128,-3.0045570653302525,3.6393298950245128,2.4835225256667073,-0.5857629213959125,-0.11266338294234668,2.771555282701768,0.18905657747821902,1.4235628614527647,-1.2390305357279199,-1.4079486949535127,-0.6836247606735193,0.867587317572357,1.4622203454529608,0.14228174220379497,4.346726510049302,0.05707683315823453,-0.9838657828185804,-1.9349195788982494,0.6303530965545583,0.10237360644381788,-0.10689726362157415,2.6665379478490383,1.688570781688411,2.551901486088863,0.43986862831203455,0.8439522093234273,1.5193163098676132,0.28020336226184717,2.3360121232434654,1.9394834666790262,0.6941620991644769,0.46037352122451547,-1.6202091453714162,-0.2864904076258019,0.5294803109141062,-1.5052642053814784,0.8976349693585721,0.57926205950863,-0.8859901002830558,0.06500187182838069,-0.39909387589626527,-0.4881634491180682,0.17000702790999278,-0.28818922907016226,2.8613638965947086,3.8249520335986853,-0.7743163702443923,1.0913867913511133,-0.5021815779025091,1.8343275660619445,-0.3852896291324619,-0.9487840599409338,3.3944749735022137,3.0742975641302563,-0.38829305914419265,1.2493809747412614,-0.12097654493271315,1.4444626352182017,0.13740268180810944,1.284845840406909,2.8606103076505858,3.9269748453366744,3.289688429572272,0.3841295972361326,3.586558787623203,4.328971479890309,1.4369911351547993,-0.14676326906618606,-0.5350518088661611,1.380940343936848,-1.3918813625342434,-0.5676914484771273,-2.0744121458744904,-0.6653944336077782,-0.27656034916677835,-1.3150189122738318,-1.9300036667092546,0.6885970782846131,-0.1612609432553047,-1.213371949321051,0.41338363033627995,-1.490131541777077,0.8286248293854669,0.3501972617746296,-0.4221011694563037,-0.7737387184254629,0.35472566365847313,-0.4349117362246221,-0.26037874238848524,-1.0885186557104276,0.5952396922806411,-0.5132994787909042,-1.5040783690517734,-0.40631698492697377,-0.1356807834857014
84,3.5276173804186164,-0.3272339368224563,1.9245620515133628,1.3902341393748168,-0.413725996568564,0.5343359325752737,1.3757289092951892,1.2513924274438375,1.1692902629089708,-0.16385912767695437,-0.4711372788387779,0.7918863918919335,1.4094179405769207,1.3921881009318393,1.4679208094025298,1.963686700299278,1.5182148689407367,3.309278719388801,0.7381503428349002,1.8370980895456284,-0.9427738004283173,1.8101404978743538,1.4983661899864993,1.5307082095206945,0.4916572344271179,2.8904595863449525,1.3470740761447624,0.4369427233533665,0.28859049337202114,1.3902506249696174,2.916718055548206,0.6273479766834859,3.3050057883394284,2.286315259609066,3.0117250519171104,3.2159284049272783,2.0730813111223534,1.5882900857192015,-1.5474751380290293,0.25375391134285086,1.0065249531103238,-1.275655520020225,0.09929802803012056,0.596790342034216,0.03617737459348502,0.8242632204700584,-0.854812750127769,1.2229850636070143,1.7361199240769563,1.5656349213227239,-2.7869876169866457,1.6585864699663764,2.0668015127510464,0.5294021767255723,-0.443192608707011,5.096592514412654,1.568694357542227,1.1805972484700455,1.543397640343124,0.5060279056233055,1.0469006912350325,1.4015155705823363,1.2608257262742177,-0.016335746064287338,4.380243580069952,1.2650737135585477,0.03633409228511941,0.8536321997774297,1.936149557164474,0.7390519810850897,-0.0947022351632767,2.8930812786336664,0.8757818001846652,2.0505053415981873,0.9698775414647146,-0.2619685767247529,2.05405682092275,-0.02121227719186658,1.420999254141521,2.8783902807287136,0.8027801136024655,1.5999404513550222,-0.19418594541743395,-0.5364825885695633,0.5229379747848141,-0.4294877883575614,2.330072962088859,1.3831052481395358,-0.9280652720061028,0.2699032059734683,0.7422242911335641,-0.8858242421766918,2.4900848233822908,4.013015299476825,0.8589046836481997,1.0061604497440835,3.7713371880616613,2.453258601459946,1.752687063716675,3.527540287119947,0.280771441615168,3.873713359583807,-0.6218425998454026,-0.5852916402382828,2.275418587145325,1.562585952524893,0.06961926480755976,3.362881150747381,3.028209788854746,4.454261562325559,2.510504790141218,2.385516612618158,3.133577702165673,3.9978373781757472,1.255109290914663,3.9943096345506084,0.761838719231508,0.4012022173865282,0.3742206366970926,1.7928556461481397,-0.7200526587576451,-0.12950671181475226,-1.4004635740093996,0.06874945711398472,0.006101898426851188,-0.9275944004798498,-1.8378481784406078,0.9112922015236593,0.2736938812342298,-0.6247000947941377,0.7520020616660064,-1.2141199461361756,1.5100244442192825,0.8850862468336632,0.10662760121935222,-0.37644036795633584,0.8249278788418709,0.3450638728057437,0.16678939527917508,-0.5263620120697223,0.8044530493656068,0.2911614119344161,-0.6260317731090417,0.0451178978350012,0.08335283537480613
85,2.537480404400538,0.2247285037022541,2.194503563893313,1.5969088825870008,-0.05614922609230483,1.4098879748706872,1.8340680712176678,1.4656598935446785,1.6401994429373026,0.15235641547128828,-0.5839179540650195,0.7278032806899506,-0.680403705916379,2.7448611334670616,0.1982265413447607,-0.3405679389780822,2.8461492094836833,2.1408585942789835,2.7439080841321513,1.8712684159060338,-0.01534778107423973,0.4036312796397037,1.0588946335586684,2.2062332161121345,1.45096868572014,3.64920701426182,0.6375676182649902,1.8455719951064744,3.994693757957931,1.3918925448854904,3.8492424675655585,0.7672785719859181,1.1486746573401714,4.301719366023452,0.925825457057444,3.5943467468140518,2.1802791051862007,1.755468846093377,-1.142284849353031,0.3109112209069247,1.813237675075465,-1.0289803587515836,-0.06515323548578364,1.133058749142427,-0.047837428386284575,0.5021088041602224,-0.2516055414460742,1.710234843090538,1.9217551233549628,1.955683046687719,-2.1206954789248202,4.463755682861843,3.4417111516373486,1.284428711308274,2.5609375781899133,4.92106823591178,1.822154182753462,0.958514956763686,-0.028877161952937547,0.06480580259163904,0.15166666559415098,1.3276943987653849,2.0613137980751985,2.1829107250324533,2.8132595648169296,0.40587847580826497,1.4133139753922581,-0.994308246684826,1.3836924896505085,0.19125953457197342,0.8701623926437645,2.284573320822383,0.8366401284142436,2.87849376672954,1.6442185788038115,0.9176347823194546,2.777696000972866,0.8121308506442071,3.4046323395490097,2.4635059274875557,1.8830515777476402,0.8493817098670358,-0.25481469616944485,0.8986465950920284,2.650156000777515,-0.4108907797972478,2.3097459632170683,0.7787040597030742,0.47901756414920316,0.6672983698136643,1.890720667116443,0.7759491662418059,0.16981541555618465,3.70522427992989,2.0552305257345513,2.0955064104544405,4.824927887051878,3.5420667959550873,2.8157713667796562,0.536477937409444,2.866029836944731,1.3996862773847574,3.7352184719560855,2.063614711062361,4.363890465618331,3.283547210423671,0.229649897272727,5.968596167343009,4.986882681561935,4.547001405021961,2.8635158677775525,5.993892770667151,1.2495880224517877,5.027222166802222,4.015848258391112,1.620933531721744,2.188147441810032,1.106308979582964,0.5638108625667652,2.130017589109302,-0.5848258058014212,-0.12866568955169133,-1.1345467660661002,0.5302731697643152,0.2662117557007716,-0.41023758768575486,-1.1064453847190996,1.5504078275301607,0.30682023298394506,-0.4210742771565403,1.4108701777910644,-0.49027935547414336,1.8900202320499955,1.5083458241405483,0.20887957665376972,0.2419258243982318,1.4558108392917208,0.9393450627082754,0.37061231294771835,-0.33329145247298947,1.253096955050851,0.6955523031859486,-0.1077765746992076,0.4174380241638766,0.35559324466580716
86,5.664126485481164,0.7740185408802966,2.0493351828025452,1.7148283069665053,0.5929763038889639,1.4023347520555796,2.2286122765557645,2.612464450173554,2.123371313899752,0.8134070047470382,0.11353677256813144,1.4627429988848193,1.6786937828952162,2.3400174842517742,3.342952411985512,0.07527124215120912,1.5504072197479002,4.680566099604704,4.282650849970583,3.897234814276481,0.7541280069695645,2.1379747216206413,2.94780842263028,1.4433464835807446,2.753365872831434,4.008331595006049,2.585996413925656,1.198035824523947,3.631584101787363,4.039657715740635,4.2646203331806305,3.7636529582020075,3.715188323763887,1.2562809244340718,2.9729082968744125,4.060376940709512,2.3727576885966704,2.613430607270981,-0.6210382915110159,0.6373418905060495,2.4032214481830203,-0.8281001022398344,0.0988889595391087,1.776163233659132,0.02630962080102109,0.9909577104153526,-0.1570914979938019,2.0539007438799004,2.0151701047779413,2.546344543849581,-1.7918419291194763,4.026152895791354,3.885498113245318,0.8304499764257252,2.5381388050944445,5.1285752037905095,3.681308233219131,0.25512115412280345,0.5202036005618786,0.9503696140203375,1.374522451570591,0.7689965437173578,1.798300632906399,2.773714659772054,5.172219038967055,2.7602313563261065,-0.1346219265231711,-0.36885587368306655,1.675956317415192,0.8431450561449736,2.3097119744478984,3.2709389365834007,1.8510887680831916,2.571050707599362,2.047317460565529,0.6214859589626301,2.36419825337051,0.7613490596682764,3.4249428120872834,3.7539028935548844,0.9730217724025361,1.1490729241601934,-0.08695932144262397,0.6235630032373192,2.2306140375937513,0.8325728491899782,2.0786335621563894,2.483476781508494,1.4878462811948543,0.7093024940208333,1.7188440687120607,0.9665120842943493,4.086565945356392,4.768641471638363,3.3263580102479855,3.571948445208694,1.5032758142988571,1.2143644503319722,1.8709605577475292,1.5093580102351531,4.406016927556241,5.399998658548949,3.778760879240305,4.556090422712323,3.0756852889278474,4.6060961549468775,4.7097337737493365,3.375922284107677,3.656261578453614,3.668452919431424,5.262909461725735,5.925056430845614,3.1703204112683423,5.832821764242947,4.365263351429087,3.1558558150016873,2.728208507971944,1.6434217216628215,1.330480158246246,2.7683350825358874,0.00275127982666884,0.1738898141217171,-0.5299835749120878,0.9409850989684988,0.7941365599402351,0.09293513794497688,-0.8465250250441082,1.8085442170537764,1.0156510576909368,0.19100027273472775,2.0787406007573037,-0.020712607412689432,2.105937995749038,1.615261266489576,0.9568334584518007,0.7749010820837356,2.188705627776154,1.5009549202502552,1.0512317988310758,0.3650342062327476,1.411182647770662,1.4894130128271634,0.037202561363057,1.2148017530786908,0.8673224668009714
87,2.8777594530872217,1.2896928106308938,2.1690413520969303,1.772019809216606,1.0323562057940896,2.245409050059016,3.266343413025955,3.3658021533256597,1.5673562155069725,1.0096194013964004,1.2129541067473586,2.4807878213082915,1.8613652530298384,4.538691013689314,3.6000464091828714,2.8182115982197473,3.5238773374816033,4.585872958167434,4.601421125851042,4.383603304656537,3.5647507775494405,0.871330429763604,4.462247151727434,5.521341169330115,2.217085673601781,5.076245302792339,3.3861226544829455,2.7870770486947976,2.7269685279235354,3.300386146414386,4.606529930052425,2.333518451853813,5.530687660447748,1.9818817319284108,4.613635719775157,4.2901355244801485,2.6803215778574065,2.6656525034804988,0.13576509095931888,0.6040960873431569,2.466853176982268,-0.5061711936194406,0.6933653760569017,2.206953363430923,0.17874785831592704,0.9622949264655883,0.18170877379786127,2.2424421001095234,2.0338684426635063,2.323435021089927,-1.7609869547962698,2.9416761151064827,3.5605680692812074,0.49338558818018335,2.645921155514501,6.27689052413286,3.2817886159243654,1.8575162894853037,1.8787958033365684,2.1655032077392344,1.67192863451429,1.551008970200215,2.5414380899007774,3.283326756689682,4.442791944780877,1.784166668453868,2.069948920759094,2.147216637574281,1.6188149518704789,2.3496355997923186,1.950235263307449,2.3589203237817955,2.65685870971791,2.8652126153801083,2.973382220991855,2.0750608523713665,2.2149489967885034,1.2802648270581674,3.1451399587002875,3.920332500783318,1.8736565407726729,2.5678825315272005,0.36266007491740254,1.972160828813573,2.985229275207148,1.4821907755125356,2.0278541205628002,1.9596244386380608,0.6788815922910907,2.699925698237983,2.3785910546993656,0.7662687751376877,2.6707870770537507,3.339229782655626,4.156445780997975,4.30029863612981,2.451443549004704,3.4459129096154038,2.183284667132304,1.275781949319891,5.719648019401962,5.171900118002421,3.7637746327519648,3.362526943479016,2.7619112619154924,4.158663629649373,4.320579252305236,5.506557396424718,4.683148473559293,6.3663790309518635,5.87522330553509,5.2701369952832895,4.158843062523406,2.4170556730067005,3.4872677470372984,6.566422407408832,5.812043450350258,2.256247747702507,1.8664758531322958,2.93270112794405,0.5198867103287513,0.8782037324961924,-0.2923297643116991,1.5642280141270237,0.9830946035718507,0.7274052846850876,-0.03802582840495666,2.2634158634559847,1.3267981650155738,0.7966563078801366,2.58339272700851,0.5626052819623671,2.9049283676623636,2.233543116470241,1.004748564374314,1.296840220965508,2.6730942638091735,2.230771596612554,1.2676277466301513,0.671510123515168,1.9112180287006477,2.0367653373316514,0.5908233602099392,1.6440822904732952,1.122313020121664
88,6.058337886712751,1.895806060914265,2.50477805775416,1.799127407084404,1.9806664142070458,1.956211606038479,2.9368236223457376,3.5942624626880613,2.2094966402963574,1.7390672863926175,0.8477873088855074,2.490788538696258,1.3624190830848106,4.594236063625107,3.0123997204750257,1.7763421301185813,3.675982346621229,4.407081764653521,5.392486815656373,6.3175428613706766,3.6794181042526497,3.9808261778808998,4.431712582168965,4.585376335790492,5.48314362262233,4.47598282111251,3.8022202865575205,4.660835635175435,2.666869298901553,4.61625447447683,3.7954658611585232,3.49869859729569,5.362521463047775,4.893464568952271,4.629392921212011,4.49129899973997,2.926300396456876,3.2871666820366356,0.435521878865375,0.537860349117214,3.4432505812724044,-0.08824414506055123,0.929662918204789,2.6303957811990255,0.33364912958986787,1.4886262875934084,0.6740857292031206,2.9131435600221063,1.7917908649471073,2.9366925157592543,-1.3654017029228895,3.362232209559388,4.173795212010093,2.9022865726953437,3.2198354096399426,6.17772193789821,4.582199798896946,0.8509126846069088,0.29986209256071805,0.8966505396565777,-0.06581981472297072,2.2373486638518703,2.136733695429717,1.3326232378007528,5.141921401678259,3.283813667315616,3.4084181803165086,0.5361434555833895,1.9147018789819013,3.260634219049512,2.4011323877355033,4.633828677490024,2.452323777977613,3.795887304061034,3.5232357518014537,1.4317779937878141,3.4265783102642438,1.9537179333887558,3.278127059228839,3.2246668797896727,2.777020419283334,3.187741705495052,0.9477670304573218,1.9908587736745065,1.698727890068341,0.6870254672017906,2.3320647447845344,2.7304008515961695,2.231989772016907,2.4354960480996715,3.5212927152516276,2.268669847256425,4.317825455282431,5.853155186256089,1.7218747449056764,2.3920639433570487,2.839888135294756,2.1785406031160472,3.996607007905612,4.369129286394702,3.6185505278941177,5.854444864530212,4.4651372860187415,5.844710261088748,2.8098912370195306,2.580731553014984,5.4501877941278565,3.174396189115242,5.785277486803192,5.130072264170167,7.088384923678065,3.0945263856488374,4.083898632854364,6.549698360337121,2.3361966187178744,2.707337823432923,7.064527676789773,2.7102701362622317,1.9867989259847485,3.1975668020128283,1.0895652152313906,0.8816254780940911,0.35747247209414046,2.0123921139250838,1.6148720082274268,1.1859851375572439,0.45622127622067565,2.6660032225293913,1.6355933642036342,1.4183534283446204,3.0186767563195915,1.0289992382736606,3.0301456510618245,2.6928332822023497,1.315186336475716,1.5835207815817516,2.9201246719861147,2.7645328350654905,2.0048965270883303,1.192965749635322,2.0901216237065543,2.335015249931121,1.5096596995543876,2.2527555102102537,1.5156205848217343
89,3.8895128079407186,1.8409249957346139,2.844024066363413,2.2905487698816156,1.9931686044184336,2.7144389170167473,3.9891303428695393,3.3598643771156365,2.540617742119349,2.833632409124215,2.042207213540995,2.966945019941323,3.354989252128793,4.84983993763303,2.779700142917579,4.042710683989516,4.645659126504087,4.235364075172466,3.601061984540199,4.518269192368083,1.4379703596390143,3.6278185819295237,5.747171706689604,3.0495872915071387,4.000661753398658,5.209444793144108,3.225809792847455,5.858500839913782,5.217965536427351,5.455753372527191,4.686705665249515,3.751019038736711,6.32110494849063,6.785755397200099,5.331286590186592,4.844123575903643,3.3092863283552982,3.6375596492181947,0.9506927789452813,0.9541059606934044,3.730824834958551,0.08255006267168935,1.040957271653689,3.3093123674040337,0.8496187426022476,1.4665176888966045,0.8128145717353648,3.007844049262419,2.3951879629780843,3.123376330143048,-0.4545845834894441,3.6254331818167738,4.600842646639222,1.6974282910067067,3.1383660704683245,5.070370948561678,5.495184806774521,1.175065449163248,0.9919789628020177,3.3511345529348495,-0.1405207519372735,1.8025585271304407,2.797420996712926,2.0084702620193546,4.575494409714845,2.897916018239393,2.1954622165075124,0.9325214905711738,4.710498198272743,3.100817675470835,3.9229287379871955,3.2792301606688206,3.0654166997392824,4.334343375501691,3.863720772715428,2.960295517119821,3.0349234864590375,2.8110814115613763,4.805200256761332,4.594058895123244,3.1345060881783358,3.213354150130047,2.375264654278275,2.5651966451051558,2.383427611498197,1.96560889170329,3.840881959727459,3.7170655742125907,1.6985992772678853,2.7215994857673262,2.6620781189551015,2.665312258592123,4.014227038852805,6.040366551852943,4.7852747396577815,3.8231994608640303,4.444276587987924,5.242509972189678,2.728889323813311,6.412717838218881,5.540377844856668,3.5530668951977904,4.793743360498589,6.097519776689273,2.4722355951678554,3.191691437363544,4.007268897061328,5.614723000832987,6.486091108239322,4.0341465846088935,6.473059742962648,5.7810004105805195,7.459336555058117,4.175211458895921,5.3582225006168205,4.120876625193491,5.894971834112464,3.324412824646345,2.7349426156645187,3.9578420439184154,1.6593833460113534,1.0793827133139131,0.6634329244247527,2.675162877344096,1.8021871728588144,1.6331195756419998,0.642053928091961,2.699271584144755,1.8411136919566116,1.9855246867664982,3.5315644036118683,1.2714976079087006,3.4646392748902137,3.0409404267397373,1.7639873414533025,2.182053389735953,3.4860959481590816,3.137161065766185,2.3318453527623038,1.6130181179182934,2.6632235564447595,3.1400057882978873,1.7580566782702376,3.0406379242793093,1.5139416171839177
90,5.319036767210854,2.6609616547064068,3.1018141901279863,2.401535124682411,2.595047431399684,2.8316459275040757,4.096552088433877,3.6481978432982123,3.196713979588992,2.917751089986169,1.8254059453611111,3.585683719743795,1.7834225828080486,4.179472625089029,3.165098649738811,3.7277637634136456,3.372922537724411,5.519490839222996,4.847029249902059,6.982477580729588,4.257207910627424,2.027102227972634,4.1248046887468615,5.786760466359274,6.384633835551059,5.281634695514697,3.5455086064288572,4.066736078034971,4.711074093413396,5.645776746270437,4.698486543037024,3.963249954779595,4.270386753242818,4.7423811724501155,5.239636736397401,5.024979540201611,3.6023884977542435,4.194444518435107,1.3443794073033033,0.9405231114854007,4.003975498034083,0.4666813336181438,0.8823363458249577,3.8172726086441666,0.47577389238863627,1.8853953253522593,1.3164301043863484,3.3485120754396855,2.3571286222383807,3.4338840909919277,-0.2922896468780418,3.43893596246476,4.200992597621521,4.308557065741825,2.6058298895025054,6.158433149862471,5.431448503862258,0.504527888160236,1.8046357659900583,1.8964836016216486,1.7860392889610117,2.8719826277669256,2.6675804459395205,4.0564389695843595,4.474358818986182,4.0907825794717825,3.3765899104530614,1.9776872538373742,2.7414265302200977,2.5727396111621488,4.154650560809264,4.553337121412234,3.6099053797201437,4.9646718854388325,3.471838625141589,2.750773744804217,3.6783705481303004,2.6104173807903717,5.457952019182377,5.133744231779907,3.522044902993952,3.26030611968641,1.483447231243758,2.1345890370679834,2.5733875417902814,2.4324053367955996,3.577755647096324,4.128033934614308,2.1708854669900832,3.571571257023848,3.5264360219193724,1.4713976002925628,5.726503362688925,5.6278318496931625,5.624915947232541,4.808616861558086,4.636876151027504,2.507494795500407,4.375283932353047,4.5078043794371805,4.030300175209534,3.7290439488416887,4.918563288936793,6.503527400609796,3.0022016388706474,4.41752991365635,5.412871919389616,4.6014367354214105,3.8950611384773777,6.238007047536954,4.40954905982248,6.340288467412069,5.050785673110396,6.967982473922318,3.0868578961336692,7.410209933241974,7.418136998776534,3.9182929944165767,3.2474677253799475,4.312295179973369,1.8841991919124652,1.6969103025292587,1.3857762485027423,3.313056962085197,2.1303289078867618,2.134538372829514,1.3374480864783254,3.0273493828047466,2.473156739750379,2.3109863864293487,3.9444712074286716,1.70252477626588,3.9767350993611497,3.6059797960907103,2.051299931289117,2.6145925231000193,3.7699472386652904,3.8363475455722953,2.6171606984919378,1.8941392067068201,2.635941760460049,3.3053443860568796,2.5199471562764293,3.6684936578023315,2.0170536255353264
91,5.929756365783721,3.1675851353523026,3.1503901149086153,2.6802292769735825,3.235975498844728,2.8452263976827292,4.516346379728581,4.594518563256723,3.7746595901191045,3.2182669098140924,2.3807922101823333,4.41156584686667,2.6858886992045323,3.6212153824967324,2.707074063700603,2.2385271806897897,5.360980587676123,5.916637203732488,6.198915437600787,6.372006104177695,2.5331069367249284,3.3461009627211853,7.430645792205649,7.611396730256065,4.585681410526143,4.339053101120976,6.007981592304059,5.592856095437441,7.562122415986206,6.800697560534779,6.02819820991497,7.037755420164318,5.662696193651684,4.751815794080794,6.519345749316899,5.084898318114289,4.021578300060674,4.594846518844012,1.8147532609319081,0.8215562523546402,4.320115413811071,0.5312763363451378,1.083222928030856,4.014007576358149,0.6836724201327498,1.6119106386935027,1.46802834141826,3.5941957614002775,2.0828981173312138,3.6381480337431737,-0.18804651773143072,5.675036061490694,2.511731452408372,2.958957410670954,4.727292928122627,7.083673920418224,6.789885488340628,0.9140005591634948,1.669750773968662,2.0441836728290985,1.530862778264682,3.705181187516012,2.5883037144182657,2.4577957674954227,6.112927513287232,3.6035234064496704,3.9566595208453257,2.7242642818657585,4.208320081348454,4.264179632215407,3.531896421621896,4.73548280768666,4.593061524274746,3.9385824362916284,4.8987635294509815,2.9388641459094416,4.933622534167752,3.390361443932749,4.843783412994597,5.167350813172073,2.8256540110851764,3.943501844381055,2.440197593441328,2.980877655453431,2.536596802624348,3.8512416909906317,4.438304347614347,5.287013798552287,2.5570492758640206,3.8676634665280663,5.3084766774699705,3.409620729681639,3.255197687753645,7.063325674960655,7.195586906737808,5.890199278512939,7.374472787481735,5.795045143757658,3.937170913776767,7.740225698281003,4.5925310672034545,8.288142481564877,6.869620780043514,2.8364860475772398,3.745381274436254,4.679690487183954,5.711127943413345,5.33516267620328,4.312496410308757,5.158024455591948,5.631503749395536,5.333039989516774,6.290944076322285,4.096649292017192,6.695116628133391,5.347447493308325,6.3926813130341875,4.236477259857693,3.3963758771594983,4.554479725973919,2.538849309286924,1.647941234732962,1.5334944602847886,3.7036828357327103,2.5305454778576806,2.648921547099257,2.0075371492737855,3.387368533849078,2.701330307084233,3.015082331664159,4.535080330876496,2.1957513750811186,4.129294628982036,3.7026285486163184,2.504766684333818,3.112176480769981,4.329198064863627,4.163105359388326,2.9719631775881736,2.50947903521365,3.2443335836759863,3.810000919817128,2.6582414309836304,3.926268652864644,2.0831480060855143
92,6.920805714186619,3.1197469500714425,2.8966204437913383,2.351144702218664,3.4085448545847528,3.9622762424341915,4.90741747546602,4.766656922608387,3.7832060208031555,3.9772734291670773,2.7310154593963207,5.122271959349657,2.9239878482516586,3.9975185101119886,4.376246360932924,5.184845869504508,6.446468065306975,6.7296953002805555,6.658527617980132,7.016786464419619,3.481589126848726,5.28132946305469,8.174550025473067,8.132749111231274,6.545015645008522,8.104334922843227,6.962100124958862,4.881765051908959,5.836558317870005,7.467106081136487,4.886189149614442,6.5329424657946795,5.789874546239763,5.740084758475581,4.89285800436021,4.89307664179783,4.086853610887172,4.710979355465623,1.9501680225830809,0.6919873698314639,4.602326241281236,1.0316808546640455,1.3026414367974761,4.272457020000055,0.7733300052544501,1.7278882120448702,1.8856481435735013,3.7402522485539627,2.2600390187802706,3.522653476114935,0.5643333682141373,4.158797301255759,3.3783840128938105,3.5420164620078767,4.282652046699487,6.295479998572793,7.332007589867388,1.6283472149062281,2.837252273613784,4.772276127566364,1.86728536691382,4.629753510130694,1.4585154763081012,4.784998915741252,4.775740006623536,6.239744941754985,4.451416974885411,2.9922176348281178,5.954836661737094,2.8086739153268176,5.0524166025806565,5.3520045442258635,4.745699573441887,4.446347323694161,4.290139581815265,3.732125582383487,3.9368953678534666,3.553774244840768,6.0133799774867285,5.467068858192819,2.573284298401544,3.6761862205446376,2.7235687453761748,3.2287128833278036,4.021633056149423,2.703923224758432,3.5378343840766773,4.664465678337664,2.1309279734223154,4.676604187893021,5.430596510822152,2.7863436027645263,6.290223838506131,7.061842753530534,7.626027638229497,5.401425662769276,6.135939357048324,3.5776815940911684,8.417017740749502,6.471946680259681,7.304555735691894,5.954966199399308,4.530077611802255,7.60687448699383,3.950646636472968,7.998761857746288,6.359435979721324,7.066403164969369,4.943175069907074,7.114867544319038,7.028676218569637,7.837893550873531,4.36202422613878,6.2991316298372935,6.237018654569831,6.767441898502392,5.83297655629877,4.697852126153116,3.7480632946255925,4.61761262716679,3.0723094248995597,2.1610542194270552,2.1211584968512742,3.8542259601439763,3.0697600145584816,2.9184039612759336,2.467908259039788,3.398024178329542,2.938253053304533,3.4460712179427917,4.977283528136758,2.530528602906893,4.600035740372179,4.198842313140552,2.881896781192676,3.5218058039909788,4.720149732700847,4.445392766779384,3.363530481480133,2.844932152300864,3.2487108254266026,4.496804318610545,3.393379085377252,4.528238872022083,2.566738365059754
93,6.605283805126543,3.4741422686340075,3.146364625864928,2.504174580019338,4.335499257234379,4.086342130219958,5.260349346017954,4.585233773224562,3.9995089702758553,3.801216271698053,3.833228686644644,5.6191359461894415,3.4795853967898576,4.108693694812064,4.500819910883169,4.822736291786556,5.493670358786573,5.4168035773223355,6.395073807435666,4.989943648653296,5.842105696570282,5.446172305662639,6.684884391773419,6.824426439643198,6.27069584079203,5.203275464922728,5.2960060122956465,6.441888456494289,8.772683771294995,7.584118659656437,7.853431399637796,7.035656309744587,8.374580890350236,6.7594604999448435,7.222957014137112,5.360195295375561,4.196766009910328,5.154946247665052,2.6251902892642223,1.1164550490883485,5.249811565615505,1.6009294328933512,1.2304747136322958,4.578074444916784,1.0905647225358286,1.9543464503479022,1.7179318101783099,3.6926602455379,2.612992240273244,3.494785194876267,0.7203540605599276,5.786794322134625,4.780389181112687,3.5763261286532324,4.492841512011996,7.030291913105075,7.404221238915657,3.2075769519566704,4.397607833778901,5.376795127129213,2.9514823570616047,5.356373238038035,3.269274483625483,2.495306610596712,4.311195434261073,5.391180995209716,3.0620203337645155,4.175746850358804,4.891649005130549,5.501997620770217,4.853686346852042,4.4272635577553405,5.5796100754125995,6.054523488802314,6.303370489358203,4.371431904416311,4.494422525112852,4.358101697920585,6.308024129827759,4.892350421152995,3.323343083442846,4.479068601811402,4.146217502846438,3.8753437940301514,4.059243164283095,3.807512383461286,4.359443298015675,5.082525426666251,3.548826406799936,3.6671217276110823,5.904477951683653,4.0619389830384565,6.056926316238664,8.016393364526609,8.233380408418293,8.624218205236328,6.470123467113769,5.56609610464038,6.063419910737252,8.53891601679504,8.960435550167453,9.1822947870327,4.225033843799334,5.721660163555873,4.095433764888521,4.016608271880875,5.651649684920807,5.247258453764279,4.170479172038631,7.359885496496056,6.290214839545066,5.092200610974133,8.474991031087137,7.483488558921588,4.3370636265524265,6.411484147307007,7.794340343957268,5.05758905816306,4.525926995487596,4.904881743784339,3.5188045988625074,2.414504686893437,2.660323886327661,4.306256955469346,3.233688331115447,3.280754020062798,2.811312190193382,3.852491169761214,3.417253864725331,4.10349486655121,5.2221790552953875,3.09187985581659,4.856305837325506,4.6333576087151815,3.2074661609987754,3.9599234660155314,5.132298067248477,5.164179201132714,3.611169940714847,3.436118816070309,3.4731960675779816,4.564886310296646,3.571972124466217,4.703320927091944,2.4826983286714186
94,5.457949396260943,3.822332568750198,3.1289204430715336,2.4188958758719386,4.697852071949959,3.974478065433681,5.0725301734827,5.391643357801013,4.426466910739993,4.8352230738155875,3.6547513785223837,5.164582649183182,6.342993107765299,4.689847067174674,4.167069507566625,6.110138916876382,6.257220841563874,7.790137063472687,7.497715782048678,7.939599647802637,6.632988415160081,4.928473854840922,6.008113594718949,6.89693684303494,5.887225056552096,6.345775638750068,8.429785938047349,5.516124243933931,8.178798373572997,6.3803633145875995,8.83885978783372,8.763672838982774,7.829405512132967,6.266860752474963,8.872509228902098,5.269735212889045,4.0668814412968635,5.703864831126822,2.789011651304059,0.7874770271004249,5.67206221623108,1.6467272124144072,1.6158962416136813,5.200314151280975,1.4528454319375288,2.3538186302682242,2.2435047754663686,4.442376969040966,2.3640113566880414,3.9342045085561783,1.2455984752636355,6.576096826022646,5.3874051877283895,3.152120340876957,5.967396501165339,5.718821617091027,5.504999905349247,3.4012957179503194,2.5976167724939265,4.241538144789793,1.0887509996329754,4.241297169428355,2.050395127715049,3.165582635141609,4.948040683908495,5.112713328870775,5.853749075812552,2.8115968910517792,6.618675499576449,4.790442136379319,5.035147632662145,4.917031339941815,5.411375900582688,5.188313144009043,5.8951970549795645,3.9434996376763087,5.078421903792279,3.6814435441222675,6.4585133901874725,5.714937398234812,3.6414574752905535,5.572834076903626,4.035281165735178,4.349161186346128,3.4043169987657445,4.2289800390951005,5.0190846464011285,4.869308526311261,4.527539366203868,5.213467389269756,6.279241645100897,3.2020440642009427,5.622691162863832,6.737160833781003,7.169316678415649,6.057557035426541,8.798153137902068,5.663599959472516,9.687301576168332,5.290140312324962,5.897507296805479,9.465372075643646,8.125924595206442,4.248845409462069,7.760250574532323,5.407899660495167,7.683718041689645,5.825022145895419,7.905732856871704,8.992054652764574,9.665092414770589,5.75686958538974,5.625842212817148,8.809896758340109,8.339170014067435,4.693843283226478,7.319672593325894,5.338378347550844,4.468210885081822,5.290597688869464,3.7526908700213326,2.359884486913547,3.06644034018478,4.646537665181475,3.4295163368698147,3.902084563841591,3.344992493404327,3.924456849287536,3.6000044251723944,4.585495443174929,5.43415515682982,3.3931887390235858,5.130478434213092,4.921825703423901,3.3758081773614537,4.300463975138755,5.199952801959863,5.564789495875042,3.774071315932287,3.4287584852829447,3.837572805270377,4.9106869523716155,4.229023360555108,5.181408496111464,2.964955204257704
95,5.400984985932192,4.200588800500979,3.257183343570622,2.5484155169058282,4.968074587121017,4.174013694788279,5.833256185638687,5.936234298113794,3.8314467254009474,4.690261736856837,4.220213893878307,6.19839556891485,6.339769293822576,7.588375050715987,7.6940232081803,4.959024924468644,5.223679858207273,5.763432590496529,5.222134273441805,7.455934296158069,5.109723701556455,3.6132430733122063,6.551247113889447,7.5210248531107515,6.511487366692471,6.224442091116043,5.81805945199154,6.045819607697896,8.861552831294823,8.999354591422307,9.002200897918959,6.736820576297266,5.870853953513895,9.1556771714719,6.508410760098837,5.132048892469672,4.164327748392385,5.858454608869165,3.100929399093406,1.1802474617076557,5.7592240274344135,1.9611255099834701,1.8206878925509538,5.49061727114915,1.533861484141243,2.4464388628921117,2.1486472755416917,4.282475321328467,2.2141838069565902,3.8912379445233767,1.5977758820222547,5.319255816419512,3.236277488819128,5.214207956340848,3.7351033474249413,7.30564668656649,8.458254649271518,1.7180457953913613,2.9902562135642166,4.263168908453232,2.8721342673936556,5.055046245447183,3.401246741078067,4.1183534889852185,4.516942270435226,7.516207253300696,4.516821902249824,3.812053867315926,5.879213263827374,5.339165101164538,5.9056593231563514,4.682914054879418,4.475969686808038,4.928578292979882,6.549271476872386,4.752466897239229,5.0171342549347635,4.916030874834101,7.159428773372493,5.699265858220576,4.848748776208652,5.917798033685386,4.519118010407342,5.457964911758479,4.621473298776799,4.9571111772382395,3.6947736629775236,5.052015292750019,4.953010911237205,5.807849509269069,5.548317427049611,3.6829617511663186,4.899760107785645,7.052610904138726,5.0652945573723756,6.576634265113556,7.609956733303507,4.485038096281073,9.377382374643375,8.28628691857076,7.519792215008001,5.468301506966057,8.56944437978921,8.474984224136625,7.10265120753112,7.529489595896808,6.2666575986199256,6.371406640718272,8.036268060243906,5.907382947819974,5.7776704716644085,8.860843850106964,6.304221367394002,5.827837266419134,8.557972860919985,5.430063522899274,5.902149692024461,5.868682810650722,5.035578546749268,5.180024830290041,3.9995811267133776,2.800891697723236,3.289270713811928,5.173179017136112,3.4763295531597636,4.326983207977348,3.688979064181105,3.9836668431509588,3.977582435887803,4.741623475971248,5.877060530478984,3.581867716340344,5.196986895450137,5.096646331715879,3.3520111446859318,4.658947266017664,5.707570725050098,5.699759178637706,3.973116703107399,3.9557385552108704,3.9065818624205377,5.329186809272395,4.621047658187806,5.738898765877092,3.0978479495965128
96,5.818506861102322,4.339139045437272,3.319657035928798,2.882798376348687,5.276769822707046,4.527236352783184,5.683050351576909,5.957380103776372,4.7338582689479605,5.803778000075757,5.251277514138585,6.732277029807421,6.2971855342196115,6.417851561144353,5.353972864002302,6.523617110887755,7.871614077838658,8.694645663026224,5.781624164301089,6.164423985293677,7.294270187666784,6.528359894193894,8.721885209817746,9.329342513845187,8.390034892975912,6.14842779887131,8.541015340991603,9.39014173347297,7.359913665071585,6.1449968180223005,9.187329122562401,8.015887506811467,9.155332706360296,7.38165892476691,9.069467371626036,5.101972985911499,4.231745999535005,5.679349503035173,3.386096244934273,1.0623216295264357,6.096665266479639,2.255091895390617,1.6258768626136242,6.051422882427866,1.7511358139571713,2.081395769640296,2.5299010574892584,4.396190745693131,2.2835718156266642,4.087602227502131,1.8371639158324198,5.853041627889646,4.162617260934519,5.8263080831651415,5.9029123735550115,5.445694819788451,7.90747643845401,2.922336399692708,4.909821073031706,3.7555030511571332,1.5146064180596919,5.184534354774921,3.216748834075382,3.9484842628009265,4.206868920250988,6.557655958067272,6.293355690671522,5.5909007364343895,6.0123307902554055,6.040500565395602,7.023521411371661,5.199022218033906,6.456646144582864,6.555892997177644,7.06609773174974,3.7538577209990267,5.393209155699691,4.8398115982296295,6.1451156205431205,6.590650559065441,4.726401952316683,5.851342130515962,3.6188833371211073,5.094289224358064,4.091601713596631,5.800076683392981,3.8697545192121794,6.438714417757076,4.849326283502737,5.324761576416202,5.469977461578529,4.477488869965245,8.182847809335918,8.258300338692045,6.629616790398631,6.900091510380242,6.152663086982461,8.410686079233281,6.6418956947852505,8.102811576037356,6.334914944647483,9.227018811892332,7.625701142469562,7.626120901658244,7.515376424810276,5.685647577123875,7.935451987465795,8.416031049188886,7.680286968213853,10.078315637264673,7.481712992862637,8.269665470620572,5.900816564666213,6.013330441194267,4.648589994438845,7.606622013314932,10.704256587603432,5.819419442336979,5.279698405173099,5.6642955469565015,4.6837856201951045,3.141210617187897,3.6850255506569867,5.127556226371816,4.066358044126494,4.703667228713609,4.004296033394227,4.020960716242732,3.954923524614353,5.15800177875038,6.18543722527727,4.1336886188446735,5.127760270557728,5.1048686552737115,3.52585807718753,4.590339568564286,5.8665707980773165,5.849131245096131,4.402665673327261,4.440359268325271,3.944048994805455,5.594372876326979,4.952090443659174,6.043246061824944,3.174461918377022
97,8.164830713287571,4.717471828191172,3.512948317908307,2.51698324990821,5.401641839077869,4.729446812436268,6.143340532492437,5.32543127077033,4.130319985255519,5.29516904920305,4.941351122619057,6.313974773527198,5.228910088279357,5.226398638486204,5.3023084101582985,5.434080244317199,6.834042999154619,6.986627094005242,7.673042823773606,5.46352491999596,4.5061078139417825,6.657614087991219,7.949663772449182,6.721067750305657,8.714959074082113,8.875706980852815,7.360453620559888,9.371659912843533,6.797007005496474,8.321301114538873,7.399481741625921,7.816204646871838,8.945898910322736,8.009715866161143,9.233077392796556,4.6341914882459,4.4127441871319935,6.059544023934664,3.530349657007026,0.8947571666266306,6.190531628345408,2.5771888085479415,1.6558075366293867,6.24963135706106,1.491119871659911,2.569770025206658,2.659221379941178,4.381238221778515,2.3937105742621037,4.2469504180793,2.6951027843709268,6.7456663452883525,4.188128630847139,4.616130697995738,6.546501581999781,7.280207509582086,8.057025088606453,4.091469383068059,4.838111788077178,5.2854324713295355,2.6842568580343986,5.824668718522508,2.6134098151652356,5.331483644748639,4.197867671530096,5.739722696855103,4.916604936978596,3.5704525017689797,7.82619838420445,5.978309224034977,5.397667385426214,6.3693671936310965,5.0721422409478,6.297483839448617,7.119289153245379,4.054949805015495,5.990863076751925,4.494974444145031,6.546995780061554,6.842619556862262,3.429371846314608,6.266488968335536,5.732518882688172,5.951074653554439,4.791747962253982,5.874425197301623,4.719019464795392,6.705256804035116,5.22568881727147,6.3830868834168175,6.73258520823944,5.705612657749091,9.034993831404803,5.631774007498904,9.74055922993583,5.566385425942183,6.8276092068493845,7.45528749384529,8.679767521362699,5.292179796373035,6.637893883266707,9.915391034533211,6.861330016972568,6.899560299450329,8.397810870826833,5.707583705328569,7.237493253543153,9.977135010287299,6.015869530117346,10.148756331522858,6.258645620384234,6.716268512144838,6.992552313870576,9.608831752141668,7.5732664969375705,9.128174681902248,10.76282398510765,6.366927553111321,5.6551427352308385,5.60710915291367,4.791277048098544,3.123004692292568,3.945911240476943,5.578273187050491,4.108816960956563,4.907972502583448,4.431180790582077,4.355175270432321,4.407111894161501,5.514299755419133,6.507921325479116,4.4748294669534765,5.429334557087215,5.199728952939839,3.9382869386512707,4.8537264846263675,6.171082155953364,6.355148100452784,4.421830690103777,4.572174817543117,4.211869716178134,5.7454571645750585,5.280101821219992,6.101908471756547,3.372342117262832
98,8.154851507106244,4.777275180208851,3.0612127843084522,2.58423272650369,5.398147475434271,4.563410431795858,5.22398254229023,5.887709315461208,5.143946088136594,5.8930062876723,5.104187639872974,6.769313118451055,7.178969413845023,8.466203813852577,5.953423539895285,7.4521016496716515,6.880608687316863,8.736690912254574,6.975405777051131,8.619464408355459,7.784987063034773,7.058365501578757,6.871233372473664,10.117840796272628,9.899302587047508,7.143127632564656,7.281872592015573,10.30596486771259,8.913010155253174,9.285101843748029,9.866841809228006,9.038065461288133,7.844299965092805,9.87630511063184,8.600019273933272,4.572050828679115,4.269557321476484,5.905944242388328,3.901449117284324,1.1868303249430934,6.019700257860287,2.967793067731557,2.03271724336476,5.987691672866731,1.7643246548281701,2.3343885615594866,3.167961517385682,4.649656262200129,2.069367624632035,4.124976635204029,2.808881589613214,5.253511452639618,4.453359221791218,4.520032690605387,5.727069529077417,6.958176657392802,8.376946728371056,1.507817431811994,5.2901889209388955,4.352870391557287,1.7014814228500972,6.697087077721135,3.90034736357387,5.672759426285362,5.561628028380135,8.210932958334801,6.663368316646798,6.102773369111107,6.943742327546523,7.237298681206729,6.116386359070325,5.3238369285719225,6.431174537836064,6.0405434386774335,7.468981093280977,4.759278641339058,4.8420593093693345,6.672936684588084,5.8460761927534195,6.55987053416504,4.79743325835082,5.312915549474636,5.005482989723392,6.6725904721796265,3.5675248421453243,4.825201758799721,5.664218587788991,7.099367005917051,5.803260119266904,5.082616473472323,7.126576834445601,5.2003167275299464,5.059695895824784,6.906763836377264,6.121269441742392,9.41495614179366,9.391645538342885,8.515542134354952,10.330711728016366,6.237990596263458,10.133466375891558,10.93266458058346,7.901635291627467,9.540914342005271,6.0042650276331395,7.42985327646865,5.387279770268915,9.375727872371845,7.139250852434748,7.233856474384484,8.173998273705505,6.929439597342359,9.170538706328255,6.723875612804324,9.695210760935549,9.23556516638406,7.979762263383527,6.172936145840063,5.62961868548046,5.471397876105969,5.231104488471633,3.3216470642298743,4.301158014004437,5.700597071334628,4.177582389342605,5.116291296586089,4.561390686635866,4.193181551414284,4.351436586254478,5.762647833117083,6.546107866433641,4.66675702441197,5.383749231278407,5.375236734796936,4.184395508075696,5.356340006816548,6.199328585752517,6.460679236984694,4.610426395157078,4.624863740520502,4.214842115742381,6.284087773054171,5.342267904984685,6.479298410729152,3.3136086948038246
99,8.847541233660246,4.924011316907233,3.2261062057046397,2.3115128329373618,5.692592901995002,4.364626078883931,5.851640684891818,5.3113944995167905,4.898189688594226,6.163046643815904,5.167375155994794,7.33877629326302,7.684701986085974,8.46186778577993,7.958095814209249,6.303333877710205,6.254645520963214,9.734376057385981,7.313289922544221,7.240218065271253,5.32397240627313,6.627929927426889,9.47420906760331,9.33951722993553,10.167389605513685,6.817887967198513,7.949954128925139,8.236711152852417,8.133576153862998,7.377163589311207,7.833891689678044,7.374987929199693,6.971371194957525,10.247851617138371,10.046477497204801,4.358464627389594,4.3722487865223245,6.0589621580858966,4.311835583092133,1.1898066828710667,6.102754180728284,2.854893754186816,1.6832984928502868,6.143124291081501,1.856069154437774,2.548299643880055,3.1564304160528187,4.350609195468083,2.380713523436947,4.113341789097265,2.9001433138596795,4.565195647002183,3.774463140739228,6.443086469911608,4.876679614772442,5.330866728332658,8.684845355240311,3.0671801233622427,5.399228417764261,6.9793158925936964,3.04487744501589,6.816081564088181,3.5903018744619573,5.494304917761414,4.2943550727864785,8.115391142230525,6.535689507485837,6.562622667255811,6.789647624040343,4.982859033500396,7.306000720829632,6.216757865623563,5.43991546516817,6.096206046470464,5.893492973420887,5.9771454958796735,4.988023039244094,5.459980523189236,5.94795916321872,5.379770682565197,4.846198109970173,5.508068349516368,6.374931300987859,6.039815280072541,3.5215796580977705,5.727111639780437,4.606606990080992,7.928217485660327,4.534248140376885,6.322208686131408,7.124707007492225,4.5599802079409555,6.881225027577189,6.390793877490014,10.336195259500261,7.782998343623313,10.22656977382852,8.409710276348669,9.749743896437458,7.500430488431462,7.999284562832336,9.450396899918601,5.672762341287611,5.682833333289015,6.234010279296193,9.40765283357021,8.116029902737889,9.637764634239918,9.659026087903763,7.781473129692099,7.675137479774864,9.922599083553948,7.213217781863306,8.721431411816917,7.342795421048471,9.480851529220685,7.180161745947611,6.33330372794174,5.712497206464013,5.449553853146322,5.394759974742022,3.536756131500024,4.332292933888157,6.043591443910642,4.306328025209931,5.227584126257319,5.115769401147575,4.463547021471518,4.603180837711051,5.907377249020196,6.548959681596875,4.737199508803018,5.393649332833415,5.296695844483327,4.328981957815203,5.5523970360875685,6.164204900059622,6.588246242186211,4.834715303470667,4.9874899893090845,4.3407191000243674,6.1112341945031785,5.869095709494697,6.623766612364075,3.2554305309416245
