,00_NORMAL,10_NORMAL,11_NORMAL,12_NORMAL,13_NORMAL,20_NORMAL,21_NORMAL,22_NORMAL,23_NORMAL,24_NORMAL,25_NORMAL,26_ANOMALY,30_NORMAL,31_NORMAL,32_NORMAL,33_NORMAL,34_NORMAL,35_NORMAL,36_NORMAL,37_NORMAL,38_NORMAL,39_NORMAL,40_NORMAL,41_NORMAL,42_NORMAL,43_NORMAL,44_NORMAL,45_NORMAL,46_NORMAL,47_NORMAL,48_NORMAL,49_NORMAL,410_NORMAL,411_NORMAL,412_NORMAL,50_NORMAL,51_NORMAL,52_NORMAL,53_NORMAL,54_NORMAL,55_NORMAL,56_NORMAL,57_NORMAL,58_NORMAL,59_NORMAL,510_NORMAL,511_NORMAL,512_NORMAL,513_NORMAL,514_NORMAL,515_NORMAL,60_NORMAL,61_NORMAL,62_NORMAL,63_NORMAL,64_NORMAL,65_NORMAL,66_NORMAL,67_NORMAL,68_NORMAL,69_NORMAL,610_NORMAL,611_NORMAL,612_NORMAL,613_NORMAL,614_NORMAL,615_NORMAL,616_NORMAL,617_NORMAL,618_NORMAL,70_NORMAL,71_NORMAL,72_NORMAL,73_NORMAL,74_NORMAL,75_NORMAL,76_NORMAL,77_NORMAL,78_NORMAL,79_NORMAL,710_NORMAL,711_NORMAL,712_NORMAL,713_NORMAL,714_NORMAL,715_NORMAL,716_NORMAL,717_NORMAL,718_NORMAL,719_NORMAL,720_NORMAL,721_NORMAL,80_NORMAL,81_NORMAL,82_NORMAL,83_NORMAL,84_NORMAL,85_NORMAL,86_NORMAL,87_NORMAL,88_NORMAL,89_NORMAL,810_NORMAL,811_NORMAL,812_NORMAL,813_NORMAL,814_NORMAL,815_NORMAL,816_NORMAL,817_NORMAL,818_NORMAL,819_NORMAL,820_NORMAL,821_NORMAL,822_NORMAL,823_NORMAL,824_NORMAL,90_NORMAL,91_NORMAL,92_NORMAL,93_NORMAL,94_NORMAL,95_NORMAL,96_NORMAL,97_NORMAL,98_NORMAL,99_NORMAL,910_NORMAL,911_NORMAL,912_NORMAL,913_NORMAL,914_NORMAL,915_NORMAL,916_NORMAL,917_NORMAL,918_NORMAL,919_NORMAL,920_NORMAL,921_NORMAL,922_NORMAL,923_NORMAL,924_NORMAL,925_NORMAL,926_NORMAL,927_NORMAL
0,-3.1520605860165736,-3.3018770243453157,-3.5902093030018967,-1.9697483452416087,-3.1395861904848137,-3.8119425671967138,-4.297704319853661,-4.385077292200332,-2.8113079722626235,-3.7544515893982355,-3.392161958096191,-0.5745431655643287,-6.597266004352783,-4.507271489779673,-5.802920840722797,-4.77795390616427,-4.689613353174376,-6.138429887307163,-5.320322059893394,-6.147186612714849,-6.270832020450191,-4.791870560822989,-2.769060034582141,-3.94552508259892,-4.124088036138015,-3.0890651499123356,-1.8066852997486222,-3.0964326500596533,-2.745206015220491,-4.1174926883624,-4.182879878942676,-2.4271680531680833,-4.850239453730118,-5.761486319781558,-2.587876967771452,-6.2670670705633675,-6.322764515555823,-6.5341487730250085,-6.354016545958408,-6.563595559811381,-6.305200541548855,-6.503365106744487,-6.146929993486328,-6.7650420184586135,-6.447644659254977,-6.605467620985131,-6.085896870342625,-6.329806224147101,-6.090858731665744,-6.715806009255502,-6.4470840225826045,-6.030631067536492,-4.934000554517504,-5.8206156961020845,-5.86973977560063,-5.078668342051072,-5.507675527482721,-4.8795430609751405,-5.5816454661863055,-6.222180276372448,-5.4931497655588455,-5.370785835300305,-5.399689962385964,-5.123446202889923,-5.741095502822496,-5.272338143651653,-5.796696984446079,-6.329048843871768,-6.005061436453828,-5.095424403263075,-5.70634665078442,-6.117019196650326,-4.968411257641291,-6.41368295349406,-5.560392098264011,-5.912347329797504,-6.0221423515338595,-4.8909444970518985,-4.727001192325735,-6.204169814090134,-4.905233495209348,-5.012717671228292,-5.100807414521398,-6.248604148324044,-6.73058565926972,-5.968445211047026,-5.770601051011352,-5.505427194714814,-5.142402297264599,-5.886573097765604,-6.401667978476336,-6.467626953854395,-4.934118738725164,-4.616246047751155,-4.187586376021931,-4.3129110603547645,-5.802211855248269,-4.190034816485958,-2.3855029768221616,-3.9781498823934434,-5.8528432104533845,-4.511901021289157,-6.114489954307602,-3.6386276293128925,-2.543067405567106,-4.362209014394568,-4.2571076856484025,-5.370623317352233,-3.6340369654098765,-2.3029843840514435,-6.597855874675768,-2.918832129074878,-6.57928218068792,-2.955309426637924,-3.2529717832411746,-5.197291942025169,-2.2221540756581835,-5.7091163644098675,-5.851757583101023,-6.059551780395439,-6.328569029840324,-6.023212497728211,-6.051344311149972,-6.501087544600484,-5.538449354321161,-5.9222949381613335,-5.342955808461776,-5.816394841698037,-6.060050012303858,-6.022547651630152,-5.790328824462311,-6.135767166719487,-5.730973482420739,-5.93112544163864,-5.443470767723108,-5.480561984485905,-6.2357145757365045,-5.519972994217341,-6.018947211521136,-5.903427763268488,-6.08434252064916,-5.474339282119012,-5.326531278635141,-6.381214515184446,-6.560668146492706
1,-3.1820338349841193,-2.2989755445401836,-3.9319748475770844,-1.2864418039071044,-1.9606914412790375,-3.316103809457798,-4.381185849980124,-3.3145910866081754,-4.062162677596139,-4.5519374230568665,-2.8897956426331284,-1.321237172385353,-6.529764228834237,-4.370731636879596,-5.859953028741229,-4.703126197055138,-4.898825424316748,-5.200636423415025,-5.664952754574542,-5.937998425468539,-5.639876620997917,-4.9645552312220556,-2.6401594699563997,-3.9061934030338072,-3.7911467591872765,-3.09106906772361,-1.9984776663738966,-2.8162710109999765,-2.6903536298612694,-4.103060436185437,-4.059428375107513,-2.0587531373416095,-5.109403576059945,-5.749306782988812,-2.4612372768755235,-6.0343439083770765,-6.24635253778185,-6.3171898057457,-6.3027167672942435,-6.471785443134842,-6.258839610387151,-6.1806208318876985,-5.962202894064375,-6.570807372266225,-6.4197393765654125,-6.410250522102213,-5.914770550667726,-6.25070251766398,-5.940815670512675,-6.620118845549117,-6.301040284498486,-5.894070331978292,-4.776460863564267,-5.652647227469744,-5.718504681188667,-5.027898391351431,-5.362261827458476,-4.778104911954247,-5.501232735657495,-6.155227699274754,-5.328201493307345,-5.285053896558192,-5.275276132345863,-4.960977430372877,-5.633943552921459,-5.2576719798267435,-5.6207340998598685,-6.204700586248003,-5.87421242359712,-4.932060774462149,-5.8056016963011,-4.928232780865245,-6.118734079377201,-5.998937496568415,-5.160868075176989,-6.427776573244973,-4.8700042635924445,-6.144793582630879,-5.858441167011509,-5.3984213707496735,-5.526330026738469,-6.512406688353545,-5.739089275679322,-6.384303303168801,-6.394423804386494,-5.153398837591494,-5.654555701463787,-4.8581568081607145,-5.635170971980776,-4.4235988912322695,-5.109818857708461,-4.85775578635159,-4.328148066393895,-4.691901605145677,-1.9172929926144908,-3.728713242377288,-4.93615005948382,-4.005993202208654,-3.9848869303111787,-4.901301003085731,-2.290623474952585,-2.8317863288338474,-4.543557161505722,-2.357343630479072,-3.32022995477804,-3.088391950074679,-2.9790749611249088,-2.6631080300566623,-5.105513377910842,-3.1175227284361475,-6.4813695973764185,-4.59039978159649,-3.3792469947330512,-3.8426233281707893,-3.447287698099883,-4.157644122662376,-5.671891290147665,-5.557217738698948,-5.842041650530942,-5.669120519048429,-5.627779811801663,-5.41196581572949,-6.348873045686674,-6.37192845231492,-6.391503498342138,-5.577089747142774,-5.388893130226262,-5.6037758886282925,-5.87070102884817,-6.22695225515507,-5.906131823081533,-5.709481725542779,-5.40884520858027,-5.988439439763939,-5.927640112360178,-5.337813025773337,-6.022168688419147,-6.049536112019576,-6.007255831244744,-5.806844544357352,-5.331407560365788,-5.418987098756614,-6.0281659446352664,-5.757826372389851,-5.784553205040948
2,-2.8354238884613645,-4.587928966776439,-1.7327710429748011,-5.000078742214431,-5.374770455886588,-3.191393587209123,-4.903464207410483,-4.376723961864081,-2.7575672027324294,-3.9357224726397004,-2.5076187423904175,-3.250135562053873,-6.152693076510433,-4.372079941112578,-5.717549377906326,-4.773985928798633,-4.725219543716059,-5.231852385144293,-5.081404595763839,-5.838994635272048,-5.576227696807742,-4.843362923269318,-2.562182314104407,-3.9272003983047945,-3.6789238737566534,-2.9247557532806288,-1.7884733206129633,-2.5177295463054454,-2.9228872344146466,-3.971953038052297,-3.8993242034954188,-1.8912556291543985,-5.032539902725333,-5.6071602323948335,-2.522412068187752,-6.016865149165272,-6.128828417302662,-6.263444558984967,-5.9644857750510605,-6.116983379923351,-5.957743502055823,-6.105672483451956,-5.915913530584891,-6.36424484156547,-6.2102058782416005,-6.220338883637112,-5.715343418793656,-6.050732965714422,-5.707976064768812,-6.222239647808245,-6.26883815490385,-5.789506880356031,-4.64923549297727,-5.352314197163136,-5.476207378766904,-4.833803729794163,-5.151028081056446,-4.614946585196988,-5.279731047732269,-5.925694604679595,-5.224510496437424,-5.026074826913731,-5.176488638019948,-4.748860651320881,-5.452981759304354,-5.122856968542318,-5.386554972336914,-5.967430405104345,-5.82277448349253,-4.705025474132348,-4.713190695020135,-4.731243198896595,-6.011940086501594,-5.798129860589145,-5.771857837834325,-5.479490122997438,-4.199511089108695,-6.000056899225556,-4.61832895969533,-4.373059554675282,-5.14490492003127,-6.315433828146019,-4.689532781551954,-5.342069615477676,-5.114229016532672,-5.487750354617596,-4.617409398478023,-6.07268227796337,-4.599681698270469,-4.3073670861746844,-5.365876316281072,-5.00089261947476,-1.5523442556699898,-5.161814263799669,-5.560469648407497,-5.27983350495087,-2.508565844803233,-5.391780784769449,-2.0661263664736182,-3.5079201587063187,-5.431936734318479,-5.914596736032294,-6.3323351932628285,-3.9010412522528797,-1.6293828184429238,-3.15157885626305,-6.019220814677361,-4.174156016455973,-2.4183688841632,-6.031233147605861,-3.1957296081877735,-4.03646397092759,-2.9030830314157607,-5.617401571526019,-5.5435133360421895,-6.198086855628572,-3.9065785168154994,-5.5829776442274355,-5.412469138694366,-6.108601064909478,-5.4192114954069455,-5.197602011113109,-5.973456227532325,-6.197321161007814,-5.797490838632543,-5.374795626602377,-5.982607015296976,-5.660350892072868,-5.595889321968217,-5.716710261627948,-6.041046850562465,-4.984769022943959,-5.084581380805464,-5.514709731410252,-5.686740269818353,-5.688586476333254,-5.24596797081008,-6.001148305204989,-5.5116738679322195,-5.013424640799632,-5.63735708701349,-5.574457138419338,-5.278063882827892,-5.349232873538243,-5.700597351992738
3,-2.6888060397484463,-2.0580957516606757,-2.0728561703810957,-0.9251811416861333,-3.169573173043167,-3.4159198692451196,-4.065702763826796,-2.8137666758081745,-2.7902576169681783,-2.628344311992388,-1.5488222097064843,-3.1890659851257475,-5.449979855323523,-3.951914897138788,-5.026219273232598,-4.49587183786751,-3.84952772257901,-5.679273349949604,-5.054931712290561,-5.182397193884476,-5.640262264098935,-4.647854597643262,-2.4197043156952125,-3.8253170429724457,-3.1889414639324416,-2.8613238018566434,-1.8289615338756233,-2.151530107634362,-2.899312355730682,-3.879193423329214,-3.8695094081693493,-1.8586083652811813,-4.843565006245468,-5.385711652038147,-2.268198020677543,-5.780110816106848,-5.862854515475971,-5.941500383460518,-5.834783298575186,-5.924432945143029,-5.700426873589107,-5.675494919300199,-5.534407340812796,-6.023213361711755,-5.928988143256765,-6.0060184064574145,-5.579819507873125,-5.890523027179408,-5.4813140849186714,-6.076078544718232,-5.983822013882659,-5.570804873848006,-4.378017105661042,-5.1182396144242155,-5.276256762348813,-4.648537415964623,-4.873856540563548,-4.446549137602937,-5.197199331280755,-5.7419928861535885,-5.075891199316667,-4.8291650731948526,-5.006691923869059,-4.393628930669051,-5.285089942475598,-4.93123152939855,-5.091694520321244,-5.748485046884355,-5.6579549869428565,-4.448955497592496,-5.8950304620572505,-5.3670930367504575,-5.202600004302305,-4.713057404485522,-5.957121711398178,-6.070108131201231,-5.170162786008685,-4.380770746469537,-4.565297463432513,-4.845413153386762,-5.079615632514693,-5.154542811574904,-5.257649705076677,-5.583425688830296,-4.983880731094816,-4.492277347459015,-5.243211887122619,-5.32575212878789,-5.823818505009795,-4.6310664787690135,-4.792248106025564,-5.12890451276466,-1.3826081304846989,-3.7167038732422055,-5.06191969065873,-2.038306590272577,-2.8850398282121925,-2.468108337936755,-4.489707115353501,-3.962947346802309,-1.8320190076604623,-3.9238297714541837,-1.4256706581349183,-1.5054218489522988,-3.281038349470181,-2.4766270481117973,-2.0183129771417736,-5.036005609311265,-1.3536586436391858,-3.737664465671299,-3.623063825088911,-1.393655344598555,-3.4335510689862354,-1.2807228141559923,-2.651158982241796,-3.386715169913211,-3.2994176618024063,-5.723376786695309,-5.6245764028646335,-5.12992212619082,-5.564246317548421,-4.766915743666337,-5.977214723208086,-5.533258627399891,-5.724516368365301,-5.812968973868144,-5.374681370409846,-5.4725345181923135,-5.2008710837743095,-5.024638151308691,-5.766611722663362,-5.1868741892055725,-5.359414717000403,-5.447960969641574,-5.777919900314315,-5.120693828286622,-5.331942028411503,-5.466336235813907,-5.13773004691545,-5.354130344699854,-5.7003535882281735,-4.872221132037144,-4.638532851069324,-5.926194316868877,-5.7833553032869
4,-2.3106988053314064,-1.6387585196657737,-3.880185245252901,-4.689918319217974,-2.9662033751809576,-3.9696468336819604,-3.8245819043027893,-4.985438123591014,-1.3928528779813538,-2.514709788258269,-0.5320427647426418,-2.591521672492364,-5.328138801575645,-3.9738052901294894,-4.499413191315788,-3.932559237004878,-4.029717847233274,-5.396287731781186,-5.309288837961727,-4.73689119551056,-5.153996942606144,-4.467279459457507,-2.454715561015188,-3.5916075470862237,-3.0892261235166565,-2.543569051036708,-1.7205049381730972,-1.9297410891703457,-2.8250705077859912,-3.464050445532519,-3.729317897428948,-1.5257783319624725,-4.7281389258542905,-5.367052765829524,-2.0343182102385424,-5.440020003197228,-5.5036321340419905,-5.748981466599896,-5.379819305575067,-5.7469689870641005,-5.517252899560587,-5.536653844339333,-5.161896365120324,-5.692678237578492,-5.7089717426694415,-5.749958674040628,-5.282643256081583,-5.477143016322488,-5.304998287655945,-5.682785848130701,-5.742389749575998,-5.334154206464139,-4.17921333737833,-4.8868463379604945,-4.963137332819403,-4.340855192962291,-4.5943418520134385,-4.246656265834407,-4.976126014973209,-5.520256624334865,-4.849530202006643,-4.45060545368639,-4.689673529181027,-4.0868899858535785,-4.989679805329293,-4.685051002068019,-4.681977465273649,-5.491403186528572,-5.488614900084066,-4.135492189008957,-4.518084040726863,-4.853722533393425,-4.129636775771749,-5.042166840865122,-4.893388705869466,-4.7955692916305805,-3.612884754826192,-5.647831972548486,-3.917631288899507,-4.955346362772163,-5.281339866860882,-3.9368842799780794,-5.464892122754786,-4.367371280753877,-5.713760713015802,-4.746032336686801,-5.379160785502743,-4.356788607628519,-4.729628437279856,-5.15299325981183,-5.220842147565061,-5.044886482624674,-5.484342568536533,-3.4576754414237683,-3.6444425834768417,-1.888134052609371,-2.222067688100337,-3.333897811838074,-2.2541253555206797,-4.672495703368315,-4.514695277309572,-2.1499316705533897,-2.885009288120038,-2.0003478566183417,-4.550080574116286,-1.3429921383770855,-3.354151165234096,-3.442690861291555,-0.9341244878048522,-2.729625481944774,-2.4551784790544646,-5.199789440670406,-2.6935419151926046,-2.8288868953933104,-2.7443566771571106,-4.987395556347818,-1.0337454865155182,-4.742517685775879,-5.136734335572041,-5.669592924991051,-5.242191996652858,-5.157534422371719,-5.604961004451034,-5.178060168771242,-5.370706017016024,-4.979905986266848,-4.797238346131268,-5.187934721414917,-5.325556402527697,-5.631037831137066,-4.821674181412301,-5.188836575859802,-4.688939736769428,-5.690814219749723,-5.181306069307572,-4.791555031660555,-4.642490923597086,-4.721446194538797,-5.167534765550074,-4.498542286307187,-4.898988172499182,-5.364870963566989,-4.503006348724919,-5.725238458615018,-4.5196448555377575
5,-1.909914581461337,-3.307262163259261,-2.962966960623454,-0.4211119961278853,-0.852871238887341,-4.02990249741665,-2.5605729017165086,-3.782544240446582,-3.0426996984564028,-2.517348926791475,0.27719459172643157,-1.702380490212187,-5.3512056253631455,-3.730491112052187,-4.248872698191069,-4.363187551890932,-4.120999327709107,-5.206493645262843,-4.9057571117650856,-4.944341469676788,-4.8729328396146805,-4.140871093048411,-2.5514766123178063,-3.5841257727136524,-2.546715166785151,-2.416364657373804,-1.6490769150329558,-1.5258568692967311,-2.4400431336713675,-3.497299587020813,-3.153765133485265,-1.359765165898943,-4.343230865965957,-5.1129812186546895,-1.6633622472512457,-4.99097962592882,-5.339118935874142,-5.200242438766291,-5.00405506005021,-5.226301929700388,-5.083297355027196,-5.079327939930115,-4.817517369770082,-5.2462871168982455,-5.257809581547426,-5.353017590138599,-4.9814221855697545,-5.273043191413309,-4.8009278404406555,-5.399404918624785,-5.371832702376703,-5.0415262838315185,-3.9213116874635756,-4.560717578622488,-4.63230979770719,-4.13513915367559,-4.169033473891621,-3.9797253286793333,-4.692036259548919,-5.159897777825095,-4.674342526739366,-4.148029125143574,-4.486983100454657,-3.769482854796395,-4.652947442202722,-4.4441803218972105,-4.313159962707836,-5.190057767273785,-5.320652975946322,-3.798489186623016,-5.180680042885427,-5.076644834166913,-4.555048721951733,-4.225131788335568,-4.542968719060781,-4.231834729239537,-3.234411486638165,-4.888041094967802,-4.49094417111138,-3.981302077194015,-4.77774496586042,-4.6100193268441245,-3.882810111162352,-4.704983192118305,-4.833181169654696,-3.879741268204369,-3.547534712893346,-4.2718410899720105,-4.443695729836226,-4.414979927513547,-3.2697566908860503,-5.181638391198642,-4.399726984826667,-3.652471657535602,-1.0912533677923717,-2.7632690449995296,-1.6960001382678556,-1.5439361041787074,-4.045310869258563,-4.91184040441248,-2.178012068434796,-5.203849318228503,-0.790662429448667,-3.4976373982038558,-3.063758090314978,-4.777868377216845,-3.079685972567783,-1.6686353842056412,-4.257899753661213,-0.6117045536375709,-2.71826431548408,-1.4704981724739814,-5.049327356647101,-3.2863999445856136,-2.844095065058998,-3.4038912699508908,-1.805575155492825,-4.79350082033983,-5.0703765057646395,-4.32751683161692,-5.066389440071707,-5.058569474123663,-4.20637674545377,-4.593177783814353,-4.831502224577724,-5.431294701399794,-4.759039186730557,-4.886527798317188,-4.106627178802034,-4.514212454323898,-4.581494904148097,-4.8269991302705195,-4.040471773040901,-4.809110846984473,-5.093420221847309,-4.853755875021331,-4.947440109157846,-4.246996043682936,-4.003819908335858,-4.926360809426842,-4.8157109386959736,-4.394493497683644,-4.005117481041972,-4.913380175940299,-4.4167886840615145
6,-1.4506873536619507,-1.862363573992389,-0.5017750036988025,-0.27653371876320243,-0.31712782754503266,-3.856065462013655,-1.536445746659317,-1.8454269245099586,-1.8895412684988495,-1.1329920607097663,0.020013219634005486,-1.5327442009545544,-4.7349570468255004,-3.493107875248203,-4.070170758187322,-3.5995746406617353,-3.960338473543037,-4.835341110700104,-4.442748616548687,-4.034593580840657,-4.1762897068475,-3.9625081965970983,-2.240387375668576,-3.219442973204262,-2.1522393133170783,-2.3120361530080356,-1.364792289621861,-1.1997081655565343,-2.4353172308881894,-3.09326729531722,-2.989812807476253,-1.1502583620500086,-4.366553123535236,-4.846259063099643,-1.4175102401300212,-4.6724606186139646,-4.783173393041892,-4.822410071336595,-4.626770780034234,-4.990723995776596,-4.753225055549294,-4.549878011289504,-4.461536444651153,-4.876801158563219,-4.996685189438401,-4.823101990107773,-4.436073979351656,-4.825075075119072,-4.502640023501271,-4.973754815908791,-4.9557675153585885,-4.7099901321753785,-3.613654230009264,-4.1214817316288865,-4.315737745646568,-3.8347164354861563,-3.9044480534841677,-3.6620185132668626,-4.3259748082958005,-4.83001193611071,-4.367582751345284,-3.8357565476887254,-4.214862828349679,-3.4035421373343095,-4.41817626226218,-4.173464198710691,-3.932357462555494,-4.772482520199276,-4.9746278140737035,-3.4391596935341444,-4.298956813743463,-4.108728634506724,-4.4770106076285145,-3.0270204709135156,-4.132816704016708,-4.392467140287566,-4.59410658268771,-4.406993074605931,-3.298147756080489,-3.5582354966575744,-3.2672353163786076,-4.023335749810649,-4.048767443064239,-4.327838018615257,-5.041625616706841,-3.7204811515814096,-3.885681730898996,-3.960410782268347,-3.208741199900692,-3.699929509161545,-3.7408665041366773,-3.4641182219197044,-1.133478290950451,-0.21454614627263346,-1.3512286008282919,-3.4427684825528653,-2.996705192224599,-4.965332540654924,-1.9810860313257024,-1.6018517429726762,-0.6381341322105634,-2.0254329760798333,-1.420725567578475,-1.5099019457272087,-1.182398783492653,-3.864010107027715,-1.4429941404675817,-0.8529035208160627,-1.8490599332865836,-3.5816263281548784,-0.8259696294485721,-3.7817356200637984,-1.1384023242126142,-0.2845150981189031,-1.2477395911401734,-2.167034659741224,-1.247740622379009,-4.307500959845102,-3.71326127407378,-4.935794758494418,-4.535707459290556,-3.974306284745687,-4.221894148594438,-4.712418471658611,-4.327125529387185,-5.072301369240957,-4.3263008069078674,-4.8336324154273775,-4.326635650405309,-4.857876898574475,-4.800314646229406,-4.153400893109082,-4.140038768252703,-4.824890649096856,-4.046774087437369,-4.350174234603429,-4.210341810703449,-4.072807976857431,-3.5823765262746896,-4.534192848143441,-3.906948872192002,-4.5014997607214005,-4.371030849681385,-4.433206067987185,-3.976315888782239
7,-1.063190652966192,-1.6484713276581449,-0.39378138951133046,-2.716492030729479,-3.347500017542628,-3.220476397697147,-3.4048244835656454,-2.7689409328951293,-1.6719979387854063,-2.7342470879618443,0.8853315405025541,-0.4517800765344677,-4.1228722188257105,-2.7384728140282553,-3.985032125932992,-3.472182585900732,-2.9846011308750278,-4.469889417878698,-3.8166449387089596,-4.19003905436599,-4.143470594902181,-3.5344437653363325,-2.3343608420120803,-3.199496560580254,-1.7022108386408101,-1.9791785293757722,-1.243086232199844,-0.750463243324331,-2.3044115921976513,-2.7674611104753897,-2.583210991444137,-0.624241373613208,-3.887449119879573,-4.362662086737303,-1.3363734222622554,-4.079025162273141,-4.519058140418846,-4.448902003124177,-4.262636395100111,-4.415004648421833,-4.206771483723648,-4.234111230253015,-4.080243375758787,-4.516358128331662,-4.45207454497851,-4.562262501195164,-4.016028124200038,-4.3442038735380875,-4.101783622278296,-4.4117651683106445,-4.369688443347645,-4.345462019800342,-3.303671186883791,-3.782656466979025,-3.9420242452553182,-3.461319520310196,-3.4446688813985413,-3.347241940216974,-4.065044360525698,-4.491726808932929,-4.048886851467529,-3.464178594571951,-3.793883780281406,-3.0610256359503394,-4.041847149301766,-3.8513203644286893,-3.4852929883112576,-4.377436255814828,-4.630103664294517,-2.95117930747334,-3.715288318057186,-2.8825245920400713,-3.646153394475818,-4.116098266126726,-3.9111729323886264,-3.542963583292281,-4.09807834761375,-2.8301190928898636,-2.8264657741881707,-2.9892940795637815,-4.369501805217498,-3.2860569012494594,-2.791654598018322,-3.267161004650802,-3.359005990394118,-4.086935174580002,-3.458129577207133,-4.431749387377681,-3.966795431048712,-2.7707192284844386,-3.061460463111415,-3.9012785588135266,-4.349155931260268,-2.6724977055583903,-3.7356198986589906,-4.539855046885815,-3.790411889434509,-3.990916915932486,-4.213910071896397,-2.33222285710127,-0.6149907608497638,-4.099655043658877,-2.24553489492155,-1.940667602537617,-1.1533452540719509,-1.5897382889976965,-0.1617399085685296,-0.7261267717128703,-2.337780503258838,0.14617208456815067,-0.5321034038748342,-1.6266816818615841,-0.9857018039440333,-1.0984296809428584,-4.463524408054412,-0.4752236222675901,-2.7054988206771546,-3.4725539994153083,-3.619296078962855,-3.685448659451849,-3.765981719350881,-3.8590046575071346,-3.8818329609177664,-3.9149369690594042,-3.8803497728876994,-3.919635738650121,-3.405102145061772,-4.259046384470769,-4.147956354868487,-3.716673354106225,-3.373867564823697,-3.5070461622809637,-3.8282800837479525,-4.17162324042448,-3.5569334385960207,-4.274501580012049,-3.374229842113561,-3.2791323997256283,-3.4055099881855972,-4.122007187648923,-4.0909640719336995,-3.6054024793385384,-3.98817477538768,-4.021102756022901,-3.3418002095163315
8,-0.7070777140985425,-1.7562806957600465,-0.3509702682148861,1.0156691238249653,-0.8849640973755628,-2.3654582115349747,-3.301622813700591,-2.5958351711398135,0.2621462849713758,-0.39499672771591143,1.5290395206827307,1.2471692093319207,-3.285593748877902,-1.797591015343364,-3.104518662665698,-2.5204866791319764,-3.1197032298783323,-3.332808536718415,-3.8529524748734856,-2.9582085735755985,-3.4113316746115414,-2.847729717494694,-2.180508234713374,-2.8511628447926665,-1.4540550071039797,-1.8681743380659166,-1.109996603603206,-0.642044173330614,-2.189537337426121,-2.3377481445720623,-2.276447767390385,-0.6781613153743996,-3.8327463758601206,-4.0327032311841275,-1.0687365424098703,-3.8057435987659227,-4.021015390092543,-4.082133162239711,-3.6455560346542732,-3.8744444482071287,-3.6990136763940393,-3.6833857625446607,-3.6608746350751002,-3.907899597903691,-3.958614649303176,-3.8961585287320193,-3.552765396774109,-3.9147792390120095,-3.5807730685596852,-3.8651858467132567,-3.9092000361177774,-3.954941458743915,-2.930381443452903,-3.250726602138397,-3.4204889567900336,-3.114346133147279,-3.0553829371376455,-2.998059854211522,-3.6921747001784637,-3.9949096771758326,-3.617752636119349,-2.9849245097621364,-3.4944523829300733,-2.576792468011585,-3.5786548896083183,-3.5426217077095132,-3.035352005143161,-3.8724859710196657,-4.346562607785779,-2.575324800791419,-3.3963017847329837,-3.4989390493997234,-3.822808962741347,-2.679842675579947,-2.889515141815067,-2.598134300668094,-3.4440182085783473,-3.695279774731806,-3.5963921552924933,-2.010239242922581,-2.622018603919815,-2.621058346447331,-3.4875879721690897,-2.5745449128358953,-3.2157110463569545,-3.7689789386708554,-3.030297879818916,-2.8162636253999342,-3.8157942786575445,-3.2573465697745325,-2.457552161861626,-2.2214025604571566,-0.7979654356058177,-0.34302796521385925,-2.904530672155757,-0.23328578293295488,0.15708286665543536,-2.933843733370627,-1.440533835060247,-0.14045452361580057,-1.1563498378005357,-1.8431348088754236,0.19219593391807877,-3.2508746503023698,-1.8909739432783703,-0.8449142200235689,-0.24234593775475988,-2.2150278783771182,-0.44208751872972574,-1.1032591526668796,0.6281601893132223,-1.1239009124284682,-2.226200101079827,-2.509782345424899,-3.741633332569001,-1.0389083361508615,0.7556315772551083,-3.985331000503924,-3.036871545184539,-3.83905218750677,-3.3007423008607395,-3.2728041024604986,-3.3121302401225394,-3.3989055745878267,-3.0818749823656617,-3.3910393388784907,-3.091275446798914,-3.6746085892683955,-3.4769462648546563,-3.305747363553305,-3.870648810652663,-3.5268286052677817,-2.5683022606358485,-3.8345649085044244,-2.961864458386948,-3.259036341457656,-3.0665255792643094,-2.822834002613081,-2.762977888181692,-2.9407016639086487,-3.5548601194052627,-3.6916160670908242,-3.495612722797791,-3.3825616815971857,-3.1019240394809042
9,-0.5147875772712679,-0.3547783186089588,0.4489067721277311,-1.311846881544507,0.15691548167995828,-2.8169947439571916,-1.372646958455666,-2.151748808469061,-1.056325958742627,0.07039762553344575,0.7012786537562367,-1.4015017589855965,-3.127063554911014,-1.3696043089396361,-2.9121634151733984,-2.7537318692828014,-2.5307369760522054,-3.6391353030488873,-3.115886031793144,-2.5566482058267628,-3.566625473889598,-2.1575217540536444,-1.8982139395784585,-2.658961780812304,-0.9936901320402093,-1.5829962486756155,-1.023511221772468,-0.1794137420704496,-2.105159282194963,-2.0215426352876693,-1.8534605121581103,-0.13693204722864688,-3.2931077773879442,-3.6856708763398176,-0.8185633583948572,-3.308177436821456,-3.4601307312195533,-3.6112874015238683,-3.1748931863912504,-3.568025578134285,-3.208513222398515,-3.1674755865124653,-3.278418717621927,-3.4001689742151537,-3.58813447537614,-3.3919836823611496,-3.097670330696958,-3.2567328326135168,-3.091775653322154,-3.3427544221364256,-3.513130846102625,-3.477384027534429,-2.5498260713853695,-2.8059347101477368,-3.005365730203305,-2.7095514352761607,-2.5815444457084573,-2.6640490968688426,-3.2839713035084444,-3.547079859931043,-3.2381768873260195,-2.534240707268733,-3.125826293260162,-2.174234156655286,-3.207502273443427,-3.1175153725121247,-2.5484453843502757,-3.4389654317439278,-3.915599311898585,-2.098345784459153,-3.04134316777529,-1.6398729533966314,-2.701309850192245,-2.9168680491832335,-2.5179472921612565,-2.150046541201162,-2.0627176328233294,-1.8723272228970769,-1.8976867386984537,-2.622991087304822,-2.5522112202110816,-2.190768371353561,-2.6555220171842437,-1.885069324276507,-2.707740573119415,-2.3470300381189384,-3.5069438500448595,-2.8824774375132973,-1.8461029076819706,-2.781975628261378,-2.417758688926923,-3.195361700696925,-0.436153204192975,0.5534245933250155,1.177202689352122,-3.563062998599416,-1.469460476518421,-1.8668860067042483,-2.6768195639114323,-2.6553890085792373,0.22490442637666286,-0.8845327030529893,0.42402140933251253,-1.4766576362073938,-0.9397309509738068,-2.607845641738246,0.7830670935318875,-2.3809009741299745,-1.4414309595224357,-2.6114708048390822,-1.0539506906242528,-3.2647443770634856,0.370084866524349,1.177097904359361,-3.6576900286124716,-2.3398936453162547,-3.351969366647566,-3.1116783035102262,-2.497618049752887,-2.690665621596664,-2.626320128515644,-2.5345709383575885,-2.5926025500084187,-2.711728147708714,-2.7073361705392385,-3.6838338216897153,-3.0087558841369924,-3.1209753734529078,-3.206207134487305,-2.941469095251078,-3.1941124788700277,-2.9729408814739062,-2.616228947193121,-2.745887467061683,-2.2251624308397813,-2.7482786055210924,-2.234984951822853,-2.3900274386660696,-2.6375820272935067,-3.086015174223164,-2.7391704868879163,-3.151364350533083,-2.624143175324485,-3.4914683453148627,-2.5522968859950277
10,-0.21032446215323503,-0.6999154562343186,-1.6289457257759923,1.7754066563416115,-2.335245923548142,-3.3193213753093453,0.3267472610658686,0.271734952441375,-0.7184281210159665,0.27540384840025256,2.9036761485954283,2.133423380072607,-2.175109320594965,-1.6005916785036358,-1.8563861038853684,-1.7628774194467782,-1.744890494663156,-3.1280804441886536,-3.1679980582328993,-1.906749843075017,-3.063647017370113,-1.3296200136741616,-1.9376454618713197,-2.4242120446869126,-0.6304131373146855,-1.34083845950692,-0.7386262922387208,0.23903390487261894,-1.7927519165110737,-1.7499251577665587,-1.5168187590327782,0.033063060629451135,-2.8276196471767125,-3.420596920380761,-0.4188069987967492,-2.7363841389498593,-3.083127925295369,-2.922411165155544,-2.720084245280891,-2.845919716825927,-2.835100713177636,-2.5989890804999134,-2.616994649872695,-2.851663440952531,-2.9227270052019163,-2.961534832180514,-2.6921322568640362,-2.7846161808557865,-2.4756584735691187,-2.821564748451297,-3.0502302852138454,-3.016946272380501,-2.0828903671956054,-2.318034579436726,-2.4600898827837305,-2.271339449522072,-2.011977396836905,-2.266417858236493,-2.7974543916879084,-3.038106945921393,-2.836087629737701,-2.1149792054621748,-2.693817351503846,-1.6910386628850356,-2.7002821437648725,-2.754272993917751,-2.0655171249756763,-2.8199263545389552,-3.5294813815841115,-1.6074703995938913,-1.9107573332224272,-1.1828620223073985,-1.590510514569064,-1.0496770351779918,-2.9483826493467102,-1.8659525559694747,-1.4135177124885703,-1.4222994628080785,-1.2745048560732777,-1.7512953623789533,-2.401447079087124,-1.5805696089848507,-2.800009112064246,-1.8353521801143318,-2.368442589160402,-2.221730000420457,-1.5613467347244365,-1.407625469004107,-1.3100018460789657,-1.598639466188725,-2.3875764023549855,-1.7973716671458404,1.4970840453217082,1.7017959406981973,-1.0267613252605032,-2.272148620677581,1.1781278134411797,-0.5375684014834925,0.15885047548015896,0.7606206525900334,0.3235244616793653,-1.2875410841454569,-1.4906819326256073,-0.8190501547311526,-1.3141458398818633,0.8394225907014321,-1.6926169136458273,-1.164937152972044,-1.263957924865171,-2.636690599739265,0.8439296935508285,-0.5172955900824245,-1.8323257038090182,-0.8265605083253278,0.5160373247009242,-2.1650515602089606,-0.01492682242912613,-2.5455783361202133,-1.721134147153219,-2.9243682974400595,-2.2512882873969655,-2.7389436116829047,-2.7805801816119167,-1.9733153234859215,-2.09973181550645,-2.388259110328893,-1.8243333255586904,-2.460171920409488,-1.9818343091644326,-2.1259594328750144,-2.779314814783013,-2.6189184000221295,-2.431972554167755,-2.8739861471930928,-1.8741878864601689,-1.8432869582185392,-1.9489373333593583,-2.3031979783756134,-2.2843401592451915,-1.9692124904295687,-2.092297886705324,-2.107841854638198,-2.480237537543147,-2.232490060444874,-2.0361634793865764
11,0.1551916327316184,-0.47365088969543256,1.499697661935822,1.4147761631646032,-0.9121982102317854,-0.7886385125686934,-0.3007457710198578,-0.4448629823581922,0.3399183039233107,-0.8125609648707215,3.2545561991149237,-0.46972092257389386,-1.9507757150680272,-1.0625697319133656,-1.6964372339262526,-1.2290983994775488,-2.060769886139408,-2.60513735976626,-2.6852412487326283,-2.067532682324785,-2.235852150310426,-1.6391241494504634,-1.5794488751664644,-1.9519932398286342,-0.22191045281084237,-1.1201437807981927,-0.449782046121233,0.4783276541273665,-1.8267411797465267,-1.3561270034905872,-1.1273992062795108,0.24572430776506846,-2.5332239719833867,-2.8275725563231515,-0.2149429788869498,-2.174235469217988,-2.4184915601259034,-2.4935332518565345,-1.9565420018997397,-2.3121352490334166,-2.181036558115305,-2.1461837970609086,-2.1885101766327733,-2.4812179334989874,-2.342376891812687,-2.412512524994018,-2.040507806908191,-2.356345869851227,-2.0985420889667767,-2.3412678217233758,-2.482785077654195,-2.5462329679505897,-1.6845049862338235,-1.7581805874038983,-1.9525177966966463,-1.815619886079562,-1.5442050492502812,-1.8352974022939617,-2.3768827620756396,-2.516235363201594,-2.4785919591150725,-1.6097657534936345,-2.224723977103784,-1.1729845516417445,-2.31917476544505,-2.3815528970822486,-1.5393676917518182,-2.3782851477826923,-3.0451835139836176,-1.2044476158821624,-1.8992962319115403,-1.2290041207654228,-0.7486067379963626,-1.9125126468420803,-2.1487164536417716,-1.4161332303590508,-1.0098367130753252,-1.3282338620624081,-1.0476796368959438,-1.8336711642025743,-1.3039496932595565,-1.5261553656490505,-2.318342782825189,-1.5676297148314262,-0.6633449613357465,-2.108299960511149,-0.7388330772509217,-1.8981672412080268,-0.5611508369409317,-1.350112782157697,-1.6738713602103015,-0.8084891663265152,1.6464276140157352,-1.9158847758764002,0.8047293684151633,-0.5728162918679969,-1.3581752897021304,0.4703936815354255,-1.3941682215512607,1.425178541572818,0.24633144113133598,2.0225569950091407,2.1361053493281523,-0.24594654509108427,1.0138717382134392,-1.0858129602739106,2.174994088356833,-0.6233614347388301,1.8674235017125715,0.2318620226854775,-2.0176178738224833,-0.8684085071299847,0.9850396655612355,1.5994523429947707,-1.1049500178219445,0.6787821567293069,-1.9268083006075445,-2.4323492609284547,-2.1828232415698774,-1.772605372026712,-2.0545812444455853,-1.4393200415534242,-1.533396290805508,-1.2091720789077902,-1.3349316191065073,-2.081183858584188,-1.3481940080447166,-2.096483008673437,-1.3541692936091307,-2.5270152432285777,-2.1632009814579876,-2.1375666842853374,-1.7547983755164849,-1.7366217306414766,-1.4356330325801192,-1.5420210494864963,-1.1217670592767504,-1.5534930410283305,-1.1803790078601528,-0.891472601070546,-1.999725653999793,-1.5310735637274053,-1.2133526770250351,-1.7279412691519624,-1.8662546500397863
12,0.9185638021924409,-0.12289948831441677,2.5635214577045464,2.187034644869041,-0.778358921495247,-1.9353468214239817,-0.6554681305963325,1.2060981074624095,0.7163981198085096,-0.6487431529879042,3.653424411050012,1.489505626371077,-1.119960076713248,-0.1401972147243119,-1.6265195502057574,-0.4254426723736431,-1.4250035493871362,-1.5131195976497742,-1.8807898289888303,-0.6215832121041747,-1.1420687679621468,-1.0638537751836776,-1.2769195948032785,-1.5994805640821348,0.27580221887101936,-0.7735772408092084,-0.45260441389951084,0.9810761611812101,-1.6006330463913174,-1.0828429520010854,-0.8199172035456069,0.5270993300910285,-2.13768906154857,-2.512334257274045,0.07968228862392893,-1.560718938229074,-1.7685939294089144,-2.029235447280279,-1.4617407505845466,-1.7753928616522419,-1.724525380447991,-1.362633401036779,-1.5267001282738004,-1.7315034463573313,-1.8176307440820043,-1.7703671222327064,-1.593683012611521,-1.6581383282404711,-1.5067380893303826,-1.6154742808626787,-1.8954647911472955,-2.0350255568323536,-1.2254917829661152,-1.3312311794423435,-1.4219442813777792,-1.2871388275377897,-1.1021627380646593,-1.3935374325079135,-1.8291964679090935,-1.9968024827891624,-1.9768484425765973,-1.0984009565342383,-1.6811969486892215,-0.6567096129279127,-1.760739481590636,-1.9132669940704086,-0.8948536143206239,-1.8219419495290705,-2.579066920828584,-0.716152214032234,-0.6059453917172466,0.01754346761827863,-1.0553940622427578,-1.138062463372119,-0.3832285071975472,0.01624218858980675,0.19422420659406514,-1.1093411262818664,-0.43080651800299563,-0.30229492538219027,-0.9914358938356305,-0.697130257288804,-1.242735783088921,-0.8459247833671599,-1.444214401939378,-0.14717624653463046,-0.7885553564909575,-0.5956385236237682,-0.5006117269527832,-0.31759269232567244,-0.24806004995273323,-0.855205326791738,-1.6683408284619137,0.27802106689350525,-0.23571997802490086,0.09224881049452427,-0.46762917938308046,1.7023482929946194,1.179489574441953,0.37860516612486395,0.8133224722973438,-1.7460365151744552,2.0239109331318508,0.9866846832085443,-1.0564551064464385,1.878730134464166,1.6867149193347912,1.7659748399093353,-1.2858476862750519,-0.5452114103950529,0.6833560345353815,-0.15405657899116432,2.6587473770054397,0.3899072318219643,-0.36091702108136836,2.2622563246952327,-1.644830792557115,-1.4995705406056312,-1.3954221687715227,-1.441980476431222,-1.475936971212749,-0.7302180413819559,-1.3317835981348187,-0.5796905772633292,-1.2003824588522383,-1.5841222847276688,-1.3093425224246515,-1.1405852179678577,-0.685775082602319,-1.0813553668314688,-1.3448581394668278,-1.3249461957039939,-0.6576707411843521,-0.8436351133493225,-1.2096028550023687,-1.6042287453617539,-1.3955232244061837,-0.9591733049125364,-0.8189772008388547,-0.8474535665958018,-0.8104474556614565,-1.3357234108345664,-1.3531441844510694,-1.649421769442717,-1.5571729870063566
13,1.0107511069984167,1.1758330527883851,2.35635920244761,2.4019533386664005,-0.7648548591746128,-1.4700820929199212,1.8077965837771424,0.6887206200035894,0.09030064240586722,0.6638580279409645,3.5050611198344,2.748297642690833,-0.3949569259359075,-0.1370775177971817,-1.0051825414768987,-0.5590231160500754,-1.0324174760632365,-0.974292798553038,-1.6224219100023198,-0.35687338998196594,-0.43141039012557836,-0.5013412000529527,-1.0163824416004699,-1.203029625577627,0.7186730596660944,-0.45541449759225383,-0.33244709282530305,1.1489395808144702,-1.176827836592735,-0.4588088373252719,-0.4791367918168078,0.9494424449495799,-1.9493956940838493,-1.8757854060165449,0.5955578818369072,-0.9360290413973718,-1.3589986255344275,-1.2217017089650406,-0.7937103226750225,-1.243393852446118,-0.9298786667984872,-0.8599492613103825,-1.04812837144943,-1.12999407823624,-1.2258135474560437,-1.1189626544930307,-0.9858026864919802,-1.1778709001102636,-0.880323317677196,-1.0668499600914279,-1.2194362014224778,-1.5000111661452196,-0.721007994015746,-0.7292188938814826,-0.892705283998141,-0.83046333422391,-0.5556951641453369,-0.9589404602611078,-1.4199807182825197,-1.4494038199520505,-1.5153734316865652,-0.5146639702825634,-1.205698600796291,-0.1426542660011367,-1.2026381238833421,-1.3540722395831815,-0.40894836095229087,-1.2532129353771033,-2.0061479176255492,-0.19056317157055463,-0.02135757426009821,-1.0472273168104893,-0.7633788465716214,-0.1459200386192986,-0.8562013350277694,0.06477443462301324,-0.7521545560800706,-0.311753960280592,0.4147095282335058,0.20816400023669712,-1.1208243226463135,-0.8613645434924423,-0.2571367560251806,0.4693523637030439,0.36690800122229117,0.0896472728237705,-0.31901992099332777,-0.9994559522153917,-0.7195456661960722,-0.6988449052175829,0.8327386223646303,-0.864104047252171,3.051094012382273,0.24618652382692296,1.5282072284807762,1.7627584113838384,1.5840914689424697,0.5883805187523719,0.6682376781073567,2.5832988745997194,-0.18399909171134654,-0.4787263108987153,1.965465842910994,3.3163022319735567,2.9748744314269806,0.08101787911106961,3.3190569568362935,0.6545160274196249,0.849287221259011,1.3493409122147617,0.4703096485985061,0.2134308338019939,3.3105949629862237,0.681241397905006,-0.12771320642813078,-0.7591578884095651,1.1459795118315599,-0.547625364352807,-0.7575785326458766,-0.2506549300901596,-0.6662391354582365,-0.6179273461009316,-0.755903220659665,-0.6079425983516686,-0.32201324470887105,-1.026681204941589,0.06720465374825924,-1.015875798272173,-0.6716446951573012,-0.5122765242364392,-0.17580778185252255,-0.6595010072385679,-0.19038774753917354,-1.0679614456959239,-0.46380208443408444,-0.40761510264898093,-0.8304467778156112,-0.6446613748666452,-0.8899978272740666,-0.3880600113580656,-0.31226518196493125,-1.041660306836684,-0.3822825228718032,-0.4862707000168157,-0.1522064687757585
14,1.7024082554182867,-0.8089088571818561,0.13204201724053433,1.0687995624338902,2.7364687818089393,0.1287545620177859,0.15613867621125543,1.2873196143690049,2.049831408596966,0.2251137079641451,2.9784222624539805,2.82741292288996,-0.09062008616737277,1.0588671678762944,0.336520064661084,0.33699342661590403,0.060895404071654835,-0.40354325439852967,-0.9891887593533746,0.06940451452978047,-0.17313879957350808,0.2810493628046954,-0.8534347329991503,-0.7716675382607006,1.1107839099860928,-0.08574282289185275,0.004617837709723904,1.5368432949454078,-1.0475834497943364,-0.23215319070642543,0.13043787510361515,1.2410374545992466,-1.4062994535782085,-1.549612486835566,0.6509929315515937,-0.41919725061609,-0.6101813633355481,-0.6951654184656794,-0.2638163301673383,-0.6202136669495362,-0.422155041313631,-0.15129883875210867,-0.3187637115144902,-0.6492030036636007,-0.8129427940894681,-0.6407166017452474,-0.31255007945924357,-0.5551629999094901,-0.21022005487483078,-0.3054851807072012,-0.4933274664995202,-0.891017280785359,-0.3035189702156178,-0.15932532283053358,-0.38706938799224355,-0.3778168851993253,-0.05105564394710296,-0.47561597346404544,-0.924971348069685,-0.9332519274350124,-1.0450043870610788,-0.10630330400738641,-0.7750982782384702,0.30279066585687836,-0.7420277873324963,-0.9379360275403621,0.15847809853043088,-0.570412151312898,-1.5568219526665272,0.3370000939784773,0.8450597184114039,0.013352773890230485,0.4344676142928714,0.5065833203768789,1.05526350791477,-0.25837660829567455,1.1482386915675546,-0.4704114040172999,-0.2686073716024285,1.3656631038998595,-0.12203429549117772,-0.01643142576394746,0.9863642981517418,0.19638291995316448,0.7899115461825383,0.9774011044747193,-0.6148516034745978,0.09198133432731204,0.12308048680694428,0.6735053542780582,0.170304386006427,1.3584265569717573,0.2656084238735297,0.06776580685023392,1.9749684783771042,2.427216411260586,3.5024024942078866,-0.1443988428072625,0.9157842314882827,1.0466842838038535,3.4804291891915886,2.916654820962399,2.215440477069157,0.7716424374786988,2.6419595753624154,-0.48151945474271735,0.1297070887116646,2.773426127355335,0.14091172226531856,3.9745833901958307,4.02125719808124,0.8782252224094698,2.631253353757457,-0.5154379440078081,0.43899297125641557,0.10494702389342792,3.94521896873623,0.4634378968995865,0.37278909475994193,0.38460972191083775,-0.6129645123202088,-0.22121854791378265,-0.07128196549739724,0.5783284030659606,0.7444466463988717,-0.35775405051865355,0.8392810887712587,-0.08034016536258981,0.08495429082942452,-0.41086897586703897,0.4001081321022004,0.059251240463982724,0.7839065307923108,0.0907914827290891,-0.2045333599103073,-0.2545464536302693,0.3798612777468455,-0.09218914085786012,-0.067341829843092,-0.1747199389984568,-0.4807700155215341,0.17627566913288673,0.6244475776712829,-0.23623342178531065,0.1837208253207876
15,1.8383253958820018,0.832065492127301,4.192933630499946,2.519788493695484,1.1735084418860289,-0.2507017707230226,1.362689809368931,2.1154134408915484,2.8760639628282316,2.70096059202,4.385835163217793,3.512705647099895,1.0582785795912641,1.2510079621648043,0.208901960883886,1.2539385343787153,0.6267617947642273,-0.0212457259961224,-0.14350618154202843,0.8849069812302147,0.10360672408979468,0.44101818007594873,-0.7490500456421925,-0.44140029400289593,1.6168702930708412,-0.04953079408978957,0.12057388578753767,2.0277639825770666,-0.8137453734838682,0.2754634747948437,0.3947169703168121,1.6231179022533306,-0.9900778987572496,-0.8811797789378257,1.0756833565229103,0.3319088714860579,-0.1729453169415362,-0.09957669215839979,0.2831862704012982,0.06480459974068048,0.2608922100851554,0.41682592858114775,0.14164324062099753,-0.0015980543483108123,-0.14647758723223694,0.021501754452750876,0.2751075494215015,0.044042837757835976,0.37229089391932546,0.17842754171676567,0.11649259260982056,-0.4214789839541479,0.11427615865632573,0.3559084780081703,0.18249465581576502,0.09300357968517092,0.4981612233658995,-0.09680566560310085,-0.34727217005773836,-0.3515237957260081,-0.45446855751440457,0.4781219488785377,-0.2363920349595759,0.8046731991517172,-0.1829981921709612,-0.497358970788635,0.7521175910813972,-0.05688518936738053,-0.9595271954396435,0.8013117385683995,0.6629074874420028,0.3828255986685696,1.62852702390799,2.0053378278550125,0.7435356809343756,0.6366874791345993,1.4137178538781068,1.6822011372596477,1.4832514454998424,1.3897782358573616,-0.051782144355525146,0.5926677503348914,0.9939898372151067,1.4277384136898918,0.4717300639378909,1.8061228528378996,0.5326659242373112,1.0192678696613449,0.109085862376109,0.6282669031913195,0.8083261013407079,1.8980688008790971,1.2425370308155814,1.1539376758439537,2.760160684881154,4.506645592551962,3.3751678309695063,2.286518932585795,3.28054972879336,2.779652659244151,0.42048425640797826,0.062192446622038905,2.1734803851253917,0.7449095994204983,4.195798462482609,1.8259264626852276,4.090332052776538,1.8672823869530808,0.31562781246395527,0.19103323136348294,4.493896879480804,2.7499719064091193,1.2269903770585506,0.3560354689288128,4.295947976788508,4.578285728510666,1.910681836256894,0.16682636574801504,1.0638924662947729,0.31910389053391897,0.04061226313461494,0.1994100194985387,0.2522706522584258,0.34843978702580825,1.004094029277021,0.4669047220627609,0.6036951716204888,0.2153184200495517,0.8883863686987221,0.07287042399636806,0.869577176275619,0.9267044695129273,1.1329937137930561,0.041689831498221794,0.8803809029080644,1.064408605566215,0.579652173526728,1.2641912139223805,0.3222120706544941,1.4395398763667242,0.7274601636246794,0.9220616175021953,1.0546580485530344,0.6941873407262409,0.9963085759143112
16,2.2560180549463835,0.31950104345406005,1.6234307726832977,2.1483374555712205,3.6560991088192125,-1.0651347965833846,2.4326589600457433,2.1869059094563315,1.7758887816624114,2.738501672191931,4.457896315985499,1.7062577424551906,1.4070634520087295,2.047469589887469,1.4452133152159439,1.5759057227447126,1.0036186090357355,0.9946297153942115,0.09142736032795096,1.7982043047499516,1.0937732312294504,1.6442355394043973,-0.5600089569877343,-0.12841510092784778,1.8750973186926227,0.31995133096126693,0.2677757489153292,2.211433571122781,-0.3826135477860665,0.518204528152759,1.0119035549703024,1.742912482042004,-0.39773536884121363,-0.3134763472095745,1.421632718410453,0.9294362611629932,0.6039865866324745,0.5298524728844749,0.877656935158844,0.6545865093080753,0.7156875909373188,0.8900035096908884,0.803800145296679,0.7282613855550713,0.5435224140959591,0.7215214412129117,0.7514698522286365,0.7907708749511309,1.0065698036957609,0.9230258925294647,0.5157232331533986,0.15750032861355248,0.6382207840355607,0.896837075029706,0.7962154781252809,0.5157204334065089,1.0170765359940008,0.3719097673858423,0.1968752439812379,0.256603172529506,0.009464656566462351,1.0310625291899211,0.1958609126955443,1.2496041542132155,0.3528652613669886,0.010047218397554167,1.2987949328400992,0.5912177859849054,-0.4358199451823363,1.2866686108580638,0.6148119511224726,0.9602999163211456,2.062645726612087,2.5508498490853198,2.2203168512519587,2.083138816346578,2.397055223643875,0.7705831966907959,1.5207853926394783,2.2197068561854016,1.7687905966903197,0.9694254064306285,1.6289593235732625,2.4585623030107913,0.8638244155439495,2.043963327757425,1.090112509553475,0.40673880974193827,2.0877500719302278,1.127676212127941,2.3882799675104334,2.0174963028931647,4.643781140652546,4.824160876801438,5.046752232104847,0.8637933378663627,4.457847800577984,1.7881339415196162,3.3231126574372105,1.3065088853314306,2.1553068317730055,3.263908564239333,2.7715079226853567,5.146709204621713,3.422577721118937,3.8929505383663505,5.00385652917681,4.173305954367546,3.7879628805653733,1.6581546133088172,0.9080103663993359,5.104735226300662,2.517463195267884,1.0135017590619917,0.5527991876287469,2.6746933144693745,3.200358980589927,0.9266970826266667,1.0260146225533575,1.197076889332255,1.0352525440395484,0.8470467295867303,0.9949787134300457,1.3004441946077128,1.9636805979795013,0.47395163024967846,0.9928818657874332,0.8405513230217005,0.6472818506625884,1.3763829523200455,1.5497284751803588,1.4086019537108676,1.75764735068551,1.4043742021721366,1.696516062714264,1.9413283858894066,1.7459389098576965,1.4194518106255039,0.9609370158335973,1.2102975931528406,1.173741065158854,0.9373978283640294,1.175311305909851,0.9723797842199227,1.1487445723220489
17,2.4324425631844653,4.204986179580622,3.304484858559271,3.5349401051408424,2.6865611779613703,-0.8078821081814302,4.098119638945361,1.6899152892937468,1.4473177025591661,2.5189793133766134,3.885842897396499,1.663910439466686,1.9173765122136524,1.8673805771074508,1.619117580986098,1.912983387841598,1.6244984600429602,0.9339830006328639,0.3961192713552333,1.705242561127927,1.9821821813245388,2.3098402589368563,-0.3527853297672699,0.33830909971857875,2.5512001518354337,0.7221338033812098,0.6106675121732469,2.613981341960746,-0.08087197987973893,1.0019308451131645,1.1403994161182018,2.1306292232572925,0.060435754516080215,0.14766303560081534,1.6190534278524904,1.2917788342933068,1.1930827473271282,1.1756074944015038,1.6267265746980852,1.2047554598675447,1.4555296634527952,1.5244506854600097,1.3878489688442124,1.364697586020541,1.0376808329240512,1.1408939103686506,1.3651686068251518,1.3210692496151935,1.4155761295081728,1.4386271858816289,1.2268216629093878,0.7843915021176768,1.1202838199799905,1.4684118031454034,1.306371841037532,0.9834647726240054,1.6101086015546469,0.8655534476753541,0.7121225462461244,0.8424781653741007,0.5300808016326818,1.5072678412092526,0.6696037725404095,1.7343920632611092,0.8416688818217712,0.5681550057743366,1.8166881650244648,1.1504437585276062,0.08427710424041451,1.7131260472965189,2.890298006213369,1.8444569236211557,1.5775994898214396,3.1380611552768745,2.9095277487352176,2.9816894882987106,2.496798386320614,2.2580662214935154,2.7126266254648685,1.650242451401774,1.258713404660751,2.969222774594381,1.5309954788646907,1.9648150827082649,2.1395384498242924,2.863363148189687,1.6943340869132966,2.007852728866391,2.53213755059114,1.5480922790894776,3.1050652434925334,3.0459227578254517,1.393494526872536,2.0209386181642452,3.8236609501708188,5.339954799054739,4.269421171432562,1.8242222367840912,2.9229667790710687,5.824275024245834,5.8277053414889055,2.9651510240082724,4.839667221331348,5.912211450833716,3.0101775872393115,4.576058171976268,4.611466520418561,3.5276863395439593,1.6973782249203004,4.3011347946770755,3.3871740341630474,1.460923335922251,4.229133893815994,2.6312527853175585,4.016782576889529,2.263039020336299,4.636547721732198,1.2579151948624996,1.7285978719933746,1.6009420980712887,1.6013729905484015,2.268367843353463,2.4744820610009617,2.1123152946216885,1.918812178948329,1.3182708554576132,1.9480209509639441,2.1091949489986606,1.8088669130991748,2.0199313380270434,1.4407837593641235,1.9252473732895252,2.2526066494467543,2.230454358952267,2.310509506162725,2.327217514602683,1.5270039732292997,2.6362749301438475,1.841770066974009,2.1299062520754317,1.9718126784580206,2.0829580583000853,1.5658366883539447,1.9567852312292566,1.9330050960453817
18,2.784108656947207,3.8838206437825975,2.2992838649175416,4.5666277844665775,3.5576678949001757,-0.14481998883441893,3.3109111226643932,3.871661021715479,3.5998128313332125,2.943553947751843,3.885980456008063,5.476913903302709,2.3873000314381794,2.417658519226345,2.6172195173380546,2.601614246891197,1.9040206106783373,1.480700540515794,1.7996709593073041,2.317513326831676,2.392772374776748,2.8141792323472474,-0.0431117798975455,0.7014732991448828,2.735292809638935,0.8552896030253538,0.7817925727451731,2.7567470465623796,0.15290992542202853,1.4176340733665431,1.7429281046744234,2.357896557409073,0.6526119447940779,0.4953375424051826,1.7095562739514223,2.026759486452525,1.8204456793144759,1.7667308147188714,2.0407441949181915,1.9172535003113595,1.9081518541524498,2.1509532022827265,1.9363752293447711,2.039953934163073,1.7608238075710947,1.7716449151696911,1.9015452427102808,1.9122499739413674,1.9499795268457625,2.141123378265897,1.828003894039723,1.2619563769143598,1.5660228225016788,1.9398398955088196,1.8752034956146253,1.482549672680641,2.010826111331505,1.307410326544201,1.1926127040170953,1.4085765600766273,0.9491018053574546,1.985445591774557,1.2680200154586605,2.2210556818466785,1.407418076142128,1.0074955984594964,2.378477744887176,1.7760696089782861,0.5896161657336112,2.1646420648983327,2.055736877386635,2.044517240081213,2.68994714011947,3.1012938579336122,3.053580471679714,3.691394529039629,2.1976159182164454,3.567504059397198,2.1188283853209575,3.2281875369668045,2.2346481519779022,2.579179720282729,2.6526440867181758,1.8919892157993785,3.392165275099231,2.5883283785486872,3.127213021554101,2.140033899970091,2.582376400932783,2.433529746795716,2.1110585980259198,2.0299156339468722,6.270394858240855,4.496389534437844,3.518047925959669,4.965602731531226,5.1112059642101,5.827727352120914,5.32919774415002,4.680223476633628,3.4859353543574327,4.38251115777175,3.6839216353781907,6.017255307093219,2.7664084228136785,5.1167502040324955,3.065764964422641,5.310176791173385,6.557735654078611,3.15463605822498,5.588689193267818,5.68288903378204,3.9247265331903476,2.2381522541601444,3.2509658678930453,2.9061831749211535,4.0632153263297965,2.936239431947805,2.9543552837317475,2.178593893072425,2.816543197712805,1.8235081422969976,3.049071748273258,2.5071073589125517,2.5984874852622837,2.5826280025774935,2.5565835953090987,2.2188412024545645,2.757877667082337,2.196909167567447,2.2633279342602926,2.9158218667600844,3.2919213050706353,2.0962645497671537,2.105263928548598,2.3336067591871186,2.4306217173423637,2.5601009936763197,2.419321917508741,3.132706347328376,2.3106269871114575,2.0015095764144464,2.7935755264096964,2.0467090330676854,2.514162984269116
19,3.075743518709075,4.473827383105303,3.127972851502694,6.001435891439301,6.148409678689044,1.7300479599121479,4.994597487781549,4.805241911942325,3.4885193722920302,4.092936385492122,5.592312267317238,5.8597887589020345,2.6445981288802747,3.0219733005420064,2.3298525871333746,2.425308963341144,1.9518279949579518,2.5607983395262686,1.6184443420841992,2.8407160061449277,3.0962851601684944,3.0605529985808007,0.2949180497066029,0.8314519585536893,3.289030017486647,1.2154538365658512,0.7695513595625229,3.0707472986760407,0.3931450224328708,1.992460828029651,2.1016219119761685,2.5774290187033797,0.8314668565241196,1.1435751495778927,2.0407688613581922,2.435583972997318,2.2206747897054293,2.2372406918788474,2.654740206527954,2.3690287154493266,2.5398514534757615,2.6768748839310397,2.5307853079832006,2.5097537300755595,2.3246143697371666,2.444707073141297,2.3242433920189574,2.500749737269134,2.550398868805983,2.6727104571315623,2.3692830791304216,1.8319340537768651,1.9214834596754007,2.4471280971856126,2.35909275835268,1.9585918970524765,2.5397178073144135,1.701864025671326,1.6214285477462038,1.9655617406919574,1.5018998822543514,2.426868391873943,1.675331166889981,2.741212718748302,1.8961558447724272,1.5151789703951748,2.90765986081896,2.2458349926416226,1.2035068899800008,2.706596430306608,3.9737280830341843,3.0729978188869533,2.4334638218156743,3.62295917459967,4.1448918538489075,2.664205367939969,3.856840843751101,2.9236346297716507,3.7612845725909723,3.9377460667783692,3.1617944008198324,2.6394458405049095,3.6670377753903356,4.244365438716202,3.9332723143082218,3.110255758559518,3.002524979190274,2.8714609136601372,3.150458321767946,2.8393667616703486,4.057919827232929,3.8440990010354454,4.331269085812013,5.535200017502003,3.046172323920996,6.982843701892377,3.2378330966544446,6.984850560866677,4.447370304619772,6.866130422057736,6.182627153541256,6.6936767236383705,5.1502768850799985,5.800042180147713,5.8326863046988,2.5540057891448646,3.939378645117088,6.027864047353398,2.6388175265830864,5.315523450767928,5.418984087465522,3.3971216058370937,5.643124368696416,6.920075049752479,5.999708760646695,6.1439775131735415,4.121860755864442,2.841116615416939,3.111042470663468,2.4531484391187166,2.9773414602386867,2.8445362098163383,3.6979291509626977,2.699821817059333,2.861889181633021,2.216861901793673,3.3203771949976564,3.1539409243860717,3.117407832992214,3.2010603675756553,2.4656277868100016,2.921875800827474,3.6271220583285277,3.0836595510757405,2.5208469363287294,3.6797889387010363,3.4697726942856626,3.732574713527942,3.310303779424623,3.602663062435261,2.2966358441222807,2.350840215480446,3.295470433831596,2.5560461362869082,2.8723404150761267
20,3.199421261022056,3.5436850667171074,5.754025558145847,5.90505017786761,3.7180485438232096,0.4628576766399066,4.02759123753067,3.020909323174128,5.095500057891565,4.641420449397161,5.887291261442674,2.3215937366642887,4.116180364110081,3.269613235121533,3.652348896229512,3.3271718589278185,2.4436009063199666,2.9018367851682325,2.1843851833526866,3.7766077733059285,3.051475614462715,3.2910963364336396,0.7085173516726956,1.291687107318314,3.5255514018955547,1.5651709614133111,1.1001543034281518,3.451482061109799,0.7020922483240511,2.070517603736517,2.3869840888713125,2.4972926771551625,1.319840914866464,1.8116827716008355,2.2297491074188125,3.089559258386075,2.8403758643856083,2.9186596573653234,3.3544873757029428,3.1362322708078327,3.1541373114139577,3.2607172106292954,2.8893807253963053,3.1744772550847498,2.9389209155744913,3.0215629544482168,2.916038489883694,3.039952188306063,3.0894153297497953,3.3063036314609406,2.93898308004465,2.339533761355824,2.3808768087375247,2.9360767146954587,2.8452625982142097,2.348677013973076,2.9857001774163447,2.2193083236814197,2.1985707025478822,2.5176426537541046,1.9699795277200525,2.9189372082104033,2.1767524371435734,3.1423462050641082,2.3866018001066194,2.0163006922239695,3.3662986936287584,2.7989656178453677,1.7612906767428365,3.091546281081416,4.0292324431902795,3.1324964750837596,4.0034181079639035,4.803117514127388,4.442448627963019,3.7134476756737587,3.874886403829818,3.2646610679926478,3.410782214575307,4.364280826962773,4.107469061467668,3.502594514035544,4.7803776251492165,3.0550983810461156,3.7003629173109576,3.110278924308846,3.725236477900184,2.768308254208619,4.547250059873593,4.2729103168011076,3.5753631642580443,4.854083789413729,6.004048801172397,5.312144655873947,5.452985962883657,5.709344053548385,4.00720879494775,4.015338481994405,6.281911510244347,3.7584667301838115,3.378220259102031,5.220878797798143,6.513325375933095,3.820435901643487,3.4328199183199923,4.328778762700929,6.43963271351171,4.395836341384431,5.386257130833808,7.248485947942372,6.414471086439814,4.124134409370089,4.789395225135289,3.4755701432048216,4.83874034672911,4.133383870472669,7.507286798517791,3.3423912198122436,4.052824979967764,3.6099008350994817,3.0044453764114634,3.518175853972304,3.7355251210365417,3.2667229110891003,3.4242685314729173,3.845064102019766,4.1606314564106555,3.7309028007597864,3.98387035567111,3.019247903590765,3.9237034296125075,3.2820273399360564,3.9374864934500335,3.2972390535707614,3.564583494976694,3.39573935671748,3.8221112719127444,3.7939094129935294,3.3078073509871126,3.735090262817499,2.8239670267883095,3.7581498198366137,3.3466916983673434,2.9904552760638543,3.4023249422862647
21,3.724236317723706,5.86327453773087,5.163556114132977,4.00769717180596,5.608819297439989,1.2333384106319825,5.908163751159304,4.367886010461284,3.776926932141734,4.1173785090488275,4.896904930697164,6.032474498841837,3.850220172570853,3.7061270927172236,3.7711001462191023,4.141617188314644,2.641666391585717,3.0117783832012384,3.3275601171151803,3.6460106035037674,4.324587930413632,3.792980347619499,0.6695913662797298,1.7814409496773373,3.6800795201348633,1.9737179497828947,1.3922034495184197,3.6841108074500304,0.9561518437413501,2.6452870990580974,2.975540839721842,2.703961026941607,1.8206787774377386,2.0876231820497133,2.5745624081368113,3.5700108314314556,3.2795714652966086,3.4398966214087663,3.7440158661367686,3.5225841302786214,3.576052409554958,3.9080174633994806,3.5594024663506394,3.645911184821549,3.371404080537531,3.5987529270792824,3.3875365972878093,3.5451999340191334,3.6658676622180226,3.7706419170113024,3.5365377966612823,2.866983760397927,2.78342369536124,3.4465106090483313,3.2736356850560906,2.7962193700777194,3.5094689222583324,2.582526770805331,2.663562001316211,2.9984597510175406,2.388186102519168,3.3608046547078754,2.6538521206932217,3.4815436842043503,2.8175406507542484,2.4617203332385738,3.8226448972726668,3.322351977600402,2.273193403072494,3.4915221668443124,4.337592258339184,4.55556695606431,5.227728206313868,4.512609962296313,3.9175835625695545,5.539083637681216,5.053778815338234,4.288917002582402,3.9732772079554284,4.633745853433151,3.6543276200285786,3.853197062630171,4.737739449081874,3.74635084461626,5.258059745202184,3.926700528079091,3.8930282562141305,4.418738058425002,4.664967740088845,4.312003196212426,5.435072623897749,4.764693545606291,7.9522353319562615,8.03937442485973,4.824921619137978,4.302152574404711,3.9650950725654988,4.695637967941764,7.738213007793606,5.72393194357125,7.63121163212603,4.288119972732192,5.595599695282719,7.978003540694518,6.963478601054411,7.911615718112667,5.608769541894637,5.903774902586094,4.500871411494322,4.92865650874386,6.523066978281358,6.7625091030518085,5.4859590265025515,7.935245894051661,7.595775700327308,8.074436217822221,4.7744153298714025,4.1994058164042025,4.631332331180645,3.631886063910013,3.58291488571612,3.8250867841856,4.828963531834755,3.971986026809453,4.143031395357229,3.56264075402549,4.628420775068768,4.627722834510082,4.094015247569534,4.200714647772788,3.571360954543868,4.365491240051709,4.05142123840818,4.57348921695133,3.6095331603790806,4.25126444897133,3.929910840779468,3.7786132738319536,4.238895304549666,4.290331493053332,3.725940457831152,3.6591825196702166,4.534524760877377,4.03469941465694,3.7687605412554874
22,3.9558711820931762,4.014474272146256,6.808658343447197,8.275748076870773,5.251338929156745,0.8806720850276493,6.028532066725969,5.727414077645586,3.37878602806457,3.1870101854652124,6.838113243835707,3.2263373426689363,5.096437317487761,3.9996748172069405,4.458034820362969,3.9804056195795043,3.4310466496130525,3.843811911323363,3.3461141152563005,4.651775481638874,4.0657127903998385,3.915025802777197,0.872017245130437,2.0937410191444994,4.176630933037212,1.9876230518898261,1.3927395826383433,3.625341511042888,1.1895688013774701,2.945331326118816,3.184462892014905,3.0094658312998384,2.4146636004277244,2.67546249124919,2.777697930646489,4.102855025491906,3.9363709331282517,3.8366050417835065,4.240259917046098,4.012131378870386,4.0803440905751724,4.25197317165045,3.9438715720962967,4.180935932011335,3.96503743050277,4.140336619023393,4.017663365561163,4.020545212312628,4.109949800101858,4.305337502468496,3.9600216946809996,3.3384314184012216,3.1520572936104134,3.8590098186331923,3.8405003611168986,3.1592225479037586,3.8954487691771518,2.904325681267513,3.057173270391763,3.4544438540089546,2.9254412043017033,3.8012664594384473,3.033390027203336,3.943069326332102,3.3243072298030514,2.8978770892904024,4.198596183723967,3.892164131535305,2.732737198533894,3.8361704054561305,4.284191675997892,4.114831580014696,4.729106139282185,5.958612720132846,5.542031084278492,4.924623741650996,4.156502022390438,5.776773174831144,4.4146475831754115,5.616895801605663,4.884518681872506,4.395402515556747,4.988363068081503,5.2288471816545545,5.339978175797498,4.498297628439767,5.016912375210342,4.166127706916546,4.804713924629712,5.430256776535148,4.913198813835037,4.199091875053806,5.366748583006935,4.880336304401107,4.402353067194906,6.327283487346161,8.42165943745229,4.633922399606213,4.818186156463654,7.936346631549025,6.400572241193805,4.093365225931056,4.585450786872782,7.610626803482781,5.221118183765286,8.075672717397495,6.9001143156619165,7.1879463917570785,7.591094315108163,5.143524431046521,8.639795050145462,5.773049876629264,6.563609623910633,7.730641045297312,5.361562666881169,5.32994423276008,6.675254187780667,4.979180809721371,5.1545244648487705,4.874516506815457,4.211061060562187,4.140266935771496,5.029050361187178,4.507859016130655,4.385965984912557,4.286832971993997,4.972174408407707,4.787923020984494,4.92677319023807,4.372542122125129,4.424007725442996,4.943202800341046,5.356052536914609,5.004245983649016,4.631432194724335,4.73711994131771,4.674297250755673,4.6882667589468605,4.323791544405006,5.260043163679222,4.103478290546039,4.300826501394887,4.313334107965018,4.50695069211109,4.228184074138513
23,3.832307557251431,7.068699945414727,9.038578539951612,5.354769459546793,6.658589403020727,2.475437999655023,5.597486678436603,5.137703949394082,3.840197471535641,3.8757378519557277,5.841065715925271,3.3745410873726507,5.084733618020563,5.094595868881879,5.066359399593402,4.401932239327455,4.268314566830548,4.282378683634255,4.447901409667283,4.679439839269691,4.6598150461271,4.923300674974959,1.4168403663936087,2.4594514366691795,4.500892511938034,2.1367547609349775,1.3980492654217416,3.987377202588901,1.3658902477979324,3.3702796607355032,3.3083765593434262,3.1624309649785687,2.7561130576298716,3.1954444118405183,2.8823204673803215,4.626857940931485,4.3542854589571505,4.306433081844074,4.7183954854767345,4.588355255297073,4.550773016938679,4.753613126800749,4.510108337645904,4.64120298984941,4.460943958048987,4.538367930376373,4.441852788621963,4.577120175280781,4.4947736858178775,4.786264371987847,4.460217317819742,3.7908075770045877,3.526408001898649,4.227300798292159,4.154608662146408,3.5685625222713564,4.286072022539379,3.2891641418009714,3.513643418955919,3.985569631197119,3.266741142156715,4.175797363698258,3.4588841127257037,4.230685117293275,3.7357571838582353,3.274400983482333,4.66554639391744,4.318728486840368,3.2138158689941028,4.23088190141821,5.727031987949786,4.6415331590342594,6.152179311216793,6.130709439960383,6.183764600852914,6.067168242811727,6.036330784802859,5.936637407215134,4.840843794616819,5.792487546169375,5.819543119047735,5.795773542856527,4.867313622674417,4.605350091669133,6.048105480203784,5.577604274733835,4.697826645278614,4.5053405578662105,5.54770446327244,5.883260131928219,5.906470705424697,6.102754795654346,6.216708504621688,4.697361312846676,4.9940907878229215,8.68943461723461,8.053313864911688,9.224775374094854,5.787594613203965,7.886014893387916,7.5113826341572345,7.802867057773906,6.750670096726853,9.323528588809591,7.597877042512415,5.593939453916705,8.077129508125047,8.940094844482921,7.618027401879525,7.949366415154827,5.031643175839933,8.18662947964498,5.122418745461803,9.118645646459932,7.074729521734506,5.5350718075174274,5.7849269423734455,4.7217447956695775,5.2977139685631265,5.590643705436917,4.921692799804568,4.701455039424101,5.522282460343453,5.008191840236586,5.543882927058014,4.979847728255712,5.427460377393756,4.694779353629233,5.136964018134054,4.334368543716675,4.966089892196952,4.959312312879612,5.495802737326261,4.7431252747254025,4.4969273504534755,5.41403759606648,4.954933799261506,4.691021096379532,5.333606651255937,5.468690313480376,4.854609101666202,4.605068347971313,5.1338575057520375,5.089113211993771,5.255278344035978
24,4.351054618274593,8.009867039004765,6.511610688737486,8.133787271991537,7.139621697224877,3.2294893952648582,5.18639705703587,7.153547269985201,5.184089237074955,3.9987492064841823,6.278599962096994,3.7481368149784573,5.9258739405054754,5.170229763776031,5.1246415441905135,5.038843580108791,3.7811573728778978,5.088936722799879,4.448200039390257,5.9256832855001855,5.787822477824165,4.979809452003679,1.4548795143732076,2.744354222040627,4.537726598301383,2.439737204105173,1.7522647399953861,3.9922387325329183,1.4331822652025474,3.708615444471224,3.908122382796417,3.2014735522280073,3.197100345278142,3.4766297619406146,3.1428004133962686,4.926981206377613,4.918289740030817,4.903791793292179,5.143349585376272,5.014880787828341,4.960745672463836,5.298630024953426,4.809422583789786,5.109521284264065,4.852815114608431,5.083365157461379,4.9191541002666614,5.021943391794659,5.060193359555247,5.334959492274369,5.013139998976026,4.2242276639312,3.8903852540124255,4.6628577656026104,4.591271792404807,3.9399076882561794,4.603496698141698,3.594050956279151,3.8798313523385466,4.442961639036679,3.6883147902852875,4.503055388191125,3.8024731253287984,4.544391990033791,4.111865127751059,3.628650577481199,4.9565596679281265,4.748222437853559,3.6480877921984862,4.515249259430807,6.435364067997353,6.160655211444932,6.256410035272943,5.500089924011688,6.344595248820312,5.894843122414084,6.2544786128900745,5.847170708862768,5.672475287298409,5.742646586896102,6.386217939813106,5.628793332393531,5.966441221914806,5.2419330056974225,5.85662208161918,5.352037815334161,5.904659306080867,5.368856238443879,6.910082754538976,5.040264609968227,5.618684374778415,5.663773310909889,7.257246222493528,7.554032094532272,7.258904012685103,6.363127213401848,4.950842835895114,5.634266861099034,8.404243658646006,6.840287174438931,6.204706050290023,6.517699458909509,5.872022454710091,8.692973247327435,7.716879365401402,9.369594259118866,6.417137375717475,5.287546527263355,9.176627025627845,7.271288134530965,7.967801068089162,8.995014761000183,6.173053302191562,8.26558415368438,7.158322796962556,5.353323531870077,7.796695630255817,5.297208491657726,5.645486366847534,5.015858307817647,5.268333469261922,5.027774008638303,5.253030169438682,6.04221370815936,5.187983743835969,5.827101933353477,6.171159289402265,5.530902071289981,4.960168404292585,5.031048076328812,5.647381326003869,5.135137670706406,5.96657165867961,5.521238721466966,5.058637739823313,5.590542651396819,5.441748128089916,5.424177150352452,5.140479137119787,5.693507964031393,5.316312947969038,4.801287297830825,5.67765598916262,5.117902842393717,5.670888866705027
25,4.136005734388146,7.154573533416944,6.506557913392327,5.308058214105698,6.079684842213062,4.207030065298179,5.635103683743609,5.995243187310635,5.789895856897552,4.688002635404002,5.983358047897319,6.543668658735639,5.813981655174479,5.609988313705504,5.38844948714301,5.0916573985111215,4.387712035056967,5.413467984759939,5.109007097592785,5.402151764343475,6.010803115503738,5.400840537027243,1.743058242636647,3.022047546996153,4.715767279947586,2.881126664215079,1.635653499348044,4.140909082141332,1.8757311334089541,3.8193148852405723,3.923985802399975,3.2686709930585165,3.431651129453375,3.8637577724703265,3.1080139188856912,5.381809960031849,5.288908339089643,5.271011138587098,5.579095144253205,5.350427299211836,5.4622465882951285,5.611071646221874,5.20467907244761,5.6056206639612105,5.1255566982952985,5.334568206847064,5.171102899865099,5.3775586106348205,5.425912503135084,5.72543822048033,5.473058093226056,4.676282722989314,4.173054506372838,5.010087859732661,4.8866387163068605,4.230954369392874,4.962306210431491,4.006195052124229,4.290373962300919,4.841291780258655,4.02176436703986,4.814404360060247,4.186115794836439,4.767818032484992,4.543664550811391,3.995026234554149,5.329930278502305,5.105893287723313,4.121961617656223,4.7590335870648905,5.739826481368675,6.157807249420604,6.025787683747859,5.41938783098981,5.80073535213393,6.094360877400637,5.965445531645003,5.911206711182576,5.670098357968041,6.398668658967622,5.899857590166813,5.792433757543484,5.869074966046462,6.78228148939235,6.540911551883896,5.371322697193035,5.122847140010426,5.324689843660571,6.349869429465684,6.138013810467025,5.788568536189742,6.881956532364713,7.582178303332229,8.698468672189676,9.378349397412997,5.53237738873258,7.47669610041212,10.117301199598872,9.715722242477545,7.097725635425862,10.149813327334492,7.43240053764112,8.884853992217565,8.598734411179018,6.346624624603655,9.411359668765526,8.02437336515381,10.09947463308603,8.03087192275568,5.547151439668746,6.0761777614292,6.265309057395377,7.484908570346951,6.767150196186666,6.7456113787300716,5.679803237890916,9.702253494198404,5.5514923868500095,6.052277798893707,5.482916051231658,5.363418974129759,5.22215141788319,6.539645028622148,6.362276739297809,6.1354966839571485,5.756961397958902,5.95193883070559,6.015769200449208,6.242991081484911,5.321676209138149,6.167197981106567,5.7711172256131835,6.518459154389475,5.918739223012597,5.485269278929237,5.617106401200993,6.155586689367134,6.088251864177362,6.10351399884868,5.598202380197922,5.881969155503947,6.274256762498325,6.151857080639329,6.143651169135119,5.5945930372745485
26,4.157548469307236,7.825834135475125,8.350254043291393,8.306306449504996,6.863237806989161,2.3573341157265846,7.762909150281934,6.681508988909494,6.066660434432813,4.608701168362927,6.816655900676128,5.336392524618163,6.558206132550076,5.6315065418295545,6.071979283324909,5.495483980352293,4.616730692314186,5.2989198542265665,5.419404444017474,6.648156000051453,5.930379076402361,5.256682474141663,1.8366187283099504,3.3623448493065826,4.902386585565356,2.9187844293103224,2.0399672856740767,4.2558797095157,1.9820698722308188,4.052689076027227,4.239128217137446,3.141990459124855,3.954700782407672,4.358870287871405,3.164070220692494,5.710212208341023,5.510263566114218,5.557398260498643,5.945450876541235,5.734613770670238,5.802006334944804,5.9927710981283635,5.5687623906723545,5.852842116083514,5.5121869777096,5.876839918001663,5.623289311574981,5.686993813270399,5.595483039352392,6.0200648233189655,5.791232565969519,5.0234147492736225,4.417748573968088,5.236043323744545,5.240095915681168,4.5282749065808545,5.149005279089933,4.220433037422436,4.532076631571869,5.220924413019972,4.424291154627402,5.072703209183678,4.427864784921194,5.106493896285432,4.77706642195563,4.252951223699606,5.607040816629416,5.507274496645446,4.4403917374740205,5.011621520779258,6.595665064696981,6.291879513760154,5.838071541092218,5.786762072742422,7.367334664760563,7.067495280296258,6.003040851189731,6.477957238292655,6.47222919518022,7.062275121398544,6.007303016582151,7.222559337574193,7.6007219886028,6.475631617613558,6.107329348801946,6.895863665030525,6.725855943710835,6.352274793365409,6.3276545538672275,7.113213509736235,6.023560393652462,6.287901943212908,7.528435333084531,10.008462244733124,5.67628907223481,7.5728281456908,10.03028863345569,6.689669628822802,10.303637456026996,6.50437169882226,7.160916248426869,8.685841776737755,6.880750574957273,7.870938455307206,8.547116822097184,7.0654709953636825,9.79657882501728,9.994771086543285,8.06183387289874,6.372324074688928,10.324019892068659,8.884228748029614,6.274758440240696,9.673697716230226,8.506086157401374,6.452277066635854,9.301922491588957,6.645056351309151,6.549297402171554,6.812503953133021,6.032105317209067,6.54938125681951,6.7443717916101225,6.766077701911701,6.291127569584364,6.032267398809518,6.806022040862654,6.809184261433974,6.5774285744559275,5.7370616048721566,6.469363792131399,6.20495053915973,6.475406820591023,6.452914030505294,6.280491819447793,5.978625472776104,6.761842360344276,6.657162191572274,5.842459562686903,6.789795158994013,6.265977606212446,6.468391700463138,6.140528794738856,6.475820766621908,6.690659020138414
27,4.533179320621872,5.242019533941937,9.730034919913209,6.518383948320754,8.32730507671205,2.474777611762143,8.381205680235595,7.208584196645809,4.699946506255297,5.784775911186567,5.303727658709867,7.054900177935329,6.978782004590101,5.484991122385943,6.516734559219439,5.75476674891681,4.956505031334124,5.953025746308576,5.590883040790891,6.651601921252083,6.319681036987998,6.206448773520368,2.110993533381132,3.3054828307929056,5.0352953837749395,2.979628030197256,1.9677775985416563,4.084951875949743,2.0610589461410145,4.276712129002407,4.414598418835611,3.214472127731161,4.131513921820475,4.786917629287279,3.4435666612539104,5.962661760189903,5.94151727989389,5.875473031286571,6.215784135516575,6.069605393850813,5.996013527494041,6.232504898080204,5.915210571158495,6.13027154453788,5.912091335903646,6.067882574175955,5.827141152112937,5.972637181008345,5.9865834894810925,6.334169442558527,6.153145633269746,5.358610646026455,4.6555151489538344,5.577893568313471,5.5451248829917095,4.715904042360961,5.376564759293398,4.50419300268894,4.901723391433445,5.446179280601156,4.624556640082482,5.295902994382775,4.7447665907153596,5.264599344860526,5.072349614499265,4.608457209752848,5.818497446907764,5.827422261820844,4.78624460107347,5.177792936236897,7.418747779075064,7.142547492532463,7.811174102774497,6.895014772364806,7.162272266932515,7.1918852686523,6.592164567480177,7.210154370233534,6.990800791146175,7.5583159762009196,7.37197263778633,6.838677214637424,6.153670440857523,7.732934693934398,6.9930236619683965,6.490284837008196,6.319787243179229,6.065164116113098,7.524017933804066,7.581652002095754,7.826577293313698,7.40170578697706,9.806754490616626,7.848948100791638,6.161675500071055,9.291166958051628,6.935109743662228,7.379438978214187,9.038842015411458,9.547351837889467,6.461996249993369,7.243995899349396,10.302929593259602,10.32553627896172,7.357699804554152,8.46837262622213,9.462053128049787,8.49414821980029,8.493087091724364,7.026737227203118,8.593518806780605,7.22301085057115,8.291299531224771,10.44233240041585,9.328424521648838,9.429438635055392,9.338298174111275,6.4347022094941675,6.426188660998732,6.941672512955794,7.065347877679207,6.161540473206529,6.4396886422522135,6.464236433350928,6.8692049962466815,5.954724224417269,6.705863439475396,6.881893413925626,6.869574708066446,6.137033494288386,6.587327525728352,7.059876774199025,6.789714681290151,6.829537135777231,6.198226967516148,6.490564096844334,6.469952614966633,6.770648373053614,5.982381101986911,6.610256591206724,6.651949217816101,6.187587889068919,6.842096353258614,6.455362213399286,6.777954827140127
28,4.238230028799124,6.03116384047025,9.23618661868667,6.199410491837034,9.766830650253373,4.371892969054762,6.49965360770998,7.9824584423820735,5.178406830928251,6.556034860005025,7.7543972423782,6.245940070633667,7.419504458321393,6.158023425624487,6.191542460566851,5.941669450101285,5.033760575568832,5.8811914766894295,5.965903865363707,7.168232466003854,6.659147008858643,6.045324832982132,2.34699058950765,3.755848381888108,4.909646971576509,3.3215792304195357,1.9975730118408768,4.321002640184024,2.452740996597815,4.339474144820058,4.574202728999574,3.4572520523897055,4.2642078421186485,5.076267740064322,3.270015516484313,6.201082512749502,6.1093071730164565,6.152617519382694,6.447571093943593,6.275447921562111,6.32745867730953,6.591800419978862,5.994221661076467,6.432241735737183,6.1767227546514745,6.404723641998075,6.042326183973145,6.235770024587177,6.12573735343545,6.547234405220793,6.427182441416131,5.618141244397961,4.764645148017235,5.799053305019092,5.719641956268603,4.921566320403908,5.5473674193497695,4.621449185821431,5.133892055020412,5.724009607484241,4.875505992222605,5.45467487246386,4.98234469083228,5.375490320477887,5.373975386101865,4.803930365146938,5.9889905691250975,6.068346648148673,5.167647994541024,5.3709832518893,7.634229973891184,7.670693716532653,8.0480535418803,6.266573725313516,6.689817478741662,6.705955904238692,7.51880518533487,8.079491602173634,7.744456349961656,7.767439312982242,7.847072888352107,7.742203527634652,8.050509984669727,7.4511110244090935,7.227818809436868,7.66687393571469,7.53594104034592,7.03788435529204,7.997331685595181,6.892497138480752,6.75792286747594,7.5223433729023625,10.825097408537614,8.202469463140952,7.622255392654694,7.1679890462941955,9.186737752783968,10.435445351396883,9.315946447713348,10.875968130385033,10.358868197914175,10.040757963079994,9.25900957448999,10.678229543122413,9.737072014732384,9.200033275967726,10.400436723561203,9.40803013183723,8.132358698081644,7.953189518250708,8.00107848049892,6.8534926225695445,6.7189705344806905,8.679754924058637,7.661168860470221,6.747734539274897,7.939457356473437,7.0374024508088775,6.433887029240763,6.945910646753975,7.155439839597043,6.4688426953555505,6.921770329957615,6.773078281287639,6.5027045626290265,6.506753694522462,7.113136393844068,6.276836638128229,6.163198019402047,6.222133221797423,6.490711087265492,6.559069756591427,7.41999732040753,7.4423261030429195,6.175858373829389,6.35546651875009,6.775891110983393,6.8981918250059335,6.709239520462073,6.760940982302005,6.872720561864522,6.891492323517949,7.153251174395763,6.453207007025236,6.628304808785879
29,4.356864682557698,8.02136825354746,9.369615368045784,9.444996526910256,8.021425463543132,4.153899707403125,8.079012750639022,8.16341954989262,5.817521851133296,5.715805337155208,5.5119123092233036,8.054545572790797,7.5491983777909475,6.094896975062102,6.486888791173759,6.495263032366127,5.867331452899002,5.97280987084951,6.267609681213194,7.298472032983045,7.355348068320305,6.2223283559433495,2.5624582877602085,4.000684563567274,5.064581624214813,3.138433709482186,2.1752768794068675,3.9683851502866467,2.4428961579983057,4.389354265869609,4.819137718499344,3.4250148213874367,4.614033694434733,5.319842121184483,3.426604778032771,6.34376439042931,6.4672390980655985,6.43571376760544,6.4740253096195595,6.694667108345271,6.562625108447682,6.631011888880355,6.172070334495707,6.598001715988302,6.323964354016681,6.64538610963173,6.33027776332255,6.5987474368492745,6.414903667666628,6.746605853315579,6.648392724068742,5.844731696022758,4.9337543319739785,5.918127564016996,5.8735340793878414,5.113016967564752,5.760271735321175,4.859913036993998,5.308295134663064,6.019187169824234,5.204292201427802,5.643955230422385,5.211682252859131,5.499013602928188,5.5974135794477355,5.080525899688069,6.13837948457098,6.2304769231638835,5.411087445775318,5.4960656475682566,7.942990257654913,6.843120544028363,6.576115552165047,7.011889761920808,7.9406146449401405,7.997199560258434,6.568250928586488,6.616603480622789,7.630222546594547,7.143830067139908,8.119701768670332,7.6886478845048565,7.100593392838389,6.998584839226957,6.9945416441655714,7.610815670003548,7.604105791922821,7.491813435385932,7.06167404655571,8.020975797184136,7.114108818604603,7.076038917970883,8.815119883668746,8.216517657741502,6.634450504472056,6.788297664588777,8.642174352131068,10.648280045172744,8.749042320820857,7.6679050168730205,10.867139201967884,9.77207022489056,10.338520681106885,8.697177722639829,8.923369242556813,7.335592015121803,9.156823573821896,8.092669242081362,9.855560661758894,7.479194328886025,8.66027020161661,10.548127471572588,11.035018141583926,8.481479636796907,10.091238269922187,6.975034607053039,7.582547774900958,7.014567744730719,6.827848985186427,7.511619915589529,6.80455974569019,6.311660364497897,7.05195191690482,7.247574952381237,7.583351746912411,7.207934987623084,6.852075927331484,6.56880428975394,6.291344322571592,7.302888579479389,6.948431686346375,6.6567298685898715,7.319285728810569,7.467732983563465,6.366935050274918,6.756868044056999,6.982180778101544,6.846478548557578,7.098169492665438,7.450460363365272,7.200250559129937,7.282015044899761,7.161557624383927,6.95402240570885,7.303331166500635
30,4.332519790811606,8.4499346681853,10.18366732574751,7.653724274347365,7.645785780116747,5.164346759314503,6.520003700837655,8.50648576302031,7.268681566587878,6.073694419660069,7.159367314443417,4.4363472368521695,7.406435673900358,5.89471826079656,6.619697721526595,6.679842661884554,5.783808488915452,6.843838761324594,6.685948772964101,6.806997485143137,7.396114813682318,6.546137491368916,2.6491692946203647,3.8658805496738107,4.855236146266455,3.4608288564674163,2.3633051888216383,4.213918565278035,2.821679013315136,4.795596349119021,4.80407551099746,3.1127893626887215,4.777302871508828,5.348916956332033,3.3129552211006645,6.539533845998988,6.6872734443731705,6.583223657819441,6.6853763118375324,6.678827710743201,6.775627204850067,6.890365518106159,6.389817956510983,6.764932986483124,6.6853901591611695,6.784891202816358,6.41773487544061,6.619690779886358,6.48441367101943,6.964069148063477,6.74830715405567,6.003893335458514,5.074083240937665,6.031124546214376,5.989270537656605,5.252300706958808,5.853338858882483,4.97627961068901,5.504958514554734,6.1705526552309085,5.298840093922735,5.743282113841076,5.330197448594231,5.551741196110902,5.665545070854819,5.1876777135671235,6.228153354359874,6.470701392281522,5.600305122258314,5.559421897254353,6.655803396449357,7.8582270809011785,7.466360131776075,8.087627141432641,7.5186909609205745,7.656991541692096,6.585421119890395,8.146662851635769,7.368487174565604,7.6080378337496875,7.600332570224322,7.992410267901015,7.463883096815179,7.214373605958089,8.524095277236485,7.206491039624046,6.868801830526085,6.682115959879879,7.9833920147309305,6.80425411603345,7.44731951422239,7.524895797528392,7.212006598849551,8.743624490015286,8.628662565620711,9.640182409572908,11.313385806120003,8.255899641484366,7.256076055332966,9.726394878164166,7.126010463794699,10.159539260358924,8.830035776312048,6.851472671803534,8.167679788944213,10.050419003697112,10.488971176342794,10.390790620349836,9.46382973214059,9.401862694369832,9.021416813312964,10.755049444103829,7.655873407152075,8.96954352840261,8.330097597260831,9.130189567180656,9.333424881267806,7.749370336620784,7.170993575622257,7.500537926194747,7.741894293805934,7.4584815761419785,7.229339063798731,7.475707262268485,7.381637531847505,7.510180868320418,7.175226394415683,6.943883680594629,6.470909047320528,6.800224162587539,7.31926844488279,6.903956685443104,7.086770160581999,7.342541675578477,7.075393244832741,7.130592252983604,6.796203982996238,7.113931837901546,6.8140700211186545,7.011312839700814,7.100060152377255,6.741355849457315,7.084015261789713,6.869277977634107,7.0524041586862705
31,4.243337580267966,6.461386793246601,8.33387155813394,8.227944920778972,8.677893263734115,4.913351147736723,7.644504219528563,7.109375811675356,6.449954684775671,5.101780439537704,6.970444875710857,6.917654362910794,7.580935563510041,6.347253550638374,6.721614539388372,6.17819332298034,5.845398423934858,6.805899550370778,6.694470963423789,6.941201512715623,7.607969928495786,6.524895679019212,2.71960208043848,4.140404132976165,4.844114961144111,3.386755198065788,2.2141347860037293,3.7967551443312564,3.0061933322526952,4.7649601766637195,4.685036578711535,3.3505277992012674,4.873543016213398,5.666841978145348,3.325613071341469,6.746965420904426,6.756165880453884,6.637221078239466,6.814257957913648,6.77061993392797,6.862391827407769,6.979654207189423,6.503984697810921,7.014656372690162,6.589921673314761,6.779784145076188,6.435950982113167,6.783077155990146,6.657230929500714,7.182381435150565,6.860016211669271,6.135462499327906,5.1864231493209445,6.115329795695523,6.129211748847388,5.292955151391581,5.830893561593122,5.065282840438133,5.5766769467220225,6.343487867070026,5.467165601709629,5.730404021068539,5.418760586433063,5.548393242309085,5.846321664477754,5.28398299697773,6.197261293528144,6.553786421577811,5.855766739879581,5.501234872985382,6.987627254169546,7.320003770996817,7.023406859757001,8.135805603628581,7.3625937585648416,7.085903247272629,6.5478613815337265,8.55449936867765,6.629650721213334,7.181597969998709,6.994746205782461,7.445280111295395,8.483198228183616,8.481394251276994,7.275853017412047,7.878948092391221,8.374723796595834,8.184581845276403,8.557191827503512,7.103532306336848,7.62195857404537,7.4581108757316,10.961396177010034,8.77082293808758,11.083804717638547,8.84959744284293,9.693292238396516,9.91974672679962,9.906539820835881,8.76605990305798,7.5777482247193175,8.542859986341298,8.56883453568556,8.761708237829696,6.7636178427439795,7.56767946205103,7.321383398517613,9.991861960661643,9.835042518335229,9.033942790497271,11.210205665991499,8.915112134889956,8.010169840925114,9.462484728902691,11.275364943565425,9.439838884927319,10.573111569430322,7.471891737297937,7.1502590797772445,7.094377244349642,7.350838646860232,7.385490157773536,7.0673690997493726,6.908583693990687,7.153940898289254,7.249777671313766,7.547388554875961,6.77369711763629,6.7537987136591795,7.254146032766192,6.653985135132723,6.902023047017726,7.101546551684152,7.477859149507324,6.772890625606618,7.117847398331712,7.567015999593314,7.030417183528337,6.620991934452526,6.983027627916537,7.196832427717243,7.019813236090856,7.571121572469176,7.644887818216918,7.009046526160288
32,4.1293129869819545,6.349497257148675,9.64867779902066,6.021583249349127,8.432923696478872,5.737964556396683,6.703629808209307,8.646841186336811,7.08168366011207,6.570629709113124,6.430117057765113,5.283990004748501,7.831927044173547,6.476944493969062,6.9632977710095485,5.918036205848531,5.966451716531719,6.607770986762789,6.985298775925344,7.104590451479194,7.550071698585622,6.202670953411008,2.760531498272724,4.397991471777399,4.947856455294254,3.56096142473738,2.2482002582778517,3.9845381563050974,3.031623192306971,4.63354795589202,4.719969094399137,3.115658472352219,5.11172795873033,5.941193114822515,3.3321640074401278,6.753315207161834,6.7020750102023054,6.770091689542122,6.724040015836722,6.8804613021501595,6.773685559449092,6.887142164413771,6.509973847645769,7.106010112954084,6.678279111255703,6.899927595322889,6.6134219072547795,6.917678367114846,6.603165392381436,7.143855342997516,6.970775832612477,6.211809702311694,5.176815079116891,6.120128309119874,6.165438725949402,5.3436767454330765,5.8000672530584145,5.111565571101126,5.65241998031747,6.418436293532788,5.5979251649473705,5.778435706998382,5.522195518589933,5.58018981843641,5.836039282059775,5.372003937267797,6.159334902255613,6.591611077286019,5.914556794786419,5.4803053748543995,7.997430181686042,6.748464924726282,7.803626807486214,8.237822479934149,7.681118343767157,8.305093375559766,7.346399866752496,8.375606883250738,8.154367775294872,7.494121401528574,7.619513372953136,7.613722732903372,8.059750456168882,6.721295484544991,7.613353915482623,8.458046069942068,6.921643938629238,8.018749032806117,7.993648332569791,7.116399576092829,7.262316754365944,8.549886725456156,7.9546525657615375,10.24531281912584,7.171443410635963,8.375712991216279,7.6053965807368265,8.557786891877369,9.522560184716935,10.345291554192942,8.66557180521952,9.60423636933569,9.343827302201262,11.238509760391583,8.94327175756398,8.321117831941955,8.164893354685228,7.130633850248381,11.052039719674944,10.065395774663486,8.50688284364738,9.967983065056009,8.440878467110497,7.448824525978637,7.729181877995363,7.522878779967901,8.186447638539821,7.950221855825975,7.469244548162991,7.39598793809432,7.69312771932596,7.264182166599819,7.990511126304028,7.385841977845688,7.889801567272097,6.7801796348878005,7.252591655403151,7.756966245601457,7.4695157983001295,7.052309535157263,7.147555938518229,7.422317711312894,6.714668116978437,7.888347103795019,7.19624200546547,7.188463545625294,7.214466382811458,7.508075034172553,6.757131377295087,6.835560163898081,7.441485395478809,7.377342794672194,7.252602584476352,7.070519910249495,7.594769157017574
33,3.8371702551117695,7.71185499934481,9.649504138518921,6.128257941131927,9.99859898586958,6.364826793989865,6.8179594204718175,6.82536444841869,6.804193824960406,6.821486632779794,5.963252988257582,8.281937314224793,7.295428588811012,6.442864145288752,6.500950253590425,6.423281732955669,5.881120225372068,6.599683524088333,6.847043493564018,7.003555686200592,7.556256074435397,6.716930879904575,2.861851108744184,4.147359526864785,4.77986417809637,3.35974523477065,2.2952642433622636,3.5724545475851097,3.111965028956745,4.694543018054616,4.82907470673793,3.012998610110194,5.20563071114013,5.792265689746721,3.1129465828835574,6.7394115378022175,6.842455760458941,6.8742080888439085,6.710759098004845,6.920041252766018,6.708362670459928,6.9511958914651455,6.45868527755218,6.955103754031736,6.728708090903836,6.90785880034209,6.398822847193363,6.732815936446337,6.683877756623275,7.101722860375869,6.900792318215481,6.18669035994005,5.118234299652106,6.0377199775615,6.083877540641488,5.32638081700275,5.796739133416962,5.006115280996692,5.685372294136908,6.44500558805836,5.54193909781456,5.660681467786932,5.544432326393349,5.446039366727774,5.873755006875449,5.424834689395512,6.07280673263694,6.618574845189915,6.0691415494070915,5.364671731076399,7.606750422995146,7.808619191223608,8.632736888077243,7.070564742644422,8.544254115461177,7.823890331210179,7.825523713218744,7.834325971401805,7.811286872109629,7.338481958936138,7.666282646491007,8.748352762654058,7.964160957931462,7.265163734580874,8.474066690115247,8.495425765799872,7.8212986336114945,7.1743602736102225,7.647790044921558,7.875455465404505,8.349245976663735,8.041561355869629,9.892347629381545,10.993234680924449,7.804031870734897,8.76088285350583,10.248124138425428,7.078343866424855,11.106626993801036,8.312705683331473,10.461492322458735,10.005537997062218,7.86567319937262,10.426828298791605,9.346427161516832,10.525633636210008,6.922475202947878,7.749078857246738,7.7570987705484225,10.241544555678205,7.687314942241594,10.859022422481058,9.528023223236493,7.528852054790422,10.97585794431249,11.418144281535575,9.060164252916714,7.3069419978169075,7.701148336752366,7.908877607121402,7.02340232273151,6.991960469660662,7.693017476878113,7.033699462997808,7.688063100045572,6.810317529309956,7.7229997817101745,6.8834473052999074,6.580621070792139,7.554242050907691,7.558699083993633,7.280571311043365,7.240771795069732,7.488220122666076,6.718090873950867,7.465292261459043,6.664873766082854,7.75618249115097,6.515048700053656,7.646177664100314,7.3108621148244435,6.603382176480824,7.393194757986155,7.882589887691404,6.928557508223577
34,3.7868419860364106,5.977791929332969,10.809914868923938,8.638971761270776,8.073103815911063,6.328542995607352,6.693655913313869,7.6652411250973005,6.229072511245279,6.926216254112678,4.298017751950603,4.271614260220364,7.6802306937114775,6.025876755860853,6.580378879249229,5.756580506752061,5.888272696334919,6.711114313889249,6.298484700335556,7.271169191957872,7.394518398806224,6.048033807144235,2.7836617726504627,4.157153415085715,4.507231100072513,3.403051776042104,2.3697153631214105,3.350850834658589,3.1013242780432684,4.543796699386624,4.585724305482327,2.8972204400140256,5.452807957243303,6.089418365775875,3.230770568130662,6.541280132468749,6.773852882664066,6.713277193726862,6.798535718806936,6.843228101123179,6.676396717013791,6.847567554841726,6.491979491905148,6.989857510683125,6.825029152586872,6.894522467460725,6.532107849588298,6.698320686370393,6.557268531352028,6.928820068568391,6.764905024014848,6.138301867050844,5.045777797346243,5.961599920374949,6.092843588041657,5.266319030428638,5.682847001206631,5.01884358028621,5.760911905650291,6.3845617826879755,5.6049925360198225,5.5655809905571925,5.484389976491219,5.378719029579333,5.913246921588499,5.465925637449234,6.02630653768411,6.540301948936903,6.033364187094869,5.344517910131888,8.174667822836357,8.178275045466807,7.593397132304952,7.547388784871487,8.016144677562824,8.152300363532534,7.219561077352381,7.004657408126702,7.709390693990129,7.799278520923696,8.338648281836125,7.159034620365898,6.808699298033698,7.513610634307116,7.094659145697147,7.615509492337786,7.532064853595346,7.926666267096961,7.536722493348661,6.719516474677817,8.236165055078393,7.649153149027759,10.840329303577166,9.384857761155075,10.837192557617062,11.461904364542892,6.780176380931336,7.819355317865973,10.915867332865014,7.194771597492128,8.779414335742338,8.386527727641033,9.714505677394047,11.167203140332743,8.848997286108965,8.569914326445488,8.923551437100162,8.8396388521118,8.618787815900689,7.2384617792551325,10.427156663811804,6.825097626431003,9.783392282500074,9.804800059870724,9.35685531438184,11.394088267239603,8.83272088612184,7.283183394134649,7.42357296236017,7.592204129336814,7.13995771104363,6.980855890750623,7.3130570960070695,7.187171716107468,7.364079120184548,7.298638321739455,7.373911706919407,7.145916260910582,7.362269901704337,6.719999191877886,6.894854468181949,6.7187443251238275,7.354841087985918,7.374437524669479,6.895766750818717,7.097265501743424,7.132004245484777,6.885210428245928,6.3106326144566935,6.835784388929792,7.019762919845063,7.174439025952789,7.052436043954229,6.993370965022665,7.725979367487923
35,3.712006643027766,7.976343143411966,9.42667261452592,9.236444449696604,10.03933447083741,4.539815684341172,7.639340455327927,8.061084977992104,5.821650200251256,4.89410037135468,5.5906916978221615,4.482368226218543,7.645279108688977,5.696401069423142,6.28913272915553,6.085743276975853,5.798345081646063,6.75203020478854,6.51626624020976,6.762450431016729,7.230561080308357,6.091134613955512,2.983476533282522,4.275111749010561,4.1827055971930145,3.5030777754303744,2.0968639067512878,3.3451391626876856,3.019848636152329,4.688749675658687,4.702911017174504,2.8390533650741205,5.442850117977836,6.021174839446453,3.02228796452624,6.374820040869708,6.631661865597825,6.644039678410125,6.49330600875149,6.676392864771024,6.641853916475427,6.595120655441121,6.30670905862656,6.880627074930102,6.519606764291825,6.637508313831652,6.394345132017152,6.533746265404675,6.449019325782844,6.847228291768215,6.636581590530763,6.120744610654473,4.923187769011396,5.817633257767669,5.8898924325629896,5.2115364282942895,5.514853778450374,4.933730986905126,5.584841445239803,6.247885569190219,5.494640388432451,5.467955644893994,5.444395271785705,5.1886881834642535,5.748464695046022,5.366544677520337,5.822068094813825,6.371764685565243,6.1199978857043975,5.173767928294032,6.731661871101865,7.2616060212093325,7.062610400744114,7.637957555783782,7.057050995378432,7.939669135019213,7.160025583640498,6.968779851536715,7.912497153692684,8.086540708132254,8.378743166802403,7.074493701592227,7.093251023852611,6.907776859343866,8.267440748340736,6.665160363450873,7.748362881614033,8.165915526971098,7.871084672231808,6.788969473846948,7.2304996819903025,7.085044047370593,8.803105600828601,8.272340295596155,10.43018442363403,10.267471860891106,10.378247271279871,8.330782058808412,10.375818464318364,10.499590474054882,10.557629979884496,11.110716578118128,9.006417450818047,8.465784457253536,9.361802040527156,10.078799217377354,7.99500735748417,9.279042327104625,8.699410096331956,9.682273033680142,8.957535408800343,9.631718785472339,9.034462955211076,10.331851878446782,9.895720107225788,11.29906577153508,8.29645633011414,6.787565707203989,7.311412583070861,7.705801305858829,6.687780280615256,7.483075644722948,7.420127036446573,6.828314364112827,6.68873883235489,6.945431661580845,6.676212116944188,7.02599996828235,7.074476955637564,7.482720374167493,7.111211906522501,6.991701804074658,7.183627884068418,7.756228271557417,7.469951971334704,6.521830590676727,6.594008756204171,7.312036324609918,6.5177177803791695,6.851599836932138,6.829978664501525,6.577683316396347,6.63708708837692,7.641334777806624,7.338636381436596
36,3.28205658294792,7.502774301026642,7.531717584133487,6.487230997433524,7.032350442214875,4.866688811883243,6.298329897243391,5.749838105275785,6.714763956317607,6.3363916445997015,5.424782118952592,4.3564549814698275,6.768664242516329,5.242695629647345,6.594122894827982,5.6060972038670345,5.101078393977721,6.951190714664924,6.936950358003479,6.548724853020049,7.4009445705768515,5.66365949897469,2.932563671146223,4.37738110812348,4.012291283225358,3.1309150845124387,2.1096352962251745,3.1115267720154938,3.2028890238827,4.565212717373672,4.582637350440723,2.3819282679780716,5.379678060915602,5.908506027198696,2.6530174892807667,6.201409294851303,6.384398210678453,6.6056050664004715,6.385929021824909,6.654394102131787,6.456897085445117,6.421303571076172,6.2523524528405074,6.600307537992364,6.457379648346687,6.645454875565978,6.202003107806742,6.379228923758264,6.13915168539179,6.631200697745452,6.468602238992499,5.974567677232951,4.870682161454843,5.623556560497129,5.816591245976579,5.06228521557016,5.369012975992753,4.862020450249235,5.516942672887983,6.205357757112695,5.472655372177738,5.302159012574988,5.348871880698525,4.930545103964495,5.671928532509864,5.270066239845126,5.566508418656488,6.258432246110696,5.9587516397608296,4.956762305657817,7.982818221591674,7.513940580092029,7.88225445697276,6.77302853648874,7.163667543682073,6.977540258333224,6.387983641498877,6.945610367000957,6.664035878526481,7.8298845954480925,7.642400465749796,7.292256937802226,8.268256231030897,7.469131329736426,7.262209269724878,6.449498167712254,7.137368904222575,7.843246485201181,7.292733291764031,6.303848127394483,7.058050045391134,7.4770762585934065,9.613978398026177,8.719240590864572,7.098585673059965,7.978987534963595,9.476568722486515,9.43182896589507,9.504452288949935,7.484463982332711,8.346378751973397,8.020134925617448,8.657619480053476,7.43861310980308,9.767290214755274,11.235916885590987,11.068795702680951,7.092656318216908,9.931151543294806,7.357793579995944,10.327850250401372,8.891984945070721,11.001741356973882,9.900266684091807,7.147651449303299,8.332470044889977,10.368892387662422,7.5260186349705105,6.561944544648711,7.074362426732738,6.9545278429333655,6.470913904379275,6.681355202796849,6.556248341597598,7.070242053719563,7.58764116798187,7.071404876282294,6.817909060640528,6.6102304251166695,7.317131429222579,6.830550714353361,6.591017236301442,6.938360658228665,7.103357080844042,6.173400147277308,6.90193790488091,6.5170111356198275,6.970423536467642,6.848878645428073,6.764762643745912,6.986415030059964,6.671735280860174,6.72555196318119,6.679154985963228,6.33073904183559
37,3.0281753788744528,6.974936817488693,9.926248197878348,6.345708981836616,6.01146315231827,6.463124196801713,6.058392083773379,6.595526151409814,6.657006599286916,7.12792573208694,3.041490661719554,7.564029288148378,6.273470291972696,5.085206625941969,6.585344705136388,5.656745000939885,5.495914395996191,5.995112707066305,6.40508617614983,6.831060742249093,6.563853695303158,5.797915785718711,3.0637134179256926,4.278980919475593,3.9139920874901994,3.3232524132027113,2.1040408672186097,2.5222564784864594,3.1209059649349173,4.290961317072357,4.266383523110073,2.405371115863375,5.291961098969232,5.906657774249703,2.529861513659678,6.090512201870123,6.248202387730992,6.2308874325231685,6.145026137624869,6.418112128953244,6.2074378697256,6.177985962500326,5.9058121656484746,6.300440037853066,6.162476187940569,6.23253263274928,5.8170181572685316,6.312324700679363,5.81098552748122,6.517243493475938,6.378772161382588,5.7552080619059005,4.693507222913383,5.365213570121479,5.48542494886749,4.8863713882320665,5.074572409711922,4.696018583035008,5.4099039333109085,6.0092555548078,5.319347613524321,5.104438194328402,5.184785966317728,4.7154670701056824,5.448791872259156,5.171643855409186,5.321706886111453,6.019252019246461,5.871774876534598,4.702577174050345,7.751010575549661,7.075847610595698,7.749596189593347,6.6860451775579905,6.518600527921064,7.697505696238794,6.049372951124173,7.9017682941569225,7.317706989122715,6.754245823437714,7.441158372460582,6.78949181518436,7.762597784205349,7.948061353848944,7.709896061732952,6.254698941873602,7.131160029652749,6.880339060969691,6.700203816708552,6.226553155726947,6.0760805280677,6.508331443932623,7.3447739839720265,7.874259854757495,7.924370224094774,9.677451979273739,8.401486672893686,9.248638974201718,8.680361125545934,6.33551477277978,9.505226146311836,9.174666180969425,9.958017976483017,8.305741057741084,9.143398564559337,8.22151701136481,10.042194782670212,7.12316856240869,10.20429720991445,8.933848590272824,10.174217303888337,6.675017913303,10.43939474889656,8.988101412017993,10.63454338006023,10.792167297564161,8.746591078937005,7.050973101793388,6.137829255590967,6.736778928236551,6.599338057528305,7.021605636983876,6.9029366032872606,6.6536156371265704,6.782055175512536,7.047378041367134,6.2783160098971384,6.8727922198020694,6.779343808065093,6.589369163227375,6.949475537700597,6.503606681096189,6.04065520848323,7.08929024980418,6.629754815086416,7.146632378423058,6.630873055089481,6.746664716920779,6.740089897569115,6.645712412488307,6.70869037044705,6.0870772679288105,6.03745522963885,6.760545558953937,7.171790660361983
38,2.9661734053577677,7.713728139424422,8.312804645800755,7.094185843912244,9.055769739653627,5.276246916420298,5.823162537877935,7.6760682767852195,4.579753997296604,4.467021878644305,3.6515018112135476,6.781940215183599,6.783295593460794,5.017962570748308,5.864782892152061,5.253145643746646,5.263290351161254,6.146303492362939,6.0693809513127865,5.8402548280818145,6.546086503993798,5.429558993277533,3.082386044038275,3.910728971632767,3.440086230580652,3.173788464579337,2.1274226611314444,2.397293135726776,2.8961486196009645,3.973271369980146,4.1753163166415765,1.9361239407411013,5.085728131244336,5.611667062257607,2.3092227600431254,5.673583658015784,6.077098779795716,5.966448744932316,5.895057700409403,6.041877355632907,5.926342779499236,5.873035259763688,5.567043415765868,6.198190920287207,6.072178053636723,6.008839225679098,5.745696752154308,5.855788735571257,5.580216920119723,6.149544018287607,6.144765754214057,5.556915989591591,4.421779647775749,5.116100199980792,5.2628879765029595,4.665164063548107,4.85199010180841,4.3978882030384145,5.164913239254352,5.719328112020688,5.096930321223323,4.83319131608876,5.009822376670751,4.45341625161288,5.249972221936156,4.950490691403237,5.09266988166533,5.756935740183014,5.7234291893438884,4.352118358978274,7.049163082444977,5.986069245026986,7.1373204403510995,7.08855108088675,6.309384287809268,6.272847093230834,6.183804240737549,7.756840910002493,6.58942762115111,6.934017298853386,7.526734696738331,7.290720841583154,6.639735282921153,6.214736774448089,6.453660351271675,7.210793566544681,6.312965480430887,7.232074947956678,6.5022010440698415,6.17180959530032,5.8423844165579295,6.425036276786439,6.403158957366934,7.892609171831401,8.02505735306102,9.24906587126833,8.616565631399482,6.722216590475385,8.01321894762693,9.07524000327166,10.575902567275108,7.528781218219369,5.982050859622959,6.243857242990999,6.5860461611084515,6.537716791543926,7.921896770186867,6.272948676982973,6.598859920117067,9.524625709606322,8.655245485459409,6.87333561199922,6.072016396683227,8.314260335898526,9.561434501211433,7.487523147309531,9.910674084338115,6.8845347686792975,6.585930665815994,6.459136688975477,6.7892450227847645,6.04957659805325,6.106560055371276,6.951048222261,6.726238877129713,6.066401775254427,6.142647866356682,6.8060755237440365,6.041325686823228,6.931056518308889,5.7241659336887745,5.859352194919159,5.961134500751349,7.129950912127585,6.008427756503677,6.700356767359286,6.109359201221714,6.210262678089683,6.021391342986259,5.685510929476392,6.283161244280154,6.459768039722742,5.757189733732129,7.033650338860547,6.437518264652511
39,2.3139633596242777,8.836993646749569,7.337397236097777,8.786322866827534,9.292994697598559,6.817402582839959,7.058668541277907,6.064558305465238,5.046332730099127,4.595736046579004,3.7000073398494004,3.698134570521254,6.488251413038377,5.067896688808646,5.790237160749295,5.003029072617322,4.567732691416978,5.825702269845554,6.369151156257405,6.024699853890491,5.956805641231691,4.609659210719125,2.876969608054249,4.068554218099891,3.096542539378088,2.818110253659289,2.0885395122829484,2.0216034212903393,3.010276693222142,3.8486615866345684,3.8698133928392173,1.707196155165565,4.858931821803133,5.376467999525476,2.304742607594861,5.508544521131997,5.6643170975023756,5.676420705278535,5.377334705181208,5.801648874699879,5.513159471424434,5.572319763117333,5.345145524377748,5.786642410118751,5.69817483054704,5.717427809869885,5.244102671147573,5.521213838925746,5.358961082780004,5.809691689672399,5.736715608598257,5.353187668216945,4.170459451322282,4.842638818096015,5.012517311038338,4.3606695983194195,4.579995347514353,4.22712647730323,4.916421202699934,5.420449562747393,4.889769556759977,4.481396078501954,4.682408235644623,4.113113235525699,5.0156237281656,4.7176948920204795,4.72698829189871,5.39709209794555,5.53063139677839,4.098186848588766,6.7978083750700184,6.780137015640833,5.851726316846718,7.078884782793917,6.336784967560847,7.419063242717266,6.524307283639129,6.430265174538911,5.572937364785409,5.685352470262827,7.056305147420981,7.329717442234336,6.096805138300486,6.718038500672843,6.327605967125115,6.850601381726807,6.237551671846187,6.357277023151951,7.2764907580103255,7.177947380556943,6.502089251036184,5.523428039356606,7.564922875109573,7.798422087901619,9.502331709073129,10.309310579062558,8.460968652962633,10.065681720943884,9.829258210096754,5.986225419548285,8.608135482732967,10.086421949464714,10.068587052826599,5.7724516439446845,8.72965326528897,9.845762039753067,5.7239789847785065,7.628485350840494,8.027008570711473,7.159535068570843,9.022234188047934,6.220453377633768,8.710998652363521,5.5087475879749,7.4180864191365234,7.4698027081339475,7.648570638454499,6.167075913341534,5.826293261012306,5.81796045302745,5.908912103889783,5.400274278225725,5.850730465787233,6.418300686065995,6.458952671691599,6.329052279735725,6.21315705152572,6.615319878067977,6.137850770519794,5.952579005353261,5.782866580187875,6.084550393165953,6.055684042493094,6.0589485613477025,6.215976402509732,5.906658154231785,5.433755558423366,5.565024027558811,6.138275386547026,6.260254105692505,5.95263561440934,6.067570782122886,5.77710206707422,6.277320385249952,5.677374148333649
40,2.0825784429477108,7.70758900653902,7.431402036217859,7.386980008841124,6.16585490324352,6.038609585506475,4.812680318048151,6.9805143457654575,3.648458159261208,3.862198068974344,2.7451080010651117,4.682065624820307,5.379664511695176,4.197924390091125,5.732880646637323,4.912003975788473,4.808264262053341,5.722050716625076,5.203208896611103,5.128234755823989,6.124644151415482,4.818440826208305,2.915215455205716,3.9378443929872726,2.9248623854040376,2.556908881188765,1.6978947629629584,1.7767642084165365,2.8290172709085284,3.4413561774049835,3.4052083556558954,1.5100564492972075,4.685183663198028,5.222094110506977,1.9724419554923414,5.118290366052982,5.363309039604868,5.261084237542515,5.196771548323006,5.319039991282888,5.23486115213234,5.171938325137003,5.00565920545138,5.310466727942369,5.356666386414411,5.325314160853257,4.978974284338043,5.180634743695343,4.970790277305594,5.31066862101511,5.402935412015232,5.031188352306254,3.8463415345082317,4.517106133334201,4.678309080991066,4.1059629697456295,4.189779081662264,3.914807188651613,4.622450545340767,5.103301904187699,4.655663414183243,4.15190398808313,4.486812110210016,3.738469298404262,4.665276073745782,4.528064716115744,4.318630172936533,5.053429622999462,5.289311345172833,3.760330969096625,6.883034240000638,6.232780913932437,5.587987937263871,6.665970947069281,6.270626343795888,5.422274901499578,6.314762713208543,6.64001197673754,5.910855284497527,6.754787269947601,5.65391310781461,5.687951680623375,5.759716297330944,5.371514978942281,6.108419104531918,5.987347849757562,6.195166697576672,6.017185151253322,6.017547675008338,5.852152795270715,5.389589421511952,5.886787440389159,6.277813901495357,6.7446048316660825,7.703389619519376,9.694034919006572,9.655796131493826,8.086097546577259,8.73201923364582,8.724394763558909,8.460843523892137,7.142849732060755,7.206507669886239,7.096307202602155,6.712497088516768,7.8666321519400295,6.0951859156545725,9.34456274583787,6.653866336034211,6.222643830901854,8.920712552928796,9.644565995262656,5.95198678855855,8.477812226715201,8.758289640969409,5.523808709612078,5.084663005102171,5.659472169999493,5.4885212257018505,5.4489178942506165,5.420515775808606,5.386106158277975,5.584784839716881,5.477163409688941,5.705781565019981,5.338640350291717,5.9605042548448095,6.052086540854357,5.5416921174031355,5.350345615735944,5.059842179067685,5.84419952962235,5.289181247961052,5.554775328073386,6.0026321554707325,5.756358463355148,5.026987719970703,5.441100691726372,5.8753604032669475,5.124633353939607,5.159388378502097,5.994391422177689,5.942240212882718,5.946454995403855,5.239652366613328
41,1.7186026772637655,5.119721280662824,4.96546247573906,4.1381631029872,4.873193410167321,4.51394468406958,4.515800187486464,5.613771342223066,3.754409293186231,3.9530514155270935,1.730522142414304,3.1419734889456863,5.024434819297184,3.779632435729318,4.657003080997865,4.615113101644943,4.614534973628325,5.401564163074192,5.0099838339712255,4.708268299965172,5.721927347523152,3.851980128912599,2.6503298788188863,3.5251565009132735,2.312878426696779,2.536990189699082,1.508143439421848,1.3252788626383227,2.8088588397871184,3.399965751250137,3.1854986950195863,1.4650403816079585,4.546782730101113,5.167294308123248,1.8345799597897499,4.692473489185517,4.930521666209581,4.95512251220924,4.761798559053521,4.937347515980175,4.719482217856613,4.7508159997595225,4.494206223287802,4.9456762583237275,5.020307905999558,4.930353002619063,4.636753966340232,4.8407890413072305,4.587867545002936,5.027150153984935,4.850947620774088,4.656799984664134,3.604953816404441,4.059854208876827,4.239210836492424,3.7423326656837173,3.77090477659481,3.6771743337820495,4.373382860742341,4.810863665369165,4.335857010854947,3.699582646298109,4.106970730345327,3.3216390060331533,4.2873839390021,4.203203537793542,3.933305866263444,4.647780393348837,4.9661067369264495,3.3414253300550025,6.503366443463636,5.389515703265563,6.012923523390424,4.837465384953366,6.670167875171879,5.608670790376139,6.328667927382664,4.969123953487977,5.186290947748728,5.598038441038308,4.8132208135528565,6.38113366287638,6.513110044502046,5.7179277146987175,5.3920032661357,6.091438054398841,4.906589033084953,5.215153789699947,5.063601239739111,5.161011228354612,6.053725486149557,5.65119322094342,7.47045886011966,6.178644598603212,5.482445934814695,9.44723137523171,9.199414147118718,7.194025851265048,5.583216443336158,5.248118806248862,8.48063726298468,5.072650754874229,6.442364080578007,7.419927464899535,9.115222308020723,7.760666476426829,5.880797720849033,4.7895294873767185,7.351230846058085,6.085541120333191,7.91781028008816,8.653847973160268,7.991767859524619,6.832772115653411,8.279912067900213,7.337943411713375,9.230109144507315,5.511646078216022,4.804278183585179,4.811070747909133,5.7019433137962885,4.767974742302132,5.187141723967749,4.779568110662199,5.138107560828172,5.462702510402426,4.945873402162598,5.818029101350244,5.206816591068547,5.538243962068014,5.0631484359157755,4.885839011409683,5.3556794900880105,4.981006543223697,5.662647935952276,5.004883365771936,5.381486798504975,5.339604400116893,5.187222221357418,4.542452989727545,4.7878176522113955,4.922150246221837,5.324304438337777,5.777508147797902,5.455376849039715
42,1.6796711832789029,7.383292460634959,4.978654951734003,5.065535558853904,3.8363369371461307,4.3961952621511395,4.471083459614347,5.663836377891078,4.89183318193597,3.455929398508262,2.602273927235714,2.9810042702281034,4.573859789320782,3.8657167865689996,4.955429716916178,4.028779271652931,3.5218741559516427,5.165721145974192,5.150834192155628,4.895030630195869,4.504685434821899,3.412953550753348,2.521099855165027,3.345633070843933,2.027610092059654,2.265647688458248,1.5255915888868852,1.070276060873734,2.7553132420401187,3.150911186516834,2.968952825005124,1.1885913177531455,4.3505742435750845,4.609177507340564,1.5805824427895478,4.176717782074047,4.606286549378545,4.560403074983958,4.087916890974405,4.580524860638447,4.374336366166062,4.225751885872206,4.25472997159114,4.629185644707977,4.557062926730178,4.439568112625753,4.090025879340586,4.416176460259813,4.067021662062774,4.507977023482141,4.488260024045822,4.302656032635974,3.178983924386652,3.6134173811133294,3.8203992601078256,3.376756242268859,3.3173563232281094,3.356439063064049,3.986583106829268,4.422384443039587,3.965386049520467,3.3912623699230564,3.746228507912151,2.9492548945492043,3.935788931821833,3.8347672445028786,3.3939902567539972,4.200047001437155,4.5755141117680385,2.9228341089600325,4.537985100410214,4.582557104410843,5.565968844502723,5.1330289527538,4.559924537040346,4.746134880161694,5.158557422607677,5.0115774659067975,4.788116418027988,5.126267159582782,5.057195834589451,5.4989257145647334,5.440008453641486,5.902533106384906,5.020098495939649,4.98394034617667,4.575883052007664,5.911568597928446,5.987266199878134,5.384672634021458,4.988572874435974,4.80007887683389,6.490213479454512,6.0884889736859815,5.543753898679705,7.63838132094379,5.157476590112681,7.821584713153304,6.617121792024354,8.128355575697839,6.071059553229395,5.974539430936523,5.467479763506535,5.522642067780822,5.364061083025103,8.637230071262177,8.816084163044893,5.99622250829912,6.2813019507907,5.34818875754057,8.794214140025286,7.826129809128387,8.783591104323529,4.476422675430719,5.78262455712252,7.500771339762839,5.407505045583912,4.671072817809325,4.4183790523844495,4.438500171222987,5.3357596743706335,5.142244385700304,4.30015468150266,5.119346234248453,5.20951145929357,4.9746117645834,4.915191232441423,4.840380014745949,4.7276760919416425,5.022061917980513,5.237621311972506,4.076438282622985,4.342361266103612,5.24446920074291,4.2607863381678435,4.1919630540772665,5.025304121094624,4.5080373239950084,4.866257515273955,4.089747408418904,4.821962639703762,5.024773521830262,4.374503727718343,4.747337663865561,4.70543637993761
43,0.9890546855912263,6.504187679374005,5.9342732062499675,3.506919111398301,6.223374019883432,4.946018543993881,4.280262361181336,3.711159168220104,2.335656578434589,4.961535998841507,2.307452072835547,5.094877321108485,3.7993735407875087,3.159042821705995,4.2350076552532965,3.517132783358567,3.7501692391324757,4.781618631225257,4.334173081050534,4.055602064788468,4.617268346508128,3.2585909153028356,2.2776446007924225,2.9608080773627865,1.4686586691034873,1.9501089235491345,1.3580987094709884,0.7427651241590867,2.5089015264602033,2.679325763894542,2.4420851351654895,0.6707912981239005,4.0107276545606245,4.400908555277631,1.3034921851970434,3.6197296512702195,4.127453716171213,3.9838969546790763,3.648675427284505,3.9865388188726736,3.744815673262432,3.642677082362142,3.735811817171444,4.133818474169635,4.114517698871984,4.068856276477874,3.56084145886796,3.969465694744119,3.635094407100673,4.0654618299917615,4.099741276068399,3.8639967935362316,2.8572175663286346,3.1657641514809596,3.3151451832538275,2.9871011937608154,2.9562881528448397,2.968375721158786,3.584627325976705,3.9400325763929382,3.63951218268689,2.8753558314573757,3.4334199806335794,2.4876574502075606,3.5465411654548897,3.5128321743898185,2.977132382404665,3.7446384182933827,4.305060674664265,2.492180254006881,5.102940389639244,4.306735328276019,5.774153844200091,3.498739557775064,4.953250419016485,4.212227666684113,4.397694760939656,4.988224625578301,5.398908201519375,5.246346616826167,4.050570300465903,5.251486034223756,4.599782945916867,4.192653399412702,5.263400417143162,3.962924207425633,4.495072690584857,4.668017870431868,4.69736498332181,5.0340654996660765,5.181400675335181,4.55108277894092,7.717937225730722,3.808296398554794,6.114954154009309,7.900212027641058,6.977517423678924,7.601876321214215,5.537063225409467,4.404943410922668,4.41517686573575,6.417496693280569,6.01990183260095,5.2492462796923895,8.187719666095107,5.621964539910733,6.0147026697801635,5.039201531326434,3.6953566735359606,7.56413367242283,6.946639549884241,6.601439544267191,7.446748093480549,7.4008999685371,4.228649035836689,5.509560473233211,7.231577567041553,4.456790575290585,4.428845945831637,4.823812761275491,4.957336770877412,3.9766152611394556,4.072346242414162,4.33850832580188,3.6507894753885326,4.1134569161335,3.8552900027205848,4.757592204845523,4.810771227531538,4.4232213594905625,4.468843646768595,4.249736207848591,3.5070716596629046,4.052823660885264,4.530522780801445,4.091388492686828,3.981165121367616,3.605476791039867,3.7494923533635327,3.8206290293444245,4.545345554533876,4.27382704345086,3.52153342685293,4.510236397004387,4.22654549786861
44,0.9216784531063784,5.084603906141542,5.1111355454350695,4.218246007510462,5.780547953284552,5.81165061420287,3.152914754485888,5.440173440061553,2.512894483624182,2.6146738477324183,2.592452924717041,4.714467459994852,3.8655893906598164,2.1497571134668356,3.7421567562453113,3.000713991434262,3.163915074512183,3.8367607239353974,4.465131440633932,3.6216131229409525,3.532062472192175,3.08844444505118,2.171477979945076,2.8405364527365236,1.1773099026105451,1.892014363493738,1.304931344316827,0.24455542716993187,2.4380834052034377,2.191332271507857,2.3362538035775384,0.30301896145270923,3.5375142540871396,3.796807215970598,0.8898863578580303,3.228394259772874,3.4134288712091645,3.5274723148417135,3.089637094293808,3.420226536346635,3.1897811927098303,3.089896852193724,3.2489107715811367,3.4622061209065813,3.4324278213591373,3.4224259309415284,3.2326047523255856,3.2379558667766513,3.016661197641227,3.362902075119278,3.5522283056725854,3.4232073183961385,2.4150588603956584,2.6607815566454334,2.9347047535894335,2.6002112009826117,2.479353641756504,2.5679996692019462,3.1652111804718728,3.4654168364920137,3.218734214092015,2.494815888550236,2.991032275212807,2.032568703567463,3.058130099372014,3.0456739641755313,2.4000475759286295,3.2793104795273242,3.8902415637463608,2.050271609817703,3.946916704788916,4.823217901070816,3.520676008117456,4.684117813037201,4.7712398342032305,4.583388336359064,4.484178132204426,4.906136355870578,3.917016608868833,4.244837090226258,4.252639463910468,5.002479996862233,4.510639531934268,4.569229091034984,4.365636500808268,4.373471772843168,3.926694866496639,3.9265466444019737,3.3210183250892342,3.6590074629730918,4.136809673158381,3.3617641043709554,7.946841096548771,5.848626557940786,4.848947993646039,6.232185887325224,5.397753339072079,3.324067670194475,5.596674712607317,5.332640911080324,6.36544985384011,6.290299226264848,7.298844713308117,5.612650913506064,4.998930414209507,7.552214846265567,6.612333795398655,3.6821584211445697,5.257500457879637,4.932776177108109,3.421584246289467,7.036379083329825,6.044352164368025,5.419704578860314,4.639020768499062,8.093862325967681,7.419085175244095,4.406622110018078,3.669521002175134,4.213668574827294,4.0928263184309275,3.9426023676446826,4.158219159685621,3.4098532984334544,3.6736340983179763,3.4902819539206957,3.115770574359967,3.392220589472944,3.4247708669927226,3.6849988740933233,3.94193383807189,3.6598321139315972,3.398717661982657,3.8396374013546333,3.3647748636139454,3.583998873193925,3.8359722081989114,3.339777903584267,3.6227530879719003,3.224124486011209,4.214487987685182,3.243713112403049,3.7266889277188504,3.9603209605709915,3.9976093548102627
45,0.2279944678672637,5.627414664286858,6.692237875453592,3.3821689091075298,4.9400519281545066,5.9261220430885935,2.8051159751625816,2.741032010915755,2.321301484168889,3.3121030103930034,1.340615594458187,5.1292351929543845,3.490787408003403,1.6234835458351855,2.761630079751617,2.5878129219825796,3.1480978388904424,3.8149080989481696,3.282357741575161,2.473932037056538,3.669415979107929,2.4548614942016487,2.159172049866511,2.4990813708497535,0.6565415842783865,1.6065187738768614,1.1893219273102729,-0.1691851361251536,2.0430959430828777,1.9753779811989942,1.8937032614318527,0.03762335499294567,3.044736579650884,3.456808628447283,0.5550053949023734,2.6831205982301536,3.066234080398936,3.0144544027323006,2.5850770451592964,2.826709950831411,2.7763667490600796,2.5699544543963686,2.7589331380082553,2.857761294691661,2.875456536154462,3.0043483859882802,2.578959235810126,2.864121878584874,2.4582582855968402,2.876365296242211,2.8428484323345256,2.907645318760484,2.0383944538260756,2.159466068834312,2.381902675871939,2.2201136977407288,1.9495502213168245,2.199119848572874,2.6762931492998416,2.9807035978842524,2.8253544667165857,1.9212588937879818,2.541283892355376,1.5978692838976243,2.626548456135522,2.7346734644737167,1.9194655630586395,2.7278226669314916,3.36979241493006,1.604684250038205,3.671819203218039,4.043695060836978,3.415112365961898,3.516544180514504,4.091260352068609,4.23509085911542,4.076337521868721,3.364001104035577,3.615738458498499,3.6916125746564417,3.414727199822885,2.7158604842240837,4.109794917977372,3.691850586857632,2.8606857550317755,4.119274324851532,3.6209409236078187,4.436241083549935,3.744896456641184,4.330442054595617,3.5018591313962073,4.377722480321368,3.6408200700333926,6.292741453082163,4.938395793615953,3.8432216336087133,5.771561873861824,3.486056143426964,6.4326491654750635,4.40687660084937,3.435987881924669,4.495454779936022,6.969166861503503,4.515910501667458,5.84152585689211,6.437032954935868,5.033628778311163,5.54056328294938,2.751092428481141,3.6145570493713435,5.015328904870052,4.938035828296914,5.501784144445216,4.177903117681338,5.407890319386481,7.149614049899137,5.746512139238863,3.6531092277193253,2.8899902761997858,3.8636635946033135,3.2943424789151194,2.747702991705156,2.6297757283048737,3.5434543009600405,2.5545286195807204,3.693463116860288,3.2280564222392636,2.6654828205992613,2.9060103552454226,3.8666059884404222,3.16335791867024,3.126785856442036,2.9393747541455593,2.817615164893492,3.4504493881179306,3.386421779370822,2.8978648499050395,2.9423490583244174,3.0616596076825995,3.1409555832378997,3.595405187090897,2.8147057672932183,2.8795984680859457,3.7464610667499834,3.0438622244941986
46,0.058581500521386,2.6983800985296167,3.888616647960984,2.2724615852877683,3.3590548594294525,3.5908361974106424,2.79428983674193,3.4842714800845203,1.9818492572168547,3.3555265225108606,-0.13470123268148204,4.267077625272416,2.657759763432379,1.3141520751521865,2.107059297824978,1.81186351266602,2.2755093537554805,3.1246123516151885,3.548023544529139,2.4471361839775643,3.0010533906034302,1.60414159424217,1.8482353523055477,2.174135888154244,0.08635448832882157,1.2414610543158637,0.9894442967587511,-0.3346469021717175,2.0710449160441295,1.6665934626148124,1.4434388135811886,-0.16880557172565575,2.7233607332022602,3.128122853665325,0.4468879892822246,2.1140560389061247,2.431623330038522,2.5024760102036936,2.0024645429300687,2.4318417195499986,2.2268202776261723,1.967396673151081,2.2310631828191947,2.30405711223858,2.4689245053501585,2.4401839522864277,2.0066087873135965,2.32831379439007,1.870654349351079,2.3030703573929343,2.43908322245695,2.414423591014089,1.5372494190655928,1.6723062531254742,1.824838081589553,1.7679769843819664,1.4594551998219938,1.707220893146251,2.2459728838701256,2.465742879298734,2.398180439138385,1.5288772789729013,2.151338504418117,1.1284719678239135,2.134313669411016,2.2533144141078423,1.3137993890620976,2.206609536367241,2.9815174159864712,1.074513638416628,3.207450174169818,2.330465815234561,3.6287763901143713,2.1546946224173267,2.756365945838051,3.248463683903047,3.6278080020725074,3.656737741064935,2.61484787508359,2.501537787215951,3.348612590465894,2.584467276822861,2.5812137127557397,3.78059305838208,2.273650423895628,3.7979341506208986,3.833012295638418,3.7990638500556964,3.8425653696676836,3.330043691962547,3.389189582689781,3.4430115398750694,5.872906112068557,2.292648257921432,2.299935084035402,6.566222698395392,4.549643204660342,3.82513126933645,3.1127618976397056,6.7939207539623165,4.221993029540147,4.6791519030210384,2.6863108918668317,6.105560342286972,4.70186257111492,6.119502252643426,4.238755410238534,4.906694159515202,3.648154228378888,2.8543405800498682,3.2169002811456897,2.1192178004822297,6.512596722216628,6.589067179600374,4.303718530279215,2.4734434480887013,2.8688635269640264,2.66382885657252,2.42274991932527,2.6803187676221794,2.611174748231259,3.0194941302427587,2.7477662792155044,3.004769611323194,2.68370868283069,2.81732811272659,1.837496241832415,2.9951442946299345,2.23288546644132,3.017465536982552,2.1359470460799677,2.070343970013197,1.7431441001148316,2.9174787608385575,2.9182088340914283,2.392874267743482,2.7508080078878443,2.086515563464002,2.811018756218149,2.457639430016595,2.2317460205044433,2.6667236710125697,2.617166905921615,2.6244116349045528,2.2789358355982414
47,-0.2439631271830528,1.7106344301070269,1.822627215503224,2.0018617452438567,3.628992513412294,3.8850282255435253,1.5238015300620296,2.357936825769596,2.4392303845822267,3.259613358437802,1.0937427433410585,2.8668725428692916,2.029740327217973,0.7177835177598907,1.6440461268773114,1.575839329075464,2.3578159628540463,2.437112919779305,2.7296642369519972,1.900515722071912,2.4222750862869096,1.6098760092176128,1.8118565187415,1.881877855377612,-0.008042693622691,1.0201385587119274,0.6129961130065517,-0.59183626004255,1.6403639199969227,1.0890487873734034,1.0969365909918225,-0.313302043476996,2.399440067640193,2.517318752060135,-0.027925588884975483,1.641531912898367,1.844171203746661,1.94145920751426,1.3819259502256758,1.7822805873226621,1.6890392056471641,1.430722211249057,1.520929767585197,1.6323900879760107,1.9498501077851274,1.7441094903871706,1.5981213876426177,1.760750399663677,1.3602174788631574,1.6831146409406719,1.881317534199145,1.8673846036549093,1.094977566603716,1.1829515097479495,1.368658008968513,1.2315791903008155,0.9362981491637256,1.353183505972421,1.7931464580348275,1.8914717313446896,1.9109507382746858,0.9537266453060095,1.6968558227166963,0.5670204624324297,1.6682638008506332,1.802913131143806,0.8719190739408771,1.6115251926022789,2.4051138534515277,0.6312534548225691,2.6510617439255206,2.3283971521352957,1.839589094945821,2.5524718121439376,3.034384474411178,3.1853357559976683,2.395439140596456,1.5107302019776345,2.8973521531526067,2.816323488051708,1.8132902719642303,1.736253083304076,2.1252385267182827,1.7496215485265032,1.859776052278074,3.3004658127315567,1.8494367592680934,2.9304214115302356,1.9774589752720502,2.745862456231788,3.0395099453846743,2.060435184938409,3.4838505582843515,3.591548824136616,4.7345418060283455,4.356214949493294,4.226848414227997,1.8570784364382003,4.879624548098459,3.540499211924319,3.172278986321963,6.2977567892808874,4.871724152409822,6.164399398412757,5.187312351053523,4.168050478257189,6.259484085984138,1.7353006354930014,4.819809552308321,5.61596331139192,3.2505245557528792,2.50556733748711,4.205990256224542,5.593823631696841,6.35623080445947,3.241598065555011,2.659092207522361,2.228134330870127,1.3889844801458167,2.0548263910067424,1.9029794790303924,2.3506640348118335,1.9240770329731651,1.4210430630416375,1.4114297186704958,2.2457811990652976,1.372273399685211,2.4382807321168825,2.397658028497753,1.9543065163223725,1.9907241342779756,1.421595543060961,2.153222488672701,2.084472898980794,2.416035607607767,1.6055263934897905,2.250143403225823,1.2609089406686627,2.465059442079875,1.986234311859919,1.6906293262059415,2.1017956200594607,1.5879708108717934,2.4973462219114455,1.7140823252535644
48,-0.6764887905151988,4.42089639434924,4.341633147286646,2.8210163256353007,0.8339000941908845,2.874304644311561,1.3514885281308646,2.1539749281640828,2.0062406867344076,2.2754657966871874,-1.1776043778580085,2.0996946433162824,1.7641726600165772,0.11335438672332693,1.0656450372127821,1.3613022144620048,1.0200281289755821,1.8512340386084847,2.25015167037992,1.4510200662082102,1.924973377615685,0.6228585226736805,1.4308604610165736,1.3231989603676877,-0.6130205266266675,0.5981492869654818,0.6135756291926,-1.2178076702834701,1.4032092203582356,0.7624690839897251,0.4414471604670154,-0.712296940341489,2.036580131640446,2.083176443417366,-0.23068770190260884,0.9894727609970503,1.2214238006337745,1.4093300571444518,0.8067088194874273,1.2504525262636799,0.9680044840806407,0.9037428975491775,1.0547693174353743,1.120646553469433,1.1581597868179745,1.2144174228158118,1.077372956628572,1.0417461027582158,0.7236780523454813,0.9092716265460554,1.1892575387873403,1.311866742862631,0.6544592510330096,0.6325526656081497,0.8448680090754442,0.7794816369652902,0.45475475367128154,0.8164978964281036,1.3145459720381232,1.3231547237881942,1.3762454211652233,0.5110592890351843,1.1383799846290665,0.04391572721693503,1.169668270180328,1.3259490986062923,0.2493660713808183,1.0851429593740647,1.9499741943613382,0.05320875501504281,1.9081829029549326,1.242375432160328,1.7665747464888453,1.7391628551778124,2.6919344420115996,2.66760171614882,1.6298446422103139,1.066676411156731,1.882890879524572,1.7351436523757686,1.3558692890675212,1.433691724408565,2.525132332436815,2.4512573612648483,1.8394749793536969,2.1514315370385564,1.66782071691209,2.565939307374854,2.2747189938939343,1.5468007568524342,1.4170101497986796,1.3221087964557496,3.3328557936669654,1.4042187360697707,1.13075581102186,4.797734943304359,5.138998665521637,3.8942658484417736,3.8533937520876296,2.896725106402031,3.7989451327861268,2.758706673350199,4.009537904247282,1.875368701613204,3.018073177928027,4.903102929283557,5.607876819768279,4.941215980832857,3.527506110687548,4.719024382813577,5.046961067461069,4.74026272108062,5.231334212694303,2.9042279576716137,5.0678691709577155,4.870748485342753,2.9550851186163096,1.5018422264697997,1.629859891384883,1.129355230952533,2.2054595964904364,1.5962304229083424,1.1354386015306188,0.850234855880847,0.6780066018188363,2.0727874712901797,0.7840096206557002,1.7368604488060675,2.0186973401374813,1.2717491025229806,1.3805717938996405,0.7994873860818029,0.6931486028081458,1.2462745043880776,1.2238562259752537,1.5222060289494614,0.8870999191564964,0.6415059895716972,0.9566875236713297,1.064525251323356,2.0557514481413857,2.002899079487757,0.9670974496822419,1.8867675778379716,1.151687723321538
49,-1.399756139449189,4.1558360822723355,0.4353097952417226,2.274514271926816,1.5696077184688957,5.021989041790963,0.6318460821171112,0.5867310446988248,0.7399277969173044,1.837963738782342,-0.2524325610928657,2.6913152186151654,1.1205361687156232,0.10213415831624739,0.9643835718171341,0.1235379508047309,0.6167203726826767,0.9041503435568299,1.7175543611746342,0.8099633573811321,0.790593669802673,-0.09637185055841219,1.2743522695256353,1.2154363385616909,-1.1641099767148697,0.5337024533483316,0.32963834869651554,-1.2855465760869431,1.2279492171808508,0.3321874042122571,0.11260621553794925,-1.0924133892578984,1.516269458103143,1.5803278033443064,-0.6498781668942335,0.2757686527236736,0.5901694681772632,0.6336921504913345,0.2676411901452364,0.6363416585335829,0.4571816271990818,0.27465621771129883,0.3676165343864802,0.6154885334220596,0.6286749750790581,0.4470998705135128,0.4292115295801493,0.3486535773548879,0.31355924564191384,0.4031973799845935,0.5934828449409157,0.8172810396111122,0.2518569334522843,0.10271162821770125,0.1905065174346476,0.3168902662485176,-0.14854166197420682,0.43039207039223615,0.729823336313904,0.8144866139686839,0.8437849583632198,-0.04984471686531104,0.6595671456155126,-0.4501256582953607,0.5889349584827476,0.8451141893823552,-0.28097864503645353,0.44936685239750573,1.397306019075097,-0.36477502350121255,1.5917768456054162,0.5602467948923624,2.111340584466266,1.2893621065469272,1.214129345793142,1.4118134542426144,0.27366885965447035,0.6023397286166672,1.5276874743321884,1.3286080038357,1.5106362821687103,0.5984695194051064,2.006944951287961,2.1181985039925797,2.0327227732860957,0.4860580237440487,1.8707904867395293,2.2830276157251337,0.9855734442871248,0.9854141216740117,1.4995909994342176,1.8923208199499932,2.000642418912813,4.260177789177625,1.7589250677238208,0.9999225614449819,0.4721506813150356,3.8259633295377697,2.4365976359628054,4.321701170317775,4.987926156861263,1.0734037293205394,0.7675145569891596,4.982620060014373,0.48155929279111404,4.413915539715021,1.2486142526590451,0.4199190037300329,0.3079963752191958,4.010004112790256,4.109964241680482,0.40022211999447055,3.233799725066814,2.7143861626347885,1.3582831714274948,4.216884648212274,1.7841199835529102,0.8975548968969994,0.99334656415463,1.3613426678536047,1.3818927575110154,0.7236620934496862,0.4872088827557356,1.283238026305933,0.5978400348251065,1.406678306916864,0.3773642096140866,0.8821914383804934,0.433752418735126,1.5664429868293093,0.817685170149626,0.5555931435893697,0.19775736677726546,0.49342922050594373,1.1289850273027244,0.5510022564499237,0.4746852782001682,1.1304650568743182,0.8281261331277678,0.5922420592885012,0.7058976942530726,1.2805992092812666,0.6831521836671675,1.0588971721453349,1.1507383382729595
50,-1.3955427966908756,4.1935439972012425,0.15517984325334666,1.5603998998327575,-0.43766835837078405,3.958764216871404,-0.01702226443847843,-0.5405985377008953,0.40108498530236414,1.8371981142602332,-2.32390951291573,2.0354137616708563,0.24341060378086687,-0.8695978784833747,0.1419304509782653,0.2932949233552048,0.7040611521369102,0.8429939337507995,1.1331601527537223,-0.19471729811023947,0.5799359752996311,-0.2155632898740915,0.9492673794866322,0.6469670461225203,-1.4698434248294296,0.09711814650948919,-0.023469560149887166,-1.9454322777879354,1.033620483882765,-0.25181126539541066,-0.12514795974509058,-1.3206292192930713,0.9232109829126476,0.9464435379459787,-1.0130637397029898,-0.3171771137695339,0.014618658370414248,0.07987331643180504,-0.2950446059694051,-0.05410301752222815,-0.2320179621299888,-0.41174551508123847,-0.16994054380810808,-0.15104680286871291,0.14176212018283363,-0.0864285120753777,-0.2202777727066305,-0.07188857605985924,-0.2654100721958644,-0.36961854576594333,-0.15610605148085233,0.21712953600089765,-0.19355612774994418,-0.4825144707489539,-0.3207735882163683,-0.2180459433023821,-0.6475271340280907,0.004030781467116412,0.30859268979794874,0.1489165835962726,0.41857680132165775,-0.5934730267335004,0.222494368075571,-0.8628589135834174,0.11999381200334559,0.4026659063759543,-0.9111989074049688,-0.1276389510416334,0.9211432793487494,-0.8587287376072918,0.28588104648400503,0.5910959583715749,1.5545387630704226,1.177556282116534,0.3850554694607464,0.38911724435703077,0.043215191800948516,0.953089152560342,0.22251779970560326,0.45141272922365405,0.8670601474377804,0.570283693389463,-0.04381698990293392,0.6110901211234744,0.171400922525413,1.2369232539980193,0.012036844521179452,1.5509024097301392,-0.32191463485304855,0.6966763761987033,1.19058856444056,0.7004033102188973,1.7707389142330374,0.27714359938317534,1.2066598638229855,1.6699512632852447,3.658368936298041,2.439662538488517,1.5004140074590815,4.2533767487781,-0.014665733340604614,3.2084946634632914,3.159567499355769,0.3480484993198705,3.630982395669376,2.5130345640477274,3.8265969748224204,3.1709690810404894,1.834713551184521,1.6393508399283667,3.379277586032202,4.346893518687048,3.9952531084125735,1.5697440269300011,1.7232405669906954,1.1003966188273393,3.7383817084389253,0.7753991665356204,0.19262492673922127,0.6917583003926453,0.061739268457257246,0.1362562173032718,0.19935937152570193,0.03251534686584345,0.47612542131861013,0.7364071891799026,0.32881174270547364,0.17706571896537893,0.5964726901318279,0.508085231318654,0.7064614217075618,-0.3323701423149447,-0.5412293522576626,0.6834348392409503,0.48671035135604757,-0.38638852296463966,0.25042392531979796,-0.3378728062296165,0.1376107735976524,-0.5290713839775524,0.6596737038523853,0.26739192128213185,-0.05773985217752853,0.00653604136089958,0.6824880601089285
51,-1.9770532091297894,2.6511105392570213,2.972731244921992,2.064514940528796,0.010758356124625612,2.7560444906850834,-0.18255214155049515,0.388977637145413,-0.9883129608712807,0.2005724187189012,-2.814413179643763,2.5664158957791274,-0.8203286122151549,-0.989041008001293,0.049833163823649995,-0.4113678035510686,0.2325963941299315,0.08906383000020562,0.48103408470874554,-0.3535871221207635,-0.3681207012280801,-0.9406226222551728,0.6097875712007917,0.5289837358392679,-1.957105880950376,-0.09579443316224207,-0.21889779704976553,-1.9685798795276748,0.5817478346666441,-0.40451668744175817,-0.8611157893091997,-1.4105613604209675,0.6032303716958692,0.5636205980088704,-1.2901113173829604,-0.7371337642577204,-0.5529734941728682,-0.5636229926422965,-1.0734401668713234,-0.7545878288775187,-0.8026354343089401,-1.0532628375365722,-0.8233921157273454,-0.8363095782977057,-0.5928641611222384,-0.7188844584937951,-0.710466773859938,-0.7428497331555525,-1.0312947136308752,-0.8727134768739769,-0.6017821647332682,-0.3513156337409728,-0.7562068167013571,-0.9864499650518997,-0.8303388368151219,-0.598956810758206,-1.1283127481498494,-0.44444040980285987,-0.26909192639798324,-0.43081221955092847,-0.1064799273303985,-1.0753180676851735,-0.30142527774268585,-1.384241870859693,-0.39857956079550116,-0.1683946935595782,-1.4419324583013868,-0.7660829269018843,0.34965124874354675,-1.4014474824231733,-0.580342838370105,0.4682394158848575,-0.535872018644139,-0.12958885296609157,0.6132152993722066,0.8077513219535097,-0.305892576755292,-0.33652874918753617,-0.4987917790450697,-0.667049683002112,-0.2007986796311383,0.3436324557686574,-0.6619667442675885,-0.43307643032301957,0.11617921197193959,0.8064579159785763,-0.56188344316777,0.22965414443542675,-0.16616826504977789,0.4822693401854976,0.3198443657714627,-0.8687021503373583,0.8174871523849521,1.0622847968673939,3.2988907922955586,-0.6267117992109593,1.310017907510002,-0.27373338958173055,1.1862139205462308,2.956219696656797,0.9672869600063314,0.5704677973085446,3.19976308447275,3.316326083752708,2.9926866859853374,1.4741259185367577,3.802034223355995,-0.8600555778158244,-0.7560322276150817,2.57823424986589,-0.48876068011354856,-0.03781513243831036,-0.4876310855348479,3.7495037343807502,2.1895639150738884,0.5196686555890122,1.8205440713455427,-0.2593938575575,-0.6188480542382635,-0.4755716463634528,-0.3488958546843212,-0.31407864061816904,-0.7089459328406844,0.006768777955427296,-1.0454689972907005,0.32261787311503476,-0.5288291269752068,-0.8383306389398039,-0.6321353178719802,0.35353497135626843,-0.18912825120407495,-0.7173939334439347,-1.1336362492418783,-0.3552968216242214,-0.6968629907256919,-0.4628374798284298,-0.4147700156421792,-0.7075714728033099,-0.5258600038087313,-0.9366495509018842,-0.12918893673482557,-0.45438302923875257,-0.7987198183080774,-0.4377350161583834,-0.2774769358578546
52,-2.097421966824144,-0.8081475655706648,-0.9795259419913682,-1.1632690766098017,-0.354375518285591,2.2575725412477987,-1.69327731134425,-0.15027267132728617,1.1777399054151843,1.4830350016069418,-1.858235251333024,0.7896628547507718,-0.7341423236619394,-1.777865372994886,-1.1558757613942807,-0.8696600160810795,-0.6677829946159275,-0.4591553403707174,0.25787673241131426,-1.339519558677685,-0.7268950142076106,-0.8608178485655449,0.4304846616082576,-0.13987595366609495,-2.396303265249023,-0.5023476039608961,-0.3672684496588118,-2.410103186874335,0.6117034396640518,-0.9200701415052981,-0.9960453689012576,-1.843086593412858,0.021300845351139144,-0.0370624589407092,-1.403052566337346,-1.4180962724007884,-1.1245992212055136,-1.023892870211992,-1.4738272179786929,-1.3194320685000946,-1.320076899270631,-1.5995004173393055,-1.333910017330559,-1.3300768271469465,-1.1936162954160707,-1.3790370669397765,-1.4043702788917432,-1.4672860598522504,-1.4813945164921782,-1.4883128426977155,-1.3335741949337012,-0.9229282339624159,-1.159798968483183,-1.5703106753891278,-1.44170323642038,-1.0740572541001292,-1.6826461521804472,-0.9827644415319419,-0.7567124984015916,-0.9804797793471095,-0.6048583912554175,-1.5320786350947913,-0.8200698136941027,-1.920556285383181,-1.0149480622704978,-0.6138754123374746,-1.9675999860552353,-1.2744198055242708,-0.20732110309210466,-1.8172259685318637,-0.3095247492840525,-1.2975152168468178,-0.6464347556748761,-0.48227261217086204,-1.2266328174939878,-0.22241991120889137,-0.2804155946609146,-0.26394664382360067,-0.013337254495686235,0.1936597333457759,-0.6066549837919747,0.049210338044280766,0.11667207147063219,0.19065811148588874,0.03508894602802126,-0.0014366895811557256,0.3510680059961475,0.032863345947196976,-0.6633244857491224,0.3743645785796479,-0.2951021566402947,-0.54082037018791,1.2544588404162744,-0.25481698983985246,0.8171564979456414,1.1961691680776374,1.9071216319709503,-0.9035733163359788,-0.8307456866904093,0.505754111571751,0.6609402766430121,0.08194434409779583,-1.4329620459696557,-0.3478075412165662,-0.43989149627859403,-1.2788328206568707,1.2428294660528039,0.7751462782592848,-0.7159593836292208,1.365139937167637,-0.8421533842103841,1.8576147539549397,0.7227759390516115,2.564480849756976,-0.9625752986781887,-0.12693450906222115,1.5816300028172612,-0.5316755224231896,-0.5751833800547324,-1.0421025994525335,-0.5927910421288314,-1.2681695952760523,-1.209633916798947,-0.8748930875894229,-1.1101641799823638,-0.7630399862537801,-1.7440347918459551,-0.553330466358023,-0.7206154843949513,-0.42110585578512516,-0.520036113597436,-1.3211943219078557,-1.86346865955693,-1.2317416184671277,-1.2911708395216075,-1.367166641600477,-0.6721197180447069,-1.3373890336185268,-0.5687065503401457,-1.5969283821256561,-1.2675725283796742,-0.6961330036097549,-1.1897534814611614,-0.866719623808056,-1.3243086365278562
53,-2.5372045334052604,0.8235560671802165,-1.3016626435145164,1.295872706519059,-0.47863926908445675,2.654569479387493,-1.949652054395282,-1.4438261419671763,-1.3538658121853187,-1.3303768728093506,-3.0640615025133675,1.8285756047089765,-2.0882559799307687,-1.664780577211134,-1.1326597825366393,-1.6238999147218642,-1.426716711647385,-1.391726261079095,-0.38999892956498117,-2.068271192970221,-1.6659530011741022,-1.7233130030910417,0.363384610885711,-0.37029582837803754,-2.6265710132387023,-0.9441748549566364,-0.5510730352724504,-2.735269774416749,0.29493779347734284,-1.1943300664989642,-1.5084225863417957,-1.9143822120738527,-0.3250116067719552,-0.48021757438490187,-1.696440764709226,-2.0519518524714644,-1.6925667993449294,-1.6992956061904478,-2.062665324558638,-2.013943549360997,-2.063233663956264,-2.2849944740171955,-1.8212787702359254,-1.9368945384616554,-1.6586687735645806,-1.8732978003205907,-1.8180677052242704,-1.887379781132657,-2.1183530145416634,-2.106010040692299,-1.856641296042756,-1.4793008149765596,-1.5615808210812645,-2.1293573441225404,-1.932588076848667,-1.5937222331521343,-2.157804781451642,-1.4388088501078418,-1.2638825433791692,-1.5369787322894173,-1.0811167319243016,-2.0841193187238476,-1.3466898940107603,-2.354918659126081,-1.4469477496854148,-1.1104981270634562,-2.455961374035764,-1.8236917049677137,-0.7605728304365429,-2.329833902258626,-0.3845823881919117,-1.0132478261505846,-1.7096204372948784,-1.8899801084952896,-2.1697545898192314,-1.7553500402016242,-0.31871378205868295,-1.9806228095676202,-1.8821144431764831,-2.0810168735664436,-1.5214243475433946,-0.9400318656080275,-0.7604536219286626,-0.7137117406029045,-0.43819228556228107,-1.0776570374353998,-1.1444021139308096,-0.32075905557972195,-1.458447080453752,-1.7919607910785402,-1.4904157065649704,-1.02189524307132,0.8229429100133525,-1.1223520293635136,-1.6054347245179452,0.8566761164975794,1.7867101896738111,-0.5925108935868797,2.174623323976238,1.5044679350284493,0.5935987292563434,0.6829998658492071,2.375090348390811,-1.6670356738036576,-1.7763788788046528,-1.2164487134671282,2.1627375505369093,-0.19132609968219194,-0.16103665245432763,0.41290244336370696,0.367294052913806,-1.8703266265406562,0.41906957831022273,-0.21278070869097143,2.022427027360026,-0.9310550031635019,0.4437783874608261,-1.1977794060452667,-1.5587833431029712,-1.914848229908272,-1.3315718567829986,-1.5126501594690196,-2.1489730671474803,-1.9039602194140404,-1.9533340777269412,-1.1673811236690403,-1.640962097060673,-1.3675301547283616,-0.9107046514013393,-0.7958076525121391,-1.0000149672960057,-2.1301393371704913,-2.0848601539786724,-1.995739111189054,-1.2451311872119173,-2.1566837574523148,-1.86794961880528,-2.1090997577597914,-1.7787994527699935,-1.622339012414436,-1.5664775369629587,-0.8925190415245283,-1.8539498861658996,-1.6550917387658635,-1.1074528654929319
54,-2.6549512686420123,-0.3210687363699589,-1.87126659028544,-0.7529698113870027,-2.6423371544217527,1.1076958852589427,-0.21395045387727896,-0.9683297176583352,-0.5123565565833799,-1.5135763974942618,-2.624923810321024,-0.933575271776734,-1.9023653594272067,-2.8245875053623974,-2.286252304503857,-2.5018586696992635,-1.521273131519557,-1.8914434990344948,-1.1522359436822216,-2.566173905289431,-2.5001303033356943,-2.4657921077095253,0.0025127999649821597,-0.7034940049310834,-2.9618921685595634,-0.9586130944747238,-0.5857676475775935,-2.823074680858658,-0.11211131677240715,-1.8526789911203057,-1.9064726771737344,-2.2395632118809696,-0.7511563383075166,-1.016426085535734,-1.9967164503190002,-2.6743761502880075,-2.3437265315218707,-2.3132393786396364,-2.8084180266461063,-2.3810225356857764,-2.6056552917240894,-2.8011174456252776,-2.474024657615399,-2.6458288633997,-2.377011784137414,-2.370637198242047,-2.4165100168143496,-2.598412074991826,-2.5434246813056207,-2.76193395612679,-2.5257848383604573,-1.9843857488296899,-2.0851598290948363,-2.577691708549189,-2.4792570055157124,-2.02802003844099,-2.6024982202480818,-1.8451102957623444,-1.818601138239002,-2.078348527953732,-1.5312309866420026,-2.598151687288032,-1.7867785591483403,-2.8260160091427418,-2.022566730590718,-1.5999602470499508,-3.0173266119429205,-2.399284537517218,-1.3435243553366947,-2.6931986792637255,-0.9228209428604084,-1.8705107055252541,-1.9707790386915383,-1.875401540954712,-1.71364788819363,-1.991836624874481,-1.3377584456693927,-0.9639865267150194,-0.8049312388261671,-1.6759835781595687,-1.7619879878061835,-1.4384802080986987,-2.015469588646445,-1.4803308403323354,-1.6039434684735536,-2.2260281943847375,-1.0087158534027312,-2.404462208548197,-2.316187685489104,-1.8622743867342009,-1.4928739054639992,-1.774912880180158,-1.21317992847324,0.2907886876896977,-1.582187061623448,1.1327147522458838,1.1230823624862594,1.5990055826448146,-0.21766547505124612,0.11003635662937494,-0.1388814249759256,1.6317891909552955,0.33453790424194585,-2.55731472766268,0.31811316943653756,0.37127642117544335,-0.20411779014158205,0.6719333194801718,-2.1056662933051724,-2.110340802380424,-1.0574759360334622,-0.16921944767939223,-0.8307490845341636,-2.314780312307702,0.9895731708740745,-1.323601173035209,-2.7770745116538715,-2.066292393452892,-1.8760094249905404,-2.5671242361056894,-1.7134106612980726,-2.324578646431457,-2.3358917590515187,-2.338179230873323,-2.83997736652386,-2.23790961387074,-2.328006212934743,-1.6869221202153437,-1.722758996936329,-2.0310872276437615,-1.772713345098106,-2.4499613464941943,-2.34181397689719,-1.9188791482866703,-1.8734575931347228,-1.8988410713838195,-2.171751475499009,-2.7253048787556087,-2.0505211807121997,-2.7914058433899034,-1.654670453816242,-1.4770413435085015,-1.95543626487032,-1.6220923792545845,-1.8230314021823777
55,-2.936527557816736,-1.3968716315408969,0.36764485251589285,-3.21603377215561,-3.1638777093554293,2.137075692663908,-0.9845512622548349,-2.548980557426469,-2.23212564951572,-1.4002227915543468,-3.3024164833610143,-0.3634765066252479,-3.355468000086622,-3.2587410635480887,-2.0747400979894617,-2.4763804444105624,-1.9034737553543442,-1.792998787725701,-2.0310267696302784,-3.293067049196152,-2.8529464227308488,-2.3062314395397925,-0.45317989289472765,-0.9463947105687669,-3.2668387426559127,-1.4165100948823057,-0.8122521253595943,-3.2642752334401477,-0.48291976695822375,-2.1370544981790065,-2.26649936444219,-2.394044600796506,-1.1714714243067699,-1.6742399119119722,-1.9210059393695995,-3.1091854158407504,-2.8978043406489116,-2.8410540111024565,-3.193453213922468,-2.9417363597380586,-3.1894200539860105,-3.36657926294218,-2.9086530510190682,-3.1714228510818905,-2.862902338957788,-3.0711577113009203,-2.8527750541230374,-3.1153039854962614,-3.0942080275596524,-3.2677762902550764,-3.0239715367359614,-2.4419971010093335,-2.457418070036675,-3.0567882863431537,-2.982983105591937,-2.442239831277213,-3.1038648722803313,-2.2230062410068925,-2.19856145530273,-2.547545647897721,-2.04524709289959,-2.9568865000652083,-2.2854560392490337,-3.2260946534525012,-2.4919226375402164,-2.019876587647483,-3.437553721347525,-2.937590782120361,-1.886801668046715,-3.1018947698597934,-1.786771627002609,-2.57721384430069,-2.4828773841142726,-2.6123450116117954,-2.832639113232136,-2.9482246266204157,-2.285060653263505,-3.2136528112650344,-2.184887675956097,-1.6723364400965672,-1.594608753223539,-1.6592478325421103,-1.965056264685808,-2.214530260866177,-1.7017725693091537,-2.372238353607597,-2.7754030162936303,-1.744850361940131,-1.8928814799406664,-2.258604614890943,-2.6837723214407476,-1.6886722868474962,-0.8829605505644031,-0.526766171508898,-1.0974310065208424,-1.4912614745830908,0.31441596971793473,-0.5477601233328682,1.2427400788544127,-1.4497207562196086,0.46510955817915667,1.301132648887935,0.8244742833181391,-2.0878133985623,-0.48404530825117664,-0.3736707652215947,-3.263989836392108,-1.4981141261562938,0.3376926124907724,-3.27073970585752,-3.2129153790137197,-1.1957486316698178,0.37601243670611106,1.3399954203094167,-2.5499884507820547,-2.2501516820362544,0.23058018963620786,-2.6356662064212912,-2.831582823428426,-2.415411498411669,-2.6914927780458364,-2.960612534434026,-2.331225504524872,-2.538370336176839,-3.3391894042869463,-2.396183463649813,-3.3862793076757143,-2.506842101645144,-2.626792401014578,-2.8335364855206997,-2.082918495994425,-3.1164751002868862,-2.9216366248787873,-2.375945335117024,-2.411349529235266,-3.072280849017436,-2.8792948208844242,-3.1387152634045625,-2.6370016375416654,-2.585857685218092,-2.1200568356578438,-3.066754002135726,-3.246910831323869,-2.5892161177347597,-3.2340283683752635
56,-3.475423421348581,-1.8820590780346587,-1.7773450781055722,-1.224738146464539,-2.2141059395821943,0.9418238736158562,-1.4931053109563415,-1.6562759371537008,-1.9816269795030936,-0.3470983381481294,-4.018530303920562,-1.887921361532967,-3.3225855069723873,-3.6786385562962756,-3.2735271279747864,-2.8446407540992444,-2.5462902980992923,-2.4469782816131556,-2.6533301672043996,-3.4635935516667695,-2.888231738617071,-3.445763421566399,-0.4923394212478523,-1.4921434599779433,-3.564172654211819,-1.529157115468879,-0.9675818479433536,-3.470697328620075,-0.4593989976053242,-2.5582810516928247,-2.6407551943399614,-2.414757308845702,-1.8822518900591525,-2.01819368820897,-2.2727149719429103,-3.487406630903032,-3.37837601395274,-3.294233241498644,-3.66529038953545,-3.640167053745088,-3.6395052512810415,-3.931922855202111,-3.5260049570090173,-3.5772896690069516,-3.433212399305423,-3.524014204270945,-3.500279022749673,-3.5324386646081565,-3.56598639346071,-3.842664391861396,-3.6154789709871813,-2.936896932646434,-2.8671803372263525,-3.571765253123194,-3.4084482317795954,-2.894785710247024,-3.54045813147829,-2.680408745355302,-2.7398051851478495,-3.070043611587129,-2.531643583816564,-3.367569257381104,-2.7341009635504085,-3.576275217091816,-2.9745878833880424,-2.4731976651624,-3.9090028751351866,-3.4373225421731073,-2.316764900272973,-3.52038757886827,-2.6090356756136672,-3.2349461793206418,-2.125754453228689,-3.6523065034891276,-2.7038674958068634,-2.9299091984275965,-3.1521207850971624,-2.64063460670869,-2.575906762993407,-2.607243550280878,-3.3967646108623666,-2.362862986230601,-2.8580355631453047,-2.406570412155994,-2.91540507327659,-3.513480120216781,-3.1916518634834645,-2.1975623003006715,-2.1762416116487904,-2.0798019346682075,-3.1762768159367947,-3.356721141797391,0.7628001845663173,-0.6312608535773121,-2.950965675750391,-0.8843106916777934,0.07214550223788585,-3.522173351293982,-1.0136759486142508,0.06767880251766378,-2.033741335495684,-1.8163045514875,-3.0912783317208197,-0.7528476090640757,-1.395225311030305,-3.6762150380507976,-0.4420483380334974,-2.336901444338219,-2.7788915177401816,-2.5629162385810815,-1.8499342966847818,-0.6241298969674429,-0.0484190772937616,0.48770420083589405,-1.833957303263585,-1.190165623466274,-1.622308469778646,-3.2871917413191336,-3.2055424511752357,-3.510509011407356,-3.4657135857951316,-2.681283495686235,-3.8421393372583528,-3.084711228052565,-3.175281274685581,-2.702220486316769,-3.866245379760437,-3.580556419942667,-3.325208315513701,-2.949526776872497,-3.49998442316288,-3.4994717039452676,-3.525138206741861,-3.088602001926956,-3.280661378794589,-3.5671261341410303,-3.7481316663493884,-3.636078641166829,-3.411562833485758,-3.525061628009615,-3.5188479489278772,-3.0129575535381368,-3.1775783445225096,-3.6212706460105606,-2.6628408528466077
57,-3.6620454078085514,-2.2164323062435445,-2.872775509519399,0.1053516499220617,-2.7898454494279097,-0.11382418893074997,-3.9149801886919855,-1.9512956401729968,-0.5758129827593548,-0.5477179812093058,-4.6181485888202305,-0.2903579096527724,-4.443374097805535,-4.003957078404608,-3.2368403537395536,-3.643227990111766,-2.5953239475863574,-3.1787948711348,-2.650497198250764,-3.875615768285533,-3.602950286145573,-3.2906600199219103,-0.8677085318187249,-1.8780173410282555,-3.765410207982167,-1.8815353975396063,-1.1948481796479036,-3.361775745032755,-0.8466597473635706,-2.911181690290373,-3.072981295474514,-2.545681085286353,-2.3055519541136396,-2.6171143770481953,-2.430710314080558,-4.109395594220969,-3.9887801649589956,-3.8022770965340302,-4.27770685858123,-4.022100661541433,-4.021018935250594,-4.342916408376789,-4.016179765315006,-4.18712734411748,-3.9830807069430265,-4.163763935482088,-3.989282414220303,-4.047166046262177,-4.195215717694199,-4.426009426123179,-3.991806624468964,-3.4125197405703207,-3.1815767099024077,-3.9314860410928922,-3.8568764218318066,-3.2962487818018937,-3.931295326715761,-2.9645050719571557,-3.205265921716034,-3.5854693649956575,-2.976996786067128,-3.849296475543062,-3.0924097106920136,-3.903691831472723,-3.346791044826531,-2.937850905946001,-4.292119410215537,-3.915593407402336,-2.814169469363385,-3.8951854505762307,-3.430581664635225,-2.766474818581333,-2.5301393620187946,-4.362229992410679,-2.921457916632833,-3.4495087452944517,-2.8286029718901835,-3.6536312759484693,-2.8039007562597513,-3.40389328358118,-2.782888852184969,-3.5055160649124995,-2.6359154226894796,-3.485842450360142,-3.658344495583381,-2.4973240098761487,-3.3530208513941613,-2.378068307049163,-4.02704473425062,-3.045848201730036,-3.372234873982008,-4.096507987280599,-1.3601066279855876,-0.6335845291797928,-2.290110490564628,-0.7726971432567638,-2.362812401631759,0.09394825729733292,-1.421009214725132,-2.4119512218691415,-3.6717284929911145,-2.5485294194491903,0.2768843580655487,0.011291829320680513,-3.3087471365777237,-2.359673886955689,-2.1775033454278567,-2.545739720243105,-0.21558748199814293,-0.22021648360954948,-1.9858753725128415,-3.3465754215341144,-1.8727301911618683,-1.5389041957324832,-3.8006111485393594,-3.961778318852688,-1.9107310033618292,-3.934742829468727,-3.704024014574235,-3.9271602594149444,-3.787167594107825,-3.7430643626093727,-3.510529165298705,-3.83084527599273,-3.4776480839642283,-3.1702613789388567,-4.075459498559914,-4.26164877291095,-3.395622667010652,-3.0557542317362922,-3.055780780466344,-3.8843775586895126,-3.4984275730397716,-4.223941663261314,-4.097507358111331,-3.352409640114945,-3.9058384165793427,-3.758196837068999,-3.2325815333694603,-3.5432298170609777,-3.7316239843592913,-3.9326413735305805,-4.184660284739337,-3.1271309081646876,-3.6265928455624628
58,-3.4913575877544516,-0.5098258631589383,-3.314529836019605,-3.1058289369715926,-3.4515586844687967,-0.986001845697064,-4.285795397941407,-4.045271791995541,-3.4263252851334607,-2.420137563237287,-4.773012079581526,-2.0876034025453514,-4.7850832503485,-4.3405212088035885,-3.818924563015687,-3.749831836722394,-3.3400746358512,-3.483642653618315,-2.9897835361012803,-4.175199676022666,-3.997833298795942,-3.8364815710839157,-0.8805115858607715,-2.1208756036768177,-3.9280737364782947,-1.904673467084621,-1.2788946559983436,-3.5615024761328353,-1.1813059231841743,-3.0784201537263365,-3.076809995686453,-2.699522693614477,-2.3680434897247737,-3.063503235449569,-2.668922645363017,-4.604812526697912,-4.254855293037043,-4.429187176871816,-4.778380717433332,-4.5052441187925325,-4.526325967613792,-4.87071564289201,-4.443540904111235,-4.702374125928466,-4.2864765377765535,-4.565581627966294,-4.373922217043438,-4.5160076557393145,-4.510012633483676,-4.9182933179463335,-4.523237764409017,-3.9234416251929836,-3.61192279567458,-4.320553284666693,-4.282502607224225,-3.587657802182935,-4.248510426598927,-3.292738084520482,-3.5457685067860947,-4.028171638046204,-3.3811330025735153,-4.138104195402968,-3.4513891896962594,-4.3139361403337455,-3.843225871055212,-3.3084827538156842,-4.636810461584712,-4.4334673991832725,-3.2948089829977305,-4.187462430417149,-3.698339816207689,-2.983522055376291,-3.23048777427171,-4.709055689607159,-3.5487511834695056,-3.5437357609695757,-4.020162539610064,-3.141514624820461,-2.7548874168096296,-4.350833384520596,-4.019157851055754,-4.140450854122284,-3.303612805105808,-4.075262961228436,-4.397930246354871,-3.9898250475939117,-2.951953325397062,-3.25683731566322,-3.5082512721892964,-3.2580855973093197,-3.42776518045296,-3.749233648577487,-4.677070912696033,-4.178858563052263,-1.686214001942398,-0.2819222068354117,-4.62865118252523,-0.4663024768102568,-0.5060281561755948,-4.298915223966612,-1.6305334039162664,-2.419126060757559,-3.21306286424707,-2.327052815116244,-2.1312112839736668,-1.379843580453577,-1.951007429943476,-3.1427801705681504,-4.6417411820509,-0.5897017925753127,-0.6183387228243085,-2.7125848699026855,-4.465485631240752,-4.30971871018024,-3.3303592966826314,-2.2591444744883575,-1.6118309026786557,-4.561261624355454,-3.942856905763659,-4.73099372140025,-3.552741036300327,-4.116085099171093,-4.291751498087739,-3.9795997695229586,-4.392541468167362,-4.302550150270463,-4.173237225287198,-3.927672767828031,-4.216943490184285,-4.330303486460411,-3.396604497300663,-3.717353418700173,-4.087787618863715,-4.21632852185647,-3.538129540473123,-3.8418665980143665,-4.6067407788399715,-4.310039306205566,-3.8120083154080557,-3.9656836856600783,-3.975625678964758,-4.305930249116787,-3.7868431362459143,-3.6421958412249866,-4.395074326752072
59,-3.9645537391300167,-2.42648758700364,-4.35778685044122,-0.47660454700994936,-0.9973785901681747,0.2940175632994262,-3.5774132254338906,-3.195375754974993,-3.51255239195204,-1.2957359233541692,-2.785236869204175,-3.265664547018342,-4.605895039043775,-3.918621587566135,-4.300591720423102,-4.4939025342676375,-3.731703150930239,-3.6234887975064773,-3.2929542499576105,-4.750018634748722,-4.740601682497821,-4.6496650654629414,-1.4194484356587387,-2.4920499379138885,-4.360540678047935,-2.267451473771764,-1.2443220054981514,-3.8848073263912433,-1.1733669870343273,-3.265525527645598,-3.3836739587576226,-2.773835749135703,-2.8066307546278466,-3.318435439360721,-2.7650881675304166,-4.950512216630116,-4.855098965523341,-4.730857961185121,-5.050209889691085,-5.038009320229124,-5.090660360795685,-5.28745756889161,-4.742798986367363,-4.992766582743267,-4.81756762916245,-4.970813558815991,-4.805904949194181,-4.849244556907471,-4.846082609945639,-5.215998983393103,-4.8902555820475,-4.3093019302029125,-3.8110483028420057,-4.675430374792387,-4.65238838767361,-3.9553252063113415,-4.5962117244239895,-3.638780580358741,-3.989987859737965,-4.472444316108847,-3.7350975589602795,-4.466709057632243,-3.9085351283298055,-4.571641411631832,-4.228666171134643,-3.6360398294085927,-5.050482271144109,-4.868536612947507,-3.788151372716517,-4.4855077175935705,-4.6370270865635135,-4.522318923584891,-3.6778340372824094,-4.818478942009561,-5.231977459037522,-3.920662633287513,-4.213581506605016,-4.1712470364896985,-3.819950705915259,-4.846269565005892,-4.906817831286598,-3.704518554226802,-3.764313650664433,-3.5439220690702484,-4.085929283605093,-4.983194878835914,-3.5846262879932116,-4.848379906522562,-4.087783110608123,-4.801278144704533,-4.738220390783765,-4.29864012969764,-2.579806866417055,-0.853100159074466,-3.8517496111899607,-4.386273690437058,-3.3524684294687264,-3.5075467951699117,-1.939067155108535,-4.075699314522074,-2.5314349454510423,-1.8425054990423364,-1.0831227257066018,-4.785677307338664,-4.851791371326466,-5.225672606825655,-1.393340155553945,-4.385201330591804,-3.3823188345903668,-1.702499713018307,-4.224733753157403,-2.0701934707722787,-1.6217195672462852,-2.561483980444191,-3.910555109721973,-4.1346576324575155,-3.7788854951782667,-4.751418547487609,-4.098949629981025,-5.025549472681086,-4.531943396346167,-4.598370810845522,-4.4068814227591036,-5.250293931220002,-4.4276539514372795,-3.962767511260385,-4.690175948128701,-4.525939440358239,-4.654727609331186,-4.102324431231017,-4.01092796447676,-4.213499627486573,-4.684402080932348,-4.745078704383476,-4.96706238708471,-4.3943883641738966,-4.224721782315411,-5.029464290694652,-4.328402367972456,-4.435436547607157,-4.039656406793887,-4.961548741506161,-4.780333135440285,-5.096521248223539,-4.26240884366353
60,-4.1008333742752425,-2.676256309989614,-4.675785936562863,-1.9428595439490497,-1.1729299362315304,-0.7619411159434235,-3.9714725222105303,-4.47570786600388,-2.7407023521937894,-2.404077567941815,-4.778621976387269,0.5748610547115516,-5.049705183146969,-4.471502033584619,-4.39162949509826,-4.6691783462064,-3.518407357312191,-4.375459181849293,-3.564302288965333,-5.458292721170447,-5.3051156844084515,-4.462170946324996,-1.532210285658374,-2.880543835875628,-4.520283481803886,-2.6218065597379296,-1.667212742186981,-3.73333828007413,-1.648897446952893,-3.68885706457628,-3.820864816714186,-2.856086016847891,-3.129069906601512,-3.6904654741553466,-2.7136525739848336,-5.245915279071318,-5.270271808826602,-5.191681052643528,-5.488100508212939,-5.410611610944868,-5.279848331342287,-5.459927253345088,-5.067371461165875,-5.3755691675831745,-5.114214095794056,-5.377626016501225,-5.206378735422542,-5.261909489988889,-5.156562144452311,-5.737685501418714,-5.35343335311396,-4.733883323306881,-4.1374374428250285,-5.054729543105929,-4.940415004910218,-4.208706519554767,-4.905599125120158,-3.935388527265498,-4.301757291584155,-4.887770507567614,-4.047182674355642,-4.8074596213289045,-4.241948473183548,-4.805739263827759,-4.537777712135734,-4.063456547326037,-5.361176570300783,-5.1920672429961074,-4.119862001844906,-4.7721187768580995,-5.357934838537028,-3.990445674431477,-5.105509420608543,-5.342173387608287,-4.083477724648619,-4.333550691196716,-4.53180326387283,-4.231675568521093,-4.183967294624444,-3.8242116938064203,-4.27881913616034,-5.586400974317604,-4.040494563798265,-5.1751565783424756,-4.456756977278662,-4.809269625790648,-3.7410131526215915,-4.783282051546834,-4.971896153814258,-4.420038845917157,-4.282177605658069,-5.544537575522312,-3.5107803415297707,-2.526622887533676,-4.112564599394247,-1.9964043403049714,-5.13877764916561,-3.4080848690329026,-2.671094279911459,-1.0453750914537014,-5.228288493921043,-3.9422993605968175,-4.677269313195379,-2.8330530982871402,-1.2451090917256487,-3.524354801523657,-1.269007510195955,-4.445897736713185,-0.9322390064133232,-2.721279373382749,-4.450563368451567,-2.614042335468487,-1.469085180096294,-4.7681752712546395,-0.8568292450765398,-4.850261039311508,-2.152285949797972,-4.755997233532023,-4.699538844000967,-4.71332625877024,-4.551807975112438,-4.553262424702363,-4.924405792100147,-5.375915276654488,-5.142749185620193,-4.976175789898766,-5.18222190089844,-4.9617683495768015,-4.349107746022581,-5.03933260072324,-4.609034756280117,-4.684979546278719,-5.2829475195489755,-5.596344443906223,-4.265552770120012,-5.604485009479968,-5.251742951756284,-5.248253369896581,-4.5068793174465185,-4.851848556349851,-4.172814449806226,-4.898289993247904,-4.828450326485307,-4.535077963474278,-5.079707857698011
61,-3.8566302722766954,-0.6957438818766182,-2.029598816722077,-2.162291766354161,-5.122241714953461,0.2746516924252034,-4.867524212401143,-4.619120626408353,-4.000687278262689,-2.367860752326995,-3.5000680918107143,-2.3155837227047944,-5.392288455931345,-4.895852640717155,-4.872328396852684,-4.787090492314843,-4.433106050788342,-4.207482183864199,-4.725430816339624,-5.449718478677332,-5.463640964728002,-5.234101968687675,-1.7555077343954721,-2.8197925859359785,-4.6346116367014325,-2.789147589629577,-1.639615548238699,-3.6649332347762322,-1.67285869858918,-3.6388597582949522,-3.9791398258211124,-3.002594712124635,-3.7231125867728143,-4.016416227602743,-3.0838041188937324,-5.659212838800965,-5.567966080304707,-5.497437844299123,-5.847778565083248,-5.747148456443507,-5.747049605761998,-5.821153161294954,-5.362329788825863,-5.8919970470303955,-5.490539929714718,-5.6941095494549145,-5.321078928444835,-5.5551153908110775,-5.689087839209972,-6.006793244523242,-5.777193058610574,-5.027436393856628,-4.353820637230354,-5.237301259275034,-5.2188911655490315,-4.463473046692086,-5.122458334874986,-4.265821079289512,-4.572185553898467,-5.212237884297902,-4.409619959813877,-5.055427309473103,-4.452593649603055,-5.015336292988422,-4.882072715497605,-4.298121991949672,-5.508935940612124,-5.478168287796046,-4.544193778150757,-4.936541164182977,-5.479469543557601,-4.687760962226421,-4.889421413393718,-5.521916483385634,-5.857890043861326,-5.049483760581555,-4.202542833969887,-4.470849107731463,-4.533335692382179,-4.605789733192003,-4.722397396691624,-5.998196492514551,-4.555585996071641,-4.041452665990479,-5.112376879556663,-4.867719710645013,-5.251825656021775,-4.04099911583366,-4.602534836356501,-3.8562454393221124,-4.516629747317279,-5.524143906695519,-5.645710657173848,-5.645559709833,-4.451796426867153,-4.241276478607857,-5.370751784879731,-2.028573149127022,-1.8643468365876403,-4.947571518950554,-1.4596322472155405,-5.69208012129003,-3.4393465864761485,-5.3284700702583665,-5.581071760492115,-5.882401301262663,-5.763209878253449,-5.50915306763248,-4.206274754582701,-1.4501751955871907,-3.9319459708482745,-2.4119887007312366,-2.3336235361659425,-3.357460472847771,-1.2885749692763158,-5.210760932619955,-5.230153944080439,-5.239734923202276,-4.7453130692261025,-5.893457256400024,-4.77258048231276,-5.259144334721977,-5.583030683930171,-5.928874183147653,-5.330497112313301,-5.220119177822801,-5.45384603076147,-4.8983786214880585,-4.6424637660338375,-5.4107166561803774,-5.348493984650624,-5.234769696204796,-5.263509802605885,-5.307036287038457,-4.932586393413646,-5.551622219149848,-5.491775248154308,-5.4161343557195245,-5.383728539725422,-5.063807894181786,-5.597443515923772,-4.79259374144388,-5.104090417118781,-4.9958414623227165,-4.975680289034707
62,-3.9723403186641435,-3.159259799365409,-4.205920640177422,-2.1598046502422807,-4.992278243006371,-0.5634696446480754,-5.336476909374751,-4.013611550784869,-3.79226036167001,-4.10772397774098,-4.572498938187563,-2.872241934874875,-5.684031080429667,-5.098213938055968,-5.178146108885615,-4.560261128152904,-4.559505954447459,-4.952318522707929,-5.083873580171998,-5.279250032494583,-5.712196956117544,-4.615917091253451,-1.799113547445208,-3.071625371409793,-4.656713684032822,-2.786349343027804,-1.5567478279483096,-3.9687707408966886,-1.886421081578961,-4.068801180195667,-4.235906081952023,-2.848037031845155,-4.055446184242807,-4.4909242605367306,-2.879651854492688,-5.9354785513170585,-5.798974067589321,-5.734106734212477,-6.130856123172498,-5.956631473954923,-5.9426779395268445,-6.178108152883119,-5.73475843311385,-6.153478923112692,-5.725176972574101,-5.90251708844432,-5.810612164942788,-5.922149408775861,-5.862445895697601,-6.196838301285426,-5.8905956679461156,-5.304014244055259,-4.610584654063141,-5.510986962868935,-5.543482974290733,-4.77169674546119,-5.346460491792747,-4.476300427175335,-4.871229728758439,-5.52271197644069,-4.658013230438614,-5.306388538408395,-4.794816313788526,-5.205295724251362,-5.142794266522932,-4.615953847510812,-5.714848308762081,-5.800834076356991,-4.879548309292422,-5.204873363925924,-4.5501568249583935,-5.4653882188420795,-4.87968408390339,-5.574437170861097,-5.520278331779618,-5.088486073915382,-5.941586494520024,-5.656563395494677,-5.881860377401765,-5.6297872406009715,-4.837717069258442,-4.673063579738862,-4.962281614338901,-5.338984297730206,-5.103486028203934,-5.471379363106619,-5.306719605123129,-4.239590218825233,-6.252991178693592,-5.13483325252688,-4.530505050587225,-5.671225393141784,-2.227751674391916,-2.3363112549607683,-4.528898583690957,-3.267156877763626,-4.31913612972387,-1.9653792552767984,-4.227538939201586,-3.4334804936295313,-5.358199914648681,-2.9419881188587906,-3.925350990961791,-4.381010687235047,-2.0858107409802686,-2.838159200037141,-1.9161766465399896,-4.872540677750184,-4.6890357686305,-5.991721041087247,-1.8266238761382203,-2.032660629539367,-1.8472584740622207,-4.07989405734325,-4.290550012273229,-1.7878214414390508,-2.379572877438903,-5.528012683653265,-5.714433476173648,-6.070853489826291,-5.253628532804637,-5.203672975991708,-5.486074455842767,-6.220960651416207,-5.552653821607595,-5.888759415957079,-6.095915766267406,-5.512400476362032,-4.9533323567651175,-5.4868141077682155,-5.460136094061767,-5.363403997272716,-5.223271802490965,-5.228889457496768,-5.7278007766174035,-5.660725487634626,-5.19467188388323,-5.3847056089349,-5.594303897042588,-5.195049221239706,-5.209573606630044,-5.332429022761305,-5.8096649562051885,-6.100242285464604,-5.028201951001214
63,-4.190396099087585,-0.9797911662856578,-5.3626782863992215,-5.485907844049998,-3.761083772037466,-2.7748900753420895,-4.406961683336599,-3.5494102910973218,-3.6533018762500404,-4.0570936349742395,-3.2027243296093975,-2.315898559294707,-6.114807716584761,-5.1773608064828585,-5.710349374892889,-5.062042040241239,-4.329347130208791,-5.040574438246256,-5.199387952189943,-5.460588655103885,-5.721629699979534,-5.137469775048147,-2.0487370454130587,-3.526978371154293,-4.76409182428032,-3.0134861826921506,-1.7649021862594956,-3.666125101759312,-2.1543640569773115,-4.269649244005289,-4.3296741992292445,-2.824868401955137,-4.347807436550871,-4.722229148321046,-2.899615478961334,-6.173296125304602,-6.122866507735159,-6.113382816382634,-6.238928771908575,-6.325809087535471,-6.147268450532886,-6.382435247028367,-5.9469866083636145,-6.385919031750886,-6.002143911530986,-6.27860925031594,-5.85439170010881,-6.118547160042372,-6.006319273771046,-6.492461805539417,-6.224804671300155,-5.516558463284892,-4.755840995613502,-5.678680548740674,-5.727840883528589,-4.903340424765654,-5.567096361952397,-4.598383327389782,-5.09189727838903,-5.7527331317409045,-4.920856518068654,-5.365763444742315,-4.921717768984805,-5.338785835541925,-5.3234328161914615,-4.796066745534087,-5.965855835144119,-6.085858759834444,-5.107619000506065,-5.271528643260434,-5.331862109431158,-4.890667868568478,-4.634914184061516,-6.031494736598319,-4.768977346134539,-5.987909693933484,-5.447857320505485,-6.449388979564403,-5.713661246051375,-4.559558648937369,-4.892849997528922,-4.996353409530121,-6.226388547525997,-6.280288479188145,-6.1319097970016285,-5.6924561187133325,-5.056572405438563,-5.691190993593077,-6.493027378836777,-4.520552163788494,-5.332647119916318,-5.171838889492761,-5.722293009889487,-4.876586344801238,-4.267913254568709,-3.966507730779949,-2.9222146841450054,-3.2696951323088728,-3.2881566408093774,-4.739684685189848,-2.423069252986605,-2.995337050322096,-3.180993601626857,-2.8543721820131314,-5.07624217001991,-4.969954650793746,-6.394153599669168,-5.797148527491066,-2.56648468030343,-6.3532177376883405,-2.0771352421141245,-4.961163560006969,-5.175092774779541,-5.936808750322552,-6.376270531177666,-5.365407371232646,-1.8304292349437938,-5.578975889216026,-6.0586643911490485,-5.3469380621342735,-5.926004629333083,-6.0915626195253525,-5.5064085559482905,-6.241540860878718,-5.609765686898953,-5.770843995060905,-5.690718830678561,-5.905247204712575,-5.451851233963389,-5.100198824576278,-5.355553955133274,-5.754345004869177,-5.465177027061727,-6.123439730095933,-5.087371408077503,-5.861993942726852,-5.338002498050799,-6.247851798040253,-5.138434112153816,-5.573256812172778,-5.152620445852328,-5.306342863535749,-6.190735622784673,-5.395705961695363,-6.145265127217764
64,-3.9670454349130337,-3.9776720713699634,-5.376251438275176,-2.4571876957875185,-1.8330839862057955,-2.4268101553849712,-5.409554871953912,-4.615870340483464,-4.658050061874308,-4.4780338621123486,-3.2093930565128517,-0.8646544601178379,-6.706472357292286,-5.597607100033093,-5.470148546648709,-5.010225466864395,-4.969178213484062,-5.269885073375962,-4.774055377480456,-5.61239515641396,-6.241637791121372,-4.822383763493257,-2.1093480861375595,-3.6980918041424236,-4.83424405557516,-3.1239254232317313,-1.9687874472456692,-3.687808386002365,-2.334941411416278,-4.275025631687612,-4.501856318679348,-2.80248241071093,-4.276661829632505,-5.026963953584174,-3.1246650593447094,-6.226919228381928,-6.333823058411616,-6.310014144617029,-6.417830871810547,-6.378885747394731,-6.322409234292729,-6.46504048472943,-6.165635755890788,-6.489381810632039,-6.340797607746854,-6.318927831967198,-6.122746798573552,-6.3433214562371,-6.166944616286642,-6.633433860398502,-6.337639837003905,-5.770107790739858,-4.9026367283453,-5.84132464561788,-5.817804773569791,-5.103326230310217,-5.601506257495228,-4.767508708966356,-5.266810105027227,-5.947435658905014,-5.150018193898916,-5.516421480596542,-5.111821104335664,-5.450737690929051,-5.468122951359493,-5.020540096217066,-6.053841150693091,-6.2719135367349015,-5.3975825357793985,-5.320120569314756,-4.599332699335186,-4.687673581610635,-5.93123088248616,-4.738076919592007,-6.618989916322758,-6.306474984788357,-6.244331498532645,-5.654675229888991,-6.263643446292825,-5.152711843468731,-5.1805042960183645,-6.382748333182243,-6.017218862199609,-5.360501325394518,-6.202991210916844,-6.157678345896286,-4.642428526948509,-6.041846277403886,-5.699107103553829,-5.558473952836151,-5.844353089431732,-5.180614492540813,-5.169291565922136,-4.024863318445663,-4.020516182356268,-5.935748459839134,-5.848806470256371,-2.191224882670661,-5.790802845708894,-4.3410675796915905,-3.7710586135294086,-5.59203998651167,-4.763259805661783,-5.625902773240199,-3.724000607581918,-2.483341885477463,-5.493134365096793,-4.773765006485482,-5.294191336917893,-3.015259693774873,-3.7136050946396795,-2.0468735152081345,-2.3272484775449556,-3.3826368885560294,-6.148133299296071,-3.6461893300510426,-5.792520807853288,-5.9301997840235545,-6.183339425551618,-5.9204549338809125,-6.143034394819943,-5.7361758107267775,-6.646689260903849,-6.114987656738525,-6.125644159494964,-5.641994544997069,-5.6194307209151555,-5.502061162933395,-5.53268163940451,-6.241316949559703,-5.973142788393582,-6.072705821084513,-5.939203374836423,-6.185246448839328,-5.937220981348859,-5.678053216551001,-5.794598064130968,-5.429311692713284,-5.278243353511872,-5.728119330228583,-5.426221183132113,-5.83793807498649,-6.0966693115874495,-5.963399693696724,-5.592861903785718
65,-3.6739002213244847,-5.226013264259967,-6.584970424123273,-1.8865827932071326,-3.4683139432771255,-3.306862100957306,-4.47744156479024,-4.549795932435329,-4.1590537425563205,-3.9133085626825586,-2.6985916476439074,-0.07997984115997081,-6.136961626324391,-5.5442915697700705,-5.307442745918314,-5.004926631034328,-4.2560323419457164,-5.551430263412676,-5.865062389213087,-6.4425258497236735,-6.215054247879059,-5.4145288694707725,-2.198418011273747,-3.8064458772406007,-4.479382596840576,-3.011979287986691,-1.7323102607765581,-3.8142078091493374,-2.3069409548893374,-4.427969276096553,-4.59038246050147,-2.7781040946513573,-4.719138388039335,-5.112964523955853,-3.0255110673185515,-6.380468790107029,-6.303681536347386,-6.3394296805369414,-6.437478476539823,-6.541566715550243,-6.587609569585658,-6.636693650614177,-6.25042388884938,-6.669680796772094,-6.362680386855973,-6.51715585814319,-6.218941247685613,-6.430409271398561,-6.408144258793073,-6.8655807137504805,-6.6201392289688235,-5.89840306426658,-4.971625790003646,-5.8880142408242655,-5.951348740231954,-5.187959475492302,-5.694799795746354,-4.900364452812283,-5.499349979394264,-6.145934328845171,-5.318636998525678,-5.651905048060928,-5.267434258469808,-5.506293533761799,-5.664325930024786,-5.13141239680329,-6.140724307753343,-6.353152653962356,-5.61659303163971,-5.457972312555859,-4.794606059228949,-5.187582379585602,-6.599113996602481,-6.0398175716555995,-5.631682846682811,-6.282359941628915,-6.322685006435169,-5.152620181653528,-6.346978235043203,-6.637066615977304,-6.615184518573835,-6.3318319567331045,-4.982407485635696,-5.745335942426494,-6.2006151853748825,-5.584424517748818,-6.311640831181183,-6.0429479019359285,-5.184841198504855,-5.738702547827291,-4.807276274669506,-6.584362444540599,-6.041151472766671,-4.6371496974870965,-5.441236267995796,-5.896006342171123,-2.430786750227427,-6.587848651647407,-3.4610113416195416,-3.2741871261509448,-4.775802977436914,-4.416427347546743,-6.098963822775258,-2.9671401704479425,-4.772105850937583,-3.917531374682667,-5.74942520524162,-4.843187340176952,-3.3017498022374023,-5.038116513472352,-5.783908355161007,-6.535203268300518,-6.3857094725840975,-4.663527381934298,-5.139308816400317,-3.1758120992771137,-4.489052578930703,-6.208937964187361,-5.844365544181302,-6.2761810117402375,-5.8162230271312945,-6.052694897584725,-6.207977652018106,-5.843941714330832,-5.73832363505198,-6.284134057514988,-5.498110733386329,-5.6356323807215585,-6.221420432730833,-5.668727165289515,-6.001471624448555,-6.512778839559987,-6.0432496486512255,-6.542240967815684,-5.3607710324543625,-5.971788367458042,-6.318325413957497,-5.625064605766774,-5.942587545625864,-6.185384714804723,-5.370601681006064,-6.03725138248363,-5.9899336035889075,-6.363079006354091,-6.33391154740601
66,-3.7139242279640894,-3.179580272184196,-5.152425025863492,-3.2959035282281075,-2.9130953676216182,-1.2153590600719197,-5.895373657979366,-5.244515922102151,-3.1445193690430555,-2.5457492701707833,-4.443159760263374,-3.6086580944543925,-6.358462323164781,-5.451830555603638,-5.996240263837078,-5.02988099724776,-5.148623821749198,-5.53301241875654,-5.844405720360388,-6.286143897268829,-6.737861381451828,-5.765418001982722,-2.3287693846783566,-3.8622155539964904,-4.578982332366977,-2.9443966152946977,-2.071318695225092,-3.6983736289971985,-2.430134230714153,-4.3642901655042134,-4.517627757647268,-2.7658804987779364,-4.876950421380432,-5.290869726751389,-2.987545615372381,-6.537170357418812,-6.380774095896275,-6.560240160572824,-6.52869543374327,-6.75572922776191,-6.493664099830675,-6.640341911660577,-6.1912608564469185,-6.738739408055869,-6.4827022541109605,-6.571815821152384,-6.277057921201067,-6.622289608379446,-6.289214502020499,-6.79845905293984,-6.598713331768797,-6.019092123274016,-5.0517646128206914,-5.997656094904219,-6.074178204002419,-5.243987105970535,-5.724191587174709,-4.931390686526904,-5.543802389186894,-6.235808477080243,-5.419432372600597,-5.5909693781636935,-5.398800681674485,-5.39581542686921,-5.682051184650754,-5.305941847719515,-6.089750124834879,-6.452359769709616,-5.7408037930043925,-5.379267650252248,-6.148567244456845,-5.608850263767676,-6.0454186655906215,-4.902448482242949,-6.736268118244519,-6.3316446890098135,-4.673756629192025,-6.178521246177332,-6.002494871002293,-6.23812451271097,-5.906970409409402,-6.489276554540684,-6.214491344255649,-6.029959897360698,-5.473594478714445,-5.3504557435937805,-5.326289773828573,-5.083714791561562,-5.759484694871657,-5.60960119594468,-6.579877098246498,-6.172915136868662,-4.939814114197272,-4.073621634660874,-4.097926782545295,-5.947227604099303,-6.801748273238482,-3.4802889513796913,-5.846804982393957,-3.6334174424330445,-4.032036491093258,-6.619415788603415,-2.4284923115428567,-6.4199416833682825,-4.622821331163069,-4.464289756547217,-2.5413817402508947,-2.3442692285824434,-2.7653543243180208,-4.15084904354622,-4.465146744641691,-3.4322663581075945,-3.768759762018516,-5.502814210302736,-6.051337777969725,-3.9701263492163035,-3.4955713160811897,-5.954965768840726,-6.250593675433094,-6.530148409364198,-6.408460809180067,-5.8221155242848965,-5.792859459865957,-5.78061114288945,-6.384557314238347,-6.200982381821429,-5.594258360170196,-5.710895584056914,-5.919662147437809,-6.316963814605248,-5.981063225936488,-6.231400661710583,-5.5649383041026335,-6.714785546556583,-5.63128287889864,-5.66821582700863,-5.763886706667166,-5.72341190366923,-5.322805858950304,-5.681365535169195,-5.644804043849149,-6.391585965153884,-5.6760130907285715,-5.984674150469237,-6.442869795446909
67,-3.462377733631108,-3.8699392494190676,-4.366663401174414,-5.396186231276896,-4.265735780719652,-2.993458879107944,-4.647163159585461,-5.295714776586474,-3.761766052005455,-4.167147509569914,-3.5671364322823633,-3.204953245680796,-6.293378623119486,-5.56410303327588,-5.505829252954165,-5.392860641079845,-4.514831882659932,-5.408111885921515,-5.474317617596955,-5.937456347618352,-6.632759024796469,-5.1787538062949965,-2.646413797354606,-3.8942347405898556,-4.35433619017205,-2.985931831328668,-2.065363825516808,-3.2667703150039036,-2.70062120700433,-4.269160993840817,-4.397300153749408,-2.6151780778702185,-4.783572346116784,-5.576139581141104,-2.9304637504329643,-6.519812057920426,-6.591902993027955,-6.582934008437017,-6.632065494137018,-6.743646890077822,-6.623897696767685,-6.580327861128092,-6.368141530074802,-6.7580943056656695,-6.438635852956953,-6.6347833033971675,-6.27808476630831,-6.577626587764467,-6.28758063518476,-6.915087521397521,-6.637548433252979,-6.1029475322476925,-4.9841338622113245,-5.967496380749831,-6.082656115904288,-5.257645789921199,-5.705033413242476,-4.983622459038035,-5.651805081168476,-6.294437931292449,-5.485702209379584,-5.621246286576173,-5.439937345424846,-5.398156665162485,-5.801141730080887,-5.372460701467755,-6.089594864658343,-6.461271188072569,-5.931034041696399,-5.298896775688221,-5.065292980839611,-5.149440013720945,-4.99807191060129,-6.189355108487976,-6.8888170206683235,-5.230425014729613,-5.346270303808827,-6.191953896378984,-5.797514608224486,-6.324941999903293,-6.411872386616661,-5.143171873140396,-6.214501084143433,-5.459961931134255,-6.850693580860878,-5.207216658422806,-4.807636049067506,-5.075442142486891,-5.90061267629243,-6.315218508291711,-5.397132616771348,-5.2823028160917405,-2.082741129279925,-3.804215857452174,-4.72414001297369,-6.606285806460867,-6.334516485988565,-5.811134536618144,-4.24352812761026,-4.242695463766307,-4.621297267311066,-2.2811556734984855,-4.154548772134497,-5.818333139499802,-5.399335929899225,-3.6598680048172207,-3.365126547632157,-6.268570449183888,-3.1312536367822683,-5.83397632742171,-2.706060344837998,-3.2945797416878873,-5.822528769565793,-4.828628649528165,-3.510063707645122,-4.782944333996991,-4.900273402249507,-6.454895982862866,-6.505020612887928,-6.201645098570695,-6.055324738084217,-5.613927257532854,-6.634786458605707,-5.701816206530719,-5.792655847590422,-5.939707549707267,-6.0340711920026315,-5.964629811586155,-6.456604975182199,-6.420003099027287,-5.699338541630919,-6.128311106008658,-5.79608826714701,-5.891941583223032,-5.945099618889347,-6.532405393723186,-6.00085272331508,-6.385102762902076,-5.681830490876378,-5.8803610220343145,-5.444654031559617,-5.995986954441617,-5.802622233318387,-6.21643644655159,-5.74534172614155
68,-3.6635980069456866,-5.155816544499914,-3.067748558244396,-3.7986524209482058,-4.7847451579769125,-2.408296446401696,-3.6815760082998734,-5.829956171854898,-2.5828027518334644,-3.9488741319242497,-3.2872623304269677,-0.5864202824999607,-6.612676285168188,-4.6019316769218,-5.677691142915462,-4.867935319953863,-4.845152040435506,-5.299558446806368,-5.859145794675504,-5.704201797986879,-6.440765847658604,-4.842094352726724,-2.593780146087317,-3.7860373397389853,-4.376096567488807,-3.2641948185249055,-1.9601164070993304,-3.24535757635559,-2.6974648150785914,-4.21947874079431,-4.309361199977712,-2.6671966693291442,-4.936342058324951,-5.480926333836246,-2.682549853460727,-6.453853101913543,-6.4291871514236885,-6.455723638940736,-6.589518320508233,-6.662910227356513,-6.470778758105386,-6.620269584088531,-6.354289776988023,-6.758255827040209,-6.581944207896564,-6.5208636597318534,-6.294176910358372,-6.540744684415856,-6.25170406731371,-6.866870374203735,-6.640661112407556,-6.120637068050275,-5.039278055505733,-5.86305869242228,-6.039830654693645,-5.190972709521095,-5.656774381188532,-4.953465557161831,-5.555814179886344,-6.310423216711088,-5.433048595429905,-5.585697677188718,-5.476112917803199,-5.331211403288436,-5.72209971538635,-5.331103293204101,-5.923992817804055,-6.46527253721661,-5.917276884601406,-5.2940398853613395,-5.621993216027964,-6.421821417814072,-6.108570067712182,-5.119060208351154,-5.935509592823445,-6.650494910238372,-5.3557608174840405,-6.320238489049547,-5.52590223229702,-4.931984066752438,-5.151204295704503,-5.238093921332791,-6.680824547469254,-5.4884410211190815,-5.156965727348496,-4.922529889756856,-6.5365890822243164,-5.401698596719546,-5.697199418549005,-6.307244766384437,-5.425878491869169,-5.736420391499607,-3.0908436665507595,-5.1389763024583495,-2.6666541436077758,-4.761346585620544,-4.552483643568225,-5.230276925888773,-4.224589234749001,-2.786856989818876,-5.540748829079616,-6.452429195423123,-6.725223697942465,-3.5353842388221572,-4.608765605852089,-3.0744305557103067,-5.2031571969769645,-3.035442785019375,-4.200347818356022,-2.824436325774543,-4.846603640974212,-2.9152984896136043,-6.402278113461708,-2.6865365778593406,-4.718731753030703,-2.415426881901527,-5.120639836054954,-6.5132481279158005,-5.606950075610035,-5.827211644007793,-5.973233664477746,-5.6853721298155895,-6.762036538349668,-6.116732469807737,-6.504695395079205,-6.316006024440846,-6.283827074567097,-5.614316410937542,-5.781398446114654,-6.555126066171676,-5.560928688388018,-5.9729819691124035,-6.279215344862994,-6.077726499856405,-6.373202937520117,-5.877574150403302,-5.641747608243355,-6.001832636690808,-6.250355175401651,-5.78201964712902,-5.811605849301536,-6.359165199320117,-5.4605460918256465,-6.143982845325668,-5.781753365670026
69,-3.172591144280642,-3.9676125518599274,-4.000790615484494,-5.044914922133944,-3.7990282545043166,-2.850456961143282,-4.284549701883176,-5.509645936550079,-2.372580331502079,-4.183566222458308,-2.5107498747752066,-3.156196302666171,-5.928559461404461,-4.686028266845715,-5.777976215990817,-5.4517550010876725,-4.282572367859613,-5.321015327660566,-5.3323594168230395,-6.189091214477551,-6.308472453420435,-4.9694858051909865,-2.5737435603595555,-4.032081388370082,-4.044711401698875,-3.1327364059202374,-1.782020449936426,-3.093666269237668,-2.5800936428166317,-4.205582834733988,-4.150896341691226,-2.4188690977735368,-5.060133697525763,-5.563292393546255,-2.815109418916846,-6.414505292604215,-6.464926657984012,-6.527568913569448,-6.433920675315781,-6.459315147088262,-6.410086091496239,-6.542242579916219,-6.106081517670338,-6.611675055986138,-6.469850110039656,-6.555547769621089,-6.2136600149645185,-6.451506523642319,-6.3052241116921515,-6.6183665713798,-6.544047188232069,-6.059363868186861,-4.897383292523768,-5.832076348194018,-5.91280455929572,-5.066435994489246,-5.507119948771052,-4.930918246659456,-5.548662411421252,-6.250868781587634,-5.419240568377307,-5.422292112606723,-5.350502724948331,-5.100394453341618,-5.735646290415685,-5.3528429422834956,-5.765563115821132,-6.302495927345393,-5.967355325828445,-5.0556169728813884,-5.970447253337411,-4.596014853354548,-5.452112458458174,-5.791111867036253,-6.143994471597074,-5.102357916557077,-5.9857021106561294,-5.43636193452115,-5.744636498375807,-5.868870373892741,-5.494501922676801,-6.315061291766801,-5.56352231708016,-4.794531506051414,-5.505290821307446,-4.901493359154051,-4.747757108095541,-5.160678359467142,-6.7876562467497985,-5.6062944102489825,-6.149446988179493,-5.436687764321904,-5.0935036247299585,-6.469773113254495,-3.4278960234007076,-3.0393924176041445,-6.3253602633938435,-5.12535330661073,-4.968549700568042,-2.770326752253963,-6.099482582622744,-3.8404682928546734,-4.816173165054391,-3.0633889205312177,-2.306659120430118,-3.1753201680068517,-2.680670130838762,-5.611728062440298,-5.1510073368648985,-5.282266081992475,-5.470457924474214,-3.1914308715840587,-6.096785578263626,-2.740724077466343,-4.0052875544563395,-4.822212340357285,-4.715153636657698,-6.670217453707729,-5.698961881154269,-6.187909838227929,-5.990688776640339,-5.37344454206211,-6.606950281714223,-6.146674145715071,-6.5260597358845445,-6.363527082188504,-6.160005745961213,-5.8386281412915135,-5.3802353725777525,-5.588447511347112,-6.102037348466243,-6.365058358429135,-6.170797312891645,-6.422322374259068,-5.852821458837199,-5.804692655750493,-5.98091764380252,-5.5361012989449,-5.132380400923205,-5.597397944980146,-5.817159064054146,-5.806923142996688,-6.093198585421573,-5.744818006333911,-5.791316565322029
70,-3.103734600481249,-1.7310538001430755,-5.527624976503033,-2.126004634086849,-4.500627583384624,-2.9954408264616608,-5.538805485854364,-3.9581418802802073,-3.820352538328258,-2.995749658970971,-1.7321221386532482,-2.975538520834477,-5.765646061766335,-4.362377600831366,-5.73550795351969,-5.37390858900193,-4.807737489583757,-5.610037183704615,-5.164290887011466,-6.117613669453749,-6.068507214072284,-4.746432388426387,-2.763929615899734,-3.8450497249557016,-3.670643346760393,-2.8724921922937567,-1.7689313619540021,-2.6986223522737602,-2.8463345904863115,-4.16568990968251,-4.2723943451286095,-2.2532567396868184,-5.062545869989135,-5.563078419968369,-2.579135703505517,-6.093401468700916,-6.2468299085006,-6.474210800670794,-6.283972747826476,-6.478513251459764,-6.281850728953521,-6.32153227487229,-6.094291520492618,-6.504420353939417,-6.370430547223162,-6.314628889631516,-6.06075670886595,-6.393858554202454,-5.93885268815694,-6.488913968588593,-6.300318239407964,-5.963411313197408,-4.842252023077043,-5.668969942482982,-5.705920182982281,-4.9951631802786505,-5.385943237107914,-4.788388373526072,-5.425344840529856,-6.122182123852107,-5.388942379918919,-5.2778681944160155,-5.336275543763791,-4.956716182438157,-5.585289196759816,-5.293960122653949,-5.632895192611519,-6.202587884831709,-5.938626710655916,-4.964508116291358,-4.9069484212593615,-4.688579767024654,-5.21362290080962,-5.026590784592308,-6.132040827544112,-6.138580960546822,-5.606933961856152,-6.042566876478668,-4.580911212481639,-4.534232317065212,-5.8835638622119095,-5.5834892672329595,-4.8483393592503665,-4.697184202700989,-6.4271745783790575,-4.915086227497127,-6.059316961340677,-5.815104739167733,-5.489616879364768,-5.548783465808846,-5.32652310213938,-5.295387250038013,-4.376562249268643,-1.9354778065861895,-2.6431847699153797,-5.578339653658111,-6.351577088757118,-5.9284312022168075,-5.7076237487650054,-3.0528613676375524,-5.812540173668072,-5.616599134254909,-6.216216884517923,-5.306160904737631,-5.268425374755434,-5.799803393148049,-5.644496912897761,-5.790391445360365,-5.705409918499953,-3.5642845100404,-2.22237140884609,-5.414154846764525,-3.5552129179596696,-5.617954658838785,-2.019137313954962,-4.015061343474454,-2.1993584807165325,-6.091154782681578,-5.4469513952174395,-6.259522573080887,-6.542670259878542,-5.4572213846621125,-6.118059834261028,-5.7478168838727814,-5.646670999538191,-5.519021217379908,-6.0315125766191535,-6.3655084094264005,-5.913072059283752,-6.0419742205175755,-6.007249701788068,-5.512708815839948,-5.5315624559726215,-6.668148626917787,-5.254177533727599,-6.16268194873657,-5.418132657168405,-5.3377915894670025,-5.43991956416917,-5.9410768966121505,-5.53414045651904,-6.191494370907053,-5.4007738365854445,-6.199077148732935,-5.4054244215450105
71,-2.7030992808366623,-1.262387661404639,-4.922866642469186,-5.064408972546747,-3.1899206919524126,-2.0380122949778436,-4.8644201771695394,-3.3703486766811888,-3.523983369358089,-1.7360179774190114,-3.0455960024526805,-0.7532417875179185,-6.103650120948753,-4.296952980550231,-5.067844724789021,-4.850398335191948,-4.627716584743415,-5.072327859118605,-5.037604806540766,-5.3933556133835285,-5.858799856199961,-4.793874297647867,-2.6027192968387376,-4.011041466208295,-3.646297818922355,-2.861826947646877,-1.9527034356423958,-2.5181789590509256,-2.8676180883272147,-3.9557848918635656,-3.9552119032053956,-1.9873059776567632,-4.836073238925276,-5.632358666271685,-2.2769737350256363,-5.913857680206045,-6.048236721214045,-6.127748037759865,-6.051707204521666,-6.331460885360256,-6.174596443965827,-5.997603069550931,-5.88642707680252,-6.358959338731646,-6.100689515097466,-6.228128755738748,-5.8681989640149474,-6.028940667746033,-5.722013691605451,-6.284710806791878,-6.236716359890807,-5.814062778633383,-4.654358132803708,-5.446577358659256,-5.50855908458631,-4.802801455853115,-5.200393023300507,-4.639459116978303,-5.3010937856104725,-6.018585671350578,-5.279714702698242,-5.06314510311832,-5.099953386757361,-4.765221530205913,-5.494840642640476,-5.0991208990066275,-5.386068397925662,-6.050135442559096,-5.815765792138618,-4.652220441684023,-6.2679151549083,-4.663376230844074,-4.82553914598918,-4.692196820695998,-5.077880778437501,-5.2579539801979145,-5.56522096568908,-5.220878821451747,-4.657916576083825,-4.930946515782079,-5.757611014333428,-4.855473610673393,-5.71003103973275,-6.137279137160633,-4.742916677986242,-5.59175298954479,-4.5751568641641125,-6.186435040719418,-6.192605772822318,-4.430280303418738,-5.862013704566558,-5.7757841752521255,-2.318159417811931,-3.406093442111507,-1.9022098729689727,-5.6551845106316865,-2.380203387103827,-4.316569667591972,-4.560369568506562,-5.494838639218549,-5.3230124486383055,-4.910577212657236,-2.1231591106620575,-5.692546923417114,-2.854545202862287,-1.8242334134907656,-3.4800209511357063,-3.7951039077620647,-5.499564626900266,-2.4738106789945546,-6.200279477474094,-3.681628798561074,-3.4195229599394117,-1.7278732839084991,-3.9803146926055413,-5.236551552313793,-4.150742522922798,-5.823832937932265,-5.929333802093284,-5.4376395979855126,-5.69463333660539,-5.528983283102415,-5.857364476503785,-5.428062229368612,-6.218388265459445,-5.463130133668177,-5.702257319359811,-5.5462847899003735,-6.013521310423251,-6.166688723883125,-5.897988342613495,-5.457943496371,-5.987467302143285,-6.4031106710512935,-5.426855514874536,-5.249969453380574,-5.009336540464207,-5.1847872324395965,-5.454376842514904,-5.440993124342864,-5.57888074605321,-5.240122939828867,-4.861447794702503,-5.965200079561916,-5.744151174785475
72,-2.415871079391517,-1.7172890428061316,-2.5282162591510042,-2.0044344854447527,-3.3095990360385077,-1.8430917930177895,-3.163750668928957,-3.407859580974932,-1.9496796051211858,-4.09234031463762,-0.6246581918046958,-0.03232753922755727,-5.319396585683054,-3.8931046986333904,-5.644728304760286,-5.007290229532904,-4.365338061263813,-5.052479834728906,-4.974062222861763,-5.2169912865332835,-6.103420384537523,-4.9121990105053,-2.4392936811755908,-3.785226374006939,-3.3927993984878033,-2.7941379649363176,-1.7836510367772398,-2.084734405505978,-2.9060699582994856,-3.725690858075072,-3.8325968623398543,-1.7482910305155799,-4.727286199057155,-5.560275761762487,-2.164538725143546,-5.609916412346335,-5.796472128262706,-5.8789812608576835,-5.7126424169323355,-6.092956072163922,-5.760990102073905,-5.895802813202551,-5.557217426169483,-6.153755168232774,-5.839137199818613,-6.0486054327866725,-5.4875521763855035,-5.954242365103952,-5.592023111926672,-6.194190627880627,-6.030999281349983,-5.65002115094498,-4.445785747505079,-5.1638309902918635,-5.296109851934922,-4.689261540000905,-4.837152757343953,-4.452236805476724,-5.207727518247044,-5.80907411541903,-5.1441961693873575,-4.770016580622642,-4.9644945295064105,-4.449171705266251,-5.240356403112666,-5.013284902817805,-5.070041545729359,-5.812163366119748,-5.698566061839991,-4.477874025134997,-4.351070302429518,-4.163085710772808,-4.556278613113396,-5.126852655625141,-4.792825584710275,-6.142624822356974,-5.681781151990911,-5.799599672148222,-4.759270056044324,-5.381694277861429,-5.124740066854093,-4.530763742500862,-5.058064248528384,-4.917127384834976,-4.3988502737156905,-4.505157626435354,-6.014039216817726,-6.080395843445333,-4.614214825882998,-5.538522924510901,-5.490074528165188,-5.909115603219014,-5.034817161355683,-3.4189758620034993,-3.2859633509599093,-4.530394995889878,-5.800519619714618,-5.80260440887339,-6.252700933252589,-5.547695733263976,-5.153267449349665,-1.411051106177677,-2.392445820013094,-5.558638825915048,-4.892592803188984,-6.080860373347789,-5.418026585966676,-4.943672990195332,-4.20113069196968,-2.039417369786278,-1.703228673574178,-2.113011116261177,-4.666227948871651,-4.50781787761446,-4.002043733327359,-4.3134576847768,-5.786206881405012,-5.486325341869523,-4.900482707350427,-5.076767872956644,-5.224951978095191,-5.64105125928126,-5.866833100803881,-4.885372364457438,-5.563094737495449,-6.140382223727964,-5.122018448867552,-5.465768444569523,-4.76013682629543,-5.4011006539352655,-5.109802907976904,-5.517344461251335,-5.754052491424635,-5.39803829552866,-5.74307241018117,-5.283953308360433,-5.680818686230734,-5.243470878591294,-5.483921228908247,-5.567942669276783,-5.232395941134546,-5.654823949463998,-5.3932418190045315,-5.483531943359608,-4.856106956865881
73,-2.3755753689126746,-4.73954489736587,-4.252899316616615,-4.399634793887851,-1.960430830098911,-4.3314050028126045,-4.148239455429961,-3.3823007188561265,-1.660117515682757,-2.718429298382192,-1.8014061205090304,-1.3051356130548328,-5.701238411091735,-3.965255655253937,-5.144227518898377,-4.283564083510829,-4.519951863985237,-4.636577005723168,-4.817257183821381,-4.861159563706298,-5.5455484991127255,-4.688508765050099,-2.562174085197122,-3.7510873361921955,-2.959754535577715,-2.5937105020606803,-1.6830011823583624,-1.874856330991739,-2.7017939729808953,-3.6181468938241803,-3.45136840940694,-1.7580119285649463,-4.627354637603908,-5.401153759061576,-2.0419771292781226,-5.3366181011640315,-5.669903702434165,-5.78022318831448,-5.51758266923595,-5.747639314882044,-5.505668137054184,-5.50829512588987,-5.314606170706083,-5.76630806725087,-5.568552407582984,-5.616783291632967,-5.353336832123238,-5.510237199602399,-5.163798554995632,-5.782768003883114,-5.635398217857423,-5.3454720688281965,-4.250427051799421,-4.856781708742782,-4.9960549616439165,-4.371155916694921,-4.574482707697108,-4.281591229815922,-4.913201529653156,-5.464808715999374,-4.944258769990283,-4.488438632270834,-4.729550649817182,-4.166988731158445,-5.056987098134864,-4.740931456473582,-4.755437846646478,-5.463217690230157,-5.577391324361834,-4.0916924544648285,-5.645148086218585,-4.314421035908233,-5.059477461883179,-4.0868880091151265,-4.508383817943776,-5.203529783317659,-4.175977624661226,-5.340916285000796,-3.8746712257718583,-5.398197858021673,-4.857677125998699,-5.090405009339578,-5.708967681800201,-4.106939143595753,-4.4814962043464375,-5.368029313772021,-5.394749883525521,-4.08690598896197,-5.780668297295866,-4.5603894669115155,-4.2963799165308565,-5.5140332869955735,-1.7785446992264702,-2.4089859066370836,-5.332199982771747,-5.224566387151685,-1.271110662653113,-3.543383739833335,-4.1168584460686635,-3.3351567516736056,-5.201013315736479,-4.101403524878025,-2.679799382148121,-5.181245551225848,-1.3453031076399862,-2.7872191405661413,-5.835209717246779,-1.4414148571532186,-1.3238462159612512,-3.155643556505345,-2.7711636200861833,-1.837351022180166,-5.58737458044937,-1.582551944383214,-4.5406491965892295,-1.641044275416987,-3.8722950815397588,-4.848141953635902,-4.698856320800996,-5.0702446749789285,-5.688466831369399,-5.38059893571413,-5.553614562055924,-5.572552928343022,-5.491457137645162,-5.329746572255355,-4.8293308694346715,-5.102455382839186,-5.21344831244231,-5.771766221904368,-4.962918420944944,-4.558856903508595,-4.871310488088306,-5.184702220499536,-5.100567054707811,-5.279575216060156,-4.372913791988284,-4.506630287848824,-4.524237190796369,-5.332828789304561,-4.819998451891297,-5.383748327637158,-5.082953765304989,-5.455568969557876,-4.906878807392034
74,-1.7750093939206657,-2.638553688837182,-4.590493423029309,-2.637504834678186,-1.3418225111864626,-1.7161534147404183,-4.06132254000865,-3.12645897683183,-2.2431722737055932,-2.6901380769098573,-1.8815379160361094,1.29158426662271,-5.344150725334018,-3.4743031336893475,-4.239603788665596,-3.569675107909781,-3.5737916198249677,-4.344806126185901,-4.762982632243075,-4.625375838852429,-4.782114872022626,-4.299425866545412,-2.6117968280663333,-3.4178987907774006,-2.584919184180821,-2.6058732979308425,-1.3948632324259649,-1.4375770004918338,-2.4718969512531146,-3.3353902865112324,-3.3638519513458247,-1.493654129167591,-4.4122119536913385,-5.062656257417852,-1.8365753218454253,-5.001147115099161,-5.3212764222129145,-5.452117672716323,-5.189566436559325,-5.384636200846984,-5.054720346284016,-5.020646739317698,-5.055709240175894,-5.4500330041306535,-5.295779368537135,-5.252444151361722,-4.99868440717759,-5.140327947827381,-4.978011048345499,-5.417984346451958,-5.2904985731040926,-5.03674895325303,-3.9830296751139964,-4.553363730148915,-4.739481277554874,-4.123408899395509,-4.213591701030786,-4.036336798515374,-4.70661139253234,-5.280920986116994,-4.623868346488699,-4.199925706587942,-4.48199232958444,-3.862261496455119,-4.772459806873594,-4.552918080230784,-4.461331113937549,-5.217197634219798,-5.322939607579685,-3.76601163495795,-4.896723669730325,-3.4640140872133243,-5.122835205642615,-3.7025439801447413,-3.8853950684732212,-3.7917324908383447,-4.922795924706077,-5.034887359329054,-4.083240041647965,-4.463881878823385,-5.398372112291212,-4.69065638107999,-5.157443097153573,-3.5272272242530534,-4.896163394549562,-3.5957655630859797,-3.584063234180954,-5.489653508224813,-3.7298460153965847,-4.378069558897338,-3.617687111623317,-4.578733181593901,-3.6176461736686525,-1.0597348398723163,-4.109633451407559,-3.3405498237406266,-4.117464063874779,-5.232560469889385,-5.248101665420711,-3.3177457426459838,-2.691957531231861,-1.52194745288904,-2.8326505927236587,-1.730049138599007,-3.8878619251258923,-1.4933911213985889,-0.9644150714524322,-0.9914140465990231,-3.9422228424354633,-4.88193777235117,-4.313142223864137,-0.8703269293561151,-5.2899408452035015,-1.5133328338726382,-4.292497178217129,-1.424287937534178,-3.99266954590023,-5.211202267774007,-4.4036668559550005,-4.970314713765959,-4.91133850228324,-4.082091012668892,-4.314085311552223,-4.623248897527149,-5.059064392827576,-4.9431187335762505,-5.02436424398703,-4.917774164567126,-5.079633101774214,-4.865643033184102,-4.798477259612838,-4.511291683421069,-4.241305335172769,-5.4146073536867005,-4.271861309072485,-4.772042354606965,-4.093291876865419,-4.791714499518818,-4.545671352240002,-4.136378016204631,-5.124977626320408,-4.854825616683634,-4.398245516919142,-5.445687670118224,-5.064868146580685
75,-1.64412818673349,-3.2996644220250277,-1.4987044653904409,-1.720686386491452,-3.1445213808623764,-3.192261148702561,-4.031893681567483,-2.246434369396283,-3.0780483514043264,-3.1243649691480253,1.114902176278788,-2.1543129689235294,-4.570990894761399,-3.117450882128934,-3.9302437089171036,-3.889954374831724,-3.290065118264489,-4.056834361648506,-4.897293129643306,-4.351578369947353,-5.056671190654174,-3.6824229939972546,-2.3782869447104527,-3.499940349697281,-2.0914547421107788,-2.3796591897971915,-1.5025056392111988,-1.3187589459290123,-2.460920675606551,-3.116050171170902,-3.2154377673508265,-1.1461340910066664,-4.16641734212863,-4.886126919087312,-1.4235696802270565,-4.737907195669996,-4.899519988397039,-5.0669305648950855,-4.784167163738706,-5.015009238247822,-4.836461845047162,-4.633860633752788,-4.56163372565879,-5.094808833540538,-4.893293353192567,-5.012666546303081,-4.4956385434252475,-4.863771435568392,-4.503809030006547,-5.045392148385275,-4.957102656205254,-4.739069180830139,-3.6698677858286977,-4.180731762788617,-4.307974553207887,-3.7787162293954224,-3.855106303318804,-3.70611595144673,-4.379759332943572,-4.907307405474325,-4.387629426390812,-3.8635499143856684,-4.210345482201271,-3.520266938603225,-4.467096266087837,-4.229931851391803,-4.025858857118771,-4.814250195367596,-5.060522473404768,-3.464586509238884,-3.943498409734378,-4.080546677125713,-4.052535313035364,-4.000508142241755,-4.245831144558614,-4.086734032752531,-3.6210186724703615,-3.6734704918944514,-2.9598826478684104,-3.030416116083507,-3.189855330984017,-3.9199450617450955,-4.933722924560246,-4.3238578120791535,-4.90188825332939,-4.4127395560677485,-4.768541264155425,-4.13853704737134,-3.5106491184645474,-3.066064557761268,-4.440710649381125,-3.9274037466585963,-1.0605304199912227,-3.2328852171920825,-2.548716364311112,-3.7443241500005207,-1.8143483893924888,-2.0122758030609114,-3.563648334141276,-4.792082280698865,-0.6593538937791736,-4.251446029065136,-1.8932643962580475,-3.6463921792062672,-1.0594802002438168,-2.5015678407694164,-1.0857202896585987,-3.251363702603366,-1.862992593295003,-4.244347302142821,-3.509541574541033,-1.1040383944724947,-2.4713180261301333,-4.3897731982155355,-1.3949278563647556,-4.2272130598991815,-3.7046558926566777,-4.793529257369569,-4.756643681107743,-4.025130852353325,-4.201041055030068,-4.158768199384736,-4.362273602432801,-3.9361135161447716,-4.665180002454728,-4.447899261698116,-4.280838681661129,-4.2209371979035195,-4.770949265755758,-3.981660534639106,-4.619990072622859,-4.574159725296565,-3.851633701647825,-4.479007928833698,-4.494943815177111,-4.353836665075509,-3.9813587501880603,-4.54441483062607,-4.293007625797736,-4.364671205230509,-4.089778082258377,-4.805025615947407,-4.378324724733004,-4.306529058249948,-4.637707055634855
76,-1.0742570706679262,0.1478191786603431,-0.1138353199642479,-1.7447618973378831,-2.083505943402444,-1.6011336722451395,-1.8004190066270978,-1.205232949292634,-2.393495934714326,-2.0099095916979484,0.15484479463263745,1.29322970051905,-3.781268195574284,-2.343280570595327,-3.757282159961043,-3.500529928186998,-2.9490137942087467,-4.489874838310097,-3.7586057014784906,-4.072371093744987,-4.406395992677976,-3.4595159670742492,-2.36815304225841,-3.221470283152464,-1.8159775587266378,-1.9478858985012548,-1.2083977234332568,-0.7795496610482091,-2.399797166165812,-2.8957307565998063,-2.819462161301534,-0.8897270260281251,-4.026307832335204,-4.470743970829482,-1.2576516956023274,-4.3443976478588615,-4.501654931788136,-4.456468711644934,-4.344250783239039,-4.476361104012654,-4.3221677299270755,-4.363590947604108,-4.062421683638234,-4.6415200513361885,-4.434721587999974,-4.47478613443748,-4.233241240833729,-4.338676119050537,-4.035196096229401,-4.535548384584981,-4.588436844970576,-4.366058136539286,-3.316559055423052,-3.7243152974739986,-3.976303981986103,-3.456518717409808,-3.464598113066132,-3.361459884830906,-4.063890346286567,-4.442837186195096,-4.047267037335588,-3.407576548722005,-3.8273653845244255,-3.0557686843085357,-4.086929011323927,-3.879814423791328,-3.517297434923139,-4.40284125259665,-4.717856834839511,-2.9964623929771146,-4.09983704131938,-3.171231555783879,-2.8715958633975927,-3.792344386924136,-3.597502263651057,-3.5867089074915484,-3.215449734855876,-3.00706029952375,-2.839612151252835,-3.4467518759161315,-3.6151541456913736,-2.967626404566129,-3.31297593829811,-2.8365895620218833,-4.3590585434904074,-2.7146949129603737,-3.8677554835729393,-3.5059100281370075,-3.664460111410726,-4.370948289575274,-2.810828137005986,-3.9022500956777497,-3.0042666079733555,-2.052336524863626,-0.5154522261830392,-3.2614251861804977,-3.2648126235688046,-1.2910796120916297,-1.5385203004788104,-3.4533726850514475,-1.3403726722830362,-3.496334401454517,-0.30389666692073014,-0.6117401991939992,0.11468652134127222,-3.662990720755416,-4.178922986194241,-1.3797758002823874,-1.3444973888965976,-2.7336688750871607,-3.1867195714879104,-2.174875910121307,-0.5815326517017718,-2.870655467714599,-2.9789567206274423,-2.077887536846204,0.1869412522726801,-4.574486319201802,-3.5126563968638633,-4.452456637705064,-4.474596445940138,-3.266724963359728,-3.5238135043684222,-3.575643327359288,-4.116446726969333,-3.61049879321609,-3.157785137252392,-4.376322439377202,-4.34174551304005,-4.059923409824291,-4.075168891754758,-3.7972567380673024,-3.767993256175683,-4.3607028906911385,-4.169711068188824,-4.017952430581019,-3.6301489297115586,-3.3913466470124427,-3.7079242067014553,-3.298225539786191,-4.071851308674231,-3.453224546592898,-3.5054130328836024,-4.553461313985046,-3.852528443829576
77,-0.6700690320980165,-3.0742302912445245,-0.7944459223175504,-1.5132472011891445,-0.405353043240964,-1.9628144301802735,-1.7381515117380788,-2.494023128402074,-0.19104746877541912,-2.5690964280083994,1.2736472431627224,0.6175086335843103,-3.713296731067574,-2.630479063044252,-3.1520275753568057,-2.375444100083923,-3.237479072668053,-3.607751799454624,-4.059483843477971,-3.34110779859691,-3.2730030108929298,-3.1250963893211248,-2.0614200506610763,-2.9296890447111177,-1.4516678288678724,-1.995322430372711,-0.9688725986833504,-0.6844656909173964,-2.275238359174521,-2.538970818527448,-2.2811963659799313,-0.5327416720218663,-3.6620274143695295,-4.3429495107694285,-0.8691617750329393,-3.755845618196004,-3.9998791495796926,-4.095424795290293,-3.8643941138235665,-3.953563282624472,-3.9521645799723064,-3.858650992842212,-3.810395542169957,-4.070984307545693,-3.9871231104437617,-4.003821826313198,-3.6482980527978506,-3.8749199430089383,-3.724630291373548,-3.944251622713945,-4.0317529737099935,-3.973914963642353,-2.876837852186065,-3.3791590575630446,-3.5364460071538244,-3.12147202061725,-3.065964876045734,-3.0397928520649735,-3.7095574851927013,-4.122347003939669,-3.6539983733699577,-3.088920014031507,-3.4739893099322345,-2.6057975059322662,-3.632772747286497,-3.5695400112189724,-3.055979039221057,-3.9760936875467374,-4.355203400552329,-2.6208919766747365,-2.6669638431433045,-2.899762819547045,-2.814327516077289,-2.125141655975673,-2.8608306573778837,-3.069519666834068,-2.3965339753085013,-4.035502443603447,-2.802597578902226,-3.590166821686127,-2.7453139488067877,-3.9142805470782123,-3.9536015842679944,-3.527332516347191,-3.8781540667080177,-2.5536159664972287,-2.5634242514424836,-2.746129779887101,-2.554704639008596,-2.4222813553549774,-3.3337407961703653,-2.8279109325253504,-0.5550558724154651,-3.6578991973505186,-1.1291773089297523,0.45248581682222433,-3.6814590452966014,-2.886050780493716,-2.090036919089951,-3.5324720831472,0.1695665465720655,-0.3294863887399324,-2.8209137695169497,-1.656929457303291,0.3369896873283613,-3.7883589082088935,-1.7004934538032859,-1.7737752829848228,-1.5019388197031622,-2.299606945995614,-2.3191226716336613,-2.4695351457270043,-0.5367154484975867,0.1380943468998428,-2.044761255979011,-0.4673092530429517,0.023542499376725257,-3.7230689649270374,-2.8100806755297203,-3.4780250473360947,-3.206607954563399,-3.4061837965894424,-3.111325739617042,-3.5667485797672134,-3.6427265301538556,-3.802458038565114,-3.1557806625613574,-2.9688898208328274,-3.8077993015405367,-3.4730948132026533,-3.1519640342342856,-3.6232503278092367,-2.8302772550430584,-3.286190667326019,-2.9930255661291287,-3.855427559208363,-2.7843195186928105,-2.6481573567272294,-2.798951089842477,-2.743822063539347,-3.317928963192572,-3.7604031321301408,-3.326575684904603,-3.7728160262596533,-3.6614431644364664
78,-0.3017820689126398,-2.0882537062479067,-0.7410394628985482,-0.24663709775773235,-0.8120829675402668,-1.4290288699736418,-0.9009023356010362,-1.3300995738287216,0.7819371888722602,0.11694984898460392,-0.03873708688074018,1.7056377260070217,-2.9933202244894312,-1.7223326244898847,-3.3081947713656064,-2.1336195535371476,-2.638874433529686,-2.771422493043283,-3.829700036317281,-2.4447229260785153,-3.1629136549297012,-2.1296135882856615,-1.8444323221502026,-2.453407966059721,-1.117984195680356,-1.6866718856238099,-1.1038974822551446,-0.3177280235089752,-1.941432353059185,-2.0729178261207117,-2.0034606895591796,-0.331608260238041,-3.3788626584358297,-3.8549968332221076,-0.840537831570684,-3.2662433412237153,-3.608211982450954,-3.7304880347684004,-3.326724969876776,-3.55061994545251,-3.275718571301603,-3.2248000865214133,-3.1701272711902067,-3.531643345857598,-3.5222653476627275,-3.5803703362421064,-3.137227434987137,-3.387585588642876,-3.071567964920708,-3.423699257591483,-3.499532389906264,-3.542646346758214,-2.5478459600042105,-2.909983615744853,-3.080656132748812,-2.7189409270017406,-2.6036539606089937,-2.652138117959498,-3.3333004567172893,-3.5964434777468104,-3.3307922270049377,-2.5488726767221626,-3.1664382323568154,-2.144168598150145,-3.193285032248264,-3.192336483716345,-2.5958751046121464,-3.4699695552810477,-4.002131435811467,-2.234840269467511,-1.8465749553220379,-2.031096246256543,-3.383660029140044,-2.3477725233675377,-3.423884567505533,-2.0866925819669566,-2.5301509488139815,-1.8936300013239082,-2.961859571035841,-1.9677339508768585,-2.2481473741905686,-2.80781234358288,-2.268953080746546,-2.255707237127803,-2.5103413613241803,-3.2576092163296573,-2.4464974975042537,-3.3283300696981604,-2.5050798063436783,-1.7519143604641176,-1.8652522146498207,-2.7335677552269977,-2.8363944802732024,-2.740230422131607,0.9085080080841115,-2.426116637459978,-3.4183066058639966,-0.2149865861095832,-1.7313878946228922,-3.379345994412629,-0.8356042613991397,-1.814132218596326,-2.62517115074453,-1.0894593261842216,-2.7213816529229153,-3.3240494100986915,-2.1434989363671257,1.019755237118738,-2.2126267462140685,-2.8165509453854773,-0.8302296745428746,0.03893708466367585,-1.8769347614529277,0.5911313427216056,-0.6114335872056778,-1.8055616531110017,-1.5434450881391955,-3.2880366056499937,-2.7927407239597253,-2.492024367373737,-2.9194940541698573,-3.183237955440582,-2.6623075087457297,-3.012406217007808,-2.38433667868851,-2.971163861399218,-2.1351839607517227,-3.2611794689913416,-3.068198823881753,-3.198260761916367,-2.6431492824904312,-2.7329591706162537,-2.5980417980713693,-3.0961668184017332,-3.4036927846565552,-2.6286716409754627,-2.766223789090965,-2.508952529404551,-2.723234422478367,-3.17577737486113,-3.3873415478524413,-2.8594567932872192,-2.484843137808115,-2.8013157376752824,-2.628590883088684
79,-0.13071252865316826,-0.8431215230614428,1.2960982776907222,-0.2790207265114153,-2.4172308297414458,-1.1948697505892243,-2.0144593973308216,-0.4644208196253321,0.5636688405579497,0.3248315894309819,0.4163638481905084,2.281687748811479,-2.2263288896162168,-1.7326226501884714,-2.122637482287351,-1.6158073237445518,-1.9157447507070426,-3.19125370687427,-2.681017073106965,-2.6340811604582517,-3.0913421404907497,-1.727560315324662,-1.7036047962018661,-2.301714539982406,-0.7343302398470706,-1.430311498362869,-0.670681709485267,0.25098703602872496,-1.8575750559776336,-1.9075960159425827,-1.5752251689590857,0.02696757414962453,-2.9453898759512525,-3.5829278628564585,-0.2420859206102891,-2.6472569682456943,-2.9880028108947365,-3.1268171573426775,-2.7115750496074025,-2.9427025211006734,-2.7759774934145542,-2.6784141135764283,-2.6893957503651538,-3.0493777121137144,-3.0150010086568764,-2.908032882822688,-2.6538334068744422,-2.931315203151491,-2.646308147576146,-2.9780670838555188,-3.048362171247038,-3.087374856251466,-2.156736211804331,-2.387941372972925,-2.6091195913718184,-2.286864812494894,-2.116515929570247,-2.286593064423356,-2.8236776243920727,-3.1030944233329656,-2.953103478399292,-2.116944448563306,-2.7495986559968273,-1.7475227700846798,-2.7505313096320285,-2.8266112991514496,-2.0469925843666954,-2.946505066465331,-3.4879259122688615,-1.718697553140901,-1.5880730687756786,-1.2441725753558666,-3.134315267773378,-1.80020635891153,-2.7732520033791537,-2.385933071549508,-1.3280275920718314,-2.590982090410304,-2.7913278721694,-2.3164658005209384,-2.7858503666176313,-1.9178449102243722,-2.848820663584822,-1.901423012269204,-2.4366709990464286,-2.5095847406008693,-3.0695467641646186,-1.5381768003839467,-2.25878550302901,-1.3887728997088862,-1.3645181524374863,-1.521935225244304,-0.009001880722485645,-2.7604272899329945,-1.8287827199820177,1.1717744234552407,-0.0549142520345276,-1.1416515816189823,-2.4948646326535515,1.126639913669219,-0.9602689958242188,1.46203314137915,1.1929791225497253,0.052657198778795156,1.3795601403224058,0.009818238981730065,-1.4404482853883125,-0.44837122535701246,-2.051978919201283,-2.644598398138812,0.40556319730970536,-2.4379216602449096,-1.5498512280390933,-0.9796117187097466,-0.8184209346509497,-0.4530665150373676,-0.608340459363129,-2.7666113789817586,-2.7121251795338495,-2.4285560014006347,-2.906345022014349,-2.689635331526219,-1.939968132698318,-2.4225491314587337,-1.9703098358069036,-3.1623928534617582,-2.363502127716232,-2.7981331130969562,-2.401029239429351,-2.1333344850664617,-2.216993743995882,-2.1179523955156143,-1.6564527478528477,-1.9976900113739022,-2.3022118368800957,-2.187485181604913,-2.6344217814580446,-2.5695992621999815,-2.772692083172038,-1.8088885486676247,-2.9677383013476515,-2.0529494369694206,-1.6034782767605675,-2.3553263823321453,-2.9230497795166217
80,0.20978432696753901,-1.1075741192928223,-2.0541911811075657,2.186303804312133,0.4777564808156116,-1.026343377325325,0.9044288901305662,0.7812267025081752,0.7059168768892556,0.9576287474631502,3.115544402759357,2.2333168486637818,-1.6538120952208901,-0.7312378515234149,-2.0729671960708225,-1.302853109619064,-1.3862358959436165,-1.857659717616794,-2.6503486113565713,-1.7950980397120158,-1.892891715383258,-1.430883566578294,-1.7694872224871476,-1.9203471551649958,-0.02516671499531936,-1.0460861483940938,-0.7592601643826666,0.4791772661995905,-1.5585774464187754,-1.3810924429764448,-1.1672549361432392,0.23919954875961852,-2.5501518245384838,-3.1531988231992893,-0.15521448148827202,-2.1464083096647837,-2.4410779740025554,-2.457850021613748,-2.018576483835059,-2.4212806376739158,-2.2342254581273657,-2.2350440574098513,-2.295888896019202,-2.400714296849406,-2.566416427770049,-2.5020845978002586,-2.121089947763318,-2.3243890312069104,-2.150844144316815,-2.307933231843419,-2.371617580166848,-2.5456052623966334,-1.684773781401129,-1.8387136366152654,-2.0421790837968734,-1.8025508001168458,-1.5911439235197378,-1.8706295481266628,-2.44784899562465,-2.5914914366133632,-2.487935357103992,-1.5912786588268948,-2.3110595572676638,-1.3026367086761512,-2.3299767355687457,-2.424079377682317,-1.5530267886488904,-2.3743064144678705,-3.0939823886565163,-1.228683499025326,-2.1983884178136432,-1.5946803973621426,-1.0275070100034356,-1.5641175281335835,-1.8643715165116581,-2.0935888843243444,-0.6733272912077264,-0.6521909983295482,-1.6481430625229287,-2.086234725423003,-2.2814634844885164,-0.9330185719522734,-1.2731861576438988,-1.4617758293164664,-1.3512903527404665,-1.0864831074237178,-0.7946142217172583,-1.1474812548080742,-1.4682082858915868,-1.1894384652976853,-1.5815585145608244,-1.514844152052691,-0.0950653385904019,1.3004066071835325,0.4829215550898063,1.662746218030863,-2.328179304182411,-1.0498916222072814,0.4659663628275026,-1.6048066905848908,1.1755985305485868,-1.9107007246904444,0.34571673867753416,1.9205070069676706,1.176294588376087,-1.5609855587268897,0.9440588228046773,0.3545083053675895,1.5978337911661766,0.9388032856006934,1.5376060419862951,1.7507462773362592,1.434223217625442,-1.7406181815256336,0.3161595762087681,0.3263588952422598,-2.1492432666562404,-2.1745288646018404,-1.3322306727584738,-2.3045335368622717,-1.7830517829535588,-1.6382309680586766,-2.1872990526438256,-2.252502746282645,-1.3629240716185125,-2.1215831752916645,-1.6849486345474445,-1.7975929174318361,-1.94309368136042,-1.9160919310845506,-1.593550906802092,-1.3409277181914034,-2.01161016061905,-2.0372889178776905,-1.4177602564626586,-2.0072987574038414,-1.077524766221505,-1.2460381024132632,-1.4404755702841379,-1.6405190713169975,-2.431159075669103,-1.4559950597146567,-1.3794633263937486,-1.900869389512435,-2.069948931547131
81,0.7535273444524759,0.4297419706022756,2.3029088942792137,2.098961306156627,-0.765269425222878,-2.382263635939516,-0.7032306354187489,0.4276394227476086,0.5477091446359157,1.2361440754427133,1.321257686237452,0.8973142271723118,-1.0279132125249681,-0.1556407241897798,-1.588790194202457,-1.286906745425013,-0.9507571673301101,-1.6325177474316783,-1.813401353218521,-0.9952118900380631,-1.0707815206221638,-0.8397877649839844,-1.469314775399214,-1.793075331852478,0.19866167765535447,-0.8155526094963436,-0.4421468136935004,0.8266811089558622,-1.4617334809881302,-1.0243438307350752,-0.9426225694539628,0.6469965325158429,-2.2435531341654205,-2.4344347932668584,0.10516480581529487,-1.6606270855814445,-1.8793097004438852,-1.9062699105739573,-1.5419492613982948,-1.7564437915545064,-1.5810700256797665,-1.6201853589661706,-1.6273475393858798,-1.8405921045524845,-2.0347323687043994,-1.9750917650847593,-1.744428766912532,-1.66837509587588,-1.5831918183847713,-1.7914625892123237,-1.9490305730281459,-2.0204944533093805,-1.3014139019142505,-1.3433519485503924,-1.512425230680901,-1.3504322722911928,-1.1239805624534667,-1.447710351583625,-1.939872292548066,-2.1511398158579067,-2.0789026371671895,-1.124414975031385,-1.768162371543596,-0.7857244117720661,-1.8253943403262824,-1.9721383022920052,-1.0213761382451554,-1.8667613581042963,-2.564028459287103,-0.7321755550390522,-1.425602658421377,-0.8402072219426859,-0.5506735618190686,-1.0850132499676357,-0.2676611866409273,-1.481638938314084,-0.7532912754628373,-1.4584974028300433,-0.9172403919517393,-0.18840821865632407,-1.9113798090866705,-1.2147601731744726,-0.3872163365330814,-1.3827081505887566,-1.5648799801701907,-0.19184415669068366,-1.0646852924492678,-1.162375685669276,-0.352690411504764,-0.03135081252818517,-0.9439175048492572,-1.2570127569700644,2.2562216794886414,0.4896665371158586,2.7571746601569598,-0.4726388816883791,-1.0013247437054371,-1.8196405421444657,-0.481718761682534,-1.8323818074353595,-1.6016352330125119,1.5528550149603535,-0.21067117488898712,-0.49047846620166835,1.7255783754672396,0.02764939592715221,-0.736764775925717,-0.412229507678759,1.0400416014404916,-1.10123715288765,2.096886326033797,0.8711767772029,-1.7430976739360848,1.1981010751047276,0.06533693302237831,-1.891971712080999,1.8134623564748176,-1.6125696402754335,-0.7734285875011806,-1.0404215955141467,-1.7418844486014415,-1.5084841199344077,-1.0773876774392765,-1.5853252314841138,-0.603997984164997,-1.4376308437965255,-1.244650550626317,-0.8944699958620173,-1.255186180359205,-1.2426556129642439,-1.253882495508042,-1.2628086393106877,-1.0476196471954176,-1.7817774315370014,-0.6968176164407669,-1.5759655944622712,-1.382599406945199,-1.3139700845372104,-0.7487931247157953,-1.240656532127282,-0.9475966526748069,-0.7905555843720058,-0.9268356760804705,-1.468241308722021,-0.9556505341768002
82,0.8570464299754816,2.459121420078116,1.9259857659179023,-0.4125701239102917,-0.11388144524738264,-0.45036317865476594,1.4840481930564478,-0.5529014913684747,1.09283979964347,-0.6720210793862971,3.9451543145303756,1.9293545563638,-0.8962150621049445,-0.3168914829071013,-1.1312005751441887,0.14629331156887115,-0.43889048877031034,-0.8139166875799508,-1.5503426035856536,-0.554484639400233,-0.7555489208360409,-0.04832009340368515,-1.1015461036971261,-1.4501225241735571,0.6263699094459535,-0.6846398810065859,-0.1997076535352292,1.4134641533658032,-1.3420347712668128,-0.6952215530648984,-0.44674707392966156,0.8372614410723306,-1.7156402062587914,-2.0759424772405928,0.3548406168271583,-0.9285104954441097,-1.340283622028233,-1.37022716621897,-1.0524881974586704,-1.2043121297013712,-1.0089561642443432,-1.0163983694490146,-0.9733574059896403,-1.2118480436755537,-1.338128996322043,-1.2044523033354781,-0.9541230085174921,-1.2315523155197943,-0.9085659339654043,-1.0528062222929675,-1.2776096524398584,-1.5880592812775045,-0.8614353346615141,-0.7533409300165912,-0.9885715355954784,-0.9250104606391638,-0.6036974520078835,-1.0049944763395584,-1.480707139348958,-1.5191496756128344,-1.5095041206432276,-0.6783509994349833,-1.29246537523423,-0.2991956766548102,-1.340298805592627,-1.4647781337105488,-0.43698909324278884,-1.218974508371763,-2.1297878714073164,-0.20673225750204305,-0.7406484027519522,0.23748603312258565,-0.20712175189733517,0.12359190697662759,-0.034798495497557314,0.20340645168249383,0.04644708557309207,-0.6113119491246723,-0.6562721783026196,-0.7909947124238548,0.15174160260392155,0.5753188843772898,0.4741456231893626,-1.1933071061882592,-0.8607055035329462,0.22370008708418498,-0.7938263979938517,-1.095677162661649,0.5575195081399298,-1.0079375131756174,0.716214632819792,0.12830602663809954,-0.3786511600402901,1.6503441650351616,1.9655098730346374,1.3412972923186524,2.0369513407610556,0.920706293437664,0.031185428852748,-0.9611428240125084,0.009634068791713801,0.9460468043378572,1.8407669246681095,3.3670405184106444,0.06421381672918991,-0.742052509682045,2.3896712943847422,2.918182750074254,0.08710934751231214,2.269180377857396,2.5430293217438926,0.8366694215407402,0.6417231637187801,2.2578978535953773,1.2057072911863584,3.014782121537269,0.5425352478110472,-0.9383143464271501,-0.6769197005765192,-0.4568169142652546,-1.0618497839044008,-0.9654189493877932,-0.9799059038867703,-0.17370512526213833,-0.07289322406582122,-1.1282448729983932,-0.12519619393974446,-0.9165613310839607,-0.6582276786328213,-0.7223889414871969,-0.27258747871745204,-0.19737881135843738,-0.7751825842821392,-1.2559711165386154,-0.7254333518812941,-0.4335663720493522,-0.4779837583779165,0.0016575210508757987,-0.10062215457444235,-0.8171597718920472,-1.0942342513774868,-0.6917495168693619,-0.4378920573605113,-1.1739071150493583,-0.4827847922887062
83,1.49460083175571,2.4142713437076058,1.4339333626566455,-0.03499532963047164,2.786411356462703,-2.4628175645176245,0.5949577182909523,2.163124666564222,0.3060528741934474,-0.3972553259008992,3.6286619242745966,3.2011320830815215,0.11986118602719653,0.6041262181685674,-0.2941454150968492,0.6281280244167856,-0.08705866255213801,-0.504316864172769,-0.8264659617179857,0.2107485968420999,-0.17000613695088262,0.6919724185518435,-0.8255022449610889,-0.8166000185154685,1.2641250283629115,-0.2593552105418689,-0.039636574818951276,1.6385734837581325,-1.148578242235857,-0.2765683119609348,-0.12286983645851172,1.1536666587501403,-1.4878220293745734,-1.4745941487677112,0.718440537807885,-0.505701330308475,-0.6565265096073949,-0.6898936490959553,-0.29282359994982277,-0.605415387894247,-0.5055281219394636,-0.2538967368037228,-0.4998138191118784,-0.7021049220826249,-0.7558384282642421,-0.6456586120350198,-0.4573768421347564,-0.5680504437142885,-0.3531980827793074,-0.5599661146243715,-0.5651906103653916,-0.982560069325897,-0.38127918102632075,-0.3010890866094781,-0.4811540888289607,-0.5007177289162305,-0.028613979691087976,-0.597804221316168,-0.9623679486859359,-1.0176442630206888,-1.0682412302370643,-0.15615336542738556,-0.8412867632911728,0.27969480796955715,-0.7760131596965405,-0.9896642472320323,0.0594887170564717,-0.645943895745841,-1.5834730160786954,0.2598644513949224,0.26490352520075744,0.21661694987875169,0.6343915469959494,1.4140881221927117,0.8638773948285958,0.49871190104531005,-0.20337491334194835,0.9090781848244691,-0.4982793368055306,1.0993466237339864,-0.4255175998204612,-0.21535290849069078,0.8837069890042568,0.2951452727171894,-0.050206972991430066,0.9643692632475693,-0.0638246194765496,-0.1775224697906509,0.7209976520991321,0.6640954648616815,0.019077211079989997,-0.27096956494000385,2.6324130170310736,-0.5893664950675472,2.7926290254915553,2.363175659309932,1.9927662984258805,-0.6349370904535659,0.5886297223776722,3.8418120091443457,2.845516396262218,-0.5890893202850735,0.47669715901127363,1.3313347043813835,1.3646554008168348,2.2016120194831976,0.2474967280531386,3.239091906819177,2.790796126206292,2.092430255528448,3.376284449329775,2.5697006789833043,2.2751877777357046,2.187171950361057,-0.5316479028187167,3.8121309058848762,-0.19285039248951624,-0.5532091203769784,-0.3452470598573001,-0.5523067510618549,0.28661796025719655,-0.6130572868699088,0.23880477652442822,0.5039436566581497,0.07267024271973965,-0.694808943209358,0.5898296246031887,-0.5595167975960481,-0.516509183478983,-0.6177046989955196,0.33269450180700977,0.03690941453906349,-0.19530430031970733,0.21921161023707547,0.11535138772042541,0.3850624784489951,-0.12994070429847598,0.5901081138060958,-0.23660091738124694,-0.19414672263674826,-0.5910541551916417,-0.27599319857731447,0.08259736353227148,0.19718220947870513,-0.42476903945377853
84,1.6579113925591613,3.0025919986112406,0.7651054762949918,4.558911383239703,2.7531563031102317,-1.3805744304508236,1.18638262275381,0.5171645579576101,2.401525013146639,0.050605044512582534,4.420536196453375,0.7655654725916762,0.7110702791729071,1.2177413390392426,0.7782584625652873,1.2153812484737614,0.7014376346778196,-0.5636717171129689,-0.4587384087974565,0.2309480771161158,0.23042598845245382,0.685834081241247,-0.761782143637909,-0.5976101658324722,1.470619515579504,0.16503625302592,-0.057776862303066376,1.9741387163880288,-0.7339045754515033,0.32468078043028725,0.4893794966977195,1.4971659395996881,-0.9818543707082603,-1.1536415519909022,0.8689177230955721,0.07502287290270937,-0.16524108355560982,-0.22078335352074507,0.2002421501074791,-0.060752961246310216,0.03803774017204052,0.30652925281864024,-0.019070383325546062,-0.06257527297684778,-0.22723839267540058,-0.1189397655290749,0.05774341220149504,0.014309575151222775,0.29342839046208624,0.08249854215901573,-0.047415471372760004,-0.490411590830649,0.14942316778989262,0.3101878021070092,0.17952189107798472,0.012790603094089324,0.5010836211713285,-0.12213561232004586,-0.3694989526738278,-0.4403751570740446,-0.6180753866664545,0.38080194570625747,-0.29628207116779837,0.7206247307245041,-0.2576852065265422,-0.5402586763250806,0.6738857154040935,-0.05182861689096978,-0.9978221974546796,0.6818567860642375,1.2071908574777839,1.7359335689189206,0.13761744310938434,1.330484693542901,1.1003773505647159,0.70689979565734,0.1853542911952245,0.5511975851299565,0.7874949298773375,1.3086245139524422,1.0317289148454816,1.553781049435554,0.8107923505792067,0.3827779176997255,0.18373818794630467,0.8792811698550655,1.4406168815578329,-0.0030274225917717446,0.23341367904196336,0.7575964458787795,0.38470193769519,0.723058133256099,0.9021797782135891,3.529558587231601,0.5042864097959898,3.8948170299203304,2.821526700037827,4.197477068040422,4.54405750077132,0.8232803853841665,0.6678237492097718,1.0021205218724518,2.3563962799267637,3.414080791164862,4.571859695633678,2.139059501838384,3.2765571047990156,0.3038476488326113,4.263892547358948,1.6844533186096549,3.1096083950724207,4.263985964161338,0.6344090380386957,1.9139626938142291,1.9736288049897777,2.6224621013788267,2.0345601551494017,0.46369977869066337,0.4111538789931062,0.059926385602816726,0.18488192184350088,1.0225766335092452,0.28358969081553653,1.1780779872468088,1.1322921960968426,-0.018629142306186508,1.0749665962134143,1.0504248083958927,0.77078661579804,0.6154579954416113,0.09343300237826177,1.0796224717131135,1.0453867947779796,0.23049354849196285,0.280164981050634,1.064394224702459,1.0312282455291881,1.072120543834958,0.6786749334335712,1.2065580380209115,0.7694936739493566,0.14021956367834432,1.0658484523953018,0.3413003330815303,0.578227061470042
85,2.319322460946589,2.217606451217964,1.6587412966585933,2.020898273231134,2.4434669771447597,-1.1419470692851938,2.9047481181664923,2.4128007581975037,1.6132136665691128,3.1183495624115096,4.021061013596041,1.6517982519465497,0.7762810963477249,2.04852128900038,1.4464679967749912,1.293900637893269,0.249476474486181,0.6583755789272473,0.11461634322003489,0.876055583826606,1.0033089312698755,1.6470799590150775,-0.608198696579886,-0.3562049406281549,2.150352610449242,0.4185429797842818,0.46719327187806803,2.0909484949154717,-0.704518878529481,0.6297471418165055,0.6617209637754379,1.7754067437530985,-0.31745264688161545,-0.43805662582861127,1.4656229934357112,0.6451304755180853,0.4061638273241346,0.4558196034935673,0.853383065433275,0.5192690587612078,0.8161198457161476,0.9492315989119524,0.786067111329779,0.5705900531813392,0.45274770344006604,0.5977666110558555,0.6734887499086437,0.6844569428427257,0.8346221022410725,0.6927272380588283,0.6370731659566256,0.11124851006889117,0.5468009180287037,0.8789449653104632,0.626896663405519,0.5378218881073159,0.9570984910425394,0.4022717191938709,0.12299077027865869,0.12495185170375148,-0.04473753322686316,0.9009807505022547,0.11362766637719235,1.2138921779611553,0.2504825421598938,0.011379625567205578,1.263518970088104,0.4610706634048522,-0.4758588919537656,1.205172459512608,0.658127922789888,1.0258968500955477,1.5466676468020162,1.6204572900055876,1.1146445283680921,1.8917685888206774,1.4718237609206555,2.39747149951924,1.2109178462653694,2.1052530374828753,0.6850901764826024,1.8865756267137521,0.8280220769133538,0.8846066545176761,1.0388248760134584,2.1260724011470202,0.6407958110495426,1.5670638842435016,1.8838417218035122,0.7996935308157466,1.7707093480314504,1.6963368330322368,5.094653070321224,4.805640262777651,3.86110719008367,1.2281619972226756,1.1318379221441135,1.4400121722564254,3.4831775995571332,4.103750996412084,4.902859004923958,0.9629272800357366,0.7628895429457634,0.596485458566315,4.763583232456174,2.9912443717227575,1.2557995929604084,5.310347112965913,1.3470907249729909,1.5884291367804568,2.499145820785726,2.493080713946928,1.8275853060428353,5.009960020293866,2.005444942832037,4.284836334421467,1.0752474505301475,1.297456612165489,0.7847056814146535,0.5886783915341056,0.4979547808131698,1.1729077113990556,1.2800194361256976,0.7857952601065525,1.7339096552946796,0.8671907558239049,1.1907484636310552,1.3500048970311709,1.0108655352221498,0.9199901536448724,1.4263819507891289,0.9447770076549727,0.9857333439656123,1.4086859590822196,0.6694312289070731,0.842134659286423,1.5540910406043995,1.1646319787317885,1.3279271606469618,1.1899869128586076,1.0340201945695235,0.5442693336091823,1.8490729164296047,1.1820276729996013,1.5569272604070097
86,2.286125978511703,1.021109546225386,1.8017139356291243,2.563651489152664,3.225597481425795,-0.680623480837476,2.0105022313479863,1.4137957503620897,2.5225321934752554,1.7627333457205299,5.93091057075338,4.3216813040301165,1.9280402640160375,2.656061146524717,1.1720656318427842,1.5039225101507012,1.6717912299968942,0.8969176049296858,0.6409999050401113,1.7512928071344194,1.8261877357045702,2.267959447761536,-0.2150013869949512,0.14279867726331621,2.377573934890622,0.5755759102405635,0.6155027881491858,2.4810926148065655,-0.42248255467738144,0.9865700573519499,1.3604494757503933,2.0646997879538955,0.04094885588830033,0.153219301664964,1.501918205211229,1.2718583912267445,1.1261172367283432,0.9736814477875098,1.5495545944973232,1.3116064816256658,1.2070246041954054,1.5047903085728904,1.212019980461893,1.3097650178447506,0.9822364190236437,1.1330347254985356,1.2576300923749812,1.1734829568038216,1.391982091284093,1.3064428941053214,1.218518071195021,0.7004769955037103,1.0539664597669642,1.42042045739331,1.1901918994665894,0.9872787807972276,1.4541712117262016,0.8612111453790362,0.660722866389334,0.7264941016856904,0.47996118461686327,1.4281446918110465,0.6926580509065012,1.7635688051088036,0.7318309717367114,0.44155678293097333,1.7287677249696725,1.1427362511653192,0.06093296279870057,1.7521653929450873,1.0488593770934576,1.4921939712631527,1.6080722387746855,2.015311153980086,2.2584999505743277,2.70942923716117,2.599118707792766,1.614400116061496,2.823040760202704,2.790472883140276,2.0429797487144663,2.0017362227887494,1.7683143246645743,2.2495872384411104,1.440046510548359,1.7526362972346503,1.4099735967136915,1.1371309210425657,2.235752436901439,1.0716462991434874,2.1838014202446745,2.0791590146537935,2.482030049477701,1.2847519340596216,4.436024081920071,5.859730612123924,1.1032048776360546,2.2362754683274244,5.475473938093674,3.1406135241554525,3.7382654068386096,1.8425890265904057,5.3867588648805045,5.858229576388103,3.336611504185882,1.8117771268126415,5.064705583458929,4.049314385349263,4.845329427055082,4.807506824081216,2.7437826138543375,4.8774269636086505,5.303783100509105,1.6806360944737895,5.3362613176220375,2.502153279627702,4.893112629214153,1.2704292487539097,1.3985480047505097,1.7523574302192602,1.2436722582885502,1.3544304289336992,2.327350058758491,1.3597245354433032,2.1711310435089346,1.4727207596752176,1.8545310910547237,2.239617206704394,1.5854800081536515,1.749158855965773,1.6649475907124471,2.4086149611704393,1.6793886482611056,1.9360927023883443,1.2699315613127782,1.565767871766889,2.036499299927811,2.441316399821447,2.065891102156891,1.9817855007083922,2.1531253169694384,1.206825605845056,2.0935235504488774,2.1938510606325528,2.120719963002862
87,2.6002902509125927,4.390897951674265,3.88872573973982,2.725571611425031,2.1801789798596207,1.3057778700787164,4.259759478351706,3.457754758811622,3.662855982644282,3.085431152131532,4.615180474197591,2.3870086509809436,2.3551503149375157,2.798431835074478,2.5620278138990162,2.3624982169853723,2.0824490988727726,2.065478169870027,1.5197935878097746,2.717295026436927,1.9940236469151655,2.44428608615696,0.02993471375758408,0.37434911334674725,2.73814991788986,0.9942362427529601,0.7367435745328769,2.829518617793031,-0.07448068731727482,1.4271575111629065,1.5932514972585428,2.0511431247651344,0.44265137615801825,0.49843843794353015,1.685126490577946,2.0141216495066137,1.5418069590293833,1.7114365540288006,2.106837488238369,1.7466716326057214,1.8998675526963693,2.0379972763676264,1.7285411044400083,1.8947811470030962,1.7236074047034815,1.8495126839670095,1.7184724799658007,1.8232212362284677,1.9795810498719961,2.1450537075394616,1.7189362571470768,1.235339632642275,1.4333788463852632,1.9598792091225208,1.7756835248150329,1.4320631687288556,2.0154970438119886,1.2467666955580698,1.1659689396500703,1.368371673286373,0.9214792080051644,1.9596011300378744,1.2061593426627526,2.1485812663152917,1.3292495617017233,0.9370023681146316,2.248855428786483,1.651331508955732,0.570283688891223,2.168210322419378,2.676985556100975,3.066252880990009,3.032110420469691,3.7189314894066356,2.9133173912244694,3.756226368472271,2.825086416224615,2.8594075948937774,2.0420818624208734,3.4351144524012502,2.9993436266881095,3.1147706663441994,2.2171976249303924,3.3888913561336165,2.944495297030956,2.1694656387557005,3.045413533539303,2.5653315983542884,3.7403380556671766,2.0902857940721082,2.6251587767074094,2.989807646009458,2.7964743039614497,3.6350229164999335,5.591285405469645,5.154352872539966,5.521674646109396,3.040382162249214,3.524194277197976,5.540831085927946,2.681843381489505,1.776155636001771,5.357513149361,6.022026002877361,1.9171454529919036,6.521129716865935,1.8715185529691647,3.8271508277512085,2.908724251180513,3.5881477633572,4.945995140088082,5.495706602696272,4.079805638533698,5.01084405631816,4.645407859297057,5.279287644352467,5.208255349219692,2.4918556755925345,2.271083973219883,2.249975376661233,2.0511443818652877,2.480131685309117,2.953550520969352,2.723114911288498,2.775478337496403,2.6001886290014835,2.2703421710984046,1.9358932584997033,2.7463445194287637,1.5653374460515683,2.4587000393527423,2.436426137707198,2.828212325057086,2.489099738532698,2.5857057113808053,2.559206780369668,2.477108093336738,2.1501084660239314,2.0887740094603675,2.130748337244818,2.638107875922093,2.3208521016097605,2.4923933862282133,1.9364588169678485,2.6518054732047576
88,2.8798019132396484,2.30915320262491,6.86302941082508,3.152460727436101,4.600033528308609,1.328540492659043,4.29957404720721,3.7879912750134213,3.193489526703235,3.3947976244767744,4.197969844239281,3.9711773401785497,2.5431469287384045,2.7622765806003207,2.7171460092191073,2.7778891122886242,2.507417257124281,2.582318210061135,1.9975087294747131,2.6164015061507992,2.8009806458884623,2.9158867632720744,0.322375013384701,0.7608918541139305,3.0727619118860825,1.1202535046996778,0.9091659954826274,2.9599803334250105,0.33395973778701304,1.8185496913082901,2.111843225858003,2.554148416388806,0.7978730403651273,0.97144424524859,2.2367593020550935,2.3867636274225528,2.1316693407268117,2.258603723920537,2.603174529664698,2.4533608025291405,2.557424805968629,2.7411785125246237,2.3987788657871896,2.497531970035158,2.285401183135205,2.3455249637120685,2.4264384486933452,2.3795075984448832,2.433718756005169,2.5371387375255186,2.426218077147073,1.7775455869697376,1.9258652226996351,2.4325222449138746,2.3358577116815344,1.8976852295437872,2.48725135558896,1.654276756730969,1.56538024586936,1.8834797513640555,1.4569655793862972,2.459068893750156,1.5928304548972825,2.693136760938752,1.8415494679257047,1.393463811808981,2.7992831476812547,2.259210870471499,1.1357302111505119,2.627978289920915,3.4826430530976165,3.299235290924921,2.939554504647922,4.400468342098829,3.163621462929525,3.9928235066240183,4.177833146038957,3.840003879469908,4.1519478537112775,4.073969981663636,3.8914912902402863,3.0827446285921636,2.7928081590657605,2.506001020202381,3.5004969252244686,4.204268143102599,3.194741311860684,3.158726179079421,2.7528458994651284,2.5491243170075104,4.437077110940512,3.3257731530461294,5.296089696260779,7.109641040120906,5.244105610990017,7.101664560297166,6.9078996976027,6.573538912454273,6.971551482189879,3.82776351021009,5.543038891737874,2.360290977117699,7.139933022465408,5.297427075371652,3.7817821883455744,4.032572229967483,5.785555878271044,3.6085163574945147,3.4957202787487542,3.7841619048650763,4.107671967858728,4.127808090195723,5.386555165602039,4.222301250949672,3.45168671819298,3.084829565836878,2.5119865658837033,2.6351942378896025,3.0600285916601933,3.189514989040498,2.789015331744033,3.3974101236857397,3.238281680651909,3.1800868236815116,2.7351020435286055,2.4850578166708543,3.438944255353208,2.5022290345831135,2.9533535937998403,2.968061816201601,3.2308289954779994,2.7117960930825915,3.688024095100055,2.5388114413036855,2.565775517383045,2.931637096309616,2.930242214085158,2.8073849898136967,2.9834305532862992,3.667633782014361,2.2732683308077246,2.270350508212369,2.9736589093150405,3.319785705117862,3.2968816052099204
89,3.326437390779476,3.604975967857551,7.2185810648293876,5.090154850283346,3.6474492852811773,2.4566703315327985,3.363930824600599,3.028327325213973,3.359159302739363,3.1116373667599273,6.623757737978687,3.56868979155211,3.591368504180374,4.053495496060778,2.9915966110501144,3.078840295894191,2.191372217662697,2.3359405039212504,2.094564736802197,3.432390562683841,3.03897947694574,3.378152338188498,0.45535220390406994,1.3666974837615806,3.628908176099538,1.4924063863504573,0.8896041555400742,3.3229492665400104,0.5653214071586686,2.2389184355215623,2.4916549714968674,2.575429624178651,1.2421229681017032,1.4478085722016585,2.3695230387471233,3.1282248449239862,2.714204075398274,2.7579987939465873,3.137783925400621,2.8626898325145254,3.084178111797886,3.2870709082744085,2.808604854668823,3.067013472936231,2.6699002651536925,2.9926464761644738,3.0096350582636187,3.108548757694734,3.0633303591730643,3.1752816882339157,2.9192685693681315,2.3471109420238547,2.37479193167111,2.957453415696655,2.839325680401031,2.3796642790371063,2.936473076401482,2.149354946973612,2.0934171024901613,2.442924596362327,1.8592101708672142,2.835728674451784,2.107734754681709,3.096522842314914,2.3273163065311775,1.9388846474388866,3.3191821434334643,2.8010991529759504,1.6794192910627495,3.0721518677751347,4.081500048915425,4.34157447653194,4.1618233331621015,3.2857131890953544,3.9794511999674946,3.6646319188737566,3.2921231908339808,3.085521987615998,4.668898625220244,3.379986604498138,4.2182117578754275,3.210520153125717,4.038847177361296,3.9913342693852756,4.837838403143984,3.462305154995697,2.951720168798931,3.179428883427309,3.1181348262982014,3.2106493362684345,4.726230556474203,4.016191820727894,3.1976307361568446,3.5575972055305813,3.2864272715912137,3.152457514800779,7.121263730562331,7.138364521873933,4.056242026572693,5.669218333306181,3.4301962884342787,6.26154598259318,3.3711778530808383,4.679693152320973,5.000690813713699,3.8389976638173673,4.3568685396437825,4.761032905170737,3.289148200627121,5.373546469559679,4.893409892814395,5.971709606761872,5.804493485473527,6.0608100779981235,6.819827485541998,3.340272835549944,5.4646848836964415,3.536447714887156,4.043518574426978,3.543407559412708,2.99219353425444,3.2651798411028072,3.143408513913647,4.07167273046042,3.4027488144612206,3.67674121843052,3.220162077849334,3.8809885785300406,3.4982988158615953,3.209030592531443,3.038198167340718,3.2076778860406936,4.12178204610658,3.6845047458609668,3.169047862539276,3.3203381071280824,3.3471777653857733,4.0629679349417085,3.6327057401967626,3.9023422541563004,3.092954856516776,2.9742824627964186,3.7732514086512734,3.5930723173550825,3.1950776069589666
90,3.468545175486086,5.572035169277797,5.56643538776847,6.509011595607782,7.527345224929953,2.919113604788164,5.750649829962304,6.171063357290883,5.021640936434135,4.9305401674753835,4.598834142062162,5.234098022716732,3.677411462871945,3.6844904348935295,3.4896767637033856,3.5791332037453834,2.730580993550457,3.063414740399342,2.4939608235858017,4.454313015796461,3.9501057266577506,4.029760642599756,0.8920328737096945,1.6184820147161818,3.909119018621952,1.6777517056109308,1.1893051234673946,3.4248570040803923,0.6453743968004099,2.429077179883155,2.6575551037863527,2.7673076226340614,1.739193407656335,1.9759962382415814,2.571438434028558,3.464499574955717,3.3488395317633235,3.367726656944666,3.772164903080198,3.562129897931103,3.6958996415343672,3.743617149679286,3.345644439331404,3.6875530272841024,3.2909582889336684,3.5951164382615,3.4271158885257296,3.5180345416806045,3.5906080811022068,3.7339031060737775,3.372266618478801,2.7750116109256218,2.7017220829182733,3.405016355599713,3.229063501957064,2.7144110632643623,3.4198422344014867,2.503250560298237,2.5929349587460457,2.920500487565886,2.3691766811407553,3.314042379207974,2.531260903348628,3.4424230591337643,2.8275916406673836,2.3662710270956837,3.7299282155598825,3.296265753294015,2.1759078725532928,3.39312623763269,4.638050056730212,4.787831417402799,4.609527639020792,4.189979222298355,4.0519300904044275,5.468365781519221,3.749383794585388,4.5393916546902116,4.290189680724696,4.265852565290819,4.8360916486476615,4.308347288192235,3.742514598590795,4.172509666890651,4.629487415142204,5.180695008100426,3.3779613202344025,4.870454737296416,4.976244685531902,4.538353735115877,4.071905576644954,5.322091848826108,7.073421869413238,6.971761860314589,4.817704755813468,7.663651930871978,5.922382509619765,5.288774664050371,4.190975629981981,5.30790302936795,4.754906437184761,7.438381988939552,5.129103641320944,7.662631772861429,6.063080087908485,6.886921387952791,4.825619542084789,8.153682830882317,4.5981881563548095,7.302983769685039,4.811638927102808,4.266547113434658,7.103087242568998,6.34649150725529,5.784752293185548,4.496555990376056,6.857768668679542,3.640252660598653,4.194279099254574,4.141434297455105,3.3537552239429367,4.047752435281952,4.373223482722264,3.7781510963416687,4.797727163512844,3.4333143916655975,4.33008599880389,4.024894390763603,4.418488979391288,3.2922803153987927,3.3765542469281367,4.31026959209762,4.178508707613112,4.486455842287493,4.271663980753893,3.6521031785186833,4.518245829216951,4.700896436983012,3.373985492334627,4.014240041704101,3.933443674882018,4.197214418486513,4.634512233532023,4.152407461011136,4.529365685055257
91,3.8481378844270657,4.5975549923123085,5.820406753375143,7.0566968712905584,5.923622564776156,3.34794665365375,4.25810583745191,6.048302097332666,4.030126863226989,2.849462258131642,5.566795111969872,5.982436230650986,4.3628024537837815,4.381229591815573,4.396939690375422,4.387922083676587,3.582732481839408,4.027374287490139,3.4638063593897037,4.437765460792284,4.398650624492559,4.624095126880491,1.1328613377498846,1.806685567166959,4.114993691791726,2.1876685238465603,1.5238464954345563,3.7049366231731398,1.0860186863535726,2.930636591285492,3.2812605822085747,2.8517779528399134,2.4084045297370307,2.6731798443381845,2.76462637288437,4.008614125412051,3.939424626158849,3.820677339304134,4.308891226586839,4.017104032585989,4.09009559234738,4.3401977382090875,3.8936761763141963,4.191373633882893,3.8359195282126937,4.074380411423733,3.899943718921535,4.009690572886132,4.165413721848522,4.406048660361737,3.9349270670670404,3.2755350156982455,3.0802904814777468,3.872496131076528,3.7043378380034713,3.2040800235076805,3.7922803751297156,2.954529890110868,3.0408348147369946,3.5004294245534395,2.8272230983832767,3.696586140914822,2.9472822995508414,3.846767771622559,3.2029319959134015,2.825556321886773,4.232126398391395,3.805391289729165,2.6637916956782366,3.821718032198087,3.9237831811235004,4.601940203157966,5.411176653244946,4.3409152039498204,5.141754700306314,4.35351979150319,5.519400272072183,5.245063514801911,4.108820428155109,5.562360137043228,5.364484453734841,5.12283985181261,4.518767041484733,4.595368647632186,5.884946966825462,4.172580019045561,5.318367096983119,4.2108429035295405,5.417701373800506,4.060414650987407,4.994517357919963,4.470237304108766,8.449294028948863,7.986927721333766,7.507170491313666,8.610338603170682,5.782289014570237,8.340157274736644,5.123687500326566,4.849606126533833,5.959299782106557,5.736517481204662,6.4167293365833675,4.874636446279692,6.2104091983784055,5.645446196849636,6.497852943563302,6.347999559076899,6.066578656485602,7.84997672661498,4.195960516730728,7.985843617536261,8.358231391880716,7.997660610403887,6.916250388035892,5.776888816465997,4.210539476648464,4.179605681308838,4.397600059123591,4.799815547103701,4.545360095470654,4.426371062035624,4.344361558313036,4.594317571586974,5.02954379715053,4.449148947434393,4.504724258194707,4.76411032530689,4.173871414309396,4.58521937891122,4.001715504909419,4.635440966700847,5.111329034131272,4.911249728902207,5.002546325825513,5.06263484354893,4.18815490864815,5.008350663190134,4.542053005508474,4.913587949529555,4.053951662768152,4.207739622110853,4.878546352163367,4.257657528808865,4.791575942393882
92,4.096845627420997,6.876730741392832,8.117286251043748,7.27270079091875,6.088606311411998,1.564671682619447,4.788341828705709,4.421375848149782,3.9947757964449884,4.982797116230603,4.968004556291163,4.341205555284823,5.208007704530166,4.728713298278237,4.905143416288926,4.852388650866261,3.85063305339181,4.665956432271862,4.172383491947368,4.682619527666327,4.615512444273935,4.885535195237265,1.3119911080726794,2.463044164029459,4.235390639141389,2.1589963274880786,1.4329116882976602,3.8169974873590315,1.23048142444105,3.3386943450170934,3.455147866694847,3.045544983114582,2.600879759833184,3.1564695731845767,2.833446162411675,4.558503896080998,4.242436782077715,4.380018370303102,4.729409462974267,4.505389369067765,4.468255541248967,4.841527944748442,4.350634475818906,4.662803620592916,4.340370790249403,4.566913052409998,4.307178220521556,4.440646845392985,4.594884384262219,4.868532584580349,4.518643184145962,3.712153647718918,3.4532297735506554,4.263185548836359,4.135985380884096,3.5536717999234835,4.169120799770179,3.296543799030025,3.4006627747051823,3.922830663499464,3.2614885747906204,4.09981858697667,3.3750597860313056,4.208309167264632,3.7319635820212027,3.1998352403222867,4.568880416052352,4.302797650958902,3.1547002809435556,4.203855435365516,5.103290793283832,5.14657258773388,5.63928842697154,5.328009744567655,4.81559309920114,6.327453058464423,6.242329866885566,5.433557825518322,6.152682477694572,5.262483090117129,5.479947790193485,4.9704893347739985,5.91216445755195,5.25267298035715,5.27884764513247,5.818607299392804,5.354578400645413,5.242798338591799,6.399014199359707,5.140225381581302,5.790339434495506,5.9484240052024395,4.485832239926496,6.25051645064006,6.326290378760362,9.115470193683148,8.03660134211916,7.3868787043260955,5.154324261633653,6.736311027144722,7.958845851726306,4.43012194244812,5.43898763060102,5.463333777044572,5.201920174237366,8.477198731694221,6.629282711370423,6.243981903639591,5.365885881880579,8.989832997949122,5.857495146143089,9.08266032448123,5.692278285878923,5.508041315547375,4.673784066107781,7.785907942472322,5.2252190505602805,4.7942052077369235,4.998885751908221,4.566597598003561,5.361510868618089,4.389040636393264,5.633503407299248,5.684815503840049,5.422484187253943,5.084582619553906,5.694306184134395,5.287885599455549,4.964055101347067,4.961522258154744,5.292940405919637,4.809369286340332,4.7807899904472455,4.936118080167748,5.156981827157191,5.625215009226645,5.110309136515776,5.075699923118104,4.960636167576567,5.5490776499324355,4.460572125685082,5.347582916979032,4.636192209322959,4.798833671466328,5.169585803351414
93,4.12704829851253,5.108800174664346,5.745264627945682,8.712164376093884,6.125098391168426,2.129658190376507,6.9773878429112735,5.053852337429643,4.156194097438493,4.048046815101135,7.627416036463355,4.392649857568059,5.966758403284207,5.4762233880849385,4.744616568986652,5.361378682218875,4.624407162488711,4.887017149990033,4.6212346385724805,5.695586118597828,4.976307084919854,5.119384423103801,1.3491728419986417,2.4771870691201685,4.416937276760367,2.5433013747297086,1.6323283777595947,4.162343561214525,1.6853682526460854,3.3989876646440935,3.6146318203232983,3.025068100547749,3.0728394537279797,3.436652663411667,3.0156001293212227,4.885308522948275,4.726734658747302,4.79530395083371,5.127354061589884,4.928223230375717,4.90275716155239,5.137041243661699,4.778385288623086,4.976343164757775,4.853052092439173,5.049447595815273,4.719192054737596,5.018596375244627,5.051995043410974,5.3232876701344285,4.96069871987399,4.143189467932819,3.859645489098532,4.666785894511765,4.5013195637141985,3.8494934308726863,4.55185175613018,3.6101491181700593,3.828499133674963,4.392945338482429,3.6834829262493236,4.419524163927124,3.8421687656320715,4.464811742485641,4.032771528520922,3.5963849898543856,4.92848555634993,4.665153168773142,3.6046960817138336,4.4234363320871175,5.545107742446136,4.665649978420381,5.843318585209209,5.680758450963299,6.656782754988626,5.675667859020064,4.902739222121413,6.447379363136358,6.474252313737847,6.6051638834456075,6.58504324157976,5.183208664806973,5.145912792297673,6.2958559379871115,6.139967422613684,6.514840806606681,6.108057148044752,4.981322643127703,5.391808037357696,6.325097895797745,6.378661431209262,5.218083431470932,5.617879008933317,7.494011941368983,8.699694791246783,7.749932383387564,7.804358446300004,9.306019285340355,9.652660123902878,5.489910252134916,9.299282687093113,6.216787125046925,7.1927000100726595,7.0699577374985845,7.671177085837716,7.5864805940250495,8.75192005547004,6.288155136946228,5.81058546341106,6.0232461427026704,9.591617133191875,7.044016831919748,9.406686969478766,9.054606250554535,7.736847914481921,6.369265866692432,9.004440527385256,5.10721847793684,5.892486591395988,5.8573811948712216,5.941069175316697,5.890493472346831,5.684798650010974,5.390846598032308,5.934641680282592,5.510219644680168,5.5480190605844015,5.933992743879914,5.421880814526334,4.819611897034233,5.087355919397282,5.140380945924553,5.267007557979072,5.275104398336546,5.062998221846823,5.513948827692074,5.857816085130851,5.200191169862335,5.339674087666069,5.627271972155317,5.774025723607631,4.747557026528528,5.467670246298877,5.34029197331574,5.6298080479964305
94,4.442993275829097,6.558285982972927,7.687237722344587,9.238465630140116,9.080217242309873,3.9125174974185604,6.694830761203114,7.320445535474011,5.757591437691827,5.515850613128106,5.362799130510505,4.54911055642123,6.215849903606559,5.2461838169810076,5.011106198736998,4.809525473226851,4.535862487817189,5.307192060517611,4.833194211142218,6.016310446937948,6.1763233815992,5.720580337595504,1.653720202715962,2.917868552407173,4.566452835708523,2.6620114498106906,1.8229372417992682,4.013748420259148,1.8672049931658603,3.6201716056218385,4.0450002971279515,3.0912822479397715,3.4928150838293166,3.8689941373984063,3.1845120885268248,5.38444249088299,5.269925516402522,5.27547278161702,5.5784076022669975,5.3441294930646706,5.277045038498957,5.645200879693175,5.286973532352671,5.418697406280285,5.264222627465032,5.314351893491307,5.14507945787798,5.470693340690523,5.40665634945107,5.674888931254067,5.466835296702442,4.594744860840015,4.070555666562588,4.970517500565809,4.885813177242404,4.240311342496582,4.9052862328276525,3.8694791098669756,4.243387311505941,4.758215517527351,3.9744160061812,4.736552271467236,4.170958116088514,4.748732169517346,4.4943470218482275,3.9878664404471795,5.305394940282923,5.081080225113815,4.060299015000258,4.705823150873368,6.916859215868601,5.215243830737355,6.59272671901933,6.34576914973585,6.374468681569444,6.880205409250818,6.855668144064585,7.292255939623923,5.162525748646079,6.891404145142675,6.799863381086199,6.372557982479898,6.383104577275222,7.108324060683015,7.268369211712011,5.407534440257088,6.062657113017745,6.960658402962633,6.608437171255214,5.7680807701742784,7.216873767709179,7.093301977149185,8.563347568090279,9.659312901508454,5.275680120441441,9.541671426380642,7.241968095404806,6.049475709913921,9.974431810859773,9.019193083294201,8.109277335524144,5.493845476693144,6.237844025653172,10.08119613362359,9.765919719633283,7.877231736549068,7.963263354778432,7.833913710023399,6.9442497129087,6.672046857808531,6.133262949228943,8.035068127992837,7.653763884130194,8.706692255307665,8.613231070968357,8.170540735779799,6.912096174192513,6.363471017734511,6.278600502105034,5.99878888139593,6.229833683853635,5.817501966298291,5.5464885382790765,6.157487693595769,6.554982074567851,5.641860097747384,6.377277420111227,6.1589408340234755,5.6440132381719925,5.429542063751166,5.679762873531564,6.125271014995898,6.08999695808029,6.463339944812733,6.296478427936598,5.979861801625654,6.3011876222620185,5.576607131261337,5.568998550144803,5.80608032981695,5.259708382531306,5.657876308878225,5.387872330393873,6.036869491236329,6.106936006044393
95,4.266610844522711,5.833754627602167,9.304171287765298,5.401851041059541,7.388816998912434,2.9367120354701344,7.882762750837269,7.0526871995139775,6.904425777354682,5.471822527725868,6.839149519472262,7.0722521166568235,6.083865366331507,5.620067004635568,5.583190208867561,5.755871025201471,4.8480215589362805,5.538492066496024,5.034654027569743,5.774681613896936,6.207203304855809,5.375334277078929,2.0044287028607894,3.155234374229746,5.013067149665154,2.794005426850578,1.8462337415549759,4.241785840735906,1.9630066792931897,3.9811046976523254,4.33009283380429,3.2183410544383477,3.7562999731750084,4.418120009151987,3.294861462053939,5.619609771603696,5.519483203435711,5.643611200994082,5.905202670276785,5.674364026826136,5.8457411439286675,5.936011009932857,5.410877183228829,5.964455479547784,5.603961111590469,5.729058453690603,5.410795131839193,5.82690701726654,5.622260372129651,5.998003393313426,5.7376786642986515,4.951578993793757,4.404723274465123,5.276711834062963,5.205926917945517,4.539397296707248,5.167985695565091,4.150431074022451,4.5177016079847725,5.186493777419275,4.397206679542042,4.970598133571358,4.491599910875022,4.991994460351922,4.778212787289876,4.240749829706285,5.593056671951615,5.450153646731331,4.489645437564439,4.958757304470469,7.015687365043465,7.01437370902044,7.139259525917963,6.524116103235571,6.873405620002364,6.876871893974328,5.7307815735404715,7.14416616533301,6.731507362725106,6.84807197736345,7.428572817770373,7.610261368873704,7.233123714893403,7.370381652528321,6.607520545725139,6.935286629672796,6.871780068020385,7.180049602097428,7.684626042780321,5.489610184724484,7.08455246436418,6.965889403580668,7.357770522180429,7.882166205306374,9.894187377668477,9.68510247485235,9.636491951075984,8.383042245204932,9.980553002158409,5.78904467025713,9.591252209393156,8.396486638775867,8.363738992766343,7.109201133331995,7.346009133089192,9.549554375693715,10.320386023249256,9.007183893680638,8.633372557765043,5.830397513251489,6.392477834675501,6.706900489174867,6.631267671212645,5.728105674952944,7.131092199638069,9.57687969969377,8.400343778286354,6.594216486873692,5.905811041989887,6.730169407993301,6.180653774310588,5.859621134915693,6.701170365785124,6.627420827719311,6.323713935011504,6.050778373264141,6.03783111812665,6.7852759598499786,6.55662717909139,6.189866325907254,6.091962814152226,6.688827065012171,5.918997078013118,5.9138447248935995,6.075735673211506,6.292204227663749,5.968040028720076,6.040262065315355,5.531995782327436,5.932493125051274,6.193135748618638,6.07951825921227,6.253548266187688,5.740599346005433,6.468609153996495
96,4.224063098551172,8.847530454115006,10.049963931938777,5.708906840831842,8.261788795855947,3.238639219306549,6.4784068471265925,6.1579694488394106,6.9463476436781715,4.725582091767717,5.455884923999389,5.338538129055022,6.484883032350407,5.8415101542413765,5.6253042694475415,5.357647643717163,5.52135058132224,5.8905898633625196,5.101554330276882,6.4270189898517724,6.2004498527191565,5.995276563643185,2.2351819992327613,3.3577214006171303,4.906360140567073,3.119253929877303,2.1731676230945935,4.251305116659783,2.1657831972395867,4.353958406950165,4.478324964351692,3.4521892152506464,4.232996438354253,4.54788607101026,3.3743942285861124,5.8918315140209945,5.910566206272308,5.790626195558414,6.0468007801433155,6.149264402068292,6.103886773917891,6.327977872698261,5.784382222853998,6.114989699130948,5.83584580868175,5.947414685867621,5.812717474000837,6.076293012895595,5.9522655144027725,6.261119851244616,5.993267195061404,5.306887104488923,4.602937843456061,5.474188665569928,5.470509560423033,4.730207245278878,5.328632665111384,4.4525301291357025,4.8850019882201705,5.505613977938888,4.672255765499271,5.306161916114384,4.765017759111484,5.192464617693356,5.09670796175681,4.590385556910165,5.7917558145024355,5.824254432339983,4.755981739385924,5.21051603628563,6.079197543916387,5.691753674069992,6.430065117232434,7.37618053128517,7.339728240699607,7.711338553134072,6.440703156405695,7.540049784557646,7.594267659192663,6.554851790814609,6.884374301861751,6.958300692138431,6.918839261394183,6.066945439646045,6.549753125360038,7.228326868495338,7.511771080349083,6.023102133918232,6.467519403763167,6.604142017870378,7.346377445997099,6.120532029195471,6.785782185717254,7.487472117269817,9.853626266845609,9.762717672470346,7.215844985849485,8.489393513622458,8.173104203969004,7.695124647607184,10.40051615513229,7.082762554577765,8.849691800046466,9.852166582986243,6.533123365649747,9.335731410197415,7.0771574423886525,9.978735414178798,7.288171062311884,6.1454681915940155,9.321719910509604,6.681191980517895,6.777601013859232,9.21284116775604,6.8969740667223265,8.22417510778502,7.428886729731474,6.236473790536991,6.051849900920847,6.508111922952272,6.199058996071785,5.8173968135501415,6.999441437999229,6.786945628455569,6.929264940789,5.922324981991906,6.654619628170442,6.012147347462225,6.299258864477579,6.211850129724782,6.354243240626155,7.065304887115098,6.495330038366573,6.418560807885172,6.423108708775091,6.471330443514593,6.2600878891357725,6.977752115297095,5.89233109431579,6.565565446288778,6.5356727268097705,6.763140956655472,6.224646197724919,6.516454333622928,6.073920457866363
97,4.2514229305222155,6.939985957005452,7.8389310913336985,8.750288657045438,7.951320371870834,5.360169002841442,6.123209237664959,8.368518723718921,5.010252513075134,6.136678064354381,6.642596370142796,5.298662918316026,6.706879910400051,6.2767122522359955,6.218482814925161,6.212150095645439,5.212803382027341,6.4025544909102425,5.412339206504981,7.124178145391676,6.318235315705415,6.131563431941156,2.2804839338192737,3.4724451933915086,4.838538403830077,3.042658095173706,1.9574864826180929,4.104084379014663,2.439878763977061,4.570177017300864,4.670834955976238,3.3854344950099398,4.353294419907557,5.064348551375605,3.2902610124218326,6.131965053426102,6.1273323226672405,6.231330359515181,6.285164767539521,6.314959904628864,6.194798497185717,6.462360651065855,6.155020395767837,6.535922579682267,6.249615206422013,6.223026111553013,6.050001281685165,6.379806035170516,6.277421315944092,6.552887911224379,6.404404605920736,5.586719170525383,4.792311759157622,5.735420801797592,5.735154553495837,4.947050655957497,5.590270430391668,4.67484690066637,5.044105660881605,5.689126865699674,4.899480711978264,5.4326824954901785,4.990275130546148,5.392120828923232,5.329834026334351,4.848816795321084,5.993346773244357,6.038248999184898,5.0692003274820925,5.31832301072967,6.831580207269499,6.395277675616689,7.972521466640195,7.525532384380935,6.883033027728903,7.290750320015245,7.390357575328801,6.871157520871654,7.8662685851532625,6.614161096291936,6.94129613822214,6.626196884410767,6.419759331147054,6.295564273917811,6.817604671068872,7.254101391196889,7.5425195421656905,6.402233637460008,6.90752371131605,7.2020565450480625,7.2305356489408235,8.18384131524272,10.725693311295014,7.596530581088237,10.034048165869635,10.504004969532547,10.099610946425905,6.645676799058153,9.177610348671507,9.162233639260966,10.054956127619747,8.656314227398136,9.026794731983648,10.770439435989175,6.8328094511346125,9.083175752460392,9.014611339111113,7.087549672811286,6.843895079419201,9.608804557583348,7.736463243521352,9.13583839614452,8.329329707222763,9.347637041616782,10.204637598228693,7.173437287445322,7.987189263496207,6.562894480844131,7.133874809205077,7.406073026856101,7.317989416387159,6.249325714752674,7.361156355259273,7.322652533422811,6.440536891902093,7.28709973528869,7.022805912809895,6.516959691269143,6.467434004252826,7.19092405520415,7.063511057105736,7.250053519394379,6.711322351932535,7.457247564938904,6.61428035047292,6.787460322015136,6.215510883843997,6.99092147802302,6.132807620033804,6.349316645585608,6.439032157248733,6.48322613694044,6.955341045479687,6.561694020939791,6.851090251867453
98,4.241592247853338,8.00713046242365,9.157454521276263,6.624351870144674,7.986735855106177,5.527775783907492,6.361261425593819,8.421119668098793,7.202418261144475,6.013008995058367,6.534441162787393,5.818800254483433,7.24272496167111,6.485387277795988,6.8447079036731076,6.529525769222713,5.387445703863033,6.375348711826173,5.981647136589059,7.0952414250116265,7.403959730299951,6.287579079595266,2.4107979640591064,3.944759488646742,4.901392717412145,3.2862633126595098,2.2332137180972205,4.168073977237807,2.6297182817784712,4.388142013185682,4.8320648743052494,3.5036538232160352,4.592589959445815,5.132468662026219,3.4661526950223367,6.485498206625372,6.303550467459216,6.4509846110584785,6.618038201344526,6.573556209148072,6.55641667484203,6.618879076371108,6.351470382769391,6.580505083719646,6.299401725710424,6.5454454772208654,6.228562013681067,6.4510338300251995,6.257134278710289,6.776834202915118,6.597256409884838,5.771932864470177,4.927272735839676,5.9433095593777026,5.8777085584110615,5.1420913997661994,5.690306190227216,4.858105843995584,5.308506200462304,5.923462642516566,5.115988389052157,5.627305049492692,5.187939353344938,5.450497658163607,5.514490079334493,5.027940294205053,6.106098841336416,6.253777526663354,5.379627514097424,5.496428264529652,6.884146353308989,7.388740311706205,7.364017603099942,7.050605775288303,7.388104113471593,7.75972443019298,7.9800558350248,7.120223559012745,7.3069879035754575,6.825294154062391,8.255637970932638,7.701324403598599,7.8937212194161965,6.94721096611218,7.514950175062795,8.188952186373967,7.756191243315159,7.276840224546615,7.623750267850023,8.026607299709703,8.12737468779677,7.905695379033163,7.049355027060826,7.381611022307639,7.5737015648242005,8.489423290622033,10.908811960726036,8.04673210002058,10.724405423087983,10.313372712162662,9.163820642621083,8.307878174920496,9.866074788078429,7.420619873111051,10.890429447926024,10.582858425092176,9.734071974875725,8.272776402488294,10.574654251980819,9.188994260231421,8.4365752699793,6.648580039410545,7.964420438346852,8.949521820940971,9.566620201026234,10.830802337433983,6.782693489071204,7.337452660873946,7.518829750978546,7.021086670671363,6.619125850208886,6.377333088026595,7.713927869678159,7.053658602018902,7.193619420951845,6.435306868105956,6.823774700059828,7.446576443871581,6.989959029202432,6.652847911795674,6.341269738315036,7.027211989754808,7.605225427666018,7.124103093039413,7.2035529215351755,7.207977320675951,6.556307020517887,6.939093871554972,6.373763992767263,6.718069957961913,6.936220842130911,7.358717541552631,6.588773290539525,7.0753442362058285,7.3380526617108845
99,4.337318276583925,8.46484386644764,7.400447200213483,8.312590601428173,8.034064530102011,4.864840873658188,8.059471103975389,7.398797865330943,6.210236658555754,5.97210725360836,6.512465326634906,6.785381210269494,7.676672687139512,5.682728961591194,6.237591060850461,5.924068073790809,5.628909335171809,6.073496824618859,6.300155161920134,6.630526502270539,7.0245472854481,6.2790533960263994,2.5415357997184542,3.8393700683987606,5.1509698219048605,3.341132014008056,2.334725671423528,4.14257430115678,2.691280831121589,4.735627241448313,4.660685534447048,3.3588697235815412,4.93338709169632,5.591663106687904,3.340937623811854,6.478669209066016,6.488472486245393,6.564717031364861,6.783796007947886,6.79512263606548,6.775188763291663,6.684262081734488,6.385246252090571,6.949256911904101,6.644074870805388,6.774100279931175,6.4005814875381555,6.620146481449626,6.549018188683116,6.8988586024113,6.670911786306397,5.977241801430461,5.112890061748951,6.005558915812023,5.978569031974723,5.182422017781185,5.787889140221485,4.963980420262235,5.467503814103178,6.162480704612941,5.253693822784513,5.64734586835557,5.316842517873026,5.543272872443898,5.673777902728219,5.207340262416539,6.170774170611628,6.357831837286262,5.580279372307144,5.480551979367561,7.1910550773455855,7.949123910627387,7.4776366184703384,7.1499901277665465,7.923747887514364,7.119738822884004,8.082350430980153,7.035109692099619,8.12452971709684,7.195863162862738,8.366759883983015,7.495465636689303,6.885387426981022,6.645018372277684,7.7306684108661825,7.56674349142274,7.99988960029915,6.6494397036258475,7.376173513934716,8.033094280198554,8.175586991315193,7.344240272312218,9.89513640124252,10.265340771082734,10.86566258020665,10.895119472705447,10.81434807441801,11.211064696342879,7.152696724720313,8.942126341053353,7.920849991228316,7.5694358113131806,9.466103307824774,9.42257964393114,10.262358641421901,7.443722658410149,6.765474196288782,11.243009294097874,7.225759916568267,6.791405895252579,7.378436852556607,8.0176271375279,10.008173120182018,10.029745351955869,8.258349153592228,7.1415770860230765,8.066658689464871,7.436558188837477,7.6700835342702245,7.133065013132743,6.981106581330821,6.693260501482174,7.670655593549663,7.66974147920678,6.793730858297599,7.297660302960401,7.6453991614878944,7.239738577646917,7.072998054646446,7.3980871975057525,7.301093225412167,6.661051299111346,7.449961722831462,7.234018294230838,6.976526163994106,7.77984228160028,7.381994121234623,6.857153483043408,6.856099557842551,7.437766911984182,6.389849129623935,6.688587201637018,6.854872471819409,7.741547628449958,6.932617940664056
