,00_NORMAL,10_NORMAL,11_NORMAL,12_NORMAL,13_NORMAL,20_NORMAL,21_NORMAL,22_NORMAL,23_NORMAL,24_NORMAL,25_NORMAL,26_NORMAL,30_NORMAL,31_NORMAL,32_NORMAL,33_NORMAL,34_NORMAL,35_NORMAL,36_NORMAL,37_NORMAL,38_NORMAL,39_NORMAL,40_ANOMALY,41_NORMAL,42_NORMAL,43_ANOMALY,44_NORMAL,45_NORMAL,46_NORMAL,47_NORMAL,48_NORMAL,49_NORMAL,410_NORMAL,411_NORMAL,412_NORMAL,50_NORMAL,51_NORMAL,52_NORMAL,53_NORMAL,54_NORMAL,55_NORMAL,56_NORMAL,57_NORMAL,58_NORMAL,59_NORMAL,510_NORMAL,511_NORMAL,512_NORMAL,513_NORMAL,514_NORMAL,515_NORMAL,60_NORMAL,61_NORMAL,62_NORMAL,63_NORMAL,64_NORMAL,65_NORMAL,66_ANOMALY,67_NORMAL,68_NORMAL,69_NORMAL,610_NORMAL,611_NORMAL,612_NORMAL,613_NORMAL,614_NORMAL,615_NORMAL,616_NORMAL,617_NORMAL,618_NORMAL,70_NORMAL,71_NORMAL,72_NORMAL,73_NORMAL,74_NORMAL,75_NORMAL,76_NORMAL,77_NORMAL,78_NORMAL,79_NORMAL,710_NORMAL,711_NORMAL,712_NORMAL,713_NORMAL,714_NORMAL,715_NORMAL,716_NORMAL,717_NORMAL,718_NORMAL,719_NORMAL,720_NORMAL,721_NORMAL,80_NORMAL,81_NORMAL,82_NORMAL,83_NORMAL,84_NORMAL,85_NORMAL,86_NORMAL,87_NORMAL,88_NORMAL,89_NORMAL,810_NORMAL,811_NORMAL,812_NORMAL,813_NORMAL,814_NORMAL,815_NORMAL,816_NORMAL,817_NORMAL,818_NORMAL,819_NORMAL,820_ANOMALY,821_NORMAL,822_NORMAL,823_NORMAL,824_NORMAL,90_NORMAL,91_NORMAL,92_NORMAL,93_ANOMALY,94_NORMAL,95_NORMAL,96_NORMAL,97_NORMAL,98_NORMAL,99_NORMAL,910_NORMAL,911_NORMAL,912_NORMAL,913_NORMAL,914_NORMAL,915_ANOMALY,916_NORMAL,917_NORMAL,918_NORMAL,919_NORMAL,920_NORMAL,921_NORMAL,922_NORMAL,923_NORMAL,924_NORMAL,925_NORMAL,926_NORMAL,927_NORMAL
0,-5.499936516254699,-5.097343943286953,-5.2444906904735475,-4.953373405406616,-1.1973845016722398,-1.6012934527361349,-1.526020323275691,-4.606800603541197,-2.532303824469321,-2.5777141540144735,-3.553272919699842,-3.66764725418942,-3.6993523853545316,-4.075619459781742,-4.215154505814602,-5.636154426900307,-6.446143837602875,-4.271556132356455,-4.2575196260982135,-3.125846067896149,-5.251943741560022,-4.320753265100539,2.3572808064582196,-2.769131271543583,-2.8962487931966225,-4.49808687297451,-2.4118341028734904,-2.9618496938807635,-4.90506489503275,-2.7538827749887593,-2.541977023057772,-4.752172017624555,-2.328594512723142,-2.6108282168036623,-2.7478203798247267,-2.9608265763836874,-3.97993391863849,-0.388511205637752,-5.691485334615749,-4.4360914756396,-3.1917972649172976,-2.2345277688796155,-4.468111413316077,-3.9002787125538454,-1.1901427487721574,-1.9910305270411917,-2.0338583336123346,-3.103626042621757,-1.29944824983829,-3.9837265751092463,-4.4455638970170686,-4.843150974058044,-4.498437605837332,-4.777760879141676,-4.592100434980816,-4.068686444795261,-4.257583777119787,-0.5018285872855592,-5.868656487316848,-4.58291036950113,-5.348544674329552,-4.352985969993896,-5.810862218691151,-5.3271658327759,-6.259774128876278,-5.784300076876733,-6.178343065422421,-5.782269538692028,-5.643851569638545,-4.470076210902973,-5.99315516299429,-5.977684757796752,-5.834816932804883,-4.275161797887906,-5.813499420192023,-6.561139868849921,-5.205202494024298,-5.779362381990365,-4.505555322354767,-6.001935118922641,-4.873853302416009,-6.105186370653524,-5.146390361208387,-6.468281365951905,-5.821279279642286,-5.8970312552778505,-6.086677484778949,-4.7216410552515775,-3.71109016872906,-4.203576808009984,-4.043889305354718,-6.573541068945625,-2.603105173242693,-2.1503686724034075,-0.17004243453932189,-3.063755947853427,-3.7303496725390257,-3.6068061284188824,-2.97117760438279,-4.909709498141471,-4.244982809118457,-3.1405454816276563,-3.034305653248898,-4.724067033264731,-4.793009749202332,-4.6167964384064115,-4.741542359377507,-6.576858631026953,-3.5333035524272662,-4.304637079836124,-2.4289798986968285,-2.19084838389234,-4.269113526822814,-1.7660573673685938,-2.5185456389129075,-1.9295535372300103,-2.0768387568522417,-3.9665140719210226,-5.847723878422313,-2.521439692798273,5.799801327794227,-4.721358667764832,-4.561578082673788,-4.8143419211170775,-2.6673011034720893,-3.783122684814203,-1.231064471821297,-3.8462100075558086,-3.767384122290891,-2.5451244783420583,-2.74262553221838,-4.6663813824999565,-3.9177095374777005,-3.218359884046,-1.5147439970148273,-4.670596880043147,-3.4602844215216138,-3.568648065647479,-4.518567508357128,-5.18022721206593,-3.3539883056851165,-3.532260025069133,-0.9852632520482212,-3.8675014804730745,-4.677137688174366
1,-5.300042785509918,-4.036386175405084,-4.038193615678495,-3.9186318502588806,-0.7697455987239374,-2.4998240644707996,-3.1418840753142137,-5.130178365581386,-2.2868617431308125,-1.5761555727691592,-3.217364854218584,-3.208820919103747,-3.9918512162732833,-4.127122247088614,-4.147919564506724,-5.080241481962887,-5.105179999955748,-4.997567597165741,-6.168562305783909,-4.544985931133231,-4.515944140569649,-3.9584785963105986,9.453147441238308,-4.476981911718269,-2.4773398866992555,-3.067891163313859,-3.5198793573971487,-3.0898027011970353,-5.837630768137056,-3.93722762592515,-3.7142904854970373,-2.960211972950126,-1.399903859490606,-2.238944519701082,-3.4890718760159496,-3.7413305141058797,-3.712473484411377,-0.6482992603606008,-5.898446344187297,-4.16060489783751,-3.432967732189536,-1.631074928129257,-4.272992916485554,-4.407882136735579,-1.1251543430147202,-1.8538909151685785,-2.4183596371663594,-2.9870987125439696,-2.2314303475139234,-4.212930346710013,-3.7156633916114767,-4.863262254679355,-4.393689589272682,-4.767395711165722,-4.33316304902402,-3.8825898453971273,-4.1752811767016444,-0.9561311251829667,-5.930437723747511,-4.481596740801005,-5.251099455338854,-4.355741230794542,-5.725943294248032,-5.165131348828157,-6.095283816560531,-5.702288442661027,-6.040332430173593,-5.662850125466842,-5.458839616917226,-4.368404062260881,-4.952295935337145,-6.271702133464777,-6.079025438964206,-6.418238304189115,-5.308603709856253,-4.4717621005065835,-3.621881065640112,-5.2280825846195444,-5.535215611267514,-3.689163324418136,-6.596477744946565,-5.86010464168879,-5.479919692092462,-6.098721896651314,-5.350632257991711,-5.498289446099399,-6.310403076192207,-4.756022409122309,-6.190233643100388,-6.525268477417406,-6.201835247367428,-5.71762921675153,-2.894386317786082,-1.9282676501299654,-0.465933786141453,-2.812867475897657,-3.9674643715228943,-3.6967088312346186,-2.624654295010774,-4.9284475963110514,-4.630630407672746,-3.079691985586483,-2.78678037324028,-4.7003148828361585,-4.839934205426661,-4.5677282895641165,-4.871038386967044,-5.592750139633159,-3.614326092602151,-3.4186603722635094,-1.7226730744174468,-2.3140749469257997,-4.177335733707339,-1.6290571860788154,-2.246229443533374,-1.5900898554031162,-2.3560086271960947,-3.394612292817505,-5.867053391063247,-2.846477562400115,6.78248511932701,-2.9536167772089255,-4.95716999138383,-4.202115119123962,-3.1715457865140597,-3.1938409999274433,-1.0878682880874309,-3.9711932303011332,-4.826011516836828,-3.259655739448304,-1.7152149038478242,-5.0210936216103255,-2.483607006537452,-4.087235385230756,-1.6687409466675143,-3.7752669278625213,-2.5117377398961818,-4.583916780730137,-4.490271657471049,-3.9526905240484997,-4.602087131665613,-3.297263059852277,-0.5670217081243267,-2.963297955546942,-4.1353323851824
2,-5.736048755578271,-3.8872969213586157,-4.790004637896018,-3.5906411304646544,-0.9872736070785129,-2.629578843357288,-0.9199317480964591,-3.281592284920512,-2.5853716379523735,-2.314405154144125,-2.919180441112283,-2.743960807344283,-3.950890234379518,-3.2666343400376894,-6.235332851678748,-2.8329136320478145,-5.059708692346959,-5.240239852307746,-5.014191009656495,-4.684906625130928,-3.2901810383654126,-4.372512339240729,3.5348788463630014,-2.883826213619452,-2.614470183685415,-2.124984319936466,-1.9616220250333782,-2.2501866857674884,-2.8693252081430427,-3.4051457999042682,-3.344124454911225,-3.614450076922846,-0.9273516983420214,-2.8599083168334944,-0.7438317373404555,-3.9269128679342624,-4.331405199195477,-0.28395838746755264,-5.235452580079425,-4.471445104652464,-3.226006954324469,-1.5538644914328594,-3.3149516616137635,-4.7916331609052225,-0.9743659012981204,-1.4331621233089191,-2.5079589993042046,-2.5839032844159133,-2.0321150653340982,-3.4742311503409438,-4.114868161376352,-4.831938334434818,-4.351098233219524,-4.61234102445774,-4.142224740745943,-3.5780108045482084,-3.9867363230552963,-0.958426363454493,-5.817496605096785,-4.341073688159054,-5.141717549366253,-4.183524054065283,-5.529228199170299,-4.896293929362384,-5.903325795917415,-5.551889085388533,-5.878681278116834,-5.385339710885653,-5.252187051738162,-4.185541078151559,-3.4484651961719504,-4.56826869589599,-5.636283830743883,-3.3685569160208124,-3.9902965757180917,-4.152746706110835,-4.690218200131314,-3.6381221443534146,-6.453225176601291,-6.093703845578716,-4.937065296217952,-4.684302024335556,-4.546701596194556,-5.997564498795347,-5.147984683058074,-5.333908687937939,-5.242866819851807,-6.121165350285729,-5.574056437121393,-4.907424657069359,-6.241772212610289,-4.293160290978881,-2.0736711893051085,-1.591240641422739,-0.2501272863564161,-2.7413020028527155,-3.875462807683677,-3.792782885478252,-3.107414485096449,-4.445393413718721,-3.9740305014025914,-2.935438036794283,-1.9519761702165788,-4.680753775994681,-4.860107013461724,-3.892540661694775,-4.934574414619058,-5.99779862673249,-3.8160911488892046,-3.574802283239733,-1.8742270081493042,-2.1007711841374914,-4.533788567528346,-0.9558040505676328,-2.7316645143801424,-1.4413241290015324,-1.711529226856813,-3.7875704351028383,-5.153084588125462,-0.9582822869679528,6.016189926950774,-2.879211646765582,-3.73903929180974,-4.332716051937633,-3.529646634103188,-3.419369806085069,-1.037513118637815,-4.662262583224756,-4.125097923096733,-3.336233297721992,-2.843575235762361,-4.99598433838189,-3.8291411578026113,-4.262246191850851,-0.9744651076427442,-3.3953593231456267,-2.154953023005298,-4.49212781064048,-4.211167700470562,-4.330292309793768,-4.319429290601318,-3.63614048430464,-1.424619350678018,-2.7042596093340636,-3.410243783017105
3,-4.454660324805769,-3.3074401040082444,-4.258763762599663,-3.7001584974122723,-2.960057113767524,-2.8970075038618566,-2.05766370290638,-3.7385241647270373,-1.3447063045712953,-2.493351617219158,-4.019194994895295,-3.416735156749382,-4.3793284237639485,-2.7579665347616946,-4.364996551387735,-3.2185683797875106,-4.768209733900451,-4.800090692705985,-4.955848911933933,-4.202107539097586,-4.844975407987531,-2.6446529350914916,5.235656458954869,-1.9418395274578986,-4.132402952027973,-3.321649680946281,-2.6691611588639637,-1.6598113754741957,-5.216103840377146,-2.6500325805133285,-1.2035245042977962,-3.820681947598967,-1.4053947467820966,-2.3665915072724535,-3.97367627539166,-3.6650242810685363,-3.8855683394844833,-0.9273347261649567,-5.433633765041325,-4.414254194389951,-3.104452649231151,-1.4721736297669699,-3.6388890086165904,-4.229965496810949,-1.4655050351065777,-1.5023112783338064,-1.7875566330623498,-2.768118694576165,-1.4674895277501436,-3.7403837073800386,-4.736401351160773,-4.730051387782427,-4.173700233115202,-4.414813137318154,-3.924438367307845,-3.2948771993655206,-3.7756580244974622,-0.7063088720023847,-5.603328134574667,-4.299926371069101,-4.960760324627707,-4.056654864868104,-5.284673185438642,-4.592640006885556,-5.718243960838031,-5.31420470798666,-5.611407112845541,-5.2397026862848755,-4.9084881264667,-3.9287648400711643,-4.279702101161458,-5.172969682609084,-4.625783317323658,-4.481205393706807,-4.28350969754386,-4.770795180089659,-4.727363562953233,-4.247190854594598,-5.769482312139514,-5.8924150720714294,-4.407698835260198,-5.17490118405664,-5.903540151090712,-4.696752530442504,-3.4395537408221637,-3.159520408499386,-5.552189738304527,-4.719304779378298,-4.725918968479377,-5.349186529024961,-5.380317088359121,-5.316754512987345,-2.3464827561537054,-1.4517682942565455,-0.7225828345796519,-2.5797996929225597,-3.411873726160153,-3.245816827128161,-2.5040445910941322,-4.338868190777106,-4.840737835674409,-3.315568295749261,-1.757934448649772,-4.048044793424522,-4.093078883577945,-4.094638786045028,-4.812555760106992,-5.868360223538153,-3.787030973125522,-2.591858831481788,-1.5699092001856567,-1.66240972896814,-4.771273360796961,-0.6665577077535707,-2.4799395000447286,-1.630861886817906,-2.2365697102433826,-2.115562504776313,-5.730179388081653,-0.6203700107262788,7.955952791351736,-3.4363853066470886,-4.803670244522897,-3.0158631130887854,-2.446083470445412,-4.5179533359506,0.00038287261560299157,-5.032016404639189,-4.525886005761433,-3.2438039945372794,-2.3841482114909898,-3.3262559310395807,-2.365241922269968,-2.4830054739556617,-1.3306228578438337,-4.343507297866051,-3.85695976089858,-4.47435146928393,-4.35428482242402,-4.102335278563491,-2.983539003790926,-2.7477198750795475,-0.5010589913772314,-3.1627195717727186,-4.34119492553395
4,-4.581257009326776,-3.660951698430185,-3.8333424688967486,-2.3165409358973186,-2.077237821697187,-2.488516193694502,-0.47939931584364626,-4.712408152917397,-1.2228382735669487,-1.9797889803184239,-3.44888095631321,-2.63232504417362,-3.7845469749616685,-3.2786568462733903,-4.701662568396786,-3.3438920601067728,-3.810324112154347,-5.387561272530765,-5.402818706041835,-3.5950456968034015,-3.897043675416498,-3.3424276388357477,6.031190375984865,-2.142897236842988,-2.2104229347162048,-3.5869181840834363,-1.4764064202585074,-1.4487377055299218,-4.033570552186983,-1.659563418982208,-0.2607106452386456,-1.564769398965907,0.20101397523465359,0.44921329513429464,-1.3866271007418693,-3.2099969587375217,-4.061587134817165,-0.42058126808111684,-5.143893151140623,-4.791366917322709,-2.5289943498438068,-0.6323821540496494,-3.0267006090336035,-4.408506561178908,-0.3453877076037326,-0.9544614248385169,-2.8374927833974866,-2.763513515605084,-2.0254772531690843,-3.4502436288676903,-4.881640803130932,-4.6059958247930854,-3.808142299968206,-4.218606246351946,-3.63005153146801,-3.0242003409053226,-3.4009704774399503,-0.35680939409870277,-5.448866253095106,-4.056796308382573,-4.696438345317918,-3.9430317068505523,-5.124559816818464,-4.327561101773028,-5.523537083539746,-5.148685155686165,-5.333116551780114,-4.933444973634207,-4.675975698245672,-3.6077831777930807,-4.55471942591392,-4.400565930876825,-3.065385011720197,-2.8601297106437933,-5.687100529687954,-3.1858780228846175,-5.326834230476042,-3.476473003372152,-3.1912010017388073,-3.0897789124730703,-2.832295841260506,-5.679510647987533,-4.324640756750079,-5.026006991540993,-3.0602863228345116,-5.0655939197501745,-3.0920635224110304,-3.642322584706584,-5.582924622109294,-5.110288167035295,-3.8245774279171396,-5.679000137877647,-1.9949221830468733,-0.727162069229824,-0.5486260308781339,-2.7304379513347348,-2.771306855705294,-3.400084862434616,-2.9981270690405055,-4.3613382504486715,-4.384555435221855,-3.075066720976861,-2.3440563657501965,-4.364045700901386,-4.13997661150102,-3.9627958970366497,-4.259580491854591,-5.1523242710687205,-3.7342758687430546,-2.990342200915763,-1.6551973962320972,-1.4328441823028126,-3.457950094932051,-1.1198165320300764,-1.9955227600609942,-1.5762653655431262,-1.6977200215917199,-2.8708409828393857,-3.8799538887544927,-1.7617976930421677,5.928600211110888,-4.857801282437938,-3.7651829572447175,-3.2965798234918084,-1.7805615322536288,-2.7358190162481106,-0.4841682030723675,-4.673509458387357,-3.994298974058364,-3.3475698104197855,-0.28024831739051237,-3.951291817960666,-3.2830468722421466,-3.8679940563416073,-0.17478870897424592,-4.4633150860038135,-2.788343500112702,-3.98334086547124,-3.3542898150073093,-3.690806116848602,-3.4977685531449856,-2.5466780416891632,-0.0670795235648658,-2.802878969071756,-4.996727051473672
5,-3.929460601848112,-2.6200743960503416,-3.5721859814118506,-1.8408975463841561,-1.9461871575870866,-2.1983308428355834,-0.36728203786551017,-4.034089387215683,-0.48566235364150456,0.5592640920945464,-1.9307013570802067,-3.2527894618374513,-3.3861552050850046,-2.8272572488893104,-3.7683686185896548,-4.4945639749792115,-2.652319676187377,-5.128229828862666,-2.8412166644717147,-2.8484904029402744,-4.0482193425293715,-4.7243353623225826,0.46224607292071895,-0.3600351572217071,-3.208582150119638,-4.250601767036632,-3.5823696146824364,0.7392613540409538,-2.9588883609652092,-1.2050753182668141,-2.8878924913674675,-2.477202122762613,-1.648015711439624,-2.049902071916347,-2.542841053064039,-2.86042711866801,-3.7326151719269878,0.024432344586723498,-5.2966193610086645,-3.8503972799048,-2.9401527686494093,-0.4422942093760128,-3.0788253447101743,-4.3974554954008145,-1.0421498799689757,-0.9455961200103542,-1.9623648848255208,-3.0547790104966035,-2.081963039587284,-3.33638152074682,-4.543753470554836,-4.311879464389673,-3.570221525363428,-4.007010081124532,-3.309554868678035,-2.7944100575275135,-3.0644447922577918,-0.17861630444030435,-5.1663316199306495,-3.7754122800918513,-4.424901668197187,-3.7082412267080076,-4.764259501326295,-4.0440445729990575,-5.189599489330431,-4.7806627749740365,-5.102070623671921,-4.649266395576437,-4.31773518233075,-3.3474742047846338,-3.09695430752493,-5.12370008761572,-4.284460358854975,-4.8745937124836995,-2.9897557728602138,-4.551979190401687,-4.652926018646147,-3.7948881880187346,-2.66067587063568,-2.728427256104461,-4.067535248739788,-3.6611153860560153,-4.908707207053764,-2.585114284218764,-4.287234395260586,-2.86047975933517,-3.577294826072926,-5.23144525141315,-3.839411568978532,-2.8865519801605792,-3.168268198740799,-2.9602711348298207,-2.163805359613438,-0.7179241549267728,-0.24760793204478104,-2.1936000592199214,-2.389032945221329,-3.8562783578731654,-2.517811570926224,-3.8750396189650935,-4.58472326085585,-3.504619874576917,-1.9401231254022029,-4.02023938253226,-3.6276578357391056,-3.8567631998333116,-3.8067969225011606,-4.657295252757043,-3.3545750670279784,-2.6032887632210464,-1.5409461631140253,-1.549873113654754,-3.8323873469719585,-0.3487980478397249,-1.636339992521744,-1.319390251084666,-2.309379410672312,-2.663693870155029,-4.130062186578519,-1.169803842477239,5.894169158047273,-3.3138096977553895,-5.0532778671247485,-2.931952002987194,-0.9917331797441578,-3.236735242138473,-1.234799795414229,-4.445228066598041,-5.006333485455641,-1.4731969289591107,-1.359182004587008,-3.433334594469131,-3.4651532892378945,-2.8767699435461567,-0.45323728958099974,-3.766674114258604,-2.3658524333077167,-2.548689533464563,-4.117218006151206,-2.2420843624065494,-2.7678600581726363,-1.879819190957706,-1.9519846630027908,-3.192946977697045,-4.583227662046481
6,-3.9626849480598167,-2.852348196966517,-4.160112746737874,-3.0334673933019305,-1.8724045484122787,-2.7065743848213177,-2.4756676458928872,-4.1238146702815595,-1.0390371815324302,-0.9323505191071326,-3.939825897741252,-3.9446652652729943,-2.338810286477908,-2.3754840128920165,-2.8503313037153384,-3.203932564019355,-4.3686607425453055,-4.702812814261847,-3.4750038158632597,-3.4233043316330747,-4.3120596314210475,-4.296771277574235,7.51841294196913,-2.1143917141912265,-0.9181320833668476,-0.5605378099862932,-2.678952534046857,0.7818217701255126,-3.2996616900628934,-1.2786352399854626,-0.7140893275745346,-4.530308224789865,-2.075202731691321,-0.1729690006740019,-1.75096061170532,-2.765086245982376,-3.552965675628419,-0.7576307600753772,-4.639286339890829,-3.936397337180124,-2.637395180158591,0.27915285471464224,-2.530651067301871,-3.8163813323877553,0.09740490481501296,-0.5300059492908288,-2.020864347250484,-3.46412942563108,-1.7521601922967998,-2.7940999035776533,-4.298581625800136,-4.130180796842043,-3.3768953354869278,-3.7856930656874606,-3.1036591876092943,-2.298797421646845,-2.842561850014401,0.11447461778034046,-4.921607680836828,-3.5936954222795863,-4.2642183069592585,-3.4006266324189203,-4.5201671579973635,-3.6379963255679844,-4.884809290131022,-4.429928028380262,-4.812135047850246,-4.452626779007816,-3.864791348203878,-2.912344309667825,-2.9126056603414674,-4.57499003568103,-4.7169068283424656,-2.9998568685191715,-4.713551703601648,-2.2702262013431533,-4.076208740958723,-2.3802359376473032,-4.778941609830842,-4.854930662646087,-3.312504566547175,-2.048480071860362,-3.851172330017317,-2.959980494980572,-2.181845219012098,-4.148459006349755,-2.628401759860827,-4.970623758924838,-2.214581482385887,-2.7420284855093433,-2.56627939822798,-3.1765468386464217,-1.5586572317998095,-0.40066018345349286,-0.7388621022037413,-1.8284193211944892,-2.5503279091990154,-3.6508149119397717,-2.2921392443769717,-3.355003495521101,-4.670725551217353,-2.7686781241535705,-1.32733982991865,-3.8608856167997114,-3.3828428691077606,-3.5152064437736543,-4.145434028963895,-4.166242891243889,-3.1494186121821994,-2.242590987987619,-1.8791066263650222,-0.624862283580415,-2.922265581109314,-0.07098952586937501,-1.3731504391876888,-0.8726824261386406,-2.297203342083324,-1.1260557469223085,-3.4389787261765434,-0.7958603362382686,4.663215145918855,-2.9285496946934826,-3.771886992616304,-2.473339832652004,-0.9384394390514912,-4.394519503319138,0.08167824860833361,-4.426769880035108,-3.5090771951351325,-2.950687179317949,-0.9109422046787539,-3.840143295832478,-1.6792565397918364,-1.2139059233561906,-1.360816907400436,-3.1031760449184564,-3.350148535678401,-2.0337690856231965,-2.3522037386107755,-1.2790961604046882,-2.958764296647649,-1.9129813777365348,-1.4138998852398916,-2.528205926717328,-4.416956410746296
7,-3.69886011075645,-2.526037405353808,-2.885294434725907,-2.2297680101880317,-1.9861472607698936,-1.934961103087912,-0.16481884403774893,-4.142819911300131,-1.1549752718394273,0.08392310079549081,-3.96476829791117,-1.6649250266776785,-1.947462954285631,-2.6946172685571113,-1.921961019915949,-3.5944277457179306,-4.228955459169234,-2.551729211339354,-2.468282130554903,-3.623203836074464,-3.630134910573615,-2.1816234153415826,2.5246888189163266,-1.1057451798802393,-1.5560805029668159,-2.278781705935624,-1.8210843991424948,0.6326001632492284,-3.6758732450680127,-0.23169727540432694,-1.7570405136388079,-1.2373692134450103,-1.5015918142576525,0.7720513279711785,-1.471106838293468,-2.566152166314418,-3.815991073742083,0.11208682403700465,-4.195973807677417,-3.828345017415213,-2.6249218994027173,0.38290517476753066,-1.8759816850920967,-4.66346438406622,0.0751630992872252,-0.18193902961651864,-1.89029146961012,-2.5971877396902205,-1.9000197780955492,-2.835523185442701,-3.893479860850788,-3.989876288858315,-2.945186660504283,-3.4355129609171495,-2.67754271957207,-1.9272799334585904,-2.47460298987847,-0.16394741503956478,-4.616776448272836,-3.3086175378514975,-3.853431648956039,-3.257649873491829,-4.070884891447525,-3.3310537786069494,-4.451835850227812,-4.094773384846509,-4.421910596406561,-4.04550355631207,-3.439861679372222,-2.5670936860375995,-2.2368313093628522,-3.6917679706144892,-4.3603258829739335,-3.382755211903863,-3.5483768748051747,-2.5852683991329117,-4.08155123515102,-3.7384553699496013,-1.5375983423904969,-4.379155703460488,-2.004281879607443,-2.890001660735149,-3.928252184471437,-1.5285758688611812,-3.5449219017290003,-2.718458812610037,-3.0703364537111426,-1.9706665257259082,-1.953535180027656,-1.8283557121420086,-1.9573219714257188,-2.313968050614384,-0.9060277413741634,-0.33413186582053006,-0.6666475464379273,-2.0280820847474237,-1.978115057374595,-3.2536161582692054,-2.746368821800837,-3.179998496910281,-4.184657031124239,-3.295548252563915,-0.9022842998010665,-2.8901806162430397,-2.8461577974753762,-3.186492488590119,-3.622672723506393,-3.7999093609553123,-3.1004072986406994,-1.218920737641154,-1.7248808801347666,-0.45606653088179094,-3.7453998600416005,-0.25915050375471577,-1.0192981447693537,-1.3591244526949913,-1.66073969397481,-2.504097060388382,-3.815646681848402,0.07753292038894699,6.441218933908372,-2.9199479883076003,-3.006996321343866,-1.284978993848816,-0.269931336111604,-3.003406051399507,0.7452597527864597,-4.409948204387424,-4.550212358968197,-1.1320769058381692,0.8590143897972387,-3.484579573894001,-2.1746921986026706,-0.6339271470224608,-0.960795911574132,-3.860081642406008,-2.283752762761151,-1.6447240987430414,-3.3098873520014713,-1.0319428741888983,-2.654841639424002,-3.120414928592674,-0.22026138435276188,-3.0500590422747287,-4.616764608330103
8,-2.443525292132711,-3.467483140906106,-1.3727594096491083,-1.951001195659721,-0.031075958723354002,-3.1284300774656986,-0.6246172236934688,-2.6947986978924856,0.8812934376215313,-0.7514743166678072,-2.8888258657925245,-0.8344171226166206,-2.2177393511949974,-2.9738884426490753,-2.5552502126960697,-3.145806673254652,-2.7700684945020604,-2.6329824195910625,-2.7788269504598713,-1.7286665505409393,-1.7798420359419858,-1.682087914605106,3.172974303551453,0.49640315715151795,-2.9038830661103123,0.13751577382095315,0.13657374472318695,-1.635019765265217,-0.9749692997247386,-0.6724004650972226,-0.6441392472340288,-2.45482364096742,-1.4897966782039038,0.517425163982633,-0.6716586912374336,-2.7990431886824605,-3.6409640473170866,-0.35401741311958884,-3.789918766747156,-3.67082678699316,-1.5851485253876954,0.9920905473477776,-1.161415310671524,-4.293312392249029,-0.22207367650621618,0.32190199047807694,-2.5977935531864107,-2.405878086757695,-1.3131579033317529,-1.6938675795426676,-3.942779468538309,-3.620679907731063,-2.64326233151883,-3.2154321549792044,-2.361552762841185,-1.6349126429298904,-1.9873080895193715,-0.14206492102691137,-4.237644776951838,-2.970636508350583,-3.450799832217279,-2.8900944433316083,-3.6676894645123412,-2.885538119481404,-4.120210707244703,-3.6701223423011418,-4.009608176507768,-3.68735528607159,-2.905437642311831,-2.2955563857346806,-3.541220419876615,-3.2669457874482033,-3.4864732903862534,-2.4270261877054358,-3.7808486006762267,-2.0426515361774884,-3.224927647968547,-1.8792137541398692,-1.9118235119265243,-3.7174343824878338,-3.852718933867557,-3.393958647266501,-1.6490812340714953,-1.658096698535553,-1.1039071826486833,-1.6127116453040609,-2.715751806925958,-2.200914488005325,-2.3102987354269673,-1.2041273967949233,-1.4171184491520075,-3.0483966413134227,-1.183384756200019,-0.21207622407722396,-0.11898448182693222,-1.8242171455644534,-1.4335093225774136,-2.617824553672945,-2.4520383427312247,-2.473985511215954,-3.785656061671016,-2.4813228253254187,-1.1888998626307534,-3.1439847680096507,-3.105883118011959,-3.3785441620810177,-3.7788015187878377,-3.617703930702613,-2.3493732063495694,-0.60918102484479,-1.2447044792928197,0.08884692293066465,-2.233377358458829,0.5497535924756485,-0.8551121916822217,-1.1538134859341667,-1.8504003772939783,-2.535201417889504,-1.98597298195714,-0.7074827031379596,3.453814552537033,-3.9837411881931533,-3.3113823564102915,-0.9446152971561586,0.012108736071191117,-3.7063657751684227,0.7686074483534115,-2.9891871334921705,-2.8274502148285734,-0.30073019642127186,0.7572910607600024,-3.6577781161576888,-1.5670140637616268,-0.8008117686652907,-0.15192982512286646,-2.5478917770806384,-3.5302303042488057,-1.9744090622093389,-2.2508582909977526,-0.5869536450082595,-2.560506923272624,-0.8638619689030724,0.2920241513777493,-3.769818710782261,-3.7296594402807
9,-3.1702909828987433,-3.1785800721229434,-2.4145783813499406,-2.8327946325523325,-0.45188364167398154,-1.5656134420244152,-0.691824634499218,-1.067164790370648,0.9890681118104434,1.7967200342486378,-0.7724994076496556,-1.3688009240678192,-2.0408835674418886,-1.8382151220838425,-2.5031731333363054,-1.3983529576710676,-1.3452871036417986,-1.7760620942185186,-0.8815177560834218,-1.174394419204429,-3.303962672175166,-0.34081763939809484,2.2520302719962695,-2.5829841535106364,-0.8952356175089959,-0.9556108107299432,-1.5844940804675491,-0.04847288839100661,-1.4775194569933414,-1.914901042441056,-0.7162952980479114,0.3030461634239745,-0.3824853074607123,0.4375586713616353,-1.0806190961844366,-3.0114667123019365,-3.1934310294966095,-0.5713066592830771,-3.06570529692657,-2.832238095198829,-1.290198316939665,1.272922315973381,-0.8114687215015448,-3.357052495518456,0.753410793227421,0.23725161534654368,-2.507668971808539,-2.2009246730022403,-1.3060330747754887,-1.800809353268496,-3.52017915469934,-3.405101623493502,-2.2944324461332073,-2.7825166141025024,-1.9417542610238192,-1.1678124067754243,-1.7149547742722566,0.2804240552363623,-3.930739563956386,-2.7262161305329826,-3.078419285652218,-2.6342339310129295,-3.278172623521025,-2.4039764157564587,-3.5982883933253165,-3.2632145561062638,-3.549750040756432,-3.1869818729765376,-2.46564623810419,-1.8087545693449765,-2.064941415729093,-2.281367881155413,-1.6598114591881614,-3.434847730028046,-2.1981575097787047,-2.126646772299732,-1.2432982657297176,-2.2961714672367326,-2.308745091542799,-2.6606658775860237,-3.0866456223624583,-2.326260687334118,-1.3332123878239397,-1.163691342908824,-2.939625782133503,-2.957773954382912,-2.278140713035332,-3.187367211486622,-1.9546988543652444,-1.0236046753382388,-2.9239747673235996,-1.464788625986181,-0.17190928888264057,0.08526688900097112,-0.023889270620507164,-1.6971213009060104,-0.9771680567656302,-2.823056511103224,-2.1381844443101694,-2.1337531978452415,-4.1888584552057315,-2.993492460423199,-0.4508775677158895,-2.5353647630883644,-2.188666013557901,-2.9803941959312574,-3.150719978114684,-3.1735760498691614,-2.472902754277238,-0.8555234268665506,-1.1781207711778743,-0.045414224122573954,-2.7588959896994854,0.9372903113698745,-0.5124183456830438,-0.5659892504395352,-1.3368303923212843,-2.1201962332191804,-3.1516302114269816,-0.1280934725877826,4.6895582104038045,-3.024342038664823,-3.448711240234063,-1.5118042375055034,-0.14999138714727156,-2.434361941178124,0.1967766776731948,-3.267464702811999,-2.6207318721215898,-0.26257537589347035,0.37356290105945983,-2.1350975328963857,-1.302009411371718,-1.778984905930901,-0.6461501274963524,-3.6711112396223298,-2.9353089671297248,-2.1039346276232207,-2.3540947811315673,-1.6612402193571587,-2.6612940291639027,-2.507870666289184,0.17736097888623448,-2.2112677313805356,-2.388092953502066
10,-2.055780217320865,-1.2272574810859034,-1.7873110842043665,-1.1855092967638705,0.7688142620414868,-1.4538563732012568,0.062339665312383996,-2.0072198799079803,1.7282563416512027,1.610634073504496,0.1472127365757423,0.5457985004335231,-1.6310162654823326,-0.27141524032970477,-1.340837377317233,-1.779155799473979,-2.0365117784596416,-0.8736518570996386,-1.6225632826326684,-1.4545235566978545,-2.7828703452400076,-1.0020008809203744,-0.10189507403611975,-0.19626994323514468,0.5218417940196152,-1.131411217187043,0.5129317114362468,1.5404694667441543,-1.3901944221297158,-1.4121716578904526,-0.012646889323306931,-0.2918597828580056,0.7828861729896395,1.3112789416992263,-0.46841078142856696,-2.1254306112747683,-3.0529785382887025,-0.44167947426592913,-3.15721453462271,-2.8812484765512147,-0.8544208223434904,1.4900505600080662,-0.7658735575899638,-3.1001578517712782,0.8253129974364364,0.9563817630132743,-1.4391897912568132,-2.5853551087319984,-1.3336097618845124,-1.4656158921539442,-3.251232063700815,-2.947060730786559,-1.9992173672321836,-2.390248686775087,-1.444242397198547,-0.7269005909569954,-1.2604512700825283,0.7007624095729607,-3.4303318015906523,-2.2818040166848186,-2.6721829624345657,-2.2046095825757064,-2.7560602587020044,-1.9484886575889524,-3.130801942968193,-2.807962372521603,-2.9734260747460852,-2.6971986201855516,-2.0058219534546735,-1.3614687225810493,-1.4036677974903013,-2.8857713038963055,-0.824491739784579,-1.9202357905458505,-1.3706042005003964,-2.5344447064972746,-2.0308295808637866,-1.1358559757081363,-0.5723825825168496,-1.1286185096891777,-1.2701769213178782,-0.9977674433736978,-0.6232356391535023,-1.61750650364694,-1.0481016923689883,-0.1308761179726714,0.07082098944052717,-0.7278418158403857,-0.5871533118175236,-1.0895124144785062,-2.6682360893791284,-1.5453031731275095,-0.4762684842343191,0.588774569082144,0.221872797509022,-0.698391354805496,-1.0068439537899483,-3.016109366858352,-2.090502640954315,-2.001472236390823,-3.5753913313413612,-2.4456038680686554,-0.5628217541225219,-2.2880404508851333,-1.7561749691048218,-3.0956119772569073,-3.0570833802725272,-2.7703204407848583,-1.5771278556477708,-0.2800669163885986,-0.6144488584897494,0.0954143641438478,-1.2543161528005315,0.797743736271374,-0.2688226023605409,-0.5178977986032842,-1.8203770057818458,-0.6533328062336043,-1.2936500193419347,-0.05755722613900194,5.410170843943652,-2.0086252115041967,-3.44528855175684,-0.2447355600413117,0.2894472879964676,-2.856745794692834,0.6578438824173898,-3.07740559749866,-3.096134997963131,0.08460520503148894,0.6076422296887678,-2.617105364695542,-0.7703593198613483,0.06268956910106116,-0.28339436198318,-2.2484034923949947,-2.623540231792691,-0.9194578636819668,-0.8008993902192207,-0.1697400417201449,-1.5816762879052604,-2.2806264216856773,-1.4628683108537983,-3.136612070291134,-1.9193355431676131
11,-1.9477757049216546,-1.4989849159343693,-0.48049867740788565,-1.8721827122814065,-0.3327598237766993,-1.59672249422787,-0.016190194292490245,-2.598642642938303,0.039827914565055675,2.1136543950399242,-1.9664243814414357,0.6289969068868788,-0.847661995716398,-2.088372762854265,-0.9331129771588118,0.5153990645339237,-0.92415445725886,0.12053675466541502,-2.099125540076404,-1.4270829968163583,-1.647343400068078,-2.1523933811336367,6.252225026277121,1.6916491014396908,-0.7701596740009101,-0.03395947422450174,1.6001943677658697,1.2008852868341626,0.8125508350784627,-1.5164795956398793,0.4444889932115259,0.30251794354818484,2.2759823139265403,2.5473446114253724,0.6599271468025554,-1.59250592550468,-2.9433313507617234,-0.04623600268178585,-2.3812991554527914,-2.6338611713680846,-1.2302957259474707,2.047978420427046,0.5047385291577031,-3.2164905135565878,1.1496858182762137,1.6828020296706139,-1.9100687440436301,-2.4905509223962183,-1.489737572513509,-0.8199989587915605,-3.9132772712038397,-2.724595810955699,-1.5681320600290476,-2.084383711229585,-1.130530188005305,-0.3770055480324881,-0.8683589881141617,0.12651185910297424,-2.9592053142882935,-2.000882258532346,-2.234124808881576,-1.9242832525953368,-2.2295773347098784,-1.497597031805321,-2.6036212468184683,-2.29482207525856,-2.5154770473738073,-2.340503600955442,-1.4922126575524932,-0.9530758990155805,0.017278655038794,-1.5794530457604465,-1.5636249912460252,0.18346420455700985,-1.336535763652607,-1.1673161506294016,-0.3996548981930117,-1.5404324924422226,-2.240810163245872,-1.2767620556867538,-0.20419549311827767,-0.2095125392783812,-2.2303513553638594,-1.6602298230366417,-0.9544200826925495,0.31024126363311044,-2.1463292618041225,0.06013884889102217,-1.173541883723317,-1.491020526842778,-0.8769739339539817,-0.6966702619797847,0.36291158518608013,1.356242325364296,-0.031708444528841195,-0.460148391412311,-0.517638109351214,-2.3762146359487724,-2.074607703588817,-0.9891563789482416,-3.434786585149458,-2.5695196132438998,-0.2233422929765374,-1.8756188252036543,-1.08697171797884,-2.0424054596323193,-2.541350566315478,-2.462933112798064,-1.1145137029741448,0.583571319849348,-0.6099883236660754,0.7686446010748352,-0.85740544031553,1.0591017604865645,0.11873218875045122,0.061083837005567077,-1.2970765338551382,-0.2811019553631311,-1.7320252160561642,1.908519026603369,2.843419125089374,-3.0092919369670805,-1.9844655833379234,0.6184917059533419,0.29291517731208516,-2.21491309026977,1.4256690866546666,-3.2908244751876166,-1.6731654590347478,0.9186145201349041,0.9523717252913668,-2.1606100713466394,-0.08101314728347397,1.2138503594875483,0.14445752526349875,-2.89261540242542,-0.9316844446318382,-1.955423339368269,-1.2669820988512575,-0.6090761577765358,-1.812750209619213,-2.1904532883365966,-0.2572091965375456,-1.7968999120395983,-2.845988711923796
12,-1.249812108700352,-2.1311485244201207,-0.43412136468511775,-1.1259975826730417,-0.45780730435154515,-0.11344468536051355,-0.06475157067653148,-0.30126694862279546,1.421446246229846,1.1354655613480389,-1.1673596679370697,0.3122609463522368,0.8590531332663831,-0.7936980317845146,-0.3409333809973716,0.17776186635105384,-1.7236551665394138,0.319755051945517,-0.9026582418979316,-0.754464904527968,-1.4416133138108502,1.128812494927272,7.268605929481976,-0.12625568656730968,2.044129384940123,-0.8343238814012646,1.7617056497343686,0.4120938797679168,-0.08364525634294884,-0.5949847477265127,-0.3200607523107726,0.39952409271303213,2.8775874278476294,2.0506422477896713,0.30879101277840015,-2.1460409822298443,-3.0022553640636183,-0.3252663731871421,-1.3052359998002414,-2.3416809187612526,-0.19504513215381858,2.0944558390194876,0.7781327457527963,-3.3053896838319443,0.611153000093708,1.4154843770258165,-2.1010936466098964,-2.030455672417692,-1.0989564925537336,-0.17986131596064348,-3.4230307249553857,-2.206472327930203,-1.1730730971281853,-1.6442533731148168,-0.6267580165851402,0.0691514512813195,-0.3566430162694609,1.0663592067415095,-2.560045820265261,-1.5308423256324888,-1.729366349105407,-1.584586173320229,-1.7327770417216268,-1.0065010611609275,-2.0464649962811734,-1.8134197055230838,-2.0311414574651034,-1.7090684992112581,-0.9896118825028899,-0.6102713608684626,-1.4871800581552295,-0.14001656571567112,0.8067505924191272,-0.4084068870745099,-1.6944565317759572,-0.3709932794158666,-0.8001750834464788,-0.2528330915381083,0.7662221536263907,-0.2071758203405023,-1.733481010699955,-0.47561483350270684,0.9762508078919994,-1.3526284908857602,-0.4380509245227444,0.5133015998005117,0.8873456837077125,-1.7272100182324617,0.6094093422653621,-0.23279984039116997,-0.35943161506956867,0.5721724305538687,0.12029316642527663,1.380585993409503,0.35051280836990717,-0.3532003833319566,0.1602684910898638,-1.6994768167936876,-1.5613060794798386,-0.4656945543067249,-3.17986783061243,-2.285020580773737,0.2852393054612259,-0.9932589040245248,-1.292498696202507,-2.3018329554766064,-1.6580779716747926,-1.2661714590497137,-1.577985081195237,0.564478940014542,-0.8645941081378216,1.073673313789834,-1.4967910942292981,1.5114264681752954,0.47341956413238845,-0.17045717707971175,-0.8520536333081233,-0.6067972596017817,-0.37413222947259217,0.45365078577021856,2.376843518412147,-2.038856148923375,-2.9610683832196636,0.9984090108083423,2.321547364286017,-1.2751217067906089,2.9292231036982024,-1.620680741652059,-1.4880791135610922,0.4583885307291802,2.548047354241473,-1.9264849348511939,1.49603040741425,-0.14927251625890134,-1.1122984587422646,-1.260222442705533,-1.1838831631363245,-0.4878455431856683,-0.44796631413216637,-0.07006900231270542,0.10289980844765978,-1.4309893621774346,-0.9047229483620542,-1.4436387541614835,-1.0728156611094675
13,-0.42904832937179027,0.43090377764583887,1.5827188746788643,-0.1920949013167792,0.6699070804995626,-0.2794787334886417,1.5824194515531398,-1.4689216191963994,2.1529716824522964,1.1627594354656137,1.6708298380087032,0.6607867983755777,1.207546771110144,0.22682924156938356,-0.8816379067593795,-0.057621549095646096,0.3817226627257262,-1.385443182657875,1.2424730692513237,0.7953046334202358,0.3909186298957812,1.0895553870668988,0.22202864441114967,-0.4284684088733024,-0.5070694130643127,2.0645959443114714,2.651602162486604,-0.5424264669514417,-1.7006859253558442,1.5231484153618013,2.12873251292109,-0.024707362515937747,0.6821409626189121,0.5907276888271296,3.5552868787879977,-1.836834812832801,-2.428102696806676,0.3827337647281616,-1.1069030785509941,-1.6260391209964702,0.3161006385559637,2.7176911404037822,0.7542049999225053,-2.3550077212432834,1.0593060318625516,1.8712891492829373,-1.1739064474209475,-2.238819300371099,-1.0453810111451391,0.10240665096840462,-2.5321783543750684,-1.828274243138508,-0.6668109963089649,-1.2187978569719546,-0.19720393912265133,0.46818386282054847,-0.043036718145362335,0.8432650174425522,-1.9508234805940425,-1.128026830737681,-1.182043741729879,-1.1087732971627098,-1.2012870573412984,-0.4381724642080037,-1.5891008413610122,-1.2272537667777423,-1.3885182976097465,-1.3067124175946006,-0.4537453046082011,-0.055040810323121026,1.5406917383140746,-1.0775202851579295,0.3985232161270107,-0.2783319286412209,0.8324167263251119,0.16286995851410024,-0.9465306239009501,1.8091886298565094,0.38106590831717124,0.5979344843479939,1.8296415222585898,-0.9994210653930545,1.1402578159085355,0.7628939080608772,1.721412620807644,-0.5884203729390439,1.6643801992447647,1.7612717102625006,0.9281385245380815,1.4646997130210613,0.1643247626511659,1.7614723020135736,0.40889907253566227,1.615990137948518,0.1633337338456709,-0.19502879585565425,0.6167645336094785,-1.84007328638944,-1.5031209461433659,0.049474704826731664,-2.880344452679225,-1.8491328555909405,0.7749600325479828,-0.567903837614661,-0.09312048402714834,-1.8192800283313892,-1.6737579824353357,-0.7901761556508972,-0.8010085160461398,1.552989484103866,-0.4945959163146227,1.0272632741661423,-0.9268119174744383,2.022807821234507,1.1501573515192844,0.48548068044623915,-0.8937663822879875,0.12048443632267491,0.921966714623141,2.321656975052897,1.3183268713829668,-0.9687802405338208,-1.4176548394903592,1.2955818084430277,2.143210659028097,-1.2929740827892042,1.3112188360830246,-0.9616089289507805,-0.7812284557323621,-0.19431502604331272,2.118476364657168,-0.8927500823118251,0.41469120945691723,0.5735387535881509,0.15231923154701188,-2.518637478669792,-2.2020364700837574,-0.617343563268979,-1.259141682372457,0.9384679061771947,-0.396970498244404,-0.6521575096270142,-0.01509297128135767,-3.1343431676192526,-0.569561125336024
14,0.5375760611372686,-0.8211581427036415,0.005675944539209388,1.4877176764756026,1.3821445153805698,-1.4429417080438196,1.8609741861081848,0.8400132088329231,1.7670302592049474,3.8434463596563333,0.43958137972695654,0.003971789945982268,1.9681266518572729,1.452113424882655,2.004605258470559,1.6654602477174523,1.5569422208657917,-0.6174850417077004,1.1565606280506133,0.6033883139969272,0.8216491862947803,-0.572439088773625,1.6519380643675141,2.7518458878224488,2.1264331663491576,1.029358562420021,1.3185603694183639,3.4727379109696406,1.212250869205965,2.8488258750567335,0.2832939653497035,0.20617467007814505,2.4315991402918233,-0.1913477069389809,1.7044957122142157,-1.5369928221427707,-1.7066746720355168,-0.11166185877369783,-0.0365475166813265,-1.0076551962048068,0.8741004590120596,3.5369335703774816,1.6830135518551852,-1.8969431122484897,1.6514661593492432,2.8933603879552408,-0.8160428391215118,-2.3197637023171547,-0.06601373776829245,0.6033148414323971,-2.6285997315573155,-1.483453941380614,-0.2152811425610556,-0.7712579219831083,0.2327440505395177,0.8736699699276974,0.5246506286878984,1.0487295685975577,-1.4973779316540032,-0.7608400364392278,-0.7331156227971086,-0.6879417600296485,-0.7474072643638331,-0.03755344425254657,-0.9667825843990692,-0.7949148066932626,-0.7857639315330518,-0.7523941711136142,0.22151438215696145,0.310560363277884,-0.38205493583365246,1.5771711281210155,0.7667154909941836,0.6688637168217242,1.075319947198206,0.19845203670321288,2.241056068127622,1.5592359634557087,0.10260117595256735,0.3442778292024645,0.7122249140018386,0.6002796270579582,-0.35414575527243264,1.261936338365408,2.1892788498824824,0.9815243095668467,2.3602239726953425,0.39598069362574373,2.264639873144034,-0.04598889671056339,2.13762311426367,-0.3586845019933477,1.065604387721885,2.088981754421552,0.09028990276231447,0.40091226531221036,1.3930154333872649,-1.5786363804099515,-1.5510833011208098,0.6846133714867664,-2.2314646795752076,-1.2938511855630461,1.1806777668824533,-0.09825701785593555,0.4586788162148725,-0.8076443944799646,-0.6646964848486873,-0.4699982208753308,-0.3496491253752456,1.7875684103578773,0.3131527452662084,1.5283011259723907,0.5938480869132072,2.2496301094195457,1.1411681044958097,0.759241294180614,-0.46300216874487166,-0.10171690219733642,-0.2852025944118577,1.9485511228063543,2.837309945319279,-0.7676025097660961,-0.18474406626526085,1.6693634890378972,1.5524511453554208,-0.8082924414054851,2.13981411495678,-0.09931315728358547,-0.7816547563721041,2.104794295484049,3.4766583714684973,0.9485160269255746,1.2137241575299478,2.0518978363575338,-0.6419166972822534,-1.0573473078132145,-0.4761039567780285,0.813981043591202,0.6219339152065548,2.7493306506135293,-0.06591799755661476,-1.1575018166025712,0.37561536707004284,-2.6650816361834044,-0.24293695054731668
15,0.0606910388289334,0.27509615597074055,1.2435411393751405,0.4964326293096052,1.8888515735091564,1.502230867324703,0.8650164342485863,-0.6895209892709329,4.679689117370219,3.9229578206752462,1.905559811121496,3.2578349154595325,2.0734403731301807,0.8550688893496448,2.519846479953999,2.623569336616149,2.0857500589461426,1.1463446800810249,2.183041066254233,2.0354242786681307,0.9166160502911477,2.7644385490009875,6.07521464370896,0.8566253733022158,3.0468671309901807,0.31978444860028643,0.6322463492073684,0.29734413599984205,1.266560571558447,2.5123389362075534,2.441664875020469,0.7020263167099052,2.3268809899069494,1.0951883337477706,4.08219668004312,-0.98463099556937,-1.154974522806142,-0.0880480000565485,-0.2007119934565992,-0.26533035480115563,0.9328529031568233,3.6707759767813224,2.302355882989425,-1.5744006002461806,1.1633222920088633,2.8747795121207385,-1.516835928898405,-1.1527780608032692,-0.7606804311272533,0.4811386183356447,-2.221199596464337,-0.9646715231674077,0.2471417283657579,-0.30785844022959574,0.657601969325568,1.2724601830187536,0.8909184253577018,0.6633175622678675,-1.0266725644313808,-0.4150991295729354,-0.2400937784773887,-0.3760071317083795,-0.0846782410300575,0.5982885395857442,-0.44233950406084077,-0.1751483456076866,-0.28065706296576337,-0.12456030578227392,0.7388188839743846,0.7082184630160465,2.5266656883442837,1.1106150284685576,0.19240649027210743,0.23793768470822585,1.1705279872400425,0.4291720821779096,1.6577607770611382,1.0571892729443437,3.0217792712791662,0.5681292450232882,0.5726768534580121,0.32952082511818104,0.6303578117160766,1.7924810920689338,0.3321571409544979,0.9379300685274382,1.3562279025612134,0.7764311013481392,2.152896114277307,1.06867984097714,1.1873116291603512,1.6231590752575071,1.7349313098330923,1.9166333582192443,-0.016432879273410222,0.36240627878136916,1.4464602371049855,-0.6787617420233489,-1.1843806445344391,1.2933160787110118,-1.5435634659846982,-1.3980262327830277,1.5372807618381263,0.44217601089235314,0.4940002096392108,-0.8887124720553699,-0.15730702999959711,0.13740719588342293,0.17623268890035937,1.8167729254846574,-0.22629966459718784,1.985828190924619,1.2372707409555448,1.7065555167376025,1.8142266383766639,0.6557553307351904,-0.3308776600303154,0.8910298520706819,1.2401925508001892,2.575607553370639,2.7597371894111276,-0.738238040127813,-1.2422355162976442,2.1855938023849104,2.2935214108019375,-1.784295740132224,1.8649501038689738,-1.3538952077914317,-0.0373940517686997,1.7068909455768557,2.6303372943836365,0.08356601155101484,1.707252723342067,2.3814662662722244,0.08120132295880444,0.13764616554702225,-0.524983914451034,0.23929973754680056,0.6677422523343997,1.6340066249917702,1.744299337097695,1.0267435982180282,0.083498046770348,-1.8585044940068025,0.4970262381422381
16,1.4405923215109442,1.1111157411506736,3.1172413354936244,1.8283853374855172,1.8229288954591176,0.7670687779460701,2.3432860665554713,0.2712803091410727,4.12256850609486,4.224563878901901,1.2521394877603942,1.1617681859334992,2.177428104158767,2.12862489666852,2.8339324664715653,1.8932357093158916,0.620682220278046,0.9183748114528619,2.771722908133813,3.0918296745530838,1.4111757271724146,1.2861662603556003,3.0580113342504474,2.6699286294648528,4.316223380557684,2.8142705486980737,1.8196149505387624,2.964519168171044,1.4637414238136641,2.4052633717565133,3.211317586272023,1.7960037889451312,1.4748198734772646,3.2024330921589197,3.204811799810108,-0.6874277069821648,-0.8698219169604179,0.34239492607201577,1.2515814586424194,-0.3346772012039008,0.8460008306296414,3.400897346143743,2.8549733551078207,-1.9755180989563201,1.2693894107633763,2.7758240220623875,-0.5747760723315052,-1.018357843995475,0.07745879713408421,1.5366840172391782,-1.9978444159932371,-0.6007755192806608,0.6056269174199135,0.16278056660560236,1.139133450524497,1.7448758291820177,1.3404103663086602,1.009476994625914,-0.35939487084762506,0.05551660893840009,0.2979135827224412,0.03413571476128304,0.4607392789667417,0.999466609446109,0.17022148239575857,0.3422070698112533,0.2623087067107602,0.3814896645793911,1.1601482922977429,1.2447821920370574,3.003794386754584,1.3335337031559853,2.5248206256315013,3.3046043343105356,2.6581835228154214,1.848566090968941,1.8446410820681565,2.5436955686470943,1.9263215856278872,3.5524079688937547,0.9326123121194769,1.7874243609047928,1.5508833474245747,2.400235733082667,1.8372659041853536,3.024749845305131,2.968950252886724,2.5408993488687486,3.216736734005464,2.703116832617158,3.3164259800039426,1.8454944627551382,1.9600607320943861,2.281075180338072,0.5461064886923713,0.8083939812534262,2.138422804200711,-0.935940728807132,-0.2059037119711027,1.3738217001669264,-1.4724508668074026,-0.4181528351309365,1.3923409059169694,0.5768022979318255,1.5262291363531288,-0.217081420457087,-0.02335956776254744,1.2483076348029019,0.4714679681113584,2.3803094635124435,0.6192738614534554,2.673387978468522,1.1757413118573794,2.417084765269405,1.9829804180231854,0.5105951054536129,-0.2486023113298652,1.7556210348507422,2.5419344465393534,3.5390255306459233,0.4149372915949927,-0.10050885017430944,0.21403947157322833,3.167547519227855,3.7688040712273767,0.389322296764423,2.252841646358226,0.21582660738711246,-0.33520692044390954,1.9191232204397959,3.339829243871018,0.8924904059178795,1.5839051398151516,3.65018469726948,-0.3080957157072166,-0.1563768676235926,-0.4872707920675937,0.09662246165461344,1.5736438476205303,3.4263033327771075,1.9714958341548792,1.102158217859912,0.7565084575096392,-1.4804763255405509,-0.819105962496268
17,1.6458039947404925,1.6354926786092365,2.3072287064002417,2.2293960505165558,2.52199249466593,2.503781068131768,2.361626014273824,1.404629512893096,3.7584685101397772,5.415565673192548,3.4725856319596815,2.562739286573379,1.506004897130746,1.8461089915295414,1.8278573751344593,4.090958168772854,1.1390695332675926,2.3264659519491193,3.242044109727898,3.0013597498732234,3.1990465432822,2.6615779635798003,-1.4406597915022157,0.9879180128074873,2.4623156923658622,2.8345431147766806,4.629061358429522,0.96670700998918,0.5189390152990974,2.174729946816906,3.4785274112043085,4.126512633838605,3.0430027292796793,4.122623432954563,2.9832134189197372,-0.09958108515569664,-1.186715531372966,-0.03726033953805809,0.9574233580977257,-0.06975607452429383,1.4172408260997487,3.805086543308734,3.1916217387519383,-0.9279229682834311,2.1524255030040544,3.533282505767577,-0.43039487478349536,-1.1296675142410417,0.3593455552975411,1.8798962946333948,-1.2799451373676962,-0.10440668425864019,0.9661049504260024,0.5832072785175247,1.5335751283254364,2.140467232172433,1.656003044492721,1.2089385619097464,0.05178786207804922,0.4273894198767714,0.7803592321697737,0.42288715567798363,0.9891322616530397,1.5602666488966732,0.7640459616688556,0.8728289703761691,0.910465886032769,0.9139386579355692,1.7973637182529072,1.6756815437938393,1.4207918902525687,4.11985569398038,4.265101490432137,4.478779608298613,2.7588921955655668,2.346081308541269,2.5198123831696266,2.0664904439380316,3.7049353054527345,3.344821483848544,3.3990564059660504,3.3788340650068456,4.046634013367587,1.6411549368276719,4.0909953011312155,3.236734565727083,3.0232440949607398,2.1221289788784805,3.1565462501961283,3.3484661649707954,3.909152416397793,1.8505427332843247,2.179487531383755,2.2863440111391196,0.3562086030804574,1.3351143245991488,2.394878349570747,-0.41106525353907963,0.0524496590432153,2.448072809482273,-1.4847229702391531,-0.35855698027707966,1.7815681375864532,0.8855695738748977,1.4456381055543246,0.4211773006733367,0.3855532491326403,1.5236351024211192,0.9618874685198116,2.743258533911164,0.7541675561400404,2.1524820270056173,0.6734457435596188,2.8495114951385405,1.9642149239233633,1.297561727799118,-0.33833361927206,2.2755288510682643,1.7663919789588851,3.481708466033541,0.7680490840242049,0.4973340420457455,0.2934364642486402,2.0202395819811905,3.1436530536038827,0.7524480070509072,3.786464038863178,0.21439589399468417,-0.34447265630494595,2.9789552051694805,3.687757893242196,2.129872483475425,2.2370548229292355,2.2825003668168953,-0.2662089824660716,0.20197757577453546,1.2315387024019295,1.6878361463217222,1.8905534906031978,4.087725514869853,0.5477469350523824,1.614144330108151,0.10496216799635388,0.04933405142386538,0.7176421297653981
18,2.0173726042111286,2.580479944543514,3.694150880983414,1.3660627667524823,3.277337357016025,2.7398978293115848,1.9040822532744714,1.9767506189455681,4.083404474592603,3.6559952338834427,3.4048622639029524,4.952230206394939,1.8696588491619666,3.9238973412149707,2.9933176144718434,4.476412619460067,2.3041265260284023,1.4829120111226766,3.917158795727357,4.037934196431026,3.2211578508051257,3.52830756684698,-0.30560963018912446,3.8453792769044437,2.971774388416472,4.725170309147391,2.0263685627693264,2.4734415633246725,2.845522810896923,4.9550858060716765,4.119374960119121,2.8489129299790896,4.223058525278844,2.9373294556345337,4.619249580911202,0.057376445992459335,-0.47614077939773225,0.763800733741647,2.1009118892202707,1.11848252734949,1.9098747992981586,4.186886151714329,2.9918579314047182,-0.6367445761609875,1.805176593659955,3.31677145291063,-0.529352129672099,-0.21701121001985535,0.7813433413839772,1.9913531460842733,-1.5620982792179978,0.35108554277644033,1.3816836088553264,1.0478888318232984,2.0629448792018064,2.454963863951239,2.067606265283809,0.7041631244044293,0.6486551752733513,0.9775294625444783,1.2075290323218566,0.8374465781692665,1.4122660868231718,1.9906404725780724,1.3399540375782084,1.3708109055313722,1.4564214872721166,1.3492730164905269,2.301053363040889,1.9990802299259531,3.2449816044701785,2.353340346796446,4.845392991412394,2.853677667070131,2.2010532676388848,4.942735818609357,4.444136773414201,2.687035236451356,2.1157034876265457,5.14215016660107,3.444020393593818,2.9126693188877573,2.1881468788315357,2.5664315604336405,3.928605508041458,3.7420482278862366,2.3986691960176647,4.641570872081013,3.133569091472534,3.4984628640693645,4.588823310395837,4.9626868661856935,2.3493527834394907,2.9556255075873814,0.9137672101456839,1.7010730938837737,2.414748916683836,-0.20654861962707022,0.3803496337959461,2.527841617014554,-0.9574707881459452,0.09349868546251905,2.036037559476577,1.9346654015447404,2.4024519656040706,0.3201918896519569,1.1634994849119487,2.4588588202020474,0.75516730719287,3.333815628296846,0.9431584033021605,3.164750461214318,1.6663022278599717,2.8350047683548016,2.228975732300855,1.2948536709775782,-0.4183851569697924,1.5219956207583816,2.9884606483342355,3.3601757098851297,0.2192683019696542,1.109685373052761,-0.23453694199944128,3.844402595707776,4.784601524103005,0.6907591017487293,3.837072399577208,1.960484019247576,0.1335264903842327,3.8282272935359956,5.50744964116463,2.1329036740432077,2.7675907490509735,3.696490594110501,1.7418615211830757,1.405183209379496,-0.22023611118253927,3.053708499638531,0.973096148363442,4.2067152980679,2.197101847908984,1.2115134604651063,1.9632253088972333,-0.7762246522791709,1.6805597517990298
19,2.488350774850306,2.669578174932521,4.712931568554064,3.340730150938911,2.1483504812709704,1.0499848174655484,4.68088944433665,1.750140417706341,5.860003886215329,4.840253486228801,4.243337364387432,3.6631124962259607,3.3647813657701144,2.707602990613428,4.531566871829957,3.274467541188396,4.126485552350181,2.561759756627514,3.2697021251726377,4.759082855178052,5.15304704661666,3.038592703560739,2.960386184995204,3.2778966477776184,3.1598115818420416,4.215641559149317,4.567108057432698,3.396962477485245,2.556994935894792,4.335521731041816,2.1531208093484957,3.1839518808694662,5.5218852127031814,2.777321969111223,6.01658719923679,0.5069998287699543,0.358443874387844,0.9009348544105155,2.134010943527973,1.1266134180737097,2.253012340042954,4.75344743343223,3.752840498374606,0.0010911371586256324,2.1670242605489585,3.7276019697760816,-0.4371631202547575,-0.7560605643167522,0.41116873937320825,1.9064152671329218,-0.8097153166305766,0.7595047402680497,1.9202827937186928,1.445416927015196,2.385368303978023,2.870296927532139,2.532853125595131,1.4160017125517097,1.2057448035984017,1.3700409540102372,1.8021658670083807,1.3068752890507613,2.0153346698182766,2.5049925606700723,1.9218819086873018,1.9836199165654853,1.9571981065300073,1.9581339278682561,2.7435934642451016,2.4151001043554596,3.0738266535634526,2.9471104277567544,4.7416545145692,4.6086110804386164,3.130835540427265,3.674487423038248,4.6743898675061555,3.314169026392431,3.025408608626954,5.670014147501021,4.69271717506236,3.75459722601925,3.3115367169300254,3.953387252635198,5.259623071276377,5.335989743752575,5.261404579899651,4.45594122052403,3.0656464213679215,4.994503479542799,5.298984067620124,3.8795723124181376,3.0275809309577166,2.798025942452521,0.2875075007022624,1.5762577385660788,2.599161941683976,0.7932627389693794,0.05248142468348882,3.32904561580962,-0.6278260584177141,0.6015204629089459,2.7567831499016773,2.5139293675391827,2.698874273932822,0.5984700068242634,1.9124810709420208,2.5645902576495674,1.7534503996619615,3.4203054002199598,0.6991264126675106,2.7294409238967976,3.0813981675669044,3.1115755771297824,2.7363961537783883,1.3399058642548776,0.2425485172414088,2.2599870391016097,4.152540825835134,3.9506918778691853,-1.6432595010722055,1.5521415143979846,2.1407510861400203,3.3869690348507917,5.490638325473067,0.7683677400917167,3.353493064001238,1.095030511263147,1.0689659147854003,3.910406236598134,5.118333450480302,1.7777065601448614,4.293374393431192,3.2635154002198323,1.195491982533631,1.6835293672497968,1.6795215109440331,2.4422121348164785,0.9099882391713479,4.824936412803518,1.7335058517992872,2.0209506116367715,2.1070942479916632,0.08461297365971876,0.7764737691553281
20,2.9847107110311883,3.4801402681635496,4.333384551370744,2.6607068938250222,3.0703814772506393,1.8647824892663198,2.854904103120697,4.328134995222773,6.518443683559079,6.231647298750317,5.780057420879929,4.781372844480084,3.03066985357629,3.659036165448772,4.946390677694488,4.655414456442914,4.3087110927353764,2.66256365374658,5.440936185991422,4.407756392839355,4.525288629414938,4.361281114253449,1.027260081311936,5.264069090381879,4.575033516330022,4.907638478871048,4.953609294979237,3.5464496592580588,2.5042057229317427,3.5090689622888562,2.6949283245059905,3.939461823828981,3.6273999354405353,2.1483740852115694,3.7810113161714516,0.6230610984382932,0.9289069391920418,0.4263274248232411,2.913347999315383,1.940481146560522,2.387464820171669,4.545833614365009,4.338567783971943,-0.16390093705525677,2.3461379896780703,3.7678621590494568,0.3854137794919036,0.15962363106483146,0.17496891149501426,2.4547695191813337,-0.33275981656164555,1.2426686917162386,2.3242422627211385,1.8758861192950602,2.8237647337339276,3.1826707028503165,2.9199009069787962,0.8877214394160826,1.7070905056743888,1.7757049293584324,2.2572267317066848,1.6830454595201556,2.5551620604930663,2.8673648214293515,2.369234910745128,2.439796853152997,2.531803863094633,2.4480391925728235,3.2063530801168154,2.83088877867615,4.5243705624005734,3.9973725551358967,3.7621278432424665,3.252054745859658,4.379509633809024,6.191097829889533,5.9732602604165805,3.5972605023171136,6.043584740198435,3.2053852048030427,5.77729998347696,3.9172637606641425,5.400281148512439,3.08492195792392,3.932752462614688,4.3018320284139575,3.301471640984279,5.544194521601039,3.4190790265859605,3.979519959006586,3.366522766186832,3.4742353761419817,2.551880180632011,3.272574235126811,0.5420792058478977,2.3410476578129384,3.3055261325521768,0.4079034043517108,0.13586737761366877,3.7888047854849676,-0.16510130681137783,0.9870668190197636,2.582319352181488,2.668312864197299,2.7739752726074953,1.1771391517318444,1.795124726897323,3.003840773624968,1.988790851870169,4.199716155169662,1.3241464626680322,3.06053474982974,3.2687519022626796,2.8337099651324604,3.10988506202653,1.2492253233289066,0.6911167398691578,1.6570289790262402,5.233600027211538,3.309356931035166,0.9016539011961893,0.42406778441352216,1.5668145654810695,3.3404324671252104,5.912022560512012,1.7002227096497882,4.635435157175139,2.7816782199753183,2.5523393184236784,4.126190521022414,4.856944360227981,3.3466901751541585,5.172735709844718,3.877028999756323,1.3543167568879153,0.7537623400064506,1.9723445901808472,2.3062085671935395,1.4267829958173834,5.813355938287277,2.9346857665833217,2.6756489480532206,2.285975611568966,-0.057563096310372264,1.9774368707542291
21,4.085886219017336,3.839057484055532,3.994635401138491,4.291776594328934,2.4289159563003335,1.5373795957859535,5.306675789282463,2.217388048435284,6.294781775303844,5.03623274209191,4.151611230006377,4.025289189749005,4.859523707250841,2.8790522368930525,3.8169848078346975,3.4640351528423543,3.969792672520513,3.466966671213193,6.28197584385625,5.197583077944127,5.784825502812101,3.7056668821278533,2.716680454753887,3.5445707594339684,7.234900910999944,5.904240137943234,4.125722201060875,3.001977682312621,6.171255993027474,5.216439690332718,5.572965221929742,3.6065976106522437,3.172602128980043,2.159016356212106,5.921364780334191,1.6520607760555597,0.8751158505597173,0.3959290625379387,3.2473896384926895,1.700952630235077,2.546452925944557,4.674243557863834,4.218312075029969,0.5628293732493161,2.2266504871971096,4.508600612031315,0.30559140214290653,-0.1175132731234915,0.5092572112772622,3.531082314583308,0.7078113411550992,1.564255695406775,2.5857962378828563,2.3123406962551547,3.118177161198501,3.516721032794839,3.148522117053082,0.854717915054522,2.1779883176607626,2.0423662487609415,2.6344113221793983,2.028257956057989,3.0229001866730254,3.385209764067631,2.908448343225218,2.8741957225492683,2.961963361905372,2.9504378286370305,3.6720951672088398,3.208340675759089,6.317695640223857,5.189412543718245,5.1708527724258655,3.8415371740294266,6.529665362988193,4.828599710489908,4.762995900358859,5.847047540089965,4.059235381410926,4.591845299977246,5.485138334667496,5.847328031237683,4.388124021110305,3.9062494588112275,6.299545055552322,3.7350512279784014,4.79812608994289,4.487840110206962,5.585801773044751,5.898471863033533,6.1173090289488385,5.347268187816123,3.1176375251782065,3.202515040760134,0.47192789027947923,2.6670313306914797,3.4883870282644183,1.4003967734541143,0.6779099056850719,3.878207890579169,0.4193306826231518,1.2534230447927766,2.77440225800877,2.680886700192761,3.604873514497725,2.150243136669971,2.2739103302736754,3.8616711174245415,1.930580241994409,4.244638742425956,1.2791750915416746,3.1817133008012846,3.079870314356282,3.2232139510618065,3.105874946896225,1.4482356003552341,0.4820120551982513,3.6906385852406105,4.745195577896984,3.081623004409685,-0.5667146907876264,0.5278893839518768,2.513843246493413,3.6796275877451494,5.072910721888984,1.3675417755285173,4.324188741270677,3.0087156615656596,2.5687292421098085,3.5927689451576965,5.870415855268773,3.351370873573837,4.787756248818676,4.043832494756553,1.4467001284036818,2.810493404120445,0.8571259560329069,3.5476011623593853,3.338266028451537,5.690381594177809,4.328434431094122,2.3046318250462963,1.5892561077681826,0.22333031775762882,2.0344009341706673
22,3.9730328650993965,3.777191582125509,6.347701892422549,4.843224043596889,3.341804282412377,3.6664608251053954,3.8729147150434597,2.490924040203342,5.908122127413737,5.847089445120344,3.6514951215316502,6.554382278307314,4.805598604107376,4.6339458028398575,5.261200231879658,5.433020090876289,4.812344923970796,4.089609522408066,4.30976789899459,6.188040843717672,5.061355759837113,4.129503640057518,7.108742422011372,3.755665214125223,5.753773533828135,6.61940861023845,5.91263067308337,4.443681861722629,3.644998448576489,6.300563827420128,6.010273936130631,5.9554056083270615,3.609279250173234,3.6451269192220357,5.020267848637745,2.205798010997965,1.332157709258264,1.294766605680485,3.6620920320654937,2.680492139712274,3.5921665760797756,4.615819410135952,4.9676230078383785,1.4247702443514818,3.0138236470202813,4.598521112501155,0.234430051537592,0.9037980198243108,0.7969315646982581,3.242148331134782,0.39820752770071666,2.0488776244591187,2.9416555584158193,2.6049170217599733,3.442931668385658,3.759192147061931,3.4309110701016987,1.1050231087170856,2.665771625771836,2.486977257416033,3.1861085903383057,2.382430089983538,3.461689796410605,3.6916649330275635,3.4724161162627047,3.3537833413944393,3.570122913440923,3.3781940347128177,4.072818535238154,3.4923112883842604,6.847291909239382,6.521880848584463,5.563552638921292,6.510422834157437,4.388778289112598,4.563963670576257,4.318157379824354,4.425211999191668,5.8210202322134466,6.431280725743785,5.668821549428327,4.929035521483977,6.798824450996788,6.887479807429232,7.071350432708789,7.028004314242139,5.001317163558103,5.928290974176724,6.0162079490152385,4.339094782790757,7.139662347607079,5.95644121999945,3.3464226433488173,3.0450124178970346,0.5991166224261242,2.451655815092081,4.105113045306751,1.2672970057756487,0.98719438542815,4.378886025444555,1.0811238289135379,1.2246808804162181,3.447097135742939,3.3737857058779817,4.270752658062967,2.306741283212776,2.9684328428443454,4.085373112199598,2.426256998530424,4.539290321229589,1.4241241994457772,3.2333030631517934,4.352397620605828,3.667349394372414,3.435977757125486,1.665949589369714,1.310064685533062,3.273359744751435,6.061856240019032,4.749594449232532,-2.920844177132681,2.350843466157305,3.280336330304057,4.725443261987619,4.716983509462929,1.67810301758871,5.0437272581533446,2.889433735282967,2.240186948391734,3.7270360791812633,5.7558264480147,3.4112594645230794,4.454736383399873,4.9443842389171015,0.9414108912212737,1.2781439763736644,1.6038951557064052,4.184341404781003,2.6753577610974,5.944013544554224,4.199094131322057,3.481734911934337,2.1396104549834742,1.3829033479592792,3.832262915597548
23,5.0255723550250435,5.108974221830211,5.079068803564843,3.380822902085931,3.025318131548669,2.529949313341976,3.8936254288393064,2.6624722633836075,5.213086200138666,5.823301516622177,4.444655113691956,6.454810056570567,4.441243450204839,4.938046055774192,4.513505251575035,5.23005908075765,5.696476105607758,6.394682754955356,4.6731193113130995,6.306019366732078,5.324362290500721,6.681971957465599,0.49721143779833143,5.401239939376804,6.9033992526509325,7.563172232967503,4.71980443432012,4.334142773707569,4.894425923271718,4.02261658483397,5.754028698787737,5.351627115847467,4.3530438558957805,3.645587184571852,5.870066495395376,1.7181057916876075,1.4478615964588757,1.1094943981181626,5.015786778581127,2.6815343101436118,3.261116419395742,4.649867147921092,5.139887585980581,2.0547903554696925,2.4456426703980005,4.5753790474639375,0.41321278308331744,0.6869511937258486,1.4146865136166995,4.038653113773082,1.2018803345290219,2.4321871981208676,3.261098856337752,3.0667564418800137,3.849611580896565,4.009903207280158,3.7748035549564127,0.9974462179972862,3.2483404564305696,2.7975429911916234,3.5936038716939787,2.695270108199476,3.818269256368929,4.162183097095141,3.8586318286031576,3.8909677196291192,4.062679434569818,3.800685158528156,4.457224350282582,3.854335828435268,5.941784310446631,6.390189464868338,7.439394499010058,7.592611773505672,6.45688770272846,4.798266147339376,5.520656418464456,5.199027386299632,7.579190639264658,6.337978263252827,4.934598398451627,6.156309869175608,5.879700514477282,7.517477583559204,6.419194853693577,7.4888835725808205,6.07967255326361,6.436224947901129,6.800528638465645,6.43876177193319,7.7926562779247135,7.256168639035805,3.844000971104892,3.378061886846743,0.7185194035135428,3.2541751290567307,4.450198270047442,2.0348297737830827,1.0330312651719644,4.827378108993,1.9138387990801853,2.1454776081483833,3.3553396808125675,3.9729202794047844,4.132082842226878,2.341574437102977,2.970055687960075,4.8560837019853125,2.9459935001579733,4.745028104186069,1.8281966958637244,3.4218819681413115,3.9816797683344176,3.1112843175160623,3.8193910169530625,2.0511843279378437,1.09061391566366,3.619378350269503,5.833291123132865,4.289636652681242,-2.9894960793912024,2.7039581530363215,3.029293153737917,5.6853829205819695,6.2074305357113175,3.4049882401942657,4.87825179148035,2.8598168456601543,2.401996616559846,4.820997232382659,5.858171933045366,5.046045114132392,4.898347966490391,6.030201136634021,2.7841263922097834,2.803711631282744,1.6709017746782213,3.4428472245635233,3.2181962702837232,6.35968007662447,4.996286458179368,3.4590978539815955,2.6956252960102574,2.3058618512829536,2.819983330446934
24,5.038089487807605,4.504336602535653,5.71672211481702,3.9225478791000463,4.750177576342168,2.71905799766061,4.924813255883966,5.112282665180569,7.309596599613352,7.122879139925039,6.4510718081234995,7.531288541557226,6.2538154128776515,5.872351348871385,7.115450940684481,5.325348463572183,4.744687868516366,6.040979636331691,6.905035998203435,5.47246208447167,5.4147338268444525,4.589395156737944,4.6079403372143535,4.314115729302962,8.24414867229194,6.760130389522555,4.895343753331815,3.841454633122754,6.8423480581079374,6.165096063534367,6.641488965616535,6.737168285732175,5.795266649277125,4.665380922487492,6.49189635968512,2.181521857960165,2.026592678585302,0.662158655332143,4.924175619079679,3.4995456525821584,4.400734762684163,5.0666857418319,5.795550447389031,2.5461878849798496,2.558204413845367,5.2602119748371905,1.4955270487938952,1.4858568687778109,1.5696697524380128,3.6261504590842835,1.894600119031185,2.7854645419858572,3.6547239055032157,3.3909044076787547,4.000257598428183,4.139882226802887,4.055997025882614,1.0245862447693819,3.620341992755125,3.2170782761745516,3.8964029849154787,3.0875649444765516,4.318943720249274,4.3976717434425785,4.37111618789065,4.165581389353925,4.4211233346926,4.097161873309978,4.902983149622943,4.132016104258606,5.623981695035725,4.983691289942609,7.807688874153371,7.435492771758042,6.512255319272114,6.644114456107607,7.15508491858695,6.31816214781083,5.465137065449977,6.5469399952588185,7.667335605365345,6.200902524913118,7.865067976769171,7.2459097404312,7.0431427459304246,7.620258068927833,6.425861647064993,7.669576875101589,6.755052848586466,5.163066229109352,6.951928431631859,6.8990975916807,3.9949397903095534,3.198659378686163,1.235062927081948,2.7673751998030096,4.408886867173686,2.674967288997407,1.3324491789446438,5.238566379810908,2.146538781879925,1.9810027864626962,3.9350251253278294,4.317964671334017,4.631663412086732,2.613477949947266,3.817433860458813,4.852317209286841,2.9035979201745654,5.208845993915041,2.2608811336300314,3.7887045355516706,5.049408061780956,3.3687888570534366,3.7030330943958654,2.0771375353918193,0.9402425285999392,3.8055200055080314,6.137436097720198,4.257414261453535,-1.313184109442643,3.6137178637936684,4.362202394909868,6.066199118824883,6.217080257149455,2.856089685793731,5.284201855581225,4.845262646695826,4.198868117384726,4.638919809125721,5.8983379785471195,3.8661068479628766,5.395704879350472,7.01440908589089,1.8156565138195604,3.4563586521450924,2.230891520229987,3.5769095524598438,4.525983630130883,6.138478042716908,4.367912556709939,3.526091040211261,2.257029186502164,1.655304433057839,4.376837119289921
25,6.252515410620942,4.854501699505327,7.185290331784493,5.804037389843131,3.216686523677608,4.720489955372968,3.965536341855579,6.1638781866538075,7.240537350806138,4.704207829760542,6.99744610594642,5.2324774518421,4.747455947030088,5.451014317618739,6.170094592087195,5.372184218042747,5.824205483111544,6.717212364223552,7.271284959141668,6.476931889930594,6.4982499102163676,7.106230547901811,2.67621116796414,6.867062119049,8.28232864572,8.557644818255577,7.847380321020262,4.928498892075034,5.981294099489424,6.170469761928446,5.712380996098485,7.6934368842929635,7.255742187103647,3.9347690933242983,7.4147919527993515,2.568342323968452,2.0613515295721063,0.617137666933467,5.429457101130731,4.058024089304829,4.256449345566975,4.853806284502521,5.840676787765444,2.5231254963454033,2.8444114213794287,5.0441468890153,0.8703888439566493,1.421574226890208,1.307815368902781,4.761121949842527,2.136925353842367,3.186056856372368,3.8211796841404055,3.725599892949975,4.372078328837794,4.3626270313828925,4.292818615863429,0.7796928202508531,4.071106060055177,3.538848084793671,4.233584984160334,3.364943347242017,4.739384271117794,4.7263899748439595,4.804816392888305,4.62805697627849,4.820460634897303,4.505692106510872,5.228653431129115,4.285161771244966,7.162820095754904,7.085616945351365,8.310462626563798,7.109014642742192,7.917146590432987,7.801970369522827,7.760330170595564,8.266708644088714,8.571978517465965,6.399843336301021,7.2808412493131165,6.504822013680761,7.802624814335939,6.1371241079343966,8.037333253602615,6.9429588970452,8.028263841591457,8.306085774800401,6.008535764307927,8.07858472732634,6.108136458244241,7.474068482594815,3.5679108827348385,3.1177449892195988,1.231877892563591,3.23083781160013,4.769833299783136,2.702814890147672,1.9647980143501966,5.152534760620764,2.5018037080472144,2.73443769672662,3.3538901608751472,4.0566191051796405,5.124159915738371,2.898098797394817,3.847488461001536,6.027912717612994,3.39326703294456,5.1624902969606925,2.437862359734331,4.084974711509608,5.005954710169659,3.896165079556303,3.7038278548757075,2.6399873972477392,1.8858192519269352,4.008907717465561,5.621062956131782,4.6559548439914415,-2.0858561896093897,2.6103916893234866,3.467967261980843,5.371092646228534,5.7952681604188365,3.2836036113335227,5.515959805791062,4.428648552282221,4.435692429322264,6.081470633160777,6.4630559209012475,6.351801466390081,6.801624577404171,7.272298482330503,1.722431721127237,2.8912804374650642,2.9167713154296986,4.197122795233788,3.7036120656318867,5.891765003896482,5.3316103389102665,4.135213989441079,1.8054374368598793,2.175677286424791,5.1850379184458495
26,6.4892820456639875,4.8176264112384,5.562069750341598,4.780934333963076,4.301580286540984,4.046644597593492,5.498422008293367,4.271877875576937,7.2937000302137704,4.504196772514837,6.123704473949236,7.069372615567987,6.242952248009168,6.855069721024284,8.101030929223043,5.448041523968832,7.781092394680509,7.524810825153507,6.815113373604043,6.857832018759385,7.693223128636069,6.633380323391261,1.1049637514888209,6.078663935513408,5.335603222219317,6.136116818269397,5.13287535023917,3.6762079824175533,7.871523096905978,6.953909930311765,6.799943819219566,7.787098562799672,7.307385640776655,3.8280113419502033,4.911408317759677,3.476964555850619,2.4997815753151946,1.338090381133057,5.280286469575006,4.149087364972056,4.767952705741839,5.4163995684359705,5.772939141457655,2.699731693123709,2.556638131689131,4.875666321556738,1.8051374941200609,1.5314645789836625,1.9031942291761448,4.247655641246623,2.758428109216335,3.487645159771119,4.091897255487846,4.056846253130826,4.515936620531376,4.555493721676024,4.518851900755091,0.6472058597515705,4.539444800140789,3.7778955804372014,4.566594295803691,3.6882102850110963,4.971725220944016,4.991078814735288,5.169777694518046,4.966615083068979,5.198076748919672,4.8407813505529615,5.3762956888829585,4.595751765250956,6.983039015303536,6.280250057167534,7.219209746209695,6.53684104577159,8.630529121207925,7.5594005955000485,7.457263876127355,7.805130118014725,7.935954812564763,6.764144166771525,6.19035136257227,7.229573539265176,7.532171224792707,7.664060279780398,7.176103259535392,6.943770078174207,7.988636123963527,8.314079181306953,6.706025737473538,8.605198834634285,7.892411335427376,7.730626275163821,4.029717764289195,3.355243069048426,0.8197410014906111,3.4733339457400945,4.492920070382817,2.996969277165538,2.146935581764466,5.3843465592877955,2.4480390081824672,2.60482641351705,4.138437471752806,4.295856994555558,5.176588625962283,3.946240852192153,3.986943743720207,5.7390312502269465,3.6555980395281535,5.782642897587256,2.8799424180308097,3.8021534007602193,5.666787868689946,3.262734345324887,3.5397485067995675,2.8146199409112667,2.0599121898031028,3.5028187760522425,7.374460238637004,4.62583075489711,-3.543687345985071,2.7320997038617234,5.394302187396708,5.585382710316783,5.4694255162831675,4.4665498571699676,4.994035888456426,5.105416330649449,4.963110749474465,6.074871447590747,7.086307601133756,6.079511322739074,6.269950318426904,6.618463327148,2.659284977005729,3.2715503879749686,3.993474379634194,4.185151494367693,5.053362477899516,6.935049468243872,4.361611411580912,3.5020671462656927,1.8075906440066718,3.8806347819360743,5.730743571189458
27,6.915011710218947,5.997236059499926,6.744036966246728,6.191282008759906,5.271071313362503,5.2604386445265465,4.88457236069232,4.54000419000196,5.240399805072765,6.669553342699821,8.156264433964967,6.944417751317918,6.633192590840817,5.220232877430559,6.080766686958175,5.559025584974822,6.234398646725601,7.524576365038467,6.155951511901841,6.429522095901556,7.855853241752907,5.763844382830726,3.7930959977489196,6.988896118698515,6.791191841233045,6.457621572080992,5.57262047689397,6.887589875751983,6.6773391155249495,6.3502804118379395,4.223359242426499,8.15884464942195,6.687927247434258,5.202719742278955,7.173060525885427,3.240894686115129,3.557636345521772,1.0447271389746131,6.6052130888295,4.120340693919999,4.545640173647087,5.457044247125417,5.591647855087338,2.8732294233730173,2.834375331692039,4.641986606584866,1.3997969264655348,1.7158793422019278,1.8851110327389966,4.408849648375208,2.8485868959593468,3.8465124007775167,4.3903775045978835,4.318533465256807,4.758028395204926,4.634718166356343,4.570277316947307,0.8352395618455652,4.854689066153088,3.9344444339087827,4.886094892903019,3.825858891265235,5.340473356554388,5.1861745463454865,5.462713345988313,5.294133228707218,5.52618092785583,5.074710626061064,5.60941998333017,4.739474438498526,7.26018842661823,6.8888741372864315,6.9594010124554515,6.713937131686772,6.628364341463893,9.042534376545355,8.276633300068422,8.27581615536005,8.929904760180259,6.4289296494350925,8.82206489752147,6.2431784885009565,8.318265681362412,6.4709843610226105,7.338259755500065,7.9805073799383806,7.2594381485993384,8.89264402366982,6.2125023744968715,9.174757441637476,6.689520495416947,7.220784725769533,3.6314811374483895,3.774171965563058,0.8236192544440827,3.5009594480306347,5.194955616247309,3.473741831089759,2.1183767498558983,5.52570525718489,2.7203033229600484,2.6741999562024845,4.3042752987155675,4.607462515082946,5.456332255137779,4.368874850926964,4.446185427488028,6.235237002567515,3.8657053594272535,5.9293071216475735,2.5067161350717324,4.024134336215601,5.393800824577166,3.127524912890746,3.7948904128652106,2.642675057781892,1.6604504786364074,3.979717863588028,8.300555989144158,4.597986564412824,-3.4656105451968076,4.0483589819887555,5.837179131897493,5.70317684902668,5.647496078347206,3.518511844140752,4.844082419025354,4.443360213370383,4.293068823211136,5.767237920492235,5.950275028100367,6.552647686236268,5.982636204089412,6.903464997051758,2.9606387837132098,3.34758831438509,4.496751907484759,4.308161625509435,5.772454333684218,7.764669687050457,4.61316556657326,4.544484417656542,3.8295494855950833,4.095443945367792,4.681523540590078
28,6.272231978028837,4.899153849821679,8.001559845091204,6.216154207777361,5.175070122869814,6.463198200465859,7.108133201012403,7.36692531038539,6.020701357055929,6.220923465190026,8.937650703888373,6.236158435255692,7.728897930880297,6.93277193133274,8.735407474500919,6.759220674924682,7.676080818959828,6.383376979228123,8.960533063004291,5.844848689256607,7.28322289185796,7.29064762326901,3.7397134780072427,6.695037000194516,8.570865159370719,6.587171255955543,6.025501318101163,3.9601052366953957,5.99669182496105,7.105853506341323,6.26272003939971,6.436984919426849,4.539305038996271,4.680571011939211,5.400496804627372,3.120355709561102,3.469886219579517,0.8042088688432747,6.1044002934713575,4.397746528918784,4.90512544489917,4.804363977660569,6.25504681494282,3.3828761054802796,2.651016543412687,4.857077673617064,2.287082418861209,2.7466526778678273,2.0203010373562864,4.3103986784057104,3.055249045972566,4.062011470361747,4.520857438199444,4.521232524784649,4.856782475450045,4.656033862002276,4.746468824807432,0.7449013674000513,5.117388216103848,4.158447185019589,5.102534699160639,4.055807810199701,5.478780087373705,5.4045540950382795,5.796934386869574,5.4702636155066635,5.8194197482078955,5.3772012020339925,5.75637590883023,4.816254431498262,6.927821996977133,7.303769412959548,7.595633953567,7.619154598358887,6.708886901519336,8.872345646135955,7.9757214289143885,8.050385297312113,9.075437247026882,8.145068197730847,7.750156344823951,7.973118300307883,8.540286188310178,8.534886616511642,7.087103195727993,6.5907120359702525,8.557685229249433,7.180232183097774,8.712263363599014,7.596361626594435,7.716177753136349,6.917255353938382,4.300830665984061,3.501910821894141,0.8968011937822188,3.637549692921978,5.179414388535453,3.2131314807071774,2.386531351483291,5.666825830274322,3.9290263757459214,2.8628514140417876,3.5186865487852668,4.838975988667987,5.373200662827254,3.809381836523331,5.327722994735454,6.859122186099216,3.9237954247064497,5.357756948261945,3.060914078792867,3.8486038097393283,5.707802509903582,3.314417041912593,3.6272295045096015,2.3898461253577303,2.3471550092805735,4.3795000337260435,6.55194440789856,5.069395372710989,-2.031775888749789,3.4882285412967504,4.799739564663857,6.833966596620027,6.905316683932858,5.504120752777388,5.495377720980634,5.432875353198018,5.698573651269921,6.127859910525373,6.493718928118997,6.3553455150349585,5.523318729924973,6.836995135086301,1.7997917083049124,5.2125917662049055,3.320603307502451,5.277502671866812,6.049038487116265,7.445721632550347,5.91712721444088,4.885193554481414,3.0624635308743837,4.289768828795697,4.582966180489343
29,6.501849185865397,5.090798143583142,7.97599735863057,6.747617474062191,5.513992892912777,3.875159571526471,7.218336716210556,5.370918182817959,7.082081339771682,5.853339979871974,7.769030263290969,7.597310855741677,7.050665402454486,6.137037889640187,7.883282277818966,8.31668473802378,7.914714156332561,8.813386519425432,9.333076828026414,5.666771576714111,8.864139297205284,8.640680638519163,0.20692976032374477,6.631441310831671,6.099443408312693,8.314315375455756,8.829963363499953,5.716889710177021,7.704965773272042,7.307503105190094,4.339413916282731,6.675861831747802,6.3413178592426815,6.097857718383552,7.128327364782203,3.8284921290084064,4.3377446294518816,1.285421723792149,6.711824963794435,4.586358676840741,4.654962902417874,4.695297992003049,5.993045475978618,3.906613477394293,3.410789007255011,4.842212732491619,1.8228771685205665,2.0923278988012846,2.7979130067023457,5.355374881722353,3.4924637725854515,4.296990046993979,4.613516754234379,4.698238584625022,4.925857726854327,4.770626284893184,4.734658436195042,1.1160294685024623,5.46520370611882,4.348717605610535,5.266914757902427,4.19305588751509,5.677653159422147,5.471343485833676,6.008988157792113,5.6010000110250315,6.052096974860466,5.668407627710067,6.012588724761015,4.871270917005285,8.547130046305893,7.913570708797362,8.979551965638846,9.456805194782024,6.787946233502884,9.259685280360642,8.062287621882298,8.598926458826181,6.982072061454699,7.4793428519702605,9.017193319243239,9.645946127951525,9.432342124031049,8.570692299217685,7.8960644622192095,7.171563133979293,7.05260268179875,7.77461203141759,6.9509276994176075,7.601929463051973,7.882666192535336,9.149811663737404,4.151526977658058,3.817849792755853,1.7493381160717083,4.366465775622461,4.819358027130835,3.44754403403236,3.0775156047154724,6.049090124283733,3.987649410626923,3.5124879136830773,3.9102329061363013,5.126664050884932,5.792474844306888,4.151441959274273,5.604255463948335,6.676734280340788,4.253914534601579,5.769789625433154,2.836904150322615,3.7059653531728127,6.753185211496565,3.069312853905696,4.329999320089963,2.8435410314334058,2.061388221475691,5.589641801958571,7.426404267015883,4.815450930783395,-2.2510838360553396,4.968253090750236,6.438791757250016,6.881812706664149,5.409879224923279,3.7402317727897985,4.501503816454053,4.977511416135796,5.171770405794112,6.581775949243583,6.247300933716137,5.73251082737241,6.411656807730163,6.769869270939059,3.9998180444940576,4.680703595079997,3.662790571371609,6.7693485264108695,5.561580474417436,7.042086023989386,6.631447814753326,4.216371699779699,3.8497590298096527,3.6333668139189497,4.693964041102264
30,6.812295034618106,7.117609434597021,8.657306665024846,6.451449093331504,3.694780878158923,4.989456588544416,4.713619904885001,6.960999862739456,6.36747453660355,7.557077321672205,6.712132425628201,8.280305929042418,7.614624001273484,6.729411804518225,7.19581563487816,6.239983783848745,9.213819025161218,8.877854112973674,7.542797593006282,6.999810829115915,7.531006889801574,8.56881631972345,2.797677036588838,8.141559050170075,8.593153481651754,7.880379081698629,5.7873908590713565,6.140898443820966,8.129750650462869,5.212540329656719,4.915083698459893,6.7492688515261685,4.86604271632814,6.1465805902904425,6.691590308993038,3.8359899091119107,4.574601572775235,1.01444965282865,6.563589700741343,5.440395245748904,5.306814519947565,4.266311817091496,5.502455765938577,4.278722227985584,3.461823729304337,4.575064471222467,2.151411265131478,3.2418239266461994,1.9645606128709472,5.2239430393366915,3.73063482939397,4.466584546565873,4.731467178803328,4.853350694384521,5.017332540598281,4.696751536036576,4.828935758557973,0.5763869151587828,5.643646087886683,4.521663613259812,5.396554079085543,4.430546431385024,5.907128763030815,5.669084957151803,6.164496650352408,5.867772468334678,6.13629416042155,5.700566935401964,6.089969423031022,4.979467281895708,9.72907775639835,7.217197579438601,7.912500551398534,8.75755522513484,9.05211927354594,9.006414196274264,9.053295981412564,7.703914383865444,9.422060418949547,7.174849448712605,8.836969530368494,9.697179783860202,9.645039085175862,6.912892036885658,9.727129845612973,9.843049270108713,9.08030049586916,9.153799158235417,9.351942565572712,7.313980230819844,7.107047764761079,6.882797428078302,4.4171216684832055,3.6230271856298257,1.324785326727201,3.781294533118789,5.545585924466482,4.2011438267524674,2.8970912424940742,6.5511037808171135,4.328029112256032,3.6247693658135574,3.6092399995039193,5.64787755198062,5.566150093974279,5.013961179064592,5.831968530236969,7.2786963521936885,4.130190750667962,5.169038739752221,2.9818489619739155,3.7597266032136347,7.284942668203127,3.066969363062462,4.132106056836713,2.637993887591465,2.704387339021224,4.11880081990546,7.163166469530764,4.320704738467672,-3.4310249429690325,3.913187408215042,6.678793988177635,7.266965824443959,5.303485355155075,4.118923173955874,4.824164693371778,6.504941012106662,6.284684719600913,6.755002470396738,6.781161462158666,5.950625219349193,5.492076908242411,7.275318712369362,2.8911019731875682,6.08133066017878,4.375874022086722,6.992029897730342,5.339922058731834,7.0690069333523775,6.5023744062316995,4.383206117535671,2.6357577113902493,5.494295234333859,5.333633688295074
31,7.652606589359946,5.435554061074395,7.050821003130317,5.808388918466184,3.5628085250902664,6.178451726473593,4.49565774087355,6.586317840916564,6.2345137932482455,6.037197658215433,9.047810252882188,7.036702842873003,6.132678869854198,8.08107188039971,7.5969321678454085,8.903193588288367,7.663889999163823,7.8480356965970985,8.783115847131253,8.358181125723071,8.41241492312834,7.509491213791523,0.924712126711517,7.43084883929961,9.11632372143415,9.292747636703002,6.309215641304147,6.46057417955253,9.125283434962185,8.321000080074493,5.826917584025633,7.233948021547649,4.679278449705976,4.913252185354011,5.881354935300898,4.564501736546681,4.8045792191346655,1.7017670501480093,7.053953308584603,5.596928337115088,5.356089610872416,4.699166184358131,6.217754258000727,4.555573613508981,3.2742234892732003,4.037858531884991,2.298307743332795,2.7075754064648345,2.7869899751796687,4.886880347432006,3.865310889412436,4.72191746300922,4.803314864863694,4.884178140277994,5.05969099318946,4.629831842625404,4.861441418254575,0.671557004988894,5.828597922530227,4.686203137573413,5.594164383474622,4.452979031117628,5.943940260627384,5.67033165404587,6.293852836993855,6.00983580414415,6.222519075228009,5.940946374335093,6.1166838615600865,5.030358031585074,8.313442393455134,9.111831810180924,7.236398701008136,8.923564398741876,8.078799042622867,9.551336025933324,7.621374573817719,6.766965468232462,7.064226260288748,8.22305603680322,9.013253639788642,7.866363871587782,9.569391713090926,9.718643386843029,7.526699639385615,9.067325612711569,9.301777901261,8.499290576423936,7.459871707390108,7.929833968811842,8.099188780989122,7.70803617471965,3.909431940889182,2.880814758511279,1.6882474132298002,4.4451898776837755,5.17468419820203,4.3683444163912295,3.605100923707126,6.3145066930408165,4.254126319714302,3.8213368760690063,4.159615586384687,5.782178299109699,6.063896154273522,4.504829598572434,5.48817585118516,7.330751173038331,4.5288192744525295,5.545341824522904,2.671720054797635,4.178004823056286,5.653069275180706,3.3836065351807725,4.372813535774507,2.765581427743899,2.110262310793524,5.1789356459500215,7.406768170828,3.8470268864367485,-4.679319590701426,4.847623026515965,4.89810847535981,6.053666405484798,6.6707049254303685,4.276351871725281,4.583890578659971,5.714118746647644,5.9851987424204065,6.749562508055481,4.995854605626682,6.706085554466766,7.298847811233863,6.484709188261943,2.941330675233518,5.878409804211488,4.13553135138988,5.823136213694732,6.643622643095391,7.184082128059446,5.287922781411865,4.01779388332644,2.472596783578127,4.513464088968849,7.049380369293139
32,7.757234417908556,5.5100107054147225,8.672881028597374,5.947777867283037,4.107479466471328,5.73826498835679,6.302281029528214,6.2167781879476465,5.4219335452752055,4.634382319100223,7.156810819546277,7.297195791849037,7.083023452891036,7.435415552714232,8.849963077761208,8.838861761474982,7.865290244291837,8.554076417431578,8.590692904752379,6.041031158183572,8.104666015937276,7.3841794326306935,1.2992015413921503,7.345337058004809,8.669377659455648,8.727738259041383,7.524244460428032,4.291885954954745,7.1471261268465405,8.410464323753978,6.6538840941629624,9.114771523910585,4.712794683506811,5.858021946659678,6.342023327990305,4.390716749412296,4.380939717422883,1.0859792360489355,6.635332432700081,5.115501606063553,5.007524882892299,3.507497358487596,5.5476245313677985,5.200120720767823,2.3170016586723894,4.353599739156976,2.937804857188727,3.38621134307971,2.718188166826162,5.028096448107657,4.294857760411747,4.832539118155989,4.835389877496968,5.052751573165817,5.018612110236947,4.576657607136686,4.791433619366595,0.5631900610299494,5.8993277233912425,4.656476615517448,5.6624934254940955,4.558361632371644,6.137408682969972,5.639278911509247,6.401129736570274,5.9658105765927925,6.2847271407675676,5.910014648770858,6.111785036810557,4.881044295021835,7.7157100289725555,9.87429601960434,8.606620032282134,8.209926320961804,8.13157784640439,7.577483269262139,7.76854789498528,8.87199403451374,8.009688466403105,8.789515627776476,8.826313860358542,9.291102641849314,8.623654198612602,9.781576649467336,8.96287903214437,8.996028417571049,6.933406220041016,8.163944137485787,7.8833606071346916,8.937592612633797,6.9215148841361485,8.348745094624945,3.828435968060047,3.314943611305347,1.1009837850848818,3.7951274719504715,4.688594569307505,4.640952695449375,3.144551572503004,6.469494038123591,4.355647237831551,4.121206273068966,3.5566633254758315,5.284106084988837,5.9560386808664205,4.88739909483658,5.676984617814182,7.02974355769029,4.775281507376206,5.688495040162587,3.0562919239088937,3.518789457717099,5.809539379605108,2.802478220156953,3.5957641098033384,2.55541367394567,2.8499747282688617,5.797169347043644,7.5890607510771435,4.572859851405161,-5.370948800061395,6.495338938216282,6.753787316803942,6.3809522886814065,6.0076475464497525,6.223447604847089,4.324184980121343,5.465067370558954,5.162309718551251,5.9952739190332895,6.276173460228231,7.305100171607737,6.961903148024049,5.852443202368403,2.917608333520788,5.4785237339025326,4.18454508921559,6.464322718604471,6.053257100304011,7.381202849069187,6.650470538633971,5.24941055723816,3.206011617324463,5.897591156821474,5.949534581175797
33,7.041617853381093,6.906240110970428,8.17869910726372,5.275152589649212,5.7823003886357744,6.84869792138625,4.4093987202863545,7.034989301875015,4.7945170724678015,5.739586925649315,6.370263102993704,7.466818583300841,5.969360507585069,8.208731680422963,9.03341376225481,7.27813881157056,8.693458060099331,8.747049680521577,8.362995071253293,6.213588580581698,7.097739727075415,7.9881012238508005,-0.5520089873235571,8.41965418346902,5.8869588294106086,9.192028467681105,7.962604129813515,6.9211494110179075,6.806088007741387,5.718732079443484,5.278511863462803,9.224623313392861,4.984903851689004,5.740442051641663,8.560481357895839,4.3453715119414165,4.92334990925116,1.2699389673125763,7.45274959206718,5.474451080204006,4.4375864936968945,3.9815616399244487,5.916177166213105,4.567715087683789,2.6613565012278295,3.768878786264471,2.903151216940645,3.4923033519766,3.1757423098005986,4.806969025089977,5.048367924661096,4.941680000959834,4.805904303659376,5.066658893797854,4.898040357970217,4.4902036523099875,4.7650071817131385,-0.1469012410251509,6.094514500444676,4.744293167036421,5.690842293095925,4.611113464477434,6.1339483580000165,5.658515872512294,6.4148210070879195,6.074727844767631,6.329478430357307,5.925146340107158,5.962749130618435,4.928295351458792,9.158082877519515,9.180324459044442,7.530973651174798,7.965319933719158,8.992522761579057,7.787756723353032,7.175696318507228,8.03650699468428,8.417559946052304,8.036497341726285,8.140825463305921,9.246096199923752,7.004863348648136,8.654285395308639,7.285497609283379,9.64200383479277,9.254433121271314,7.402203887695504,8.756634605101475,8.244638162945893,9.448900754829802,9.387007400430717,3.8689130376512284,3.2115859498904165,1.5602596127031758,3.8532367099178635,4.9110955900856474,4.778252733447994,3.556696529184676,5.8519994606838495,4.748380631785931,3.895550059793521,3.746046209169456,5.853103085152944,5.885483968000981,5.205610282872769,5.744710869547,7.20647623863305,4.81418308121689,4.818737640531902,3.051539857651343,3.4199317519147217,5.94888583637894,3.2210891199739082,3.431836999437464,2.5675605562602,2.6236074944300407,5.3728311411690814,8.120697463336578,3.8340570639300737,-4.801195708280204,6.511815918238523,6.801319143635286,5.8681075672202265,6.557615886730859,6.295131238328527,3.86923760492808,7.522246644445486,6.613002344396344,5.4314668827577695,4.813882839823331,6.743533580833013,5.287608625197273,7.5485551217701,2.88858038615185,5.538189609944082,5.501739772765459,6.5498705771331585,6.720237770979658,7.632034236722474,6.0968793858917785,4.738532536553052,4.180097076188166,4.525248208448695,5.970360950960756
34,6.472638730132546,7.48574320036153,8.672967713176234,6.898432369320126,3.811097477785073,7.268919050170897,4.5920961636856035,6.764507601908808,4.841333380571639,4.868646709353214,6.284603260450392,7.912657044159221,5.875829640726129,6.0861165962388135,7.9637730111593275,7.180173793340395,7.460413024545207,7.380944730957387,7.8731552154093185,6.918483599733235,9.041431923315315,6.5690777748231275,2.2711405703978627,5.1667324552126885,8.90757387749425,9.818754432300423,6.125163964662872,5.330587129854961,8.00854345262274,4.86474553889988,6.72376464478333,9.440643183276915,4.712463514687868,5.70848994149093,6.105443164086449,4.413002339072548,5.283573612247305,1.8711673478668964,6.944755609685735,6.033279365095709,4.4962238641147065,3.4384913236365966,5.629875013344491,5.282928215992997,2.601077762916586,3.3998774577285773,2.6693746749934393,3.7378263783393586,2.344893045343982,4.705494276924709,5.057258596511029,4.923477324538858,4.715293933513221,5.037778937510121,4.808266413648741,4.299089453800011,4.521378825676366,0.48882750312717366,6.066401329717864,4.752169952793917,5.570146104396291,4.6176273193331925,6.0434852218844295,5.526876112989733,6.322744624458259,5.91775619559647,6.3388681513264284,5.879836860982754,5.915487189069796,4.7331991690017245,8.217367373985807,8.332592437301347,9.50923513214903,7.936431370331151,8.638160621131062,8.29091290754452,9.736029960698744,7.265835801824332,9.052709945007548,7.32139092586448,9.860500189775534,8.459953624866197,7.390245791023671,7.044757603785637,9.201327343906792,9.779254598435832,8.379468273125964,9.654080208907722,9.132620084010663,7.38501351229264,8.444346268888609,7.831186354420375,3.9098530461591707,2.870874341653276,0.9994051189819444,3.6402468069818528,4.616429891955212,4.887272088300735,3.4603797974299404,6.331489726707216,4.951583775095844,3.7337693789388426,3.657681535406496,5.34234458486609,6.388584247610297,5.608638367016218,6.094769577899496,7.124854363369988,4.638539966345083,4.673136559275751,3.02692494735111,3.1210869071593748,6.153187130161703,2.6275022406139854,3.9483498547666627,2.498100734259188,2.8678497927280375,4.160698429843458,6.819710370431686,4.846677285602082,-4.817440070454644,5.0073532149442626,6.000626213775355,5.304613113280253,4.695374453333599,4.948357748360393,4.847092657431508,5.773808356120605,7.260463468548038,4.900970137942926,5.873910026954793,7.249247761636582,6.610194495346896,7.176664005654402,2.597945523191252,5.619785186312259,4.330433543720302,5.929734595140859,5.601108736617985,5.346369178447707,5.247113589901776,5.073772266564964,3.4953332377556166,5.889594997540588,5.546443626742497
35,6.784337493115477,7.22551274216059,6.914468838848287,5.24149812052314,4.0071199555765675,6.997319749834677,6.8877952383546575,7.096542502043698,4.888002324143283,4.284796077551315,6.382831195262685,8.813341322205769,6.1073222212167595,5.896916332572017,8.875766262402436,5.964656246011515,7.981555256711531,8.15753320543111,7.715636981869308,8.028399189222473,6.8248953704085435,6.849098492563014,-0.5440062199313793,4.99705157397685,7.176787238250434,6.815075440856834,7.4947302116844385,5.205636993491241,9.261844815305299,6.709636561966494,7.287989249350516,6.224922046773016,4.20562408139789,5.749761917198688,4.895760825138445,4.611741152350064,4.64221537269449,1.4664179290597739,6.4498060792861125,5.313473797764472,4.701766260182181,3.140237121743743,4.721274498957759,4.852668274105253,2.830446584452009,3.624959058591706,3.394549848802131,3.3412232891134583,3.0499340634136822,4.773202157438644,4.906473750946994,4.949268619043754,4.698188254331357,4.892044619086054,4.6371017585448095,4.1283123000038415,4.402401615431817,0.2587340681000143,6.114687243220162,4.636289779369188,5.513867200808974,4.589702315626167,5.907710462015899,5.323740913294175,6.3782729617055205,5.8405540580180455,6.256296648839339,5.788026883744227,5.703994878979971,4.65718199419085,8.547991247600107,7.636469489384895,8.660584336733894,8.644264595538356,7.632657817333173,9.267490063243969,7.294075193810655,9.075416848924679,7.813439724692271,7.398931724840927,7.970944832673597,8.0045855673807,9.76603901447778,8.334720354100389,8.179375908608261,9.416862328906452,9.577949498776325,9.148879996461858,8.417286194231478,9.702657849341465,9.540119878988108,7.891399287570566,3.972174603365861,2.798831885351757,1.1233253039161766,4.393781237900671,5.128319981152771,4.594083879529293,3.4079543542864323,6.29288981229566,4.944941360672373,4.5198779071561725,3.343542081618112,5.831961824261024,6.214735784318927,5.040337851054871,5.911505334997716,6.686791711686205,4.821682704912353,4.294422607401515,3.2455463288407103,3.1856403851003585,6.555749947636198,2.2550278595952795,3.6238624580153367,2.8710426770178072,3.1807319673709458,5.073386394781018,8.588761782882912,4.590775944850839,-3.3084881687299506,5.671626710267413,7.275662640437143,5.431245725557919,5.036708381279713,5.270492085345009,3.4196891171160475,5.7735784177296745,7.382309470496393,4.837411393570179,5.174807527131036,6.429237097069082,5.914728320383552,6.047879872661853,2.45086980357992,6.109765948514351,4.564598295434901,6.103312091788018,6.738641323193707,5.576426441713749,5.571601240176463,5.793444346475084,3.3043581146383403,5.781406817573377,6.406293346909324
36,6.456928784515533,5.559192392596679,7.0872456794639005,5.918339303256367,3.4426746012947502,6.821663607382451,6.634701272434097,7.890089925147022,4.194029982600877,5.117120310668977,7.63855147972395,8.060508987061885,7.669091514709732,8.10899253913945,8.787725882637528,6.411405585562928,9.070232879912913,8.72498657008449,7.040054786682252,6.255789843548368,8.92245501674904,7.382595818856672,3.8895810466392766,8.087139959096044,6.34176506342695,8.890228142427702,6.130147775373499,5.4948657507999386,9.027371529790615,6.258472483314787,5.221214835088219,8.657017685469295,6.570555902713154,4.1776281354483755,5.193571818314457,4.759678140121743,5.590518559351574,1.6357468942784807,7.072374230524488,5.686123476193622,4.812799129027321,2.6594289914910165,4.720445401422439,5.774535073465601,2.7449789759762573,3.0619434320905383,3.397221273207528,4.109178420186046,2.7696362662907696,4.67394453314672,5.236303827966576,4.987157730250676,4.562963199985832,4.851590604293366,4.543021519642088,3.919694167022805,4.232771980819727,0.07578169661311326,5.9784588705401305,4.549742760786094,5.377729681984411,4.432843292273995,5.768220628010766,5.17920637920459,6.2635494022979,5.721467400932227,6.133731602979447,5.659305580740394,5.529067387569305,4.410928635437286,6.734100617275573,8.501449551392207,8.810894145970218,8.023733507504623,7.764825213096885,7.741881797999721,8.867353885534957,8.242261528137814,7.950529517170531,8.433707207767128,8.598872395003845,9.499231195673245,7.821452972897928,7.151985106921195,7.01761288231349,8.902579336404493,9.572915278398456,7.3880617134069215,7.244485285888295,9.183970222459248,9.537305644423936,8.298504583097646,3.3092888190149563,2.5167456666282253,1.130275687211317,3.8691905276964103,4.165057200491059,4.86783444368045,3.292337761849619,5.405671925199201,5.0756487874067275,4.679661107429578,3.405229965771171,5.4466828163245165,5.393633556836237,5.372642436948616,5.40980439871925,7.1058501071384566,4.212839981755105,4.093736208814587,2.889634864189922,3.3237892093837487,6.9473645321891055,2.672406226987415,3.520433752406203,2.4803460360621385,2.9974179616563066,4.8374525414453755,6.750331448117838,3.753733319392774,-4.366430072723798,6.874770430103298,7.090514051053402,5.097927121052234,5.210283530558952,5.06458376989869,4.390954586690948,6.2371591699635,6.610387947236576,4.923473482485242,3.997302048198439,7.198032756026016,6.135568768765833,5.721907376278999,2.7465145717425163,5.013534855378512,5.624690745677321,5.80944532493599,5.834612936754141,6.16403608678925,5.250444480593616,4.620725335176974,2.2778429797523687,5.602668688201582,6.1126070072664245
37,6.522337426477797,7.136692649928456,5.67138061472995,5.9345939050993435,4.991866270254329,5.669219895615146,6.850366883167306,5.042268151601737,6.2887127862287855,5.326723884874131,5.916883474218802,7.236677130571624,7.036547581375194,7.080004582990314,6.452374712929181,8.074346914048789,7.685179198838425,8.33185078586313,6.63108750288981,5.929286584513891,6.174173263122439,7.619288928864616,3.0284607908700516,8.035130945154041,8.771880676540125,7.0266880054992535,5.463220676892476,5.428893604200022,7.409713797724281,6.754855112617246,4.910088335680013,5.843810539326343,3.792336131390143,4.686966423753408,7.5851319199850575,4.387040836230658,5.5294371701707075,1.1104494019369153,6.600528039143409,5.276821438687699,4.584283005277127,1.8622668573898387,4.007056041717236,5.106354764941949,1.9110756753355103,3.008352280481649,3.534488709645346,3.454128564486208,3.019243034515907,4.570571558824848,5.715009243433567,4.823999565954504,4.294641376696414,4.74075136831694,4.322256588495231,3.598388309848074,3.956966391945691,-0.4673914004330516,5.849313071057327,4.453492133715197,5.29346186497933,4.266351868689225,5.576610949747329,4.8991426996137095,6.0510174393778025,5.547646587462389,5.934806513812766,5.576732832865121,5.206838165149341,4.258779017189802,6.463476948537716,8.863679045250025,9.303751285099334,8.148851101046253,6.261276130209387,8.587247113393635,7.832685333318515,8.205805603781387,7.251213590226563,8.496547900710826,6.5292690745874715,8.9200047788982,6.487534638958353,6.493330737761439,6.877929162200813,9.090462825576324,7.787418940791964,9.039744463676694,8.42418633489354,7.054236087110658,8.045629120826034,7.289459696613332,3.14829872430712,2.0725398122862777,1.3850439640969778,3.992031345397263,4.180451659466378,4.202099640126374,3.9464446436780594,5.101868000535985,5.579681387104765,4.182171528280383,2.8038294877495153,5.445007550435882,5.257100084828303,5.160376401287663,5.923185816267926,6.778761446941276,4.578486301376282,4.210879192244737,2.631213871136453,2.9761253617738173,6.001045985621271,2.155446901163485,2.7974286378342645,2.8553604275907474,2.847777830352066,5.343844760331248,7.03732354854811,4.16595650030622,-4.306425382102219,5.374797010900897,5.34742897843549,5.562567112194443,3.9616352726294326,6.014560134714816,3.3211615741970926,7.101496178926292,6.580765058416007,5.71833137260097,3.760682975798157,6.864021852476497,6.316192024354035,4.959123576967549,3.9889519104333457,5.332930628178584,5.924825871606606,5.152409852218346,5.162306120661006,4.750869528213616,4.802417443423175,5.8337972111876075,3.589630527207169,5.9668457979803415,7.536814460399054
38,6.588837509817058,5.725036274116998,5.561670580166192,4.707460540528491,4.808175799692019,5.4600334996241005,5.80868029169832,5.868103228681542,4.479860826769691,6.079063602525518,7.468693189864643,6.248345587444506,6.785163819629063,7.92743736722256,6.192492617448707,5.274574905281682,8.080247637698946,7.319712792357645,6.569782605933511,6.726579896493933,8.50683663927714,7.469951362003809,7.758226250948706,5.69203764455365,5.318483380942169,8.862350907591125,7.307922496636543,5.133498654619504,8.254039668822873,7.495235979902199,5.757759377984639,8.876608762476181,6.273249562894795,5.864700447386885,4.902023635502364,3.934390675527025,5.221885348522365,1.4830571437449436,6.36037842715482,5.0127920834925686,4.159701860406392,1.6395811138427585,4.303690528198637,5.840450346668723,2.3888353596434966,1.921227199607393,2.9518881744818404,3.6071553585164096,2.7859835468528154,4.681838134089528,5.070181047691874,4.759868190918823,4.187053503602195,4.599651166630842,3.947065482936571,3.374077496872828,3.7475475401196583,-0.43147899539457074,5.699882240314591,4.272188444752886,5.029656847579278,4.145417184546476,5.366307121160695,4.748936737670014,5.741944285991907,5.447736744533258,5.678511806051018,5.24547837711848,4.8938815819666335,3.909193054704998,8.126195051768258,6.333977268053269,8.765658401191246,7.3875441249427976,8.525068793726014,6.710069704245859,6.28920894845916,8.982998809271509,8.841226751332037,7.039446618229913,8.40231223220537,7.117225760869475,6.211456747825246,8.084794582155027,8.679494245674316,8.532011025280251,7.1535408734200345,8.848922894138493,6.128243176962419,8.47534201212621,8.44065785195819,6.2766361829382395,3.0240220423230295,1.6007501143734952,1.2403000239344832,3.503351000003766,4.169242949433993,4.621683314977958,3.33554675992885,5.159733537686892,5.564534077506379,3.818735216746228,2.6849610664932553,4.734798452011313,5.234847667814945,5.033831485041426,5.823451793146519,6.168815571838818,4.415362210861936,3.3315507389904706,2.8545854017371797,2.4830219324072456,6.510520684661375,1.8551554177033145,3.0025183554414507,2.1012519234438747,2.9208570984278164,4.677409275396581,6.125514655451148,3.9802241586890084,-4.400431485449669,6.802252192826492,6.041433663164445,5.56556485507342,4.427457035203943,6.295519467553611,3.5119037070769337,6.0304800078384835,6.236423163311118,4.300077789062627,4.280824112655151,7.118304846418613,4.344568660217027,6.038680586696714,3.156147596028743,5.806827005095159,5.597306115025079,5.322095037931385,5.292566055487139,4.8648191597133135,6.0355606713449585,4.910621335720872,3.158615611580301,6.584736998906536,6.646822694259336
39,6.237164805833325,7.021056227112956,7.353629758143283,5.936519793092111,3.801428950638053,7.152303091457879,4.349178161545703,5.651311527113525,4.2957021478657635,4.398628758253194,7.374044316486112,7.168077386589502,4.700371402943024,7.554680372191271,6.115277441979259,7.22761367070072,6.104615050844455,6.056772880337358,7.133487710534051,6.298947915283145,6.0791062168123675,6.335760952179667,5.738205703829879,4.620921550172318,7.9458598902426685,8.439743930076165,7.426702273577272,4.950379209402233,6.528064580439084,5.417821427758831,6.609429940087789,6.315377341812874,5.86940910632833,3.9199282410996754,6.9464241964567695,4.547707306310172,5.625764124585779,1.8483960129174504,6.114988114060799,5.6138946768810545,3.6606008107407773,1.5629245613532354,3.8474209824457066,5.831218658062223,1.8433556207473132,2.4430441916595425,3.1000796275253744,4.487315495783856,2.5658341462562673,4.07655989084297,5.73595565340599,4.561005000158941,3.9245090056161533,4.268785801599819,3.7851076291599437,2.990188406674367,3.407810584138186,-0.38397941077807807,5.4398265790699805,4.106654048752143,4.763495115708179,3.936466787458069,5.205413013082021,4.381451257314936,5.592684786595431,5.153686008961725,5.459379262696425,4.977634220437776,4.6677359017586175,3.685405454551884,8.530688507867456,6.553722972953716,8.802832476917034,7.938663282711478,8.054450860430212,6.840794366747405,8.174998221448575,6.97602097760343,7.6809410844352985,8.169180065908074,7.006999748269501,7.490737175758305,6.315354514141806,6.274717020626167,8.660997379986725,6.041495074343884,5.677365839319964,6.518058634372414,6.617163146547756,5.970331589532434,7.717925885662841,6.086109113832509,2.8884613153837013,1.7537411874177349,1.101135483691367,3.60575247220967,4.06204369462378,4.792186603979417,3.559188080352733,5.282429335604573,5.637296863624667,3.9338713190953905,2.716609822354764,4.628439226704075,4.724027232145858,5.023371145036573,5.072677668621667,6.025765954325472,4.22741396144748,3.440959280426282,2.477532484421707,2.2269240816120304,5.166054432759839,1.21892458212187,2.9143223667587295,2.437439560275747,2.4099476468126,4.861195018490025,5.908508882195868,2.871673588195574,-2.3553639484379434,6.205620524660478,7.277249409230343,5.923493931648986,4.27355569762435,6.5482725391497665,3.7003534925958297,5.403624046415817,5.730330455804089,4.9806916178962,2.2852456887110626,5.238958932401178,4.164897126719512,5.861989570155677,2.2862877584886894,5.908272290125615,5.556795535680929,5.630310745283014,6.036624123871614,5.521053888008751,5.264550510853041,4.290209321573829,3.602844013374011,6.457760778154633,6.415006021104623
40,5.08365850285465,6.133721455744816,6.466144157375167,4.3641957419702955,3.642726655565636,4.238072065537765,4.3127745458919655,5.364219584356671,4.183283534545255,2.31583590213793,5.626362761759481,6.566958298135036,6.386493083876022,4.892703407327188,8.021740827533026,6.249458566730481,5.337636985593612,5.810662673506976,7.844617088716179,6.776399379680267,6.805865194479286,6.959571106406288,1.4338642070181704,4.163609861258958,5.165122811476877,6.589959868816138,4.843493555533166,5.474035551604334,7.703292424873131,4.213397352965204,3.072334216063012,7.9477781075079825,4.028920499655333,2.6715906054299587,5.816843992301811,3.7339141772619127,5.375424670053403,1.3933540477229773,5.524928291363707,5.562358522765499,3.688395975891143,0.7994407380268187,3.6113623562724007,5.309045914877378,1.4116777042793385,1.35535840673848,3.2617173673549495,4.128588201457444,2.983173833484385,4.0145924138754,5.396498403302052,4.418916603309171,3.599523890911249,4.117922564353386,3.398849934302965,2.703189591140981,3.1269906602315007,-0.9436235551606149,5.188945311356942,3.9631197896212855,4.564392205547926,3.7035943719682316,4.874792321910025,4.11702549390511,5.165056277113168,4.791345464341082,5.1083771806777625,4.6744922554029875,4.302037824143658,3.3590851743859993,5.701743378564855,6.019600025705251,7.605081739453657,7.60468532364612,6.5229479901153855,7.276209186206428,5.836125127427773,7.690446623056486,5.340217272254285,5.565525200643967,6.771447242489538,7.219934099065782,6.73416235154053,5.33606319535879,6.850447340870458,6.667782097219301,8.160640244878014,5.997713431709603,6.431243510209614,5.700977824727449,7.780886019761305,6.421762697459011,2.273072471037849,1.2791417090964292,1.1577136121962506,3.0632917330838394,3.3987322571958387,4.005345987109631,3.4525765730997438,4.926726619462213,4.91786830657449,4.2000845566373695,2.5417196376352007,4.8754964679306925,4.506323718843589,4.376066266568323,4.882100493026969,5.964906295739276,3.928961058053499,2.601047229786126,2.5566523407619783,1.4910462268315667,5.802692557758685,1.4774590567790495,2.6747471736724724,2.3002312376639145,3.0054614017781085,5.1511606228058255,5.2561837039547346,2.7397225011892514,-2.058830047004471,5.2253889245175875,6.903551747821042,5.3572356643344285,3.0420846932980523,6.005470065065694,3.1327172334359386,5.430389222801644,5.69744309239728,4.9138584546737984,3.005819836068813,5.067621432379233,5.28477201499251,3.456329757285252,2.9816353745397115,5.7236486317178406,5.896264482158548,5.848077123627626,5.08594271370299,3.791223430066901,4.181054467095076,4.299171369735511,2.371932331284966,4.9290705040085045,5.7166072703999715
41,4.591949385570388,6.878225807573681,6.719108930540098,6.023465333392371,2.9427853371991577,5.220170179836992,3.8947706022261395,6.992469116436498,4.794048712260812,4.95792271984537,5.395346730853998,5.244507688469459,6.264059226570158,5.0201343376650795,5.309276146191088,6.767944510134875,5.8962129325084645,4.840251445454269,4.997338104213829,6.717395298209054,6.796868742759309,4.6433110990139514,8.042802915339212,4.684160297984501,5.47897010983325,4.41543732938455,7.497494331026399,4.3600933553845245,7.394600812764292,4.291913920175826,4.31154948738722,6.261600741358854,3.621881340474821,5.125118145703697,3.238437625201618,3.94223909442026,5.1115652304703225,1.0220133640704678,4.983517405443352,5.465212803189772,3.6971824629429397,0.2967418109052583,2.56218101325529,5.204908643538614,1.2724031262030107,1.7886767309996565,2.9008137738945763,3.9710520909470435,2.3921525526089154,3.766406225008874,5.68456821493044,4.180322534874314,3.315598234516168,3.829528020607617,3.0601034025898097,2.392775437333823,2.7589097427376985,-0.7143826847862544,5.004919177493881,3.671789860411489,4.257681259410631,3.531081892957205,4.514520112691945,3.656081047325978,4.844410266181864,4.522164436730948,4.7953212824080635,4.46177880004848,3.7595636288898557,3.0274621724867687,7.17807234499541,4.901294897422858,5.584901125567087,6.465465943383813,5.649040020068396,5.739197912657876,7.600953447815037,6.760675060773519,5.247357519330608,4.851622175182115,5.343766662141329,6.642775558226558,7.235530793144305,7.152116646952469,5.361026431521492,6.006392781598364,5.7746501224684925,6.192393947356862,5.955820036090934,7.306046232026,5.204270165143054,6.727115655587394,2.463612483707859,1.5764929162528636,1.3437016373179316,3.2796125309660704,3.3215408638074706,3.885684007776981,3.331811719610063,4.247209105764183,5.173679208645177,3.7242872884467615,1.7466321125484678,4.042851394537629,4.412132781839515,4.578803628536253,4.818973666260883,5.607959980524641,3.391527330359798,2.932615532331743,2.0161746412086674,1.244564407761348,4.816329793300236,0.7040921037245524,2.1824798302022184,1.9598040710006654,2.6099152886407277,3.2337453294953264,6.4570736068191295,3.5632494378194832,-2.3791774579212364,6.271193643903749,6.0509698188775545,4.469792006706442,4.247143601307443,5.151393360342042,2.1675404670938985,7.061483472947319,6.372094801205222,4.671063637099078,1.6651313075938847,5.452080955892802,4.397695462039569,4.791772258735614,3.406161449619009,6.299788304518486,4.647461658811588,5.2170072542904045,5.541021451503573,3.3765508054102766,4.043031787772914,4.147571428058477,4.04647360221829,5.8310035957828585,5.23339502359548
42,5.096304205193926,4.444125573440076,4.158715933443012,5.354359121390318,3.4216009529751448,5.984165841186993,5.263160385570515,6.257197973927456,2.210249602075923,1.6622603373781708,4.1334848714390775,6.576466623129541,4.452195908156025,6.0325177649061015,5.376325895239062,5.3544275258520875,6.706374896092618,4.616700037973741,4.582489849620069,5.0283234296531925,4.952041985702945,4.760325462440886,0.7794851142672954,5.332249772527334,5.207336065545501,4.630530183275608,3.966800436761435,5.311114904232486,5.739505947334836,5.863715059390957,4.001916761440262,5.312010772502472,3.6429134677859896,4.654258213685748,4.756406048765701,4.397681844254085,4.832083146832725,1.333271913432916,4.713700959080333,4.167842776573341,2.7304768307027305,0.048145982554793326,2.256635465529768,4.941030356381484,1.0893401806120389,0.9151593939111738,3.4409977668609524,3.5817565247439287,2.858905369781216,3.6497985850217693,5.558291072699474,3.975356389031973,3.0257676075049518,3.4999047413909983,2.7493411321964967,2.0585378598724273,2.463601941310127,-1.052954532318369,4.647116909139358,3.34256973179037,3.862204498480741,3.2022218298868106,4.133963753621286,3.294857435651439,4.434156495454521,4.098977999946994,4.3812905713316095,3.969953599118764,3.4490804963609913,2.622189989677464,7.02881729998801,4.423622339561228,4.962648268962301,7.2177054123741335,7.222596864177021,7.377974105512477,6.496418066822863,5.869083530400896,5.4750666685668214,6.570940380574635,4.871469708169018,4.3219256809244015,5.89523330704118,7.264998154920667,6.037762027958405,5.259769703443064,6.013891747313638,5.903261451008525,7.3506527046154595,6.908942575072841,4.767347354964312,4.499099289841647,2.3079864624479276,0.6147006453474428,1.4348906417650995,2.5595919680222714,2.931759941786819,4.324814496265499,3.704056616508055,3.9290520044225308,5.12069014853134,3.876560400196813,2.208857488004088,3.521951362969877,3.5584073302835026,4.171024510650284,4.085965969735121,4.747249609244295,3.5145752274171365,2.504048723911771,2.1426846870384777,1.3032967654048642,4.121570530787515,1.2019647847035795,2.103799271348386,1.7767614318000187,2.886532693998815,4.024860934669033,5.123590850607154,2.9044837047406213,-1.2588928678352054,5.8158176622310975,5.196137091970138,4.7437331388665545,3.558919720854333,5.374111288091223,2.591990623515048,6.022315253317673,5.156794645806004,3.650673337486638,1.6054967400095275,6.006398224271784,4.078404866133072,3.5617536025541616,3.8738324506206743,5.155648186717963,5.242184721165096,3.7024384805088797,5.00492039700414,2.6568737913270706,3.9594843069637484,4.480276787045996,2.65300121460779,5.370652564042855,6.027333747882205
43,3.651793428477311,4.022043876700682,5.310406861304216,4.215812087572617,3.9212984862976725,5.37556236530705,3.8848134044739684,6.481935568720204,2.7413838914984954,4.046643090959201,5.487118599322563,5.167213554560336,5.24241737575845,3.809737068167921,4.155230060205203,4.759824054505484,5.613301617038658,4.876018305557781,6.032083280698663,4.351800414052704,6.016049139700119,5.024766387864494,5.431404361115541,5.644823758532354,5.38161472660446,7.0619894203598355,6.827511229100551,2.4365043783201816,7.390010729450851,3.1271393521157553,5.6680387255602955,4.3238219191635014,2.1160619278034414,2.949527138282554,4.744143063657601,3.932783470582471,4.201095259008906,1.5509140674601523,4.6393422309282295,4.141114164869716,3.063834525906805,-0.11749845963765104,2.215195301388801,4.830338601438712,1.0820441347709322,0.642265269092831,3.5622800455495214,3.881974903234573,2.3096489530161923,2.908139513625291,5.241434234820483,3.737060955827353,2.6460294099317108,3.1229865034478324,2.223347219781399,1.659784082191514,2.0943964109532667,-1.3104915277444404,4.32380707513489,3.086380708695347,3.3866698320525472,2.9777694472205862,3.659657277256848,2.8910656438415536,4.022339729463193,3.6254118180683608,3.8440777283950776,3.6661265236940617,2.8640612269763213,2.14681795275413,6.756061019688541,5.383553850186461,5.354626089115734,4.522582623687207,5.72448498813038,4.4275586327781244,5.6234375570226804,6.522469542156836,5.865848086969505,6.596459888074394,6.3887971899450235,6.2969709714622315,5.365411972513259,4.587436211431055,6.035791964086466,4.954403965776014,6.347934708699494,6.989473301667299,6.024319741904247,4.007327002518049,6.334257070788105,6.831285121895698,1.75830855282093,0.38443888920477826,0.9500636832643614,2.3407608915999605,2.4395418189349884,3.736644052387996,3.255624223036681,3.273084370810434,4.584366634876855,3.7224086995554733,1.6728763229267298,3.780514177820688,3.12727497323172,4.136570057773678,3.6893791091169166,4.148205407665164,3.704808433588375,1.327621544339178,2.2621956921919835,1.2496570972399004,3.7493984951633075,0.5947796121619568,1.6839757471688794,1.433526522604385,2.5841724313786347,3.4439264585830394,5.537539068521572,1.27683538699025,-0.7045921085687961,5.6957974031989576,6.038011868856206,3.7796746147219507,2.7270364173208783,4.701995437162299,0.9499960827689752,6.400557266896182,5.0292600052552645,2.330902258469266,1.4850378142265914,4.771202676448691,3.929483280398929,2.4190315837168526,2.658995434309905,4.496628276608155,5.432636637436545,4.768572538486428,4.051903548520217,3.0748578023098334,3.7007557634048958,4.722433423528586,3.5836519362166857,6.291182477968572,6.221554870241118
44,3.4947436475046594,3.3985103320058574,3.7520208415308973,2.8377436334955783,4.0013151211181395,5.53072952687197,3.564614738832267,5.388436554387563,1.5718818253035005,3.6106034411524104,5.6425336777056,2.605789439549034,3.7034391318204314,5.081685313837528,5.572364760406133,5.517161699220105,6.241796479925607,4.81723650448028,4.802685721190819,5.4097914791182875,4.1583617280694565,4.356900861017241,8.589618744578779,3.946607977097326,5.038752315991238,4.923302429952648,3.36415388948136,3.7983697886655277,4.407456435129451,3.0950335248316856,2.56314675025877,3.1942472782304216,4.390088978872408,2.5538644149484746,4.2318144217281235,3.71565418121833,4.619118323307581,1.3457548751750177,4.118199744340568,3.8330983105181358,2.234769072830077,-0.7828191487827363,2.0034966901516964,4.699487292290584,0.7952836493742216,-0.2993904325124288,2.765938658373222,3.620936414609468,2.2441219826708103,2.6322456204255844,4.429413530505478,3.2956620285828455,2.332256469662488,2.8521398696783113,1.9478506399488325,1.1658607814011228,1.7091824740967092,-1.5134848707348345,3.8492387443576552,2.6488397183887793,3.081810286851518,2.544587206959588,3.210343691796555,2.45446792916517,3.521660199225743,3.149774662798549,3.48630350234014,3.087003767987276,2.436889720556651,1.780980863094194,6.171110407432305,3.718828715370999,5.769314080969044,3.5624290044515425,4.156194190194629,6.353995188963678,4.120025924022822,5.2615560203515574,4.152476011548416,5.054602299118329,5.474857679152492,5.930373946463282,3.628138151753203,5.8860508017825035,4.2569943016654745,4.058998852196492,3.575717346139193,4.59965455567419,5.434219866127227,5.186490798233971,3.7892424034785943,3.533731551134748,0.8762392793115187,0.2566673327940793,0.8448974486741574,1.8825792151169334,1.5002487797328237,3.2042558863950212,3.0693874052757835,3.0417721478747026,4.9751248970669995,3.6784528896115387,1.6189985944972216,3.4765620583380614,3.279050364493717,4.167062642207418,3.7992693169668845,4.1042543850622115,2.5425208877743617,1.2036409312273093,1.936725063453759,0.5867881832137837,3.4976174188170464,0.41844869104433435,1.441189444724631,1.3064947858916889,2.2404356456111247,2.8766387937941733,3.9257189532832597,1.030758538666361,-0.5914591977163397,4.214512658358691,4.812474403567286,2.773638631846247,1.3445659975331932,5.529411765224227,1.0681734523388917,5.9365957559016405,4.147730201257162,3.960567161455532,1.2482081670094731,4.734248431095462,1.9883841840156775,3.6462137105803993,2.9812459409217587,4.241889385399983,3.70730588920719,4.755101931830038,3.108609317089209,2.268703968198051,2.8153823346923845,2.6711616190824277,2.418547748639188,6.127334383830558,4.235724341604435
45,2.6542820017147264,3.243013249040157,3.909777084479621,3.7697750229713116,2.6783280107144547,5.030277811915793,1.7747621499130688,5.23849463742061,3.4274142610779874,2.3555991429003775,4.5250224714580165,3.3798000641216452,2.3454048020452,4.8586440990506645,3.0200646477029114,4.036265036979643,4.763448320912327,4.9817830127865665,4.183292451297746,2.9636615951486287,3.49543762589861,3.1981949160768446,2.7729068357336057,4.329942995968871,5.580536607329219,5.147261282844072,5.46503076754849,2.018508186275775,4.367757447706603,2.7562642375168593,3.078369476704964,4.958300377176125,0.8415498036367492,1.516066994766786,4.605353410856898,3.2168273987620317,3.683117644000716,0.8410738986400844,3.4960246426454797,4.1490068480368425,2.0142928176813943,-0.8025356629447046,1.0891624546215493,4.041478965426735,0.6557451690488718,-0.47607845282256767,2.8459602668768693,3.6823497063049113,2.5459839360471874,2.0482495966460985,4.426304676448218,2.9757778891334623,1.9489329347652837,2.4844580389429782,1.4701224595299023,0.7951191452783443,1.2563406613912165,-1.4924284201580684,3.4358008368786366,2.329668691914207,2.5629902236842224,2.2611685790590994,2.653799462198568,1.8414724559438553,3.0116544344052385,2.7557201540368634,2.974168437012548,2.7611245306784897,1.9698731610777687,1.447321467243713,4.468969212600996,4.9108485958907995,4.865669738437746,3.4371621914823116,5.522769414831576,2.7745991147537636,4.384498912757223,5.481812471694225,5.701837420546354,4.953346261097606,4.455994558187692,3.9208463602329395,5.476853511011393,3.9789751919784973,3.8627961447912043,3.339303223134771,5.192885231267433,4.477291843256614,5.123343912522278,4.426064509978861,3.4440805836927737,2.756896649030083,1.1075407090896192,-0.0777345243007378,1.3724048358345442,2.103633491859545,1.0934048580659297,3.7307254911177186,3.079271330619598,2.2007437416150117,4.074667659723977,3.026567973804412,0.9569496027156277,2.501541857713199,2.317993889367515,3.755193966576865,3.0618144779813448,3.673760428611687,2.2313991600727614,1.1051882363775976,2.0151367310501476,-0.06895768244864427,3.398568891532503,0.343102465624024,0.8825377710531526,1.3633673333597351,2.6151680661611536,4.144482504990316,3.981591848491443,1.5154144033297674,-0.1001644849776353,4.1700405092823045,4.439672738180687,3.5055855935940263,1.864773885676615,4.5076904815304495,0.9747418521432747,3.658446902671805,5.417916954931173,3.262232997508314,1.4361347359583108,3.460374840798226,1.6348535999249107,1.2938096862454593,2.197285443718279,5.281770017947172,3.8490072434509193,4.420438984652032,2.9785109701140207,1.5097706980014398,2.3934854668006746,3.739966943764089,2.07041089316683,4.478791810655938,3.6916667110360906
46,2.2127013646081655,4.234403497673675,4.145999911310226,4.385798083274322,3.2631914904975483,4.0598915481581574,3.705445695924582,3.6840802294159403,2.2552084484019437,0.6466715024607145,5.144018079634,3.8642015868422366,1.8704116947271054,2.625958370119777,3.2075869610809273,4.366391342939587,3.4206052848036315,3.4836310539092246,4.513873041908411,3.018624448766505,4.728388049639659,2.7981823053202985,4.887307395956894,3.9235644768770515,3.3578495834015105,5.391869173191238,3.1200284216834984,2.1426410121135735,4.987815981363976,2.1730472435152386,1.8341727785788735,4.992173404853705,0.4140500487794614,1.4817703321882931,2.8860043807408013,3.5010821599663804,3.3766202512456696,1.1190934928284295,2.5137543760432433,3.5129599346101443,1.586189456471796,-1.1218681794158019,0.5254075317180782,3.7851487483979263,0.05833504705136866,-0.9853933909052219,3.068467703893316,3.62726729861229,1.6878537944862901,1.9960553621686028,4.176036757847312,2.6553436265640427,1.5257229604465659,2.001066974908527,1.0284432505119248,0.38979401352933746,0.8676117328815987,-1.479002021804654,2.9920762339847666,1.9059291547419586,2.1058654748371235,1.8637853664200137,2.176939007087964,1.4424283724366038,2.4960100692584657,2.2506399012234963,2.407153084910062,2.176539047065936,1.388355023733703,0.9175725251267051,2.892569068132188,3.445649049559094,4.182422361137312,5.107052081984977,3.097370289787951,3.9100503209045483,2.971966050922057,2.479085650074829,2.470556547047799,5.061401814393051,2.4753015510111522,2.8819621401693722,5.34132683250521,2.4415101994795165,3.4973726349719527,4.431262538270999,4.6327801322128135,5.242611823905534,5.031620882610632,3.037057571636417,3.8306430341909,4.929755584674529,1.0177252441941407,-0.31614492263721083,1.2007017886562859,1.3809688373218616,0.8268650601744982,3.177811977572714,2.5154093016500436,1.4644192811568124,3.618895072862814,3.264376750264243,0.8878895242267563,2.653337991473588,2.1250426973592793,2.876153074244994,2.8496575651357663,2.718429566478065,2.366277791355852,0.42951942659350606,1.3025121528628092,0.2696156195470787,3.678618628547902,-0.3309496852276493,0.7423535334420397,1.3678598846939924,1.773643541804737,3.0781350365847553,4.131760543833027,0.8607123556563024,0.2973765123064245,3.5299927126654644,4.94314769933364,1.9315200712645102,1.8931265994003772,3.4611808569997096,0.2300189882068261,4.974506553633084,4.734430695397962,3.124544704559213,-0.3301672398970169,3.140136583253237,2.0951126382736556,2.7314322648019345,2.210780959011549,4.903756355775377,2.966821425937532,4.0825752123855725,3.60606721257882,1.6820479587713502,2.728631356553884,2.465433532675324,2.188041992583324,5.165797486553789,4.177799918504175
47,2.3094553569215845,2.994121122811545,2.0491090406830006,2.3562731911626744,2.9684159281475226,4.952300651386257,2.6126931810122658,4.44734073444841,1.2106550325704721,0.5301645965542692,4.325814523267203,3.688092588338611,2.46902736808035,1.9374268555936027,4.36799510475452,1.9765591906874722,3.1198565571376573,3.9062081842272565,3.5769708615545732,3.069673144854522,1.8358689333672948,3.2220985413839305,6.757616938579162,2.430714899430573,3.327140557098372,2.07580566663298,3.328635270669193,3.111534858443065,3.766315005324554,2.2835324086902955,1.2037380968876854,5.277077202854038,1.921473948750789,2.69975493086329,1.8209613494183083,2.169488546822774,3.769769591401921,0.7542627478899592,2.669536150685087,3.1476537100507795,0.8590055125999695,-2.1030254788581177,-0.2043932868874489,3.4111925034063812,-0.11356155704838777,-1.1198383047236409,3.0192877982467907,3.1678567716344412,1.6686461374445882,1.6574287159108674,4.449738129394033,2.265962347844114,1.1418243578817364,1.5424048350301256,0.6391534190538755,-0.1552692046584853,0.3865530247148843,-1.846924990588556,2.4039669438130518,1.6455271086597658,1.731492484440189,1.5607355284456168,1.6692791641344473,0.9966625232190508,2.010781835229177,1.7853164658484442,1.8467172400812475,1.6527478455841818,0.7834820017177246,0.5074562758169641,2.4404611886087246,2.1631769894810793,1.546958223124364,1.8189571902934516,3.191933179263308,2.8160206425450856,1.9980986599157287,4.030813296755635,3.5193644058330995,3.3382575229639135,1.70573173084743,4.2870452440910904,2.8908733736932755,4.4924769062457415,1.9733873181622263,2.6395685838745426,2.1246723916204227,1.9558803356905061,3.599236783486126,2.611640132881898,2.5467975194808288,4.233887326811251,0.2621596921371391,-0.4004320827926742,0.6530971477991551,1.5726719938724736,0.7003823190259632,2.8611488059702297,2.6242933260735253,1.315598133492537,3.5663671463385245,2.3225764415669983,0.27841197321275934,1.9496597188724563,1.2247731210535786,3.0484433271864155,2.815466247209133,2.3062133503630227,2.131977091939967,-0.3246746693738825,1.539771209252344,-0.2215920817581013,1.9643793677980699,-0.3742084844755049,0.38313520734134165,0.6504921661512623,2.078536288939573,1.6305095401411136,2.080399177942355,0.179096833324895,-0.3488429446982193,4.3844864767815865,3.933562558913755,1.2686803014124362,0.8863751560333335,3.525506640082058,0.3670624795386761,4.719425452652864,3.6822279236503555,1.7671920516992252,0.25911581665226135,2.819474593169883,1.6477114430034816,0.9254945055048277,2.4552572049745027,2.9722484152034214,2.6350653018452905,3.512382552355838,1.932854404771121,0.07699010374890758,2.7308343249630465,1.8537130369922326,1.9230486422221014,4.331016668585299,3.798794643853866
48,1.33454520954447,3.816095299267456,1.218416857702226,2.73573604264422,1.9228035864808084,2.2309026463290116,0.5771381172301949,4.581863880347413,-0.866874757901777,2.188059422387494,2.6012585547340485,1.9844494857270192,2.307655071845813,2.439866726965924,2.168744855815498,2.537199303338821,3.45292827748812,3.530471273570603,3.8209081141605106,2.120951006399113,1.1722357969974746,3.3568607278609495,4.562380563262448,2.0341059754120856,2.754274107768906,2.3521989709698694,1.9146683063967544,1.6183999559055577,4.982497052438745,1.8067935599770923,0.48475656615019236,2.2029086216554887,2.905006954185459,3.3204270415592276,1.7782477787887425,2.341314101052817,2.899196937841929,0.47675790051303474,1.3385606377514077,2.8010212403649293,0.8530659232999591,-1.9939778986237697,0.1662708454675712,3.6298187656179834,-0.3778886218539147,-1.7773650895490547,2.910590000328987,2.9162852327773474,2.145209310318414,0.8212164833493901,4.112754013608852,1.826104267405442,0.7146812997708423,1.1616404216311726,0.1235197826524278,-0.5123397231165305,-0.10974281123958222,-2.0625359332562914,2.0189401676246717,1.207042342362956,1.183083079291851,1.1025246844993533,1.1303801559609326,0.41193321789376214,1.5175714459094682,1.1415352190003885,1.3696083588442565,1.2343460450088002,0.35131357362927496,0.03288476453639299,2.8835281858587316,1.776939306498012,3.422262230484707,3.0461839899330485,2.770409457764383,3.9887422612467396,3.4722198423063677,1.9737377213574032,1.6501939959050027,3.0193144677052786,2.499863265084409,2.480241901235239,4.068993380856077,3.4890106753964174,2.765420747910626,3.1168096633854483,3.0351344698030824,1.7021227028430477,3.6176817387817106,2.6782587320357445,1.7026644246518956,1.9617461309194384,0.37402978680381893,-0.9458241790229404,0.4999202026963035,1.1636027574928698,-0.1625223146381327,2.5274810824945795,2.026184517883008,0.8287418825925881,3.705751053682968,2.739099679979622,0.06026711067426588,1.834541264192376,1.0520456642399039,2.72611732395899,2.0976908489517956,1.5113951059031518,1.2108673334368685,-0.24684540709513414,1.3201630373647297,-0.48332102213337114,2.54326013429407,-0.7325934674487715,0.006096286311442933,0.5202995549129124,1.3612720132147635,2.3589908756398934,2.364532714069317,-0.40197000403985444,1.0438793609858301,3.785096602467183,3.6112876246042043,1.6353305077875635,-1.1154537402580595,4.133551931635985,-1.002515082971227,3.9552236044385456,2.540363998710848,0.6382796094955854,-0.8962830417278922,3.069948731082917,0.03340626048723633,1.598889188322271,1.174263130952058,2.6144395308542214,3.500436536283467,3.2015098515199893,1.8574330986073722,0.797935224749835,1.1872951182362728,2.2786516990477104,1.2008998729199358,3.536142299421672,2.6610813385845464
49,1.3814479317714008,1.5311289037738884,0.46359749809380607,2.1552162489118,0.9520634036805257,2.932195056494844,1.0426566905281272,2.8256798637634706,1.2860452887341862,0.7552412503289934,2.2453304819366124,2.28031445478341,1.8969636625089263,2.8690794824815753,1.3397539519663837,0.5274406753721634,2.7463759956842733,2.328864683170722,3.1072310615449976,1.782344435333544,1.691828003212309,1.611368065345831,8.074474690032925,1.4145479133512497,2.6971900482975966,3.7176886086626784,3.210770609264823,1.5448713018571403,2.7258821004439353,1.9996988133919984,0.9501496978339699,1.8538571495583014,0.8958763047842946,1.6403724942871134,0.7534729330801011,2.3117366129425583,3.1435135535868204,0.5890110145738792,1.4734604567949603,2.1665142317427923,0.49928429083208514,-2.172620959723784,-0.3021484900188164,2.720065216714975,-0.553106000416655,-1.6021420703639722,2.3177943418846634,2.4240643035632115,1.8260361547311268,0.6767571742305968,3.0229174590694448,1.460371154735516,0.15917883987047954,0.7026122735523029,-0.30161143583613786,-0.8780987630544352,-0.4495755807676173,-2.1348601420069224,1.5000095014877775,0.824915236609834,0.6193531991225185,0.7330660023675155,0.6859791136115554,-0.030529437207017646,0.9209829459831564,0.6685324509108728,0.8290397217126915,0.654930773751065,-0.20793096138012085,-0.3625387018970038,1.060770225719657,0.43376876819325305,0.553453929528875,1.9892196480478943,1.7339446263083345,0.39683067135243855,1.189861942958597,0.3499108351895573,0.9658173856909726,1.70728435095962,1.8862077018735626,1.8507516746279546,1.3259710355894154,3.202202399317114,3.19154001432385,0.8833194262201687,1.5682352428757889,0.745839843680059,0.9778005993846838,2.837679541319166,2.256907593082025,3.391092299674941,0.06340781992690869,-0.7147638067724955,0.5189464558291721,0.901787453717742,0.05914914511866709,2.0315329383336924,2.2702562714779377,-0.12351477402612648,2.7832839997162147,1.752461872047191,-0.06735302457663206,0.8934008401180082,0.7152646889862423,1.8134425235126699,1.1467440185594346,0.8323673642675606,0.9469151096921915,-0.8441614864339483,1.126335318348083,-1.0622962267792913,1.9961146998933919,-0.9213439545371054,-0.5863161594312524,0.5672242034935507,1.2651129894269393,2.2257023179703976,2.295203372787565,0.6722254308244191,2.612767216737417,3.907759609425704,3.9131844455787723,-0.028337592041881132,-1.244659740153922,3.670032561536704,0.36679891285164246,3.7537819380233017,2.3311030802659625,-0.22819485555301358,-1.0594550661766844,2.4725928985841548,0.9847291156223845,-0.1883790938172063,2.822154989044858,2.1704217303292723,2.0947058141112054,2.620468117005605,3.1560616179769485,0.08508181185356833,2.405276738580768,2.0505180934612026,2.8073109740189337,4.161916786351426,3.3525937303972917
50,1.2125265978026463,2.3197278486659094,0.29760477332192237,1.9035621143225863,1.2478803946224586,2.6803331338631504,2.419706788300787,2.8047271665221056,-1.0636311243805368,-0.9862082204998991,0.3310516728022528,0.23521264614209902,2.3540616831499115,2.238336518818994,1.3046085519636277,0.29146061776304144,1.572407427890625,1.1482065449877095,2.3624510140211132,0.24937716138796262,0.7791020104275649,1.595665819286284,7.06861142589767,2.2659786981124492,-0.11492631665148312,3.4239637674568253,0.8809552827566127,-0.1705731868541252,2.0287364514622235,0.2027714984229091,2.359741686595326,1.3129127451988412,-0.846882443958022,1.2041823835531038,2.504772657011515,1.7291675301054157,2.2660277287439827,0.43758708127061213,0.2874895387082462,1.9084321105376483,-0.16000208664387341,-2.7985774522914797,-0.914434608946965,3.04241928107238,-0.20488566862183866,-1.716072781496547,2.2410275097816603,2.189812390904236,1.3330497238909884,0.34620676946335893,2.7109933135489186,1.011407074542319,-0.13924758234152876,0.3110313821488475,-0.8206601132583295,-1.2893076625075264,-0.9278161629659789,-1.4662615390639762,0.9118892008699505,0.3713353218267028,0.23258934326298153,0.3393540224500873,0.08545163423340904,-0.6309349299726724,0.35910995931740297,0.09707735434043777,0.11318965946852386,0.08144676244035565,-0.7740491948094227,-0.8247470301479595,1.6701769907101776,2.7889914687269366,0.49383333663969176,1.3586371988238009,1.6773809953820775,0.9447611661828377,2.0224218308840154,2.317868311327981,0.16785030568897097,0.9324256937918607,0.22900541031321453,0.27685123834486314,0.7361096166880744,2.0648924331073557,0.48933041061388827,2.5862032136433712,0.22793914336172316,2.069029527632615,2.700549710339255,-0.02597475805972496,1.8749290832868604,2.679542604976034,-0.8266309329956971,-1.2039759800728231,0.15945427015961755,0.01311810819655676,-0.45564794114900675,2.0222271927276974,1.957211562400091,-0.6344882956845868,2.7482102512148043,1.514322684900659,-0.5916747238806486,0.8502783891045091,0.2742979063632721,1.2188190051923498,0.8981234524547408,0.5135437632703874,1.1634862080950037,-1.3169927272437878,0.7332373067545106,-1.5556893351225485,2.037028386781902,-1.1655375472884804,-1.041485021639768,0.44680183744536495,1.8329513144866936,2.368698526116794,1.3869395915966558,0.09630879022098804,0.4990694502599391,2.5232826304991813,3.303307968573974,0.6968922197885545,-1.1039500491882064,3.769183671842306,-0.562816805585101,2.3165031196049135,3.071335167184453,0.7471542293062146,-0.9368086660474495,1.4038494143476756,-1.0595522590444069,-0.31539687390736915,0.953825594055911,2.490460791619256,1.5691493815691873,2.4244121844951976,2.664672587014034,-1.448836747721246,0.7120340833062696,2.125165662752397,1.573466622702509,2.3674782258018587,2.4504899328464287
51,0.5566953707900693,1.9938892544697246,-0.20966960290807535,0.8944153627067961,1.548402830556279,3.592707778614762,0.05867086128233656,1.6363505377225065,-0.0545305666388094,0.1365642515736174,1.149742711807091,1.4576209917857885,0.3461184638021808,0.29752700286320255,0.16725997544675986,-0.27255202169107684,1.6925309598663483,1.3028070081127834,2.0008838113122174,-0.8037503345956523,1.375684931684102,1.7672160318408863,8.647539601136977,0.8564986187255055,0.47739687989076884,2.8750052627932554,-0.9374629712222755,2.511261230242833,1.759099982789267,2.424766618597152,2.904261889741424,1.4724861351964924,-0.2618070409733877,0.2536106013543028,0.3052627220252342,1.8069059581982814,1.6837261666381473,0.3386198726229208,0.07067598895144356,1.6018430806866115,-0.13607787262791704,-3.419058302993277,-2.0030878087740587,2.4091484225330633,-0.6985729501355036,-2.6927198439018776,1.4861392233774433,1.9564878737216649,0.619897391379505,-0.18070399140003135,3.2108199105440276,0.6246352392810721,-0.62222118276429,-0.14901654798484293,-1.2300521178445725,-1.7406885199937636,-1.3545423060205866,-1.8764247545244774,0.27317533575017644,-0.06345615307815293,-0.26422540311429565,-0.07539247659741082,-0.41136867881284955,-1.1281520374635248,-0.31402224128934675,-0.4697470108655499,-0.3903008399359598,-0.4928571277135494,-1.269368203746244,-1.2817974891987818,1.7743800086085253,-0.7075837186113517,1.0723884166338964,-0.47828037034634774,-0.6953186155642921,1.9755981114455747,0.6115613693948407,0.17776423725805124,-0.4002959243637205,-0.09769422155881813,0.8749173856415406,1.0403596056517728,0.2653399706133106,1.3075141947335172,-0.04486512560210576,-0.25536759003006415,-0.5508280317830616,0.25448359662228626,0.8086246773650863,0.5167417275232018,0.9450238091765213,1.6570940733029689,-0.6012502804981699,-1.4266409501136743,0.8992336054577159,-0.25183479533599096,-0.7385710233894636,1.6622777367761836,0.9995276018927786,-1.322346143942705,2.413862472060553,1.5743219304673717,-0.7852359751882606,-0.050669619889906425,-0.20661245449315258,1.2622933172216255,1.0630404567907772,0.15758695743976558,0.7708748187433575,-1.6005981984315514,0.37729405069432004,-1.9216231074888976,0.9236698805132628,-1.4991952443953296,-0.8134439242177368,0.3988597651546134,1.113157471184534,1.2748456313694283,-0.9217419685017779,-0.33124869081706154,0.5750971690030261,2.7386271634051607,2.3924968166480314,-0.46861469090738694,-1.4232495715464695,2.1757751693486314,-0.5973355838554724,1.0315616212023186,1.0302616153879989,0.4692896502785271,-1.2517944467678992,1.0441206220978847,-0.27056276896433173,-1.023842839956655,0.6021431228557097,2.5299789015340703,2.1652703380702327,0.4486194119508904,1.2244969662892586,-0.8152026700128361,1.3027280455432753,0.6526978111593352,2.0689317440460115,3.8735694473726676,2.325632704761504
52,-0.10743573680075036,2.1013243882630084,-0.5121135947628566,1.5181812943000974,0.3400211776872514,1.0398886387536148,0.21347197972973864,1.2575291655498952,-1.3721903557102828,-0.5960406584366447,-1.2305687322364434,-0.6199471385687949,-0.7934280894369621,1.5654905928244887,0.05387251319339126,-0.9804440123535625,0.47951948571327385,0.5056564539078858,0.4905249642897622,-0.45724849824569935,-1.067824432195147,-0.9715369838480803,10.192305644859657,1.7116980277275944,-0.7500742300794327,-0.9439351425618709,1.7783970061541274,2.6001027669665873,2.3160041080649787,0.39036028899593855,1.8614605276974825,2.27700856583333,0.6462850536921565,2.1324179640089342,1.0027175213818058,0.48916193350726045,1.930852198790837,0.2751279904394275,-0.15084302726016663,0.7006582494821005,-0.9819752820069093,-3.7119398160107293,-2.065029377089696,2.0229101865293053,-1.3956374590711103,-2.251054017470918,1.1773741040075039,1.9158599790004276,1.0562509680034078,-0.9253145915799332,1.9622602043152693,0.112210574138776,-1.0905166752080016,-0.661159715579047,-1.673645635476858,-2.0695733114259465,-1.7588906847813381,-1.798942742207053,-0.23019474263024886,-0.49007841804245333,-0.810100753868349,-0.4775339591795588,-1.0125808905709897,-1.5789168321951783,-0.7837892203852161,-0.9262771223315408,-0.94174835021055,-1.005172701075446,-1.80429146724439,-1.6122808185097448,-1.4974368913773117,1.1737506381385314,-1.2361136069718197,-0.7384199513310553,1.244722409133245,0.1425518626902864,1.3099443373411668,-0.8458376376602752,0.8182676920863807,-1.6191658073771347,-1.2039638872319343,-1.6614489299226634,-0.2554707173559585,0.24440315041853156,-0.4855208826237778,-1.4326973201010007,1.107139945689712,0.29730382196554794,1.049302920146728,-1.4679163540094782,-1.4081834977603345,-1.319817214266579,-1.0611906206505535,-1.6205103066697948,0.08228806260728153,-0.368138430538998,-1.9450101830930728,1.2738691292413242,1.3788254359634557,-1.7034901132404814,2.043106616151646,1.4606416910316318,-0.9491821939558123,-0.4969378287578854,-0.599858926241121,1.065515991491967,0.11067713428829945,-0.7530147880781849,0.21339747998192837,-2.1586169148469545,-0.08992483821423092,-2.1815993159306,-0.047251355955140295,-1.7847750022131543,-1.354617440884286,-0.30698925085539075,1.0654402224218131,1.5240032257037406,-0.18769560281604503,-1.7738405303473452,4.105893858806821,2.8023943868375882,2.56019723121526,-0.3816566521578366,-1.264720995218617,1.7162008095576429,-0.6126773849725662,2.2833448811364274,1.9310285651235946,0.14816066312591558,-2.783377837007406,-0.7317148426597244,-1.0617783077633087,-1.919936891182994,1.4711119824537486,2.3651705122405646,0.8011936161211305,0.9290930719135673,1.0778591518002745,-1.2703234666211665,0.6340881700919359,1.7790158314676165,0.8520405757417755,2.7118709681302944,1.245823917060402
53,-1.1831909315857612,0.23051053157813617,-0.4658147206908858,0.6459020351932272,-0.276162620199619,0.6307416150196388,-1.2334189993125415,0.9582957979734006,-2.5644259685952924,-0.4192916298459095,-1.5323740899381024,-0.9625957906636207,0.3439525977069493,-1.177269305237417,0.12203165592270748,0.16484486384643127,-0.5897949290193629,1.1239033814086419,-0.3824919438494059,-0.33582492592848245,-0.18344758848838927,-0.4814430457356065,6.565852372729932,0.677823007301807,0.16910900285297226,0.7083456162137249,1.3682329998608795,0.3508737975709557,-0.9213152057540812,1.408336748516888,1.5606064822756753,2.0164870995552757,-1.2771804541018805,-1.1640872978083565,-0.07890155691792122,1.037768313490559,1.2858132365139925,0.5577228024429667,-1.3887500357985654,0.013155955277685094,-1.103797193209891,-3.0571818931336328,-2.440385799874713,1.4718125772496102,-0.8061902849701055,-2.542173322684429,1.2365183493211678,1.1884413623048562,0.9754019987012424,-0.901208823004317,1.7376459285834627,-0.3261800341986216,-1.5250852879860637,-0.996091215960559,-2.022805575581941,-2.4914021591850246,-2.1012905960061676,-2.1949485200669403,-0.6697574928800609,-0.995224972242553,-1.3716199466352512,-0.8822055246952023,-1.6017946316179688,-2.0679676822954884,-1.322969338228339,-1.5524346391549404,-1.5384127569883257,-1.4449139479571598,-2.349929658435188,-2.0956791166030504,-0.8029094804227994,-1.147341031124,-0.9589313804403734,0.5710452061364446,0.7574064750165594,-0.752056888950692,-1.6666818302846,0.6529707455791613,0.1779530357937129,0.7014356241621429,-1.5006245508037037,-1.7444605361598247,0.06091778705654871,-0.8537560473569392,0.07081853549559325,-0.8596843014191315,0.42493952451330186,0.07672089226069856,0.16769212427885982,0.8795289969908215,0.07551544362252516,-0.9149881360164824,-1.2314371617386632,-2.0387690857619827,0.562146822785313,-0.7944546786346416,-1.7608848004734923,0.595595200511851,0.4248666968485298,-1.4838576046841956,1.2357201028437719,0.3829832818528457,-1.0649314656001034,-1.2283709733736163,-1.5817283370588853,0.5391812017653606,-0.36642224127274614,-1.9044652997261549,-0.17368203605261134,-2.5365332527550075,0.17715177136385152,-2.4173253289558527,0.4955773665887353,-1.5077851403037053,-1.1980466667614502,-0.17874017712226187,0.3533503813295393,0.3684813276033778,-1.50219888655325,-1.8960768660649254,4.421067099789685,2.592094448159143,1.618682525559945,-2.097313497160456,-1.3312278246955067,0.6220949172317325,-2.293793365495917,0.08298857705498591,1.1818059686406137,-0.6184630884383597,-2.9619502150768824,-0.555035928270765,-1.9788429698634626,-2.174446297477799,1.5509973593712938,0.8617604734463759,0.36663243746088714,-1.101811921910146,-0.5742733675153715,-1.8261739894751774,-0.6884853976093948,0.7874484430859081,-0.05172353347959416,1.3941400743740828,0.12918192307119286
54,-2.1106840141493968,0.859032668314063,-2.3844551712387645,0.08456768110421686,0.5064235449137715,1.7203069301122862,-1.667238839699853,1.0445927333852447,-2.0900423212170374,-2.0684094611318287,0.056331733766044945,-2.725777461746948,-0.21794459173651548,-1.3494793551121649,-1.79945069627892,-1.4642570132287736,-1.5251543323164651,-0.01785771368263056,-1.4443161908116768,-0.00036167466376912927,-1.9993728435294502,-0.8506862911151456,1.979179759802462,-0.46187848033112944,0.08625611906381003,-1.7414715451000264,0.1568108072196286,-0.9516708935334994,-0.6206752994660396,0.6528004332201298,-0.5654582708897358,-1.811466232054951,-1.9736075506944495,-1.3958732633419535,-1.7731602769930594,0.6145410747292722,1.2328949217233287,0.03416925158140019,-1.867362897877367,-0.4491684597190565,-1.3933997447220987,-3.90149702535806,-3.253554331416751,0.8672565681549902,-1.3937709656796686,-3.154466365376784,1.3309530904241162,1.7071772521868787,0.6945915518695851,-1.0875594694663464,1.11624542169297,-0.7254521620554396,-1.9456770015822022,-1.5075277786281942,-2.4926513809201496,-2.7868247697837902,-2.4662937355301917,-2.018361799078216,-1.2863523778387809,-1.333519064634477,-1.7818916237132296,-1.361508526764107,-2.0866690516336566,-2.476968506258261,-2.015815258758841,-1.9517003330110205,-2.106245365580853,-1.9323912946786694,-2.786787479500305,-2.4624187817813583,-0.5549916601213991,-0.4214943350993021,-0.14003716652131226,-1.3468984704864948,-0.8161754740722311,-0.5725771633355872,-2.276646137196274,-1.800172265796165,-2.35012671998469,-2.0388624983824792,-0.9256560830884835,0.14786201997995407,-0.7821772190000922,-2.217579332395446,-2.3485873985228984,-0.4875826019381342,-1.2868262495806333,-1.8506107688896323,-0.02409186134250607,-0.3329338794641008,-2.533184957859505,0.32366405844404467,-2.0787809375797424,-2.040271427335411,0.45520894650162497,-1.163936096222633,-2.7201579582695237,0.09731236101746621,0.275359866734203,-2.6688402157181397,1.3164625092759303,0.43072181213640937,-1.7576361647196894,-1.298029361957414,-2.2386175508190016,-0.03573349170559337,-0.7107920724545419,-1.8535856911127677,-1.0635424267137077,-2.8529138434763315,-0.5745106696325708,-1.86339596273756,-1.4206338667877383,-1.9610002335727226,-2.234264021028456,-0.9344120902685337,0.7296800983262697,0.2669574742283174,-2.284720742735168,-1.6493877420315526,4.8711281890603155,2.048126398224636,1.4933933795376062,-2.553720295260441,-2.7270460927134863,2.036295459839659,-1.9905549037941797,0.1757967974188952,0.8221761152148661,-1.8965614532954052,-2.212630852047082,-1.1984067144753738,-1.3753966404528035,-1.931504445071214,1.3368114923226586,2.023278752373078,0.14716522371218443,0.06753280044077425,0.7171507833636959,-3.1851807439892577,-0.2204259201943919,-0.3764729735567478,0.15628856013587006,0.8616677680307815,1.3794154517651718
55,-2.054888495841202,-0.8143020134307996,-1.0134904620397371,0.01535578895902967,-0.17453332112724929,-0.11048870433948776,-1.0362257298280446,0.23798169776945066,-0.8078196309123182,-0.6144105625252498,-0.10413696015396035,-1.7344469243784444,-1.5534198677614528,-0.18695644390339972,-2.589359773018252,-2.7800713810431796,-1.9901857731175423,-0.7721226292858614,-0.4538973609175554,-1.0190080785658673,-0.363016590715981,-2.8092827199133565,6.332551676492949,-0.0070440971221812365,-1.8243570551936172,0.23798093151891475,0.6293805732745472,1.1101736296766211,0.7791821101698329,1.463800968234688,-0.4282097098826658,-0.28822545421355317,-2.9223363301062477,1.5766754276088548,-0.7941214519296582,-0.2142003647283771,0.24834426555095412,-0.1455853589586097,-2.215899275554425,-1.24819301803508,-2.1098980677466526,-4.2044118683157174,-2.766408262124461,0.3284628146099472,-1.7921830636899811,-2.933328719843684,0.5964162646106043,1.2975659529231507,0.42152480925123303,-1.7499527053349644,0.8409447352046256,-1.172703530335589,-2.2350652635075683,-1.8810665333630565,-2.8573656323085115,-3.1540423319793174,-2.8463422659773125,-2.3992142420667335,-1.733433608456613,-1.694584914542264,-2.2233421490312373,-1.720942068965379,-2.5457634682185093,-2.9596995125506775,-2.54585238953682,-2.4801646947735336,-2.545985313169459,-2.4816718474926374,-3.2900884780860657,-2.8305580601537272,-1.6902576189401084,-1.6811090006173335,-0.6075745843220948,-1.9999155445324939,-1.4975202749467587,-1.0330423778589104,-0.7971695034269946,-1.8185369916608731,-1.836249671998285,-1.7650511891950773,-3.3527744932779417,-0.9024696329735744,-1.791115744459009,-2.570135296403379,-3.141377173266713,-1.3677197252047844,-1.6363922062963627,-2.0177893960057434,-2.9268258817700334,-0.45439653736052454,-1.3820085369550017,-1.938843716913439,-2.4693170473011197,-1.9271025156426878,-0.07229855637211166,-1.6471491793929265,-2.68812485092345,0.12815891273795044,0.46396038170651854,-2.857072672707155,0.49146997821884697,-0.017227314889849465,-2.256851893893717,-2.246902868702271,-2.703833222931595,-0.3133879187503591,-0.8421314220155209,-2.9515559013974455,-1.0258959392514648,-3.6655141127609876,-0.9322052634524481,-2.363977227197274,-2.2330136021460447,-2.5375086501544417,-2.3551942822105842,-0.6878729010310239,-0.080560214661711,0.4970741389782525,-1.2378840705494256,-0.6820812732290042,2.5131401281198755,-0.02494237397262697,-0.674124990975048,-1.7596266256547362,-2.1030722010020346,0.38698426407925324,-1.3422505212010967,-0.5143953876432191,-0.4238184257416082,-0.7893816136544962,-3.281228389595867,-0.2382127099697926,-3.150433395161612,-2.12717173063095,-0.16718474577357406,-0.23681053578535285,1.15762953083853,-1.1035578166316775,-0.11575344160181622,-3.1028849009150083,-1.8995529595997391,0.17684085613241085,0.4941923427277032,1.6601538086813141,-0.07772738339015772
56,-2.744650178962671,-0.20816752878083378,-3.7158342792745227,-1.2647260818141934,-0.7192748499939565,-0.7018134151141313,-0.22203627422735783,-1.5747883527447963,-3.8563038667905647,-1.847428842721764,-0.9609732359343259,-1.0720865198491327,-2.5365901018660217,-1.3807079539197544,-3.2479999328027374,-3.051108278091262,-2.181469365890915,-1.7058443258231486,-3.575810039967465,-2.4310729508491495,-1.2821386054695423,-0.8034683168680901,3.2033333172386254,-0.33374929911904383,-0.029563700287885908,-2.2846844406780624,-0.7298104266420853,1.2099823707690849,-1.658504871563094,-0.5041929725619059,1.2185486308031122,-1.2363789841660477,-1.9152779026923696,0.7785079915632878,0.038007895033995265,-0.873979750678924,0.023012008298140874,0.104891557567868,-2.8476748583912843,-1.5392097285392612,-2.3589086329543383,-3.7211021656556005,-4.099519280385178,0.4358220838561855,-1.199055375868573,-3.6343571634469707,0.5925817623025236,0.7748414803204957,-0.44619277036540705,-2.0424023644795355,0.9083457615352603,-1.5745600492090244,-2.6336454755441197,-2.3276849610271277,-3.1826064619012575,-3.4684102526335674,-3.207942422345537,-1.9550113119247476,-2.3079519640092125,-2.073635725387676,-2.7296468429211793,-2.1061189499692334,-3.0491013381355194,-3.3819326388939475,-2.9316468103860323,-2.915717241486565,-3.0613666025950765,-3.001802207626607,-3.6646999155457194,-3.2523267782282566,-1.352969752934201,-1.3857585701395756,-2.493962643942268,-0.8309689860802316,-2.615708456917713,-2.4039348147446873,-1.8108875707574776,-2.302793903655231,-1.6067738253540846,-2.329616425431165,-1.3757640160376474,-1.799152886526325,-1.371603242555651,-3.600316618996224,-3.375466670858713,-2.9653913022850924,-2.209294267640887,-0.736785329512021,-0.7816012411538216,-1.842878578433123,-3.918657543312774,-1.3752689081424823,-2.16232250654784,-2.3839679853597953,-0.2600630266965497,-1.6637141273463445,-2.8754005784028154,-0.8904029807277543,-0.33102729262056135,-2.9003357895073867,-0.07046113891969402,0.12067841305146265,-2.425808031259773,-2.2171452639572653,-2.4365534031140883,-1.4204573865751335,-2.0330783423495684,-3.574568217687424,-1.2221901748282211,-4.059018594711523,-1.1893774966894923,-2.5315436635965223,-1.1680505595404647,-2.1939522634582125,-2.7121176313254134,-0.6067509674960924,0.4936993763280097,-1.6380752000749064,-1.7864865867658848,-0.8325527632460714,4.657584919536882,-0.15180304873794365,-0.921510425740253,-1.5559906019430196,-2.1527566065781625,-0.9000821297843299,-2.3471964852600715,-1.2617128381503253,0.05631936429448059,-1.2515042630943942,-2.8910596621733795,-2.548773143919801,-3.562460189556317,-2.863869659880081,0.1741044113730248,0.9564543630820757,0.027336852653311317,-1.7282362589921678,-0.27667862618469297,-4.118674558429315,-2.027370695586849,-1.233118886772476,0.5248800239284481,1.2236127967490957,0.10115154171333063
57,-3.0416301290628462,-1.7142849332663805,-4.074334846282366,-2.442046720723877,0.4034480461197809,-0.17280555034403688,-2.292858920237514,-0.5809812606132496,-2.996027679069234,-3.6851866533361117,-0.7054495442207016,-3.715523891708356,-1.5358820164707487,-3.0454481647301295,-2.986252394701114,-1.8250552044019042,-2.894116095137072,-2.6585811987957326,-3.514925561932082,-3.3185693511763072,-2.68276768202056,-1.1521890047413734,8.417689697317106,-1.8662564670816693,-4.039211160848104,-0.22148891958933214,-3.047856653385733,-2.1515745736692846,-0.7569831855803573,-2.6269844259756945,-1.8775910273418615,0.2597271142999209,-2.540845689403909,0.1866562419382074,-3.60557474231169,-0.6047082190080655,-0.5418306304155989,0.21247351974180217,-3.2131083124589814,-2.1510448746905784,-2.8231105474334846,-3.7742750745670937,-3.8095429752432723,-0.42664845310519456,-1.9527567613361891,-3.9573145619237375,0.28485587291841946,0.239364305136744,0.18027452734704252,-2.3346194300249596,-0.345351128415585,-2.0581884300229976,-2.993002748484568,-2.7410932640907535,-3.521077458522413,-3.674591845233476,-3.5483690734844173,-1.5984647305099993,-2.8072571790286216,-2.525296746853985,-3.1698657270837924,-2.407301865805966,-3.4610507137635875,-3.8120244332919127,-3.536718427373697,-3.3670868076295957,-3.532841209283398,-3.320357823257848,-4.1003710329378755,-3.5765058734620694,-2.7056897176053036,-4.13530794241646,-2.2481367066618607,-2.5866554789456173,-3.6512475616051487,-3.62725233403571,-4.252936746556649,-2.8239224239032312,-2.5827537869190795,-3.026629137373406,-4.050687916934066,-2.200865246865492,-3.939124407929124,-2.04763953490495,-2.1223605293674845,-1.760100040061154,-1.962942465598763,-3.0362996823560557,-3.092893851391322,-2.0424427027642844,-2.12689497887713,-1.5004710208508163,-2.170702160046959,-2.7479063449674475,-0.048989210886875634,-2.066185543651283,-2.8188419659074353,-1.2185055671419487,-0.32007650572800955,-3.9644396869859087,-0.7400055146654001,-0.3669044663718771,-2.0744632456841803,-2.1922371260007867,-2.83069797871279,-1.050003782329414,-1.9994777548811864,-3.600592656784457,-1.7310828985932107,-4.344386381349287,-0.6015245169262898,-2.9360963927983255,-1.823588334488185,-2.0194807893797653,-2.535351766360582,-1.5116946937199176,-0.46789546835481793,-1.7813334896873614,-2.3950102566729874,-1.696733672425913,6.018333515646926,-0.4380871722399917,-1.8469641884668506,-3.3332958777027732,-3.114712617221177,-1.103023321471391,-2.6627162743052715,-0.2955149373140358,-1.887963087396075,-1.655267498950141,-3.375755808587506,-2.4288803134406125,-3.4210443945402,-3.8894811975301,1.0416746889154396,-0.4898641052028787,0.4498536324852562,-2.2063602497238364,-2.109083760440772,-3.3991634744483252,-2.7964940736661954,-1.5514025114739658,0.2444868688502766,-0.311975357763035,-0.4494376044274351
58,-3.90592744649709,-2.5321072309048787,-4.001930478289682,-0.8326476604254647,-1.6742027333635132,-1.625322888611349,-1.2278727021304947,-1.526784148221477,-4.164118760105643,-3.505473467808786,-2.551106289584866,-4.245653064296947,-1.319564538698439,-2.2848967794642405,-2.2886605713908867,-4.0216832710061405,-2.9678694875297564,-3.424378101189345,-1.9235017942969588,-2.6833838065807614,-4.33274358891416,-1.7200895120068371,4.475574995242997,-2.2237231557478916,-1.6744571761979117,-4.1992144206407005,-1.0520006332637157,-0.8199901261798979,-1.3332213397693615,-2.6773928578773387,-2.9311328825167213,-1.1507687405037972,-0.7526167218173101,-1.2791393152864987,-3.686277685919188,-0.9069637580121293,-0.7955079924285166,0.3514912874304708,-4.125496572159959,-1.7355568760579088,-2.614862793675109,-4.173738364501609,-4.568905293751498,-0.5289451650132685,-2.1699832333344062,-3.34224191433256,0.23046580355942442,0.2768466943456116,-0.12336517061991448,-3.1869919310579253,-0.3647981586074143,-2.4280354820442143,-3.32972531147828,-3.0866480530789437,-3.8233371257480373,-3.9612333511386892,-3.7526961346644097,-2.342216170134011,-3.2858576788527243,-2.873597490921991,-3.500371998030843,-2.746648072717474,-3.997470536990776,-4.170540281540889,-3.9154437550547163,-3.8678101296649907,-3.9863452794942327,-3.7239749936492466,-4.5419814351462495,-3.834153894717921,-3.8075131888678477,-3.0421476473342137,-2.7544727351633465,-4.060545218854898,-4.81865798726075,-1.9523143847810345,-4.586357511766989,-3.931814711996913,-3.3095938278701875,-3.2735267124640908,-3.4655920084557574,-3.5260061769464017,-4.466142337804269,-2.4304444347519136,-4.732260649485747,-3.0581221349931154,-4.588456805304583,-4.31452121477518,-2.4943148289260306,-4.334912712591729,-3.6243013288205583,-4.539275470350493,-2.884487776675497,-2.325208662175706,-0.19539905924164624,-2.5910107502279836,-3.288836736218538,-0.7763642537203685,-0.8144393599323638,-3.819332642325855,-1.2677948469170375,-0.8814823346588609,-2.2457242810384352,-2.889449518660892,-3.956264622803573,-1.6805678170139045,-2.8089922720356397,-4.163993694854411,-2.129198258396939,-4.2774555048413845,-0.9305924959878141,-3.0859279274590627,-3.0194870603086894,-2.9027860362691613,-2.996500999747034,-1.311848428348473,-0.06434655891606689,-1.7733773498237486,-3.00652814115651,-1.0739472160056454,4.745181474860319,-0.6736754398419145,-0.7252487429243275,-3.89067785877678,-3.182835056126641,0.1371592045326404,-2.1076700576219682,-1.8851089288697596,-1.2232165005286684,-1.857052504905105,-3.1919036432005106,-3.213478917276537,-2.7873204302007863,-3.187457125007868,-1.009065364467143,-1.2928285549935778,-1.1297162530979803,-2.9647837752062514,-1.9937049958102238,-4.461648543695661,-1.481348820468259,-1.8121256447787368,0.011021630540286376,0.6103781571337872,-0.4375688501770423
59,-3.603268587959727,-2.0690485048491873,-3.6082673586940537,-3.120773491398317,-1.9885568950060872,0.02746039216497831,-0.5719901074715121,-0.7438705456041825,-1.930506072178701,-3.607557777074689,-2.099995661029191,-2.824981245648847,-3.7819448142762493,-2.2332116218573494,-2.7148549027600075,-3.0997166628735817,-4.020872322544194,-4.013597425046324,-4.5203605898524515,-3.5938434459583997,-2.734719104821973,-4.0857242647387295,9.103329054975081,-0.38384429818030297,-4.503734186142119,-4.938463495321339,-3.773293541453107,0.18019019068299125,-0.9222634568938366,-3.156196986449123,-0.11261047970559623,-1.3764433338174134,-0.6969131404579008,0.334231534733505,-2.945203722196024,-1.5271117894504436,-1.1382766858839126,-0.10299748199327402,-3.6872776372631875,-2.198731191245673,-3.4022709471866994,-3.6632182955201262,-4.0513679272487515,-0.9093691302925977,-2.2341565381416544,-3.4237999859557693,0.1647071545113148,0.13110274718462478,-0.5705313878898528,-2.6927312344511347,-0.462922048003511,-2.763219368758832,-3.549653916692571,-3.3872209611022837,-3.9948496133494995,-4.1523474743417585,-4.032848248553136,-1.573241324387628,-3.6519100995339713,-3.17293704189879,-3.8696559753537696,-3.089700118977075,-4.3239903379647195,-4.368646395496436,-4.4235860509112355,-4.210718595425012,-4.383882991949976,-4.124632157220159,-4.8566391200243295,-4.016097940245557,-5.069841231627913,-4.424996834958114,-2.6428338078737035,-3.047250653518412,-3.6431351131798118,-4.053111562278879,-2.2423667845903226,-2.0357583749761514,-4.100819838124188,-4.80226720272518,-4.817691835532124,-5.168713068735766,-4.995208990775226,-3.4079659204557924,-3.1399394981233852,-3.3742831322755134,-3.8582280623893497,-4.929440940304479,-2.3140697122060327,-4.779314923196342,-2.775523737413433,-4.682086519604901,-2.9988629016637973,-2.9307899745826185,-0.6107153547306303,-2.706808427201687,-3.840925585862419,-1.9208631391461546,-0.7934847122030916,-4.288365226305567,-1.529470836164718,-1.67353407697472,-2.414186709666006,-3.449818286970248,-4.025440799715298,-2.5609574705717133,-3.1033930727368024,-4.72918290491602,-2.545359234491843,-4.1748875310747176,-1.3706758237780021,-2.9608487951169393,-2.241362270831134,-2.460582459112528,-2.7148926178459947,-1.6456168569637821,-0.5351265732518058,-1.5364813375759099,-4.663881626475088,-1.8744293976581412,7.064335892992638,-0.10535017923832557,-0.6498024692857709,-4.433304245437183,-4.635516857806503,-0.46046106683397015,-3.7266763865333847,-2.49335973001275,-1.045240885576829,-3.0546156823299127,-4.46865279013868,-2.5349412498099055,-2.999900126455784,-3.2419483142427743,-0.5307459331136275,-1.208728006263806,-1.7822259727438765,-3.014642717135876,-1.955582381178856,-3.4282391762640048,-3.0425697619425165,-0.8133510001020878,0.16169278844844026,0.5321829109694753,-2.676717771423579
60,-4.606098633110385,-2.854021953911728,-3.5487867123816716,-2.2748184230406983,-1.0491965095554023,-1.6012477891681747,-1.7732219441988684,-1.702946239521684,-1.8719036809876872,-1.93527210910344,-2.5651865397776343,-3.423811220273973,-2.649770031271724,-4.465066848237473,-3.709831007717998,-4.595307462761047,-3.7052288965114775,-4.797606508100546,-4.487637502785128,-3.759863061427576,-4.800466174494942,-4.397048516269345,4.654563949826706,-2.9293837363674275,-4.5594091048851215,-3.4064520073441256,-1.0819973727757106,-2.3530093109496493,-1.343821844571269,-1.8631230595382655,-0.646778973362943,-2.941077594527171,-0.8239959739134828,-0.9791057818472779,-3.0044504098188005,-1.593066840666879,-1.7443429314884331,-0.03061507833753474,-4.525813528077757,-2.4469696670248777,-3.430182167855037,-3.521304908744119,-4.696614027331091,-1.2684829819736465,-1.6468889894316927,-4.199975361257021,-0.8142992955005404,-0.3473405821995722,-1.084345604399495,-3.201516279143752,-1.357095316715769,-3.2338875516057755,-3.9055953914442507,-3.7369053297505763,-4.332986161513072,-4.369291848305527,-4.216467590130072,-2.1777850718388323,-4.094763996997427,-3.473395564488324,-4.248232406089155,-3.2865369167532754,-4.6296736353598185,-4.666412642692062,-4.785275086817609,-4.527523169054659,-4.767868039361766,-4.604718444179443,-5.109236406679802,-4.249732849674159,-5.643491095513887,-3.0565768699661535,-4.323437625999316,-5.253766560507476,-5.375684189297916,-3.8613964881854854,-4.265677417534182,-2.649368441838227,-3.4367267616094463,-3.6976674817915827,-3.068334308128626,-3.392033719629207,-5.1960647610208825,-2.607735643285748,-3.672966362380169,-4.27804847350075,-4.261015859041816,-5.33599997170312,-5.161658941649679,-4.83204904909444,-4.4834037424923405,-5.0400415487790795,-3.0146578108897657,-2.253666244028561,-0.26642711615180004,-2.543570031373292,-4.295324574283519,-1.715204176527327,-1.4482642141476034,-4.853428243435071,-1.7065398534325773,-1.3244702556361416,-2.684841528501196,-3.7959443572295646,-4.277059402651627,-2.3396148191168145,-3.3473194806239874,-4.842050594799324,-3.0494350578228744,-4.821061740622073,-1.3634443905013607,-3.19650285988629,-3.269172685412612,-2.4716193183312725,-3.265940640349992,-1.8253489020280447,-0.35717560703421514,-0.9315312402001865,-4.397512973460142,-3.3524957459371234,5.2247406681727595,-2.3375409575745274,-1.971823312011029,-4.421581950125838,-3.046493905768393,-0.8525390290153421,-1.8310618222291437,-2.7631971711048737,-2.7311877720117628,-3.4854680260686477,-3.636960036970465,-3.939808678812702,-4.572305506034055,-5.055468942662267,-1.1087689867779689,-2.101637674519305,-0.328761681268013,-2.588677835884853,-3.2922836887640914,-3.5611308968939994,-2.3995680631755443,-0.9193113120461147,-0.724244264741399,-1.3807236794452362,-2.834495853331887
61,-4.737152141544822,-1.8018915046535442,-3.105115019313563,-2.4539773702706773,-2.7199972703549005,-0.3803341495516839,-1.5866559444350732,-3.0116258041688377,-2.255855366679249,-3.93939468607585,-2.539041778671307,-5.005684997647997,-4.347077386724809,-4.1105126263345255,-3.545021118243003,-3.0987979479626966,-2.7911752928979245,-3.4335029393706216,-4.281691344836396,-2.5473190248861535,-3.031775688338763,-4.706396508352886,2.709393123898594,-2.963999383556893,-2.518548113537925,-4.576229611688066,-2.577107016545331,-3.401244958546284,-4.654131529619148,-3.7052704246191097,-3.282473969782312,-2.0415521912391377,-1.0392086289376694,0.08751194551127472,-1.9223930317466045,-2.312326653965251,-1.5252467725767447,-0.5664580248495152,-5.0173843422131466,-3.393921530075163,-3.7167463817430506,-3.498737364128046,-5.023935304509761,-1.7710658670264976,-2.3410775633760066,-3.47588318637018,-0.672162492211467,-0.8557843619516584,-0.3641502350602457,-4.033017400109782,-1.889101007705031,-3.5453729784703594,-4.011147093304884,-3.9249969262522453,-4.5131394002749685,-4.455783614540062,-4.3107836375611015,-2.235301845485211,-4.4475736452773145,-3.663532979162152,-4.5616710994888345,-3.6185137694320435,-5.0483998081422925,-4.9594319704327665,-5.068229224021168,-4.8337399887383246,-5.153378517092816,-4.8842456512002475,-5.43388082703701,-4.525176201378186,-5.75242253447184,-4.64775779672277,-4.610712398882646,-2.990344306319497,-4.658194552901176,-3.2546383841968534,-5.5774348730243215,-3.938646724108546,-4.458188871330773,-4.879369829155132,-4.585843004777432,-4.492703353749122,-5.607911330462156,-3.6324465337617813,-2.945232916786633,-3.816480165883338,-5.703292017031936,-4.665358425111673,-4.777801638513394,-3.5772560190811173,-5.1574289682423196,-5.141294857221642,-3.4228284039780963,-3.0148270723207258,-0.050423208417290866,-3.0361196138857767,-3.905816892524999,-1.8775766139139085,-1.6513758800901384,-5.052529546120548,-2.0249404641280875,-1.845981644365982,-2.6743320427995982,-3.5749333052384764,-4.957559027483479,-2.987497162183786,-4.028529370681561,-4.898642966413223,-2.7841801633475605,-4.307167622162173,-1.6066139727729074,-3.3941753485460926,-3.149720705918864,-3.025656664762057,-3.116270021453024,-1.589297003203893,-1.0746798318703048,-2.996801460891096,-4.123308061483398,-2.571520248511979,5.849392970844871,-0.7561041532721613,-3.4422718129437606,-3.9684254345764627,-3.9139193483089003,-1.2905344076680387,-2.3607947295553795,-3.1899045505774763,-3.3174286835886333,-2.4374951896707344,-3.7504414955921592,-2.974013613358547,-4.864080490754605,-3.889731622039602,-0.6060517367893815,-2.725515716431403,-1.6580283746240982,-4.096549972730857,-2.390932585859532,-4.195870448223136,-2.063621940461125,-2.591926969659447,-1.1691944897139523,-0.40838594209839707,-1.9544461868660745
62,-4.420216538124765,-3.171448387674173,-4.141495255791284,-3.1268052274985587,-2.176288339812875,-0.12589761661458576,-3.768772262448808,-1.7442057263270874,-3.695642541138214,-2.4885312134760316,-3.3046350927551247,-3.3188062543286505,-4.217048873001318,-2.9925915249926422,-4.605253680235281,-2.766809709598957,-4.679739149319429,-5.12430084278454,-5.637155127305156,-2.935110791869964,-5.119178784545253,-3.2779640923470534,8.311070055237039,-1.3866819664154555,-2.6417737568081865,-5.429812214691357,-4.241369064170951,-0.6172711636695367,-2.6139861034235667,-2.212354204688378,-3.1367795902633744,-3.632539748046247,-2.9941091925029806,-2.6956941240587944,-3.8233454107220006,-2.206562321643359,-2.374240952426275,-0.7266781405577305,-4.8340283072950525,-3.9004525092563784,-3.271116911261367,-4.221946938422645,-4.633340961503859,-2.005698627323973,-1.6629393405544428,-3.2659720418119487,-0.6177007447312783,-1.5578784899931761,-1.0547661522727494,-3.8219363840595157,-2.283899527940927,-3.816287045603279,-4.341929627504311,-4.130554658719064,-4.581088881502184,-4.581894464099588,-4.489083498129936,-2.130133439259258,-4.770746134122673,-3.9624966913898803,-4.848849118152196,-3.875810870665108,-5.326216217764704,-5.093678012759163,-5.480889434940219,-5.20955977620333,-5.398357555027045,-5.07181926603074,-5.655186795107993,-4.656217422591485,-5.187710232805435,-4.411168971695743,-3.4274485173580427,-6.2894123117769976,-4.823727852589873,-6.141532582457537,-5.890937523218692,-5.876078037448345,-4.731510214587994,-5.24172514739015,-3.8522919791196912,-6.180932175207854,-4.966793761846012,-5.689089208180455,-4.777878558146145,-5.680501532141226,-3.7665473876006605,-5.693311207340695,-5.777529508949177,-4.5857883078823525,-4.791743294118154,-3.3320487333096733,-3.071831262249148,-2.87583611255802,-0.6701346320301897,-2.6047199674901966,-4.461589079287026,-2.674789156818449,-1.315059269623642,-5.538682022227725,-2.8226415074566797,-2.5132217548309956,-2.6006147595003584,-3.956585455464833,-4.931138514634013,-3.2791908825175087,-3.5182000276350696,-5.986006809547012,-2.7790809113272847,-5.071655331348351,-1.3250465140375969,-2.77438235624472,-3.8801266448111233,-2.283587135370328,-2.8057477786877008,-1.4101915977344417,-0.8134208135356796,-1.6229968170986542,-4.3631591833895325,-3.5949693084341514,5.435103094461344,-1.8081313657751323,-2.2400380864344775,-4.690910370498097,-5.074948823653415,-3.1582976541657963,-2.047268158434453,-2.303903066843632,-2.494101355140006,-3.088250187095844,-4.4797272146133595,-4.617775755027848,-3.648922570021047,-5.417466758762268,0.36696749346474,-1.2191792810481028,-1.2755185494330006,-4.363121902901931,-2.2930598872550667,-5.326162219566037,-3.3019927223516534,-2.09664981594172,-0.7629629102266672,-0.678585031162037,-2.55093556818559
63,-4.937235468848396,-2.4675594390145,-5.900185953724993,-3.7724199216460583,-2.9111018058187783,-1.148164411027587,-1.5273538352518217,-3.7689460562447716,-4.268396315939817,-2.6217136441072513,-4.170285553055347,-4.897238799523872,-4.046984104523219,-4.044125373220382,-6.018764951843982,-4.748834355260877,-5.703596741724546,-3.539561554665377,-5.504856147081393,-2.891496179191242,-4.539618604352482,-3.8556018597971953,2.480610695950514,-2.0905570329973617,-3.6632394674126947,-5.061945352123865,-3.101473628317953,-2.128874440084414,-2.1991263618907992,-3.028912825151364,-1.157300782502023,-2.0493767939838694,-3.1348989245403835,-0.003643167716937956,-4.053870308688582,-2.8179442258972753,-2.340889996622691,-0.14551365322045684,-5.354894801157399,-3.8714213533729294,-3.716063387838009,-3.898102528553427,-4.920694573118941,-3.232990240571965,-1.8165250470418726,-4.031380293938652,-1.4801486594437643,-1.0827936137880587,-1.5730831362059987,-4.080743141646901,-1.9613765161733938,-4.067334416920514,-4.459532041381573,-4.371150287852164,-4.76361301211792,-4.5068930639869045,-4.552642623159351,-1.4416197594216946,-5.1636273253317455,-4.160701443650203,-5.06224399205144,-4.008700414743355,-5.535730562095372,-5.30587874887458,-5.732181378282773,-5.486954697235888,-5.744601508584772,-5.319790800066748,-5.750748904184809,-4.653084633237546,-5.284273684786681,-5.901538811063213,-4.429345245995831,-6.094413020203011,-6.5139206793471836,-4.410965522181618,-3.966460314173892,-4.613543844126413,-3.648153970860775,-5.795711184843652,-4.568162223449972,-4.1459880306365635,-6.138396767025467,-6.288225287501039,-4.301801673390793,-4.574864217408159,-4.325364748559385,-5.345739249126459,-5.284001620972576,-3.560052407094653,-5.300653501929615,-4.553429950949504,-3.3400366032382642,-2.989310461240117,-0.6180001724122304,-2.8095541953537535,-4.177841131625954,-2.850486527686285,-2.295502506068202,-5.706436889885309,-2.5190063079270795,-2.739854095498209,-3.417963129981804,-4.11448467678036,-4.811804106070821,-3.2756625859718866,-4.182283478263905,-6.1367603530036625,-3.1314534355392887,-4.404737014666123,-2.015220604265638,-2.8354953863798404,-3.7677669401416427,-2.6900298983892714,-3.2163046280341945,-1.714024314324379,-1.6648524024028715,-2.8235472025223833,-5.329558041057243,-3.133384507416884,6.567829312411577,-1.6380087965688919,-2.564515143397464,-5.21038165036472,-4.344444283045253,-2.695214560128537,-2.670900834707707,-3.983539322856885,-2.1227923591756324,-2.897662656433212,-3.5746480588406033,-3.2626983211791893,-5.20964566324968,-4.959063595630914,-1.2678606381114892,-1.478955631237938,-2.3831372160166113,-4.088621546802334,-2.691037401500962,-3.7266506215547004,-3.787855511599097,-2.524687743876662,-0.9383229590278616,-0.9493295401362354,-4.258709862409424
64,-5.937731566297142,-4.4750799785162565,-5.6796569522928415,-4.341532855894352,-2.038534949115295,-3.2053568266883437,-2.563127420083245,-3.2864489367899883,-3.7619890314415136,-2.030479876347151,-5.775364103574239,-3.511528847901543,-4.681698384080826,-3.389328448912649,-4.793384952158242,-4.229405239557366,-5.699661761804779,-4.875809681739416,-3.700907163401206,-2.9517867965559037,-3.517998931032823,-3.868794727002754,4.388104596459287,-3.544588031060194,-4.236411069995107,-4.23974689650224,-3.1120922589420603,-2.8255787841790285,-5.813189017154671,-4.225413371730392,-3.641517517535405,-4.927092072008174,-1.5904833131688996,-2.485288125793089,-4.77507412316068,-2.8679063949450647,-3.46566544617035,-0.08340846976331417,-5.470921189579011,-4.129132518398626,-3.939021178425151,-3.161707325460994,-5.184531430251555,-3.134795746487461,-2.051671399827555,-3.7323401216317857,-1.6214444231241973,-1.9538157707111707,-0.8391392994927598,-3.7544120408457338,-3.031889206328421,-4.319060582483613,-4.610066211199465,-4.535208512378887,-4.823756787554389,-4.60770587299838,-4.717452458819585,-1.808637809628963,-5.3591825853546835,-4.293985435689804,-5.249855378197451,-4.0746913500050885,-5.607376368653012,-5.46505193763048,-5.960334537046727,-5.632600217193323,-5.923268495921242,-5.451039082607379,-5.878392145094825,-4.791209835479029,-6.2327251355546105,-3.5130706691274147,-4.214216019591411,-4.330572539829588,-4.644912625563084,-3.9886049515077238,-5.418100061045177,-4.541307841723303,-6.383738103891653,-5.3570911023796235,-5.037347464396975,-5.8674944650630385,-5.947878351119392,-6.142758546003808,-5.0006211531799885,-5.404801013207426,-5.172792218067335,-5.265653661550926,-5.816379787995105,-4.412750755871428,-5.840874787511744,-6.254069603542579,-3.2549635846478493,-2.604132542711696,-0.2689886709324347,-2.97959460254515,-3.983797930395279,-3.155876671950164,-1.912047315457042,-5.165048580066891,-2.985009993719817,-2.326480422787582,-2.8985156152473377,-4.406987599032286,-5.176153225786968,-4.112549677660953,-4.7270898280932965,-6.011591961618381,-3.3373303889033012,-4.809985527098911,-1.9486392501097352,-2.8999184971130836,-4.395864266051162,-2.105714978948501,-3.5340195570279906,-1.6839869835900105,-1.6168563183398101,-2.6765919232748927,-6.505930240360606,-3.018663087134951,6.152569045456612,-2.889967447036347,-2.9767356774553306,-4.9964355161039,-3.38121339547682,-2.3336331694733112,-1.8395415778868083,-4.407026068817913,-3.1286556966246994,-2.964441983792982,-4.300239925745173,-4.37434065355202,-4.141065513982091,-5.522614231988176,-1.6848307070611273,-2.261722478195016,-1.4795550009025251,-2.672445782143625,-3.086396723194322,-4.668440296765441,-4.344091789175517,-2.222995631559953,0.05602058509464003,-2.804980010414955,-3.773784178579611
65,-5.236807332486505,-2.5885499978829953,-3.913215235470623,-4.7836338341096445,-3.153693828875389,-1.0057481538501434,-3.880143441985978,-2.5049152665114485,-2.5208281965806627,-4.419134312618447,-5.668315968392906,-5.585722819195924,-3.128340447139901,-5.663317512416,-5.333863819945323,-5.296564691767775,-4.9918358116878325,-5.395340551021877,-4.1774675991112575,-4.570448104119802,-5.047680093027839,-5.7299794283011725,6.293461256976448,-1.4027020290669148,-3.745286396425394,-2.7434978527996265,-3.0948907623478927,-3.0119522942814796,-2.8604579110145756,-4.381711752019568,-0.9088744883223892,-2.7785890023335758,-2.9674138893867106,-0.3083422469419963,-2.7352665093116335,-2.8648352893190956,-2.9457958150553543,-0.7941269912280435,-6.015823152175743,-4.73375796015439,-4.317837592014112,-3.7059203157489753,-4.333797840773616,-3.3983823566846056,-1.9538959650524643,-3.1185938989164246,-1.6941794216264159,-1.9850712289196033,-1.6669019218403882,-4.131510211472609,-2.5255355559753623,-4.508829572783224,-4.64974883434341,-4.710238883463705,-4.909265723558727,-4.5366929324765275,-4.650758962712642,-1.0287178584504069,-5.612613632672765,-4.463828599948244,-5.41124541016439,-4.196465834103042,-5.7593186903359745,-5.539089301607333,-6.0942411882951095,-5.687267197612863,-6.007281113136995,-5.65786147740389,-5.828244743291014,-4.849308644731441,-6.77446866563087,-3.6364410775794376,-5.522868564570722,-4.847798940514291,-5.655239550883117,-6.583736105466462,-5.439841149287783,-4.793739081411316,-4.4056023291843385,-3.808997671756633,-6.7871062991860285,-6.60100428189062,-4.289389231979187,-4.701554332483477,-6.681070015181788,-6.81641032232575,-4.113735174899108,-6.018432156364361,-5.002992515730558,-5.536427511312994,-5.753106182534342,-6.454689596860956,-3.0625892816492435,-2.2502505150607073,-0.7889769229236215,-2.95056777448802,-3.8716901652411697,-3.0113010372978977,-1.9824921723769018,-5.188775241104972,-3.676106108224198,-3.063060488435843,-3.0918403238374266,-4.389287595980085,-5.5760998958220265,-3.5528347231891324,-4.639292131492898,-5.904144593706012,-3.7467474741113183,-4.9447757505088505,-1.815176233027041,-3.239992724049685,-4.208556775938492,-1.9618723656346915,-3.1637391858742854,-1.6582620900369913,-1.2816246995817497,-3.196475417980861,-6.461312222170897,-1.974423244868492,7.899757347752279,-3.0775248643620574,-2.769707624875189,-4.381963922062932,-4.054413554619439,-3.9515386128895464,-1.549915935320969,-3.084252602036935,-4.564711580244163,-4.017586393759495,-2.6154006336081994,-4.081795771653219,-3.115866475158806,-3.950632480184094,0.0191325269603424,-3.2255314599091855,-2.4371368685412067,-3.9746051920570413,-3.064337481042474,-4.483426595006516,-3.758432838716054,-3.089063071679602,-0.7414808305770297,-3.381330846065559,-4.009372786522421
66,-6.120053410487185,-3.185485755535409,-4.574792344648682,-4.387149364634703,-3.0576138206537053,-2.353689529561489,-3.0762777163753157,-4.176038389910927,-3.5130568601633243,-2.8738963909558493,-5.5131454264892845,-4.376674472374973,-5.2652040359302745,-4.687935008140156,-5.536287601992422,-3.9875210674021226,-6.294413358732195,-3.952616212455222,-5.360847718455861,-3.354009088118471,-6.497677745188008,-4.492720276185679,6.823495335923475,-4.616615321372331,-3.6721779167101283,-6.161907497530647,-5.585998963115692,-3.2121053221262668,-4.647580672026249,-2.002899667979932,-3.665497026617822,-3.83716897586827,-1.3669801613829713,-1.101300714817821,-2.020597617706341,-2.8452671064385315,-3.5265407115446847,-0.6581233779454798,-6.0991610395482,-3.9779962643160696,-4.136401748691804,-2.6374321185195844,-4.534945854550993,-3.9642588461655,-1.436019040894347,-3.1839903666725817,-1.2553122748893433,-2.1958302910393126,-1.2947858561233092,-3.5256664412123326,-3.390080648066353,-4.549676506652572,-4.717602510110812,-4.824314545082951,-4.836838703931988,-4.534431597467713,-4.591880365236461,-1.0841680758076357,-5.654842276886227,-4.537966638952091,-5.4473111404736105,-4.281590435727454,-5.968005468475904,-5.548701780969539,-6.223058513159544,-5.886125074200232,-6.104496837873491,-5.750063422178466,-5.8791289471800185,-4.787687786223091,-6.06797558973848,-5.04237439185158,-4.673470033962937,-6.7068518290631935,-6.607913095366124,-4.2599567976275505,-4.97569615079467,-6.275354583721049,-4.547418916226303,-5.617423245580548,-3.910290217887413,-4.140429189197436,-5.657271586280328,-6.225392672505687,-4.190226134712589,-5.222136384548686,-5.469498254174315,-5.220874237416645,-6.805915269352091,-4.080777806181344,-5.893699295867201,-6.3753751157107645,-3.2543979316690477,-2.645829674097268,-0.475166777752756,-3.552928601136455,-4.263123646160593,-3.302419794096586,-2.326241765222914,-5.220004384564421,-3.8414242458960413,-2.5812665889499304,-3.009826788385115,-4.806362251072806,-5.037724975736365,-4.072926058084117,-4.486726841384537,-5.9972537459662965,-4.21003336727919,-4.870418639767438,-1.8103472779868457,-2.883513138650326,-4.327948972295967,-1.8930618915510955,-2.7872988142431367,-1.640895573266938,-1.4483274381860434,-2.5503857665601215,-6.5496830304041875,-1.444390341598489,8.643038535021578,-4.082406361169801,-3.749104777604968,-5.322717740933197,-4.152299255125905,-3.3988970256410447,-3.3957000366907346,-3.9555675457584822,-3.575788400472499,-4.001981961899105,-3.807483393256324,-3.538873180268178,-5.209774453580655,-5.337832571017548,-1.013929892341505,-3.715226105606464,-1.9018295343734988,-3.383710697323038,-2.6728341900938153,-4.151206368228083,-3.1586151711478054,-2.9221494743436778,-1.4285988109514505,-3.436608395638633,-3.4491975499742753
67,-5.7006829404664785,-3.484061450361023,-6.271307997726659,-4.828828309592154,-3.307258168784241,-3.5437142918364524,-3.0376955071778466,-3.3262792926177633,-4.566202520214117,-1.5215417140445746,-5.0002862054682,-5.25209727643351,-4.641184755962975,-3.560290017322229,-6.540417267499141,-5.720359370604325,-4.380428787244412,-5.009419971719452,-4.623029114566324,-4.113646021034184,-5.799554398176486,-5.852939030479352,8.405725508737994,-1.0586058636068962,-2.967103804825849,-5.157661825744299,-5.653287703705867,-1.1453913025574476,-4.491571870172662,-2.3316058783464544,-2.423220539795703,-2.6136690260518405,-3.8980330315499843,-1.978909315834566,-1.4305956646977438,-3.030752308341269,-4.172848380946628,-0.1068033435872775,-5.759032337884484,-4.738419323485181,-4.2375840507673335,-2.403407239625578,-4.672457128709236,-3.3301262815343495,-1.9111726149346215,-2.8019770726266175,-2.212240725129874,-2.597506202542558,-1.967205588944977,-3.594636431131405,-4.075435376270707,-4.678761237137,-4.630244444219349,-4.799057053605056,-4.777138457563059,-4.343236213530518,-4.625286243208509,-1.0790561472825169,-5.863746735731424,-4.501885455295169,-5.494541289837325,-4.385692316177138,-5.9627533551227465,-5.458013426074099,-6.273005064058565,-5.908760660378987,-6.206357712034952,-5.743261627887463,-5.810893586792735,-4.725704479295225,-6.3076170353692,-6.065901005174784,-6.257452213540146,-5.540539883497803,-4.738758576814847,-3.9891378875220167,-5.271118282973105,-5.095939846355984,-6.582873359255307,-5.05820840621468,-5.705236180642572,-4.993165839304323,-4.887994171774517,-5.485573962433388,-5.996120688811471,-5.192647982356103,-4.620009242922603,-6.3749819775038485,-6.247966338404111,-6.015129965492392,-5.581119448635571,-5.328411740522665,-2.7041902939575526,-1.9908231109406402,-0.4228756415058742,-3.4142035193669376,-3.764492236141877,-3.3966982132545804,-2.3860501715331135,-5.333395005457909,-3.652177311724209,-2.747463040416723,-2.581137391362859,-5.116394553797343,-4.903606463489189,-3.9844019730714524,-4.522469848346748,-5.866545923701943,-4.2658978467729325,-4.490109190949097,-2.074942227705544,-2.6317078921938624,-5.164813397433621,-2.1799823566326886,-3.259413939885418,-2.2746621005822196,-1.3708006282123053,-3.2613966701963575,-5.425873708394153,-2.522171857555368,7.179234353143835,-2.5540893758800243,-4.680443881125077,-3.531636040180964,-4.339282883162024,-3.8612994116198505,-1.6442830861386561,-5.280778576523436,-4.410116981688828,-2.76546541715315,-3.833252606917161,-5.260592971728088,-3.3373214186914684,-4.017277596480599,-0.26467901821465967,-3.9199737241988757,-2.452356897430228,-5.017159951916979,-4.35324614296627,-4.913984174741,-4.414234546733789,-1.6936401542001045,-0.5874149761828347,-3.8373252314484154,-4.705316482917414
68,-5.575018000496136,-5.259169882749609,-5.824395490097315,-3.1249166949194835,-2.287938298584974,-1.1682956895598107,-2.0443560995293333,-4.018779480322795,-4.528282462191277,-1.362941132104459,-5.024799937075736,-4.328899620099662,-3.0943897758627,-4.5969349250052645,-3.9405263632862297,-3.910035961208699,-5.729167084960575,-5.6163576892611475,-5.548115228042705,-3.9003128979743344,-4.13980591964093,-5.745230168066993,5.160174873445481,-2.31173416863257,-2.79849753154329,-4.612535882168264,-2.9204970663300465,-3.4765057841903624,-3.2197681394328588,-3.335091924467863,-3.423494662781662,-5.413795455541812,-3.2435757561368757,-1.2777697846616314,-1.340988618785644,-3.592262040742276,-4.255676483066225,-0.030038709913878248,-6.36738812434142,-5.0381558348585225,-3.7789771595205135,-2.6781965110848454,-4.028081671279663,-4.342863109061775,-1.414701470648441,-2.6271974506744966,-1.645260815120563,-2.892591797312147,-1.628136655116454,-3.9377897565528786,-4.296531906957196,-4.7217136755564475,-4.623685955343163,-4.8648909679545955,-4.662331989080408,-4.2237303934597445,-4.466893199316307,-1.412390752950905,-5.846106774940201,-4.655037001633995,-5.442843038249536,-4.41391680573006,-5.876637493082725,-5.420290896959238,-6.314286794640773,-5.9034350541796625,-6.268999596497515,-5.807797099661134,-5.785670868908685,-4.730570484578812,-4.4855447037273395,-6.126949329966962,-6.0983408715730665,-4.2069487781608,-4.3638632794152015,-4.13931915292917,-6.505071691472062,-5.863910059935289,-4.8867370177462455,-6.287019624755769,-4.884701631735586,-6.4315511026094025,-6.045402783158544,-5.675596106756337,-5.625165157345382,-6.002399765144902,-5.249471482248448,-4.636436509901888,-6.335237965407863,-5.387735588319889,-6.379408649728006,-5.6054127836259475,-2.78450699996673,-2.2525618228904016,-0.13942785540815184,-3.0548243407738638,-3.856224143779174,-3.3238750927475964,-2.463876101066839,-5.403505533428445,-3.7671448479900427,-3.096205597718177,-2.516491056709123,-4.453688671173989,-4.734541484286279,-4.481911568055748,-4.545629213079891,-6.493345006623675,-3.9944054827306354,-4.160886213325564,-2.1906344655873937,-2.4787076383337396,-4.062763943562316,-2.09308122550677,-3.0428259410364245,-1.9488564115501683,-1.7168458157029305,-2.9970433661194877,-5.940156938700431,-2.7423982331786156,5.765544530259163,-2.742452366893252,-4.679505304925893,-4.208992297174653,-3.991064112805419,-3.8191173083797034,-2.3076494197111566,-5.082699342198765,-3.5784921347384495,-3.16951720367093,-3.8056937163730242,-3.8028200172794975,-3.893964118606231,-4.709901861996697,-0.4859170478047168,-2.665467389306546,-2.090939302597314,-3.4557077539598433,-3.0027586091673326,-4.039832483666318,-4.918449536735588,-3.2083715643917396,-0.23992207758252526,-2.6331242390341845,-4.628176858161383
69,-5.079905997819878,-5.180603869852141,-5.393222033821274,-4.550608454001086,-3.1681070500050446,-3.832044478865838,-2.8298520069462807,-4.85071340111294,-3.1340595047622752,-1.7051640692969325,-5.086782669282879,-5.852943609157427,-3.757058039382487,-3.7714028612060146,-5.213658702361075,-3.52188596149509,-3.8730367054606933,-4.33835799891793,-4.614119259880701,-5.44105737523129,-5.005135293535661,-3.8844434205930964,3.2625069985392035,-4.273062760282612,-3.3960484210529116,-3.547921520159617,-2.2776338444800515,-2.4027820327156606,-3.7900343221670743,-4.198379895366324,-2.5484583158766663,-3.0499135860636573,-2.155541229943231,-0.8266875752918135,-1.2939077553710896,-3.8946681877134415,-3.5407522588454454,-0.4452120332966968,-5.3824916060545815,-4.805085932605282,-4.148704785240392,-2.3594293814417786,-4.5103080266705335,-4.132645176258675,-1.662153502225763,-2.9124460724200443,-1.876876375971175,-2.7210983532583657,-2.16982288853787,-4.268925353782455,-3.802872874437078,-4.881874643454448,-4.541008442143691,-4.843007589772748,-4.531020928517935,-4.085895222283981,-4.415291631857994,-0.9901353672206457,-5.832713943347078,-4.534158767566616,-5.421640972185243,-4.44369544717889,-5.788756713328975,-5.33124312948707,-6.197539542235805,-5.876013830244028,-6.232631192945029,-5.652219506754332,-5.702665102955098,-4.490640322632214,-5.5401413691057115,-4.314710882292715,-6.125392989786286,-5.0718864726438975,-5.6135113507168075,-6.564553874156452,-4.934652297352268,-4.246364776994048,-4.7031800567961035,-4.707399631472172,-6.446334492830501,-5.145729816700531,-6.220002593670823,-4.331392535460481,-5.844082668158654,-4.992457922294416,-6.058156046140585,-5.853422180536967,-4.652214111126996,-4.24341178591225,-3.694756477722727,-4.495615675490505,-3.155235175466428,-2.182179476626357,-0.7916118373476071,-3.2877429881697124,-3.913953959327275,-4.0608673790879575,-2.6030273219073377,-4.956953847208951,-4.413609098242332,-3.732554089369045,-2.2854361866816335,-4.3789601900164765,-4.7057619657983905,-4.097300860266501,-4.458785664745076,-6.1807523655753975,-3.9928685259045613,-3.7598674209774217,-2.096780072953898,-2.0462210416991873,-5.601801027813701,-2.164969632333956,-2.3681007673214753,-1.7821053985677846,-2.124609250542214,-2.7644542766900697,-5.075146641790779,-1.353605855218361,5.8165851306826015,-3.1390810091267993,-3.596058988364317,-3.2619254341649997,-2.339398286953567,-2.6422214243089215,-2.0558234725729045,-4.100294277384271,-3.438955838030334,-4.151754576921604,-2.0216553602437637,-4.419284485487453,-3.8046801531354992,-3.8738853837006957,-0.7947350818806687,-3.485616127891033,-2.6013210553733317,-3.3652260190946803,-3.586664552090956,-3.6378828068104214,-2.758735469536102,-3.556704962049492,-0.35272443381510143,-4.143822577551401,-4.048073195424959
70,-5.93380928508186,-4.047248467780132,-5.299462365428217,-3.7920877317253896,-1.0427013227764679,-4.1601756899629585,-3.856647287643011,-4.523235586409239,-3.5372844665598318,-0.7158138687234672,-3.6046790741674153,-3.725158330190357,-4.5300626397817165,-2.960286483637271,-5.742149725301793,-5.475684585565588,-4.064906504857283,-5.7443495472985715,-4.640331541717286,-5.2671660493140084,-3.563975610368609,-5.466095628561749,5.914499969329917,-4.571820106188755,-3.842077568181932,-3.569624028052774,-3.2693692942745005,-1.4628480154824257,-2.9303565650428482,-1.3610827300361494,-1.4488090299293903,-2.602918016337211,-1.8354270926132246,0.29914685314151246,-4.438130882458418,-3.0472189534862446,-4.0468703649028965,-0.8945965870766974,-6.1457850689650595,-4.742525490491069,-3.9439315329338807,-1.9105816985439783,-3.995355606046133,-4.7104776909846136,-1.1817601451327624,-2.6015110404352417,-2.483700567331135,-3.0481392964653446,-1.7572295003849656,-4.262728483536371,-3.774202663321583,-4.791424188400065,-4.499864524847446,-4.817258550480882,-4.381321674176866,-3.9550272488561427,-4.154551102820554,-0.9532401622800362,-5.802908179656293,-4.42569587341574,-5.275329795872823,-4.316576916227912,-5.806197662023935,-5.086537953051971,-6.067384387657705,-5.762361535366273,-6.0502261962619155,-5.662522236627323,-5.439480934403714,-4.42667812644714,-4.49234746322492,-4.041719369528025,-5.819704900530397,-5.623747369173667,-4.022474200787796,-5.153645112096646,-4.230689896313288,-5.801471276679208,-4.879175181688005,-3.699689530488481,-3.6647185829152558,-4.350210030565917,-4.016266130170813,-4.767675764849501,-6.146496416846494,-4.636591518248774,-4.958093422794245,-5.557644892935589,-3.558393959293063,-5.0623725834714906,-4.101861946164406,-6.356684410457567,-2.4543217292826576,-1.604623481972081,-0.6091711652423789,-3.47088877352193,-3.6460635693343195,-3.4119627180167855,-3.0734636384767597,-5.405755385230467,-4.674978321371722,-3.127467163674105,-2.428225774339638,-4.541729052135604,-4.61819536566767,-4.134475402156804,-5.146985972547805,-6.0797417788388035,-3.8804994435635902,-3.4092024075796963,-1.90039777081271,-1.803998866343866,-3.854666630407467,-1.88865578439417,-2.550359117509452,-1.9911985652053017,-2.1721509401220738,-3.23982520311376,-5.662183846111069,-1.3121700354349706,8.545526396866514,-4.332282564871354,-3.7525203729100265,-3.16361923160699,-3.551147621043526,-3.580069022751286,-0.6977900494623746,-4.715297043577585,-5.027738440785788,-3.7480469120641895,-3.3770362183232407,-4.065021012231607,-3.2200749272190112,-4.872938270388811,-0.7121670257110111,-2.959017229404105,-3.550780708661419,-3.096328099430369,-3.5645371234458683,-4.939929799547822,-4.683175299031572,-3.1074138239357936,-0.9890926403474165,-3.2334470597142433,-4.627187860772603
71,-4.776427230161398,-5.231953031683369,-3.876730963429992,-3.5949972443706715,-2.749315179612867,-4.180789821043445,-2.2557547635068946,-4.419332564181495,-1.9470044197592815,-0.49334342614033977,-3.5999798749533585,-4.395440006413075,-4.492793253893449,-3.8100442623001203,-4.383147171653476,-3.715278218925746,-4.468556381912397,-5.359667717943504,-5.142420017316548,-3.587492781528152,-4.395646360530524,-4.16102621371474,6.589983703960964,-3.936855868932257,-4.599230419598762,-5.243851877128951,-5.2128754746760455,-2.429844635369495,-4.929158948322263,-3.190546492491255,-2.055517091498337,-3.692852967309112,-1.3881367330982743,-2.699477792421077,-2.1073099959061237,-2.975760029530738,-3.9917658573794546,-0.20723289183216997,-6.082394804926854,-4.385813211045689,-3.4993657401089115,-1.9433552900169784,-3.6610338812289887,-4.622537869261246,-1.3049458327589205,-2.1320880662230124,-1.7412459825679174,-2.5016144881355062,-1.5012637512508067,-3.9041504760229677,-4.073506059383556,-4.7242659496558925,-4.35049178477183,-4.654107937370509,-4.2138811755314,-3.6634047073640836,-3.9334471445299273,-0.5177999509866403,-5.808619688746192,-4.456493238520454,-5.237336027726313,-4.192454181316279,-5.5886239115424825,-4.9630128421095865,-5.954980737225513,-5.618917723434255,-5.837669114134792,-5.4448389990352855,-5.168211008169496,-4.203643406858204,-4.000092390383091,-3.890779889788251,-3.5564894896640022,-4.41127296881817,-4.810789565402162,-5.0160578259851825,-3.5371024049670754,-4.277736709955439,-6.348304385383613,-5.189036877884294,-4.9543935190079775,-3.613650395210945,-4.038444543500881,-3.5735221877644343,-6.1881705104271125,-6.0822403325233685,-5.5463434949309,-4.008556921322279,-5.092428480112532,-3.7322073704333265,-4.898087612152273,-4.749425977698623,-2.790142817689544,-1.5645729112296969,-0.4295829103358112,-2.7291657136360015,-3.6092627218570894,-3.3403155478912763,-3.207857511800773,-4.9515848672380125,-4.730540588166324,-3.2762376771306685,-2.5175410323994036,-4.050639769380084,-4.971094061155949,-4.0966797890582844,-4.855849384658219,-6.024685487254323,-4.156290034526388,-3.657085724129248,-1.9790751867479697,-2.0933152520470375,-4.576334853229766,-0.8865516629009914,-2.46662384399215,-1.9403671168127596,-1.6006992654883196,-2.1554965074975874,-5.0626785259414895,-2.7425812155465827,6.278362299019502,-2.8338339587975385,-4.498276003617168,-4.063126326545142,-3.50027366321914,-2.908445849862126,-2.356691196729882,-3.793956008285347,-3.7110118748018084,-2.316904698321254,-2.0483712668602916,-3.615978656346769,-2.7088231740497415,-4.522631842232686,-0.5602686461868644,-4.178051936497324,-2.8516282967131232,-4.602903233300705,-3.351010980778801,-2.9563240203628625,-2.793631777205303,-2.983088077446836,-0.39200564324517706,-4.378198267466455,-3.4527794100492764
72,-5.058904095440106,-4.729102913985309,-3.8943659165482707,-4.677520055705457,-2.5623305782125625,-3.5531368085417867,-1.1393686174471567,-3.768293918677532,-3.241655446260262,-1.6720850954257471,-4.534480739423311,-4.10910716553799,-3.8079253873697345,-4.725544414875074,-5.209392001629168,-4.981722328983567,-4.277860597399869,-5.14730778411318,-4.321303946422319,-3.464766682838528,-4.744275647350967,-4.917700277851062,6.150145879395849,-2.6242537045024674,-3.1757260959616653,-3.0815398802116785,-4.473135330941994,-2.67724722856579,-5.196318659958143,-4.1151057478416435,-1.5833011461063227,-5.324015628556971,-1.7761927763242213,-0.14950086570180776,-2.9128799809832415,-3.252559397051207,-3.968687996254297,-0.23751728556178098,-5.031546227905691,-4.657373022252312,-2.94160197180011,-1.5604042114021763,-3.479721437504718,-4.3810204917777416,-1.336360996747864,-1.3110415735657661,-2.383862862296815,-3.424545099574961,-2.1261261817366357,-2.94753124024722,-4.037803606140383,-4.727140186524801,-4.094543631561425,-4.544051054012842,-4.031593787990918,-3.329830314118976,-3.669429503127005,-0.37034122981116335,-5.700207709192511,-4.224775382733184,-4.970005824137025,-4.140068175627459,-5.409334512339785,-4.694634502088321,-5.786995337156359,-5.343890460623627,-5.63724644654708,-5.332351260225632,-4.9164940599491285,-3.905165704051069,-5.699180321452402,-3.5555542927257653,-5.841780373943515,-3.9621119967865415,-6.019588401002013,-5.500576916478873,-5.501486696601713,-4.71280308825232,-4.740344864435514,-6.060280004577491,-4.659162528216421,-5.907903177724116,-4.014305578645654,-4.172815139517247,-5.270586636780434,-5.025455933848355,-3.3628545511943493,-5.876529985083463,-5.024648958418945,-3.1943320538214413,-4.159500189215965,-4.200709153559643,-1.876490429069259,-1.6174076640736925,-0.7306746815592327,-2.604579193735174,-2.992995778879046,-3.819165912567716,-2.7189887457636743,-4.191211680529358,-4.553116332418211,-3.397528685387466,-1.9193399462358043,-4.108518283647697,-4.509826865978004,-4.205966981361915,-5.063238463417513,-5.3678372639162415,-3.308927104670656,-2.7237644820621996,-2.105669220873542,-1.4146660863366067,-3.527066430269371,-0.7885348491395793,-2.4302056487700865,-1.2513606882870782,-1.8548502152731263,-3.121777507900302,-3.9202947949221314,-0.8687928226382429,7.158687862228223,-3.0740482708930617,-4.582124332377151,-3.189387945009822,-2.664823651963809,-4.162583475686091,-0.9367651761841165,-4.477127296007933,-4.948807802462741,-2.260577646020325,-1.877805813033305,-3.8975494498870153,-2.6749267820158282,-4.026618129362652,-0.22863049855916895,-4.463855327255617,-4.052603213868321,-2.608868970229132,-2.809163440127841,-2.2639044604946283,-3.9291490300100365,-2.562845707052481,-1.3653575523936023,-3.0903864104253422,-5.258364464138491
73,-4.999441827086987,-3.5881230238124733,-2.941872400765842,-3.8816072911511386,-1.3001056065074201,-1.5243130839300432,-1.323371108152414,-2.594613841466404,-2.5914430843460945,-1.2395264625291371,-2.5615533445956156,-3.090915973519991,-2.392814802040678,-2.7750142978763472,-3.049238879530538,-3.4528239722954064,-4.266946813534938,-4.237606928346456,-5.117413134257357,-3.157210217866951,-5.044492347597762,-4.720646094662452,1.8176766220960783,-3.9199017260002456,-2.8596612086982276,-3.4966554764876174,-2.538393199070856,-1.1086596017676942,-3.0022655602758257,-0.6476778089975017,-0.7943165529824361,-2.291377885807633,-0.1350826922971451,-2.3220460929558415,-0.4453332870063922,-3.3457961288208784,-4.643263973530594,-0.27022800757362053,-5.145241873159137,-4.702351031092181,-2.8127105833184713,-0.5334020430165368,-2.812949479310173,-3.935825167140946,-0.7519427450239097,-0.8910270479895712,-2.54486941956668,-2.843266083842219,-2.24366317961864,-3.1702177107910567,-3.999705205684168,-4.56634754181432,-3.961354618569447,-4.232993134028787,-3.7438330635602313,-3.0442128165592583,-3.465870481260136,-0.21640042556331002,-5.449897158228683,-4.107405358745588,-4.762823707674919,-3.8660303638369884,-5.12880312055192,-4.351140476599067,-5.5195454413557385,-5.062483643994762,-5.434128339735558,-5.023345226397682,-4.638109853078093,-3.5922931821299127,-5.750495092665958,-3.6806055130144166,-5.656850763205811,-5.576936375370001,-4.846764695408512,-5.491104154940742,-4.206390717966908,-3.9749345878251354,-4.916945260789855,-3.2987641057430217,-3.3467464121092596,-2.971756453107217,-3.3583195386020734,-4.470865121785694,-2.9612502306447515,-3.8027002196608954,-5.151135883181889,-3.5887790102701835,-3.974872144850724,-5.84028909107641,-3.071938798156852,-4.122015935954459,-1.5711211009145933,-1.3973792284706656,-0.5087625552758874,-2.6938576880821614,-2.9340294503670084,-3.6375624489679717,-2.7993074261658,-4.117945844602286,-4.7475946707039185,-3.4773802680084165,-2.3443396807478645,-4.021714251021019,-3.838296171727161,-3.718471968724808,-4.632886204818951,-5.587568204741203,-3.396931514535713,-2.4091793418664436,-1.8561521938311325,-1.0341704037099824,-3.5145202947732375,-1.168791183273286,-1.8689502338886541,-1.2341818705067122,-1.746628223961027,-3.389966268122518,-3.7444238845782416,-0.9915752022682542,6.423429009708181,-2.777317138643562,-4.2697024949662445,-4.122767165316175,-2.9013187465324095,-2.8935224988177595,-0.9562780777779999,-4.108079495943917,-3.385348787638695,-2.378823073602459,-0.7627475243041506,-3.5221883317279774,-1.6534034746787643,-2.2270834903150165,-1.371288989089618,-4.187565225934193,-2.3079450876365533,-2.4143904712766324,-3.1078728585513336,-3.5184175478217403,-4.169895487439707,-2.0468732625250112,-0.4906399078918655,-3.177339646236655,-3.296531612714595
74,-4.34787309257247,-4.472123580680476,-2.6498567031823703,-3.542735686514165,-2.1453398946150264,-2.2099556650494474,-2.2508194613891823,-3.376059346501292,-2.3224752219996128,-1.7042114418217165,-4.294719858422689,-2.933247044669746,-2.7174108762935214,-4.679853886287765,-4.35737332394546,-3.0245638127930294,-3.278545595656181,-2.3138894846010745,-3.591647729217609,-2.2631835800582203,-4.464208669274832,-3.1678942501413423,7.698504765717717,-3.257013394852859,-0.5946463384105591,-0.8909154372515609,-4.131417253543426,-1.6860335025239455,-2.004291924930518,-1.8833563596127414,-0.7388030499035478,-4.735341085909735,-1.906688150398693,0.7092023003678469,-2.625431739230448,-3.2557592679248857,-3.6391209990521194,0.05343848288097219,-4.62161788372612,-4.687238130096676,-2.397039266863289,-0.03309850261104863,-2.6846591970539797,-4.549823998409805,-0.6569134105371642,-1.3731114267756988,-2.2377390028010904,-3.178812608292789,-2.212083963999251,-2.7342861582624445,-3.918578014225829,-4.342862118036271,-3.659463149998312,-4.114992754081358,-3.492742433692763,-2.786918903531213,-3.12098807103744,-0.37094202012682365,-5.254978409158783,-3.8114031501401193,-4.480036427446775,-3.6846001273264117,-4.784512587936933,-4.131344405483257,-5.16832150648012,-4.7935423048411785,-5.206758703764509,-4.722001077230204,-4.264765269589865,-3.2847582103104522,-4.246259101250443,-4.698152752798668,-2.8664997452289853,-5.238426659425378,-3.3683819867509994,-3.4399996926853986,-4.5570186329926266,-3.4729674690434367,-5.224909587589258,-4.725162805777822,-4.675842873940359,-3.1974206017859435,-4.627779131668225,-4.162154785372111,-4.723862904669912,-5.081255504036938,-2.7349819774271453,-4.789359466119291,-2.7041950588245403,-3.8395947202630576,-4.247810469222847,-4.767970874157365,-1.5335794274301158,-0.3623955580104241,-0.5614407054542514,-2.330822958856035,-2.3775181971502946,-3.08229925355797,-2.4092876871219264,-3.939202748486768,-4.623795539092718,-3.533201472354247,-1.9166083795359319,-3.813252452893365,-3.561839485439423,-3.653095995498999,-4.6208122806401555,-5.3654683618804615,-3.6160522916047815,-2.109788147111323,-2.0675662677755704,-0.8296126952567273,-4.394311074307407,-0.5215747421470597,-1.934097405085213,-1.6139221584292889,-1.6562201353987502,-3.3353088478767763,-3.505870977484377,-1.6329866637212234,6.332853261698332,-4.2884769390956015,-3.0423863339880555,-3.7213061975522472,-1.5483528752775133,-3.9639039249891606,0.07615969558280677,-3.9508324657557834,-3.214681637859738,-2.1953626685882135,-0.14294084501873794,-4.1319010514910754,-3.307911381734212,-3.5614145467479013,-1.4986677574067253,-2.760762039783457,-2.4846577604390827,-4.008953971445818,-3.111587913919262,-1.467847754488409,-2.1722632478280657,-2.530594233643254,-1.12972403846161,-3.820283695005962,-3.5242537222801
75,-3.6979328959693083,-3.5633673289419754,-4.0018958607691815,-2.6885242521242887,-2.218882683239377,-1.733964995175373,-1.4733549675397957,-2.9387825618049908,-1.1259010047596663,-1.28635280954691,-2.3060160196358734,-1.6469207160907082,-3.480761407920327,-2.0377990782440416,-2.4090693093259277,-3.4962401417323825,-4.174508045657873,-2.799265522372817,-4.216597870588301,-2.388718266064625,-3.635895369135893,-4.517797335699434,4.564619562966745,-3.2354824285984707,-0.4225302287935868,-3.3884850757882496,-1.4235965925294205,-1.5679361295888476,-2.2739221727175565,-1.2020113937734038,-0.17712624705186641,-0.8567688929900417,0.11327742893532688,-2.4925633491685453,-1.9613413415879382,-3.191456768028991,-3.856227341807445,-0.5328346642233123,-4.98519697085191,-3.993068392171625,-2.2012153727558053,-0.34359654805157813,-2.0259934571293083,-4.794701974402641,-0.9227847458127192,-0.97282699070743,-2.823665781595048,-2.499752919722278,-1.8917925636162294,-2.394815131736313,-4.576061092725834,-4.253924178338995,-3.323420078294762,-3.7970501831461543,-3.026800763076585,-2.4438976412015396,-2.8968645398622153,-0.42943168158089007,-4.996435251257589,-3.698409200940344,-4.294609322757027,-3.531152243549781,-4.49667410644237,-3.780981963249746,-4.927067644116207,-4.535541378378907,-4.813574839514858,-4.37608377323613,-3.9428972298268734,-3.0309542521607344,-2.1934725493349876,-4.008367116556455,-5.031751251994303,-3.4371276964526682,-2.6546473429519843,-3.9851639811234714,-3.432991354998344,-3.783191323071763,-2.4762026626904152,-3.904145696980388,-4.857290308818856,-2.071293639131296,-2.7551613366626793,-3.0847172529329723,-3.334013882383548,-4.067015675725832,-4.878349730440708,-2.1569906325779784,-2.0486017207105096,-3.0887072055194715,-3.275202758632928,-2.3746250924132726,-1.1025064497286916,-0.18525489959124652,-0.6404806655120885,-1.814996236693236,-2.6899166778492187,-3.234885192668192,-2.3748486369552664,-3.054956289540106,-4.635537894858818,-3.21740027173805,-1.280550388596265,-3.5073818010794726,-3.8234655982751082,-3.945748711786428,-4.157539833655465,-4.528057260843329,-2.9776643666644693,-1.6396200057679118,-1.9534550404419166,-1.0746599990991812,-3.639767786217911,-0.5995937403859877,-1.3253139122993525,-0.9658876517864247,-1.9200633148000192,-3.0970612785678036,-3.027367193257054,-0.005495528920043791,4.988760187102632,-3.4339104652784007,-3.4335040549787172,-2.21801859534132,-0.33158795556498877,-4.336253323082589,-0.9952694159686686,-4.807538609477223,-3.4192385192804404,-2.8341642072854754,-0.5996434035094493,-4.1249925470589535,-2.174247362098879,-1.9575760451581472,-1.915427881847663,-3.035535930254625,-2.6244762503739096,-1.9523660405704786,-3.944247531837999,-3.0797702774685676,-2.185353872071513,-2.9172607887940654,-1.7187110364442124,-4.62585908852262,-4.666817246603976
76,-3.7290558779956537,-3.0064429455375774,-2.9816753225178028,-1.767323436015666,-0.8192541005927749,-1.0379586036624966,-2.559753870038735,-1.1285127152266385,0.33298229338636864,-0.47254267780877535,-4.297553659320518,-1.3421644545006726,-1.6574686597916424,-2.928390230825962,-3.492373656897758,-1.5720172644095465,-1.7871424226672965,-3.973487709578795,-3.6159509452899288,-3.277473346595529,-1.8093569444272117,-2.7649030985030505,7.956179356405765,-0.16568982309504898,-3.029380456761285,-0.38166003203988064,-1.7575072628414254,0.7137329116021789,-2.463360087303233,-0.4609049757184933,-0.3974313029146219,-3.2269994820981815,0.332998662306353,-0.8896070723046143,0.7037681054596412,-3.2326959149118695,-4.27700717868606,0.08854362867465027,-4.113714917109185,-4.014979376451573,-2.1390949240084822,0.2917968520899422,-1.9857259058471648,-4.461599471135509,-0.23648831655195923,-0.2775192959047676,-2.1436724436012193,-3.0360858622008386,-2.028867212601168,-2.7026534578254067,-4.141750355123783,-3.8912262886684186,-3.051797370814842,-3.589681303644453,-2.77472918595124,-2.0585550108760478,-2.4983307291889685,0.4257625170745227,-4.631275296032023,-3.294641145196889,-3.956215430807768,-3.2991079211405085,-4.201537829219808,-3.27733683448263,-4.52012914235386,-4.20345920736479,-4.394345663228854,-4.091852446206137,-3.478051776312246,-2.6608378884435635,-3.3548845160484007,-4.376424522663377,-3.1243052177995176,-2.941047644728033,-1.9198400549316879,-2.1029541142772987,-3.7475251818348907,-3.2193245671692514,-4.26658931709596,-3.7232781238678476,-1.9373523518630336,-1.459637983955541,-1.680493460886677,-2.7929279217699694,-2.6322855666518055,-1.730428483868483,-3.994299385485367,-3.264564633558005,-2.584189233913243,-2.7100903048276113,-3.6858530936554397,-4.279739310671827,-0.9982019092320208,-0.4720056241127326,-0.6421329534500084,-1.543370399646633,-2.0810702477678054,-3.4706659600656646,-2.8362635537688785,-2.9843668372670518,-4.383060164212241,-3.1886932975148015,-1.5913704926226093,-3.2779913869123973,-3.363178636932536,-3.8265966113577545,-3.789069475157853,-4.079057557108531,-2.7241689993945384,-1.3466833557817175,-1.1548176559339964,-0.9380131290405351,-3.3678512935270413,0.17263738049290112,-1.522538505838371,-1.475260564087132,-1.7981292411743302,-1.0000886805254878,-2.4574381836076302,0.4578537073652995,6.916571562312532,-3.1341336653254572,-2.929090403163389,-3.0196590168277164,-0.6212819389914244,-2.4352374367995315,0.7351474297161475,-4.78336959619557,-2.795087663930265,-1.8395674262193897,0.1338066640417359,-2.8743588937755034,-1.7874583244166447,-1.7712905171005493,-1.9494026846833221,-2.596206487319413,-2.1706270726931667,-2.56347739461755,-2.107418801326573,-1.893150657325354,-3.5323873160268047,-1.8530187054731795,-0.3183277298235938,-3.3283828409780827,-4.205545108375179
77,-3.69745967046188,-3.246452739625578,-3.1833047576483806,-3.0588858177602267,-0.9622192551198039,-1.8707080758983898,-0.3370235782645121,-2.400877039157725,0.018056108671133053,0.5427908725690234,-1.0464407851617228,-2.286683124686486,-3.1440135382321186,-2.6653055193246056,-2.1489881991114306,-1.5613932049978787,-3.592354107164512,-1.5333017982907227,-2.304857048173277,-1.3137661882792355,-3.9111234360253007,-3.1673364459053754,7.191640355249138,-0.5688328633999564,-2.4594669890103793,-1.7607414410892637,-1.459506329736607,-1.227049624932357,-1.7237598281866076,-0.5724577063268979,0.46284141527350897,-2.552229927150911,0.7632670302313858,1.3961161751806257,-2.1841930024764875,-2.9698749092880687,-3.960852461232775,-0.14671662828725973,-3.2358789344858465,-3.021329698378104,-1.568407771478538,0.7580637999340707,-1.1468055231126162,-3.769721923370816,0.3909062431334901,0.48575112527115183,-2.351250625970281,-3.1051150240314964,-1.9053959746441524,-2.3392509470640674,-4.1824544485008115,-3.635498073700181,-2.722321429502284,-3.230194440312045,-2.301458694194219,-1.6412354819599537,-2.1347840747704954,0.5165651899793398,-4.384555460305088,-3.106914244776366,-3.473330271670742,-2.9755154034480418,-3.6806280387373844,-2.8803946710090265,-4.135301180635697,-3.788105703022162,-3.963806956781954,-3.60558988151335,-3.0822408558598138,-2.3409934348097163,-2.2144897942584665,-2.018707316080969,-2.8335794408636326,-2.019129207579226,-3.886774605180747,-1.8347677500196737,-2.1339507398254804,-2.7338790879201884,-3.7836765060829025,-1.2337460626957388,-3.78174452599827,-0.9841821672268529,-1.2936862496104369,-2.360150004428612,-2.522630836055567,-2.7797071299049767,-2.413659002192878,-3.582040880260921,-2.2777518596121045,-2.629465792337748,-2.3725133058056134,-3.6619235659519362,-0.8601203679567044,0.4187822361709123,0.10236795381169883,-1.9299019054314241,-1.8495425523605094,-3.2605213418849632,-2.3681430495479345,-2.810750768462317,-3.636051351155864,-3.235961791265877,-0.6796501365707404,-2.4506411960801557,-2.7063280070906015,-3.0255708594739112,-3.454004809861739,-3.371281358503327,-2.7713033772401614,-1.2228703658992213,-1.0839431946516491,-0.27903607604049824,-2.745814911214463,0.5208403872897841,-1.0890207854662872,-0.54610886728295,-1.2998337126512833,-1.3723300339469497,-2.503314383370641,-0.22311830239762198,6.126964241615909,-4.127150682284795,-4.139525771376943,-2.6401845940461923,-0.6372231168310311,-4.016034382811299,0.1488220952369842,-4.165686767279186,-2.5912562153673235,-2.055158059623564,-0.0049522570353892625,-1.7889032367243356,-2.1059377292059773,-0.6682712213843229,-1.3243000994904794,-4.057557195668114,-3.517775125583683,-2.701691327861063,-1.3711352044737226,-1.3641603578153043,-1.4088495949378543,-1.9881587984624496,-0.706322268637158,-3.7173552590060224,-3.398868218506169
78,-2.7385591234456204,-3.2699609607882394,-2.0156957796326775,-0.9330881543989071,0.09015293296501792,-0.4190621529374656,0.1203055837549949,-1.140462247884276,0.35710103303179186,2.1737923232139345,-0.8610979409324142,-1.018188484329757,-2.0479251575105346,-0.8300425948951791,-1.8161111587030243,-3.0322714557429054,-1.3817776059791678,-2.3995083126712045,-2.996178778597928,-1.3338469175176475,-3.2758664775685418,-1.335409943001232,1.9598173724609231,-1.5837687464647385,1.113545620993551,-1.0866322891504887,-2.0916042676794677,1.5452295656443114,-1.9829878255115512,0.28085744249528677,-1.6609827947994042,-3.1405234862908205,-0.2113496038882392,-0.8376958236151401,-1.851974031437412,-2.1467316036135307,-3.294646422170768,-0.3326252594425802,-2.98339570963463,-2.8105385065265325,-2.028039595739581,1.1370148782284968,-0.794198036256301,-3.680705581947349,0.017761545011967084,1.1209763915183868,-2.495250443707612,-2.687657070660464,-1.45447891220709,-1.3593801123319162,-3.7669336277581276,-3.322574956231582,-2.416627195124295,-2.818686033066154,-1.8977104126129487,-1.1955360190960813,-1.7283839862347925,0.4913955974975945,-4.001279627514256,-2.7349904897249497,-3.0934134691492683,-2.6813333409380697,-3.3103527191201936,-2.488464533184961,-3.650707235688697,-3.349682602644656,-3.491290195946614,-3.250865462603359,-2.563558318054485,-1.930106443223786,-1.5489164685546863,-3.442436866689706,-0.9696964057926869,-2.926343669670526,-1.1654138062544876,-2.41610442649988,-3.3849750068266027,-3.2312183797030327,-1.9973020266871284,-2.0766359982616986,-1.1477396204518433,-0.4925738575945213,-1.8829859357889067,-3.4969587685239736,-1.861874041933668,-1.3952722608759354,-0.8062005125570577,-2.810659832523772,-3.1693433615756184,-1.1507937716527454,-3.1488326488968674,-0.9299809382060249,-0.6896319710345806,-0.02675361962674433,-0.08550363738477251,-1.1002899900712464,-1.4170276167129565,-2.697688935431636,-1.9900007090151048,-2.118848765192305,-4.144241618671649,-2.78180787354254,-0.37385666106830806,-2.5770426430841535,-2.6003644488305846,-2.7782441146742984,-3.478575298363105,-3.002325370412917,-1.9976465669178505,-0.8559932327147559,-1.2467023735657057,0.21589560167781896,-2.1982494076105663,0.2527296867924247,-0.21993024102504455,-0.31773339367942266,-1.5745266406205742,-1.716827906251103,-2.360768209584939,0.6422625165943241,4.800445058394387,-2.8200674023315906,-3.6786812995942975,-0.17406415400060782,-0.5291588363839552,-3.0064286141052126,0.5725324322639525,-3.8405909430450427,-2.35438954988317,-0.5822038220261976,1.4032803603340822,-1.7584516549091078,-0.09989208992288368,-1.6762569920307022,-0.8161420314642258,-3.3856101232275497,-2.1351865318795396,-1.6727719604033786,-2.473927557712702,-0.3251816845375932,-1.9653677984947886,-0.9122996668173786,0.15071464762996523,-2.6244591103152417,-3.903079228098321
79,-1.8289265101564656,-1.2867864080258558,-2.0387237745749354,-1.8663581550231658,-0.41389130553738207,-0.7288658042671057,-0.05268233900548247,-0.6521157190447133,1.4296080667081132,-0.15598270390486835,-2.4534766177544123,-1.2232849884169354,-0.7065122585411567,-0.5686026049306325,-1.456346125635991,-1.208103255045205,-0.8070051626962886,-3.077757126954072,-2.657800215240262,-0.34597215034075646,-0.7218229664626388,-0.9944821869232039,5.567431691340964,0.7614700940248276,0.09326485237278126,-0.8336758963561965,-1.8681734501201812,2.053044300805911,0.011877078075674508,-0.12174327622722148,0.5083149196532419,-0.16106903910443293,0.14458397316576743,1.667196866467225,-1.1223202940338703,-2.018641352150178,-3.513142691597756,0.17411235600865393,-2.836981878202638,-2.920126754010121,-0.7604615004976372,2.256950051315389,-0.3756468601317269,-3.6738659217817555,0.14509007683801836,1.3398319844608209,-1.7064955731156144,-3.081015643621817,-1.6610784050000689,-1.7202021718409737,-3.6448876794080283,-3.0597252730307964,-1.9808886737949294,-2.4096937441898016,-1.604564512551087,-0.8896711084414304,-1.273520959937242,0.22386225649147395,-3.496926316831312,-2.325664127127399,-2.692809257084855,-2.259042180688121,-2.830402932166789,-2.004641179349403,-3.1749005602342657,-2.8499844226907785,-3.0461230080548907,-2.859100428101984,-1.9819923306953895,-1.4663952167276568,-2.4817292381465537,-0.9164448050498755,-1.7820210167464905,-0.18257058898599832,-0.65376250949934,-2.4962728568652124,-2.838822970893122,-2.924052754437272,-0.6398546219890568,-1.6206006986365795,-2.1378526333695733,-0.6751999100722732,-0.7603542455818153,-0.3004616180797961,-2.950882519347716,-1.854161068811431,-0.5955776495420921,-2.0071929702608537,-2.8426744564083934,-0.22733354826709773,-2.6980166844880977,-1.2805426043724346,0.13968293782996155,0.3612347629709167,0.03184373539345764,-0.862131770856865,-0.9014306505364817,-2.8179401393556587,-2.1994441280226926,-1.263916396091028,-3.3198900027902614,-2.599105464098023,-0.43617206165972355,-2.5061113321117303,-1.9881484077590554,-2.467730414256591,-2.257761246553829,-2.259583338276053,-1.6915534906116032,-0.08306797524310727,-0.8644580776235176,0.5518547007572187,-1.9877928073807907,0.4086065384290897,-0.06952740014901093,-0.39721678637219604,-1.434392944363069,-0.6313444717987162,-1.031539837964383,0.3999346934275134,5.57537923308007,-1.8027451939451753,-2.0204464378654885,-0.14244259904377166,1.4817654147317496,-2.068912826334495,1.1614235014588286,-2.470675100270858,-1.9551518624548476,0.21630807426990906,0.555688690823465,-1.21260488162096,0.34333678610475915,0.6779892136017984,-0.6817748425710786,-2.5782681051407748,-2.560495314100593,-1.0504490249229566,-2.4368258354669328,0.4679050817594257,-0.8290962034677918,-0.6334409287331981,-1.029771489589148,-2.8765161673343957,-1.8706132616133382
80,-1.5024964618143675,-1.8665067612156472,-1.3772954028074254,-2.0323351933141423,0.6315943722854644,-0.7721849207959757,0.9538093345875531,-2.034190685518318,0.8407987819263352,0.3227441040164248,-0.6361342770718919,1.2815615014062218,0.2700050057421204,-2.1289343017263063,0.06486857579580496,-0.68568825892714,-2.399319520082542,-2.5243321149707505,-1.528376113173481,0.5831005222694088,-0.5028842688952442,-0.15728626515930832,7.5124815523282376,0.4253946931884305,-1.3177491440889921,1.8706001409681776,1.645298021690327,-0.25950200388893396,-1.4399223343052319,-0.7533032681598422,-0.466195260183219,-0.21631160946676298,2.9397166044106084,-0.20559626923324958,2.3472684660212266,-1.7891615623510944,-2.6124802875578093,0.303856406791838,-2.0325862592827906,-2.191404252946471,-0.591995172563412,1.715727395081476,-0.1207306196322574,-3.2409445416041045,1.158483777387608,1.1154550384041386,-1.3634577505318513,-2.9718964173281206,-1.596014554643328,-1.3801134928645813,-3.21873763569723,-2.6426440719568562,-1.5658979007127898,-2.1014046993061184,-1.1668172988121641,-0.3743892630797958,-0.8207441609778034,0.9756592043921111,-3.05331771269591,-2.073977997523659,-2.3199926496812204,-1.8878079810552082,-2.305227071027235,-1.585556431472581,-2.6382866315305966,-2.3615183421673436,-2.535797029549772,-2.283196885103362,-1.5411015257510645,-1.0553540124883432,-1.3318232937118135,-1.6868536923497623,-1.1504763283874742,-0.3959341407767658,-1.7074048470869911,0.025982531171437007,-0.2914165062150209,-1.8226449497155306,-0.8035615195559933,0.01171929990207854,-0.47491604613764427,-1.1634553524684932,-0.24856552122714914,-0.6193021942774581,0.21184475594583274,-0.023484850078156594,-0.6318943188549853,-0.023985918262725114,-0.9681894364787065,-1.7657376954368407,-0.07906428692470246,-1.3553618751618377,0.11856167396697093,0.5981846140638714,0.15611654761621607,-1.187220868280902,-0.10698207239225754,-2.136498938931015,-1.4483804088611656,-1.1986595126808242,-2.8418160260859904,-2.120296975043849,0.40405111076455413,-1.5304365848865307,-1.0521628310930944,-2.738788070701557,-2.151455610078872,-1.742733378457697,-1.8393086205098237,0.7107692109127349,-0.4494498027775954,0.9439269158677462,-2.046072128897895,1.325183193525987,-0.05730112677837784,0.050396383671513556,-1.6690467361256556,-0.34485739505957214,-1.6732278322561271,0.512492313303571,3.7646781006049483,-2.541158961802615,-2.1037041306744726,-0.876567783807984,0.822835329728546,-1.8692275499562914,1.6196507793346822,-1.8998934526215887,-2.8448331063751597,-0.47310708019753256,2.7134174650387006,-1.4241302722776747,-0.49104131258003014,-0.01856448494196672,-0.1695891108210037,-1.645348102897649,-2.424027175076949,-1.924812137878537,-1.0754022104779768,0.31117528125630023,-1.7233246133483,-0.09068686600367926,-0.6423109661406962,-2.0170311781210817,-1.4846139299212415
81,-1.1080599760349246,-2.0752704266528568,-0.7310309919681259,-0.17606326332979116,-0.805867327427161,-0.13715902044372852,2.451742562222897,-1.1063415906264178,2.919534399558546,1.742165202433103,-0.02136768395519617,0.3854114860820297,-0.5145843488511943,-1.653044063671087,0.23166643548801957,-0.23825846538622808,-1.8091663481992482,0.712749325041401,0.6944226219716372,-0.0646135737288418,0.5730512263852052,-1.3040721573242946,3.2124364391336013,0.6682415190872981,2.3881537540108804,-0.5494010048669986,-0.36409993290268816,2.5753482202700786,-1.7034881467150504,1.9852297237334897,0.5191685208918073,-1.060888890033826,-0.06709718071399706,0.8555542206851843,1.6103029013363508,-2.1752287465481293,-2.897186792971128,-0.094118449396425,-1.3101380911583103,-1.647646196450856,-0.3140041622045666,2.879447990280544,0.6414173672624388,-3.261860971663324,0.7504911797816428,2.156203175987317,-1.5891344991054255,-2.050447854455942,-0.5535653033455691,-0.28182996469477706,-3.6527016553084835,-2.2501356262591528,-1.21792295140345,-1.697270441516758,-0.7186465463371657,0.02277460694086353,-0.4588005159260641,0.9007592755020248,-2.56001654972598,-1.5734664787768557,-1.7126152882736954,-1.6029990235670857,-1.8283636576404014,-1.0183963505575213,-2.1650623730619456,-1.7902635223616246,-2.0034868923595646,-1.8493439601707493,-1.045304045641889,-0.6625178068187817,-1.5961553346074462,-0.48943673476970684,-1.6932198344091938,-0.6435578681048049,0.9840625523147923,-1.1105715004754293,0.30388145409693257,0.37695323023280336,-1.4697699111078197,-0.8333133908409125,1.0123030177542005,0.8329031589855518,-0.017186503026353606,0.18447362733280093,-0.36807965419415734,0.5769732697905372,-0.40671238702769963,-1.3872901379556877,1.0900878082691423,-0.7816730695316536,-1.3778725554971483,0.30165896574859774,0.38071494464591543,1.0485533776172817,-0.23584343252259918,-0.8174960788745633,0.41671565927701637,-1.8373375208814129,-1.5066840687289793,-0.41105662584948344,-2.780357778488841,-2.171259041983596,-0.0035894120472133237,-1.5146493583756415,-0.7908715240550567,-2.097339062858835,-2.0349762812571743,-1.2788745282757945,-1.5887512274770796,1.1297180817084351,-0.535735731559245,1.2865228587578095,-0.8844468570839423,1.2096625758210418,0.7872667814438282,0.3123347785014775,-1.5274976636968678,-1.475169244093476,0.00045161226712697733,1.6834334839588676,2.3547591973399675,-1.8481045506153562,-2.897532842461014,-0.8251441034681954,2.1373521242347984,-1.8530367859294392,2.935967487369018,-2.3526904218950158,-2.975838219460686,0.6936163348362328,3.258085375694022,-0.04384053543665267,-0.15527053965610094,1.7330658080589796,0.7954065856132992,-1.1288411806495213,-2.1446769313286813,-1.2551326155138183,-0.8794177967616492,1.1145892329302407,-1.462943666929484,-0.1407447686058021,-0.744206806341247,-3.137186881001848,-1.710627426439187
82,-1.2762070814334805,-0.7058904181398062,1.4768725661119149,0.3058877397920703,0.4690901389677702,-1.8665740128776505,1.7987778582541305,-1.958945155506145,3.45833042550027,1.3523144286641386,0.8577789316217497,1.6869109732889802,-0.27399454074038265,-0.7826466418312422,0.4706919009985784,-0.8552738573069336,1.3182509465426553,0.7823695337109897,-0.041817122684233654,1.5158220021629956,0.5914008680486249,-0.8512748248863993,8.003102156904683,1.846073724326785,-0.4073700234744161,0.41233658546189744,0.1510036281875331,1.8060596020779667,-1.072853053957898,-0.3116557627843052,0.7436524390004702,0.3091695986949352,2.1622595193000302,1.4375535601886968,3.058541540810643,-1.3713978758083156,-1.9584372061766757,-0.20282998283867726,-1.1284224433697931,-2.0903756088765015,0.10073281076350449,2.471411772310025,0.8273760919181439,-2.8824644925969913,1.1458437857538977,2.6069345427868047,-1.930483799502424,-2.45095324965602,-0.5714534307764612,-0.046628451743654487,-3.3249897708072305,-1.9678241540794101,-0.7204633820566722,-1.2003786776153533,-0.205741494685024,0.46095620929753345,-0.043027496774776755,0.7006943786969135,-2.1071604435787283,-1.3001112618878923,-1.2254314688124401,-1.2313451027679507,-1.265451483901654,-0.5384948511888763,-1.6355727935296585,-1.3623347041976859,-1.4641940045742368,-1.3599370487096774,-0.4177242648137628,-0.1831809362452067,0.9999493607606098,-0.48795085462258303,-0.6517443806967523,0.5951348280110575,0.03272033021104814,1.013488769882112,0.05430661449024243,-0.11628234445615804,-1.2525021801291087,0.22178811849252877,-0.4254342233423002,-0.3635820321308335,1.6396794216845993,-0.8479589917741965,-0.4106679787056996,-0.27989972590537804,1.7007049504977738,1.5011827152735693,0.9573380547381789,0.5816073258742904,-0.08517840208211447,-0.41390913202956936,0.8022655690186742,1.3515195474756323,0.19561140327592985,-0.1747509531519837,0.2915687940663042,-1.9483626733222206,-0.9817534190480782,0.22467915916510817,-2.587307665279726,-1.56373046385022,0.8885826649449272,-0.9792977231754194,-0.20689362993978677,-2.087336329043345,-1.5127762889629,-0.7045583178567582,-1.0312175860956085,0.8517571195969391,-0.3397815458048421,1.269361342418891,-0.8960251355801078,1.1332940210115436,0.3002135139335931,0.44100653917264776,-1.3545864774605674,-0.29470360960304665,0.5174680909379425,1.8067210430795635,3.7168802276848716,-1.2103777286559474,-1.8487833757805103,0.20181798371847648,2.6620254187826458,-2.392708520532816,2.657184709794967,-1.9469842878367276,-1.2128534943221307,1.0156384101724936,3.8757491866421048,-0.4234054442853654,0.06835298245845647,0.705728741659078,0.8615341869017445,-2.507667189277116,-0.4343403607287666,-0.6443719774591957,-1.387863984077307,1.0920899586515045,0.1075569417946618,-1.2446585699235961,-0.601167329118253,-1.2215790247497789,-1.8904771001589336
83,-0.38185195234445884,0.42925303534088877,1.3517986649920497,-0.6753283965579371,1.5591939071524266,0.6630880057872803,1.8667813713115673,-0.2317254857273523,2.7391838487150095,1.4348995324516998,1.8501501944413223,0.25343308685017263,1.8407240190713559,-0.3822355115975782,0.3228473679713826,-0.04506733495896825,1.9775546348989326,0.9809439831293276,1.2575797241178193,-0.45128721008742523,-0.6808516827545994,1.1337344738448194,-0.9483293500747607,0.199489424890811,3.319322640169676,3.189615344637327,2.313840777034846,2.4650248911487087,-0.9081726143317936,2.230837424618289,0.8711194732414568,0.3934069761348289,2.982715689173436,2.063602466527711,0.9941857153440785,-0.7281357939930345,-1.5438005088674258,0.3527352315599518,-0.8552627212942195,-1.6736528775091701,0.8334679801173202,3.6830355457068387,1.0694342884761914,-2.791609688482757,1.6738645377229138,2.8132224528910452,-1.2814542490520142,-1.4179088218663614,-0.28070617295445877,0.6100834099777664,-3.020292250219436,-1.5110755790548804,-0.2593397904658609,-0.8343307819633344,0.25618949468246505,0.8969641761072463,0.41669990930018364,0.653687123421928,-1.6111115762197854,-0.8742655563466083,-0.7819973544956376,-0.7888546232824628,-0.8087978644608846,0.0038545497035135795,-0.9937826635594867,-0.8157655075815089,-0.859999134623842,-0.8252599867131921,0.15534049404744701,0.3378538777009531,0.4666036237567295,-0.615054042552609,-0.39134011712015854,2.5536926216250073,1.7192393898669112,2.4962511844214936,0.07760772549316508,-0.43222354492226317,2.436468105094361,0.17408915553655724,1.8290136092718496,2.492269195420437,2.06624965371698,2.148460897686849,0.4310365940252907,0.2969839511510606,0.11357859336162857,0.5195265150481054,0.7683091977250747,1.2183895121722428,0.8231891288595092,2.3229676995683666,1.12830059602075,2.0884172652722643,-0.1455248150857521,-0.007136633513692925,0.8888468264253748,-1.4751919381827752,-0.761799980733444,0.10340719899387021,-2.619037954090957,-1.53533291606107,1.0822509499238244,-0.42942867823626457,-0.04517256206335207,-0.8647817969151826,-0.7791051335697101,-0.24869850729309184,-0.6295244344122897,1.8906678883439587,0.12931157966846996,1.970227585192561,-0.1656824173600293,2.2488784462863887,0.7132403450191197,0.433105476947763,-0.5789344952885724,0.8827938910727569,-0.2005058891797834,1.2699358848911524,3.202139433209096,-1.3370884916138628,-2.009881339708783,0.806447980377062,2.169253790530248,-0.1381482404357648,2.1558109368061755,-1.068796198984411,-0.041536724996984464,1.1398726119575475,4.118004253949666,0.23487938334335334,0.6955534265526124,1.7658828734037522,0.11765603099535027,-0.591806658618137,-1.355981396974439,-0.07138930413039757,0.8231038702448008,2.9534861819439753,0.0712950239120188,-0.8943918738284269,1.3206689489852663,-2.7394115738839324,-0.5170915602380781
84,0.7753894468829712,-0.2442513286622675,2.3986933698746293,0.06381683761956403,0.44352279559565166,0.8006760509908606,0.9030501391711838,-0.7523084045587975,3.426493412095935,2.4473287822774363,0.20789906754652804,2.3166973324595417,0.33498335416271746,2.2940741239877083,1.967364438693092,2.0598265404401763,1.0796159279486812,2.441986815221035,0.2263790774185655,1.5640358472023828,2.4944895474480737,-0.10468148617247791,2.886793048078973,1.5404821154681048,2.3936657580269616,0.3579878024235877,1.4083894012774865,0.2541761556781038,0.6110692947845897,3.3085028926032587,1.3876991759783333,0.3872602592537523,3.522654167820402,0.9011275436230215,1.9044774357160306,-1.2551553569721448,-1.6163396060399255,0.23218147569224906,-0.10420892923705066,-0.28962473019518864,0.818318685887364,3.356457251671449,2.00218406759703,-2.1121832156066476,1.67861543027046,3.1014006961843017,-1.5227840877059957,-1.2612402474859064,-0.4711968160926879,0.6701361843615614,-2.0401431749151167,-1.0869059024431809,0.10581118194470275,-0.343415751570288,0.6359342205634854,1.2975668361342443,0.8417288339721458,0.9115377851682214,-0.9980285833012864,-0.468825122117359,-0.3671350947834811,-0.40988719883128316,-0.2149654463522003,0.4952907398698434,-0.5168512234756848,-0.3388367319857925,-0.2830930698320029,-0.2706137987212415,0.5581143093132971,0.7020447021431122,1.4792674415880032,2.7185583892718523,0.5269978491447522,2.5315770926689543,2.921904055238403,1.5230708503035617,2.688275591239861,0.4292011394562466,2.1935558386586798,1.5983386536559925,0.42082159673224007,0.7706850137062705,2.3798429345081873,0.43110712565648535,0.3336279385584213,2.4484233181747257,2.8740749548536773,2.073874010110238,1.1910990421249867,0.47965003526233485,0.17867547176451093,2.841964463621923,1.2132303793884294,2.1399966210072128,0.625887144998809,0.5975572537841355,1.1273162866470579,-1.2711540135651431,-1.304408177540878,0.9052759418847489,-1.5150382312215975,-0.9770768977705226,0.9853420555499431,0.2512622317030304,0.48206704780239423,-0.657183515414429,-0.5736552773048704,-0.0724039953388663,-0.07457218117752595,2.4502741543689273,0.53876264755002,1.7982595398854706,0.9332532119839476,2.1801317819770403,1.1743185008736012,0.35398347216043635,-0.3218243578819471,1.5595884355810223,0.30637599414887595,2.5113246940061007,1.0277770599933729,-0.1269687879538708,-1.5449965243089627,1.7022743055312175,3.6308273224313723,-1.0617267073802532,2.357014270975024,0.2939125557120712,-1.2137322014150596,2.2730992898820634,3.3645857628004223,0.05355304291485874,1.0176873005482774,2.647738441732671,1.1262029485530016,-1.735056943859417,-0.9586515577990243,1.0144424541715515,0.5596260094276475,2.1519325923073143,1.1808314443407852,-0.02403367096746012,0.13369810349597933,-0.5717749363828288,-1.5853611089804924
85,1.1299425812188013,1.276840979324943,0.9978360495362468,0.5108984376451642,2.298712060031521,2.0547790998543385,1.3072291403820364,1.8440366055158846,3.4778272654800437,4.466540057012809,1.878552439278894,3.534197448668622,2.053315513021974,2.2604533101498676,0.8041821110039014,0.8202471178362111,1.7789368131080858,1.163505440270428,3.208328269877365,2.3136024232163144,1.0870019799607715,1.5048836617277213,1.230891520333897,0.9396565159259165,4.700854103643649,2.8646961782248463,2.0673507955056003,4.03375345983083,0.891003341501005,0.8824074013390087,3.9996828885050846,2.5084126564070144,2.040922108779105,1.4194243296638351,4.402350133960695,-0.7333544879014668,-1.528354395978878,0.6396026885570485,0.7742590470256305,-0.32493776725502055,1.3786000906452682,3.565532983463782,2.3124526188214167,-1.3293116639191158,1.7105993378432358,2.7699066375587846,-1.267631254804928,-1.5666325510561636,-0.6712576396851957,0.7374706233164217,-2.0902118501117877,-0.6454529258172481,0.527381852899029,0.050980565706364354,1.0980557410568383,1.6568959537809407,1.1740546856702074,0.7648944249822043,-0.48409766404617843,0.000371719946519411,0.2762656913542048,0.08316461255053631,0.32686051739238603,1.0453296092587459,0.08485461912834007,0.19353483120314574,0.2715406541169525,0.321260675618196,1.1345532199042143,1.1430720202689393,2.074818822068266,2.31480443347319,1.7227139354400254,3.6895885547346183,3.748508569596334,1.1862889733526263,0.6200943473903471,1.1967356765273403,3.5549095625713774,1.9440327815881453,2.7128680435178905,1.1335394394481935,2.2334643963095497,2.6379281188806853,0.9910310596769332,3.420679860498947,3.1688144286782367,0.6984843334305544,1.9655111856402332,2.436795735940557,2.917608041107989,2.290429151236024,1.7619728615457677,2.549294265758381,0.46661230492191025,0.3962845019553558,1.5465053715212034,-1.104781431597079,-0.40637361885830003,1.7315202805736432,-1.766824427193794,-0.7491207281483317,1.4742091200073117,0.9708980609872213,1.3752869431728942,-0.4484256098986081,-0.3453019208323665,0.6380053776452231,0.5882596936108948,2.6429343692324427,0.783746346706435,1.9143089316539126,0.894334846903702,2.645503803312441,1.9846816214946843,1.0169443276673278,-0.8007159226224082,0.03154146162074245,1.3903441998831942,2.30843303733873,1.067867956128522,-1.700703701135706,0.5844523744975973,1.3043749020418378,4.0329387264593475,0.527888908525691,3.4370390303272336,-0.733522027451498,-0.31865534666146167,1.9348016248475695,3.2114198300947154,1.9295271003092092,1.4167008504000913,1.8865270276149109,-0.08648378263146322,0.24831542120312888,-0.3429862664786253,0.2861931352059674,1.030877497565748,2.5896498709759053,2.0438621438221096,1.5439068603485362,0.9260467084777768,-1.969660505536583,-0.960891120325236
86,1.610456103000327,1.194205717258326,2.5120157196665844,2.8911844250555347,1.8251423003594645,1.3095192269870606,4.342724766784102,0.6611877946544648,5.704045313000238,3.3050661565791066,4.0389285752602,4.5277941767644085,2.3208678126261533,1.1736512313982743,3.3268962862349287,3.619789454154592,1.747733128055677,2.7414084191787222,2.5458533372389964,2.1642879953226335,3.0618576690052626,2.6059761326639013,6.718114905916691,1.681235077366171,4.056354639256139,4.189813894137274,1.2511813164452912,4.238496323933635,2.25973758186418,1.0157121085834002,3.1837500923599347,3.4308708215712196,2.399137129687115,2.549186430211239,1.726515691135019,-0.29816735961216156,-0.5443156071069597,-0.10070406161853322,0.788427461731613,0.21050679853417387,1.3449623052903088,3.766658436683392,2.8559345514598813,-0.8405897087193543,1.785863669926067,3.485543225802933,-1.1917635849796933,-1.2711845299329976,0.533087100532821,1.7449647819122378,-2.011431648591866,-0.22604033586828517,0.9637807079348482,0.4525202439152751,1.5757731788880718,2.039661737516545,1.6794898289155247,0.9566704964058423,-0.014386932723313959,0.47481958778455596,0.6709630584500271,0.4942466783998676,0.8594286694971639,1.4366398375908866,0.6747169366680652,0.7950800680424118,0.8061836098193857,0.754374603227672,1.6884633804825147,1.6264614649150744,2.707556774012188,3.1807968037856433,2.1286692374634884,3.732553098913539,3.8618959649108415,3.9768069681912626,3.950926370965482,1.9904289544431069,2.6879349132310963,3.5584106308823786,3.0997721336975075,2.1515168765972805,1.6571424306940914,2.0413109451751685,1.9000551349023993,4.151753308571447,3.1731965492272085,4.160656472730764,3.8281919959967143,2.7058626561234256,3.248991494384762,1.3191118897978913,2.258243921269384,2.099104583106867,0.29026087089194935,0.8333899276505496,2.3303150657970604,-0.5853005165221037,-0.39688662325327917,2.1684373362958933,-1.1928703306834247,-0.10305386036523667,1.7469569118998,0.9577100814402395,1.786379614083847,-0.27847236528858177,0.5777845500904212,1.4405907532153441,0.3351145276178482,3.1841001374664515,0.6568147646570729,2.882293987861355,0.7360948067265254,2.6942491478318225,1.698471768018294,0.8968840841164856,0.14026342707374162,1.8627053405041099,2.202889338283196,3.389017711886032,0.27721018696109123,0.13142814556509852,0.3758519703898633,3.283633678517891,3.0176531435023315,-0.10313133527474982,3.625110975743155,0.6123943126454483,-0.5403274830054621,2.3792404576608415,3.6714338574970826,1.7599427255724758,1.9092238314843117,3.2780778433998625,0.5162889213297379,-0.5119470986208593,0.9061072609069307,2.127703120429878,1.4980073565993104,2.808976265289199,0.6335671612893933,1.5259672796849555,1.970906393523129,-0.616528254627462,-0.13227264775520853
87,2.0124567487161307,1.7246298024599693,3.266694245803362,1.3392235839693198,0.7588294220950258,2.887840397991731,4.707308396095129,0.5611949321117895,4.813879932516496,4.309248587454392,4.664889861234489,4.938883115143917,3.8776840427872212,1.5237111941789023,4.405246513226077,4.5262622702472095,4.39357510913331,1.8449556934721276,2.9751807646280035,2.760446438203635,3.62378190871288,1.768188651599394,0.8280295014479002,4.427326692890821,4.786470206584788,2.7129871400217556,3.261600707486228,1.9891524692907154,1.5917692628756708,1.7714869003819893,4.173088864275746,2.27552136776056,2.2250192448036543,2.810382339659065,5.180214937153778,0.2731085160466641,-0.4276795713636571,0.2961001540325365,2.1654613342656166,0.5412216340514622,2.3888806456657568,4.342060543301973,3.027006977458515,-1.084670646943163,2.5910745172270597,4.214431914363601,-0.7378276599659233,-0.8316497429935488,0.7297855470286402,2.2453324042313234,-1.0750511971940622,0.26625554351718655,1.449431381820399,0.9929481352568589,2.0024230584583282,2.4024055211657656,2.1198239020459515,1.5205564837015102,0.546289950464626,0.9058716806030722,1.169840831762422,0.91516312148001,1.333690008538788,1.945236623707249,1.2831631754945998,1.3073454070049164,1.3232801822833191,1.3787468449634959,2.148866862416641,2.0806086870998555,4.500709612187235,4.649877824291716,2.265757727504195,4.387367965844733,3.4357177745694267,3.2796023148487183,4.353935511431374,2.602408911909044,3.2762948273693695,4.186057585590474,1.974475732576027,4.2108083188879295,2.3320863342790497,2.982968246747924,3.4716941799265983,2.64404580715831,3.037122681554034,3.717283095957555,4.505537276847247,2.9223585599558364,3.025524615928217,2.353939497194927,2.156065898839722,2.229596189270661,0.3804662309484928,1.5967800612069927,2.432511390929946,0.08593871190047303,-0.07043255471184229,2.4081247388935285,-0.26792902478126945,0.1806619279400904,2.3488140300714457,1.442606803382213,1.7429147656632407,0.0838642068551816,0.6407276221371048,2.437850644918733,1.4698142078593832,3.0315908137011434,1.3011186486192234,3.1080120266312954,1.2093731676149033,2.8261395849575024,1.8559745355448112,1.076752644509376,-0.29956976353673703,1.345153149542818,2.511057782220581,2.2991522979274737,-0.9265709351772184,1.0335423923267208,0.9783384414081238,3.9001540276436772,3.531542345386204,0.8296713902778579,4.167152098761412,1.0268508684492523,0.9080556630150562,1.6666307420351743,3.958207477229572,1.1196676199674072,3.6682293530330066,4.401748726908123,0.4774302067954884,0.4821187713923898,0.7783256960104743,1.878959911962667,1.4204190377996733,4.083518523623313,2.640205327653846,1.0137434914797931,0.7420041360966315,0.29559085612723845,1.8108567721687219
88,3.269451086303234,2.843080313078874,3.123472466292352,3.0316402994243052,3.5300583337835123,2.386071899554934,3.1510358106530485,2.220196064009238,5.1194269326642035,4.93994164792292,2.2208287287795754,5.126815781096679,2.8547986816092408,4.075876472203815,3.0168099091580096,4.914734834763962,4.7008826040342,2.5081239343661705,4.145109048436238,3.8205745780131712,3.3899424557801905,3.1304284653578343,5.464013777589871,2.364309747401199,3.934755143471542,5.628346937832179,3.49132630098375,4.538652558088897,1.4633659827197607,3.81759338284851,2.9258423955913084,5.152033129818362,5.711399369000301,4.428287043236639,4.802579917622624,1.089806153534556,0.20565026201975656,0.2587254961648447,2.935077404183262,0.6402291411430988,2.5137949167914093,4.415064362638491,3.430915792415863,-0.49730735004998733,2.0799453266951993,4.520704623006193,0.004101490592928969,-0.7248278350638653,-0.05182637211151528,2.288797668189535,-0.666420484900528,0.7280417458047735,1.784511189920309,1.3304465950004907,2.3597474589974485,2.725848860350066,2.5145597167385714,0.9962528208363616,1.077056463642534,1.267696941081446,1.6541772484350572,1.271075802707233,1.9298159408606972,2.426091449963307,1.7412387296706189,1.8870065304670351,1.9128400599186546,1.8798868830936755,2.663101783276925,2.4106763621035463,4.059170951027643,2.6023016785828865,3.199628289128818,3.313051579335885,5.2981452748200475,4.354449246656314,2.676087214014007,4.697482963463505,3.498752921109817,3.9591668031928,4.905298074323928,3.1483979934500024,3.182683381524602,4.509640434820369,3.24491052522363,4.6186790324742555,4.143366315493654,3.8229225343507016,4.374487670690291,3.998839806698925,3.244370003621953,4.736230441595612,2.964629764922427,2.6661809385018813,0.44362628514734803,1.7840651917929713,2.9664435747499964,0.7687225956793916,0.34723247977257443,3.1671946631010846,0.08230350630719496,0.53911518235949,2.6124659942408917,1.855197145271236,2.929064596558251,0.8430979128967686,1.5934065685064294,2.1846762251143588,1.6056573981073314,4.103670051665423,0.6717207932523402,3.4353821794579424,1.7706975341924118,3.067437110767006,2.6505004602886264,1.760907609613699,0.4173139570182156,2.935942689360106,2.7482789946212063,3.536406163498076,0.8292750558615372,1.1936131397576102,1.113717012823797,3.5051195132733386,4.9988943302357844,0.6102165784658199,4.465143259839668,0.6376261335349841,1.926247294062672,2.781481269097195,4.586559753971343,2.038870622100049,2.992708578712022,4.971338852930736,1.0970871891399296,0.9700227038778639,1.361449526058639,2.8763546147885544,1.4188269086994112,5.056138937389736,3.131958015511832,1.1479184777123406,0.5689351766184318,-0.17303232092527765,0.9008938493035891
89,3.294492505456687,2.6506283007255615,3.763197726833768,2.1914383353327027,3.5083176534703417,3.029255662832382,2.6277317854588054,3.036645713235721,5.756204787701243,5.690103375119195,3.166237986646748,5.032639331555208,2.7970485953581257,4.892244726979943,4.456456942898835,3.2964032362087896,3.3473834534848006,4.242729284688242,5.170562954329865,5.113063960873703,2.842590802600344,3.6788492861378432,4.868706501250259,4.832762367232855,3.4501539892320423,6.852051649844099,3.1907270393544485,2.6866564800040065,5.6990000853917895,3.6588564184804375,2.5257958725765426,3.344428012419619,4.38380817451111,2.969759522803494,5.396458622316739,0.5910383300177443,-0.041787591512990614,0.9397916750192274,3.3425075383328804,2.00159547426924,2.2815932993927226,4.820548115437017,4.263251326105658,0.3751582508788882,2.156614448181473,4.54091097522541,-0.25679503561494843,-0.1408542191636144,0.8531732197781434,2.6773314804760755,0.017169989848033307,1.1832937290588468,2.241621398514522,1.9016525309424694,2.684532906690791,3.1275701027277014,2.823235376542392,0.9360093254334552,1.614841897294796,1.6399995826094573,2.1215628790328047,1.6721379743088367,2.39454689117401,2.9015172919577257,2.2658627136785947,2.3080155862219796,2.4802971695301586,2.4161817021418988,3.118669629252315,2.7608626386864885,5.751519125966663,3.024195522762187,5.248656857942054,4.293136482003071,3.2294813829053886,4.433458118655005,3.6785672398853864,4.874400646225643,3.2483508878364384,3.8450715589163336,3.1283915485723117,3.3329761505979114,3.4830389383301066,4.053618019819899,6.104270538590261,5.239483793083868,4.982032920927538,5.794571717744214,5.873259913072822,4.012365728375774,4.387144406038121,4.877875039392393,2.8553214817256816,2.906592018646032,0.7578871476408169,2.322886163643889,3.3947126081619987,0.9208607584925848,0.35710692525867715,3.055154483972551,0.4914661556967884,0.3753358112874384,2.6161938552195974,2.636061742633693,2.615636081729915,0.9405333691476704,2.1033131687187927,3.238073398103687,2.0119721935773596,4.384846276480747,1.3691089888665997,3.3390831045958995,2.66783737904316,2.819598961904131,2.3963253830314235,1.8146982191780014,0.27855714404305165,1.3448960478738452,4.058429923670427,3.23268849786781,0.1611687607980108,1.8648783638183966,1.2497867090931158,3.9581694625831414,4.085244585891007,0.7352467564208678,3.399442981018398,2.701161628088217,1.8144594078743195,2.826955772442017,5.545739175336544,2.1829388527621285,3.32817205123496,4.572180026003506,1.442343440190562,2.155551675708529,1.0862198933578666,3.076074417294092,2.8005792338051063,4.997423985325668,2.5155947147951725,2.5822706376565234,1.7661090251324363,0.28080977570836285,3.008342975963762
90,4.310942530919516,3.2258603762170077,5.154318607506093,3.2474519350610933,2.9904711036224585,2.338529940736917,3.5915573931342157,3.2854082881919284,4.594786249625635,3.8544249923543576,4.832717871414438,5.956341373576348,5.051154575909379,5.037407869896398,5.658110733865934,4.80588183819873,5.575273362441317,3.8378937745122994,6.169999986984995,4.689534774818708,5.621577523843488,3.164815389685156,1.3013246279281026,5.556035836139321,3.9558382549423765,5.962653293345914,3.2414050671083556,4.091975050915593,5.280046808188532,5.262919837287635,5.286974819794714,2.9589052618141185,4.750603962931669,5.370379697120239,3.8591599439173647,0.9671374582004313,0.81563229955445,0.8956137812686839,3.1154549200966914,2.5561029253728105,2.949511718099123,4.713694043423564,4.211212121301398,0.16785366437882634,2.404106055061638,4.467852022067938,0.323347765595772,0.585461156285921,1.3865652124816696,3.360338670810841,0.23134010789677384,1.585885387059797,2.6393426523376124,2.2954314986298447,3.126456927225502,3.4994523453957154,3.210700695783473,0.8272030779968705,2.107757337629631,2.0665446589141836,2.633918705453754,1.9702088249029823,2.9321716401407194,3.2426050602169223,2.884026768293168,2.877234594944424,2.9034913086308687,2.7931032693972093,3.595095303484953,3.143243910388381,4.891380537657192,6.311366842468214,6.036804733462409,5.246802460548976,3.751724535900945,4.851208485160835,5.768852609359719,5.402634374326596,3.691691748933163,6.578365741612506,3.7489427156459905,5.526909066833342,4.367083527589273,5.293335806142671,4.3742572819224,4.146959264470536,5.892775379504767,6.336997860287997,5.1533210653019506,6.63380508416382,5.3415909175682925,4.7400898809177825,3.02090116336527,2.871125082489612,0.8479533563379,2.5040615986430734,3.809823405135225,0.8576768026375857,0.8760885446790436,4.11916596152799,0.27511351247653315,1.2372610778560968,2.7841683079105755,2.9536590462314103,3.665976868422531,1.6317208119817899,2.1651063591950863,3.3939414343148404,2.1746593032933696,4.625115493523857,1.613192772330983,3.104491294723076,3.1356232663802306,2.864202277693267,3.3540718114528696,1.4177293493351477,1.0510483881320472,2.9472375366328016,5.576460213615237,2.9083916169902095,-1.5246047140894239,2.16244876892788,2.8834091541288824,5.112117407389592,5.181209550594895,2.6823823684867905,4.168974374668267,2.561933491944192,2.56561734418258,4.021618639276331,5.838282680104097,4.520525785389838,5.091940557765145,4.297401183824612,1.8215704592172612,2.582504102192977,1.9709095342751404,2.6409415519220545,3.64998722361904,5.4892008707816,2.6017431455848836,1.4846265783654895,0.7617643413297122,0.5671442136948472,3.3464835458981197
91,3.7383216849255287,4.4083501473405065,5.488166917844801,4.635185157470909,3.8574083020186114,3.234059125954561,3.532096225304021,2.1415656715616818,5.987577265939479,4.810905882677732,6.230588210278056,4.583566663664057,5.504823700720129,5.301001203221839,4.370575354727354,5.844382705257614,4.66947264508173,5.0169679973558665,4.541935681910438,6.128107304964499,6.652831367092748,3.7968993454648996,2.428641876759709,3.658494185521322,4.547438939293726,4.59152618108404,4.53136565107849,2.5698028321436324,3.2172897397111253,6.163976615930986,4.462189172062924,6.735228097184167,6.292172627950135,3.6955791857219578,6.510981719205773,2.151994718428983,1.3120964423286694,0.866085733782828,4.025826425066921,2.1522640274775213,3.129263758654054,4.748906102391175,5.226128891081414,0.6181136733323698,2.508877539767994,4.072805389663323,0.11148361226338722,0.6659901078815116,1.5885269354958829,3.607838526685596,0.5079146557455139,1.9182930040877793,2.8820217158559336,2.5943465153625485,3.4032036417594487,3.730181906783158,3.4830230763887027,0.982401131362039,2.6694007519098983,2.4789791280298394,3.0384429084720708,2.2914422627759983,3.466547671572848,3.663035722588483,3.3304402532343294,3.3161128499856805,3.3963816906457893,3.3446218531558345,4.142178616994461,3.5562126530328326,4.737582135336776,6.886734039257041,6.83796824182019,5.2223550989774346,6.366280938565556,6.209712628058284,4.2092864014723395,4.626424774844535,5.506494020957879,6.632733009232437,4.900718817184429,4.503071811650284,5.768157179721036,5.055575419637402,6.229523818408444,5.770174175115467,6.500475194178971,5.7898983841524,7.083665474479233,5.977449067697551,6.378990082458184,6.263812429731844,3.056565644797455,2.9180413620019197,0.6374422797083902,2.855038940556111,4.098428383848795,1.4299866679719273,1.4895711453626403,4.438536182450477,1.1173166889140709,1.3161220878596502,2.749986397495131,3.0707879559091658,3.9823352435329755,2.4801359567640198,2.720964350125801,4.1188148841063805,2.77492272358678,4.808715072332626,1.6727837382418875,3.499820519576627,3.9856344235841936,3.0729926606414395,3.333571637280069,1.4979801152036074,0.5474300791267519,4.0707189108846835,6.2340646443639445,3.8808634621288993,-1.013859996184904,2.4617126428599425,3.742680575641808,4.919467190661422,4.4718906312690105,1.7426989469914742,3.4875386878077155,2.257483816771953,2.720911145994022,3.5604759852699925,5.2954938029256535,4.49456245834099,5.092068604724916,4.430857724625832,1.248725111995542,1.1038497241934517,2.7557067415341594,3.718955085726531,3.6847239216195433,5.348936660696891,4.457396628555629,2.112192466149661,1.0617396445860197,0.6835712846365773,3.7147209866678534
92,4.279667156791408,4.550282963814954,4.424139875404754,4.26622011040977,2.5080266153814907,2.337956643856873,5.803578426976928,4.679600927567526,4.742130522359681,6.892610415536359,4.3941110018744425,4.55878518180228,5.408326604238236,6.465262654562607,6.524290140199993,6.601965476475956,6.723788569881497,6.191025415254148,6.063108373878245,5.1554937590123995,4.4481697890035425,6.471218389791197,6.616885125311566,6.136508540456496,6.829238982993072,6.3194892477992415,4.213280850486655,4.65845645101065,5.220464636309557,5.696894082850725,3.5024435756231793,4.510243930108351,5.790502870902029,3.2735816917764673,7.186793312463321,2.187457202575573,1.6500663327947471,0.7811421902092923,4.52226548758416,2.9757107396490103,3.831381392922153,4.864730331178447,4.591250015954452,1.1353881918224855,3.08064299485977,4.695925827208968,0.9834724039393179,1.317213476075748,1.1848755243836695,3.8045977993402254,1.3519586530830052,2.3725524972173124,3.227148585129714,2.995274415868919,3.765940361536728,4.036935299098772,3.7484557545806596,1.3536628984559216,3.083040581314057,2.8326416456752006,3.4333605903203086,2.6958230976931405,3.874704949112904,4.0819917088486095,3.875430239506154,3.805942416795961,3.8941904695896725,3.724545441644352,4.450194071942309,3.7335919008328053,6.253350167305591,7.033803842953834,6.816979964146618,6.987346170070769,7.735302838380983,6.939522550705847,6.899432458116358,7.179421247375444,6.570001896016143,5.29290958290026,6.369089769616642,5.741742452466873,7.221503871746474,5.540268831253886,7.065431136129461,7.626120963434301,5.053953923422787,5.018045439502716,6.554716462620122,7.546856108025226,5.463458615496845,7.352613652867945,3.370147001424451,3.840905282484212,1.3918813370642797,2.6277367887952305,4.547659305899838,1.7175929824469487,1.0984363310135483,5.006361813802341,1.3122438314718985,1.8466969918339324,3.004117885874546,3.806832032190072,4.581767262077721,2.1180326443487667,3.07657840844685,4.548351444331699,2.6875817269773656,4.9237250325476865,1.6175477378863428,3.823384418357273,4.873265080564796,2.96428596915134,3.778275456568535,2.4707169681847674,1.2618519886495156,2.4758739057465293,4.657647133721258,4.854428690480529,-1.312118086310846,2.3467943056005494,3.728379563487663,4.552162791456521,5.732404680932415,3.2115676107911697,4.663461174490103,4.263149342773432,3.0300353618065246,5.13411118440821,6.36032415367995,3.950851736568097,5.613850797197699,5.330318799110448,2.945749971854755,2.1413912354151172,1.7257424441773321,4.504980451720737,3.3371668946309723,6.368857227098611,3.2915369191465587,2.028281864151648,1.3958717224032466,2.7984985167809713,3.342484602713536
93,5.593814998195818,4.763808073394002,5.097966068258988,5.7278662270811935,3.642938456677929,2.495616535113126,3.687110900927686,3.8651125103577653,5.366380582361911,7.394823497027571,5.718037158033509,7.822187168051425,6.163236509279166,5.671030786008772,7.677109228052103,5.031015350422092,6.790068973884729,5.688174849464595,5.379152296484484,6.944190654460137,6.60015600499574,6.5739202285529545,7.396279582285008,5.98122713575563,7.94662946723214,4.9672227390061,7.264973035684086,6.223714992286868,5.142919251724672,6.8042818454468215,5.550711738835557,7.444198802396165,3.7758561549716023,4.933706113400616,5.003961064217819,2.139347055222096,1.7614514632209115,1.248068897023655,5.276840276347619,3.6664233494294503,3.342485601071937,4.901540275117907,5.365101923715699,1.5779269722600369,2.7108930621272243,4.312394544989582,0.5654577972294967,1.5073065368836325,1.5848932240512241,4.269299112144987,1.57674290106298,2.807650005614855,3.6353151358389364,3.4174955640745153,4.02721387309738,4.11946398969286,3.957143921557784,1.3266978594879588,3.6143812969458127,3.1487488754624646,3.794653631785617,3.1034432678473856,4.2844865227735,4.365642665849721,4.247446942237854,4.125947198366879,4.383102962348815,4.0527772854535735,4.838599289235012,4.090723529613767,7.58775905681191,6.830954210900256,5.319322866453108,7.025820005151064,7.164592453979503,7.149860581187793,5.81661607395155,7.378315362163172,7.56749994004301,5.494932088520577,5.2738031645314765,7.754976305403691,6.107624511853847,5.272939170635852,6.087724507209963,6.705260852424311,7.976374546643804,8.100051445465665,6.942060512297951,7.495783507434529,6.7923031779460175,5.687196185592514,3.921183526468589,3.2145752241342462,0.8724701144444347,2.7942387918800544,4.247156985390249,2.6222309730161877,1.3222721788546472,5.318308762685662,1.5385832990697392,2.1707869460777873,3.4959938622576017,3.671033392406542,4.4453306435065,2.7586176308591077,3.4201664489153782,4.757728968489286,2.7597851678378844,5.363168963670702,2.354633388490355,3.844513793930691,4.88768135979084,3.5530109235738663,3.199202723258158,2.5143277541259925,1.0657431501600818,3.659508776204172,5.938287330703113,4.786604297782514,-2.1577908681179494,2.1916319598673693,3.5811447203119386,5.410248269210922,5.723078082125105,3.7588010547513084,3.714937383864827,4.388757440488522,4.483662733357218,4.4984911540296135,5.175620090704288,5.448136459090479,5.9406760262536835,5.929142720816752,1.2903386740182174,3.7265024683782317,3.5887831226173192,4.914342829356479,4.6132394217158375,6.983195970573724,3.714443452415643,4.09944062828472,1.4035142266911476,1.8613447784912316,4.052344039233697
94,6.2835666911707015,4.936162206037379,7.327598498235112,4.032150640620778,3.795718385259793,5.283499315525528,5.543547949799947,5.256853815348622,7.578197885028096,5.174821550308067,6.036638380515374,7.400195486271997,4.94817029103792,5.479573685772966,5.885721310374592,6.994400810700567,5.457072580016522,7.1341937422533555,5.892237342350211,5.757145788086134,7.4006557423093025,7.435323678491594,1.0997525522634866,6.393634416732462,6.982575060693844,8.401563211299399,4.852058848921886,5.514596743394321,4.832539388878983,7.218151702164466,6.210384373923575,4.749870930706241,5.8085456943200136,4.319589899021059,5.461569692988256,2.9788847287323796,3.002098665367594,1.573097723813559,5.342052140083652,3.712676823342798,4.348496466387178,5.122537767735299,5.153145300575921,1.9098956180060889,2.8923455328074987,4.355422727121083,1.748869944961909,1.208822282739987,1.3086724925843332,3.9709910106910256,2.2360411822598536,3.0550575400433058,3.871094816488287,3.61445768535255,4.346106980101148,4.323307732561717,4.2719827017343555,1.3726764098456488,3.98777325541901,3.373553453993767,4.202607323445326,3.2572590570355917,4.695549546907239,4.651929549137587,4.7124739631079,4.50274179161103,4.77633205018781,4.453537095019203,5.104190966443403,4.3226077174781485,8.311702864803777,8.126256188502055,5.787093151658325,5.4925080105372865,7.351216354729811,7.825257415980403,7.963516438598824,6.765886724745412,6.134089723373492,7.840606234512399,6.200104984181339,6.914346972652493,6.597323176765186,6.069914222391284,8.272526844686116,8.619862746217159,7.231157551854658,7.393637603870182,5.908517721828955,8.389045119326665,5.9589377351839365,7.369982099156862,3.962940099848491,3.624584437305755,0.6679509637618382,2.9399380884099693,4.353601334096179,2.1437162823320155,1.9929087322173165,5.405740184053166,2.472343962811543,1.9303869556113729,3.4115608030329394,4.778727287290937,5.089397754219584,3.496657008853788,4.040140279462509,5.960680567803145,3.052697057999868,5.179597583205342,2.2360887453317235,4.309987811446291,4.934067302778669,3.2160546635722227,3.935303786381561,2.413624061418256,1.152676165603342,4.479843604411106,6.667124218708822,4.972445963515085,-1.9359035792349024,2.645210105105071,3.030256879476304,5.441833470594247,6.112734411589519,4.095519514078413,4.166189000424552,3.7621655966504863,3.4713657710669676,4.1929684991606795,6.1689416474808985,4.233564815097955,6.182105559181206,6.4109977741843425,3.197119594023926,3.7691468479422694,3.734851128059807,5.724222549726987,4.6050222366013855,6.147748433618829,4.785983256113306,3.206329156009478,2.9817780487733567,3.8116549281046526,3.251397279835869
95,5.842655955037389,5.757568444989277,6.789510695902465,5.786446034192792,2.935846564914069,3.340720974670985,6.6472499065545865,6.696696717104571,7.097177643794113,7.081654215273073,6.148570514592518,5.375663519012928,6.302136165253579,6.169020125796812,7.6368982236759555,5.432099587382382,8.046127112736507,6.464154248972902,6.5839906079141635,7.594226106467609,6.268477025545637,6.084682750839482,-0.625911333198409,5.3486568219602,7.357560310971477,7.43387429747805,7.705571461315233,4.106595853283149,7.923092669408707,6.777133236134359,3.785959556099507,6.568128631384819,7.139266040142984,6.339312997275963,5.678736226949097,2.609468555093396,2.7638406938806703,1.3811741609987047,5.760196871585604,4.23607501245487,4.042204759578962,5.288061165049257,5.167315630304321,2.6454644830174034,3.4402066133866045,5.20486478922786,1.5845882784630871,1.5996631810240358,2.2257659807819405,4.4292354637606595,2.0162711618341684,3.527078500553833,4.101994441291152,4.024726537131316,4.508663036409173,4.523373881372897,4.402259968710518,0.8189837056047753,4.461705584760585,3.717680975349218,4.5012145736568,3.6688049309356625,4.915545860010534,4.935080197750834,5.032978991016851,4.9165524204891575,5.171306616598606,4.750641157441442,5.410191246258653,4.523113862087995,8.602160862942835,8.45154259064786,7.626066551720608,8.730308987184442,6.53327006780319,7.745200827967709,7.170786188630052,6.263704849300414,7.795270174747265,6.616179341411899,6.8739030903157685,5.861953760565932,8.047026408144953,6.964163241659158,8.041944482438087,8.95198654278888,7.872650365924775,8.635722924647693,6.379592420206665,5.87489331721682,7.315808440714223,8.274003207654852,4.287569628478786,3.3696875277986083,1.041752028116117,3.9105043559425905,5.1841112980528665,2.8518464212987125,2.577609504330851,5.651654786851262,2.428834658837517,2.948131674295631,3.9652280551362105,4.962197778364478,5.5175122833166945,3.211937040769741,4.649253749181128,6.343811511143249,3.79920538327661,5.565677027715348,2.5188048005591304,3.782087552180987,5.4838589532634545,3.299064681059712,4.226231707677615,2.7012965982669064,1.5981834625636648,4.846907923868075,6.940588303444677,4.641081592296704,-1.1795797118192346,3.3428733469860785,3.8383645327767475,4.931299722493381,6.520599591268629,4.328769363355774,5.705547937625172,5.280038274929982,4.927732361730454,4.321461250258259,6.902439302064336,5.032415959466695,5.195642727631768,5.33429325315505,2.115122965656149,4.413638899686518,4.419342804049283,5.637194896511442,5.373239166064603,6.607076571025477,4.586537486186326,3.2299972654282088,2.2950811799424216,3.1208967735275435,4.536133456156646
96,5.685763347239666,6.26804981231928,6.016114736589416,6.044857744979009,4.303005430091911,5.172333282270749,4.560400561147854,6.458660671318405,5.141933759756282,5.145101727242932,6.6777118122064785,6.327604231919015,7.006276553344985,7.014695241644224,8.150498677511841,6.488303770355147,8.651195619598763,5.742718363180533,7.284181708093666,7.797569460824356,6.4819146252968665,7.457583011283658,7.33788440396045,7.316949401988229,6.98759685411256,7.326895248179311,6.305070301547025,3.5805723990090437,8.69162225711145,6.126584546803101,7.228332373548202,8.50492353608856,6.52620276953142,4.837614356231757,7.527974405458632,3.1648085468619076,3.407434547191933,1.7049651525674532,5.884673939685547,4.610149520165615,4.377329743071724,4.420740633138595,6.000828309458913,3.7089303834563045,2.7316671815422433,4.949103388678699,2.0484208954480776,2.3791153039481663,1.941611565132031,4.76643604698385,2.5247696418051118,3.7909586189121374,4.379036740278996,4.178585136051133,4.718575661719672,4.575995937831463,4.5988350645657565,0.6185608827730594,4.763139899640216,3.8977123998498047,4.872500999063531,3.8282175296057437,5.294507102725965,5.14825895416886,5.477261594625163,5.19798681897266,5.4791286061893905,5.134800009536547,5.678818466462071,4.725098814355599,7.9110372265384505,7.644063674032701,8.184450125903007,8.744452886587593,8.375764169365652,7.331113918842942,8.56328034019283,8.296853622103251,7.662942704670726,8.218750566633602,8.072647856508722,9.221869149419605,8.38502990169949,6.028531665555106,6.289549638609673,8.0389806070044,7.1272978478314535,7.264742562563195,8.22358565958734,7.1583318414240695,6.510513746586767,7.213397458957222,4.06819690865907,3.4860375242570876,0.8431427914777794,3.522363846046962,4.90268032169754,3.0048077179549777,2.2576403961931684,5.90644532676841,3.4084137243575636,2.5896890532541814,3.885532670766049,4.989180127999809,5.197447282427385,3.94108958295615,4.773858137885093,5.868217565885989,3.958703683128007,5.763863562978961,2.7825874476016375,4.309713652895358,5.675989994276109,3.8954613517517798,3.752902861232347,2.520931545666161,1.6611528249707985,3.9007082792353565,7.340697533706155,5.10880957897562,-3.824625881236857,3.9368729291643874,4.488332467374973,5.9357310227763,5.237659195187391,3.681280445091334,4.449835761184698,4.380622356913391,4.753395106391137,6.101550973162842,6.2600549834806785,4.88774318929552,6.987979844676499,7.042014971820061,2.6998722823097463,4.288611544080836,3.4807200239168874,5.324575796211455,5.865068538122617,7.201321830186933,6.230688724499904,3.387373036802462,2.6281834969016744,3.8247574881091237,5.8235511203257895
97,6.950662503064356,6.177408372665687,7.168322497991886,6.083588795081339,4.105554574662463,4.91475304502762,6.000328682148986,5.380837340729689,6.9484790141846124,5.641172130459701,8.73368110107474,7.5599899002770865,5.843313155264036,6.96241754745362,8.322920644468006,7.819046793749708,7.364385426374256,7.966552394778478,7.6030558201469365,6.591840352409981,6.5238127888066755,5.816954437880758,6.786421302651371,5.890615555216342,6.89824393865663,8.82027316846746,8.370720743593704,5.716198657402093,7.532255576551956,4.775792933277203,6.287862467740572,5.471182841981819,5.212511381119325,5.196198099745903,6.382133301490347,3.5479203456141777,3.7068903059617364,0.8341981351029881,5.899397126966348,5.138233875916899,4.699227678955787,4.955408181984506,5.436451005892768,4.041300936494816,3.073484521800588,5.176890697406453,1.7449646208655702,1.8856636904118227,2.2158151367672225,5.072792794911461,3.3578114866778854,3.9909364792243944,4.555719535057023,4.478103502400276,4.752185511879708,4.644106731821763,4.703772115435867,0.3752094739246703,5.119306339512434,4.195016603232157,5.057934330684503,3.9730407372739487,5.540100022680921,5.426996500829184,5.690401853878945,5.411208529314162,5.76658768142656,5.369548971839115,5.811456496936887,4.855857904473374,7.077167811711243,8.839650441326235,9.026156702144934,6.811033918330041,7.934399908692556,8.530560826555806,7.464304659460753,7.700132860409743,8.104841311039692,6.559813982912146,9.252440034064602,9.016259396587696,6.845229221263245,7.024487246605239,8.271091559339595,8.159765177001194,9.15966357153618,6.754130649817634,6.378495743194071,8.962053130371002,8.44095128811608,8.91216788398738,4.038803506854241,3.9099063202484245,1.3401648663401207,4.131326331678601,5.175398464819821,3.3135667163853784,2.333460742187692,6.006176629545382,3.065251385563793,3.330339350909859,3.918006888836681,5.378607921542297,5.770121390456472,4.107194687755234,4.712706572300803,6.178751555414346,4.529811193209278,5.218872821880195,2.863872753170344,4.018687281372723,6.798008326156538,3.757585926014973,3.6919643341522677,3.0870760612364494,2.4717204656068077,4.780976516424347,6.6004376622936345,5.147617483312294,-2.458668916141367,4.686439703342163,4.313815754250342,5.576789337093527,7.301282052156274,3.797404286331649,4.840694454934928,4.583214836730709,6.177494656367756,5.294294304605971,6.744120461951897,5.779029097709064,5.55185342748264,7.7088064028826615,2.3003280063079843,5.320954405254424,3.0611963434435263,5.565450423263455,4.219406544440375,7.510372989738087,5.621708417382797,3.9664954417809293,2.6244740755606437,3.665738976504036,5.134959143618633
98,6.547594014838109,6.297615277988331,6.443825319058775,6.126888174098896,3.374554618610175,5.2094613100199,7.433535279339536,7.239981080659463,7.818674963526986,5.107557957204368,6.228087780023719,8.061752000343347,8.161885614565557,5.734150063025707,8.344273274986149,8.117055448961418,9.062269590219167,6.496670144443917,8.028249434385188,7.510433880589909,9.12346950210392,6.562396070253162,-1.0534154403562972,5.545157415703594,7.367210050437738,7.191601697075049,8.9267341156513,7.040649930863053,9.325990572494486,6.48538037667981,5.812995762387978,8.00413882152834,6.946907694422544,5.525918981857874,8.293257985597323,3.9891594264328667,3.923960778486267,1.0664371117152043,6.743290536219264,5.304085960653154,4.73300920949952,5.176297447563679,5.40545762172618,4.0397866661582595,3.110145452983481,4.798833506966684,2.2708161623224816,2.819692758806634,2.038763516974291,5.330725683955561,3.438383680073144,4.276475337604619,4.692840310513983,4.567115188976759,4.899049842524934,4.680249659396162,4.834408790965151,0.41658029685400433,5.4333322501976875,4.4006636414869575,5.2492281516969355,4.267955566509187,5.73944898538793,5.4948734140789215,5.971306981291025,5.6440331727932085,5.977083868301829,5.637274317193309,5.955720853293646,4.882971988922791,8.46770846406638,7.810155304426364,8.772260213545927,8.514335095462732,7.9375359744026355,8.758921027999802,6.559667883349548,6.78480008904879,8.12677734749763,7.849432135666871,7.924415504521969,9.62457454124401,7.038551492007666,9.594655064342854,8.698188751061146,6.983551355985219,7.54180975816435,8.908047897552162,8.978880787527881,8.480556276425148,8.081749662056788,7.515774526025457,4.15704483799256,3.266744200330592,1.2880343575942643,4.358298323357403,4.889691334831274,4.057748701114358,2.80424244777966,6.173214768871211,3.7635603781139606,3.2085640161329994,3.9116303672534993,5.160961751156534,6.106170895106462,4.4263396013214145,5.561165274436389,6.8182233981136715,4.608672851968034,5.591357856642262,2.8270482648757174,4.220132165004502,6.143024904078353,3.252245114013456,4.382579847204661,2.6296059001190843,2.0791560186975397,4.285931205548876,7.995104110461518,4.69394251296062,-3.3510079357901406,5.62265923065196,6.316323643127483,7.34295481992036,6.813100775547261,3.924951329626218,5.650725868723261,5.440786076924539,6.326899960640722,5.680570225857816,5.4069217598114925,5.92581304842631,7.177553020808329,7.7075043959312985,2.082008389829235,5.549257048731996,4.5964160655366655,5.881833269044465,5.486726416996534,6.313192733072647,5.184457700819074,4.101823848641779,3.6054540461547875,3.3055874037279307,5.442494210961644
99,7.468333195139554,7.4275012293749025,7.4683509874670335,6.512292256149724,5.327370145229812,5.380893676378815,6.4697305475311,6.55586378242876,7.092067306690023,6.5451766134186045,7.007971299930845,6.649551339538844,5.700947305664474,6.449211643021722,7.648581528952192,7.831304775202769,7.358152759382294,8.083169309704171,6.957104436662014,7.361519708430956,8.556687501411746,7.9453532141032905,0.3903428001047984,5.281902278942624,6.697127076868584,8.65697485613859,8.951866154862493,4.33337369720386,6.637747359898762,6.93759666953306,7.2533138969360405,8.394463975480619,8.03336048105529,5.567304068051834,7.038295886690921,4.076781357219894,3.847601446249891,1.5285745709844691,6.375542850402187,5.51060817811888,4.875960744414962,4.591133666299782,6.024503863061299,4.728297355819718,3.4249654943159418,4.5131678099129475,2.700765666539355,3.1855715269914913,2.0036401509949227,4.590342720872847,4.041943052034035,4.527877507969611,4.78609410148683,4.785482439037211,5.0294751289371185,4.703588523317065,4.821226977867426,0.4535164891776994,5.527660969366044,4.474010553864264,5.472451958781878,4.306587439606526,5.870019937961719,5.678789360929987,6.1654959164789584,5.839410589140806,6.1291021451287335,5.7943340202692735,6.08132289153845,4.890064391080342,8.307879822008985,7.478291670810326,9.320657477743056,8.579800287598166,7.500831708395988,8.873462585193732,7.78186350461539,8.162558903373649,6.973815564804677,6.82691977416418,8.367812281346227,9.298019983262872,9.768316552851934,7.884973561278394,8.915017602230074,8.614496631522332,7.726614302243966,8.286550617420474,9.651312443581006,7.094062115407621,7.376060909319852,8.661967969593599,3.7953889283580162,3.2650437835848645,1.086074666444311,3.692878107433814,5.491235270605445,3.8821672198329975,2.7223985298932143,6.171816305940754,4.009541160019411,3.397648185618508,4.273478071550351,5.02112096833403,5.986466063395739,4.807094971273788,5.364588605170982,6.735490019652203,4.555832407960624,5.849230670249385,2.762432461475416,4.310245069488258,5.500436126394928,2.9607842127370376,4.101386674155115,2.5117580187208106,2.420876178294039,5.524003547066921,8.118278542166914,3.9241102751266057,-5.082905815382671,4.379511863461743,6.335391236057394,5.731624509568107,5.526315004859366,4.100935087164408,4.412533233678061,5.924282758433077,4.816490728021908,5.839173563120205,4.816105418046603,7.16468064892789,6.697275198331109,6.3007400744139295,2.9258531071615446,3.9826042642416724,3.8603301861701143,5.273556364445441,5.222296959974735,5.848157180736312,5.109213206460358,3.6404739649991043,3.639562871097733,5.167170625967501,6.073544398759898
