,00_NORMAL,10_NORMAL,11_NORMAL,12_NORMAL,13_NORMAL,20_NORMAL,21_NORMAL,22_NORMAL,23_NORMAL,24_ANOMALY,25_NORMAL,26_NORMAL,30_NORMAL,31_NORMAL,32_NORMAL,33_NORMAL,34_NORMAL,35_NORMAL,36_NORMAL,37_NORMAL,38_NORMAL,39_NORMAL,40_NORMAL,41_NORMAL,42_NORMAL,43_NORMAL,44_NORMAL,45_NORMAL,46_NORMAL,47_NORMAL,48_NORMAL,49_NORMAL,410_NORMAL,411_NORMAL,412_ANOMALY,50_NORMAL,51_NORMAL,52_NORMAL,53_NORMAL,54_NORMAL,55_NORMAL,56_NORMAL,57_NORMAL,58_NORMAL,59_NORMAL,510_NORMAL,511_NORMAL,512_NORMAL,513_NORMAL,514_NORMAL,515_NORMAL,60_NORMAL,61_NORMAL,62_NORMAL,63_NORMAL,64_NORMAL,65_NORMAL,66_NORMAL,67_NORMAL,68_NORMAL,69_NORMAL,610_NORMAL,611_NORMAL,612_NORMAL,613_NORMAL,614_NORMAL,615_NORMAL,616_NORMAL,617_ANOMALY,618_ANOMALY,70_NORMAL,71_NORMAL,72_NORMAL,73_NORMAL,74_NORMAL,75_NORMAL,76_ANOMALY,77_NORMAL,78_ANOMALY,79_NORMAL,710_NORMAL,711_NORMAL,712_NORMAL,713_NORMAL,714_NORMAL,715_NORMAL,716_NORMAL,717_NORMAL,718_NORMAL,719_NORMAL,720_NORMAL,721_NORMAL,80_NORMAL,81_NORMAL,82_NORMAL,83_NORMAL,84_NORMAL,85_NORMAL,86_NORMAL,87_NORMAL,88_ANOMALY,89_NORMAL,810_NORMAL,811_NORMAL,812_NORMAL,813_ANOMALY,814_NORMAL,815_NORMAL,816_NORMAL,817_NORMAL,818_NORMAL,819_NORMAL,820_NORMAL,821_NORMAL,822_NORMAL,823_NORMAL,824_NORMAL,90_NORMAL,91_NORMAL,92_NORMAL,93_NORMAL,94_NORMAL,95_NORMAL,96_NORMAL,97_NORMAL,98_ANOMALY,99_NORMAL,910_NORMAL,911_NORMAL,912_NORMAL,913_NORMAL,914_ANOMALY,915_NORMAL,916_NORMAL,917_ANOMALY,918_NORMAL,919_NORMAL,920_NORMAL,921_ANOMALY,922_NORMAL,923_NORMAL,924_ANOMALY,925_NORMAL,926_NORMAL,927_NORMAL
0,-1.0151685213009847,-3.34678013864084,-1.3854728876651583,-4.289262778715595,-5.287460017749167,-1.3823755484637057,-1.1119620744617715,-3.62797547151091,-2.3549504975349023,-1.598348848184382,-3.944392819802649,-3.3289544072798614,-5.4780660928885005,-4.97871333345765,-2.1895015460862854,-3.92230821454317,-3.2237333751866784,-4.168587226163518,-4.146892878187035,-3.234063847345551,-3.672208325219296,-1.5533536173037192,-4.654764089332317,-5.3680352034085805,-5.492527537534878,-5.1400963708130805,-5.116637994112902,-4.555103941297054,-6.254931384327185,-6.455285058890492,-5.961374462598789,-6.34928549256903,-4.6831426035876795,-5.482012713662115,-5.1639678449740325,-4.953690353468773,-6.008888963296934,-5.95270490508959,-5.493796145571203,-2.1833143931686134,-2.9297039942212777,-4.48632808787535,-5.336321967080933,-3.0225993229920136,-3.270076778902511,-3.7487721625771444,-3.0696741488746433,-3.4289567167743105,-3.3570710839388793,-4.3133852591419615,-3.160585081492581,-3.279238228458604,-4.5490199166785805,-3.2920620722014955,-2.8141426358597634,-4.294647665769509,-5.420290120541361,-4.482269312547215,-4.538499311459816,-3.32327546731376,-5.365027645046472,-3.0513421480729437,-3.3614134729878717,-4.323881256218691,-4.267049309913739,-5.463189168990359,-5.5201227910819775,-3.1356330083464283,-5.137774756571574,-2.6799904590399244,-4.381263336354721,-4.706194272784857,-4.812124902893256,-4.148715050182755,-4.333712523963021,-5.384765026493757,-3.9287524521441837,-5.777768036931898,-1.3281397161111235,-3.4432289031316294,-4.547141154211103,-4.880825334847602,-3.669386655512893,-5.025481487565879,-4.934079336934494,-3.8081378639786236,-3.834196372002934,-5.296996316895809,-4.475723804149295,-5.913496760020489,-5.362588913090777,-4.254112063308389,-4.550035041994303,-5.409407434024226,-2.8946686095459944,-3.810071672854556,-5.350176975784826,-3.6704725410642194,-2.254898229076963,-5.427194759485754,-2.317373002922941,-5.136913423704624,-4.11317302292521,-3.276100189061701,-3.930463549502689,-0.7123220864852438,-6.096790305793966,-2.875529251293559,-3.1296790062794617,-2.7180383718048615,-2.6470814716215774,-2.2703807246431045,-3.9639190510727915,-3.2936602180094874,-4.392233960095701,-2.456245568998642,-2.2607931741244762,-4.02349822949904,-4.710647224903897,-4.042312335024083,-5.838181176798418,-2.2460680521356924,-3.1598797887815775,-4.813259388479116,-2.981291809861045,-3.757201020000776,-1.6092417871576365,-2.669613175941234,-5.360222984034285,-3.4395051101217184,-2.107401175682171,-0.8516646048937169,-3.3651091419954935,-1.5324280319151256,-0.28989672467345123,-3.478622234987407,-5.6126706130066975,-2.4553186040705506,-4.6703234372754245,-4.1678745156653205,-3.6985884541248653,2.13700878822673,-3.187775456041779,-1.16375379148609,-5.854861235466135
1,-0.7548428128479578,-5.962957847622386,-4.644697177836096,-1.4779690746298524,-4.443015405650938,-1.0478100089666256,-1.1477941252939023,-4.190512087434218,-2.332753225767286,-1.656569844480766,-4.246520096463823,-2.790338348772764,-2.3603576900934957,-5.344350957849646,-3.1551186073370707,-5.337971820411381,-0.8834137220100966,-1.655120192751626,-3.324068140063093,-0.995054278193658,-2.4565957477858533,-4.443518198244014,-5.0092898266235055,-5.479445034771797,-6.092953792776871,-5.771744901336719,-5.00406480231458,-5.4327649804242535,-5.10605625377798,-4.458651076196576,-4.729134681560932,-6.081678509773754,-5.223362965334727,-4.404668547095617,-6.105299664752568,-3.11605925936918,-4.036666789761746,-6.0837972194008865,-4.980700108158117,-2.1665166142346384,-3.1287549065066607,-2.9340062131175233,-4.5127740839204264,-3.1390046624757595,-2.547899292996307,-4.690934295974971,-2.8838905776788195,-4.129510192006535,-4.152306205735688,-4.4081213707899565,-4.784465928926291,-3.880235319745559,-4.027757249839453,-4.7867730743422445,-5.1144369133310645,-4.268452256916597,-3.3140179024250025,-4.547497488297022,-5.050352826499198,-5.963018855542463,-2.4111355331526503,-4.795438830374001,-5.096359527943006,-2.9586475369704655,-5.0458469230126894,-4.037809676489071,-4.35333914028102,-5.678469015023222,-3.922280219620467,-3.245183744332561,-4.728468738834846,-3.4320115066359747,-4.758098935645275,-4.26455300385868,-4.610975866847676,-4.6398214627111,-3.4357573407311337,-4.265377218323277,-1.353050834909122,-3.6555007020882666,-4.208241479846002,-4.40340556606961,-3.2189505438570407,-5.217745554963788,-5.101887617067637,-5.530476414639375,-4.641050435225459,-6.103557545895873,-3.71871298404193,-4.548780776429574,-3.3691179010974226,-4.421550022230137,-2.8006593208557304,-3.967172279442498,-2.8104572921300135,-6.007845420447642,-3.7113673258404223,-3.9566315739299425,-3.20518185532423,-4.3240445926540545,-1.1234786143221762,-4.365802862917951,-2.086135058366772,-4.959630401453737,-2.633336742978024,-2.4458100070570903,-5.720792891434803,-4.750356281505774,-3.626781500840826,-3.9353292820406685,-4.713932330053686,-3.7395441375133935,-2.6562096198936107,-3.8548700372638276,-5.132205259657722,-3.3185228645049283,-3.2339710545238125,-3.6312440475187273,-4.233470503752202,-3.6473880828410126,-5.55645918343788,-1.8800846679594554,-3.101989155612818,-4.937154433173086,-2.5446164613523763,-3.42101678136608,-1.9018694241840695,-2.5210709436082017,-5.19490647999826,-3.7595744353278935,-1.92423453567709,-0.8014944961155455,-3.7317103469093165,-1.439199952661955,0.15755273238668593,-3.4533383536407256,-5.396754503863115,-2.724417280535873,-4.3764467220029974,-3.9197948573548977,-2.942892941086583,2.532054800908933,-2.6197062721239965,-0.9582371794947577,-5.329175540902844
2,-1.4113514114957657,-6.010953115050508,-0.43417463111454335,-3.5286037178390934,-3.1104686602963696,0.4503971862553562,-1.0930312338911843,-3.4842926607452487,-2.9023159642535084,-1.14804833594779,-3.431605349016899,-2.8640400968227304,-1.762154481493377,-4.840244667737372,-2.938471877850275,-1.7661108501435647,-3.557266752156349,-1.68401971254016,-3.350839836629059,-2.3509919790902067,-2.137640774177068,-2.7363941409658215,-5.909643801502834,-6.13510525491499,-4.2681306138448445,-5.504526143661056,-4.1262659490076885,-4.270582636539425,-5.402066010081533,-3.9518647821346065,-5.19149292792221,-5.144349521929616,-6.236221713530077,-5.169127747135646,-4.860841230429891,-3.702542388570287,-5.356281056541608,-5.44056627326727,-3.8843011852879097,-3.3556886063157956,-2.6786403117997466,-4.8446911993446955,-4.546005511102544,-4.797278096607183,-4.33008693995978,-4.182008140191785,-3.4758478277421903,-3.6219598997274414,-3.7423941392629354,-4.218793099398655,-4.1942179265094115,-3.881455904275297,-4.498677988866406,-3.1796461597972785,-4.784201363196405,-3.631847346953051,-4.522891937206212,-2.9894163087422148,-4.301706156032725,-4.055601045054935,-4.032496305093822,-4.015959472514082,-4.241703282672754,-3.3789385345150724,-3.126546909243694,-5.331095596170144,-2.2973851355307833,-2.8070601231884136,-2.1471411575673387,-4.203909327044258,-5.2101804643375145,-3.9324887462019946,-4.295190083499892,-3.693937096668317,-4.690148509358242,-5.858826727496744,-2.316942755502571,-3.7283214300692116,-5.38082156809887,-3.5729959226155135,-4.1177112370648095,-5.070081449637117,-2.8318050859386203,-3.768440338920903,-5.085064584544522,-5.10164723871219,-4.339827017751562,-4.826826513433355,-4.165066538207429,-5.3988149050925625,-5.090559464688627,-4.361562408806939,-3.579558533598537,-3.817325092635517,-4.068655781813221,-3.417230525028647,-3.715624973673883,-4.003181331129952,-1.7380404484043788,-5.342257283457586,0.06359337594176484,-3.321876981730711,-2.2978692646801697,-5.018549412204254,-2.5026951119853713,-1.5808955024179234,-4.830443497029111,-3.9454273599606378,-3.7489316604615004,-3.6897640040819644,-1.8607313257036764,-1.7165746073728427,-2.6247611482863906,-1.8773381131504605,-3.5798195859139534,-4.407234158570333,-4.311910697019838,-3.488488213621476,-4.301788909419456,-3.28069288371018,-5.378376304050038,-2.1729647368295093,-3.083592916599714,-4.9391667210084425,-2.805686401384829,-4.259814831701484,-1.6045159557909046,-2.748378170166716,-4.997131219014081,-3.3491002022743617,-1.8843685076624541,-0.39894103122147545,-3.586932737628172,-1.661784703283067,0.6964487980157061,-3.2999627958739097,-5.2969203626900825,-2.7787622348414165,-4.12133653589328,-3.366680837091012,-2.67355984152417,3.262664595534357,-2.669331170200719,-1.0333540766977507,-5.023348815202259
3,-4.438262521986595,-1.6425046976664257,-2.3197739844295233,-0.23346547175482613,-4.523450362754767,0.1541175279316298,-0.17276790951278187,-2.7197859058487897,-3.33453538205177,-2.241731496654202,-3.8377315668401275,-3.4709814677445663,-3.5210093227856714,-2.299584038250721,-4.428480763090076,-4.772153916733864,-0.6058176773926349,-2.6260860236108203,-1.0771937699288214,-4.030293088555953,-5.152153952090734,-2.12690085846849,-5.48101508997468,-4.269666332796763,-5.0367782731552655,-5.0644305118862345,-5.5050515505622695,-5.647860397963604,-5.710803002930074,-5.730452305572865,-4.389848603465165,-3.491303718048347,-3.8825001312528906,-4.71794467794289,-4.296753110012961,-4.596390551152035,-4.826378073349437,-5.171114450896433,-5.123639935154653,-2.677241169860237,-2.7387768689953065,-4.273374815157463,-5.25819075831862,-2.3406223429216926,-4.314726167094808,-4.215917103515507,-3.5821687490044667,-2.8475089779336193,-2.1624641285086597,-1.9869995071377997,-2.6668049337906226,-3.9040799338903986,-4.611627540971358,-5.049428208106605,-4.110479014210158,-3.3482913126402893,-2.622785553738039,-4.203470798880483,-4.810578686416739,-2.9119936432608484,-2.6386157105695482,-3.368083207968124,-2.4205737735466957,-2.133639473591738,-2.3601043160096706,-2.5386473033475765,-3.579704826524676,-2.0482524824506236,-4.420128167063339,-1.374087891484021,-5.319834752165319,-2.846475578585552,-5.433370704944077,-3.777847941312766,-2.7654260396121018,-4.34742321932296,-3.9066858531971205,-4.87391459043079,-3.1450507430540964,-4.077042000651772,-4.729457667311427,-4.633353049437048,-3.767928987809731,-5.254799489529512,-4.343105942792159,-5.042542522177253,-3.79976961069576,-3.531196666698342,-3.4871246409540406,-3.281989201437045,-3.5707801979981144,-4.576094316635763,-2.023146726799897,-2.8535480126440707,-4.525698281812878,-5.02871176821221,-2.4541915782604886,-2.101950294952643,-1.6653891224053292,-4.083224780279039,-2.2871775278658975,-3.923121474266044,-2.7679627027046783,-4.90597480556091,-3.587782824443026,-2.382704181004108,-4.631988132750702,-2.509529545253309,-3.53693474083388,-2.351866244883046,-3.6956173248050925,-2.717396354572723,-4.06365220056559,-3.8437980861850027,-4.167987965635218,-2.6630155613806363,-4.142303797800876,-3.2778008906107994,-3.589125499079884,-3.0358203261297767,-5.184051131678782,-1.578228835196481,-3.395739120255298,-4.7986012430529605,-2.446670907475699,-3.92513758980419,-1.4624925329097884,-1.9977460505290678,-4.829167001368561,-3.3511889783500632,-1.9675291655696658,0.07690281683412087,-3.44654481447088,-1.5256451944397413,1.02499272236222,-3.184464126764382,-5.273976120678968,-2.9808440362354696,-4.226603716211269,-2.9196538093664044,-2.5260012052663825,4.201157349695622,-2.0178956014849896,-0.8163743730011399,-5.086386619426885
4,0.2605684049166328,-3.4832431401673007,-4.01037351036106,-0.3585248513996113,-2.7183017456974072,-0.5887125909836963,-0.30785752018082413,-2.5741890241766052,-2.767483248936563,-0.5406188190392265,-3.664195926793421,-2.4765969809308928,-1.6509654011250778,-3.497163345079899,-2.2193710275411593,-1.5834018830582761,-2.935125630600783,-2.911827220164798,-2.6629916062059666,-1.1876037105497228,-4.837167182353445,-3.684169107538825,-4.325460362168355,-4.962576454197741,-3.8489438299246914,-5.360007195514889,-4.892989296871129,-4.934847361374256,-5.484062628391835,-4.031427299348897,-4.753097603412949,-5.080261713717764,-5.100005386551209,-5.017388903040104,-5.684688266694928,-3.5140732684074605,-3.929906649363743,-4.7068106913962335,-4.507239567590375,-1.3605244596116601,-3.1198113927762474,-3.1468015301362575,-4.2224162996836245,-3.8452935699139785,-3.352958188643812,-3.63720406036132,-4.138176294625995,-4.290248351541161,-3.3333505567575004,-3.2802568292005247,-4.084797391632227,-2.881108509878586,-2.510340977694861,-4.677498999434126,-2.3630889151088548,-5.2640720075647875,-3.8345352194684326,-3.110827450475756,-2.534066024496971,-2.780628834265795,-1.8067561419122424,-2.5925784603934847,-4.610583861164187,-1.51187185743336,-3.9136236528595516,-2.696452558517114,-1.7455711830034795,-2.5152907244726554,-0.19030756729207798,-0.1999570961278243,-3.8064981887749676,-3.0013642731924275,-3.63947731409439,-4.011878360992469,-3.455038195714404,-4.990896503787994,-4.540640358722345,-5.40657181445464,-0.19773920918050436,-2.849820478462049,-3.6628018491115233,-3.3666026680094885,-2.4690111613346843,-4.928441812532357,-3.9604180351146963,-3.5639230887912863,-4.691558183217223,-4.048949773000608,-3.229897230977472,-3.0919063798889153,-2.4926008178701777,-3.967608443276677,-2.8498967126038126,-3.8928045774075715,-2.1285529745849843,-3.5247683963782834,-3.591351882407009,-1.194837963143672,-3.8347230945092723,-4.7114372818265675,-2.291562851581402,-3.3494823613935587,-1.6877237712407167,-3.4232684873027024,-2.927965599947386,-1.2942728412673212,-3.79830701626225,-2.857834092274672,-4.372729025896375,-4.226133283676974,-2.4847713891514074,-3.3365835161374613,-1.885138797459779,-2.2964472959975843,-3.666224341229962,-3.3758909342457573,-2.286432636483836,-3.083817688466194,-3.4361082052596488,-2.745814364564031,-4.6813336059170485,-1.797893225920616,-3.019657537932107,-4.1730237565244455,-1.7426167409148454,-3.9539701314461038,-1.562766325135525,-1.8247939137835782,-5.013227807707746,-2.9434815424203395,-1.2724514467651469,0.005521751781851686,-3.731135842622728,-1.2011572162739466,1.5527555598611689,-2.7548247703025712,-5.10862754953924,-2.8038659180844956,-4.258807276328742,-2.894473309841489,-2.013406736190695,4.838838225112864,-1.9276488462108734,-1.0209391255566336,-5.248297302742252
5,-1.1284809667413933,-1.2505618286678466,-3.630777185483887,-4.155633694779276,-2.1899547415036733,-0.5785664586821155,-0.865544683471686,-3.197119827689328,-2.041568558527948,-0.20989704501929252,-3.7868175318589747,-3.0008201431593133,-2.6566767981040784,-4.2678038753529774,-3.528386128342992,-2.631519642553739,-0.23847893055565716,-2.4461269876458425,-4.206089713810434,-1.8457461634174652,-3.6433767979427634,-2.5404574309149393,-3.271118589159854,-2.9718365255201062,-3.7915962450464304,-5.318922506995444,-3.2622380706768745,-4.244597139123803,-5.306674368830653,-4.962703416261031,-3.988287067189262,-3.992278072447707,-5.218184030992912,-4.7991464699591315,-4.3372924895440175,-2.2771796968636755,-2.344681883981812,-4.050479768419096,-5.041017715440004,-1.4407089410796468,-1.0630709916689107,-2.387243232984106,-4.786831656109772,-2.8495415229288525,-1.9478337532211625,-2.944253035328728,-3.240360995803698,-3.215293154700155,-2.7721599823490153,-1.8332566358825013,-3.4230405325497015,-2.938011687373764,-3.1857368818189946,-4.2535449062407436,-4.103272326475822,-2.2062031203566184,-2.507133094103639,-3.761738418503511,-4.114287481223349,-3.864874368718759,-4.291378848198991,-1.409761631113327,-3.1946242631883983,-0.9052441783566003,-1.7426482000592838,-2.9737307828058603,-3.396809742136936,-4.415363224877023,-3.92950599191286,-4.8546270695926745,-3.4254773268537724,-2.7094572699920265,-4.227906036280329,-3.258876094832502,-2.2698369747484204,-3.5628066175617397,-4.456079573624818,-3.5085173720002443,-3.8266311622290208,-3.4451322725671565,-4.656358707953642,-4.077109834633086,-3.730877053003883,-4.313621621519105,-3.3317885089754653,-2.389982567387305,-2.6169543855351955,-4.8593778221862065,-3.1028429644179756,-4.601322550084041,-3.3360923930574096,-2.9823286642454416,-1.8647047576509395,-3.1269988757999423,-4.549002734507651,-3.3736892451571423,-3.662976467245058,-0.7927926293471157,-2.553863615837363,-3.400665362048348,0.0738947181578129,-4.287433026069688,-2.4824254786697297,-3.291232672586422,-2.875681731790613,-1.9588628732884406,-3.330544637411702,-4.703025638477954,-2.490714378525293,-1.794953710086491,-2.0480979208780052,-2.896639671401018,-3.7490882444453795,-2.5146817865889797,-4.203891781069002,-1.7444289580093542,-3.6705867001035095,-3.0732020610713815,-3.0584211034927837,-2.5364203180333957,-4.669026707166559,-1.327364131397718,-3.1322863132473246,-3.6810906982961367,-1.4698236743030817,-4.475655070292687,-1.5394695960774731,-1.6004491843675925,-4.768267426727071,-2.961885682179847,-1.028447912642148,0.44828675467005596,-3.606411615252752,-1.449989559714146,1.9503924713583212,-2.766344142571788,-4.811125393348752,-2.757752558697365,-4.3189475413920455,-2.3336545348352544,-1.629466973686396,4.929632192059835,-1.5574972204774367,-0.808697921116885,-4.676868997871044
6,-1.03864045490214,-0.7573057353837953,0.961588488706381,-2.9655935407771086,-3.859009086933308,-0.7515845640513104,-0.44815499720106,-2.773869691398073,-2.2253440991820987,-2.661516662846713,-3.5296754880387433,-3.059141991330815,-2.6723848168277744,-1.2677009412440698,-1.2079550245953734,-4.1883599631426165,-1.126924428287991,-3.109547452189019,-4.234314233854518,-2.5202137407099503,-0.9972364805222758,-3.7419006755054114,-2.5369558725822223,-3.2457778267423203,-3.8632331100964157,-4.730684694936067,-4.427770598617279,-2.9785774251488597,-4.360734712158873,-3.950795671541922,-3.1176476336979757,-3.3357782110312453,-4.956302736488185,-3.7099611901534804,-4.882649359058308,-1.4712513016889428,-3.971064747781421,-4.001748877174906,-3.3521438585183967,-2.543208010934019,-2.438395856288509,-3.7606235472641836,-4.3487985828587,-2.0257028734060185,-2.328081291807654,-2.803369259556553,-1.8637894063424754,-1.9084288825019928,-2.062028581200274,-0.8930058275638457,-3.470227702246539,-2.477695888540599,-2.6480703028979713,-2.6416908864184103,-3.5031120741048043,-1.4354106646107119,-1.5763075634651105,-1.668907947310717,-1.8761777716417125,-3.4601074559564147,-3.6028274911798683,-3.0745205235584754,-2.8496824399164673,-3.753298237593773,-2.292958146691955,-3.4142697848328654,-3.2731072529977525,-3.748550522754451,-2.4685494828498866,-1.1332040554253626,-4.554700103638132,-2.3534931277731967,-3.4535526473117226,-2.407731123530927,-1.809490427554731,-4.540162621655158,-2.637584254282766,-3.3907001567766706,-4.361641538180157,-2.9648180934702903,-4.3372365031079525,-2.7613398313828665,-2.5768686455056833,-3.9737141246364622,-4.187296905019365,-3.445203915548797,-4.148665535667029,-2.7707028164935545,-3.216688505785159,-4.630146293514378,-3.4888338454334,-3.6614028628327637,-2.1782699222064412,-3.5673182630720195,-3.529436479607848,-3.696857937181722,-1.3992581943773792,-2.59953374218027,-2.7914025332003174,-3.2351118724118164,-0.8395666818985497,-2.561959102621655,-0.9142220252487614,-3.87739545704082,-1.2389332042874908,-1.709687696628222,-2.5462571593760184,-2.905122711646132,-4.286008004073399,-1.6158482529031017,-2.9828232677999535,-2.2040822881737294,-3.154582611608047,-3.5233840342813485,-4.048697683441429,-3.457477477879002,-2.438323757443242,-2.5203690731115604,-2.6740488931488504,-2.265718498456217,-4.514598791110036,-1.1864484118807426,-2.936870883492946,-3.390278967694016,-1.3808916016443598,-4.585454431911063,-1.1090116476439844,-1.401251540038394,-4.211352017559806,-2.5704665391158015,-1.2482743303310584,0.751671302031538,-2.928769345792052,-1.4357076149324386,2.282609501810091,-2.4009242623669125,-4.5717036634662485,-2.2434305855873267,-3.7895529922059303,-1.7163043597678729,-1.504054304766702,5.832006484473524,-1.1727083488391115,-0.7985984759009103,-4.212315384496028
7,-2.158322438909174,-0.881713838786887,1.7610868811446654,-2.121117674384111,-0.6210579009018469,0.09669540068414262,0.03328413301458133,-2.8125830992648675,-0.6920930907814324,-1.9980209610748634,-4.446603056836164,-2.3774155837406545,-1.6861106999625612,-2.396704489424303,-3.128200192124381,-2.5110444263304776,-0.23113323044197864,0.5381869688732266,-2.8405258757657146,0.5203155031249689,-2.306202984980412,-2.1090448387275913,-2.391818180462561,-2.497230183864937,-4.069255750270704,-2.9318175733655165,-3.791378407137137,-2.804923074201572,-2.7067260957628365,-4.073600187354847,-4.486133172168426,-4.259215570219034,-2.9809543967549486,-3.760702310225902,-4.099619391188724,-1.5690530663783848,-2.2471967518985445,-2.0426881662557013,-2.7954687487199816,-2.3507869803064345,-1.4478129761492151,-2.9052782921451277,-3.028098969748185,-3.1202631938570367,-2.5805180849134857,-1.8508387068903531,-3.291506296093874,-1.3273389124509585,-1.2501151246852629,-0.7587519482328513,-2.8815964692368343,-1.8023501921030194,-0.843792262048713,-2.8100109896984162,-2.636211889998795,-2.05049084158528,-3.043741840210373,-0.3605807493165796,-2.110480663222053,-3.3826955445111966,-0.6078894163634057,-2.18162793554479,-1.1967530559226618,-3.055519395476337,-1.9044935508778136,-2.220453558425877,-0.8537644744645019,-2.3071809894184403,-2.2066718612712237,-1.945551914275648,-2.4614542685750105,-3.312269833200902,-2.2984578253931205,-2.894006785762676,-1.4197119007603736,-3.292116234902942,-1.734393384563825,-3.2626378444008486,-0.22279272337868328,-3.552969187576609,-2.5837880732319993,-3.7080139756135884,-3.1950948239849493,-3.7745252173473633,-3.7654473532250448,-1.3804326508161995,-2.6726537866189113,-4.173273345759269,-3.2977340839078195,-3.969762470843043,-2.5969783101893626,-1.2779351288969238,-2.1256979450581888,-3.961376534506753,-1.4283906820752836,-2.922741335670076,-2.755691169812327,-0.47088228357190576,-1.619099389231128,-3.7558559661576254,1.6669262940550493,-3.762320564336946,-2.3131770892025774,-3.1546256480774497,-2.042839651621568,-1.1836920057019178,-1.9956884642384445,-4.2929971233468835,-2.7618093783853475,-2.5051255618510524,-1.0465614730756343,-2.8451652642151126,-1.624468494366943,-2.170386596738026,-2.908727800637447,-0.5073755108430782,-2.1232732673684156,-2.008568238458569,-2.6066826332337576,-1.2797651961787437,-3.821518068843191,-0.5324509562169781,-2.616469067612349,-3.374339763817789,-1.2002019519831708,-4.0935304899431335,-0.9443710949665338,-1.2941485145189835,-3.9395156036353742,-2.1895148293319817,-0.6049113956154762,1.0975649274047523,-3.2050963404601256,-1.2508417205073439,2.6949161997010473,-1.9740167702367402,-4.383486444209578,-2.7631658419864715,-3.7776948477730965,-1.5783445107380807,-0.9000987713814181,6.611115710425161,-0.6430357713048659,-0.6696683800195125,-4.163463522064963
8,-0.19181934171397508,-3.4616231524417667,-1.5813780826387456,0.6211454061099491,-0.3256250458564378,0.37464107923899714,0.35149685565034394,-2.036744229752895,-1.2303951306623584,-0.8631272543403905,-4.404522102411498,-3.125024260241401,-1.9513018871734626,-0.9907829585294006,0.7851326130086389,-2.468645527662797,-3.0309692887217463,-2.0499946305935755,-1.239129965795831,-1.6879274063145244,-2.2643097694345466,-0.7551345275986217,-3.15478511286458,-2.3126900321948654,-2.8107374137459957,-3.1808769108512758,-2.9379090018191336,-3.8393150083564844,-1.639242241298097,-1.6347063942502396,-2.451865282825747,-2.103578854260071,-2.0863910930283285,-2.627259262109663,-2.6674679338879574,-1.9326895901776786,-2.8652474099562153,-2.802924935227675,-2.8405699343921187,-1.768113115452369,-1.5870531314813645,-3.6164973645438088,-2.4725386270936456,-2.058221660324177,-2.615804869929981,-2.352518943746309,-2.0800959194126,-1.876936282663031,-2.2741698300942677,0.40490644375650575,-2.4502605747085378,-2.2008008059647084,-3.1997457425086204,-1.8881573136550704,-3.3144406081236033,-1.4346008151139493,-1.5468375390370466,-0.12466676642556562,-0.18605697077375805,-2.5694454696822384,-1.4154072445173278,0.16615395764334195,-1.6107952700358856,-0.021495647097923065,-1.9909792912118707,-0.3153460817007039,-2.3154551382881086,-2.38764548218467,-0.1612979529903389,-3.2764315414894813,-4.100629946226571,-2.4842787339509727,-3.691910472259979,-1.9551830407877202,-0.7709979403115979,-2.3717336229396286,-2.807030592847548,-3.446549611145036,-1.1142762509837771,-1.6037760276865456,-3.969203835322815,-3.2430333023636058,-2.2937499374763335,-1.7413495621494983,-2.3852104261026046,-1.40664151788751,-2.4641049342656816,-2.4576495821748865,-1.5987028075691043,-3.8809483713202857,-2.5931289978204504,-0.9433721768921519,0.6493965044849772,-3.093863905751365,-1.91138400825492,-3.2026162519510466,-0.6340963435042615,-1.0114858507529783,-0.5381032146104512,-2.0533623468403452,1.3332411972844376,-2.373308086453725,-1.1863411440786074,-1.6049435046310694,-2.225623396823393,-1.3900247488921655,-2.744859943168761,-2.890509556234991,-1.391715891183272,-1.2685226687845697,-0.26661964708956054,-0.1818994025760161,-1.6638840690113816,-3.2113521159444334,-3.2870597934156627,-2.363769118004863,-0.5437814897588384,-1.990070021816412,-2.2579258641955047,-0.9731866072728442,-3.713650930184439,-0.30360845791856494,-2.3286348086821316,-3.131668956353489,-0.6890052986568399,-3.777305460565399,-0.910256016199877,-0.5585486171849265,-3.9164043946697835,-1.9385495004249653,-0.3111300794130115,1.2225934968656273,-2.994943585591874,-0.7869546750097076,3.0866631318557585,-1.4298427386737527,-4.328078690263182,-2.5150433125319664,-3.271565650931991,-1.2439178940676738,-0.8044584608377986,6.090073894100879,-0.22489452590350578,-0.29946631411019453,-3.878075768505692
9,-1.9227754746165313,0.22114156753480918,1.5345703097861838,0.4572428639139283,-0.8543901585348896,0.883847284341053,0.45425144119938565,-1.5578358244614212,-0.23407890525176,-3.1704410974187076,-4.1030697344985025,-1.6746240116623643,-1.687413132756844,-2.1298480134721487,0.01408093097232932,-2.7585570194171027,-0.9391184014690337,-1.2887298298789391,-1.701502396113077,1.3720439967961289,-2.9854598336478517,-0.14532211252327976,-2.755294814539467,-2.845422651768854,-2.43775296919131,-2.27620324234914,-2.9716579881797527,-2.829761661853538,-2.5039738936112608,-2.068303947978941,-2.566526041238049,-1.0433976650575496,-1.4572033194021987,-1.5415360385298769,-3.1256851588518964,-1.0480427487670236,-2.7963796313221474,-1.430452447252731,-1.36099100263879,-1.7343716590336247,0.1741846555027684,-3.260027349565194,-2.0718255379403017,-2.2771735243409257,-2.6405146602916054,-0.16560523059140753,-0.6403680098577058,-0.23611188097308755,-0.4855435702180244,-0.6012757440765916,-0.5265680263982575,-0.7760850498455896,-0.3384662809399699,-2.3394876726199705,-1.4669052869099206,-2.7034324174421593,-1.1399226220137686,-2.3555513230728575,-2.18963801448599,-2.7730904686895146,-0.9781498795739996,0.26202838504027604,-0.7237305893958537,-0.5154096762399298,0.35837830576818375,-0.6902475052222536,0.037382045524229746,-2.472592023854121,-0.5233418653849933,0.6111953256689313,-2.5972983204030387,-2.2671103062107174,-1.5871541072019943,-2.204238173790559,-1.0679685758354154,-1.7435711775961173,-0.6299450371934578,-2.3172754101631794,-0.2809197738689635,-1.042217302487062,-2.39785334117259,-2.6728853100850687,-1.4830290211302044,-2.27341464984925,-2.9173371212372365,-2.0199613527931,-1.4616959869696855,-1.88551779494703,-2.9177559008134937,-3.3535398120088185,-1.070889515386953,-1.6460850227727746,-0.1110861353409498,-1.9772511073798202,-3.142202702919244,-2.4906178171535336,-0.3225704650960166,-0.5867514246426998,0.26844447364074986,-2.5492711984379364,1.7589149171761258,-0.887798448045471,0.42526721946670376,-2.0893995338039666,0.40448495038122,-0.3709717953659948,-0.2927349684977081,-1.0440092805989525,-2.695236117520619,-0.2580857848378071,-1.1284082855883342,-1.0447061032168217,-0.7688823007962218,-0.4939331904904649,-1.6672311092173857,-1.821512980773595,-1.1745757086040307,-1.8988177707339942,-1.5236321104843071,-0.5936065133091084,-2.9933662592567463,0.007382726033966613,-2.2200457932904967,-2.5737384290536904,-0.07582888685968231,-3.8102929336498272,-0.5836021626844924,-0.5929174617837716,-3.7852409336883173,-1.7965637628514504,-0.4850345624447665,1.6837597769077526,-2.571719645304053,-0.5508043461752409,3.433125778508851,-1.4409940622533737,-4.060668396150444,-2.0221139295823596,-2.319540204268283,-0.916764312905255,-0.24914467206181506,6.5624838964497165,0.25535690042862114,-0.6676854385432791,-3.4318728252798825
10,-0.636109500190774,1.083199208462759,-1.2912362566664477,-0.03904796390708931,-2.596088959162867,0.30839559352006984,-0.48568434121344223,-0.7843890102014743,0.5443763734223648,-3.111764590638551,-2.7621996784194485,-1.35050896798291,-0.2143094502238383,-0.6203388229792295,-0.7118367280394886,0.09647538004920975,-1.6461665056630443,0.5493060240435073,-2.085666103148453,0.4996413343652182,-1.3718553575482355,1.387478488959097,-2.017406848489002,-1.7159208529313688,-2.8791631970228715,-0.9939504033365427,-2.842529296339672,-2.7493714399335003,-2.4927696220539373,-1.1843256621445,-2.4406068698742303,-2.173312661735223,-2.83317852800225,-0.9902149865067074,-2.3513343111836145,-0.025375792264680896,-0.8259789607688832,-0.2686098564798911,-1.311983052423016,-0.6158003211477485,-0.6696846595287518,-0.7286322619194427,-1.485236668851404,-1.214863897512592,-1.2350462631072046,0.4084958453665184,-0.484773917107032,0.4994941491092222,0.566163284507923,0.5946616640567737,-1.2792681645465178,-0.22954971125585955,-1.761649507047767,0.423698356157556,0.3920603563938996,-0.01459218902409809,0.48198581838434595,0.037563401858196954,-2.0404966335008417,0.27808925719649036,-2.1087941916635553,-0.9806183744141066,0.6272531281253766,-1.7366317151343729,0.6783668736351607,-1.1911666250354376,-0.2790428460389869,0.3852989540223062,-1.8122880938073447,0.8108519466167956,-2.6661670366171286,-2.085277038959064,-0.7317045890841074,-0.6068596907053836,-0.07425887999578262,-3.007839884350354,-1.1172942511792083,-2.737058800128843,-2.8012342046281775,-2.171893636911651,-0.9185848487786141,-2.3343295412842457,-1.5958238251091275,-1.4631746853559755,-2.746518191445636,0.13819808793395172,-2.4277958918841738,-1.972966103693004,-2.420424311247213,-1.8822343156364003,-1.1093380997783764,-1.2140085482574219,-0.9303561564490075,-2.8824440752386358,-1.5852743420576025,-0.4054820840356279,-1.4302846011372865,0.28093465131915907,-1.5101188395543206,-1.190782256101374,0.5521019309474233,-2.8320740974376557,-1.771445539512807,-1.5437783032633885,-1.1631677111823886,0.49121754558616004,-1.5166837761785106,-1.4073282224745074,-1.7028352541869098,-1.9256955628231578,-1.0328603822106353,0.12637721475737296,-2.212837305605339,-0.1465272875028103,-1.511484764966869,-1.1257550118046846,-1.8725235261800555,-0.9715926354306287,-1.0637118650428419,-0.02740101060499911,-2.8262311174384656,0.021538261885343357,-2.359591500602502,-2.3776299373232606,0.29648481408919775,-4.190957278759017,-0.4100954118655743,-0.13526878126615502,-3.1301685578169214,-1.5420796500315836,0.09636151184971242,2.1454371065266407,-2.5443520399175226,-0.6526823851321522,3.675113121071989,-1.1254100358537122,-3.3654271339796167,-2.0926964623389503,-2.2998008659458047,-0.16019455135653116,0.20861910645373133,7.641135627016519,0.5410423723600591,-0.02886913852133033,-2.4274375375528177
11,-1.9620586572034866,0.5534493632512296,3.743289889921491,2.1353543713991296,-0.1169431425482581,0.4693381573875741,-0.019792645744300952,-1.3050034887611552,-0.2878093621047021,-3.1597409453548195,-2.15431740414581,-1.5352515544322556,0.4183383014799813,-1.5558375077372404,-1.5726245174451994,-1.965140406087233,0.374036236237278,-0.34516998280719013,-2.035719802148706,1.2567927336393157,0.7612101606819945,-1.6381229493142904,-1.6173260523963338,-0.13101470001027238,-0.6867517406626316,-0.4309437899032833,-2.0181491772694073,-0.9622506860753492,-1.0087133477969583,-1.0633899166255691,-1.3694461796913118,-0.520239460014783,-0.260283023460536,-2.547916650992343,-2.280813425025233,-0.911819280769663,-1.0623668203975078,-0.13955784169173313,-0.9876197361957382,0.24861889797875736,-0.4902394095569239,-2.040911635383768,-2.475226412590832,0.14093079411890486,0.07206447804226501,-0.6099757183035919,-1.1736955123284747,-0.635079431290225,1.380502588233417,1.4883834393460984,-0.4796707442615318,-1.0715551910954317,0.8408696058987273,0.7591869777937048,-0.8731543775006005,-1.8984896198769148,-0.11772861032525639,-0.6471884089663383,-0.7503985539443341,-0.27490368528592324,-0.12593130401556607,0.5012357413954207,-1.5413004172044906,-0.09778596724514199,-0.9774237348808629,-0.21945129673504238,0.9139328923663164,1.2570472086072435,-0.7169855657896627,0.5284927741889152,-1.8018208827999125,0.3270762726389702,-2.2431493749752622,-1.1590806742664872,-0.6782184237392411,-0.984882669635248,-2.6889487414425868,-2.1673350958850275,2.601245574068022,-0.841079411977371,-0.3051257974484982,-0.6554564291275864,-0.9124271083565249,-1.027674828201486,-0.19891748852101543,-0.9704938581249474,-1.3737784152486134,-2.1758147474656164,0.08443841027981147,-0.8387640980970619,-1.0536098421258053,-0.3749714885448727,-0.049042722764594204,-1.4573047931835172,-1.7028266222357415,-1.7645839839840556,0.4954459750308313,1.496169508400058,-0.11802163473482752,-2.3802104358793046,1.3607505931140549,-2.027901165050725,-1.3950055203163245,-0.32017788790835366,1.36903725673232,-0.09951118371096546,0.5268192468784219,-0.6681495800663195,-0.4480716893591763,-0.8417171190577393,0.8472217051279891,0.0249478830365244,-1.410356634677832,-2.1213951029472717,0.12984610310294542,-0.1255448490422042,-1.0611162112641108,-0.8440147217332854,-1.060913913100571,0.09650657762933887,-2.3209170574378,0.5449387161771747,-1.9987139510392244,-1.6618231063185305,0.2994751165602166,-3.713818793049191,-0.726481607307592,0.30107189268526807,-2.8444789591807207,-1.2025658766977267,0.4264815301681182,2.3637567344471058,-1.8089852861852238,-0.21959387071894887,3.9167337206023842,-0.6710702905902194,-3.0755481341844146,-1.9219104970847132,-1.7438581796045698,0.19053264588607932,0.5764578388323865,7.752426589500688,0.9896447907942121,0.04010633401402053,-2.1475375892683366
12,-0.24696771263841244,0.9345001764437022,1.2790737104850252,0.9385812562340248,-1.6924079673995753,0.48711620020679036,0.712274715211337,0.0124547905857324,1.099103728557485,-1.0510657843044018,-2.986960788673643,-1.2069236000148618,2.8465948912138033,-1.6090505021687664,-1.2864099350363674,1.388213181172405,-1.436851981861245,-0.27668591998972575,0.7565258244852417,-0.16433086659531537,-1.3317080216245625,0.5495631631029179,0.28088247124595433,-0.1954921830736316,-0.16274786732440272,-0.41116107888716114,-0.6226044992097106,0.008090235338890306,0.5923334766427857,0.5399850206244174,-1.7297895151374552,-0.009679131858240098,-0.23884545566758786,-1.7338269293353625,0.3913804599171238,-1.1463386208425292,0.19655427655881064,-0.471913470085207,-1.6858707803061308,0.26101063607132224,1.3236213993417152,-0.9125366442014073,-1.249784292985907,-0.9640942457740957,-1.0386199989911222,0.5543386558371555,-1.1765169160937408,-0.2641659391904684,0.7594959125209977,0.2180049124636676,1.1145343954091413,0.8535294558133084,1.305201777242385,2.358928170183784,-0.5558852837621016,-1.1204544170188793,-0.49159392996310414,-0.030527741862796276,-0.08661617294663393,0.32770104009930967,0.9989900971661085,1.5989235409697464,0.005111900394069391,0.47239495082030936,0.10141508032685942,0.6136561261141362,1.6228276025912636,0.3380943915846739,3.4929310474122386,2.1285065215702756,-2.0340345273708436,-0.9800405346676171,-1.4662476061156553,0.47959403350775,1.1026485254014524,0.14539488680925938,0.16180581024175034,-0.7508667360436074,-1.2738466538642803,-0.288062522360224,-1.7239031624699397,-0.3190230392964253,-0.28596969785779836,0.03792520529306387,-0.7495592696853781,-0.8121428636179111,-1.2638766399200725,-1.3095765011576161,-0.9626688700509209,-0.3967659823910379,-1.5779048827270832,-0.16339913175731513,0.008209434030266194,-1.4667117988302216,-0.3651923158058299,-0.1204993968882766,0.20210213023227452,0.1232487988630423,1.3391877149757119,0.26422349394688416,3.914840242095535,0.09946952446924495,-0.36911338977284425,-0.6529342109203178,0.11405272468264194,1.1748619511537617,0.8940968960256783,0.2771619018256888,-1.4991960580174775,-1.2901172849017555,1.427853881670232,0.8959810559505563,0.2017475498253214,-0.22193667838110565,-1.3612916385965719,0.8413053108032438,0.8375224823460423,-0.42388940244621015,-0.6066112084562806,1.1239930544412684,-1.6687940384997078,0.4453036365096714,-1.6361920003893204,-1.5031258557985396,0.9979135362198461,-3.465331865850175,-0.3602325667336341,0.7353023084401848,-2.589276498172716,-0.8564314086506816,0.8345267537531307,2.210954259095229,-1.6488439349660984,-0.2341068081245875,4.221447884207054,-0.12322866846901848,-2.28020993491269,-1.5155693044189626,-2.0000180937487317,0.816579561658876,1.1656760677147278,7.190501898433635,0.805476456379153,0.21211220164352262,-1.9520908649383797
13,-0.9336681590335136,2.55131369953132,1.5787276368973722,0.16537123131699571,-0.3270546496978879,0.26949673950404074,1.0190425280787043,0.5106466312279923,1.7290343991210606,-2.142581841316001,-1.2832975446562254,-1.433247646316998,1.901572738680343,0.946102660933211,1.5265310917399666,-0.6427247776778454,-1.2379549130452312,1.218248827821013,-0.9102769270233548,2.624028444199894,-0.8603360259469778,-0.7364761831048983,0.443681160183214,-0.4065148856143891,-0.18844790233737785,0.05966947322397975,-0.5124684811957881,1.1571237749114056,-0.07086337640240248,-0.6451104885575369,-0.7623412731485995,-0.1392855972393352,0.6729360860058033,-0.6192517616386133,1.0977177312870872,1.3977014476671918,-0.39623415866969036,-0.17204880870735995,-1.1816433496060073,-0.369807801975196,-0.08055794187819426,0.4914420338375749,-0.3545285323977705,0.37761114687864006,-0.4959350370248601,0.8568478912884926,-0.7347004497251726,0.5830159470268345,1.5066213108000035,0.8132678708081413,0.15694178950517323,2.253767234000562,-0.47595926820799694,0.3868818600848726,0.6244316796557672,0.036106186681014396,2.4653239484854526,2.2078871289460738,1.1058008649793947,1.3579916687014655,1.0927588038067377,0.7420598888976164,-0.29704840175485614,-0.175365354352506,1.5973064002397463,1.5770358520373327,2.386885715795716,0.06396380549243552,1.9039069326102798,-0.7266172156295378,-1.3424062927580658,-0.3814272017176182,-0.5707826333018364,0.9160263416197565,1.540298067735986,0.6463525403436741,0.11147239208654813,0.4915955677137762,3.4693588407923426,1.1834078219482134,-1.1889744734770014,-0.5521491430459997,-0.31417881155810445,0.733007136625057,0.3207880212286496,1.2545964583794111,-1.114922972308995,-1.17590776401741,0.7983805994723872,-1.0055722299913472,1.0460970698351155,1.7287431107123228,2.776360872998027,-0.25537532810941976,-0.23512891287479776,-1.6195636430549092,0.05387769292094957,3.05578400129316,0.15311491030865354,-0.8170813530709221,5.339145403348844,-0.003771602351954506,1.1370320266423537,-1.0279784335879936,1.6316686455493843,1.8596224282987586,0.9990813459608459,-1.1197504200018464,0.5110493474153082,1.8213289131765635,0.19606092398972086,1.5451291598700818,1.7580078939794865,-0.9438774695009097,-0.7909542349773843,0.505701019228858,-0.6168192390769498,-0.21053426032568134,0.14818224812240754,1.5790830353288852,-0.7129360050544793,0.8725597899413474,-1.4286500958486255,-0.8179269952537833,1.3083608903318316,-2.9385166307734827,-0.20405204387081832,1.353125128734007,-2.177976406795014,-0.5921672311231829,1.062687793879259,2.6697513938338724,-1.540136575007314,-0.0918885890540726,4.3526406041202845,0.21818650892180702,-2.1065861535229415,-1.7419620441433108,-0.8882622392015437,1.4816302829514845,1.5149365678087054,7.362115934254253,1.6755568926062385,0.3792636304260445,-1.005363446422066
14,3.7640929236814538,1.3645501076475965,3.505950222222144,2.9295618332093083,-0.291046828052383,0.7462610360181288,1.5394376161122736,0.7998450759925841,1.3916199399786011,-1.803049162627555,-2.373288880901921,-0.6900071156442705,2.2490958256366542,1.6855800252272934,3.2544721881756713,0.20009979289471658,2.1661291438627126,1.7059588443195643,-1.2917323388989046,3.6537466047293368,-0.3016563128042721,1.9285497548483357,2.1063483936017615,0.45885007451238957,0.3563804851060227,1.4150470886754687,1.71719316216126,1.3274954772490088,-0.2529973812337648,0.11365334087231138,0.1550729076500642,0.26205022745265516,0.8134225292365327,1.2821456267606282,-0.1951034688971433,0.9242096241667228,0.18576915882839964,0.11814433217085646,0.04546799028413617,1.8121933346698358,0.849024520121916,-0.22378039942043593,0.7209959707123952,1.365008736880879,-0.06184991109655069,2.0530669747270887,-0.2520401903061648,2.181890447810105,1.6857773561969671,2.5578000128067675,1.349045054920892,0.6665265700544725,-0.6172450998202879,3.037606735451713,0.8723861670602,1.20446729540947,1.8328484421676583,2.27734697211862,2.2998900745971977,0.3245859227710337,0.5047970965944225,0.008581973323130487,0.43698229463618354,0.4444006306631969,1.7917604767415405,0.08793148783333166,0.6252358100701478,2.0843054450108225,0.37367628566674727,0.4022204999754473,0.7566720365364672,0.7945377539117178,1.20220433059321,1.9793444245364715,1.2483511336581647,0.7736548579204285,1.751166633492049,0.7216262432412799,1.4500926091364201,-0.029363006533935032,-0.21952819877726504,0.5963572476622101,-0.10485255477544325,1.1382831050618896,0.2935733642511378,0.6285074067118097,1.2285460484877808,0.16258127160242375,0.32833363236982094,-0.27829945268998,-0.4365496760547649,2.5163437269986657,0.8681577585340678,-0.5141363460637707,-1.028517879438318,-0.7221312659424179,1.0241082234943018,0.9259827584240365,1.4579065897886347,0.11838596588515804,5.038224085390728,-0.7947601894201444,0.13112798608405812,-0.5154828544870513,0.45087837088719224,1.2359078433058164,0.18675129125186385,-0.7648709608126895,1.8115815404806952,1.4428041991324574,1.4332978389793487,2.071184166424521,-0.30049043181245827,-0.9657592411558231,0.7356934961317041,0.30093820765693213,0.4930919300793928,0.09635889816177344,0.35918026974614836,2.0868342231497246,-0.288298093406537,1.471072751597656,-0.8469602900074716,-0.3566995092660603,1.4235425954229952,-3.021671618922524,-0.3148442400603223,1.088671410006596,-1.0876023317546588,0.1593690980002651,1.2095634784226539,2.8773833352830724,-1.3834815306926045,0.40072112323311937,4.63231784705569,0.4414415779460576,-1.4632198014609454,-1.4932682016852037,-0.5300309482138753,1.623639315910641,2.0216224877311393,8.096414298531377,1.6666347581532404,0.1930089757689345,-0.7536089248772075
15,0.12257281222744243,0.3419630235280279,2.8310312588021667,0.12431942428803588,1.1403914858354245,0.9602483145103485,1.8241081206783574,0.4703055901812573,2.1415859421956687,-0.800390083379062,-2.0365700121781036,-0.6722512077157045,2.839205385625565,1.1019410433565946,1.0090314000834448,1.8965105444432013,2.3388614220128914,3.5294054387543214,-0.6203138061366882,1.0560307937138345,1.6965079702214387,1.6136926126673228,2.364456724002727,2.230975592608327,1.4194190312914508,1.2130272845425858,0.32616274543127827,1.3193616090454166,2.4243079259016773,2.47466778028114,1.9632718688954325,0.5058181169844821,2.263238327256882,0.19474194407449857,1.8181108368605614,0.8061838591978128,2.732670366213902,1.4463253286690523,-0.18624934459526893,1.168651947492184,0.3232659186365822,0.27214663522930604,0.4557214231957205,2.351040877957831,-0.058094562944316586,2.0341368383855682,2.054622795106344,2.045096628298542,1.1528347235772118,2.6489419811269803,2.2555813296399534,2.0730873504024694,1.2627158203349844,1.054352662414772,2.356042977537119,2.98355861733523,3.0989772142567675,1.406141215969393,1.749555018242948,1.3612609389258075,2.239084818590013,1.5358462359470764,3.0018971264591423,2.7937268366482675,0.8779126349375646,3.147400268783897,2.2919709381927142,1.4596613000759449,2.5976487565526423,3.6406994227515286,0.3936860111853957,1.5824487043043205,1.9993738687899238,1.4386821952238602,1.393612571320665,1.3690879099736497,-0.6596100703010169,-0.3879898105957647,2.0695370417451073,1.578715913191724,1.2931062791375456,-0.24988800910948716,0.07337915636757003,0.20009682818130547,0.6484168641224899,2.5005568516581,1.7410811365587664,0.5002167647184724,0.028767396993694627,0.6838397296935497,0.5894460016193057,2.03281748388424,3.8738454667431768,-0.23974588274546282,2.0165571846088657,1.6960509722683503,0.6374824092598552,3.2182360552101823,1.7752568803168929,-0.4576441460690811,4.493483575241598,1.4962458009926194,2.0478949427822966,2.0775402641863794,1.4913525194411432,1.7090643778588712,1.8395262075725003,-0.5046132211927933,0.07385024605492652,1.551547406750434,0.5924044212350605,0.9846492552633177,0.6052271410636849,1.0191112746090292,1.5424544733811676,1.331668058148838,2.617520228193518,0.812233275409502,1.033713058544959,2.2804989865616396,-0.08829645181602255,1.615295659148965,-0.9094877616152863,0.3880663703161731,2.1706596691690683,-2.920305818210553,-0.18453424444841274,1.8594833625866836,-0.6373008029834349,0.4121231353873996,1.485427263602747,3.0207263969627123,-0.5691972441676344,0.6000761866059684,4.74529128282002,0.49246552145890343,-0.8520310369809347,-0.6948471642818803,0.02343734851925172,1.9301255105052997,2.4526663222796192,7.3261101429033815,2.2759059793670025,0.5814023424435171,-0.4137769518157287
16,0.7788387604791114,4.185988655900649,2.5577693082394477,3.1684255944605284,0.4485117310792608,0.5965447972106706,0.926866256361981,1.5465234116347257,3.155369275191435,-2.0196475056314407,-1.0885223295390551,-0.13698065156087924,3.767784440988455,2.61342280154892,1.3556537093704413,3.3831277190251625,3.418639871864972,2.476413042309841,-0.08305333715544588,3.490181643949829,0.32824557912348773,1.8968026889265877,2.2246782466076267,1.6638444903862526,0.8593170337201638,0.8332290525332972,0.5141453129344772,2.4965078128224683,1.724593041971185,2.5527516751986017,2.9374190155541444,1.6412891093629234,3.0131161035168845,2.679534188430166,1.7916607752824614,0.9122212772804309,2.6876845424443836,1.326176099711455,1.1919234293214866,2.2563117495352936,2.8043344093867444,0.29232311509005404,0.9005685446936165,1.881831243732697,1.6189977462965002,2.5470926254423745,1.2627051043948243,2.0372794256080073,2.3759410704610175,3.419253816005582,1.2646213765883914,1.0564932562559357,2.989466486287134,2.2330415912249366,1.1185108832367145,0.8469457103317641,1.287021796690907,1.2047013405441551,3.6164387457430265,0.8658493301980855,1.208198600811876,1.1067548370136795,3.196476226117701,2.9290266629605104,3.58431178810544,1.6385819157972716,4.125355031985401,2.570767893785793,3.8769316672701404,5.377551856547892,1.6742563200417564,1.1416532709637464,1.4476864051278477,0.9157122817328132,2.1743892619817298,0.5465488062598653,0.21726175863581287,1.9341606981740138,3.5726394152706025,2.709593055737214,0.5146800383524132,1.9208053043381437,2.4508362596066,1.3469416021987741,1.3625054887863048,2.0138829469686192,2.4952938137521166,1.78851369280982,1.6922817332455924,1.3005705412006618,1.6101352511411524,3.447860056407574,4.185276635207565,1.9611308745272402,0.3652354799627233,1.1065511510842287,3.835502851963779,4.261551361016952,0.6882237891486258,0.2642369821993692,6.0857673399431516,1.1200110248977195,1.7047732915118046,1.5990958249627263,3.4496617394921043,2.0858579009893865,3.5645439864251602,0.32974226478743995,2.978214006117402,2.679671954944688,1.718437807655884,1.5835134242671631,2.587383221950041,-0.22934094176913203,2.67229440291333,1.0348945840624273,2.3283939472968003,1.4124997443579328,1.246617752805818,2.8121546845303995,0.8981171912673299,1.6486708468390059,-0.435329936974608,0.6574203074655632,2.2325919158144187,-2.4872614798797303,-0.012637370553505486,1.9958346019174749,-0.38906543331363114,0.5627649818213669,1.5534441198406188,3.027925267921772,-0.8178865289314157,0.26295897639630994,4.735407171072554,1.4101850287655455,-0.23120347305243094,-0.6473185687972378,0.43203954787461374,2.708076966293939,2.885629598351745,7.254306280488151,2.4623404833209217,0.21618347121137974,0.5638380143566771
17,1.9904952004320635,2.434249124328452,5.283719648397419,3.3180250305421986,1.7750826930136157,1.2795565549124888,2.1681819489318235,1.6088019270491598,2.8064944969234458,-1.9827343170218017,-0.02806036433502257,1.4537464619596647,3.5681106830076814,3.204372915039221,2.1821623580479477,4.084333809832087,4.171848064600644,5.299754517533492,0.7418168039029518,2.833968746255543,0.9786273384909272,3.1643782551011133,1.8840930842490367,3.505398187060224,1.7213317390171856,2.906183077675129,2.5148327585022088,3.7701535128644705,2.0130000823163936,1.6772500950184128,1.6367037219733511,3.360685417717754,1.8898866667205174,2.9152069889780523,3.384929124620605,2.0170825609588237,3.3454142045032214,3.4136176707478603,2.403063927173509,2.2132874356926977,3.4030447232462686,0.19071524834812423,1.3540264654867267,2.223982087445428,1.0064430722597104,4.307873407732664,2.1729723845757594,3.992752109194818,3.2115377708186603,4.169325834755384,3.6845501987909777,2.087342594606705,0.8857030522968652,2.9563415437162943,2.004193884773488,4.580480566552913,2.5904900988805823,3.1372425531156436,1.8582119186901211,2.788328582683336,2.0706544925241905,2.4916227885672804,2.9730673949361437,2.227608278823867,3.4908971416770145,3.629129929490559,4.479421548740234,2.5556963359803504,3.5303082574608644,1.6729597285169122,2.7342633789270034,2.434915401187427,1.1832932336162338,3.470554323568505,2.255127076838338,1.1845949651880425,2.4396485585343255,0.9407755370914622,5.995738865857387,2.766562499614242,2.6426851018924724,0.6585070292384532,3.0628780808748726,2.9737809237741044,2.8044723575713704,3.0802857085523407,1.883195505167757,2.4099472983824013,1.7804288038025877,1.4224553398755695,2.7185329210299045,4.258361613847164,3.1858661066030236,1.9023989347863757,2.297635255395655,1.735836779917271,2.931708226119068,4.611017859157402,2.0244696021590833,0.6755933632674159,5.916049153953832,2.185704716510264,1.18836321051327,2.384771546060744,3.8120552475991074,1.0092081585698809,2.5671240996826916,1.0926633065763778,0.867744419888649,1.313133658943494,1.8766756897771846,3.9717149422171376,1.6447660952777958,0.7539364205638452,1.6744695798094238,1.7557385659365012,3.521094809532875,1.8336129371813388,2.1321558361550212,2.7721068984888615,1.4216622873554305,1.8070473205419118,-0.13114893593762883,1.1106197450704989,2.6786508727722707,-1.8624771898028287,0.6504681805365493,2.7090724464530562,0.4421864578220924,1.0907236310715582,1.7718470390208483,3.4797994339562885,-0.046078085117615686,0.5159992255015347,4.851408255032449,1.2593331366551959,-0.10268618595188078,-0.14564467875983522,0.8259734317466767,3.0493302617438,2.7611188780038014,7.178889949690533,2.9926260694544013,0.7117717605526565,1.2233440983529655
18,3.3545059641953126,4.130156105990977,6.141354157776366,4.845952507645096,3.4552312323295844,2.041868681277818,0.5886137712330475,2.32551141514477,3.873025486011876,-2.199676669250581,-0.5618693330138038,1.9314974578206576,3.312509614429711,4.562846443401762,4.830480110364258,4.383424752892788,2.3524533442436644,5.263651321672762,3.887293192853972,4.705946794458502,1.4764214350033238,3.395450672355619,4.444339192207458,2.5132443706555803,2.96173194690099,2.9582053383080966,3.1352626887538464,2.7443547677634252,2.862194227369059,3.1602367099191637,3.8797235604577858,3.0346878975699765,2.998781411310386,2.806792789862965,2.5047585034282527,3.6265522508315473,2.5953957009366686,3.785131672020858,1.7806158085891282,2.5216587605022793,3.4570340303078937,2.5616031058003466,3.276123819969506,2.5034873508327204,3.063637041823344,3.650774564630753,3.4163560721652444,2.8215503393486077,4.689752142976838,5.144134094209287,3.876145710639313,4.605305753158607,2.5993256614202105,5.074423618999699,4.149581928141574,3.335408013085087,5.01164775765502,4.861102804610781,4.1307443133256445,4.8912429708905485,4.477095423578701,2.823005877746254,3.3641170803171,1.9959512883923227,1.6511498727405591,2.0750897957890864,4.553817755495574,4.50416098449532,6.4767862278943324,1.6417985551370902,1.7793570260605134,3.283209215964478,3.519109815989653,3.739139535958394,3.810344687291349,2.4326120429421323,1.8743269284103774,2.387622653744946,3.9801103392941335,3.521357612512485,3.074634229893926,1.9383303259745701,1.4740165716638212,2.1223520279933696,2.627933553395628,2.941078098250066,2.535805294991407,3.3834437848374543,1.5862260750703912,1.877504996495013,3.546626925621582,3.1850347958638627,2.4903007173965435,2.751547405424418,0.9013025369971605,1.5644061567952123,4.3346843690040995,3.6010510671052818,1.7100366832123224,2.2315698710765686,7.174713807925311,3.7562333989894325,2.588101744074635,1.786961986704453,4.5384080900875094,3.3615271750425317,2.335082854105655,2.161015764799944,2.866713291971325,1.8594788412352377,2.3483556180260003,3.666942600286954,1.7454690245234703,1.6850016741983005,3.8423272217100886,3.246974648493244,2.0354775344909775,1.921602473034315,2.4191406089771608,3.522570630495766,2.0857768209233565,2.267750549722618,0.3739662504252952,1.5485767684372147,2.669482408297963,-1.3466768224959447,0.8563284942849145,2.364131002693909,0.6641186641172068,1.6877925949231392,2.167033965292442,3.6117770063922308,0.13445247136442584,0.9317064997632158,4.815016573519329,1.4824742425574882,0.857214436004347,-0.2940475209411334,1.0870376640505481,3.0670542767630202,3.212390271336224,7.298938540248622,3.3504803097687654,0.9741109650179612,1.22280033231878
19,2.20837032158925,5.560915050621011,6.694512061932853,4.748098825632155,4.0413418011810265,1.7540723976628838,2.255589791288839,3.040733291836233,3.4545483499260166,-1.2731168010445106,-0.0228359580867189,2.3133030554552105,4.779623614912593,5.93615537668649,4.477930074569933,4.441805006232628,4.7113287445639305,3.307781578758321,4.99116056746937,4.516645831740815,5.617801723438657,2.5227168750255684,4.422280702229251,4.249035614901395,3.0915545140429312,4.108816634992933,4.71537387974362,4.761887853110352,2.7198065337855457,3.749692469422688,4.529423643140339,2.9346954504315947,3.6548248133647214,4.68819985919292,2.958495532935776,3.0545892805662342,5.09483245043643,3.0303884504399905,3.559606117396066,2.2817612909364975,3.061103257401008,2.1447734805356338,3.65518989706984,3.360828875434734,2.939560103788676,4.001804203722834,2.4990267245944056,3.819467504432659,5.06681957998534,3.280441673501561,3.146882463309696,5.021491106532333,1.8252403235960577,3.48954880982425,3.8583622615429056,5.420639861746716,2.8789693620250536,5.179976876480742,2.9928680753181744,3.861570744179426,4.309532087587115,4.746009120842447,4.104522441532007,2.665503537505831,2.755325865275834,3.5563492049445125,5.558055522376759,3.362586263589675,5.019475280761302,5.404595539912862,2.54695534560461,4.227011055677818,3.480771391106193,3.725244824241614,5.006783771782848,2.302086760963406,2.5464420648494603,1.7250061408864459,1.8942036042857673,3.861831083513411,2.834067647290509,3.4677552241577203,2.165934959100867,3.0223780642695046,3.246885192734893,3.098380283775331,2.0439829736924007,2.3455826424319466,3.3639915648914718,2.9721736023928003,2.947123416384693,3.5528481967106327,4.146365048145574,1.7415278737826725,3.679863422020465,4.109980269296989,2.958210697748007,4.400681722667794,3.9484401943287466,3.5439930744446775,6.681998342440972,4.063497671789952,2.8511808307808018,2.205115169518083,5.165987170095072,1.7674718946008432,4.323735912325203,1.2406271478376731,4.492534477948238,3.0907435076691367,4.690065962492524,3.9353655754188797,3.04715327796411,3.2485486343855436,1.99151225518714,2.419014723393793,2.202000081298477,2.1978407829901,2.7138433347707633,3.5709928735361847,2.3876659809799987,2.372725418850778,0.596833618591547,1.9540305809739693,3.3363260305027396,-1.6926794020356435,0.9626368363746307,2.671660721341814,1.134539044283521,1.7436157014519469,2.2312625254904024,3.4955415900286506,0.4920645182312008,0.8086850305075458,4.852840044572938,2.061859032611487,0.9168247730031389,0.07290422522955903,1.9656928959498532,3.7679516497018084,3.499987718565075,7.437039241123456,3.6250682369081164,1.12986356198251,1.7266988174446003
20,2.8929951325800305,3.423202705616702,3.7416962286651607,6.5121585525707495,3.868878787021523,2.556990567136366,0.9214569429236046,2.309087298780524,4.082228681892389,0.07668963887053115,0.7525696046855663,1.944993383488111,6.125356349482546,2.630765968659818,3.538842273032002,5.870159721250704,5.080359891547156,7.161659902153005,3.89614168930725,4.783939568701533,2.5327695110274,4.182963930493137,3.9195842651235884,4.317109645370921,4.838725132433478,4.873495412607066,4.386077658964627,3.470458850503906,3.904756333865763,4.559190313000314,4.701791859075157,5.440794187505363,3.9686448780521717,5.1278540342200705,5.541469952312212,2.6620453455510686,5.072407640275509,3.8094761488821334,3.501600341414547,3.6412875457755645,4.424184351358344,3.547096040218297,3.8972870763068883,3.8036794052567444,2.8573392252966365,5.0562491226931545,3.5327592620418633,4.453610186734778,3.640317458630292,4.907920077900042,4.960510380126715,5.135554678468971,2.2702931739351584,4.446743799451254,4.384571111826089,5.339485203884076,3.8546797142638143,6.029379825398631,3.094321624933098,4.0851899279595605,2.884668960369572,3.5309206946088025,4.895842954255515,3.2870925112929124,3.6334695459630555,3.1411204297316435,4.907868471877282,3.5939627951991793,4.197763235224626,7.6258107714825085,3.675824365325977,3.184996453636807,5.029250202298874,3.203077874108757,4.837957913984268,4.7095642179022965,1.7862457974985724,3.5639019116304103,4.581253502953165,3.5335927779575167,4.184342248844521,2.3868003980180403,2.625050840306295,4.090240042218127,4.116337174952907,4.9543601807757565,4.286127593299917,3.6853271804722505,2.8861421741090325,3.522726604772273,2.384458511936476,4.391093569435695,5.953823995418199,2.2772456329692696,2.8960686052223856,4.626990789907897,5.747586462558051,6.146345389736087,2.6088139103042174,2.3330063472527423,4.064724468466501,2.5815359166225473,2.325187401528712,3.497180268638135,4.112448837696549,1.7184833396969454,4.608969004966838,4.125586705020191,4.183962111453246,4.335678519433577,4.055417765425106,5.144916520356395,2.6925717635986337,1.573657492703815,3.625302969591706,4.003758414910514,3.112911656513518,2.8636616691764987,3.441737344996094,4.4735848922681765,3.0102490781803697,2.6407668770940913,1.1711324524112834,2.684212983564671,3.230441379620959,-0.41824377840671234,0.7005845681224523,3.0619937120169793,1.5408187180380926,1.926796950299183,2.4717731893223336,3.52645504149183,0.7724333694822021,0.9359784149653063,4.8330810532179935,2.553157126456113,1.9241027398811146,0.062315620784255524,2.058418367240382,3.9171170965736613,3.6907712463188824,7.267510690898408,3.706775827095845,0.890472603694477,2.466707505353897
21,4.790750465102593,5.663791243225177,7.764647206282676,5.877944187173638,6.1509456683497685,1.995994933396533,1.9966350038186984,3.0981027858561796,4.694679485446704,-0.22552703519527562,0.8857562182538334,2.7754721602392456,6.48951350678395,3.5283442418250694,2.9983927511196176,5.112560262611278,4.786633099132503,6.653609286744115,2.827890042300687,6.715273642233619,6.045475042067803,6.147854900533799,5.865304432352979,5.143673899283977,4.276711234895733,5.822539561187385,3.77074755031512,4.622577253573837,5.168366914558243,4.335854553844112,5.984424597830822,5.694975977239183,3.8601051152434858,4.603531171433255,4.0461555336075925,3.08203088647858,4.520492077421556,4.28694076194685,4.229160553097624,4.441948317650882,3.349080883327983,3.3684009007037945,3.658715135725936,3.9205441206149736,3.3517620242864243,5.235042823540937,2.7156170570368436,5.998860805119731,4.699466030602878,5.396037534751409,3.9645161372996136,5.0556549250590095,2.9333801442290426,7.122516679231063,5.8925114099817915,4.076142770110143,6.359450141122821,4.197965012442295,6.048633336565043,6.621280474077426,5.2003545971228515,4.106378502547659,6.611191585505963,5.384920880049327,5.7933489562282805,5.280119331901597,3.8998314198070716,4.9763340957888245,6.896838115299136,4.869574482759818,3.5592422153356815,4.542587095856839,4.151467600762151,3.299856755245892,4.533770771022873,4.078873572186928,3.1031858433568185,2.8004764360080627,5.016039905346702,5.065435230104933,3.363192424361075,2.9894756432393215,4.968210035733035,3.8391073573237,4.206742538230421,4.837029118517732,5.056501599808955,3.5852695801196637,2.658826687154193,3.692495108231103,4.616603398545294,5.120448777706438,4.559776060226403,2.3289120579054208,3.1465039146232363,3.1519951216195308,4.017618118986767,4.872724998546085,3.1920388290976804,4.635276840855012,4.64600751062142,4.836388959814606,3.7208750854406074,3.8564951083625623,4.573145709744244,3.151943834994693,4.8854835352631545,3.897038493152091,3.9835935596168857,5.2555138262487535,4.238399962710287,4.75858182345884,3.3214529674860622,3.7374907153296064,4.987112364756039,3.471682866925635,5.18473275355233,3.0110656849805713,3.7422323322146753,4.856743817409558,3.617559732133902,2.673682249637537,1.3008838672911014,3.072581762086102,3.468184067465851,0.04918496320058441,0.8310754733539426,3.1265611839455194,2.4198216111281488,2.252266259020392,2.8756793184707954,3.4989618565247276,1.2896513354154044,1.2485641968114327,4.639526249274005,2.8730043025182197,2.113150244629111,0.5233988934053281,2.664812743813693,4.15832109579449,4.1008835702304225,6.288190295685144,3.928206659583705,1.1533990131688447,2.8830230424772143
22,7.184374467239471,8.564265277870733,7.8821808365234105,4.593596417844034,5.8386347348345105,1.381564871133298,1.839079026543791,2.8806434739048283,4.943229617017749,-1.4782316172428325,1.239767113494294,2.851721820213249,6.700009241445091,6.482166631104011,6.517606889776532,4.3102506300295005,4.003414622862071,8.019105397746385,4.294973989633566,4.670182401774405,4.743516514717441,5.462202222654858,6.680809693590293,6.036503825250723,4.703515575672142,5.843659311208755,5.155723589126389,6.1297627019780005,5.602942323402996,5.902573834761961,4.188433915740763,5.408737471210093,5.756391862478909,4.9191061236932345,5.10912679720278,4.729932703996414,4.776046773625256,5.031673374380318,5.343198746839488,4.640015517350703,4.507242208216337,4.26064258889047,5.240773447682645,4.88064882330908,2.654053356552413,5.766043294941217,3.007700242059625,5.76647231177265,5.719436175989605,6.064494691901347,4.4508334769484446,4.785198992487748,2.933617481656068,4.755027832449462,3.5457415227719777,6.702369526304958,6.967348178885748,4.258695934685858,5.94231420844907,7.480596076820751,5.336841242359355,4.71376110624656,5.240282380760444,4.244199935101322,4.479508340286118,5.296165185926696,4.4493117177318195,5.047928785041952,9.063803231168585,8.456565866590232,4.558769493357788,4.491055396646058,5.65214696478054,5.3232087665499845,6.093086000107764,5.83441266582433,4.716478195352239,4.618857057405147,7.142096942216435,3.501233698034223,5.319472935594535,4.745808751521947,4.6408962528380355,4.4887799929926135,4.363789823161736,4.877545151334504,4.419762673603728,4.256888818011301,3.79158895831947,4.640387144062557,3.882754249670417,5.78621784522859,5.875558672505704,3.890888441471529,3.243422461603142,3.467876587996082,4.560649906455451,5.36804627876961,4.550033004849013,5.66172565129839,4.605898689926749,5.683530012069387,3.369213508985588,4.674876812809955,6.168875189608938,3.6102325101300954,5.129636766715797,4.116054879919654,5.683408232359341,6.0345302360453985,4.449975394167075,4.408843270924279,3.962423801417634,4.593579212983709,4.604145506970106,3.1241243532392433,5.432568043623315,3.2515628595536277,4.176877782560572,4.525006864556005,4.117545823650846,3.187131158856573,1.7196458331384705,3.4151413702654025,3.7498254064651717,0.35466827282980484,0.9965910448171746,3.7932715479658463,2.8712180432374845,2.8022301069771984,2.8513450758908645,3.609219728463322,1.2657519797974592,1.3768249657150937,4.541252601948816,3.3735527465372637,2.9704959488402136,1.1670722024536802,2.533577589571987,4.650892845141961,4.103859395370659,6.414784005788435,3.9789543640360927,1.1623778754107057,3.121273151398648
23,7.162866809382076,7.400098348292149,5.395828357698011,4.526378484768489,5.989420916160263,2.9706327167676854,1.3246849136065004,3.1663418929463867,4.033653189772396,-1.6560203261872446,2.1726747737557845,4.106469456903521,5.264619614817714,6.087990576097077,7.303198504832208,4.530792917626973,5.3236427097767,7.530195567857985,4.9703522968213765,4.456106375836158,5.835278727336655,5.938345925757643,5.335725759580695,6.472158887167785,5.032906832529607,4.85846860370903,5.773127826268597,5.906686102869861,5.9175463692245085,5.63397806389203,5.047678060373939,5.122974335219861,7.0245009847085935,5.4938959107190755,5.403477959526043,5.953605678875185,6.556783701819689,5.60861069407552,4.379345222082885,4.854709975057315,5.370300903340962,5.001699722836104,4.798285428047223,4.080711745994504,3.0469786957002487,6.2014671484514965,4.577553716901826,5.274358356598597,6.882190766693309,5.0422364088656915,4.212006109488311,5.526067530459959,5.7139005278747845,7.241572717961553,4.190647492554314,6.009722019911019,7.75477826071217,6.702359369317314,5.746390708858397,6.288000847336173,4.566913313234485,6.9472115809615484,6.21159809707192,5.8598832646830115,4.904329299879592,5.629397445821083,4.65987544136981,6.229768178059714,8.26771335545082,8.015777954615814,4.096908278400589,5.871067215676508,6.113000068998765,5.147741573900338,6.126260404020903,4.974082744326594,3.092092478445702,4.513114739038115,5.438685771320025,4.539672591882869,5.076744365050585,3.6881791120568517,5.606497248405462,5.052706698331983,6.124440711633726,6.499243874818801,3.8262291875290617,5.553440730480165,4.204419976161626,4.204485791165492,3.8361794843159176,4.849748833320132,5.451092281894107,4.2603010476043135,4.422450961967298,4.2525458707457435,5.417940468098566,5.709108448785364,5.922761096523566,5.060574929343855,7.80987409323852,4.509469085158612,4.8407669642516735,5.0620917429572865,5.10763112935547,2.883531684678138,5.122172905793494,3.9773095937244776,5.3508378491262185,4.318776915249353,5.126728934613556,4.312025475278945,5.639060506514138,5.011641073592104,6.500437864819848,5.397912011019949,3.635379550015596,3.2921630076072588,4.482590656699749,5.173990417223567,4.046856508440253,3.2062799823835335,2.2150845266878134,4.090686876987454,4.010624353303926,0.8618413282882329,1.4135009712015019,3.8419646292112435,3.2786688448278016,2.832050383415936,2.8186850947927122,3.643972018617503,1.6810908631921428,1.826918303395356,4.403677448360015,2.9648944609049965,3.3134691789999473,0.9787958898744473,3.603094715976245,4.461681260431388,4.684599567807664,5.223056161181355,4.366597883887345,1.2835963477625956,3.7833719518148485
24,5.276051264718536,8.332826609860595,9.501894881996103,5.905462063013362,3.4121011867073667,2.2590877221172785,1.5689632921635583,3.778539887793214,5.364407285983148,-1.1265666292520762,2.886781513924374,3.95636308499345,5.660671285038637,4.4972501886103045,4.766568545865729,5.681220467311813,4.864910619610553,5.857787922451623,4.315515777991335,3.925614505879568,6.27264897468053,6.821121875558406,7.207531949925045,5.548573073491697,5.575475320354901,6.522958938247783,7.111916267432162,7.070768710879733,5.238184041853948,5.1426037775927185,6.052565973190211,7.360028308371249,5.361184118877604,6.28204277517182,5.444468383550767,4.3502303520779115,5.680733496021643,7.435097705949458,5.195277207279383,4.237547041018735,4.817906579999796,3.699942364308885,5.8487152352658685,4.105234358361814,4.8710012237533,4.934468716167043,4.699545406081583,7.258429480116653,6.277314378425128,5.858751796469122,6.283737156957086,6.934774168617787,3.974632320897065,6.219658608874694,4.262574078476618,6.428545273653832,7.755731361357391,7.212033564133123,4.9063412785553515,5.626130657128668,7.4468364447630195,5.73875633243292,6.472172327152575,5.474080583567282,5.1551654870614865,8.20739819829084,5.777569515098438,7.269168011817499,7.240762689696714,9.404372230227732,6.372035430982729,5.254903140775255,4.933337754977541,6.11507081289159,4.9309412338437495,5.895099539665097,3.9359724124735385,4.602683558866382,9.359514911774696,6.018364313502367,6.023804558049644,4.653629836671743,5.429132251734909,5.507056097704553,6.117283938962851,6.64347689788948,4.663275107815156,5.538493885183848,4.414103247604147,6.2197547918706615,4.425555838946117,6.320255318985809,4.655945301454051,5.850983383208812,5.0444515127029526,5.879083707743605,5.533790630572742,4.950258144440838,5.939534237781373,5.849320807091823,6.42516599765344,4.494309240013764,6.471728712746003,5.902452122650962,5.987357417015966,3.6382391948958803,6.93987646266557,5.371559201517113,4.613795822300351,6.740384700731209,6.66392793345338,4.431518273024079,3.6667659638844032,5.264202810145223,6.654116521353755,4.550386370521841,5.894194895168047,3.9855861851674836,4.782588461436322,5.4455505235731,4.575663002597186,3.298871570175641,2.127201913867813,3.9238424747557663,4.102518921295765,1.2101562588612265,1.5984536634907012,3.793327948959073,3.4634743237328873,3.0741242786263623,2.9698316215968275,3.408725632341213,2.212805447459433,1.6412287381794268,4.12231856120358,3.857822191990125,3.444247252417181,1.1425424642334792,4.019860157885591,4.8178960135832885,4.855031413180436,4.744720850391909,4.237133919469992,1.5854134758998328,4.489065789148755
25,5.147147367796461,9.578320222894364,6.150640938469338,7.996636806398538,6.965962315952393,2.9982956478707843,1.526243297342838,4.312036552642001,5.774733508435812,1.2983245948153437,2.222375328362791,3.305737792714621,7.960881649200159,7.934453151756289,6.499983120064587,7.5124614382171355,4.106567632625273,8.938771448629694,7.415811047075833,6.375266468964222,8.144194879286406,4.820478785552337,7.193920495481502,7.108570767117466,5.7971993639648325,7.4075751311781595,7.381392073140111,6.7361724233113165,5.596105697622647,5.934664502021954,7.523603240015719,6.904761525855564,7.122264966707911,7.567908631614012,6.60562227741965,5.378694423535413,6.638964410008483,7.5584977133724145,7.445581028922162,4.4537774750394465,5.116860577671169,4.132503197105194,4.762489768393337,6.199295180063872,3.477499108281702,7.46071130380181,5.5897063686589705,5.783001449540599,6.929504089344463,5.632545726522737,6.317170161520976,4.863777276355537,4.448709633318017,7.316395732981941,6.373505283232061,6.584940516037737,6.062865979826923,6.4330305478621295,6.184766406936351,6.784364305108134,5.171924102509305,6.990898818678817,6.253483081150927,5.793090346097564,4.43589813259583,7.722479535899722,7.991637168586383,6.855285475097497,7.4191018203430374,9.580144679371518,6.77160100262725,4.639029627678571,5.8699804220543275,6.0976076655755005,5.516809399936976,5.1562487702988244,7.0994852202838885,5.145382505435014,6.576320509008713,5.991900848832287,5.218162501844613,4.860486207528048,5.4688242057482945,4.8776793963328196,6.653333339657939,5.4718851147189405,5.007219184061973,5.39124920852364,5.319349220842982,6.111650380074217,5.527101123629142,6.809360828994302,5.832175742253492,5.2852617995798745,4.948676815023718,6.100792897582135,5.072377295293258,5.547648228203349,5.094328393871689,5.441867839052652,8.87298865972891,5.216262268917014,5.843248738415065,6.397061207414771,7.0960294840281914,4.177177347639411,7.906718575748455,4.9260511727880765,4.5188424863372845,5.191778728885583,4.3676419265536515,5.569309189133779,5.589503585342181,3.8098847164983587,6.784423706261165,4.584323113381835,4.402339236724172,3.754876101297868,4.947950939043484,5.1775379889017605,4.82949794237791,3.179148289252618,2.584146327838494,4.520115359465101,4.358070940887259,0.9729588502112139,1.9583096363820562,4.248078167371766,4.192895406517554,3.481548625327454,2.926505332013493,3.63304109985937,2.1632298068268754,2.2094883838623676,3.909368854310631,4.063964423350179,3.8553396274664187,1.5980184465557499,3.9190880888747297,5.233101971286792,4.67776700576093,4.820689581092156,4.402167846646735,1.4056592263685233,4.464540489270101
26,3.707394185618105,6.377151091058498,9.349737626456843,6.23672474969063,8.651126340157944,1.7305678266528508,2.3898532963681784,4.9373390274258595,5.2600932937231155,1.51544315504439,4.013585475969142,4.9351124583563495,8.083928024179308,7.238979315650495,5.669677423716819,8.20044880664961,7.851920565941468,8.928395238714012,7.771144308281002,4.858411024915354,8.650115685665233,6.413017596063871,8.225394288158192,8.010592621003797,7.003006061084938,5.7626670079933175,6.243414788077958,6.914933675511796,7.797594131110437,7.495240296931967,6.946946990453242,6.204824056232333,6.723605490115123,5.996482464762856,6.896653447002107,6.138009363314604,7.566577200945712,6.029714078355498,7.312911383219581,4.786876328707585,3.7289225934712436,4.203197560437442,5.421905744105606,6.57433248186447,5.779504756103208,6.948802604236393,5.72443570058959,6.335864653869996,7.6906176049768105,6.606423455205361,6.54982560993947,6.443672683472888,6.557637089183038,6.786951244337146,5.828704902870834,5.4849391584944955,7.968163209805133,5.966966483358551,5.7500012836296035,6.569676402346733,7.752165622024057,7.769618879850054,6.426517023846698,6.499244427876075,5.992214376142627,7.0713133084785005,6.89813552409427,8.385999749110715,7.1610637029969535,9.95932986018886,5.991159854842913,5.78137330740782,6.657018816065756,6.775834147556113,7.1058881656874044,7.008011915295075,5.339493507126546,4.831592966355727,7.219797263923709,5.341067130837818,7.05409978899643,5.075126660584438,6.476281133890955,5.792768859216783,5.673940310678647,6.856004008333461,6.579184780731417,6.4717089053300025,5.58418304977934,6.748834021876615,5.6296728158970675,7.124506362351519,5.343927416009811,4.403062016470912,4.383102365742864,5.838098238323288,6.750659589083962,5.456944640129292,5.56032606865231,7.210656222569465,6.877224713997996,6.031435059342843,6.0774603993135194,6.7318077915859735,4.659490057780274,4.1399825798241245,6.224934265015122,4.1090777243185315,6.767628660674148,5.745509325924877,6.447358192588974,5.346414917520058,5.523868871474498,3.7348879333229874,7.125649458597525,4.136716951747281,5.860347663088506,4.134345620629568,5.064029585633153,5.228850167230699,5.417443347733071,3.521605335253402,2.9036975961681923,4.794211980653562,4.256430989161919,1.6680319635400531,1.875042111156557,3.832456561381781,4.322477973111879,3.4332294473132166,2.9664120637421596,3.295919341297711,2.48255849360352,2.03388727028172,3.5828194170246235,4.253810054319621,4.292070318010172,1.6419651624928155,4.592227356845235,4.950023606742772,4.9207088941524635,3.8222493827727053,4.73915551429352,1.6057879348977178,4.958461028787512
27,8.166349689272991,6.603864768093794,8.381632862105718,8.338857276491801,5.405832149007013,3.2459884690673393,1.7894753394974625,5.431706729255032,5.968322723526017,1.3574321708684118,3.5635362548652907,4.703895591663706,7.0270576400195335,7.0177829311475515,6.239124591773813,6.759766115587709,8.169504089280412,8.32350133321222,4.809677385524975,4.811784962305972,5.678565047942293,5.785682653767863,8.010855866521906,7.954848356760119,7.032513522445473,7.541450152460495,8.397430387561146,7.723834379271189,7.809190489584212,8.581274595239464,6.961040688830137,7.119302621987922,8.00527434273237,8.197203928597173,7.0175451518039775,6.525885103704894,7.720781932159039,7.4793628562118695,7.991818886290016,6.1236506828639445,4.9963374168092285,4.529922535086834,7.014796846583887,5.2729876973133285,6.203519925678217,7.218429503502986,5.287739002333469,6.951156544435081,5.7376570664247835,6.134649747473038,5.743491245407682,6.577114190348418,5.116530169035933,7.765535472596773,6.5648910394115925,6.246442806468477,6.461422782994147,7.183257881944096,7.566264826240861,8.263192059541772,6.205129227319072,4.98548191194614,8.047433561512968,5.03163052944814,7.068019240517595,7.562167731562995,7.710943822155041,5.84174867332685,10.490430579263442,10.455398264709256,6.393716974160749,5.164575837777567,6.31464601280473,7.030553874078004,5.848592205506307,7.656753832903146,6.962173149440291,6.71111284348744,10.4251432681369,5.0296399302878365,6.640492976676727,5.212897655055017,5.2894246566101275,5.568597027591951,7.219106381277934,6.790410706277226,6.917203787995571,6.749300219131847,6.220875390695127,6.993527025881856,5.528949694621602,7.540404898356135,5.7908018331800495,4.754131300452954,4.949717691284199,6.974078824702643,7.284519180658526,6.233366871577003,4.91997518308728,5.827216858881552,6.726951297718513,5.348892352420214,4.430814111729156,6.482637151849687,6.815259238114616,3.574415734290165,7.80583004894418,6.128333112738504,4.901954214705671,6.587884229065663,5.664630678135069,5.273015432815689,5.145683323220265,5.016159371583044,6.1083741407696195,6.806906775275344,5.7594239434784855,4.235278334980651,5.120128785497238,5.697519394927226,5.42905101343867,3.528328871732591,3.1050604492436262,4.807974825708841,4.631958047313842,2.2878944663956284,1.880518083104206,4.538968241063857,4.573803026578706,4.107182630830419,3.3964094249625942,3.3739490707223827,3.299722028694069,2.2222929886313567,3.368810527842698,4.359917517793651,4.506649949793818,2.275548792066236,5.091095825006354,5.169294219343329,4.684617771413819,3.706297089867184,4.885440785201641,1.8090054444215082,5.535553682260492
28,8.902839352697903,6.967768473466027,6.60580856881781,4.776532874868184,8.060838037269352,2.865258067020552,2.4471297869985342,5.5597889737937045,5.012609926388672,0.6216329640638202,4.603654180248167,3.788229755455674,8.81296660249254,7.272728656060254,7.3044648829576655,5.7995223713201005,6.080833091932313,9.533933038505424,7.049633158085813,8.182406654846602,5.590971726389388,8.118390611584754,8.376265695224319,7.483239298403213,8.06365841215365,7.651184200454905,7.827383082404844,7.914494187439837,7.10900828471342,6.922132318337398,8.267180034068252,7.1149514705707135,8.101182802704868,7.897561036489772,8.895695965791663,7.136969253740631,6.874894494772596,8.373575753526078,8.409824710700903,4.569044460034698,4.170891912636852,4.930012258164598,6.524589695069588,6.010708582410595,4.9988409301384,6.560595136458072,7.177008282678422,8.1326034490984,6.243462015379967,6.431503976296408,5.370090488988268,5.860268591096617,6.950391537050862,6.104736712251935,6.593153711802672,9.179184931197666,8.81356689104686,5.89810914469168,7.46687987356623,6.999738426644095,7.170724924631252,7.40195445444465,8.222699926111963,5.908646192761253,7.5861045377616145,9.108198023933848,8.854358929642359,8.194628928517304,6.517481629139503,7.027655047775759,7.787083792873018,6.361649697832921,8.014616435714096,5.362790677457557,6.777216598164167,7.638357005062674,8.319061912723114,7.442855029579496,6.886087617680144,5.343559205680312,7.20080297798716,6.9010064012573915,6.4097162483399055,6.543148812716429,6.66374883478777,7.080282700589858,7.368669419511762,7.564895128544725,5.050096748515953,5.836348862680097,6.403446180032352,6.473452754615051,5.9963541373004725,5.199888032263139,7.063202751190716,6.6007179783249,6.1665142398851245,5.490242616186265,6.097419510676623,6.407735473443223,8.424875006780915,5.827465613986563,4.804994362331639,5.5308621481341795,6.664562290845925,3.163977435528309,8.419918400654467,4.773348610793291,6.0775353125511,6.571590944122637,7.312443539336446,5.217926737104843,6.923414856515935,4.507509075845785,7.84432550076966,6.968558661320414,5.1672912253718115,4.773585764004952,5.537925253653247,5.717561742562254,5.907414262762374,3.696151844528319,2.9960113465213887,5.388008928781947,4.297636835243552,2.521677754833683,1.9015672068403013,4.3454755185097005,4.948501604223932,3.736145864630375,3.3168771738521263,2.955724089329247,3.5733755886548426,2.3963631707597046,3.0127307464209023,3.903058179723752,5.3614314165842405,2.137525311550445,4.624775005861676,5.568905347770045,5.285576937647582,2.4755687240084567,4.925969095270566,1.8656818950984357,5.488833906257689
29,8.816676974301032,10.655998242808451,9.219348110052792,5.866598303800382,8.510903741902315,2.5330651471642907,2.318440161672427,5.440536158564014,5.860254462824095,3.100012800441713,4.726696067406026,4.56100483710432,8.542750574369176,8.180975832124288,7.29938048286534,8.798617632936597,6.788754999894999,9.257364590222652,7.615832508762114,4.77030915893479,8.33999483401605,8.3552903824867,7.354388409940316,6.633479987701889,6.711486889934336,6.503057859748657,7.008071610623894,6.467953501915831,7.85540195800702,7.856341066730892,7.591476382198891,7.576906190749067,8.157586690887115,7.778815390127988,7.886521562642182,5.371442091566653,8.257690033806432,8.643377771335194,7.404123779492703,6.37920336169995,5.82491636915718,6.121788222831601,6.915387689582326,6.732252241088552,5.539202410877872,7.732550337088609,5.2908735472733905,7.649923259462649,6.8939762989192905,7.016572447632986,7.885614878341,8.911967074200401,7.871417394470507,7.199606495062713,7.597370569543569,8.465581049459274,6.8271236544784974,7.369490940815366,7.193545582165653,7.01490333022912,6.937556829289804,7.892866464664511,6.84216207679768,5.41977276995497,6.458854130646562,8.294987356591427,6.6297243008982285,6.819103703453329,8.786980099178495,6.679539134211797,7.323585992043553,7.2748857392110375,6.2640614991034855,5.974121493486263,6.850746185343853,8.547250920228715,8.088339979057789,6.610480411970289,6.063908254853436,5.496282746321866,8.126722102546694,5.751945668355317,5.976577672390124,7.047545805908272,5.9936122209835245,8.22632760662314,6.898917579674924,8.171081217962978,6.957193758635778,7.07767342382647,6.6184665285405675,8.153876539708591,7.328806702747473,7.730881712642752,6.11071429734606,8.583760867124955,8.211585102733167,8.011861375897272,5.439207943878146,5.731603860287939,8.44820522193809,6.039307389200146,6.939878790265191,8.406791618179613,5.141437858188351,5.128864427287631,7.692979332712397,7.21748004495535,7.347465799336566,7.9131041982355175,5.995509548547495,7.227187003379543,6.083748718070536,4.869355321397148,7.479443480728515,6.048868991803203,5.445241598263111,4.781783462869966,5.404516097883672,5.807266054927345,5.9123552976016445,3.36975807536499,3.1641183939552944,5.151154414712986,4.623039104261896,3.251855313582623,2.383150333439354,4.104982361259849,5.3544389845596205,3.992632219856348,3.0337437529309783,2.8127568120505897,3.4238738647840914,2.549895915712677,2.6787955307420064,4.303339692998304,5.525820293464199,2.5582807173503093,5.514943946225738,5.334723669510373,4.72240607053477,2.1537258966740644,4.481410166293503,2.0430965216961727,6.026960172736672
30,7.010706539239989,8.785030981877703,8.410494611903484,5.679186275262998,8.56960623006929,2.6809252101905914,2.870375012088596,5.489646480757655,4.9008346712160185,2.9880135230575053,5.48086320704681,5.883666169397034,7.965307052468726,7.014012716091248,6.762694750045455,6.387617034464017,6.624963465933837,9.339700916255936,5.1838350683066885,8.6745195767808,7.017701442563904,7.271031238351468,6.894680388182693,8.928389960382848,8.597948748983155,6.860131180846335,7.0444232885194715,6.98956132148891,8.709196305583788,8.55250028688133,6.933839679059008,8.792392318398235,7.959570293633619,8.714571287461261,7.321748427556146,6.0255541426464765,7.267220853754431,8.553755670335804,6.856224066602153,6.002474075718472,6.238006734994949,6.085833296995858,7.58500787742514,6.554227514886184,5.33601644791111,7.326534531617796,5.321109395324371,7.759549712493896,7.816577800675029,7.742693279348977,7.370411974752138,5.793176523930738,7.1211210864364585,9.436710377838835,7.897229919160195,7.564128164053417,6.651418601442246,6.205915781361579,8.216073332070462,9.268351914412715,7.2773380988628436,7.190792867111729,8.578137181896638,5.4349278404443515,7.982923206555529,6.711035193013571,8.813704367543002,7.931847697043914,8.335287140323059,7.330989290116871,6.752064330358104,7.086252107187248,7.3458600144457655,7.373625707169164,7.361800657553944,8.43510381193377,5.824593619334276,6.869760562810955,11.164874523980497,5.917106711260718,7.470932417980864,6.969888053764586,6.65625091271766,7.656963283551358,6.783348955671505,6.629242148715973,6.846749358961853,6.588498374410732,6.504154024887161,6.056796480852455,5.413596196666977,6.68015811982357,5.328990865312309,7.6662214055433395,7.395753944470989,7.08714361676939,8.266086645974482,7.6906115590307085,6.612246965186786,6.736108924450373,6.903575680837342,7.807878006190631,5.330760765785844,5.951202420728708,7.139526684053474,5.240156314380367,8.0230609473506,7.818999247297876,7.998745669626151,7.81658398498106,5.702719674650695,6.337917637580935,6.279967059785095,6.787014195187448,6.692104872450198,5.660364918833974,6.1532305428945335,4.880776736321167,5.307317027808997,5.525077898495337,6.281929476359818,3.6257215707174124,3.5716356608367583,5.316175580254254,4.143072390750039,3.2032427333138025,2.2544863289501897,3.9714422444287942,5.3624806962204845,4.285429155309114,3.2075782958988697,2.4537263853318487,3.869905625382622,2.739958037770034,2.2269991074474573,4.655962762077097,5.75693316909359,2.7230696074530787,5.634369265028936,5.090778256895904,4.742517454007646,1.4953501838468954,4.581162591736917,1.9955970995565,6.112205741040599
31,4.865930250353155,7.707984139998586,6.155764327958501,5.955062018483475,8.356773506907778,2.6564914882240327,3.1345061365103875,5.776652040476769,4.879243798408315,3.7240256665840095,5.597906301242799,5.599255498307908,8.600959442847893,9.710243127943608,8.714004130676898,9.547461045834776,6.65564912185364,9.612869648123729,8.281700066519745,8.614078234718756,6.121372025800865,7.167753896286875,9.016411624847382,7.879539738197044,7.254720856495644,8.953890905670296,7.2726972711299585,6.955863559677326,8.745230817596946,7.794508401460625,8.373695678178823,8.731490951200747,8.936487438224287,8.925399443401226,7.37826072160305,6.3334851251904345,7.001099098323804,6.988357223033414,8.644410691965675,5.114915788426109,5.132327002284471,5.893492934270611,5.967611104407709,7.105639825385544,6.831676590635504,6.223549012106626,5.3912890920201955,7.4771713045822565,7.307273936192448,7.783471980184716,7.973164673587595,7.991836315410595,6.790667382898557,8.001184686236156,6.3237730753186785,7.79541284539043,8.93315463100765,7.653882342959053,6.203770134494995,8.504016581038373,5.825829354093238,6.609137154718319,8.631261921357694,7.696640632950302,8.601619084562248,7.863405336035361,8.595633354471747,7.338818743013999,10.999604519522212,5.912432702525977,7.1124077464355135,7.441841851397141,8.340442874488707,6.439054801193389,6.979076208941199,7.607750886769145,6.274305385020671,6.195619267842518,10.67796365563856,6.139471641327479,7.302100241396461,7.004156859329454,6.055780163747404,8.099134066894468,7.795091786754661,7.292153724088602,5.957170359799825,7.736389702441273,7.083168087198772,7.213386654209693,7.461999285244557,6.425620904015608,7.587762229067299,6.70027355998813,6.722022529667891,8.668330342675283,7.860691182931403,6.1181052021935205,6.222670387615867,8.55622832255198,8.658658078543805,7.623445337797284,7.017532689419682,7.087190319210356,6.245865731110001,5.340211040317894,8.153214652730071,7.842516280412461,7.938040033914117,6.732631617318342,7.746770693955542,6.379685525160805,5.076740824488071,6.029179095923003,6.656068487904233,7.337952743907627,7.05032202624599,4.647298349228588,5.502338348441856,5.783173545422517,6.345800319793657,3.367238520389823,3.5110196278243357,5.7351504426910225,4.619180726152789,3.578059755915207,2.5418942159738056,4.3625961692237905,5.2832201731143265,4.12622284420719,3.6318871958397247,2.278367333749731,3.625114620977691,2.5089200332941073,1.8837785824947808,4.313132076249502,5.792322322648439,3.001227690913787,5.840575035896373,5.246059745368746,4.565533954657383,1.1980488451209208,4.761357362534781,1.5465915673907351,6.434036462823146
32,7.3043400546113375,7.719664206592716,8.601788436622725,9.43608538509988,6.063358063047154,2.1736817045572407,2.2582890819210597,4.908882949727142,4.540425650624645,3.875086440234519,5.397551177268165,5.299221818291233,7.95851519605519,10.049156611931224,7.106132014466622,9.581796105057776,8.210603944280967,6.459136800653437,5.516975621676585,5.706640578769274,9.76468292002251,7.622378857070303,8.57071302371267,8.731965319696473,7.405610976189144,6.9540108449507745,9.327838478013016,7.469530611326918,7.090148625981999,9.154067690771072,8.812802320477557,8.166155262512373,7.078294528312472,9.250539602292037,8.165058545705385,7.304823670155281,6.596725319532406,6.895029867763193,7.982479098333574,4.530495860721579,4.9298492588348966,7.360272834730598,7.496470156057887,7.232404456991735,4.944748505397037,6.45232489684979,7.57656216399009,7.505979447701847,7.67713515936929,5.936586741282344,6.363434735822071,8.942042500903952,7.872959972997259,8.335171711729796,7.318814519213943,6.604700318237121,9.293843469948104,9.11365513658489,7.446573112949309,9.583219275225547,5.876585401935603,5.4417068063830625,9.465239146197009,8.294366937618566,5.938438474313287,6.740179034288643,9.31902816877718,7.448448984380411,8.915848598024542,9.757709249137099,7.70660717694207,7.427460164102791,6.493780908093555,7.719448870200395,6.874015601579015,7.694094935827703,7.7251626057310165,6.611873146498376,8.786976757452862,6.178080700365989,8.348184055006007,6.655946239619574,6.2651765401722805,7.819374206399599,6.478045878722063,6.435554326669587,6.39961595185804,8.019011811276899,5.516052056109699,7.789397022928256,6.651747409113955,7.403314511977796,6.8718592356075945,7.520165935914168,7.717045183837779,8.109312697025391,8.514864668735402,7.706722516289941,5.969034649650201,6.861412316049529,8.674807858072072,8.096897515385509,5.329972720737847,6.30004823510908,7.495853695680966,4.7976070975766305,9.03372523156286,6.673046479675138,6.066293341263382,7.004910024906593,7.8372801165110335,6.390766934769452,6.569187826841043,6.779979719559227,7.526199487594886,7.587689592753723,6.965197376256988,4.66202988346996,5.657015070978089,5.432287946014817,6.216691415721015,3.1065947295773078,4.025644216386559,6.008887857990378,4.417363504043357,4.258966045495488,2.4047304925042354,3.9939151737266547,6.05256963226439,4.277940051180579,3.0185418119662364,2.182461023309395,3.641827550556849,2.823830580480147,1.413746345407881,4.3069545043182105,6.063779490543359,2.777001256479337,5.588685516379201,5.346664066549674,4.895446706213571,0.449073515419951,4.58641104084903,1.787156051402848,6.539140620348173
33,8.105990899028003,7.840079059594414,5.764357998652166,5.899116830048114,7.983080600034253,2.9557658685683936,1.7252659332351779,5.292501062417673,5.7545979519753185,1.5976931817376328,4.532858194278088,4.798856856285363,9.290099911982034,6.34950575892487,7.050259926337013,9.158025245759813,8.203124212218096,5.840815412073967,7.346465137934457,8.662071557018333,8.756834774813981,5.8487459811608815,7.678373869690471,7.291560932659711,7.630205790363194,8.574162265100512,8.850952435916765,7.803114116931784,7.528912988225765,8.470257674470133,8.466074889022742,7.099406707937687,8.398781590697453,7.228472518852211,8.648972778513,7.211279309093122,7.0728801158240655,7.116014571334968,6.7915361101459935,4.9848579402353215,5.326883328064916,6.875437184761379,7.075976420561522,5.655355599983342,6.133605727524536,6.707692034749543,7.123056264601479,7.124717445894538,8.096184862841952,6.723781841659097,7.822860786127637,8.387377437315093,5.842826929450637,6.963132857259831,8.701846894597786,8.144452283474592,8.590412900822248,8.693551521981497,6.844573084510522,9.222221353214369,7.340080836650882,6.179892146225755,8.777829886596042,7.7297698407716044,8.34923830631173,9.055323390840522,7.6083482677422545,9.058208082565704,9.777960894810429,7.59516199534905,7.673675678178855,5.71129250237929,7.855228461693333,7.537874614021282,7.729025990879952,8.31502088611892,8.13642612371186,7.55662822449951,8.302424467692347,6.203930158254735,7.098236004687859,6.4223956519015335,5.896731188395079,6.6545476182163386,6.369825179634996,8.012400232672878,7.479288679529269,7.2858925399154195,6.237323398348227,7.906349379925572,6.984464694922021,6.43114071370917,6.235939922552241,7.0090901609229235,6.70356958265796,6.317845622617874,6.710562694708859,5.300397381185312,5.769475344392992,8.320426026302222,8.688120339696265,5.9637993456640395,6.385951208069937,8.342399213798899,7.761155829004672,5.088862162602813,7.68630049331345,7.841487972946765,5.873236078313542,6.539066055092432,5.8825002611079915,5.865113398937335,7.123519982090862,6.862418432138131,7.573006825050099,6.68968768880484,5.26827468861006,4.766397168366495,5.118554256553809,5.044430464074166,6.362430217920214,3.2614607017573136,4.106491183592683,5.498615233603955,4.139124008230756,4.035128129150578,1.9740152677426546,3.9266867810203028,5.887389908386782,4.393440019442973,3.26135177071589,2.0234788235285768,3.8553715539488467,2.766909433839904,1.0800042176669535,4.272701900735908,6.1896919309334155,3.345842310364533,5.829166423089004,5.177844584436651,4.505159028483748,0.07986829338882462,4.032414824194165,1.4658121483596895,6.399321911128502
34,7.253991104504168,7.483357574096511,8.75896058774011,9.070489850679076,6.772755559964012,2.6481179241290733,2.9199224635761087,5.759905644136241,5.5895256704755445,3.244982694521341,5.477616198188159,5.224529348982109,8.767523666492078,7.523359296671305,7.508664053215391,7.345585845704957,8.36677812051401,8.563941698880727,6.508075605740801,6.923364024808808,8.318210410510016,7.74186976711305,7.77860039055635,8.245703194044095,7.123994816719132,8.606063112210395,6.934005360861539,7.491261840343468,8.460763606662468,6.9617623970650895,7.485856135316877,8.752959225481074,8.682268766746626,7.657124043730392,7.198053362869879,7.5016738925933595,7.0335311453063385,7.489906176686044,8.50949822087914,6.046354075600618,4.2325860102574335,5.107376082969714,7.016684631576715,6.517023781858505,5.062999761323838,7.0825334365349235,5.38505149542645,6.05318926654749,6.7517699760486884,5.650868545700056,7.753070367754845,8.179858986698404,7.361973012698801,8.400711383378829,6.636617808844376,6.340408837208643,7.982883434880011,7.031837182143598,6.310033019396716,9.544629804232136,7.657484022225502,6.994515580471448,9.005849931150456,5.505181409844726,6.943987131810007,7.509636478977603,8.384530181380219,6.551365384116252,8.058318361126691,9.518465228109749,6.531188848889347,7.0924736153889825,8.493688322349515,5.7578314681733405,5.684178649101133,7.173287081462152,7.861295969340879,7.266294105749739,9.888483910234198,6.610801290948895,7.691267692369289,6.868894689048634,7.280051271569097,6.464754322333062,8.290352032350734,6.009486366592193,7.493881412535088,6.839838398949777,7.446739718515305,6.204642566623064,6.111177333774698,7.966226317109053,5.401829830771271,7.6269929417672895,6.141631226672441,6.9862682578616475,7.09068242584734,6.116554957304684,6.119163287824849,6.747638101596428,5.190241176441139,7.083417545705002,6.948461940404116,6.5394114729954245,5.5155737614185485,5.31152913629015,8.037859924993647,7.402624102000718,7.897593706691145,6.384313748670802,5.847927099822162,7.461344176049289,6.736845448367928,6.936869222830358,7.8713812049161485,7.083602499877806,6.900892749980951,4.8776424094428705,5.470575176650888,4.77577602817814,6.142486624919382,2.929308282285256,3.6464194788180464,5.595393236623543,3.552907954333256,4.485284560762441,2.584667918558632,3.717099482525868,5.803657204463342,4.077496718961216,2.844668935162029,1.6320681237810963,4.46942514661931,2.366062999556856,0.6085159266032055,4.284062193175023,6.458442420070183,3.344292725689141,6.026533286394697,4.486171888793457,3.982550397950508,-1.1904122265461377,3.896543793742973,1.4377953283666765,6.314001687369564
35,9.486041871842279,9.442165098881526,8.330445402302061,5.113314301604469,8.620147171653258,2.589513342499663,1.6220443019149107,5.701506446685806,4.398479913213205,3.1746648751723185,5.961705348634347,5.034007391086138,7.829674740723389,7.6470552468079624,7.737460262776487,7.790455525579661,6.392855873092338,8.431719063840019,9.164307177231574,7.045955396328727,6.663221651259973,6.0706991500729455,8.050368553859698,7.162505832786911,7.381327078041495,7.006235657555858,8.923839581581497,6.799612273723006,8.26952081399638,7.656043345317968,7.427005866841445,8.80197688297602,8.49243491076101,6.708490432808252,7.762805762915322,6.372978899101484,6.8702728665517885,6.361836465322028,7.23452978194915,4.972038027217326,4.210310898920527,6.978446935154589,5.976179771183786,5.45103916154826,5.179417742901416,6.251158685769171,6.185981024547116,6.569790462693707,5.8038831272285165,5.88122024620151,5.579598800029678,7.743042902094011,5.718926711887151,6.720214436109944,6.7755397418757335,7.722327976780921,6.231698678192238,7.842005981446004,8.277605423479333,8.655588646464274,5.918535393382242,6.0355916177098745,6.615686569709895,7.907029885982475,7.711276375462643,8.137078372592887,6.369807520881348,7.531766560852288,7.522782685193832,8.84223481883355,6.465632046954224,7.084047636245051,8.195884194744696,5.958348254685202,6.580181390777234,7.851300234921914,8.216513549710594,7.335581273966367,7.451787632198109,7.15839808998651,6.663691083198038,7.111662779378235,5.237383697867311,7.596708303976994,6.7751793140670795,6.236978989873467,7.761008712992003,8.04377679572937,5.436417324015197,6.346661656312714,5.942345597102989,7.721924490043461,5.879506591544915,6.605983787602605,7.161941675712127,6.454562977460773,8.130777433716768,7.293303978801862,5.587560832760385,8.185631357782732,5.065230957720246,6.021747387630127,5.026442248010811,6.037204097517049,5.3492656645492085,4.728718699223065,7.132933157962307,6.514576418553967,6.847190160734669,6.794599910648223,5.504541083394585,6.345168963782369,4.986345068813803,7.243472815374851,6.613868344857766,5.072754252356567,5.192894050078522,4.504110727413166,5.331794196785435,4.974552860562318,6.385630754965465,2.6208943227102344,4.216918844385932,5.5912419132320395,3.339731328446748,5.063725575225989,2.328330504170861,3.488670585720097,5.761754844871524,4.072094987658525,2.8786199178970264,1.5609300214662016,4.039342369454593,2.7703152614205977,0.12489131820934761,4.202927456448512,6.203145712082818,3.1807938125750694,5.711977932612355,4.353008155200789,3.925249191814636,-1.665966517937592,3.771469709269589,1.638365813966433,6.341450474909904
36,6.243888563096253,8.61870485398207,9.246832415679716,8.465168643855701,6.246757355436451,2.226054131234701,3.106228281138814,5.812482381826452,4.549691781832713,5.3712392407681175,5.992177581784206,5.682794143631105,8.992748487105871,7.830938231260179,7.071800147017511,7.616906289893791,5.58258495482197,6.722420465952312,8.883494548399446,5.644527613452686,8.174327137770344,8.521313444387836,6.680701459258969,6.781242476032297,7.816192534491008,7.352223231768628,8.20904939580034,7.818600258923861,8.528186761214014,7.987681360154291,8.746997322787841,6.792073131760105,7.524853883063095,7.928432409753815,9.098891907709202,7.017589544406844,7.88764400804553,7.900732750684568,7.391752169461766,4.827272582977595,4.34521827133899,7.418898652994958,5.871353652045909,7.123979011960882,6.329053984266292,5.759413823121506,6.14688586496142,5.487259722247599,5.371142207321709,6.791229924725832,6.100550760191165,6.874909983736234,8.449852753758007,8.044502919070156,6.100922372088647,7.824747202547765,6.570904061092846,6.250359504983638,7.67639957116185,9.152440718227801,6.7808531616656635,7.776175958351256,7.041400783408913,7.148408339832068,5.9387644546719915,7.147174454731694,8.618276782774185,7.235365313969152,10.557184246507834,8.833543561290508,7.654903532989573,5.817786711428261,7.494069121952379,6.7893884085283975,6.118938468272291,8.562564281928886,7.352613231053087,6.273022688115208,9.451628426017388,6.959392726180141,8.18296981758483,5.847048836055818,6.9532086904870605,6.817793267813077,6.682914368356211,7.567534467615413,6.328472472916706,6.834512466597925,6.7631408674145685,6.424144517697597,5.942136621350329,6.2462127015004025,5.092566066229432,7.95166003363042,7.709839879488811,8.766077239332631,6.0396004333401345,7.131788401887462,6.3275194224743965,6.766219405357727,4.8820487524808724,6.549974053845493,7.059618465090356,8.003405954428857,7.319443454832049,5.266002933857907,8.75861168226064,5.933769852063826,7.4798686418712865,7.22850973521566,6.366969626604605,4.815621523209148,7.04752609283349,7.08135509933946,6.134103976707624,6.642828708149402,6.162957667621893,4.4499076191623566,5.141473329532334,4.1691093959495165,5.945825387285237,2.643416170783682,4.198425700478626,5.586235652235681,3.437616685944508,4.496346951265526,2.3990806458328815,3.4601814028391695,5.712607669865137,3.875693506538839,2.7184200345603564,1.1670363837831963,3.9328863141623933,2.595383821423993,-0.3111612547828474,4.010950039537893,6.452523483717385,3.4937901004258993,5.911231257827419,4.542712616998351,3.7545579410306233,-1.8558053760812936,3.660599320812194,1.3643058064483162,5.877883339618772
37,9.261886712811084,8.579452353644406,7.153479895164,9.558475251057498,6.2959308731025,2.612221965893748,1.3317195491020741,4.454819788098016,4.824861517441822,3.785676258760329,5.612679871851794,5.230623427074116,5.825760745784795,7.034442795268379,7.479315438934373,7.023739960086685,8.52014027067571,5.02672826214354,6.702941161101979,6.673145190144275,6.767351223015875,8.55697660964849,7.536134825117905,6.711712009359379,7.172811998140364,8.338086489899494,6.502950586908629,6.314022479096892,8.396281700164792,6.555216284941743,8.471305262110635,7.934920084327396,8.472507669801635,7.04673764035575,8.884197361997893,5.509162258518676,7.700956239456605,6.825395340065707,7.005161069347833,6.0461959909651775,3.8259493213925007,5.342072318461678,7.227102036216101,6.236529622215788,5.978938502421766,5.2529747609755955,7.239527958131375,7.568044829784268,4.819217529473191,6.397898071658558,6.422479490099608,6.025674738358673,5.567502689228175,6.3679009595274945,7.675369239231399,6.519455695633849,6.7088022669118,5.323053328048742,6.808826157513437,7.710273171700169,7.136893977801675,6.1664772659093465,6.633355338085998,6.4335040166910265,5.106847378913321,8.089311743177682,5.760215259752286,8.463996581220771,7.6567501502178335,9.857878890134408,6.391878541292253,5.027256897110105,6.042968140022172,5.317771195035228,6.064827640904498,8.04848490379411,5.849335666840545,7.6001978968923485,7.232144520400997,5.214924344161712,6.34536095767796,6.853738476501058,6.368701961107032,6.3922753318356875,7.7427564172944585,6.8557098146211795,6.054934974839771,6.10789218813484,5.05907340854562,5.6645851040647655,6.482901457576588,5.762888698290155,5.112199277548873,6.633755380522617,7.04712372779672,7.913574357205341,5.62051159201116,5.266669959864896,6.385661629941266,8.417277698987403,3.570009827532971,6.440958690547983,4.518218286605064,5.663998432537208,6.380728313108991,3.9732186321769247,7.117560702288266,5.541500054298399,6.456894806654591,6.883135961500003,6.417842249497696,6.515665627923651,7.392794210125218,6.363432269188356,6.878189891153027,5.889907887996115,4.64426640252815,4.348924565470353,4.830867580293639,4.100756834045748,5.912149223034442,2.4897385405697614,3.5854007945877977,5.534185098363268,3.0506625251479624,4.698630295319508,2.2420320025762903,2.769408957061473,5.507565460590038,4.078679477357247,2.442133748007792,0.5672144727855084,4.454530981017439,2.020429936454053,-0.7624188626371913,3.7882218727765102,6.016280354727495,3.3185222104500234,5.033849067120155,4.260203119754086,3.2993341867827777,-2.7289756226099646,3.469331896437839,1.4788276688953255,5.989443308470398
38,5.7807923522850615,9.436293115780789,6.916526806688615,7.199506067393795,5.249422666947038,1.9654373972951413,2.3312128120332423,4.141521585345183,3.9931185949100976,5.399486239990426,6.293431672726966,5.064975565594139,5.369043935202183,8.835861529755167,5.342605521677837,5.5491775537145,5.996847558181905,6.651511576984057,8.846209694447063,6.303765767962782,8.246077316099386,8.055476345909225,7.291366355886675,5.8551510429519595,8.25811459779333,7.812001060550821,7.052362879489399,6.261987874260406,6.714058283903038,7.150180044030675,7.196957007254136,6.235928926167616,6.301016445996991,7.817985697329629,7.687386536231102,5.9356947630871595,7.654936947978798,5.829643950603494,6.214879348591893,5.001623648350215,3.810416985118245,5.330730920759013,5.435923086691885,5.447984402755781,6.03412958374589,4.907525422222968,5.7746697825471776,6.590297813771388,5.333004031005588,5.186399130351157,6.3055721130237155,8.131631132889712,7.059355893670968,5.986990485488185,8.067323827585726,8.359931473978127,6.940588817829438,6.927788361183964,7.1324110642304746,6.283319792837358,6.467223066614154,5.235891701337408,5.720524588535607,5.893585427406759,7.08350223563103,8.219269360633417,8.191623483389199,6.7089650333919355,10.220112772167715,10.084824849705385,6.92109895772889,6.288019094553805,6.3936933367193305,5.9772691325699245,5.82011925975133,5.974973747692553,8.133763046955668,7.443809519690138,7.346137978298448,5.72507176551358,6.798704414726603,6.616795997413909,5.352705644503597,6.519818605996093,6.3239949830577356,5.708591036721048,5.379706132009748,6.079716222114223,6.493906588685567,5.912353950757615,5.528188015373009,4.735773335424309,5.691804421937192,6.445692868574934,6.151189826650317,8.326356041218666,5.2701742030525764,6.608008121445633,5.968214446482808,6.722679042844836,4.370305104632216,7.692127904164195,5.374781211328012,5.702122313001804,5.898313071845156,3.722116218256025,7.61419783398395,7.234803352286045,7.524669917948499,5.0200396304952815,4.773975312381838,5.87288321629594,5.219792345791947,5.722948506352601,6.750154631340828,5.112748635338155,5.1046835301894635,3.787483512276774,4.622612892408034,3.8020734766442135,5.445165436962783,2.361556919809148,3.691140613216397,5.158406368107404,2.5012526018797856,4.673517742656829,2.153170456988202,2.645741788744334,5.9919651401956315,3.425712699628223,2.2141676501378393,0.23772121300639515,4.172724295029581,2.4850141315639362,-1.1356417840928525,3.614050370738653,6.190917885621118,3.4196788607416284,5.34036630851477,3.4057306183556677,2.725981263352289,-3.3930654982855826,2.9031591726814554,1.6216842510169973,5.720580163968461
39,9.064890162019946,7.160911220165607,7.936351924037503,5.890091736575228,7.813058351703285,2.7127066674637215,1.3529606551595443,4.748336729959363,3.0315398981064066,4.7011121801834435,5.945725116487008,5.293797322071388,5.107233733534265,7.737019970169028,6.612828968143279,5.140008216618288,6.547662184640305,7.762518738681763,7.607739597573101,4.992351307517661,8.502743847383968,7.4050650772008115,7.484725019952901,5.988497880141314,7.954024172648385,6.735422031840986,6.711862493035428,7.844185764213629,5.869918401527995,6.478496604997343,7.324781336506839,5.791574245165134,5.9703836378194035,6.406916617217773,6.154396136582339,5.876563034937097,7.006985900730715,6.59529165301311,7.8565751798849535,3.7650662646586657,4.263207429818582,5.034097686173089,5.51325018074636,4.828684335328062,4.924090738595255,6.153784226946755,4.950613598987319,5.734649672336508,4.549698056965666,4.724589128710959,5.494231551299637,7.429687823909145,7.209067706174803,5.886765048713019,6.998932269058898,6.290364831121877,5.318231702994576,7.214621114130036,4.96893872305921,7.731211710973254,7.372217353300423,4.192329456348934,4.864794979945989,5.6761592516925035,5.765176521099133,7.2537210634762905,5.532059127988306,7.437734248179078,10.281183987677913,9.327137102487665,5.656399957021612,6.503699563691331,6.2008389491775775,6.457935885608778,5.513108897948352,6.002086572031931,5.931094912055359,7.247780209097135,7.510751571361709,6.417403738959057,7.438428615605051,5.83270000924306,4.460663044611703,6.729136217220292,6.077111676541372,6.012299651240443,6.159215728527567,5.774871099504788,6.7189170379760075,6.4715378664866146,5.867069686748397,5.433857356136751,4.7231272991951005,7.639545529564881,6.917897538377149,6.272923892401941,5.845396637237188,6.097377072300061,4.906804168194937,8.194952031505292,3.2198176384985677,5.6840006489340675,6.284553433667721,5.564149454170802,4.260169856880344,3.6533468245728034,6.2702431184183745,5.330305536025859,7.163718054521793,5.519991335213259,5.619031946886134,6.299588300591597,5.331050197528214,5.660530036777425,7.646937502696584,6.551187218825564,4.1724825930867855,3.772229366198148,3.882125028954053,3.085111931021111,5.76598610119089,2.241316549664737,3.9821505970227413,4.539473068218187,2.5344601985640183,5.594166740618198,2.057063057106038,2.46520239582903,5.294982585803023,3.889572447732797,2.106060249253768,0.33278489345274725,3.840772869527221,2.2468107915270537,-1.5079510379735341,3.138186669790562,5.427694231989581,2.9766333605915207,5.125139702761615,3.4915179464616615,2.4726354867718086,-4.250009085948547,2.6095836317003673,1.3471862375828962,5.394099626466063
40,6.537579967182138,6.9014607731425395,7.92976336787282,5.5150028604160415,7.675427883051283,1.1276350625602385,2.6527217476096787,4.018961222918668,2.959805987473704,5.161018915180161,5.7641942843140574,4.264637399169185,6.411541013204202,8.945615768944066,6.164860955040524,4.605414753611366,6.714780935077335,6.875900489160431,7.912317672224296,7.384512834941747,8.63794900732176,7.12771124986448,6.794207592037338,6.170709493230594,6.724767921754565,7.112529225741681,5.393657663344727,5.60851579260932,5.9445485846254025,5.805908617877724,5.7966379717048815,5.650338475447643,6.083671104993389,6.3820185606857835,7.069647341231403,6.30589385558496,5.414019261680903,5.0813025735032955,5.8115145118761555,4.564428604567656,4.594816866165622,6.824711451528451,6.459264560084803,6.362083461790078,4.279903291475585,4.7492119183889026,5.390291793721899,5.6273517142128355,4.774110751461405,4.396725639292908,5.316671212211975,7.00236417872415,5.066831978938439,4.417247782048074,6.431728144568317,6.949402653137788,6.964027537476198,4.352467270409508,7.056224937811684,6.209959036408659,6.875860365809795,5.765668359791631,4.717895548469463,4.597331524844119,7.104040608474875,7.146240420440709,4.840840351739304,4.720660239243058,9.28926942288289,7.791750761067055,5.288384021324962,4.499387036577128,5.6395091397019765,5.101686521591803,5.906719154698997,6.965220410772357,7.834403133080741,6.503237075231954,8.732059994755588,4.575757105673815,6.060719976159268,7.1511345278631655,5.98946940592826,5.649553446757469,5.987615053830023,4.689417288763269,5.117435254479686,7.074686173233916,6.389352763202562,5.234847126106889,5.314124194590851,5.286211789020066,5.372113385617814,5.7567529388891145,5.72297954352176,5.9106239589284755,4.5193971445253265,3.1660431686258863,4.191264347065079,5.716129555153189,3.131827698962726,6.3707231984017545,4.2507771515613,5.6042589851638365,4.202111554869713,4.262570718634873,5.4952721043475306,5.521418023982967,6.608502169464692,5.370317211485923,4.7816073962278995,4.124548432774848,4.198704223114814,4.721546836283079,6.844671468328903,5.1403489464797065,5.710470925586352,3.652847939070387,3.911698102547994,3.0690860901974037,4.9011441751513045,1.7135561088098197,3.8426446932330593,4.406396950263724,2.4163748131972884,5.533505434444525,1.6745990423482837,2.4448147445648285,5.406338721508579,3.1162689733361724,2.0663244127634055,-0.26914179278337924,4.249071559691197,1.9741986603797048,-1.9585007933891965,2.9538649270889574,5.808744974966127,3.2257876167303694,5.193581970998852,2.545132082872984,1.9964409672425483,-4.782273771106974,2.2102670207061856,1.7421731318938471,5.398912118635397
41,8.141520664419817,5.585507758269109,3.740849042494998,7.622345406867622,8.436085431069998,2.316367552834187,2.149170586814895,4.836369071220524,2.6652541448322893,5.4531389635296454,5.850947960657294,4.725763523858282,5.580209679231547,7.086073886263259,4.259879823196906,5.04829239179721,7.257141423356485,6.360891411315764,5.513076809490407,7.306887339532128,5.842755511004144,4.185094387346156,6.739298899244835,6.4301887716277575,5.131279374065533,5.309887309007569,5.430312686784827,4.760404741665345,7.126640606578325,5.881992478679264,6.833468011147652,6.411440146796364,5.936225913578629,5.164019974522392,6.9241236664544115,3.8565768860388623,4.89026353334428,6.764526697487854,5.03282956179543,3.338757134540107,3.173035700701106,4.824647261759748,6.760455095683719,4.568931501972591,4.456412280754401,3.3114667568663827,5.488996480494621,5.345125891466731,4.787558854247706,3.9851959442598544,4.174178316926943,6.694458236152035,4.181531329148635,4.326858653260738,6.677321653683748,7.2459155210876585,4.41356801226087,7.000186737933569,7.291566238063595,6.244247787519942,5.611834739239453,6.31223088108589,5.697296618736765,6.285923659944541,7.027626207242408,4.986692845067302,4.47432793001201,5.332586113650425,5.082071477424311,8.96946053552153,5.688304029603175,4.984927411094991,5.70089039381283,4.171404428819502,3.535467573557184,5.5261233859361045,6.4223908029298,4.968918492826196,6.182554936247669,5.578612705368506,4.7993204346163925,4.950367620582494,4.4076559807296265,4.821477643095356,6.3163977684809645,5.376496049444216,5.844548948548924,6.337228685917135,4.835886040256994,6.511252002839651,5.38278009436765,4.727392238678286,5.458933193068981,6.568747537537225,7.113219384921856,6.730204502972747,3.9601310597072867,5.533142614229976,4.5470937663055055,6.217332777526941,5.637061572381481,5.674782334775971,3.9988476592100977,7.076433673923616,4.712187244250451,4.906628244879977,6.923307617580447,4.738574417603398,5.496264651415761,4.605417821254534,3.722953745479101,3.386148065311785,4.593701225331968,3.6781680398719763,4.9108526217771145,4.101098722393091,3.3766098183796753,3.4088860227694195,3.114059087086331,2.7448681507927337,5.0939787800723515,1.3502551562561698,3.5415551887308605,4.498289192406585,1.9672456700979173,5.014384982642401,1.8658995612603075,2.106098926450971,4.969387913826383,2.7589732321187457,1.6945513093480224,-0.6340221204936731,4.066355037044309,1.9078625559414741,-2.3744697566761563,2.594481739962399,5.1069282798162225,2.8504908340138333,4.816065341482065,2.6957052082514075,2.169910409584096,-4.669695630261316,2.058559045262879,1.5604476974517594,4.9031464891500915
42,7.875570707899712,6.060701152393072,5.161625419321535,5.5479448089822565,4.743509889555935,1.4162092540839226,0.9583006497082163,4.536488754832091,2.7777411469038435,3.6305649309063774,5.987210308223839,5.046740566461027,7.403149442938339,5.605803090415252,3.814578147040988,6.243625957228192,4.089560761826001,4.089518709244034,4.826933362285408,6.505652611721058,5.7098050225843116,6.414808827742962,5.734942500619842,4.53593123175172,6.772095204522527,6.0344617246697725,5.908708748132836,4.175136501877859,4.478280390088534,5.247673918273437,4.474330959661248,4.983362749340801,4.862615304405898,6.83542065329026,5.43143959645278,4.104820806625012,5.289752681966286,6.101893377421129,6.013689469329239,4.263786143909549,3.922950075756697,6.1479767956781926,5.679859201426338,5.487096444245848,5.4795623952124055,2.7926135454709815,5.0731552746561395,3.2543024908231324,3.6927065141445192,4.2816403658384035,5.3158522744954135,4.577600182628233,4.2977380952649336,5.691631203581608,6.369675260776441,5.164988049143354,4.043346765122116,3.662440807005357,6.075815905069517,4.9424684000924834,6.3659726084400505,4.784246672628912,6.391999138447481,3.6635433782692703,6.110391958490812,6.247975179733787,6.47957316557881,6.584961298155207,8.33015087878012,5.316496940297048,5.134335977822439,3.4805053939956982,5.015604677768783,3.5328180381829357,3.439266280797988,6.014729354677254,6.482566863828671,5.354032498102735,5.890932352074669,4.424859209330804,6.253912437084474,5.788892490584489,5.226073815035754,5.645860194253143,5.4993958050424805,4.7987500672737395,5.936971118411232,5.1217692550460105,5.850910638913589,6.004444022812873,3.970955078356926,3.4673813702482885,3.610000137606484,6.526786819039655,5.127614247314413,4.665238884022826,6.287797335653704,4.258703727315784,3.518572392533053,4.483609040868768,1.5213693115392284,6.804422704204628,3.468880445913897,4.268529265568598,4.4989998170255925,4.009330165378339,5.876260564544117,4.4346759087798855,5.465163640842028,5.547504227656374,3.519724533281729,5.0923820405606826,5.2972203651882275,5.9598452909393504,4.866581527172885,4.908546396268081,5.5827237748988185,3.042951036977482,3.2755153444377694,1.9719207284471834,4.383451374444153,1.0228480708585486,3.168567975091258,3.640901904550543,1.5065599655007242,5.507118384958705,1.9960189460398032,1.652960719809946,4.68328144049873,3.0807658702363243,1.382643037301503,-0.9704227173401972,3.449886656315246,1.56242500981191,-2.697830019356616,2.36287696606222,4.877655227011679,2.7449895188301245,4.460981822727625,1.9964579658745567,1.7702652161467602,-5.027338730903983,1.5210536443831626,0.8772266797844464,4.761480949663449
43,6.304087019638532,7.136637658892981,6.571552564908697,5.033682901124549,7.866017194839491,2.157596140302082,2.1767795584110923,3.94605682997389,1.8460543626493409,5.794788874811167,4.966936226849091,3.8978965832906023,5.7701769506558005,5.0325736719152445,3.662859061423344,7.07372761829677,5.79239338786822,4.680123454927903,4.237069888019312,2.922876115697717,5.275147860123164,6.415427320390441,5.1133812780841845,4.961177920552703,5.518739693902696,4.310231165745732,6.360047799298922,5.547532727780247,4.326225842799881,6.172192584425298,5.31259298191333,5.439393633559412,4.317193183167871,6.162756927878437,5.99762765262297,5.31108748639935,4.154153287866777,5.592179362140961,3.9802861701401286,4.4262331963068915,2.2703872115319643,4.204194748518054,4.795764608408803,3.6874076200084946,3.7908618531081406,3.8513810734907024,3.2058962080093982,5.1181156039563795,4.348288419982028,3.9787201374368255,3.2459411666800895,4.365758911726966,4.785264662613026,3.180445369516376,6.583976991290725,4.485130337742443,3.8592892514076635,4.977887273136233,5.800689603430709,4.696239106264989,3.741712843252065,2.8408671079980707,4.951850998202804,4.282356007613884,5.883894610893125,5.984396818402365,3.177858515941824,4.082615921426167,5.906281666351519,6.50093637720026,4.209141346872507,3.3165029150797927,4.481542497906707,4.0955542440506685,4.592408506288049,4.1481860016787335,5.610980256722208,5.272974369106083,6.120929310068352,4.844563529259353,6.002166500709756,5.9551232238655905,3.573104734762936,3.457604610853569,5.163942594469321,4.121851555351511,5.419525184495688,4.169849596307992,3.604881031293123,5.09991162788567,4.666469268536224,4.302351260576907,4.35478436471647,5.886038362405847,4.388383605698594,4.093346490218322,4.63916957002454,3.867597003724776,5.010849570475868,6.256043796624664,4.1706026734875685,4.918706280190911,4.86824752450709,3.974915118168762,5.165215769387666,3.7771818412979563,4.4020958980688425,4.974631405042256,4.68769074912835,3.129491369401204,5.486799046988338,3.12499107002517,3.022447659546367,5.05666672651129,5.095498837110646,3.729734634406226,3.3066331658857786,2.299007197050527,2.2400435377777597,1.2353438386200775,4.271888388912722,1.2488163988737595,2.9867066548119254,3.227575956446992,1.0163196052420327,5.165237991113172,1.4733978885324757,1.4181041096186087,4.321859830318269,2.760705180995743,0.7966529207909494,-1.0837840397678509,3.1815266917074947,1.4493686905206333,-3.0440655966610572,2.13709510218536,4.701881505383426,2.649926297371481,4.048891319428276,1.4435173230994638,1.2256210977982107,-6.19836386759801,0.9606001149455732,1.040951543610571,4.3754742965402516
44,7.883473248519968,6.588345175519645,3.182674123205107,5.398285722813037,4.286218387605263,1.2006095032193445,2.1154792437714907,2.347959763099985,1.2442344431224943,5.608919046100606,5.82647910170225,4.265729834024226,6.092648005632245,4.863681745426858,3.524383399069167,5.661279186403429,3.0865269721927167,5.873462249580816,6.138947318256523,5.300047715521302,4.4346544887755375,5.204076292615007,4.050062801195012,3.2877263540876855,4.434931591745678,4.625190174988701,4.996405373167413,4.027498091605755,3.3764688437798465,5.443874215157145,4.173876937292816,4.831443143521417,4.081754277984085,3.77589675144889,3.8836450982483464,2.5367085169902404,3.274354971241547,2.9418565502213623,5.4934704993321075,4.276780544404743,2.758737669228214,5.432945721313189,4.264014418166627,4.187203067372531,4.849418069769711,2.321408183254428,3.458845628446255,4.482636181426193,2.3723712175128635,2.121373927637387,2.910500473519538,3.386870331015184,3.6748527604119077,5.425619023591128,6.057261462892026,5.254731977934445,5.967445205884573,3.1355628713472448,3.152352252509462,4.915528708442521,3.395973483944923,2.7188020895075287,4.879814196493447,3.818166844512719,3.504959880323133,3.6126914275788646,4.341104364588859,4.229399008492298,3.484714277749937,5.400116603275022,3.7915663156757486,4.709479352141928,4.098628761161917,3.1736140179807295,2.350990612775749,4.531308572049492,6.625088693728319,4.263315256505705,8.363567260661107,3.98933687384893,5.394353376418033,5.510651220734122,4.683931008721514,3.1665290062179423,5.382389750569328,4.476120402347926,3.2864508138873925,4.269711036001299,3.651922052064766,3.697994933429198,3.690715691833533,3.5186274019666715,2.501238355034416,5.536902919878465,3.6089465320222502,4.662314399099749,4.692108383914273,3.731557750174958,3.682559673055042,6.036290593865056,0.6414483311744867,4.8726968259094035,2.9766671565450906,2.935575573741298,2.5247781856761216,4.157017087573633,3.8291885672392074,4.813559656462086,3.4900048158685295,2.586969919248879,3.392066929511525,2.886369385865269,4.033625773822757,4.219999978032541,4.445316862584919,4.113656708138664,4.515170074168363,2.3870309598299033,2.3239616403036036,1.3479714589522769,3.5885638390591943,1.073093320566842,2.869268038399463,2.92991513816069,1.0066993060864458,5.080418957168187,1.2121330347121944,0.6669997963140591,4.128463491296538,2.099853071208016,1.1298791821903067,-1.256384930767405,3.141023241702225,1.5809140251415543,-3.4309226296268402,1.7236998388597042,4.394370519859067,2.690844453943525,3.4880573417319094,1.0780524453046,0.7349466637906547,-6.323821853043833,0.2853714486171555,0.7219822308036397,3.5656624762602793
45,2.686011842718234,5.008275163428649,3.588175771840068,6.165184542646456,6.4725304280963005,0.9326051435441629,0.7007017236118992,3.456067262182944,1.8265755973635986,5.917644353696444,5.4121635329401006,3.857247168599022,3.152017610925701,4.612773500629432,5.487866809736007,2.941280618209697,5.764676593725467,2.9859529127118,5.175260993333726,2.6686225886045403,5.08005644696746,5.887270913788674,3.095643640626904,3.5493945983576687,3.2166621474550765,4.589120240596821,3.890713272182339,3.861298934259266,4.992954747243574,5.051363824579485,4.958313827000685,4.961243018142682,4.034308987277579,4.138220365729085,4.511779432938221,2.3126168684797803,4.151996884101521,2.99085976770403,3.0473097549684462,3.2101977278349647,1.5493728302325516,3.5039093195982876,3.1921010424328196,2.784449799625391,2.9750764587053387,3.7089431227076446,4.365370071475203,2.298979600594425,1.9155314523632876,3.2009429650312935,2.9299875034972125,5.175365627510375,3.4759056125353376,4.586814184158061,4.967494793000171,5.588184028514961,2.5071129312966325,3.2545966082806883,3.1338254951939555,4.524736045274991,3.913768412682998,2.761897788907834,2.8079446712249347,2.573039200093551,4.988386074897599,3.055898887963727,3.3998058942044223,2.840230620803258,7.353387330471167,5.72102766162558,4.241639708235018,3.5659598070104264,3.288720937482288,2.828493035222867,1.6875037119018264,3.18762485365311,3.5371953079566034,2.9601174267689516,6.242918655836519,2.392162799383406,3.7220534478725797,4.400549044771441,2.1671011361904147,2.544240886673229,3.3619724056967026,3.009006645811062,4.325970598629326,3.2249359136589133,2.824565009134413,3.8637123147417833,2.634047682942879,3.0806883926704174,1.2505438115513376,5.997699095215809,3.5764992492901673,3.165196043670536,2.623782103101002,1.5240017921030873,4.4325312657781355,3.413067592422671,3.78943750170546,4.148692036224833,3.9505001942406026,5.007329530387757,3.248999384766046,2.9664271721284567,3.774600117597772,3.1414309349272793,4.328825501515956,3.5644436337150838,3.0136937200286624,2.0771958569543307,3.189730193266464,5.231802133900777,4.533600543739296,2.7442803127051936,4.482202801978838,1.5942778896664644,1.6599689395495658,0.5444508515617628,2.910205151723674,0.1888648090181409,2.776516790114985,2.775347314229985,0.2284597555189531,5.016254407834907,1.2739227820977976,0.6131715990334186,3.4871732254493892,1.9626050937953066,0.6164841923289829,-1.755390244857583,2.747211998235691,1.0480511338536447,-3.7228458798612474,1.42796807853341,3.5576094845116466,2.371989395065089,3.3692920599814213,0.7258290983625872,0.23203593407190987,-6.0300117791206835,0.305437367485847,0.9302814935043563,3.493492426213107
46,4.902575101125873,3.017323891348851,3.041335074618951,2.2109974119747746,3.745092284651527,1.4646380685322822,1.000648852431191,3.2031681062150117,1.7189946833478866,6.785438988907377,3.7440768001721145,3.3267840419623633,2.43909141110508,2.765106583244739,5.459357916430883,6.367573456486988,5.1299408072611685,1.4977760860783833,6.221963148968737,3.8298999237374316,2.885728621111191,2.6053026217872377,1.9373788336007134,3.099555514000836,2.630665468123585,2.4087178657129993,3.3250905979878227,3.245855866378185,2.7606224848509293,4.536550138203486,3.9733771470782298,2.670477127720546,2.4608875166039335,2.3810585939889086,3.500443449787068,1.8832646656127539,2.1931484312248752,2.845589409094237,2.831058652211845,2.4180552761962533,3.06328683088871,2.712865914766351,4.7964892368661936,2.0889927591556607,4.532260780364476,1.4075491035918257,3.088802645241079,1.260124765414223,0.888029832729026,2.1912170020065425,3.0305889025590895,1.8708744542279403,5.010092923627809,4.167814404449704,2.356671262595313,2.5337087029507415,3.4561197497232428,2.897340298556009,3.6113137803208644,3.5635370095884515,3.451335225391336,4.650196643168791,2.954304093941465,3.6801897283545046,4.008489096345971,2.722943914176225,2.9711830895847084,2.261542501724016,5.06337994130649,3.5762884903416188,2.4801297816794836,1.723302097036853,2.352490166250111,1.737574394885157,2.571723478703824,3.126948851485979,5.961353372718149,3.080301000602079,6.3182725312871,3.830149935614449,3.868760096321491,4.413655115261984,2.92926358020884,3.1751597483654574,3.593838648582781,1.8640828988563753,3.6651764803894897,4.319227909253071,2.969528717203705,3.4204004562428585,4.028701969701737,1.92014711904558,2.7250406818767505,4.46063638030905,4.631390162650431,3.019484349292987,2.8808185816912766,2.9512819059407542,2.457147177025255,3.32256521422648,-0.3826328301016444,3.1094597266421706,2.4141366549345515,4.605799856686008,2.8557915281331514,2.359840698179174,3.1529022502855306,4.593224875808118,3.5909755333508784,2.355215540732093,2.5551183751407383,2.796730734895144,3.0830375293571626,4.65480347467717,2.9291938297183906,4.265000757654649,3.354105076133483,1.527183894313856,1.0105440947860485,0.416526746915448,2.5262898177887476,-0.08626224037590025,1.9858429800174004,2.3504940692861602,0.018774251148906018,4.845890426546353,1.4207749947194768,-0.18540411423064673,3.0193097386045284,1.341720898991618,0.09303156235259262,-1.8489147718487555,2.930942060446281,0.8812283194931825,-3.908786453847952,1.2345970629469978,3.3058844975765522,2.18386598946597,2.9248341570618868,-0.09229586085620436,-0.1975130870607157,-6.034654023009894,-0.08345410194419206,0.7249452144570598,2.3685567478337815
47,6.855294303973373,2.9330982241696635,0.3397134910155342,4.288068017351993,4.301806945822399,0.8057872681150713,1.6331795211589113,1.1776399595453337,1.3499257006854721,6.023489128790743,3.56094671987346,2.112658989530788,1.7459384581637312,4.515034025751119,2.091422586585436,5.022500972535534,4.350386368890248,4.556366373178982,5.865475609193854,1.4898824198900205,1.9847780130106976,3.499096315949494,1.4093715092424557,2.090388008779276,2.406964689390049,3.7916900933975715,2.676404245147043,2.7451478741275226,2.391546746673347,2.1318175392475935,2.4166392591771064,2.6731440023879944,3.366909741246322,3.710164061163365,3.3410179869767545,2.398230726296056,2.87395769707887,3.101246866962308,3.6343654783698307,1.8365409785150422,1.0745694994165478,3.166555782219926,2.525753722787198,3.0191137653151454,4.236853079587834,0.8090459160207385,3.6097295638988314,1.265073083395715,2.038298163991938,0.14550307176020016,2.874668415833113,2.2688866679770046,4.704832213400233,3.875960993986417,3.9590460732328276,2.9472449735742288,4.082164080376858,3.842551906966684,4.227910037763685,4.296782678385763,3.7282864356555994,3.3213610443340866,4.148285916469765,2.863194920605161,3.3710310893053395,1.7768297661431132,3.4154148120247707,2.4593249306119915,4.3725354978457736,3.2343106021289767,4.102780710858777,1.4242478442779056,2.98346807932829,2.917956115708309,1.4004467167334589,2.575347567212516,4.209320452978261,2.0307670490341656,4.902606447573179,1.4165882013160622,3.2092914656625724,4.358567590892809,1.8780450907287198,3.539150083262715,2.3975876567213574,0.8205628441608015,1.8716375059567303,1.5908595642260643,1.5576350522221545,2.283310678527813,2.4189637705379625,1.690663767904428,2.251699240751386,2.3339200227935204,3.6763211737326476,3.9645687923115576,1.9066123637022805,1.0065867284279708,4.072619833271036,3.7777859308785926,0.29966244099746375,2.7766290328402743,3.70416040836977,3.6481752708373625,2.5986272436501396,2.4988879245802105,2.494610734850779,2.708210816213132,1.7139198650774967,2.6773599137479236,3.198419331005745,3.196374834548135,3.7989855936538204,4.469526885245504,4.088508316455018,2.477208950039689,3.448779851318904,0.7622211379139074,0.8800740236496107,-0.5099771648054017,2.042946507362247,-0.331278733608159,1.7284222084320113,1.4766852048811807,-0.5526390817381127,4.2279684057656635,1.3018440094307604,0.1006357306760236,2.5678549254696965,1.3497741359987445,0.3337467829398282,-1.851155833554237,2.0555682372622424,1.0814407149501222,-4.150263063569271,0.6984198522619419,3.127750712799987,2.349850500775643,2.16130020339792,-0.5575061643454517,-0.5687815796040199,-7.074448961597379,-0.46119897848990055,0.47833982280432574,2.185826316009955
48,4.266958125590678,1.1922224075924657,1.02319143986174,5.472087884813371,4.0830632769700195,0.828952926219094,0.5844227470871308,1.9545907513163139,1.2971117252797086,4.039540352508516,3.2889440710981654,1.5613685616167772,2.3818714079349483,4.587953722847828,3.145294186998123,4.475805459701281,4.02509146243915,2.5710975147045954,2.088294265999302,2.011255460382505,4.93865741429526,2.7968147001851227,3.0115597272696992,2.5507218361923973,3.3317842211983075,2.360852106133569,1.5754069725391056,2.1082042378966284,2.6877100464479238,3.0737493410442656,2.0030604454208567,2.8266146578028777,2.4244214839590863,1.5720874409423191,1.7147640230751269,2.5408928977952514,1.0821868881814638,1.7186214046043984,2.8863935312594267,1.5089003857086083,0.6181684243402468,3.9318998632969198,3.0898206624781706,1.8041992143921117,3.294848254834541,1.086327592805255,1.50337532212076,2.3634062307107575,-0.13045696184750136,1.2174354128655112,1.5976278681572003,3.2063600674688857,2.4794180276729847,2.3633207903899045,2.6728515294735553,3.4077436495384026,1.6931858428132651,2.7667228914976425,2.235725148724203,1.1854286885040934,3.340982406790137,1.1609486064518282,3.602709359310828,0.6120592248372067,3.5416428456920404,3.153764981604475,1.9834114535096077,3.9728454404818185,1.9864215366997475,5.842803940986045,1.394753072582956,1.6136596876971787,2.3601932136031096,1.333058063878739,0.9742375872456136,2.16107534919416,2.3299930767475745,1.8063579217358001,5.83305174128874,1.7887663178567001,2.1839564693265556,3.7686322103122847,2.7088054964180825,1.6124958761517885,2.705136782976229,0.9822020848788965,1.3038267910524934,2.836951324968717,2.250778395731856,1.9255913479191489,1.8170458840999815,0.3031569708990781,2.278691808373489,3.682326788426531,1.671943210817573,2.030942116791499,2.5603373639535176,-0.2169140247148113,2.291127352261195,2.603645432925611,2.578004662937704,2.929412399976386,1.083610713245162,2.7296740870308946,2.7923752088607845,1.5736728621387412,1.49592833941924,4.513599772516104,1.5596645878131858,3.096621085213002,2.8388198686326214,0.5116271707857347,1.8727900185887691,1.3015283909087103,3.2143895755254692,0.8956916322964571,1.3095733417981352,0.5248131688470812,0.49453456918306593,-0.9291885210883073,1.1559759017287714,-0.252953129322764,1.5817198842403744,1.327267151458385,-1.027001980982801,4.246487275464229,0.8445969800142619,-0.8748684072268615,2.1873881054217406,0.835970548808858,-0.3404298728507109,-2.2605666039432633,1.8101174653821657,0.4776341796290956,-4.321872143180658,0.48435345583687284,2.6323050425232433,2.289705584769675,2.008409297099922,-0.7869566013276219,-0.8978950328175721,-6.421739515238688,-1.0616270452409258,0.5483116981106577,1.428257564713039
49,3.3651028936391,3.0071843105329323,1.652556282850195,2.8276115466080163,2.781983963860532,0.34697385029356975,1.1521621193926226,1.7894544159625239,-0.5522368080220857,5.417243383803835,2.8276287866966134,2.0007906070121915,3.5824129146635206,2.6822684710476583,0.7950333608882855,2.568769084855581,1.748950966177285,1.9406277921324722,3.947836497612039,1.9680783413230287,4.389459987278917,0.7245205083930878,1.0954094165730448,2.521939597753348,2.3053593391734375,2.5328924816716594,0.9162499377254133,1.8339555883571685,2.6369787212055087,1.6647683479338435,0.9537481802489155,2.468614361982311,2.7355189835466205,2.0782377541844195,2.646471751639867,1.7688564902949007,1.3018622772600004,0.22383828738863548,0.9673907630500851,1.7637456349076832,2.049295405879025,3.3220542161773494,1.549082656934579,1.6827036424374444,2.383097470916142,0.09745724461079508,0.9888451158624089,0.4972729458244638,1.5536433434480226,-0.35247233015605095,1.23938036606127,1.6274549017421907,1.2696426644902403,1.7739994306203855,2.569697342838869,3.2310505227367052,2.1980290294531843,0.4094699318365361,2.9155667886129852,1.836447060795667,2.126605566408285,2.8966850521330967,0.9350352787831693,2.642165266641126,2.6192133782135407,1.692072249116877,1.9161680616757781,3.342923418327096,3.4088211678928997,3.684968142821111,1.2800254387292156,1.6344649608793589,0.7706485177323898,0.47087810139256914,0.5428188848387949,2.0745078703534556,1.930147768193257,2.431887947190925,6.079647683237171,1.993833876724605,2.630035450138203,2.8472587670409,2.0977247334755305,1.9315289951676502,1.8060340014903655,0.7627193175840443,0.6871495165328972,1.2458635014840787,2.1479699041513225,2.237447339098015,0.9972007688299402,0.7594648546674228,-0.5609933452395183,3.3168505289656465,1.17541518471707,2.262354128861962,0.010641491654478724,0.7058738292256239,0.8800204017671821,3.436813673684819,2.161614388146571,3.235269328808179,2.3265351496786426,3.2181748739409013,2.2014154597789597,1.2652719408428728,2.023663896250536,1.7918198782787969,1.6918317211981442,2.7031403995086656,1.1970182486683725,1.1742287455669644,0.7959590728168184,3.203411235814864,3.1634286321490417,1.7188968932607536,1.331635371643139,0.5082310921040437,-0.32339303527256397,-1.41030109193055,0.6862136675887576,-0.6239831766556639,1.5595312249459201,0.6319648582412092,-1.0555830889880218,3.744284989383936,0.6305370200648326,-0.6506600918461555,2.005385593377724,0.6246893537615801,-0.26148674443030506,-2.3195270040411087,1.7811774256447053,0.48477883541405214,-4.436112735438763,0.1698158343491291,2.164758098659754,1.851692309137135,1.3320058789088374,-1.0749603757850217,-1.2654104640116324,-7.121311123773563,-1.292769514475526,0.5036572959614314,0.9260310177125903
50,5.300070884862242,2.5271854919355863,-0.20443662475564972,0.7561584528931485,2.3554423938775537,0.36614812222097304,1.1671495212419862,0.4943718454468321,-0.6389671668401276,4.263117719554273,3.3699894135819966,1.7737700698647159,1.8943561668494246,1.6687468959164409,0.190994471652859,3.45920970796016,2.0139265140198406,1.8885636115652709,2.73862563514004,1.6766628158699397,1.9519851191369753,2.677075836725972,0.5228298432947187,1.9779093099062068,1.2881280071546743,0.28961798375555414,1.1934259512943355,0.7713153098680363,1.632346101108885,1.566434349271261,1.9399346478700257,1.5387027235835231,0.652757769568048,0.1879493822748437,0.4803008552298732,1.5744749785675205,-0.03469304889954794,-0.38815733752391396,0.8076565320051087,0.1338327383465069,-0.38904546055786715,1.3891094616973447,0.3231018103712765,1.5847432285367393,0.5591173201172195,-0.6515735668531016,0.2585107026410963,-0.8986824611996772,0.7115838544313711,-0.9107801563166205,-0.18084672360226722,1.9858104016331501,1.3169968102194132,1.0883908843998107,2.937418353965328,-0.026462726377000145,2.6986253117789247,1.7759240888986692,1.268515334063668,-0.19610654118830062,-0.2643872817863926,0.7873965458363725,1.8358293042588785,0.13545951688910807,2.868929872058596,1.909355740040688,-0.34818098169599954,2.590553698820966,4.818767867705731,2.6013447652090367,0.6299829351590315,1.332453871405138,0.5931225135842517,0.6885002486511307,1.242438206817813,0.9089711150210744,3.5005225258168675,1.5425953574643436,3.251790163526115,1.5231671474315356,1.5376164783873987,0.9305896616174025,1.7891174259184894,1.1804038070315752,0.3773160268294024,1.1439331188619914,1.1015369351286857,1.41231130230496,0.38362235060801636,1.7179670193546903,1.5274593235540266,-0.008751963538185414,0.27834224848409583,1.9050608189809934,1.2401459212508152,0.5359663309404274,0.5015730784199102,-1.1239487456942703,2.133222098734967,0.7845063798689073,-0.48278565990967204,2.65078512471628,1.2216734575375972,1.115904881247865,1.6124853525637035,1.4524047490621588,0.7889184822843447,1.0888222707218775,0.9929610989004665,0.8939278866604785,-0.3843172626070701,1.0394023088819966,2.557958063407451,0.6155615677247048,2.0314690340128987,1.5568020313814064,-0.038943687331928795,0.03741428495796151,-0.6564378765865111,-1.729540695657585,0.38287073530929366,-1.140337623369384,1.2067833336654104,0.22669170605496847,-1.1803324334207088,3.991732195297905,0.46231034442006685,-1.3285576017050846,1.5587977677102192,0.11356613660648307,-0.6119873705422061,-2.752331703768512,1.2035584004816873,-0.016134131071084412,-4.628506281304264,-0.26032696406423256,1.394729808435511,1.350249238172057,0.667189159036657,-1.316952229192572,-1.8482220418278872,-6.751332196606599,-1.6377900066594608,0.38770813806153837,0.8923735918394256
51,1.744840938581926,0.010644260037759645,2.2691442930702865,0.10387961086124314,3.7022367748994234,0.5528183374766134,0.041075356990862844,0.4012877788048863,-1.4188737030095866,4.253751005273564,3.37422203547892,0.4131107513670886,-0.11089096664109577,3.071781680950872,1.5290953647764902,0.9167785478031301,1.4734437451551692,-0.9505941639137834,0.2570134316610972,3.2670779129396355,0.3437568246114934,0.2679219955972004,0.5819042372931598,-0.26844531941253247,1.462858604963536,0.15124701937125584,1.6391191719218092,-0.22231509679520522,-0.3688527837187522,1.1809094975979728,1.5440492177049947,0.6263432981442199,-0.15275655129655463,1.0527319046853132,-0.10063797961007437,1.3160034340232767,-0.267764715548066,0.33274059715806525,0.8560432094965782,1.8270015412564673,-0.22569240808280733,0.8463456755649329,0.4315596037392916,-0.2470256599372701,2.4788298030437033,-0.36930617055318926,-0.3671633892621007,0.38879323768716345,-1.7920282899441449,-1.8650698858560377,0.03600884255693404,0.4612199828798551,2.6612313226578808,0.529922398255827,-0.5028763950846415,2.0469331966494373,-0.0696102327139363,1.9901148328287142,1.6141260278238447,0.048158938128409545,-0.811722878171679,2.18690317372827,0.42114559929996953,1.432191258744969,2.2724258353112385,1.7557344711534957,-0.44275305713942137,0.10152652525958406,-0.8443616850916554,0.5109677343663421,-0.33586981363028945,1.209483105041771,0.8301879918912463,-0.29599030061608644,-1.102257981925492,-0.33525716307202086,1.371144668724908,0.894057465532395,1.5640406578924633,0.9184386841145686,1.379592516980705,1.8563115226818885,1.2886365885955793,-0.2786134143500884,0.7511239427166705,0.19309599156731694,0.054145605622291204,-0.5980377445649696,0.9411632661193452,-0.2906705864739417,1.1415659049670428,0.4650261686858945,-1.2734876328222557,2.148916219270709,1.4084706314960167,0.3853215608127989,0.5082828617273061,-0.6902057687115264,0.3660562384717704,0.25398339488468885,-1.9918634311277184,1.2391309877799528,0.12620605263087936,1.1373527100200784,-0.5035530671277133,-0.14237465741581662,-0.10350931727935642,0.5282362050908974,1.86784745345811,1.142560536979707,1.2967363556633935,0.2192506587499441,1.4359711621481084,1.1584706082438139,-0.42456493069142714,1.6894381386601767,0.7946132248575619,-0.7256864523738175,-0.8751294995094723,-2.1681750593084574,-0.1355658570202688,-1.3213897895727822,0.7437572993109745,-0.40952057605389536,-1.9461764394912886,3.309497569665785,0.19576225431050426,-1.2814168127553698,1.157669063154738,-0.37735249102148116,-0.8135561490006858,-2.937203283653203,1.2526624274815283,-0.16990048424237336,-4.746560651282695,-0.5846546136125521,1.1188202250693273,1.1345674851329943,0.6011021499869251,-1.7547119778590479,-2.3353173067831707,-6.100295272639965,-1.9424715443213396,0.37068204198811827,-0.26503056256730007
52,3.6729803525928046,0.11387640058884907,1.0392272454625675,-0.7412886826879235,1.6819113845988554,-0.3402806731855555,0.7252496289964669,0.03882056864922223,-1.8770948277279504,4.424110041097633,2.0954079774580343,1.535734310205278,1.1444931473094844,-0.05884632343247731,2.199009234938248,-0.051775601778358604,0.3598272404942793,-0.534523844444927,3.352007823111269,-0.04038742952289387,1.266670506546009,0.27979418686420354,-1.5579803083320831,0.6693597672834963,-0.671175787371936,-0.35266710403083157,-0.38765353332561103,-0.044263301717407,-0.5946257915148334,-0.23084212229499257,-0.4921340125476421,0.24976000428926248,-0.9704191476402945,-1.289978030225793,-0.48600335253893223,-0.47533330730791157,-0.15320932504089102,-1.514308507279728,0.8561902284195906,-0.00698186100210807,-0.6314452659213771,0.2301909413690334,-0.7030579747379491,-1.0202763740705727,0.523866451094086,-2.1977945416974647,0.6951466839820417,-0.5725005912537708,-1.2151892088301819,-2.1621899983943713,0.47062797183782523,-0.9698806587960815,1.1753440675909466,-2.0281711436767322,1.0666497464735851,0.3910522861265775,0.45955279905987867,-0.875969079784314,1.1026685204109286,-1.1564940670942963,1.0355174709478447,1.3307028040339333,-1.0241252111979113,-0.9879748393707448,-0.06896274459545215,0.16861343939203333,-0.78026318943677,0.759697345068775,-1.3751912748726256,0.04555399599008647,-0.6357692075328747,-0.757038875998541,-0.142867937027928,-0.43842753489071873,-1.8568984847958887,-1.0057048602993544,2.51123567226543,1.3263334053870781,3.7451095389371654,0.28553684700909754,-0.22266992809841768,-0.4513037494837299,-0.20872676684662472,0.5473707949144346,0.28560433995408996,-1.2936158220803282,-0.06815042511402303,-0.6108668185996583,-0.21909563486466577,0.1809171995565697,-0.23860763911545335,-1.7511577461955403,-1.6946015926953852,0.604447788243735,1.863513966872628,0.49066528453072933,-0.6631385383303947,-2.392030092536351,-0.6612497383055362,-0.48398112220265654,-0.016872840459976945,-0.18938511702678096,0.030387413720464274,1.2853449111807556,-0.6543483110416679,0.369765131656163,-0.14648273412436064,0.012250187496880671,1.7891181189381773,-1.1954919212506918,-1.0039545194794086,0.20250945901578965,0.6000918403467701,-0.3549460978066086,-0.9612133390384803,1.1107315915415277,1.0586980984227117,-0.8504667618755641,-1.6392377729063992,-2.617908351836209,-1.0235161209870833,-1.330776798595567,0.24175706577990785,-0.7062820642783809,-2.142767707185039,3.2656497945149754,-0.20005293685739042,-2.0205423932443245,0.31877646829832307,-0.7339444757084561,-1.4382524366434009,-2.7139361215015643,0.8352586076406361,-0.3995143710454312,-4.672205935869738,-0.7141084937492527,0.5369100069461396,1.0482639178402748,-0.3876196087292955,-2.346317341715214,-2.579288820276767,-6.429411064742027,-2.35520254359819,0.0044240375033742785,-0.1613022605118215
53,2.4114403951025136,0.9247722207818434,1.320944694391236,-0.07801860286349349,2.9054685574964956,-0.6227059835725486,0.9045768581664119,-0.24116637934152174,-1.5269090389474749,6.067753706473961,2.3889863914271374,0.13490495398823754,2.0111965577985753,-0.583587565615646,-0.7861758991201999,0.4514061421781168,1.7128825174311364,1.1015524431325638,0.022021028964530398,0.28075713151005655,1.501740744398583,-1.5123307058493498,-2.07386293257323,-0.4396308642379265,-1.5113123657422491,-0.577131211132754,-1.2225690741165685,-1.6542014736117416,-1.1670279072225986,-1.7135513418803558,-0.6293733411178004,0.0007445733589284131,-0.13235528436687005,-0.7673246866687526,-1.580070716263056,-0.8378734238909161,-1.6168337725273714,-0.5379167049867635,-0.5397899729450297,-0.6760896468104106,-1.3562451604822598,1.2830922100738456,-0.8079322068355241,0.0848026020024335,0.07447428828022917,-0.5566109175753668,-1.3397367529070965,-1.4366969766456503,-0.6554292293585391,-1.3257775747245855,-0.4879018807206965,1.13255798278485,0.8828297896748498,-0.7589525709920324,1.1303031025667085,-0.6651949031909548,-0.45140711492575014,-1.0304102539132063,-0.5357325222591067,-0.616038480367052,1.090150241198606,0.9140998765996033,-1.443901772522163,-0.13503476201142273,0.9007308045785656,0.9365114557276857,-0.29845210471983163,-1.0696140119587056,-0.8647190488591963,3.2816621804956942,-1.5816449651423095,-1.248582173152378,-1.1679584919665518,-1.7969226688648274,-2.0144261141795257,-0.30104973271265534,0.6321964028774121,0.409497141980371,1.5057127821568153,-0.5017061695644076,0.18019472814932946,1.0528192987247107,-0.21979475909978596,-0.8755003907472273,-0.4505070085012244,-1.1080884674323275,-1.3092618433432386,-1.5506559353196099,0.7478304284021764,0.698809507072117,-0.2832405868687591,-2.752491709612457,-2.207781252064081,-0.2887758382684864,1.0534592390538762,-0.31228774456053277,-1.6257400009315601,-0.06308126238224965,0.5694700903693641,0.956276256605991,-0.8176035838767226,0.33748161763567697,-1.0238035427976027,0.6318914098989552,-1.9282068717000127,0.8883818391718565,-1.416842999089335,0.060180693895382165,1.0380893480582318,0.6175687581602163,0.34177053621579745,0.13942485617941935,0.28346875791308745,1.9469895041849876,-0.15638635226489894,0.6380993716338903,-1.210572441159025,-1.6316701056513667,-2.010016525370409,-2.7122583456930505,-1.1636682824710918,-1.6475689510205844,0.34499430108499496,-1.419165908015144,-2.2538327195158336,2.226063439389563,0.08422103497764533,-2.2233088945898425,0.0810576576048393,-0.8697477522409849,-1.6395714525894407,-3.0671124138839256,0.3539737345050106,0.0575947772895371,-4.701576206324707,-1.5887953440347238,0.039132099559539446,1.004522444338229,-0.6494059945699615,-2.6527817907722877,-3.0060617944866035,-6.210883880079327,-2.9260956364101194,-0.026263548358442246,-0.8908493104592949
54,2.4081098440023125,1.2206702133866543,0.3527293881380915,-1.541822937921775,-0.4710283766763228,-0.37748700188499257,-0.28871641268297427,0.1515415920507006,-1.6676729506391859,3.495869618009999,0.9270182640896732,0.2632925457427784,-1.7114296544076457,0.916438261191884,-2.2256161260177723,-0.9644843194112739,-0.06097706077798448,-0.6040668555718529,1.4654840811428238,-1.6364069903868872,1.5547489910508037,-1.997993943909973,-1.010563267809195,-1.8755739654225092,-1.841377261993656,-1.9675477551340772,-0.9830460703414701,-1.6354896712875413,-1.4678348719787047,-1.1592302565280597,-1.3547961856106818,-1.3735320281613845,-1.5334484504010457,-2.0101164392594915,-0.9888935011549316,-0.9995193221708518,-2.609064099096361,-1.8295355548532333,-0.07529115448077839,0.8373665297332593,-0.28246376381616356,0.7861119668273455,0.590291416937192,-1.7616618647426912,-0.7032849202619709,-3.0447261799525087,-0.08918380149888039,-2.1252879994277425,-1.5264856415847774,-3.2271113349275073,-2.279749915246616,-0.8676590500189756,-0.1989207112040463,-3.0640274457584664,-0.7762080423011009,-1.6612568439075432,-1.44775272927536,-0.31372715136581064,-0.23984321318840918,-0.9763288978170559,0.6307770410285398,-2.253480822367702,0.24200402348180372,-1.9598680939160444,0.2736432056791971,0.2586030364923291,-0.2133641554068042,-1.8560475096697369,-1.8861704762043021,-0.4803982610316204,-1.7964513203294632,-0.14846476769285433,-1.1483167284238336,-2.34774681546123,-2.93505218756923,-0.3318929540855491,0.9422568144590104,-1.0092317959082853,3.0281453504785967,-1.9967403117104687,-1.9718598757569215,-0.9081599936438046,-1.0770501043001577,-0.5222352134384847,-1.6487263223444528,-2.2093050372931784,-0.9957683754994691,-2.036654375736617,-0.9779768109974339,-1.6548012262197345,-1.9797463848632948,-2.111000403850583,-2.910267209746629,0.9112397060879316,0.9595918745721743,0.04478798771578063,-0.933841452408718,-0.9340417299609367,-1.5738726749428198,0.20001632676974546,-2.7442029911298724,-1.2054620984585038,-1.6470504898183367,-1.6448624540782122,-1.584148979576313,-0.682076604163183,-1.7353711120262267,1.1341097791336163,-1.4223821257087388,-1.0728705475734013,0.5897873373047995,-1.897064413734462,-0.4791911313563555,-0.39828974923855576,-2.030110998075554,0.4239115687510717,0.17154928587814644,-1.4976491874311895,-2.3374783622108946,-3.623082454340579,-1.7063345243186374,-2.036011823298454,0.10638931816043617,-2.0215217152842975,-2.7768481138937053,2.52433740902298,-0.2029876256917949,-2.165459405858073,-0.5077804555952626,-1.4375182394205084,-1.7753652505166242,-3.120217191563872,0.3588544778363657,-0.14964946868005113,-4.660484035238683,-1.5783197923502676,-0.5826768344599513,0.5458408935167249,-1.3108197594188848,-2.8307514000684595,-2.9438850698777483,-5.743743249286571,-3.2766525839815897,-0.34647643498451924,-1.5901558101264537
55,-1.4113092238254534,1.0493252447850452,-0.028111610543061438,0.12122320755834748,-0.9534702074332396,-0.857382770729809,-0.5736495763480299,-1.6600435358263144,-2.732846669849326,4.631807495774453,1.2854188875200299,-0.8720514739481265,-2.330420403974581,0.5905741328553513,0.2871289499918599,1.8839432826464382,1.101642923509112,-0.5422562268319138,-0.582198817840653,1.469048630081843,0.4610806982452993,-0.8856690975957979,-3.348033847887087,-1.409916758097759,-1.3215327607433318,-2.4104156703957624,-0.8760515434341016,-2.0868487148214863,-1.710638706059236,-1.6473594116987353,-2.8308007291428403,-1.0552623748975543,-2.854974013837778,-2.1676704306274894,-1.7159343438413648,-0.7585561103668119,-1.391033494017965,-1.5398691905278592,-2.560999086305591,0.4386023141687063,-0.6814417181739363,-1.3540531436202587,-2.0208661114224697,-1.1188465738323483,0.023707817216589433,-1.6287272106395831,-1.8147325177761133,-2.634145078252439,-2.394455011818602,-2.741593963119459,-2.130742161960599,-2.7117227727096322,-1.78702945595357,-3.1922927914102104,-1.0189606493658339,-0.17948646488944942,-0.3197989863256532,-0.9302354424796415,-1.5652339147343435,-1.508256798077825,-2.6770804192607707,-2.0921348679486833,-0.17083918102238727,-0.593638290725,-1.3548829742264565,-1.2812196260093982,-1.1646104664173795,-3.030831362918044,1.325148822880411,-1.027195956332232,-2.480856926677337,-1.9019251294619588,-2.387228980268518,-1.6650262526293778,-2.7547428146082056,-2.195466872858025,0.7985818160599429,-0.43520543220391117,2.3633609336574493,-1.8443730957825948,-2.6571503895101545,-1.6938913948219407,-0.4958666748844389,-1.3888906199634723,-0.7849024826932793,-2.8535646600102504,-1.6512055883031582,-2.4035725878168654,-1.3883813973098946,-1.4815801963787467,-1.8796409096756994,-1.5185000537213464,-2.62834425139335,-0.9229030005207437,-1.0968920687785944,-0.3032703331335478,-1.7982650284486872,-0.90710662141228,-0.9392320342693983,0.06842126926936665,-3.3010246430382484,-1.9560750645382066,-2.2510764559971976,-2.100898302667642,-2.630665521886232,-0.6762431369510151,-3.0023590948749277,-0.16094408224144052,-0.5392858307595099,-2.5899838691102723,0.14203329861559322,-2.2261479688883914,-1.0520717365884638,0.42700669518235324,-2.365033726884549,0.1461696210283887,0.228445565285456,-1.8487205210241473,-2.9555504805238204,-3.9964721972117836,-2.4966720633296937,-1.9919732362408809,-0.6057759316571831,-2.298198169442701,-3.1428304469685644,2.085706202690951,-0.30255664186698356,-2.4879878409786698,-0.8899819047264389,-1.9266114404039407,-1.7671229676222011,-3.101660836631222,-0.5369933308256479,-0.3106389470108861,-4.554668875056842,-1.9094707811564477,-1.4088776004509256,0.23803955714326297,-1.597642577305023,-3.6918536459549554,-3.23440882080676,-5.490159888358517,-3.2313079249830174,-0.7548984873351748,-1.929638068263673
56,2.5285924417044514,0.7272384847996789,-0.7130300681659532,1.9053365732891758,0.8408716772686153,-0.5805341308240867,0.04310701800151828,-2.2776751259030945,-3.0136675134313387,3.937469334746848,0.18560563187155976,-0.6760683324027466,-3.0974297061831164,0.8159717928915105,-0.04433071497888008,-1.5870956934062888,-2.3298707393982596,-3.201442324729376,-1.4521056702442041,-0.5050800327265255,-2.365851172324837,-2.0603488716871317,-2.040185464370426,-3.012724187253585,-3.8194201858014036,-2.6266635283590594,-2.0627812297959602,-3.586366665375976,-3.7269314881668483,-1.6052323657538672,-3.3423129095318784,-3.6698526221922134,-1.5277472534050287,-3.547836724064515,-3.409429468550722,-2.071590919305701,-1.8389685862476828,-1.9048263195867485,-2.795361438898555,-2.2123467266561314,-2.2935419359540257,-0.9405156455507964,-0.9933856377080539,-2.3351924503757937,-1.7531122708931528,-1.9770632144183193,-2.204301295400147,-3.0065730252676452,-2.517695689473213,-3.0601380552272266,-2.4660042768717676,-1.3544025417995396,-0.6960836895342071,-2.885254333102778,-1.7724489873987683,-0.3832346102790698,-1.7547813119683142,-3.0477704276992768,-3.719083153951555,-2.416204045644422,-0.28156514742905037,-1.8602549145256357,-1.906071489147102,-0.9344747632055648,-2.8519657767127526,-2.9223327411473043,-1.296677217891542,-1.2550378964066913,-2.8874812549768034,-2.0652614765253077,-3.2853996689500304,-0.9571061709659969,-3.503030532055391,-1.3424678609957665,-2.1596657104119634,-2.916006559052649,-0.2968352186487979,-1.1915761017659579,0.7217866440424139,-3.0308149442783043,-2.835153988902071,-1.4503483294880373,-1.5284844216025524,-2.7929159123549128,-1.119819904484301,-3.299884989948513,-1.988400878739909,-2.6464625015166883,-2.5334572681512078,-0.8268676875216201,-1.849878443568386,-3.3619052898591097,-3.1975427241242413,0.3512928929213235,-1.8050943440987641,-1.7697040779168807,-2.3723324965254022,-3.7526279815514596,-0.7572172381176483,-1.2448106277410116,-3.857083849741618,-1.917134399232987,-0.8993728243040244,-0.9129073616083261,-2.2658771491464087,-0.41102865314196535,-2.4795025818034793,-0.17349212460145558,-1.7832359105385032,-1.3354497975731638,-1.0173663294283188,-2.0591120181027756,-1.378940274234539,-1.1157396546573608,-2.288321449707771,-0.606419763014407,-0.5268064253339086,-2.414197292389683,-2.7901676611806874,-3.905630747456902,-2.8453541411388033,-2.231284562581634,-0.7332941237034818,-2.7272795820994347,-3.1209769944359818,1.7369628297413229,-0.45509963759073413,-2.9934276390410055,-1.820571444214845,-2.1633055441074758,-1.8265611443644174,-3.33662178815452,-0.5072245533471671,-0.873260917311359,-4.510271698306314,-2.422514406710365,-1.5013765819711615,-0.09065404673478006,-1.6364165040104073,-3.4992525729687283,-3.4027161785754556,-5.705217446117457,-3.697840016063541,-0.5173496372122051,-2.829142923801407
57,-0.5515112995832638,-2.7320852938577973,-3.4342591545306833,-1.843674397205732,-0.3427454025303307,0.4543925641325033,0.42573914173157434,-1.442952166139387,-2.1987546860843517,4.571709047933444,-0.4954091688554932,-1.7226793176032609,-1.8037245763124024,0.08838487950580642,-3.4188607805845708,-0.9992538888956743,0.19412716364456717,-3.94696883642624,0.3824768137304573,-2.87469112990863,-2.653972803066751,0.06811305159356884,-3.1932323030734615,-3.0658327031241983,-4.1284609839258515,-2.8647250720469613,-3.727374138299344,-2.350877782598511,-2.186991535240689,-3.0707386373539096,-3.234299289825479,-2.842097655830306,-2.1806014799571627,-3.7103802142991995,-2.5204496298451753,-2.852792723746066,-2.195101243058671,-2.7370563764172435,-3.285469406104361,-2.215138864744318,-2.6733901518571255,-1.067990030244279,-1.6465459719853779,-1.1375680416387874,-1.734185703928536,-2.52870008645875,-1.4381610660555009,-3.2981869284623686,-3.165170467208286,-2.115167066476732,-2.06252038372288,-1.7922245244486472,-1.8175458316493942,-3.475786272641966,-2.010775685289172,-1.4353454423540417,-4.09581794382576,-3.638543209990457,-3.1176460237711945,-3.8619773467792333,-1.1258155627166588,-0.5499865639853909,-2.0350548734285643,-2.8996539173593554,-1.7647910433269631,-1.9394520429137758,-1.2676851459588878,-1.7648747922051204,0.19693084310927667,1.1960926068078868,-3.206114064069017,-1.8708008261079445,-2.0491754110086307,-3.170062514166381,-2.474135082314101,-3.6532650407224763,-0.7648285183750339,-3.076420917614796,0.2175262677626857,-1.3367905465188437,-2.899878068101677,-2.5493335922402784,-3.2161915894296627,-3.3787606326183295,-3.0192961900987805,-2.3969889950723102,-2.104959651787989,-2.96439789644503,-2.617436774820872,-1.811145892529451,-1.4321296975568436,-2.520096956342599,-3.1118404506022728,-0.27833496121308254,-1.9536908164984765,-1.0844185917049565,-2.4902722991215334,-3.052347410389112,-2.7042715768185523,-1.1141466294203322,-3.6158690123842465,-0.8024208349821289,-2.475174298270623,-3.6525990865860125,-1.1955094946141234,-0.17416143946040208,-2.7633663229945213,0.23428939863345288,-1.1511369289120665,-1.6438268330114971,-3.2705581068301166,-1.1112241590755518,-0.6572435211919379,0.07251253963944349,-2.0752070697714893,-1.2845710139975968,-2.6363492922922003,-2.5705586074610762,-3.5136837228430617,-4.049694555429456,-3.047854113702344,-2.565525038820775,-1.4124104424009603,-3.214948570723336,-3.7257694209066012,0.970403412553338,-0.7985306127559186,-3.2737464310744846,-2.119482814263121,-2.126387464270274,-2.2007566521217115,-2.9474589152985264,-0.9932660180867745,-1.1836695625525235,-4.293863770911541,-2.7955759770368607,-2.4867425279316726,-0.48946070962272487,-1.881876801268605,-3.819136529813557,-3.958495408736725,-5.004534307007467,-3.6443729065938593,-0.8526201886176286,-3.302015384490189
58,-2.3991986777748395,-0.8670174638443129,-3.5400604732855045,-2.0141410384709024,1.7616969732072256,0.2704544020112649,-0.579179127678243,-1.4142586767181085,-2.1941539444874314,2.801727522889929,-0.22687184888473544,-2.3842625994305733,-2.0407474383601487,-0.6320821654904552,-1.2505461577373027,-2.26646852688035,-2.8655042689993215,-3.3658310060558456,-0.08979242305775736,-1.9362321003788407,-3.221967676169742,-3.4772269980967994,-2.5791708275611622,-2.522643253643952,-2.8789365944401664,-2.2480785440105198,-2.279617800796871,-2.4517910744208637,-4.3522919946102885,-4.3979876287997435,-2.682965581107572,-3.497749009984278,-2.5732862719143275,-2.2484083465640805,-4.3473683489399235,-3.6873095395731696,-4.318540812239454,-2.745690760858939,-2.0960016142517426,-2.817621662151986,-1.589161467868245,-1.6896826640102554,-2.198095702776298,-2.938315198296831,-1.9458116092077749,-3.4623700525983168,-1.4483842249235428,-3.2468643742530663,-4.365070858194582,-2.4300496977321795,-1.838247042596362,-3.5416783042906044,-0.5890248524405566,-3.933156333793155,-2.2593567866032265,-2.1306037052514704,-1.4612424145755178,-2.985500096399404,-2.034697828934962,-2.204810127173146,-1.098679285160301,-2.0161725917422735,-1.9983460533610988,-3.5931812331837514,-2.3113502747190324,-4.188111797867591,-3.677536377840634,-2.4143880311140835,-2.984397824314808,-3.5462985515110463,-3.6936952705330235,-3.65298203757757,-2.739035565003627,-2.1505106412321275,-2.3998479262820096,-4.430180710073295,-2.0267909740931964,-1.6148885845949055,-1.2617125092191497,-1.9014997057160317,-3.934696030461207,-1.5604156566013543,-3.640236804730976,-1.8576484497649712,-3.1626973687716915,-2.7744479261265615,-3.570979457910065,-3.333021979126291,-2.3189808596379873,-2.7354441378870593,-1.6521084316926489,-3.5400972457383757,-2.499455295370124,-0.563622481197096,-3.06343048947203,-2.9330886180386395,-1.9174117007324614,-2.356868559617361,-0.38900337503629245,-2.4763148345061654,-4.581989218534785,-2.2096129740090404,-1.0425740945145896,-2.358875013038409,-1.2116295547382423,0.24223279033366873,-4.317207285375837,-0.712688337287049,-3.4946824438094732,-3.6973138378018198,-1.8385293809317858,-2.907909244938745,-1.0454303935947182,-2.424546753172133,-2.2809534571153733,-0.6771560076604,-1.2034339385575765,-2.9478089305392454,-3.753894929019885,-4.311148979494264,-3.549373304800513,-2.4394896470147236,-1.129742267918065,-3.407386950538414,-3.807078908171457,0.783699593269781,-0.5519540527932054,-3.0104781454249236,-2.4100646318422156,-2.6082783543967607,-2.6522230717702264,-3.1901024974612193,-1.337451416079239,-1.4532521670872998,-4.17513378661649,-2.504413942877761,-2.7241500159240886,-0.7444765546356072,-2.4123578203760965,-3.9535319726145604,-3.69712604313868,-4.790134037374529,-3.9133210317583624,-0.9156842835182835,-3.505398727594393
59,-0.7964526025056613,-5.007327123131467,-4.737089523316229,-2.547857625192277,-1.525397888712098,0.38406211689893754,0.40731012350077367,-2.722352858007285,-3.106995649979102,4.438979799687334,-1.420145029618587,-1.074896221587578,-2.2226711118645435,-3.402550411720837,-3.9551213717492097,-1.4742502063559426,0.20156549358120612,-2.2904468928234336,0.14905962765985503,0.3090218618185596,-4.110229815924534,0.10659031455820589,-5.288778970680796,-4.894260928859586,-3.8443272381226268,-4.305435885397498,-3.2507170272413406,-5.052098658061219,-4.830066182339157,-3.935195041081228,-4.605708706369293,-3.7936544269528767,-2.880423367783824,-3.4941351237628986,-4.197666289266872,-2.7028254834945864,-5.116693147389665,-4.535800853384508,-3.1065647615721415,-1.6731650686058375,-1.3008200077408707,-2.6180464852419223,-1.925758306477095,-3.62332125990537,-0.7868127308042547,-4.061117994201907,-3.054185720274642,-4.1398304472834795,-4.5691397691963695,-4.143139186585251,-3.0863823458415167,-1.4055872548730615,-2.1647377736520035,-2.9899890714023574,-3.520460749102398,-2.944656717942052,-4.157213690316171,-3.7762884935336594,-4.892029886535584,-4.169966220899864,-1.4572085313287606,-3.214718510338303,-3.4650532016469713,-2.219333137661568,-2.8005375309416474,-4.395290954168989,-4.8476020573461325,-1.5600061583577238,-4.757616548678325,-0.5446592707447655,-4.10572678125357,-2.0337822453882595,-3.7517511365398732,-2.4262528338607585,-2.9981038437288134,-3.598778621055626,-0.3845227583295556,-2.6347253185449233,-1.3218931677292969,-3.5947526459061443,-4.451920946182502,-3.034495536678783,-3.980931293703562,-3.5678439916203564,-2.896049407226095,-3.988143609601599,-2.1052233303569388,-4.4485630181453075,-1.8668835941157198,-3.461343218696173,-2.7796510274776236,-4.897971636916426,-3.5918416598212692,-3.4122820566775593,-1.9935830508697694,-4.320160788800009,-2.8635133341947854,-1.9574625115205202,-3.461836915864446,-2.6617803909539344,-4.222530556018964,-3.124176424033007,-1.38309468269641,-2.203040846958485,-3.5102215960368834,-2.03114178280405,-4.869852220098604,-1.994755582693125,-2.01948906346255,-2.244947828678607,-2.662050541710424,-1.641814827062754,-1.576113112609201,-1.8494471281295621,-2.5115648887085555,-2.291246827114882,-2.1262094853561453,-3.5735494046123075,-4.2001920482038315,-4.577515368433809,-4.01764450852427,-2.8954490939690287,-1.6407945326496627,-3.9598136998178615,-3.891685751043053,0.29696033754576123,-0.9972889085331582,-3.666735248829645,-3.1436967012442008,-2.457695020783056,-2.411418352969672,-3.1383882862958608,-1.5397218511956727,-1.339945324554257,-3.928332634572861,-3.175129902803706,-3.469527986373518,-1.1512093232981744,-2.543450930102338,-4.187518492283856,-4.282337810158776,-3.5861065514523744,-4.036961079568326,-0.6701351758960595,-3.488034409858299
60,1.3921403336169527,-5.206797108958084,-2.7221794470567255,-3.238298779563401,-0.8128761416954458,-1.3511086021436074,0.450693354717594,-1.744877863115376,-3.989755636272821,1.6037344722315174,-0.653208842076894,-1.428214671273317,-2.5136916661434583,-1.7111907766762333,-2.0973178755029336,-2.85575064193424,-1.878582201093256,-1.8530157226161106,-2.2526850377028653,-3.1048162036327387,-1.9158625611129847,-1.2235752045414516,-5.013137944379222,-3.880536757165603,-4.714153703712888,-4.587184854038471,-3.4960005779987955,-3.443269711096075,-5.361073630220033,-3.766173544749949,-4.669842201979749,-4.45760171994577,-5.309291643709372,-3.4699128816419362,-5.655959708086043,-3.3760133048672927,-3.928600003690803,-4.798148611591552,-4.302932206645762,-2.183404909257842,-2.885890920300875,-2.026040359973265,-3.215564863749817,-2.0719575673134143,-2.5688627316315684,-5.108057162191103,-3.6039695447842575,-3.7463122002447484,-5.132038644332786,-4.777953983524907,-3.4518462468956796,-3.2594673733015656,-4.094908645417197,-4.386213590962118,-1.2633770888810614,-3.3206893700246067,-2.1702229470035865,-2.0947500671040107,-4.862080730507318,-4.795627670711677,-1.9356570652426175,-4.128684715348577,-2.9498917972136387,-1.5310331391916026,-3.37203301231148,-5.276304999355453,-4.381891241917881,-4.170407494369163,-4.938094970541473,-0.8910195150902553,-4.406846450491035,-2.3350637149441464,-4.639475902001168,-4.477738125114342,-4.86611636506601,-4.85402747095425,-1.3771447294015808,-4.184271419540714,-0.5426930304928312,-3.61223627295733,-5.068018058356623,-2.729765253925425,-4.1232833043148505,-4.497841749694934,-4.5112925230782315,-5.047842360918519,-3.0953301603879098,-4.222714677539068,-3.88992979458287,-4.435249317879035,-2.4268696607422156,-4.690936822991201,-2.1201804246125877,-2.8676827877811544,-1.0963414593704104,-2.935078950666627,-3.875427064119225,-3.016429649490397,-1.7766707248255975,-2.579563528629946,-4.276687608402742,-3.3015586661596705,-1.4625068543242299,-2.714883699925531,-2.4138826392508763,-1.9126886794035356,-2.7808154179304387,-1.7757310841161442,-3.132791283849025,-2.8487373750592644,-2.8392829017404804,-3.359899781309455,-1.6051739596176406,-0.8352553779129055,-2.963127717209016,-1.6602809782417038,-2.779578802784887,-3.6990467694728637,-4.373960390159458,-4.686578010472509,-4.3083581291431985,-2.8571219099371055,-1.650951447622763,-3.9105201306484743,-3.7541494308289396,-0.8471722079263443,-0.9376350921069208,-3.7203413046642972,-3.498698859185385,-2.9406965639854583,-2.748730099694026,-2.7543961956422183,-1.6646317072764258,-1.245882147059366,-3.7196546158257804,-3.318791685306624,-3.5222840884815416,-1.3657233988422854,-3.5510701061530536,-4.3220599155568795,-3.9434224577534893,-3.794444296457138,-4.271597868205166,-0.6260869788097124,-4.208522321602938
61,-3.667868743455977,-3.5374471064132735,-5.1687908475766875,-1.7454749893458685,-1.4844903817050672,-0.25826363192451685,0.23741969270672492,-2.9695487465082997,-4.157116792584495,3.6145823017851955,-2.240058756182754,-2.480330823592345,-1.344363115327798,-3.458627080950765,-3.3762682973905376,-2.4133193039863285,-3.4775849358797837,-1.5034731313286467,-3.0023939696416804,-4.2195386777232375,-4.194521278331962,-1.3137856786131064,-5.220633483046436,-4.751964920774256,-4.723921564721975,-4.947510826176053,-4.899254064142173,-3.567973841630293,-4.919642332488389,-4.8745260919758415,-4.122469207573026,-3.5255572872746215,-5.147548604341307,-3.348372187899973,-4.540272191392701,-2.4154080003298137,-5.375494696955231,-3.5731039100264548,-3.1455017608706477,-2.8964293511927823,-2.5500941409595024,-3.5296745694919767,-2.83878162882341,-3.454977306672326,-1.7227213757515587,-4.50543977457626,-2.0241012523018407,-5.254399483970969,-4.85212628637455,-3.0710105123955316,-4.7535313538221455,-3.881908854083547,-2.4448468791089546,-5.777487077145673,-4.516558153531775,-2.363822816169981,-5.705043177363117,-2.167501864367229,-2.3133224511056847,-3.217335577832224,-2.9143137168966606,-2.3356742665109334,-3.1551931235016735,-3.0918113466319346,-2.903946264014621,-3.1877040012056024,-4.592389721024667,-4.008249598259609,-1.266599601786817,-3.466802118714266,-3.8057974154895255,-2.9567566662288494,-3.947614110110946,-4.247959961121316,-4.25313926928816,-3.695233262319705,-3.5278294229703855,-3.5157326343123003,0.4390463546650958,-4.170454082708716,-5.110692071552365,-3.144291862197653,-2.9370160522601045,-3.6938875359833405,-3.8800772930358294,-3.725424867095791,-2.9484347699143285,-4.578289267991389,-4.4620272582774065,-4.779609700320443,-3.232018830097788,-5.450329681220986,-4.629290935668537,-2.258014645176636,-1.911031437560236,-2.6903918188677487,-3.5996740571559385,-4.841507777943172,-3.9069799406929326,-2.6742781988029134,-2.8525003521425103,-2.7952837213221935,-4.011862121558543,-2.3246183022469546,-2.6710475760369334,-2.095681192208068,-5.058176001030001,-3.9276320329009167,-2.2208625901409538,-2.2588005188393963,-4.372514239515278,-2.5113841253362432,-4.079354342558215,-2.1139395389705786,-2.647045686773808,-2.658401231569866,-2.9669125585960243,-3.5174474933623903,-4.503839939759744,-4.957183371220356,-5.148151314052311,-2.6542482560359977,-2.449360833966305,-4.1861514520468255,-4.020804019813734,-0.7015886945249004,-1.1211328704349683,-3.196165759090245,-3.7853446593198825,-3.2056149503309626,-2.6567475139834276,-3.0056949603423635,-2.4481985695906197,-1.5568603496291897,-3.4386352408777263,-3.559194512113654,-4.165010149121112,-1.6585931725445846,-3.3554361738396743,-4.868975872067274,-4.566417055123388,-3.04163365634592,-4.1534933416290984,-0.7155085761319243,-4.731273020710735
62,-1.205303260787788,-3.058778847103322,-3.075866259581225,-4.044174291277338,-2.355078713389073,-0.891824962828086,-1.2848819901663602,-2.211941253493711,-3.716907324091162,3.348240354343657,-1.7392934903856099,-2.965207204200832,-5.119191054969313,-1.5291221322579167,-3.7439452427205584,-1.2336731307483682,-2.102438252605676,-2.8940663004847136,-2.7867404999543575,-0.6079357340089677,-1.1513000590233067,-4.387098861965687,-5.19365151958748,-5.588371484819385,-3.990904365297846,-5.633642674695379,-6.000164333254552,-5.953139857081276,-4.6271644243590115,-5.174004856932767,-6.16642854878845,-5.212472435836156,-5.5446155942082775,-4.364455094486614,-5.761674793549662,-2.9839199082733483,-5.9119150475622115,-4.895145304055363,-3.6602114391208223,-1.9939986185217096,-2.342588805956347,-2.105879443679978,-3.8109270708282423,-2.4713540925208917,-2.2745629968499834,-4.775028023795497,-4.197644683230804,-4.45147617536457,-5.239317419788579,-4.5589089222786345,-4.285148432860963,-3.2885659531872085,-4.212461842819248,-2.9040668732674644,-2.647487462647217,-3.4288023529229443,-3.1631231256416386,-5.053917455352168,-3.8959951456534627,-4.772770520636099,-3.8977376545783757,-2.691601025198328,-4.668029529450033,-2.018597258291876,-3.740997314913516,-4.813111024392012,-4.715996538560148,-3.655208810632331,-4.550608287742097,-4.024864516278911,-5.206670316156967,-3.49561147038943,-4.962218236208981,-3.20954380088536,-5.38295523760834,-4.323822004411944,-3.4831908914651075,-3.865362665467527,-2.241409981741846,-3.66052647069233,-5.394773147440274,-3.0733425460543904,-2.5769946536209773,-5.230137041419766,-5.094406871741857,-5.509302373654875,-3.946647241929874,-4.78082044987881,-4.1052402720514936,-4.516513463378099,-3.078886434286546,-3.807757754783068,-3.914010610403005,-4.3513587847842965,-2.165468988076582,-3.9197231957913052,-2.9086368330518857,-3.9407663477417225,-1.914865313276223,-3.4726899780606697,-2.6112958916684614,-2.5014642603131176,-2.395777453473331,-2.6558411867566623,-4.58424401002296,-2.7873183126830448,-3.4734367982128815,-3.674108097065508,-3.5262442472474755,-4.43367644845492,-3.266324185336745,-3.631706067415225,-3.630031240239607,-0.9865288135289441,-3.9266537896193197,-4.06723614471417,-3.9950572299507794,-3.845720437530605,-4.492398338290362,-4.883245279536265,-5.072388401544987,-2.775669759071869,-2.4430499232743017,-4.817858725226131,-3.880634779308232,-1.6992572745189571,-1.413420541582849,-3.769530012306518,-4.390262056741661,-3.3269251262197828,-2.4527943612800573,-2.478054039813874,-2.261974141167789,-1.3315044803213607,-3.0443608554304893,-3.2981887721148877,-4.574812267463313,-1.3532560054723612,-4.2915862807346254,-4.4735771528987325,-4.270933432367831,-2.103776232437065,-3.778204990426957,-0.9966381166618461,-4.891726988720879
63,-3.35061908015006,-6.087089003301017,-3.062123053420498,-3.546098264709051,-4.157425271654649,-0.2881013697430814,-0.16733348624974975,-3.311978549343665,-2.915916003963789,1.9995834294880386,-2.130195993272346,-3.831508287874736,-4.926028311364725,-5.510259264012471,-4.384695460296391,-1.2241588095460934,-3.2927627972123963,-4.655764884833619,-1.6910441178402098,-4.09652404626717,-2.1869563086644153,-1.3775966216408384,-5.136932136511733,-4.850634875762098,-4.901415385673793,-4.0266865509928165,-5.702184089152064,-4.375939714638463,-5.983897865305914,-6.520345012561521,-4.655309606201927,-4.799425376379684,-4.9708639462177935,-4.16461541958688,-4.582446807657809,-4.998060884209289,-6.163667435383955,-4.893486010664043,-5.125622045795966,-3.1802153128920927,-3.874557440201965,-1.9849375682374677,-3.3176464761127304,-4.986660924533692,-3.629027876656589,-3.4955963228211595,-3.1351417417575966,-4.999388303297018,-5.133544886704928,-4.542678570740605,-4.006230174632323,-4.052597965358321,-3.051374837981551,-3.2994048808003678,-2.832993173297417,-3.8186933362432574,-3.1015886297370288,-3.9652306134987856,-5.170198917342509,-5.688765207324632,-5.156714403402128,-3.129228348649047,-3.2430734796767218,-4.647233701189572,-3.683216087728152,-5.077039081775959,-3.943676303800503,-5.711206454854955,-4.068584383271938,-1.745035620020162,-5.4610593525391815,-3.1080125650073036,-5.6787923884501135,-4.257120847267398,-5.4884125493392695,-4.1728098561754745,-2.364201204683556,-4.843127688394437,-5.258222952826604,-3.9197265368646095,-5.0148878296984325,-5.235493697205026,-2.974162877453103,-4.4641437666984665,-4.239280659067865,-5.400332497072198,-4.852161094400196,-4.1577806642074755,-4.3385685065304065,-4.333588354026617,-4.205438784557943,-4.43040941293969,-3.5604231787840552,-3.41683161667926,-3.387774448485181,-3.170771037980061,-4.158797314862635,-4.818521862636453,-4.2886230285764135,-5.313643365625667,-4.6676423244759295,-4.576579451796185,-1.8594058073431143,-4.251523495035958,-2.761737654293592,-1.068986019895616,-3.9421690783733583,-4.574766547223911,-4.790149652818583,-4.155504015935459,-2.5328512726810177,-4.066815637163507,-3.5310348133859972,-1.7905406824964216,-4.248860765769473,-1.8421380260816917,-2.5077506860425904,-4.098346325601399,-4.32747609044172,-5.009148484779664,-5.064938970000084,-3.1230192774959944,-2.4476205056097955,-4.84372665793754,-3.7736412272082216,-2.0370986478295525,-1.318738459668776,-3.6401307660151936,-4.083340641272296,-3.5191531165900707,-2.569540494396258,-2.3656973185527437,-2.4825904984157643,-1.5727063192271689,-2.7536739062487956,-3.519922534503923,-4.87906282612187,-1.521290399996609,-4.5239840283553505,-5.033672438229265,-4.45996278421223,-1.3536529353691538,-4.15158709027651,-1.2302246833290316,-4.951799008833529
64,0.16042811462837392,-5.927478660936581,-4.266793374804216,-3.3717213877799255,-0.6863537090610397,-1.366535514806216,0.08192750676682903,-3.3845007602637702,-3.4982034219594125,1.770523801056428,-3.5095156737403683,-3.9410383630400063,-3.5015095614786027,-3.814301514704405,-1.7160147917562791,-3.4707669375466335,-2.8752178820316416,-5.204433171670645,-3.359296124749396,-3.5757962479956125,-2.6515201701130935,-1.6189705551881475,-4.840176960910165,-5.6489011837600165,-5.204710697175352,-4.246250425806091,-6.5358302359201055,-5.41682169230635,-6.344602636170387,-5.272485809098559,-5.617875947226755,-4.420108855956666,-6.574074166579951,-5.3450796820149185,-4.878876525646529,-4.624907107246915,-4.8487676526287,-4.580428539048391,-6.017250678490941,-1.7906169507711072,-3.1374446625787997,-3.448444939803773,-4.694128365424655,-2.8405449526842452,-3.510453593885865,-3.922680115828892,-4.407774160467804,-5.556782093414697,-5.255737350615354,-4.7302400936755085,-5.1065443084152955,-4.543089736086184,-4.264646865047663,-6.199003920941448,-3.9170009358057327,-5.296996322364771,-4.9273840642643005,-5.687885156486488,-5.659326691242261,-4.65299048674461,-5.198763013451102,-4.312508268572844,-3.779211399962113,-4.375240928285232,-2.343436914676887,-3.5724148920238976,-3.8847352792589973,-3.114985880109361,-2.507823029953764,-0.49707326727033685,-5.664247077407676,-3.321557374491184,-5.6031503357377845,-4.444061931684091,-5.380628415715667,-5.036640061745888,-3.809510816258258,-4.023873537208541,-1.434273914120853,-4.382414045837102,-5.719937121503895,-5.455891972368644,-4.710135259633689,-3.6161839229911745,-4.956451613979543,-5.315093454113971,-5.4305620696563945,-4.799829998299501,-4.045464193305032,-4.104316510882535,-4.692014252767424,-5.480545461966171,-4.82958896326932,-3.3718789372888205,-2.2890005592074303,-5.375295834466312,-4.182991079238941,-3.7222898323293205,-2.4606749115597086,-3.5665548424790385,-4.338743232844817,-4.984934666687833,-3.543319091478456,-4.335968550137352,-4.173127735366031,-0.8618804769794051,-3.684256630229808,-2.301102468624284,-2.6673677957028574,-2.7072159848453303,-3.97698243804033,-2.998944970166787,-3.3078478260845245,-1.4659985157911506,-5.324868184687656,-2.85913452772816,-2.3229280985540868,-3.9051285342173347,-4.485697431825851,-5.19803714828181,-5.848876418674222,-2.749396232353124,-2.508576528773718,-4.713338137239765,-3.786961925494034,-2.1799477618129237,-1.4379513134708235,-3.649770478146682,-4.49886694353065,-3.8806629425378163,-2.751048810744188,-2.2030716828686696,-2.675316536684305,-1.8537485725263405,-2.289937001214894,-3.421035777560993,-4.535959569965465,-2.2036284829151502,-3.955605295049862,-4.726061972253358,-4.109878350227735,-0.6946899531031302,-4.167352091437338,-1.4168726325359617,-5.219761102161152
65,-2.668561631068172,-4.3074156599652955,-1.2066448358279018,-4.637691169576033,-0.3193227474345308,-1.2323308304695018,-0.20891509021174026,-3.015839718037437,-3.6464965025133482,1.838056900128019,-2.8487916583986097,-3.567456006308656,-1.9391140872022428,-2.4472808537956583,-3.9250899950964024,-2.6369528283498056,-2.3631733723822013,-2.712875659554258,-4.2579730271467495,-4.455527668039867,-2.876040577653654,-2.329979955413522,-5.033962897796703,-6.469760951245068,-5.962058958111039,-4.2359100219779116,-4.752438450837543,-4.353477294997165,-4.436963034930057,-4.93130658715362,-4.523983875777263,-5.477296284592505,-5.386863394020563,-5.377993337655878,-5.1364420311611845,-3.786523808092995,-5.938598996904293,-6.3454068996437485,-4.843118854381402,-3.4716782488749742,-3.797596262350503,-4.06632333828439,-4.6828938190762575,-3.9041253978601724,-4.337770552161932,-5.004596622104261,-2.7977321963756916,-4.843902774312955,-5.142556184344747,-5.280655705723285,-5.0238870693408675,-4.511013865749638,-2.4792294722800396,-4.030948031797779,-2.4521653982858913,-3.4668886522006384,-6.261657401008819,-5.25423768321855,-4.3724866850441035,-5.448266053684527,-5.533023104708125,-3.263120059461083,-4.069605689775107,-2.4274468762513126,-5.166226032036744,-5.639874594338878,-5.2640676465929035,-5.672736109379862,-4.630111499117863,-2.2670276666786484,-5.142635224389537,-4.062163766641885,-6.0873956784087495,-4.901443994916547,-4.896991434441609,-6.344320319235694,-2.4384176875474965,-3.82748591433348,-0.811710989967847,-3.334710322219411,-5.1718443509373735,-5.5466991242202575,-5.192845928615669,-4.466676886850829,-4.629451442743115,-5.699926793385513,-3.6790064852660804,-5.8078912034839405,-5.2544394090786914,-3.6784102357928075,-3.3021294871162254,-5.285870993166584,-4.104717045624907,-3.0820609618013743,-4.96973384858549,-5.538379789684187,-3.3756899798506925,-3.720021891606645,-1.8051279977422219,-4.012054556277206,-4.734614169309131,-5.3040162045600034,-3.783394138089288,-3.3403754864212387,-4.414057594895295,-1.2128084334506415,-4.869562174276968,-4.294411121793702,-5.472523755513177,-4.080223990016749,-2.3063669009881753,-3.13503206349948,-2.6150617084869676,-4.186409734403237,-3.6149543484288285,-4.104378653804067,-4.476404977138517,-4.240215169222534,-4.410032970199302,-4.97901733503293,-5.369033855063367,-2.493466205698825,-3.0236518256726947,-5.289334831104881,-3.665268099077927,-2.699460707829008,-1.4384296925630573,-3.4741975312425524,-4.92030919492461,-3.424114624541549,-2.8860054428694686,-2.0650361785241667,-3.1962325196535533,-2.1234566945121838,-1.924031752037837,-3.66272481110952,-5.206981015048664,-1.876297670811343,-4.222281981223896,-4.395701591604409,-3.90393760768146,-0.18615291317053095,-4.081009145045705,-0.9948086744773421,-5.628464118788357
66,-4.024197080176194,-6.471445084311034,-1.9288551829474714,-1.4451859892604677,-3.3694188013009247,-1.0289085567513274,-0.4844366063877852,-3.7187019414441567,-2.8400750481862076,-0.2208200159799527,-2.445756136566598,-3.4895839630896033,-4.983946635543998,-4.042975248425828,-5.05510434488498,-2.2562887014769197,-0.8817891892791199,-3.8442890513578956,-3.662734941336507,-4.396277293361873,-3.8669693260174167,-1.1374751457571088,-5.969598502553622,-5.622310127032786,-5.553921618630086,-4.445020628654653,-4.47082815067522,-4.861253594597092,-5.822777638359475,-4.7790920935203545,-5.043280868498107,-6.373078014186293,-6.403620563163682,-4.329325174717191,-5.843545635577714,-3.0943588524568955,-4.975047322022225,-6.171341842955679,-5.326708103713811,-4.082900645970565,-3.4677107023012876,-3.406841405085955,-5.4665327659062894,-2.9144341852877766,-2.465728012856057,-4.877424539926967,-4.272308916395986,-5.672030709956699,-3.9404160523974143,-4.5524909430390395,-4.833556231656566,-4.498252466169308,-3.5783999888124107,-3.9669346635944143,-2.5662872002077073,-6.06971303483064,-5.722768723344541,-5.33381893654107,-4.014115607868655,-4.587652628285735,-5.215948678378817,-2.9301122807173545,-3.8116988259042137,-2.6924713720515374,-2.6321025132767693,-6.088339356429487,-4.266057242151254,-4.354519196807727,-4.949593002543304,-1.2777752971063947,-6.108061868419187,-3.461166741618076,-4.73930018847172,-4.6319650473309135,-4.203755967094544,-6.621910855210758,-4.928012711401104,-5.427151832152188,-2.396114123126919,-5.350491911967417,-5.795047211190007,-4.642940507842382,-3.552388076938282,-4.303753146030255,-4.6280303820362,-5.704566784753784,-4.738356075557073,-5.885805095039259,-5.322250433648472,-4.3937419411062,-3.2707229171893126,-4.679713739346333,-3.2127302325922624,-4.4455402305027265,-5.120175238206352,-3.7654308525021647,-4.029778812763944,-3.823634599143304,-1.905204491999712,-5.077113159782288,-2.2512272406072897,-4.616553190239038,-2.925652739686933,-5.773849591719002,-2.617628274421396,-1.9455320396117153,-4.2674250247620495,-3.283419620687218,-4.793051555903754,-3.522641138719286,-3.55280671657977,-3.243864218411024,-5.011380033903664,-3.4983800204861972,-5.20939285413048,-3.092134235430734,-4.083172219214851,-4.32421699726483,-4.491057518564798,-4.820171521890968,-5.50985069398734,-2.839302213507699,-2.778094958541794,-5.3368123873092586,-3.655932812875671,-3.027001676876421,-1.829277688711849,-3.48079880932196,-5.135586836825515,-3.7800355251238633,-2.653646332581472,-1.9502211293702278,-3.022134840199313,-1.537134640194037,-1.5325106039416847,-3.6642086505741625,-5.213061796077483,-2.60101401354673,-4.170823789456651,-4.846323464762775,-3.9615168224789294,0.5770492552530759,-3.8478381839438596,-1.3922730147724354,-5.675656648280091
67,-0.7963586722773881,-4.28093633169354,-4.7483558840418585,-4.235599447286293,-1.872522873991071,-1.40345413767197,-0.08594867575917764,-2.957808598848444,-4.2845772769488715,-0.7115955405935187,-3.454703828276629,-3.366059098438204,-4.641552505442128,-6.059657853302051,-1.4666364339756095,-3.9330555081016962,-4.947981028016438,-1.7860234221772013,-4.485372019544672,-4.877740358305479,-2.119854316710668,-3.07304711598369,-5.6425838678520925,-6.707860695101135,-5.67103524751459,-4.963750235005153,-4.405610630296316,-4.658657528551718,-5.695197911408306,-5.590157558995311,-6.842567159225735,-5.736198733588404,-5.608628794531783,-5.022185398677296,-6.358965209910111,-4.905694077566609,-4.363011306861747,-6.501994178433085,-6.355594632408184,-2.714541727996507,-3.6006563970901335,-3.8415636252413936,-3.6948185879736792,-3.3574382483650274,-4.580728011639297,-4.409566225374199,-4.694604402361402,-4.332599332154331,-4.057470516336976,-3.939835433735784,-4.437022181657751,-5.285057628693846,-2.275023846924165,-3.0032468939792434,-5.40600571886384,-4.3907273372623585,-6.3578277485771935,-5.773240884271225,-3.2871459522855417,-3.8613343023941713,-3.8575927536501107,-2.2481435871331654,-4.751879786607213,-4.020779453388898,-5.503509164043817,-4.905761475117224,-2.8478659895314213,-5.873881866136227,-5.733598987162403,-2.00843762384466,-6.074924751744225,-3.2677009833833557,-5.152819332932374,-4.3649782676791045,-5.7121747310507995,-6.540675142915615,-5.189219715307038,-6.059869045333829,-6.017590660779223,-5.259338509519135,-4.686143011691734,-5.590699537951704,-3.12151770971129,-4.504253853431986,-5.973677581230651,-4.174567756157845,-3.88835796815272,-4.46571083897246,-4.001193595762539,-4.013576364193014,-4.469275115508188,-5.820404553207152,-4.125619797625979,-4.16052186465004,-5.142616851329015,-3.9687800350833977,-5.949136040900853,-2.750955846488179,-1.9483884733750805,-5.336724354997654,-1.8225483160951828,-5.616506500822601,-4.441180878628352,-4.207891513159689,-3.171880585097437,-2.426739867840334,-5.429540848046872,-3.6833291400510517,-3.9865785263886426,-4.59198185648601,-4.096009111812293,-4.592399440162049,-2.468164860642481,-1.7844321358057078,-4.727839343248567,-2.159502868829594,-3.5205219930142144,-4.225614668998869,-4.3656987854499185,-4.538802086740124,-5.934354975645056,-2.520549407791857,-2.9452749273881365,-5.4115280404921124,-3.349048881908533,-3.338867362200283,-1.3419630365637019,-3.480596447025449,-5.167304216491651,-3.8453397270161918,-2.6422499853345367,-1.7884275215308336,-3.2466218668644524,-1.5933079440630504,-1.1320743913555193,-3.730482764365365,-5.25095496562187,-2.7143434593050375,-4.849106127445841,-4.124775506884475,-4.185829997822706,1.00566723545559,-3.479554679141144,-0.9981005040085003,-5.33098164492377
68,-1.0368685059381018,-2.651648083770114,-3.9312960096290888,-0.9811703694884839,-0.8008853578360196,-0.8613587661839206,-1.0737644916832303,-2.838628610797909,-3.2340831320432804,-0.7297621924277617,-4.482296114923617,-3.1434737403142146,-3.832317560783531,-3.1483233790941867,-2.353301136410165,-3.93219128761302,-1.8325381453931415,-2.9384908612452785,-1.7294522573827678,-1.5577957694279783,-4.919899921910746,-5.069496171858516,-5.225560048632669,-5.157824589496956,-6.34805888914014,-5.002182631884995,-4.929856263382975,-6.529776482478429,-5.960134837708015,-6.2184616687186836,-5.507164875820591,-4.5890166524769445,-6.940408185473752,-5.661032518037199,-7.123746746164439,-4.526625204561965,-5.5960887254516605,-6.0791379537295915,-5.250863447496012,-3.2592989224507933,-2.898822286082863,-4.83798379082827,-3.48930386631605,-3.147107228405095,-3.8608795986085003,-4.399304729893304,-3.4034774817168754,-4.535144544509441,-4.159350503675502,-3.4550968918894283,-4.046251063549275,-2.9901905134346145,-3.170172393153428,-5.926602207235329,-4.77447024887081,-3.5077956534600823,-4.181588683298692,-5.3430791018054595,-5.014534663772518,-5.2444315067807885,-3.242023985399332,-2.254899290232874,-5.2100991683375915,-4.253270780446461,-4.240336488030929,-4.624166356143986,-4.592605037848882,-4.542336984302244,-2.051683440292532,-4.098973636467015,-4.2772919658034105,-3.2333166024191002,-5.28119353450165,-5.060390263980695,-5.098781180275644,-5.225433574814806,-3.3855002713569378,-5.340829046574352,-5.658484000725009,-4.8276461736466585,-6.033207174601569,-4.767437163638426,-3.9774822910742005,-4.116773496903514,-3.972887243155501,-4.029388432863628,-3.815055110111498,-6.095749747606713,-4.493537942195061,-5.402171401618937,-4.952118758030489,-4.401895433671034,-2.4952973416028947,-2.940158920199185,-3.687048873965168,-3.602599197508496,-5.235132762158775,-2.542803933882996,-2.955930376071626,-5.110693842447622,-2.6911761725542718,-5.550182486780224,-4.227833008198399,-4.258623027640102,-4.589077447116061,-2.5878726917888497,-4.966725936562556,-3.9327158396846515,-4.180418721044851,-4.169490672665111,-2.8015386036261587,-2.225165256601308,-4.7167483444828875,-4.494943664378573,-4.944623104754276,-4.393144737311446,-3.307667492192974,-4.301994636475179,-4.6712298145179805,-4.548196251047998,-5.747950596094642,-2.436150516790524,-3.2136791933842868,-4.897179352135662,-3.003856649340378,-3.284576918159729,-1.729407178884304,-3.1787182010605126,-5.305622810996774,-3.7711433053387156,-2.4961864847033324,-1.1905067380493868,-3.168579784935324,-2.1389504972429543,-0.6473726970227395,-3.73666754328256,-5.698010290676593,-2.8168953534071823,-4.34854201491322,-4.360761081452146,-3.7125357743788157,1.3728120378789164,-3.5201744372487656,-1.0261687219447138,-5.693332897984536
69,-1.014499161103438,-4.472663012568176,-2.382448780726577,-2.0689604837149504,-4.2048826606220695,-0.46891166708984955,-0.6900587154026077,-3.598623914870395,-2.750792468894529,-1.0179814715797444,-3.6745835599888723,-4.121907640134207,-2.687114373469291,-3.02752587695522,-1.7661402795378116,-4.569626231930731,-2.9412365856099885,-4.466598701487874,-4.4506831120542945,-3.2417683964223567,-3.527412803500319,-3.902708270430232,-6.32021907000047,-6.246354503320133,-6.478107682441424,-6.3820144596452915,-6.583773511395744,-4.987119735904876,-6.176926382758323,-4.469917732297617,-5.3263362317585585,-4.688152201953978,-6.5701278280755115,-6.152923595402031,-6.372877238238714,-4.762597322704414,-4.57460516938681,-5.345763733008335,-4.792269234699193,-2.3309879579061863,-1.6572486933358834,-3.719925058878881,-5.635084479349422,-3.317820759725001,-2.720477421688671,-3.3727277207890807,-4.821218122453121,-3.5339491776037253,-3.8410893622656044,-2.4070979270368453,-5.368420739060269,-3.985505827526273,-4.875894607914937,-3.516056288839205,-2.762947590506997,-4.213405048079723,-5.85721122282842,-4.918316198382562,-3.792771227087286,-5.990946405258394,-4.8063831284579495,-4.043306386478972,-2.764254473218118,-2.5933991123288234,-3.9167362995253994,-3.428807586272556,-3.2662604004349904,-3.3797692347216266,-5.121262992059727,-5.659496257154903,-4.819152686113472,-4.1570182044101305,-5.457099561390471,-4.9488427777431765,-5.056023670399101,-4.742901380428694,-4.680795477199306,-4.299557043247288,-0.9920977228603602,-4.411961392570644,-5.805315872741653,-4.436150470336031,-3.576798746828241,-4.280976457573307,-4.996747397546399,-3.820280162544812,-5.577586722381665,-4.876568890050422,-5.339512012205042,-4.4026234929855175,-4.171755067871949,-3.8736726769534933,-2.2415635702398533,-2.7494744648438876,-5.279497756523119,-5.929299696212779,-4.3623211300046405,-1.9767767951056419,-3.9287857142125384,-4.25234572503141,-1.8508534285564053,-4.666437753291801,-2.107407546690555,-4.271495149540764,-3.42968227210764,-1.8139440022490962,-5.985251897923946,-2.754386987367017,-4.666323042647322,-3.4467572568043225,-2.8262131620683713,-2.3989205064073498,-3.376898351821949,-2.7283661182466514,-4.545971777944019,-3.726077885296844,-4.032731139063061,-4.134311013885573,-4.311866030106921,-4.415956642918772,-5.887272924055898,-2.4386987846767476,-3.148981343285037,-5.243053337867354,-3.4162497799083393,-3.3187021883172076,-1.5251119591260558,-2.705207027823003,-5.41154233437025,-3.581695097960052,-2.16135593034879,-1.137234888960571,-3.5278333770064996,-1.629660244160978,-0.3388788192034145,-3.3074187850865835,-5.477325178362725,-2.7960481749010655,-4.353760503504805,-4.049081708595933,-3.1893400793865774,2.1402091268464725,-3.3260244046363563,-1.3764514006597168,-5.717615871611687
70,-3.2722543947222857,-3.8376171402296473,-3.1289967783348867,-0.45897473624049656,-3.4460820341372136,0.2960332584073031,-0.7098072536566565,-3.228547880982724,-2.5992059709899573,-0.25140851037855483,-4.47270273418333,-2.733405458054203,-4.1487551379285215,-4.1371606425980385,-3.79031925102951,-3.8596572204638004,-2.667317024583031,-5.1089939479808635,-1.9299742682405214,-4.045100239179687,-4.403943375348667,-4.955130692993614,-4.367519647553557,-5.269840681648617,-5.972036103263688,-4.687154762165371,-5.640542985368469,-3.922430254801841,-5.167973154327157,-5.169642345390784,-6.426766988654822,-5.255682309480956,-6.009947738521449,-6.126629330362553,-6.925067860149572,-4.414248952500351,-3.8155251029533632,-5.469082894205879,-5.08892766360716,-1.7947957686715408,-2.4238403434586084,-3.6509205312807342,-4.055735803728972,-3.5352011873875857,-4.821919470018539,-3.542468009753681,-3.0846178353627396,-4.721106665203662,-2.8444214361467637,-3.1570781046657346,-3.1234829634153645,-2.9768871739344647,-2.9227529978509423,-5.501588052441344,-2.8157201171233,-3.193953303472602,-3.604972162568661,-3.5762592260289714,-5.509964577054796,-4.461249960656543,-2.1825106008888273,-2.995547740078271,-4.184882838186708,-2.9881738360790897,-4.121758714325178,-5.187436741683722,-3.5458747541508653,-5.01590057786794,-3.0093383029327425,-2.8346709085838686,-5.806781923052098,-4.346302856420811,-5.107903140476499,-3.5018402548364485,-3.2247587574254855,-5.993334144337796,-3.084381087963191,-4.263599683310576,-5.532877774439134,-3.9448961479212743,-4.779206031788954,-5.275195360355262,-3.4415118577955996,-4.915580575242245,-5.705456222782493,-4.733620881413181,-5.354507494877502,-6.172276130117015,-5.042960676406567,-5.587516899722118,-3.2138585857031687,-5.119938839175837,-4.19889375134032,-2.836883529071391,-3.3790641648602646,-4.8633185497800575,-5.603438546103126,-4.145039838593294,-3.243129278966418,-4.15282640469545,-0.2541340839682511,-3.839116115336655,-3.013376586198932,-5.637365304909167,-2.7516380101859697,-1.8453333173014754,-5.904024630090918,-5.070288538175197,-3.07901521953928,-3.415435499115585,-3.0135658361827886,-3.581361427873186,-3.002377716181301,-4.15318085747574,-3.324335494900073,-3.104851931731732,-1.95932370095368,-3.838537058553618,-3.99458553752278,-3.864791545480242,-5.666360788089405,-1.9586002210691347,-3.290629248811575,-5.008377415734475,-2.7597391064418213,-3.7670576984581965,-1.2728568115370942,-2.9063680626980246,-5.477007070920568,-3.1767396426961327,-2.4639627016017167,-0.6089471053900528,-3.817466884888286,-1.494124545944433,0.16636797577923013,-3.1969352273080385,-5.651726800275614,-2.714430205967355,-4.862624684789958,-3.7148536479019283,-3.362468592475784,2.5593925383293357,-3.072608962432769,-1.2563143714933327,-5.7612810592251975
71,-3.5849906225388963,-3.6425797038829915,-3.4437787865055123,-2.077471196623209,-4.706320030385795,-0.3286076932142705,-1.0663949215959934,-3.6631494829930764,-1.9751548316581948,-0.822443271268402,-3.6320719249941886,-3.4132680241517246,-1.4447178389321298,-1.817697878104351,-2.1846014855438973,-2.620615454376963,-4.311031400382466,-4.236295299556212,-4.422345791494799,-2.0388614332083055,-3.2363447813325017,-4.522247946582403,-5.511966637400645,-5.822842062048203,-6.28297524546103,-5.651891075015536,-5.504917076324956,-3.779772702140951,-4.22018205446936,-5.215296325459176,-6.0602544083912,-5.815801894855246,-5.7360332832856695,-5.642318894852516,-4.868969639356069,-4.305847185000605,-4.084675716695475,-3.9833704595670594,-3.9299789701471877,-1.7713454350292959,-2.998497447594647,-3.8502871063369017,-4.042821652421939,-4.526301420999021,-3.17689354369295,-2.471872010035952,-3.4463205023085632,-5.263869923448194,-4.097975236770635,-3.2854855298935433,-3.22869498739579,-2.785223613316561,-4.710490503097689,-2.7489129556723206,-3.9774696163761782,-3.3234541369724293,-4.476145408333582,-4.607509862325781,-3.3195382646168348,-5.101039013576846,-5.278280930606646,-3.9483438254437773,-2.318017826101181,-4.686083276721475,-4.559377049206807,-4.35101870781053,-2.9056726843776897,-4.581019680584545,-5.366292612287329,-5.202789918978935,-5.726362538757333,-3.9938235008776592,-5.562032840281191,-2.8082526263750096,-3.710440684985927,-6.018171240705456,-4.565016592864463,-3.8089457366447403,-3.4590250937413174,-3.2242343364163144,-5.3332526868193915,-4.46072430340456,-4.015659930724569,-5.061077627778432,-5.603587952509015,-3.550728724049839,-3.5636671957436112,-4.71081919871148,-2.9239890281673513,-4.969646729252168,-5.150944443462342,-5.000165149553354,-2.6011438519273637,-5.395378776164792,-2.4633512958519033,-4.769344030988156,-4.232768580374258,-2.9782430949624197,-3.894871584549041,-5.574711311643287,-1.2218522668672231,-5.016066954456665,-2.308764296211768,-5.440894406509347,-3.4502251501422934,-0.9600456144663534,-4.188869037494259,-3.632754551826407,-4.384338485394718,-2.725273056916523,-3.4830929804242055,-4.43226634223524,-4.111414451511484,-2.9426333778445466,-4.239080551711398,-2.493156594923331,-3.8784279514654973,-3.4002296086732144,-3.870423074944466,-3.493597495342746,-5.729711586406913,-2.071092333426448,-3.259238189867055,-4.657197897015338,-2.92385534877782,-3.754837967243655,-1.38631537676301,-2.645021500369852,-5.18684991553085,-3.550691964065362,-1.6392214434768138,-0.400909989329091,-3.2665318633503224,-1.6313868861694638,0.6297082783088566,-3.082059264164412,-5.299887455099498,-2.6226404523896094,-4.912397114712974,-3.5094384458118006,-2.6984736290489684,4.074324264813869,-2.950324817287326,-1.1864864154981576,-5.2895526950753595
72,-2.2523971773520324,-1.892833683108364,-0.7935477526575281,-4.305322632991031,-3.242002738962304,-1.1481690944334437,-0.4090453862236586,-2.2511967470057797,-2.7106692113284923,-0.7606812159136016,-3.509863340815745,-4.100912616457654,-3.6825983000446945,-3.27740487604723,-2.746873695144362,-1.6125332899568474,-1.131255006149781,-2.0448177361976936,-4.151309285854443,-3.379913625768501,-4.091165540874301,-1.7212917313971738,-5.416135069681618,-4.795383099728525,-4.31984150050324,-5.7297956606518925,-3.769224147195066,-5.486336068264219,-4.011036491668629,-5.9167001025251995,-3.83669910687029,-4.077159350904282,-4.231868632352504,-5.407809962422093,-5.713427023503441,-3.653105236821115,-4.223979587696124,-3.8163105744522126,-5.06864163500097,-1.5544066792060343,-3.194921584702631,-4.040664231707013,-4.639275115731239,-3.084978205656811,-2.8604726653301835,-2.864063640192259,-2.409726332588067,-3.6795035044272772,-2.7606213377951114,-2.737180287900272,-2.583186205899796,-4.806760904899887,-3.617104870754767,-1.9527219329464294,-2.2079700392488646,-3.1253388963665354,-2.9084427075036494,-1.746002961043704,-3.8052945744954627,-5.230452074102925,-4.4527649744504405,-2.9251274503113853,-3.060245795434181,-3.76266081147233,-3.128864356796159,-3.5755398212805636,-4.464134550253099,-2.0099784327654495,-0.5965209267060496,-0.6726047472844892,-5.622840530630036,-2.5678117338073396,-4.806520802897107,-3.673399572323773,-3.220594714535027,-3.830869926773707,-2.2110297536647083,-4.1731572693877,-5.533660245960465,-4.446863654122542,-4.50396996661871,-4.1320742921752975,-3.6673410847171235,-5.180145197257624,-3.7759079096383834,-4.230856485068526,-2.95158172403485,-4.529582513720239,-4.399768929782273,-3.3339706906732904,-3.9642925689621356,-4.730079890266078,-1.4877049409637784,-3.172177237642513,-4.4281443583826094,-3.294689470848206,-4.129251891430947,-1.3639415606833536,-4.074569237557006,-5.03724561369067,-1.0093136887263672,-4.119793148185671,-4.067768976751108,-3.370710487299937,-2.3516876928292865,-2.2204161620665106,-3.492996938268679,-4.272405021135395,-3.1652831135145396,-4.7584329771197815,-1.7405996610625105,-3.576196230117013,-2.6623631668897523,-4.262345131136156,-4.5375104982630665,-3.1572422449057016,-1.927544520056434,-3.3211207862744416,-3.9291533584189153,-2.8871331496179877,-4.916434909182951,-1.5797889720359226,-3.2484693898249057,-4.533917008070815,-2.0828989643396794,-3.8667020256049467,-1.3895237815006003,-2.3234844208868766,-5.4083206716276315,-3.4606083970309562,-1.7778875268303538,0.023082781012668863,-3.2181702559188308,-1.519073853100115,0.9737889241569163,-3.187053506299844,-5.103771068636121,-2.3642372961563574,-4.4579727340789015,-3.045794389502078,-2.832908105666033,4.658078087637506,-2.5053288149705604,-1.0627895822391031,-5.475484007770242
73,-2.772362967839218,-1.4318669845915437,-2.1393910281726836,-3.443274200997487,-0.9999001805143806,-0.5103983802481592,-0.30863682032013995,-2.654888786807141,-2.12804591003584,-2.7246874428203376,-4.775907029372523,-3.5486771067179794,-3.139916888260144,-5.466447396578016,-2.247823725872503,-4.694766430280646,-3.3640808330457115,-4.244292413293841,-1.8404777412566262,-3.98585209147102,-1.6729913820921514,-2.6285848671733087,-3.6493116621160095,-4.610310134751392,-4.625007391537901,-4.9590651653767175,-5.560583510859706,-4.531013319512224,-4.799457797298302,-5.372695244017417,-3.5530762382904326,-3.672660912755316,-4.013188231107454,-5.807322845467135,-5.680693469811523,-3.768938785818192,-3.2346950520336337,-3.8967647218306096,-3.7045705090593675,-2.355817721327475,-3.2789521546542724,-3.5613729700105963,-4.050537111032628,-3.9389266189607923,-2.977102344303584,-1.999832247026203,-3.845463477248597,-4.004710434209494,-3.829013498134498,-2.376895546560526,-2.5050544750699077,-2.0315861328929463,-2.911119820820523,-3.8793643350488995,-3.245408831255909,-2.402473962881638,-4.6737743369891165,-1.4140120288738829,-2.4374342159939504,-4.2635808225922425,-4.701133823666799,-2.308981867618562,-3.7373341126315314,-1.1877165242789784,-2.7020000470186325,-4.955576047555925,-3.7979912151170137,-2.02763511906396,-1.9148645680163443,-1.205129908076036,-3.5898581165707735,-3.6013653892990036,-5.334454967479625,-3.3222924939730865,-2.249951710901871,-4.386392168017723,-2.0828694725338592,-3.8316477576220587,-3.91286879682412,-4.458007771656969,-3.8717955887197784,-4.914155868968871,-4.013788296342568,-2.8593726778660487,-4.76414707106704,-2.79523235323743,-4.082815607878453,-4.544668807149434,-3.1311932780776024,-5.2128996962711245,-3.9881556231874864,-2.631439880092561,-3.700470911331195,-4.2556174879888635,-2.251747176216495,-4.276650723826094,-4.376899136985989,-3.5221634697704514,-4.031090500919961,-3.2947914754081524,-2.800165315106369,-4.342808365360587,-2.887034677312448,-2.8813713303161936,-2.681301765373452,-2.1837400587824,-2.9427487308686615,-3.9364871208915875,-3.90163249615504,-2.5686361316203237,-1.5860832240189247,-3.932607391002754,-3.341648317301037,-1.5849927200933376,-3.59573791009141,-3.1393426426855218,-1.607540453523502,-3.52517220466433,-3.7269806346601846,-2.8647650071536384,-5.0413976527631466,-1.8787867669961953,-3.438276678083491,-4.178291125607853,-2.0540299643382487,-4.058367709720556,-1.740502724702069,-1.7315246455051057,-4.970490430620181,-2.899552957117309,-1.6711991917776978,0.11245459306784614,-3.381110318340805,-1.4158746216678602,1.487444333380266,-3.0747674488187595,-5.490618709206449,-2.5852316114215386,-4.077786662105516,-2.4389188773458774,-1.922370966741497,5.052671233289873,-2.033253746938226,-1.189764206249305,-5.267563168505271
74,-1.2787419175384631,-2.492092963467479,-1.8889996537859495,-4.079061567293352,-0.5100927583518882,-0.8918858062356849,-0.706616964887403,-1.957775778410053,-2.393439691389458,-2.875507945225998,-4.1018331264958725,-3.442979879563504,-0.3152427213183868,-4.9400897988435295,-3.692399755562915,-4.688373675564508,-0.7162074262126219,0.03980463011164215,-2.6199617443859693,-3.56656865455211,-3.410000485480535,-3.203994734558573,-3.2254647487197734,-3.8914663671966787,-5.398587312154932,-4.405603938860627,-3.1418635525715284,-3.8306299102022447,-4.218829105118504,-4.520110437079832,-3.5089084545498856,-3.3482386101643193,-4.431917173220051,-3.4668830322761117,-4.31701409653721,-2.1285694024967388,-3.5478649210273274,-4.811153648785847,-4.722748499543885,-1.7787232018845187,-0.9747969228558744,-4.318826851484845,-3.7251137508049172,-3.4610503141644218,-3.4741979439445365,-2.1962023451027575,-2.6611978689487317,-2.8629751671404757,-3.061327783322451,-1.9696779817208638,-4.336327385141723,-3.550819690846459,-2.4725927876395266,-1.6445244743165968,-3.4178772540852718,-2.0841994943257847,-1.6597873208140528,-1.2852065784949214,-3.8098065927731457,-5.246401719988301,-1.851945480851656,-3.0159461717897766,-3.798340641476914,-2.8062263990224103,-3.284226726474567,-3.529267942192249,-1.706356055020887,-3.5631669462832742,-4.6996333365655,-0.3711982013521995,-4.2103896771084965,-2.957843537792929,-3.0700126553526013,-3.3212878289832175,-3.3784723112825716,-3.521852273273874,-3.946186489737963,-4.343620990066492,-4.096235793083013,-4.022846839009507,-5.096129187138123,-2.9217792467351247,-3.586043500185258,-4.1292600242582775,-4.0102758325221055,-2.3638078169458576,-4.455725952466383,-4.34945618559506,-3.2819421480930133,-4.95132594168282,-4.042017132522094,-2.952531586745006,-0.5974120944580337,-4.488425612514206,-4.639382112326109,-5.173933947342162,-2.290848955153762,-1.9632828862230025,-2.1896506017107136,-2.7114002877399694,0.8197536629262987,-4.686701475777322,-2.617815365735078,-3.4443224807614445,-3.2259442216947103,-0.08812785263031842,-4.791586865278385,-3.0313394149399464,-4.612064928264141,-1.4587371873701414,-1.5980513517547794,-2.9560596994584634,-1.9648856234501602,-1.755026497063524,-2.4391244131647096,-1.6354947923369791,-1.7990147188643344,-2.7887197694568595,-3.0216872977254186,-2.3108507465881267,-4.492750582645976,-1.5696219634170374,-2.9758332660520526,-4.353131636181833,-1.716260958850497,-4.39911251145743,-1.4537346061219245,-1.7382429140254547,-4.690057718105436,-2.5264378244772923,-1.2116192359328912,0.5392037484836405,-3.3594086800187193,-1.5893056332003903,1.803594702941981,-2.872825877834639,-5.1416697096317545,-2.8706867505036278,-3.939014330744181,-2.716336222982991,-1.769102562869183,5.607604147911712,-1.668800159872359,-0.8368211057837758,-4.480044948502532
75,-2.8319082721955944,-1.6676645737855411,-3.2130437299947605,-4.007369207065215,-2.936021698749042,-0.2332011409515391,-0.7382732456199049,-2.2778416212891326,-1.5927534367066905,-1.441824391949069,-3.740539634529097,-2.596450667255522,-0.977257849923002,-3.46667917766434,-1.3492428182280967,-3.419391516840479,-0.09467266510431438,-2.1302706089407235,-0.5201380798352764,-2.876363700247394,-3.8729133356470395,-2.269003646343741,-4.475547919817213,-4.374297572318897,-3.5867538384002855,-4.4308844188580645,-3.8048747791936517,-4.1222059978655405,-4.058888631944198,-5.099886272207504,-4.156151866147468,-2.7624557868929362,-3.14883959072015,-3.0508455405170753,-3.9999102746083866,-3.197467425312889,-2.7288160649428392,-2.741163304250998,-3.2773363291424458,-2.031301878369514,-0.709381181122493,-4.175069783326749,-2.914816146183412,-1.9112026421331902,-2.773241616194422,-3.289441298614328,-2.0673523652624555,-2.2572709176400645,-2.1779263957311072,-2.0483269396856603,-3.5239908406858667,-3.5723256864322614,-3.7794224528483946,-1.3524659825108785,-4.096112758474903,-2.775549944055644,-2.8420851184911937,-1.0596020320364925,-3.2758852357661983,-4.118917207826632,-2.031585864385569,-1.7460868923340758,-1.301093776994414,-2.9777165059511645,-3.2233962969901784,-2.5019030732753924,-3.5325635818820764,-1.0191101805074338,-1.455710250805124,-1.2000580312521127,-2.834407919668689,-2.1513293415659165,-3.301614597108333,-3.211153223810654,-3.4324761538174386,-4.417525161855487,-1.862606390382414,-3.5659902752172004,-0.9151372252302572,-2.6959352317388596,-4.468117235747105,-4.311398318039472,-1.9346854173709307,-2.2404353088690026,-3.219575328321291,-2.688503229200081,-3.9808256135263638,-3.0840317032304676,-2.677162214675514,-4.289204263496883,-4.016330976843142,-1.6032768065900127,-2.9071483117812917,-4.098693472310625,-2.763932802771229,-3.28574697482285,-3.659830739218602,-2.5035151726730986,-3.119472518140899,-2.524346759492153,-1.0339158763513954,-4.131267070714191,-2.0169192309770905,-3.7497422607728113,-1.7665291388415136,-1.5507254984454217,-2.18198391737526,-4.1290627005911364,-3.103922331359236,-2.829778731663605,-3.4911200835229113,-3.213586929889819,-1.9931310856200992,-2.5153296650596086,-2.293282826589939,-2.1266835790224787,-3.382435666054731,-2.7028547058022303,-2.6459324525771573,-1.8219185429061662,-4.088827762082169,-0.9022662102446916,-2.880823066312653,-3.653575406014125,-1.0596397093285503,-3.8360355873305485,-1.5353700076569383,-1.6509906664779457,-4.259877868298201,-2.5378352437091443,-1.3175229690360655,0.8751392607765415,-3.1472012082221568,-1.3712450366826217,2.2812997771150823,-2.273340498260681,-4.851457952848283,-2.7145949450865627,-3.7588792455584525,-1.794383204825058,-1.5698657135632543,5.7130835023418856,-1.1621542191160743,-0.5323229441665073,-4.4302570635827045
76,-1.051050188888647,-1.658804934533212,-2.493215000484523,-2.8769689459763015,-0.6613877614777062,0.0035664469351263106,-0.7526281788440945,-1.9320926449780265,-1.2772689402237094,-2.931400491980283,-3.8711248389581616,-3.3851908201870637,-1.4003169364364432,-3.5229635627776723,-3.034327727538921,-0.31782289012023046,-2.5749084661122588,-0.9958111661428997,-1.847195732870782,0.5979722181673863,-3.4225678489603557,0.5254443903242381,-2.5413787485418124,-3.8851923209041708,-3.344288551899965,-3.7586667510428433,-3.55458010095356,-4.283464575653927,-3.9548562129213467,-3.183690755138466,-2.1932759207929022,-2.1211941552184617,-4.492311823395218,-3.66965891256924,-3.0352977790053153,-2.7803793244067236,-1.8625076448284341,-4.066840087158815,-2.9014988756210895,-1.9592273036848882,-1.7164941235486293,-2.4917706499869725,-4.187424024271538,-1.7046489328363486,-3.014277438843326,-2.7930585366967082,-1.541325940608238,-2.2496545648139676,-2.8231155738858162,-1.5830249362597382,-1.782131047726064,-3.258296328446508,-1.154080710412725,-2.5846386596087116,-2.378873996905061,-3.2877469112223086,-2.9977544049047307,-2.4902282452925175,-0.5757564932407577,-1.297304000541553,-2.8453899998327397,-1.2268133417030986,-2.789390071324111,-2.478530484056,-0.35218726167096337,-1.0796214310483223,-0.9746854075177929,-3.314507721520575,-2.672812698779177,0.7562830013828146,-3.15893883537376,-1.4429211366809502,-3.877388336546385,-2.0620122930068887,-2.905502293069389,-3.1016447330773427,-1.251968649957084,-2.2487232005204203,-0.5324281289323634,-2.4518960294540424,-3.1205427915195143,-3.9180846465627823,-2.8646724698142627,-3.8035587313200048,-2.933941144932769,-2.058231421244104,-3.1811824477829087,-2.69563263015456,-2.912652131595546,-4.255163785826121,-3.3514030493199085,-2.608908079024154,-0.20666088763475088,-1.7054855731145282,-4.052046615521058,-3.6681504618891743,-1.1156113866477844,-1.9276369863232872,-0.9883874584561938,-2.4398530349750236,0.7676956036282323,-3.8030346721482857,-2.6502505344043232,-3.1503551132664525,-2.844384759807701,-0.7307357416955373,-2.82415881800202,-1.7486175587604378,-3.022863739888219,-0.9566205331703994,-0.6732161630053928,-0.3866312777331613,-3.2654616874021314,-2.4937142007731916,-3.834097818268885,-0.6569579103658074,-3.0992776449614046,-2.2205338938582337,-2.205433640135959,-1.3456260829749078,-4.073385536580125,-0.8362109593496911,-3.038433401033659,-3.1351364036226954,-1.1556898777044928,-4.402268467751953,-1.0183645362796527,-1.3378747297219973,-4.386770680751792,-2.1024972275746303,-1.0176066753277064,0.9062573163700024,-3.145404301169034,-1.4756557991597454,2.6099688414043345,-2.1457180499987984,-4.259022588450874,-2.263287875062262,-3.3478042648593993,-1.9065406697576668,-1.2087528405522538,6.238280319412424,-1.0267615807492154,-0.42996292776871947,-3.7843294725944157
77,0.42956714485812597,-2.7412211710426098,-1.7939436888286706,-1.4487695038670256,-1.1056963015900152,-0.6029822115321755,-0.26695727284410903,-1.4996002036105829,-0.32919840374175724,-2.3193749164366304,-4.337136144399656,-2.416821685581823,0.28602185218923415,-2.965468070960849,-0.06849248614489323,-0.59673740285736,0.4631317685834775,0.6250472766107058,-0.029786845009625917,-1.2380142077353438,-2.8722703897733837,-0.5962598227818869,-3.100474169360751,-3.3264771590842415,-2.149727510131001,-2.6530287684895217,-2.9299806944877522,-1.4717608545896708,-1.823995940519271,-1.8699213398172385,-2.3083104990163914,-1.8074531793810422,-2.167494135974912,-4.214191987246185,-3.2980917751129186,-2.674042090951037,-2.808952201958534,-1.5407385245016063,-2.4899860370029865,-1.057187207254143,-2.226488977303455,-2.763508672991607,-1.9928677101009689,-1.8528149132870158,-2.0205683128205325,-1.2275614322878632,-2.2317533258441307,-2.008456286329321,-0.7834439713643886,-0.8092439848211623,-2.8283758835458923,-1.5179817504652497,-1.3522941949746037,-1.9571396812464734,-0.3075266379336452,-0.6261142004139333,-0.5867022641819246,-2.0772452849382366,-1.575632750380886,-2.251071577176294,-1.193938535461934,-0.5430927530484482,-2.9399768281925915,-2.288356137147759,-2.200416186587277,-3.3325958546258923,-2.7020560718445026,-2.9142575589626043,-2.0848350507454985,0.7494223060077014,-2.197808267447716,-1.5008820117277937,-1.8485668957222705,-0.9590485096510903,-1.8726594350628247,-2.535635687185947,-2.1484265383545713,-2.9162639386044313,-3.6054081080235396,-1.3970459163106177,-2.5397898381286415,-2.563200872424303,-1.971032162387661,-2.4961052214339983,-1.8475666195716665,-2.0237679815382066,-2.6421218033737524,-2.616876827221329,-1.9692761095004239,-3.850349180966869,-1.8469678417167588,-0.8334796846156212,-0.2397380102252693,-4.0487955070448045,-1.7346167955773142,-2.6467689818743896,-2.9415738551001565,-0.9383089150841091,-1.377294510544471,-3.8912534111868466,1.5263715829596853,-2.6562614135952134,-2.1097422600097318,-2.2939970761565904,0.22287077895304552,-1.9738841926380282,-2.969502820089428,-3.102039771601171,-1.3341646461709749,-2.3196003857494443,-0.34001001286480514,-1.445516371117473,-0.9639526951144144,-1.2464542491510038,-2.5347121559074646,-2.271376117585105,-1.960949839843386,-2.14312587022252,-1.9775129295088874,-1.025193312173655,-3.3081340337108576,-0.8147731539008702,-2.5224967747089404,-3.2393127116661136,-0.505792812176844,-3.7679961679518073,-0.8853968887817701,-0.8182426376290816,-3.677538021381768,-2.264212513921247,-0.29544176650950316,1.4113580354880955,-2.6830636044021325,-1.0742044448076553,2.9568983348441704,-2.0713036915748657,-3.80591068766038,-2.374297715439502,-2.8032538385580907,-1.364039783817844,-0.9647799037993817,6.361108832392819,-0.5437652976123784,-0.5360232177167485,-3.9753780378656356
78,-2.8030580595155024,-0.6216223688698919,-0.09001940084991267,-0.922264232907346,-3.1242559168912627,0.43037383197877865,-0.3836319971824243,-2.124986385257443,-0.41561053919892454,-2.849949204760147,-4.103580128931364,-2.8073263027167763,-0.28797985990285335,-2.080930214363427,0.8969799586198159,-3.273426497686179,-0.8260620514118684,1.3149939690629968,-1.7674903349200501,0.9675734220968186,-2.757371614973392,-0.7661032721050585,-2.406663204825443,-1.853766573992204,-3.041259128727451,-3.210663549150021,-2.2364480903612796,-2.3184087820005694,-1.2101230657142614,-3.244353005122431,-3.505111751123065,-1.3261912944618715,-3.5782113807076836,-2.212580993589193,-2.1070067684737737,-1.8562910894390017,-2.7919797128836596,-0.8159472206060299,-3.5289090026994505,0.03385652873973166,-1.230833845758052,-1.6519711884783717,-1.2624489382786517,-1.1456315854350787,-1.4838178712869692,0.3518353634023934,-1.011371344283426,-0.24397202217063052,-0.6187863540793739,0.09739321699150305,-1.2937552855129308,-2.8986711924689392,-1.3695900081169012,0.5935234251356336,-2.3434973467918416,-2.83994375582276,-1.7366008853713386,-1.8921730870226587,-0.4796866038908587,-2.7950305491597804,-0.5020679573635345,-0.7697358027165158,-1.4341282486880251,-1.5650673269998703,0.13799195214866034,-0.15117103339976223,-0.24031205478012874,-0.3701356246317844,1.9020122165358684,-0.15429250021189445,-2.365654765139333,-0.8612444064447435,-1.2763395469385777,-1.4515678619538963,-0.257978438875186,-3.6670072824896143,-2.8757081779580993,-2.7715440497951414,-2.246623081646229,-2.1388096103106076,-3.1352244584743576,-2.3853636497243595,-2.0336233248092443,-1.029663568352523,-2.4420444005602056,-1.1314854394580394,-1.4383021147399206,-1.398045590834447,-1.2469962742516245,-1.474142007619096,-2.2219041203061556,-1.8315457346381088,-0.2547752827583549,-3.126919513493941,-3.047941684011885,-2.7711494034418886,-0.3056911410391421,0.24954038581099147,-0.8365073558159553,-1.9587557404195393,-0.22453877344932088,-3.49869355910579,-0.6669315902208741,-0.4734022831352065,0.3180820208962696,0.12300951994885168,-1.5284059795058424,-3.488063839356014,-1.6610314958069554,-2.6223678237380086,0.09591331836901906,-0.8146854611023364,-0.08371280155730432,-1.2047761434780044,-1.7688653880518157,-0.024145000940520855,-2.4465919301098955,-1.4429546685854415,-1.9395808056330237,-0.4429613478830233,-3.1135906232222075,-0.581602906758311,-2.5800569699088296,-2.310205116544437,-0.11332104580445496,-4.23349466390511,-0.5436696648607424,-0.3373231323259867,-3.8094470765301955,-1.4384926005397696,-0.609509819395179,1.76134903213518,-2.3614880362218846,-0.9214648645336553,3.296698197068001,-1.1222082209998068,-3.9871579691850054,-2.243924848117774,-2.6198062376227034,-0.7851948329775208,-0.10756220012871343,7.294084974899961,0.04516381225098387,-0.2705898931868437,-3.545362482829198
79,-2.4866390707392654,-0.5511904575619826,1.2105303760642012,-2.2489172240299906,-0.7592653675952454,-0.04573197859748651,0.6284930882059565,-0.9928564450014361,0.36514504821476024,-2.888826388114204,-2.443466689371454,-2.3868839789779632,1.5878312459774615,-0.47125712932126795,1.5397854992163351,-0.0685881736047862,-1.4645146426834612,-1.687540229930227,0.29211549341314313,-0.6313135017824656,-0.7767447651394792,0.20293618167870253,-2.3341407234895057,-2.372652414502288,-1.5045614537004834,-2.1572424551723275,-1.417804843679764,-1.3863932389576954,-1.904942158491039,-1.2589286013143146,-2.4265178991970666,-2.0619845578289095,-0.7632931861382399,-1.6029435948047532,-2.23441089664486,-1.7997697309332097,0.019878284765837417,-1.740235561049559,-1.2375201205289044,-0.06081968343282784,-1.0302786744587835,-1.030385345337974,-1.513299200487826,-0.29379947746536783,-2.55625028762849,-0.3213646944275972,-2.2872547721614125,-1.270562415635148,-1.0158839046068189,-0.7805442075889903,-0.7724719587918614,-0.6306575255104385,-2.479977978027944,-0.21173485936012093,0.17011441547707173,0.42544582135162035,0.4455141128717224,-0.32763374618950003,0.2853667023896733,-1.8254030592190942,-1.3467714246340032,-0.581917702101818,-1.0907608333690146,-0.9078029087174297,-1.376622586998913,-1.4964147730311133,0.5745879623500838,-0.07126315398531746,-0.2728073127620503,0.008165131193555997,-2.4604922581644892,-1.5329395482406283,-2.590357898234811,-2.089975589082187,-0.5912465978616834,-2.7987214324263148,-0.8956287064632114,-1.1156975844224304,0.1234877229849185,-1.367136421947425,-1.8589091852819009,-2.0206504034889727,-2.1699011888126227,-2.221760666230708,-2.6955297263135627,-0.3632830320301843,-2.108394688238275,-2.0261252339661677,-2.4776032363217766,-0.8280890007629305,-0.5091622206152993,-1.7977416808908118,-1.1812646206868185,-0.7716591485226663,-1.1959557926076079,-2.2358875838091827,0.4043942620753871,-0.0367288943010009,0.08710474134004675,-1.192632097442761,3.5390006678520214,-2.591977441681598,-1.1765228536069794,-2.1029718603649945,-0.9709202310157957,-1.0664480394589229,0.036793615287821435,-3.327979458104726,-1.6933706575629628,0.4714740172018148,-1.6983773501189596,-1.6344937483764936,-1.3012896908071225,-0.4170845860095711,-2.238253360179125,-1.9033603236064938,0.6222614001673712,-1.1655921288439164,-1.319755511741295,-0.3357909379205199,-2.949163569692376,-0.22682335749304472,-2.318501576858962,-2.0474974112094744,-0.1577615773263294,-3.4411684310969983,-0.6265670506990502,0.26258096947176035,-3.4706223734485184,-1.220914800249701,-0.32680061049839493,1.844038879650005,-2.2700657320359103,-0.370811774059409,3.636641171292784,-1.4220075738321156,-3.158455868147279,-2.1255582504414785,-2.3468812067429554,-0.05848573658624834,0.42415037265020594,7.163399497136403,0.21855685781096845,-0.2458823436518166,-2.9455523402360058
80,0.2803004995924989,0.857512020570522,0.8497460648642439,0.4557428208928487,1.323603217662276,0.48701934257216795,0.1519065372131117,-0.0031977629509560845,0.46088431892192716,-2.811869662734251,-2.5484429279477565,-1.0982565913890294,-0.7566203665492672,-1.9350710974856424,2.1471621495760944,-0.09247678848311569,0.003945323477077878,1.3614388116823866,-0.26312424734998796,1.8237988827574496,1.4941607814287634,1.8779776092756242,-0.29777448181042154,-0.3863937085928897,-0.8210488021674143,-0.9184682595988094,-1.7178442719637719,-1.9185366370459385,-0.6498981302317399,-1.5002557994709462,-2.339305953269619,-0.20302641261196097,-0.25136180857921486,-0.7018637447806921,-1.1969234857387798,-1.7683989986491553,0.6050446010134434,-0.31219372129759004,-2.3439672816823998,0.1094533227022203,0.9032954737664516,-1.5178291080683064,-1.594905990498377,-0.40589489835992976,-0.4048521799351832,-0.7373457812704067,-0.5332969631830926,0.7968751896627106,1.241855808326196,0.6942882535604917,-1.0931975357361745,0.08044112285071181,-0.9654794815522569,-0.4051351298631576,-0.2852785548431591,-0.3287480095535764,-0.23748098971638099,1.520682546940488,0.8564965729248177,-0.2576830909269101,-1.2910162848424336,1.0290089518146646,0.24108695871408958,-0.1730149744433378,0.6981261670928778,0.9807628261674424,-0.393938226698646,1.2059176456095289,0.9024338941087144,2.848675276562477,-1.7342580948229713,0.21619168221499052,-0.7203601274037934,-1.540791347718275,-0.42306365565343385,-1.040352328747801,-2.826716890867422,-2.1406356696422053,1.043233227304536,-1.9483224668239785,-2.406002466875816,-0.9907670507635531,-1.848564610864006,-0.1422798536914991,-2.0165616652028153,0.4242441894527944,-2.1833383617867606,-1.974414366233746,-0.9432992414155537,-2.031584138350771,-1.225503045731269,0.37550890080087473,1.6488935211006563,-1.442662505775675,-2.1620267855280098,-2.2456039639574277,-0.4906696553851353,-0.5493374073285752,-0.8283156884240268,-1.8768900772785446,1.4175007989264168,-2.564907449865371,-0.8816852246434775,0.5649230717116325,0.237000925197141,0.9036746566007143,-0.7114723041006921,-0.34149979062716485,-2.1975225377195526,-1.4901056794430272,1.0318902741249687,0.8191155492412718,0.4666357171391915,0.01977131390907516,-0.8144281363368697,0.2962457061215569,-0.5636514249173274,-1.011812755140919,-0.5645522878514835,0.036925369855788995,-2.1739571132527993,0.12728644062762737,-1.4980236517949725,-2.055074257000404,0.8245792076249296,-4.1401686901187835,-0.32747862798558025,0.09417240100484024,-2.8738984746601477,-1.22207022450295,0.08911690513169232,2.040941194865627,-1.9106980557222477,-0.530413519849637,3.922361384236068,-0.7969829883953727,-2.6852269431887104,-1.9790669261961922,-2.3899536572362026,-0.07578055350208715,0.522523953608059,6.919028410703837,0.956162901469667,-0.280886389593636,-2.5369111373824977
81,-0.9823716722756215,0.33252654318552244,2.6080562611402884,-0.7350102764524225,1.023983838322486,-0.15868693123574573,1.132379241983109,0.0897653462118797,0.205067413884801,-2.7964765130221148,-1.7116028996517378,-0.5051799131688337,2.0017211300374917,0.12491731895862745,1.7996894242785437,-1.2505285784885416,2.0067006924639728,2.9074476834330074,1.144702546569766,-0.399474938671179,0.42518639616082243,2.30003004181863,-0.055820830012800915,-0.422847907523183,-1.134071486211519,0.1808999633687698,-0.9956066896619842,-1.1793417657148848,0.13545060696169897,-0.8655204083581101,-0.2236460735752417,0.5338374776617316,-0.37191507137559965,-1.8806967066417883,-0.17098336387684276,0.12205387544255508,-0.663337972073826,-1.2670953432562342,-1.155507624905961,-0.46825489961618183,0.7867611285703329,-2.220135538288208,-0.5239294872295488,-0.6418660814904374,0.12707343165386176,1.4046720553724088,0.4184138394297008,0.92056713284142,1.232116642663177,1.241343281467247,0.20667384822045287,0.10259526012986986,-0.4479941904658662,-0.8146851009802657,0.3582888122930452,0.05030934791860919,1.3366977585413515,-0.6285910714400901,-0.9645413011067356,1.0851115208636717,0.5486043415553665,1.5074249372185342,0.9018466502926459,1.497131180589072,1.0190127247643785,-0.8693028118998678,0.8521229597052655,1.603077672333805,2.676911552538809,0.7913782748320224,-1.4372052323805375,-1.317159017029425,-0.8588426262562133,-0.6183924918652138,0.6754767044934613,-0.42410241871850984,-0.597135946732779,-1.0075402654635799,1.808601292849421,-0.4066254535069689,-1.288722527514993,-0.5189115644732942,-0.692697572144368,-1.3552295681095192,-1.0257455784669167,-0.4273129727162204,-0.9666540491266044,-0.38950326154003667,-1.6413115695542515,-2.0451500805718417,-0.24542386407419925,-0.32543351907873064,1.3663744567865945,-2.3592432839171864,-1.7476782980888061,-0.13061429742002595,-0.5525722089405832,1.5312524059497852,-1.0899309666848533,0.2864456164047535,1.2842727131630256,-0.28293422356278364,1.5709686469660276,0.41771309734634343,-0.40743418922547603,0.6080514833341284,-1.3137746627851574,0.2621044709303235,0.9405616567627388,-1.327994955863272,-0.04633284702550866,1.7785195258764468,0.4086449416527771,-0.27907359000263354,-1.8521433376894945,-0.6859578646537828,-0.2391923603154693,-0.4384805378353123,-0.34315978405545716,0.5010433032164847,-1.572546807219632,0.7049410542132375,-1.317310737371757,-1.5379488884398649,0.5941172234214467,-3.816217280965358,-0.14696431108252916,0.3902658177425164,-2.6983768535643384,-0.6203601736231663,0.7354933416853974,2.2023859510648496,-2.131151214169991,-0.37808226684971435,4.110113638519028,-0.3152862120006259,-2.2151084564416523,-1.9363838288781587,-1.2548761738068646,0.7646148152403711,0.8320699992512963,7.307906652757468,0.7912488265492071,-0.07087409867271871,-1.7461131874758715
82,0.8066357860015132,-0.6488133329142056,4.459228800428577,-0.7930837185598213,-1.3958911626130814,1.4642501998268154,0.503979529921708,-0.11337233599070451,0.9623811165790538,-3.0862824236859114,-2.930932926038837,-1.584106168456362,-0.3789770724234214,2.5224628389263035,-0.18242551909457583,-0.27550454521689827,1.9482997776098734,2.470936108372963,0.31310017472867235,-0.12965785777583927,0.5249087076831569,2.131905125592755,-0.986042231560842,1.0073233420247463,-0.996394772003254,-1.1643924288706304,-0.1830115110829229,0.8970159571936192,0.6166199871085707,0.36041971520194416,-1.2415342157922014,0.7788483178490553,-0.6588438762620024,0.5545500808478461,0.7601516016079466,0.8382547954406141,0.8346498716537043,0.7565696088587774,-1.3415823748123106,1.091862221538682,1.337962679435743,-0.8059976696907911,0.4831441267086687,-0.6261391795801996,-1.2452822636005076,0.044529429957445854,0.2685270745426356,-0.2639094077452864,0.5491553824463844,2.6699189110735713,0.41204049459230974,1.976288647646324,-0.009988975664347421,1.6622319599534576,-0.5715487717697268,-0.5397916905489399,1.4287248597410178,0.77609708285222,0.009629680327655654,-0.11645277845255098,0.3200747917091107,2.559841826017298,-0.17764864188483287,0.3708831574359288,1.116581553912876,-0.7890556501579448,1.25701509463216,1.8802715839830637,1.6927440265685583,-1.483865447015467,0.3609283448225171,1.0690679937934355,-1.2127123193925045,1.3897040086535446,1.411158110075364,-0.4606606862050573,-0.4839358200207542,-1.380118327705265,0.19297977706726588,-0.03430608375966959,0.8017536812459394,0.05756941880263833,0.23546418231712618,-1.1536873693724934,-0.8631067286844215,0.9020323248228217,0.412623285475878,-0.785371098585511,-0.39809579245988824,0.6385211682963736,-0.7342049366517794,1.2270692668591772,2.883524903639924,-0.9469379280197447,-0.12457950660655648,-0.2866265965855235,1.8968864380350947,0.5876856796817009,1.2781563769350688,-0.9189054758829565,4.460694410298474,0.8598791762289126,1.5732175239586892,1.254282981094208,1.556093910122093,-0.35271517750266906,0.1934554358928957,-1.8422218149747442,0.049354000537864096,1.5960299450899527,0.1173748934155815,-0.33655737011221326,-0.5085037058574468,-1.0993653166128385,-0.33886474442544245,-0.9292971633099123,0.5830946316206134,0.15441460441719002,0.3797351353026831,1.1546882743821403,-0.9327701089451996,0.9495816838878108,-1.5626589057216231,-0.8425222508213874,1.4361122244887032,-2.796348159452025,0.03734344937555856,1.2867902294579787,-2.1420464143406863,-0.09110820125148211,1.0772926912873944,2.786491478090632,-1.3795842306170707,-0.2883383759271829,4.405934922286452,-0.2436394271594513,-2.319775465612944,-1.6811603120663117,-0.8969945918325656,0.9374368118157683,1.4915426638037594,8.07177346551656,1.5234000362029614,0.15711219690945943,-1.4045327407574695
83,3.377228632861359,-0.14546874855523045,3.641480443488076,2.61106354874819,-0.589811029273293,0.8266751673678777,0.5304827703218528,0.37322016750978115,1.6196034467046174,-3.448851612211988,-2.2178465460228636,-0.08898488483717482,3.209620925836183,2.1875339548851866,3.3295218584531003,2.214421883490791,0.7569500840306596,2.331291403523236,2.231936282632879,-0.22530209706625737,0.9846991714155746,0.6538933322934894,0.8579543558971863,0.332656335053755,-0.4794132872968877,1.0609707659351633,1.5842386354907743,-0.4650961172657406,0.3612435416983508,-0.6640579789074718,1.191032758689054,1.8488095993867497,-0.024865000642419033,1.467308312933783,0.00378458274916027,1.0745227767724417,1.27365192945424,0.2619810787668173,-0.048083069962241654,1.1392503092096025,0.9812224545528407,0.6706108363460053,-0.4900537939409648,1.4930454266390492,-0.4519753675582645,0.7578905537024456,1.1854010094619214,0.536389530895104,1.658684576384948,1.0180474060978686,-0.0676803616196123,0.48228313077455254,-0.6030408187546135,0.943309605401975,1.0979351198007838,1.7099913945239278,0.5169808163285124,0.7993503063309392,0.5740310520143114,1.9225363360245398,2.558356395928568,0.8560240982059879,2.5526552332601633,2.570036353575347,0.1254594543157268,2.0962268092430643,1.04300157433002,2.220274423588523,0.2536652126157807,2.9074653052729547,-0.9153424097371716,1.419101788837338,0.557397634815882,0.3369354299918572,0.7837833273332003,1.1719806730910856,0.755339175329484,0.21199812092673298,3.771112811368616,0.6149029296336623,-0.1918103504820946,-0.6407615507808397,1.1543963359489406,-0.34565856978072496,0.2206760215238448,1.1447470494929388,0.5491495758259219,-0.12662064679107443,0.9214098158432706,0.9141426136205621,0.09724981405291777,2.4574901370660363,1.3614006388948863,0.1470382889540236,-0.6504802113347432,-0.7350130598859286,0.09720287847091083,2.8156892369541686,2.1741181997001946,1.1287723082732546,4.600734796175086,-1.0734799724916146,0.798054704919803,1.2585809554379817,0.9082135444748731,1.7035821228596526,0.5032793995141197,-0.4551345262772488,-0.06429970465229706,0.5698371118344029,2.2291878757474994,0.7603424505764429,-0.3742297693304353,-0.24361933574105055,1.3672151689482481,1.7160735648400474,1.993696456653721,0.5510815698377032,0.5717584525981276,1.5639129028103675,-0.5092845101187484,0.9910289603244427,-0.7875584774319884,-0.607489935877889,1.4408289140887691,-2.8065516653279836,0.00177922560706667,1.251508079482651,-1.777587496310754,0.16366551046931782,1.0594246706602088,2.6206045230511936,-1.2478120597672975,0.05226189127154052,4.5767238271509285,0.5765559354713787,-1.3017979878811006,-0.8810834878419536,-0.5456460998780447,1.67928161698058,1.692292545008676,8.192172966541307,1.5254376143583386,0.0072939705558207335,-0.9414285697428386
84,0.795980816083117,0.6022996909354386,5.528253431058731,1.9934099792837965,2.441083290368615,1.7496195330481723,0.707633742289487,1.2094830797490415,2.0631099036665277,-1.0507676299390942,-1.5079846559220886,-0.4485680975604171,1.9107171965243832,1.04308453408882,0.09945756684003093,0.23770441604767212,2.4811969284305495,3.4749328496451515,0.3240356105283013,0.36063503719972495,2.5938666997553566,3.652925094686361,1.9801577545567866,0.20639256351550506,1.900380579594681,0.1427947742672856,0.5249619980444494,0.43347683968476125,1.7144906315843964,0.023358914463987704,1.3990555654251875,1.208123671980845,0.4636635697620752,1.2502103730875478,0.30811365889273395,1.5183893630475438,0.9197229578064774,1.2846313437663053,1.8681872034289992,1.9278941870721824,1.1976532756599498,-0.9181314717131804,-0.49304522544894475,0.5768498903550272,-0.2791759107749045,1.3062639374405873,1.619795188676658,1.2670776112917728,2.6680744209198313,2.396079432888078,1.3126360218713493,2.2738058923944986,0.6946354255355196,3.198131959243701,2.5270465940987976,2.668545762185202,1.058208911213303,3.234874925707142,2.8901308348414516,0.4513046189843046,2.9453138120815163,0.7402993990502583,3.393801883249493,2.380666069851635,1.939452807062821,1.7225435935834572,0.9703076381827318,3.2181504736322624,3.300054110477207,4.443053005376715,0.4354322972808322,1.0229120687894961,0.9558724268395333,2.227946667037827,2.1166900218941276,1.6915125824486488,1.9600359841670376,-0.263402308359689,4.550512397997903,1.5517896750495743,1.744987673819637,-0.14858321349917347,0.510113950665068,1.369345932441149,1.03992486564247,1.2781118956284376,0.18274715803301295,0.8939360034248107,1.3756994717025122,1.5957135388611947,1.1506710775157738,1.515382623546629,3.4849382606912216,1.781706889531852,0.7174480366775919,0.8684244916638297,0.9708107881841143,1.613647959902392,1.853320112017462,-0.04569115242474053,3.6598188480321063,1.053067972318286,2.2753311074354765,0.7543302500706612,2.8523064684787127,0.06582854930317822,2.244340035570575,-0.5074046735518893,-0.26334484885598786,0.995371498146898,1.4323421121914521,2.34628350052299,2.6159939284214877,0.20267122299010165,0.5571623638283676,0.08609843177339699,0.8438264907876674,0.6368085631788325,1.053640166407726,1.8824951489165307,-0.16777148709308404,1.1816759246971713,-0.8241158179312492,0.14892207014610354,2.0430508856194964,-2.3302931513739704,0.41093239592820696,1.8847717132738304,-0.8900132799261813,0.40340769504077706,1.4891495865633666,3.052574861703282,-1.2620757054723795,0.14690448782750962,4.670315072596591,0.7914989347719577,-0.8229784162335527,-1.006760759304599,-0.04374699864217835,1.7308260064500596,2.3838158168112353,8.080223593031194,2.1167719284320277,0.0568650432354734,-0.32219114538344673
85,3.271579834824565,1.660185171243404,2.8417060426248004,4.81265067705184,3.5074268304224976,1.0651550687479079,2.079611509156841,1.610678074563832,2.890166734375293,-3.3458087780696486,-0.5447304570140139,0.027938636198850397,2.234360528010443,2.0526090846769534,3.598761976109646,3.1196687733110458,1.5031445254292009,4.988754256316339,1.6272943837779374,0.63334012397282,2.403303659007515,4.407454450843476,2.0937645362896617,0.9795885395893904,1.612377809898613,2.517552093837562,1.600850358053923,2.1828005126664696,1.381142604410774,3.018061437306515,2.383941257578594,1.2843482635037522,2.5962860715338816,1.772475910915287,2.009170424130654,1.576357662848486,1.883108947696538,1.9667470625819212,0.5478471045740947,2.5616932084909623,2.402551340536144,1.8790724593128592,1.876992599720861,2.430817491589835,1.4938384195798065,3.0183351924914414,1.9846776669335535,3.4145925143637617,3.002423729491155,2.688653179287088,1.4215411985779407,3.180049652291013,1.342476039796645,4.588633741557459,0.7044499168638687,2.156861224242955,2.1697489775865817,1.3407024559038994,3.484491523444225,3.197415463512105,2.7773589961070457,1.467291774795049,1.9949273520724553,3.149999008112547,1.9486127396832627,2.3264016399295526,3.0960544873934137,1.2751544063410059,3.6106810427881793,3.4233886461370653,1.7570115743189287,2.4926816219426247,1.3507009305483457,2.514789885163932,3.275907656878113,1.0859342466309152,-0.13895859404393285,0.8089774757783416,0.6640083898502382,2.375220371193776,0.6787866292885443,0.5029946480378956,1.9867499837978044,2.204897376191226,0.6689696413507398,2.266510421578616,1.7381931422896388,2.6769036502788213,1.4623719642863295,1.3718785440500672,0.3774334748946574,2.3803365487608863,3.0894207123013135,0.14582016224818106,1.7156119522581101,0.9819652529789258,2.703528830671358,4.630868518127864,1.975502633048738,2.3914655362680617,3.1813083137882865,1.2983459361580347,1.7433156005425658,3.188191822467588,3.86082689936218,1.1706641271773464,0.9876891706267948,0.7705193135655368,0.43857282638574446,3.1501719523532037,1.2013545899777462,1.5393283217086733,2.9585096535593416,1.210490327299043,3.051364113340549,1.6696050613150841,1.137204622106049,0.9941993852064074,1.7384511883443823,2.6309016816835733,0.5526496308917555,1.3805846259219658,-0.2592591320624264,0.4369858249291408,2.414545950938129,-2.8387008912992684,0.213107801523654,2.0942748443077925,-0.6838439287610234,0.651596279734876,1.3179879001766668,3.2622998676088772,-0.8246989902258591,0.5546910877004104,4.796048101243155,1.0865781493739526,-0.5981199993680589,-0.9678770375446782,-0.04316387751168746,2.5187271262157083,2.6899504791250273,7.426842180614447,2.740876999871167,0.4135528010297151,0.10990462439129842
86,3.424025592834741,5.296593038409611,3.2115214466551487,0.5407004422000731,0.6416701144421352,1.0069982262116284,2.103323979532208,1.816623031562851,1.9859992522318917,-2.630946007895675,-1.355002516282115,1.7058792719104505,1.840860092313644,3.905444874850677,1.8186197313104575,3.0644834067690483,0.9151631233484618,5.722933159078415,2.17706613937188,3.7687539372765237,3.634196958434265,1.3190309650450383,2.3493220464720306,2.6040546194751637,2.9458386294531573,3.1896155847971497,1.5180417117658145,3.245682756654475,2.062476192638487,2.5459116145158855,1.2866375700287713,3.0914347071429273,1.4204439693204234,2.074804242171976,2.298590989146766,3.139386277824548,3.6269679621935813,2.6888313246905104,2.3062127454099595,2.266297914229062,2.410463322994392,0.5159691722097359,2.6476234652429604,1.0238552557480352,0.9108591479408688,2.6602387458891448,1.403773795075927,4.151650928736613,2.5656416137130202,4.4560491859307145,2.5264284571454945,2.409750773402838,0.7940825528570057,3.932057306560259,2.683611636064086,3.2224279002727374,1.8888264201008689,3.9610232768855966,3.4861493508317145,3.575442205552944,1.171945389938112,2.7902989766815276,4.224950245110815,2.4264034453823085,1.1211888510755768,4.275949348154928,3.9082427430726887,1.271616006268803,3.9679466603531313,1.8465104906235816,1.2036277274077776,1.8761406063788932,1.7204745114505573,3.352983509184369,3.380644442011933,2.3186870854497346,2.291652428634214,2.6661043946502225,2.2713199337633387,1.4108854816846086,1.4578620075129427,1.1831092562397352,1.783271917031715,2.5943324018105858,1.8380901798420992,2.6918521097865646,2.0665762742500933,3.105874409196772,0.8995164338353999,0.9678528551450816,2.2963827277766757,3.8118980457091363,2.898110262868908,1.7735535464142962,0.7826047248855708,2.6578369182036488,2.5455050312957592,4.154731759299661,1.7642149495308903,1.2063528204916116,6.234591613229821,2.3797041067712055,1.6008098249387281,2.4670320011634175,2.357014847861067,2.6975723633453343,2.3150416926699116,1.0925540431099425,0.9539838212615991,2.6971805866378187,2.868981135812816,2.6774160937000193,3.024905988410324,0.4400317921367998,2.5767504513086514,2.715643820986421,3.3336037914710293,1.2022095006217706,1.5606083140721854,2.738862170023339,1.1773739089012834,2.1932352510399014,0.019418756401171078,1.3909915620369322,2.403467053417711,-2.360830288255498,0.7342754976148553,2.2785018535742254,0.30877950333130977,1.349602618328197,1.6253881594763777,3.153453527090152,-0.2496257697682731,0.5832214759401335,4.831383526571803,1.348155339436912,0.07657637610197437,-0.2910182700946021,0.44351655096159404,2.8286588673204456,2.7521572338447515,7.298437331047567,3.049970097488827,0.9482789018636247,0.5511133198786511
87,2.7994586253872455,3.9896448592121088,6.208240545314906,4.754679140342544,2.437724280546807,2.1975783315150927,1.2306964224165085,1.7395560954978697,3.638511028089398,-3.16728883532636,0.5938045198397963,1.7332130671001371,2.577268583619462,2.7871648093933192,4.729121464319055,4.266712506624938,1.3125334559221344,3.030169624729856,2.451789486071337,5.4421847679246245,1.7597945498173084,5.29908968708664,4.349355347996452,4.111578045303876,3.9700325965723655,2.012622110045422,2.8755864561464284,3.114811511774307,3.43041193769728,2.4798796130830576,3.658029021484872,3.3455010345716856,2.1329760747403035,3.7015792128414304,3.4534231134442983,2.476299527455457,3.8878423816808567,4.10125508394197,3.8336827937761035,2.8884130897740645,2.535464031257284,1.5188554180100116,3.2753911873763792,1.769112218837493,1.7837426265748066,4.245751215629047,3.2429912786134927,3.6469241485852644,4.022619756398446,3.7654218187337927,2.01992230430409,3.7382057437321365,1.4912495027391062,5.5921924038424855,2.999874537565459,3.9708489852211617,4.004824586304057,3.010637000105457,2.2352686365614445,4.1998296216553195,2.470859128100115,1.946986036583662,5.104279823587267,3.263644327350997,4.062378011974288,4.280286043080444,5.36467365479654,4.45591608954768,4.806335238614658,5.830519456925195,2.7931817102033816,3.041857616738125,3.56662898877041,2.9461550233963893,3.5287960358275483,2.721247708066677,1.1700245526073814,1.2534889648516234,6.18008904986464,2.927381625980832,2.1558015081337722,2.0522551041113095,2.571324858094309,1.8778779298215498,2.4594247465192822,3.264565586820049,1.4876168084888364,2.1198159308963547,3.0374816068234054,1.7776391699691885,3.3820064365127713,3.4562400198033894,2.446394569226282,1.2859371075300816,2.862859989974022,2.6259741830032115,4.032578552124062,4.916963047611855,2.7087006416222645,3.3967856125534266,6.889927022036105,1.8575702871900752,3.7636054588550163,4.19677795671627,2.274925675913798,2.183081717675882,2.3845210760426654,1.4837703423487076,2.2784664847473612,2.8693145839468217,3.8470207726983636,2.1961556924741825,1.5753938829785203,2.343679997658037,2.834487778004586,3.5819040666408286,2.502077914634447,1.8683196596490201,2.3184182429298947,3.4696972314055032,1.4568332059743672,2.098117970173312,0.21485590245405564,1.9220204755894361,3.222290322300787,-1.444068967830233,0.4840352036087966,2.7657492908070416,0.5684001100559434,1.5736250452130367,2.285281985897026,3.5147738588582755,-0.16551637104227707,0.8029972447819624,4.874561838522327,1.9064393379826736,0.34231288880820326,-0.4309361631649168,0.693826671884546,3.4201452740843195,3.5430976180725855,7.60131310241233,3.2950526809659006,0.9672126950280417,1.7161858459372459
88,4.903928639532346,5.294892180474218,6.822124234682692,3.440057138746175,2.206323452857764,1.0626301303219952,1.3001067504577828,1.524418675556339,4.24571130664897,-0.6905674618923188,0.3985469407892728,1.8094745904826242,3.6976315008601555,3.612125685985493,4.501821584718599,4.026613029248147,3.7755541295244024,5.799686308528914,1.1505429513558127,3.606608556509092,2.986951348974137,3.8937596803519106,3.898042173915493,3.4374565582258616,3.5817955298984105,4.308573350425832,3.205355936777373,4.711742603826885,4.040568052720138,2.4316880356354615,2.3882806621372206,2.6262952698548134,4.5835396625219325,4.674090163163772,3.8719333344402957,2.1139789628669634,4.492782612771078,2.858656120802282,2.080783282116215,1.4474271740236202,2.4744305307338865,1.6939777001659202,3.744520476405391,3.8338438289574714,1.9116736188327585,4.3408593629329975,2.8624917122170173,4.360470915235411,3.8617812546419947,5.492891332583895,4.559887325272458,4.11477767869209,4.470658765470885,3.08332255250615,4.081249280126014,3.858466324833307,5.174096936777524,3.8103146078686665,3.317737009045685,3.2348821356098,3.3703641292643027,4.108387830267681,5.3748751603034055,4.265410333766071,2.7171243544897195,3.9708518637267662,5.338416591110798,4.15737532630265,3.0715884037176795,2.5105562108469215,3.064733168020357,2.1610456403399656,3.1174870156360694,2.9012930985755965,4.003337006213718,3.6351996035249985,2.4404840753305077,3.251782737403439,2.5572004755076905,2.6718941968466936,3.6375529766517345,2.165390983554512,3.4057014441981686,3.577428757705279,3.916261480079562,4.99006769183083,3.6967393648757447,3.3113320986375427,3.3849995641840476,2.6795799313078073,3.1782829028850297,4.279555793046771,4.022535867378292,1.520630520191285,2.6957215942194823,4.017338172290792,2.5588925818076476,3.6609144286975037,4.15972282794866,1.8869035656069704,4.196722183994658,3.4926839421873224,3.9175647648933474,2.028921642538395,3.875670199581158,3.3122213802983254,5.507773726596556,2.1052656743495297,2.027772659714497,4.250375973762211,2.0177917446018667,2.3394982010847682,1.81841100501581,3.5627362100083464,3.057723561068658,2.118179043972523,3.413900497342667,2.229643233211506,2.7972432002702403,3.9144365008544364,2.1401857099651007,2.252592035572952,0.6858568719057365,1.857880686091329,3.466545006037294,-1.011398551682267,0.7642548723490618,2.7817628085033737,1.1061132928964486,1.7429328982727645,2.099725018256551,3.6796355831002594,0.4504254564920622,0.9955539261212902,4.891850034044858,2.0294239754645167,0.9048124909779328,-0.027405833632729915,1.8107462479338645,3.5660123686900227,3.3557205544903375,7.143485385665287,3.314059736178418,0.9169008105168942,1.7706117969338475
89,1.6184493034163019,3.39136497807068,5.7481250146508405,3.7451270944015156,2.607792765702094,1.1345196821882184,1.4280783015743068,2.486122115576169,3.6860639137615756,-2.6972794313559727,0.07460752278093569,1.2419015456142266,4.786447035519361,4.232735937323121,3.541724212811048,5.363760202006413,5.308768586176612,6.031000283539354,3.6903707451772796,3.2214737779727525,4.850357950866419,3.852261884861562,4.7208026104926235,3.946468862376102,3.9078809371319747,3.5001346995148968,3.983943726876692,4.837751758357679,3.848686446188908,3.2238912271665283,3.844146104387342,4.718086322371557,5.2826391484393636,3.690823615827077,4.672996341709186,4.399008868546354,3.3627273251243555,4.895135711489369,3.777766079870563,2.2849269229503086,2.4234872535069223,2.803965892684358,2.721447030233543,2.752685260236402,3.162811530830936,5.552556544355282,4.521561303648809,4.371883436944054,4.689836794867041,4.698522694968121,4.8999193303326765,4.750133756350155,3.9156316062961003,3.6352933495977977,4.920189695955052,4.388563292342429,6.053746959252429,5.205959762857362,5.239209619498393,4.383858258704636,5.823228129521128,5.679896270653083,6.342362825671474,4.489393447992759,4.031100780640197,5.195453346592647,6.126663178607558,5.8409423420100275,5.648156567226913,6.8213778501891165,4.000146187707013,3.505724239222803,2.749562392245524,4.1575333528973815,5.1659731416653445,3.7644362012274692,3.466138809914119,3.166267236939546,4.449513111044412,4.217811036227055,4.225659158531417,2.0393065109808877,3.7986979999184616,3.437277240869878,3.9153327518327803,3.7467859642150887,3.0134751276852465,4.508973770658508,3.7398892784062654,4.011633998985827,2.9040484637188198,5.3359678805859385,5.135660481132151,2.5520884883149275,3.027197044203705,4.3075948468282235,4.250881723965248,3.5757242813274295,1.9746415200312417,3.4848834193307128,6.961638697535336,4.616006544510517,2.92493467853762,3.3569320574124393,3.3346111337942674,3.6853262299743044,3.5032175187204837,2.5585331082878335,4.077949153533415,3.228470759150956,3.2088953879584605,5.368873625483963,4.632814762422404,4.035941347682416,3.0004469391307724,2.7028350018260276,4.460969498463967,2.790226810678368,3.15400569436065,4.388967961901349,3.103831541610098,2.510705393079645,0.7242902094383608,2.8531880322693066,3.846979214643438,-0.3103973602535155,0.881184861639696,3.1105323205736646,1.6943165507290656,2.4213225033043777,2.3819951252744755,3.5854408903444903,0.8592155372942729,1.0657086008899737,4.783581527127322,2.5643438070126408,1.7003144002228705,0.1919660989268513,1.9155822337487611,4.0793731078719695,3.9210353881660573,7.28840168715807,3.541988236022698,0.7561515421272524,2.1177766288270123
90,5.045093767425795,7.061983967881774,7.880329893016255,4.175573738998173,3.200069195662477,2.5841149100408645,1.4410769624163742,2.251132533047481,4.304108840335569,-0.3021669943751415,1.770707887796771,2.648564107921076,4.0769413409056385,3.58787322113758,4.187396885882383,6.211155724605231,3.854064202480198,7.434456067371014,4.840794677750011,5.564124182388474,4.4060122733080895,4.442162591963049,4.5670040744258715,3.828011969997208,4.3336081491844105,5.782720330535787,4.501240213102917,3.9345537028762925,3.708692644508586,4.978645043252011,4.171805102192792,4.53770614876683,4.427749438343409,3.557339835218358,5.043193971085413,4.893006524208344,5.874846674325887,5.292376756282393,4.646484711403336,2.438763280275293,3.4202832981166784,3.9422282454763455,3.6797777112948022,3.783266794530607,3.409814287893985,4.3116552339690655,3.890200298757903,5.871195307783656,5.166296267423505,5.768086967449762,4.987998330749623,5.3179705586645944,5.125184828549862,4.0660926083637055,3.9557407213069435,4.28860538948202,3.894463527913715,5.2165457285841725,4.3095466246685925,4.156282658775926,3.2619507152192186,4.594371698916994,5.654243983706426,3.019063413506158,5.726085910409431,6.635434829025152,6.097626922852919,6.223592835596234,5.493967988880926,2.6786834213788557,4.514652018359891,4.149141452168135,4.960143220374677,3.5729283822777047,4.502556183246038,4.256229372168427,4.726855005269927,4.547303609943997,4.260182935075095,5.104641408961122,5.029330222580427,3.969952110056821,3.8726424240151465,3.438843286864998,3.4183453062748583,5.992322831342844,3.9174689551051873,3.640547939474456,4.322278766689632,4.815351267838061,4.564623235411339,4.281642456026942,4.468558529330737,3.4275153012571264,3.2551351433456572,4.45113697848181,5.45258524917109,5.087821759091673,3.0480649485831592,5.42984461776155,5.274872933294778,2.4908362071648926,3.0083782901114247,3.5874701515285015,4.241725018410172,3.7646407357309326,6.576470507366375,3.2435918946711246,5.407777375537829,5.35171515872937,5.26132489769109,5.881089679761111,3.602633820535708,4.2768485052390295,3.4312753095788704,2.225629355936275,5.241105654592925,2.898316379605368,3.6860342773457035,4.282726537452378,3.2749011906401826,3.0036276354976703,1.6734438980006414,3.087093700450631,3.822691840978603,-0.33673781771942024,1.296304268677761,3.4270875064293027,2.241477466159628,2.356237603086555,2.8752364400339174,3.5377313818249942,1.1956717466233742,1.6364489764690506,4.73927584496032,2.6817391467836442,1.8763078508369808,0.34905914449312764,2.057131309262662,4.084812369505681,4.085029285141808,6.752032363657964,3.8407523211651133,1.4440825331456844,2.967503307853333
91,5.1971776568303785,6.562149622843007,5.792975753355206,3.2963564275224724,4.766673182089553,2.2676494841029364,2.208169155104481,3.8342393350749253,4.1888955157516,-1.8855912325289235,2.272439494806574,2.905001768654233,5.203552157937329,5.280600995412785,4.701068002247433,6.8077399239661425,3.4668370494252847,4.651333827413536,2.7615070165629403,3.5902316813114252,3.1140109184709917,4.4943338803747706,5.1345341347581614,4.867972411623294,4.96737994322178,5.888624106789383,6.312455350066667,6.4692072840802055,6.165763579651463,5.410220089688837,6.077662850007405,4.5645030827946105,4.68668885314693,4.975344879502143,5.916252584829122,5.290895931302968,4.685514809597203,6.335780469722497,4.293107943604854,4.153189860264824,4.567102421504833,2.3980831732094887,3.250173981991637,3.393020949757916,3.320864494255384,6.213287423115624,4.431715583976223,4.639136979203492,6.06534085089802,6.264541459434486,4.264087977735432,6.713424663887049,3.3203258148339936,7.097610038701247,3.6375792624133148,5.931080880869294,4.346293893581744,5.351912386717474,4.6628784377888275,5.231140731010981,6.039623372355496,3.7130744557316486,6.906501715265245,6.381320932503339,5.910423633937391,5.40345058308958,6.836541622652791,4.160545799241874,8.533754970993447,4.575826857978383,4.762584710710233,3.854964575004257,4.166678905814249,5.649376749746382,4.725431522540502,5.878445529758948,2.626318183778609,3.4587294963798714,6.189527953081308,4.548928361573461,4.952731135690271,3.4321551506860515,3.165438309235994,3.4793504904121937,4.899591681623316,5.304523772135625,3.741872665509,4.691948284518609,3.569872111858122,5.0641631383219,3.5984280324655167,5.7312826719174925,5.325906812818532,3.249416157654303,5.141330100951994,3.9930892421197717,6.3146220200424175,4.457419031366118,4.880322654669867,5.0932108350067065,5.445880626062022,3.6604948347658164,2.9498517488523257,4.793927017169624,5.673020059794636,4.390949092972703,5.488081088010283,4.57158072029045,3.676267624811378,5.912795149451222,4.29045111357419,5.76369947870435,3.2287779926479843,3.779544337016401,5.7074637913743915,3.7115843883375295,4.346996813462887,3.3991000050163453,3.9424132474535796,4.856987208931441,4.068115109823375,2.8887951639265306,1.439734091923457,3.5202211572199733,3.8113231751961143,0.026167534898097533,1.192029866479132,3.6699744177059666,2.2692433413125888,2.8263632946062165,2.908041595423048,3.6171844007068192,1.4764793682604476,1.57420779820962,4.538568864355608,2.752236773862577,2.916473008746369,1.0492977631747609,2.778776824484918,4.653783119412236,4.281009308197247,6.252505784099812,4.359753527008416,1.2681930943899622,3.710606823762876
92,4.22588418670954,9.122397961643884,5.3300051316736905,5.833209742147221,3.037112240186614,2.596574701887987,1.6219079798686318,4.521441375666871,4.661668635427669,-0.7829263012276759,1.6611165705553503,2.4299393129917246,4.549513014300972,5.337304006436263,5.724990755036364,4.644203536487365,6.381104230655805,6.799075117758511,6.375939277702045,6.993690058454339,7.511561099554145,6.022424513349151,7.005851414982171,5.520397892903567,6.643901659384367,5.971903443564128,4.670995517388709,6.513197013397807,6.156246705173135,5.949783732474476,6.851411833549639,5.57227643183439,4.674808203226662,5.719366202590628,6.728613933271687,5.379566652162241,4.846279312590583,5.785674098572985,5.7647752303737345,4.790362843709417,4.395997915236025,4.295909231034346,3.715021140013736,4.225810341587401,3.9548729660367448,4.621666903236545,5.057322513477588,5.531469226693572,4.8824304677198125,5.20755628121126,3.994721775354151,5.632717643019533,5.8548792059052985,5.840967350537576,5.966970319950214,4.891781742944288,7.1733859743181725,4.438432331289583,7.301930639876513,6.011438303297345,6.461258157561656,4.999519758484444,6.1874816752892885,4.7641821233548765,5.031329539867638,7.080516478392726,6.916057984931552,7.211568739802175,6.317641213385767,7.423603027841805,5.009148551811537,4.89877367466902,5.142845175958106,4.091863295305588,6.112230040055706,6.110279579188964,4.28909550486876,5.5729932520970635,4.394040273744071,4.832148594784314,4.76045463851782,4.022130104780342,3.6811013948998688,4.207775144247052,4.536049568964361,5.255300491177273,4.948182259967731,6.241202638781674,5.291268905311718,4.194369776461507,4.485869253246635,5.630998307888346,5.09074064694375,4.850929232462251,2.9952741311312097,4.747923299482844,4.900019040459001,6.230989032071084,4.711392838171351,3.791544325738819,5.589857967702385,5.1584458551477335,4.618013043890709,5.943624311848315,5.745136996695274,4.494771531697397,6.58563832413039,3.7039512837986277,4.276339806635426,4.130057740167595,5.689425401807641,4.965359695051915,4.604132226771038,4.152084752423141,5.176066960762616,2.96169988816874,4.048153351559473,3.60721419825811,4.058009078781939,4.904371359686432,4.4361286108996865,2.990272212188845,1.7759951072319768,3.508868165442121,4.016832127446353,0.9561454337397919,1.7471167383593695,3.8393332466085948,2.722984861798578,3.1428075628557286,2.7940787097513344,3.732626355027068,1.9614753346507507,1.6442669875708726,4.450500860491252,3.227781994267826,3.0740112587496413,1.1596049477447357,3.1081601154706227,5.03569834321171,4.915916973956463,5.470184465974487,4.433593417125583,1.590118003484151,3.9210045315049906
93,5.246378984364384,5.856808179809581,6.296344065932537,5.128266010771668,5.641300280512567,2.2855898611193637,2.5993905732008313,3.6090692295314284,4.679793689481469,-0.23723731688756278,2.908197664557936,4.235792712606226,6.187059572477086,6.026769471464515,5.349433598667909,5.932450019584486,6.4523432024091765,8.883412345917776,7.276938341231526,6.451693806468837,4.536668741623205,6.069893134741462,6.528953549256777,5.8114128315295,7.053170687566936,5.0923513257749065,6.3269618609376925,4.95600061044259,6.097299851649396,5.549194625490621,7.1531851650291,5.553940557165501,7.001351091659557,5.538947044390481,5.283473936491609,5.06140450353317,5.765966041176693,5.07137744987155,6.439229673687427,3.6961090525427167,3.7219069833239957,3.535110877991054,4.5158442342977905,4.203136008114619,5.411359248113287,5.774833347252001,5.0662372155774715,6.572647117487349,5.318552852707318,5.031377743600717,6.0895528054673305,7.1972078299073505,6.610496256951654,5.347548440269766,6.569191237272498,4.7827424943692565,6.0389602671734375,7.205296246491014,6.831183390202113,6.535969893731394,5.65065304409167,5.239697880896798,5.578647777825816,6.447061776938663,6.477067936484458,5.872085717787636,5.809547409988679,5.638330021236262,9.213514255091862,9.177957071082702,5.596485753882009,4.1460300452477306,6.013806143787872,4.473017387513972,4.900201277935778,5.124352838261654,6.887840025362302,5.720509673004379,4.315512179367789,5.407899829280843,6.206710922856218,5.422602196699722,3.961049663360201,6.37649519338516,5.360431976778785,7.016241204038462,4.417916132628145,5.325001610232668,4.4312564414914615,5.793612663359786,5.930977599847488,6.2648978472936845,6.317429640235775,5.247508053474462,4.630979988296517,6.199512332802565,4.876429968892701,6.017665929695831,3.3611940260244153,6.61039227815372,8.102146944520717,5.470836262715906,4.697134118642207,6.430403645825032,5.559998816078156,4.51387844218918,5.498956915781279,5.745073989161412,5.8104428140214335,6.859079509596851,4.724168132764453,4.867074492099497,5.094800476599136,4.487868188670238,4.41053585377515,5.74432396197747,5.846325464842536,3.74015725467887,4.773550529596087,5.514363372035958,4.761474048491072,3.2278100959624005,2.1968806136868566,3.846788890745835,4.342091654175261,0.37216847559149685,1.636137368293331,3.703682616335732,3.6181555398661702,3.120215543711407,2.8559452664480456,3.4327383579261346,2.1559937405123266,2.042298980270681,4.241605605280944,3.774724976459553,3.7584726523050174,1.5537113305260006,3.5465103834614973,4.920361309291119,4.956596682790852,5.729208575657137,4.638342104300647,1.4280117292904864,4.579593774721455
94,5.286115382255715,9.230739852368114,5.445481375353387,5.805085525531481,4.451016539116978,2.633419657389801,2.5568232819805754,4.7136793503502625,5.529171161958816,-0.7911643347961377,3.3821709836799076,4.144680856473964,4.976293308095242,5.789064298496069,5.383767026897914,5.6574732758567965,4.878915397885561,6.170095945263397,5.8834258099900225,5.606537293933059,7.972382830736551,5.959108652325218,6.418323886044998,7.246788486899497,6.105315489082006,6.021444550031726,6.424130371568515,6.315375911993736,7.32953003541356,5.9570801238402975,5.907030796478089,7.526770837308151,6.796124071975872,7.151513669388086,6.5008174920912545,4.844353685373606,7.517986876303622,5.756127738172567,5.741280251090008,4.163490395805896,5.46346543858399,4.756168192698041,5.556131630432888,6.1949483281009945,4.635513679356041,6.626090142517677,6.150300526467625,7.540621616221977,6.141221253998405,5.478828653275509,6.930178734317703,6.586516206781373,5.159025487158735,6.2879947842418655,6.2070122852947085,6.335481457363168,6.095770790592292,6.832441812550784,6.651944838784309,7.549071191931654,7.4526281686229945,6.668460479481451,7.120687057263979,4.45707302692666,5.287892280424331,7.11101307092421,6.902091666513307,7.8893504357195745,8.240936532380006,8.684935897557875,6.022184083694761,5.3043271418470415,5.263418518105077,5.580302428047577,6.481356995165771,5.227719935464043,6.9074106511571465,4.575130220419143,6.721153329018065,6.310762287157725,5.273835251237179,5.690469945763098,5.695535688664028,5.189499223474645,6.046239807695055,5.823592280210325,4.736887969537128,5.495313639899068,4.971238699848434,5.950738598921915,6.019612540179543,7.0721371802697135,5.361955810109624,4.929428914008531,4.128207829045528,7.369892804314614,7.057411648469564,7.744181638155396,6.229303317336893,4.51312577772433,7.088822106496112,4.952494571181935,4.417290306909075,7.192478772143859,6.154427005446634,4.082294880892969,7.4340902300492555,4.775509571680729,4.345584894131536,6.0309216960320775,6.200776581846835,4.5840988983359034,6.1895740659429075,4.236489665544788,7.185010773660014,4.251862479175212,4.305616300424735,4.276141302697992,4.753399861951143,5.149341929601319,4.744340408132214,3.704793998655763,2.661980477368372,4.400171666140397,4.206898811569274,0.8135794663441225,1.4037032365367523,4.373682593633102,3.779895731527794,3.3895449875006016,2.92927375725794,3.4991547735218753,2.5127674747442894,2.133296678765798,3.9928587147394934,3.749062373683981,4.167303221592874,1.373864204375036,4.168459103057797,4.983415689243113,5.114101739938645,4.60804923510675,4.659825921242283,1.6444584117630399,4.811994299500232
95,7.445469547237003,8.055359965619386,10.102565528326858,8.796798090415958,5.030935855172765,2.602816600657687,1.7900698232594232,3.711497164365651,5.733114713607475,1.6914336049646495,3.6378948273340344,4.3309019952569,8.188068325304902,6.980172424232331,6.537790179955618,6.096266372405681,6.603021125779356,5.41133099387472,4.264035474106101,7.915631951055902,6.69080239321624,8.166285335708706,7.719690968252463,6.095006714288911,7.310500810345791,6.535537618867798,6.867393999541852,6.301370007548279,6.945436726081006,7.53742858192167,5.967500733837255,7.88702115705194,7.939903437322194,5.959173085762099,8.002569937783312,5.262669816907388,5.998672673235623,7.371604485589047,6.7777684306117365,3.6115133697733626,3.6045954673127003,5.687015024341814,6.824848231065046,4.797094592015604,5.286870692828385,6.255678473227256,4.4518931955396654,6.273426716957482,5.625629668626445,6.962220337717007,5.9612823454102575,7.301112269022804,5.615746319150448,7.124519689593684,4.864598185868062,6.327976587663323,7.023429912347408,7.970992626151306,7.266048951081765,8.381055034451794,5.960958904137879,7.526296543516163,6.459754633785296,4.993054669836028,6.941872446943339,6.41451017581102,8.43826846599393,7.991269754062044,9.513627113700505,5.025969283241826,7.246637809720201,6.255208833735415,6.832390457002835,5.925913133825364,6.001512781844165,7.465455603761255,6.700548142231417,4.770122793283098,5.317056531406498,6.429053193709786,5.846949580622054,6.493497539020209,5.115555138425039,5.962822700815829,7.214270465990525,7.206086882577024,6.164045049827939,7.5019342186005336,4.432808139240358,6.33934906202352,6.561207956348342,6.234342803965632,5.210250879614877,5.074690808886643,6.289013542903897,5.338896490752957,7.752996085233038,5.121936004439971,6.321020209255946,6.763590754095501,9.08092316926064,7.005583271666739,6.294588414550875,5.246023372674176,5.552652385243176,4.916073092279145,6.5710675000102095,6.696675327261872,7.133158421538649,6.835254564695253,6.981226843270944,5.783884752375931,4.3131425262619185,4.409727127105545,5.6446195719805905,4.257995551582657,6.09198499793611,3.922323878904904,4.8289355584199685,5.729383018836671,5.381126708793372,3.3562292634174473,2.455623620206982,4.559733900829138,4.638435014905541,1.977514851782259,2.112181086620151,3.98782118233171,4.125430742003035,3.701965024335184,3.0269667612908053,3.288481505138019,2.9181201753755093,1.9395982594308856,3.6266419920411046,3.9252939627857537,4.44003189600085,1.9861816394460856,3.972512355027336,5.485228741438193,4.887272111725578,3.776558363766763,4.984621033443705,1.2875515352744122,5.002366561611359
96,6.754968004136703,8.464998641169213,9.063943459674551,8.868708974633511,4.298723698898769,2.1089102605474057,2.554005364104194,4.968956329516096,4.751968842926866,-0.211546987017794,4.4713290898170435,4.614085665118685,9.244345227021013,7.807550193298578,6.670901040772057,6.388975427175701,5.87453784742824,7.099112095997077,7.4967780693778625,5.938579852557496,8.389386366401009,7.551372639912613,7.547522718885005,8.41987024344001,8.331434046368292,6.708434467776975,7.9708687797870645,6.522268228345761,7.203094593983906,7.521598122392047,6.412320266592318,7.230586910296337,8.546384564341329,7.292737268111839,7.758104966117496,6.220329912195804,6.596767923858923,7.085915315417576,6.263069054878338,5.506581428287644,4.069072981613329,4.037508295649977,6.90376522799947,6.613498926263534,4.663700291089156,7.8260026712382045,5.381812604086241,7.858816835393963,6.873327408212468,6.900973859799743,5.9523168368232,6.150797145289241,7.628056477401362,7.087964661218361,7.049040875038552,8.008197400149658,8.308754779687048,7.560293892165336,6.920327469685792,6.215943094996772,7.038536722908049,6.860599758029984,7.623201129787101,6.40483633948207,6.2733325451302075,8.20459561570173,6.192642091744112,8.231397350785619,7.715236803124776,9.422187872355515,7.071148543859298,6.3138583495343195,6.420079767969383,6.8877235031448265,6.115090330348394,7.426740322185736,7.683674309785389,5.436270345881386,5.989008174701065,6.547006332412599,5.867215447708398,5.906817005285995,6.3675859691569325,6.086299393305825,7.4040878889783865,6.800644084308666,6.550270064348697,6.018913045352231,4.980744470082505,6.167303721390619,6.921039198579342,7.511045005344693,6.327242059231847,4.619730780052139,4.898860077374107,6.399106507478475,7.068750200112694,6.075331258799418,5.1607377885384365,7.4191770565589295,7.635118639886144,5.359058935092089,6.752785356169827,5.2769182547361675,7.570290887480693,5.0201352267358,6.211858734612641,5.771393042963714,7.395286275824647,5.696938925879451,6.805239251064054,6.534954933516609,4.518292252702642,5.717739062165845,7.584182139917259,5.739094134832725,5.5015612179796145,4.126574812647891,5.374797776062083,5.906357429337311,5.686377952661459,3.7949503303049026,2.8015130320125188,4.770876913800837,4.796855938150128,1.9168825077055922,2.0481111463554478,4.027097302397184,4.554045432488075,3.97769743195578,3.5351599107838467,3.152957039444429,2.686677611765155,1.9804876730487941,3.3080957629683065,4.230648985164852,5.109894147344054,2.1155896636330507,4.486671661696868,5.456583769612887,5.129533408319429,3.51255857841314,4.724098675937919,1.3353709829238198,5.449249124089661
97,8.119569050450274,9.394867053443614,8.775763369182618,5.322022744524018,7.768137943091261,2.3098972480855706,1.818142468235489,5.433572688301953,5.024692904604209,0.1685764613805225,3.1204148959893105,4.161260663486333,9.189917755627972,6.879549242311288,5.3069856419347605,6.033139655584139,7.534729114483506,8.933375134182416,5.489112445312138,5.590968375412464,9.018396728998834,8.132559051440978,8.072821259228366,6.501578868342559,8.476828464027655,6.7100546388862155,8.16070365217862,7.480773584424298,8.30212363320176,7.848869124101958,8.63049341589699,7.19203229005981,6.648326387695358,8.523715734627302,7.301199618558618,6.6686396702783295,7.190849142617058,6.920992665135734,6.858651986201486,6.331851427680495,3.9952151794689224,5.131281639693539,5.805528038173327,5.85698958669353,4.392188669847844,6.875224125892429,5.851392880085951,7.237561603646274,6.907651782381862,5.87806718656189,7.081326089658947,6.8002347770885585,5.963140208744404,7.870721129826743,7.396560753531667,7.031407792692787,9.016124145168245,6.458863373116516,7.965672359704879,7.102927351808817,5.563596712043976,8.09580277542528,6.457775726856474,5.530027395912768,6.656146630961715,8.46807320045379,6.3653332306533486,6.3920501782123615,10.96781785458129,8.7001094985843,7.425287888360862,6.488038002607485,7.201584054116393,5.641741921126712,6.931528671454361,6.399897602953595,8.041101696083398,6.2904216550951295,8.431320708398367,5.478454442347172,7.000532766103287,5.293395897497311,5.096016452298909,7.686768515134169,5.689113244672067,7.672339126351911,6.570376403985643,6.030373921575669,6.022588809569681,6.003546741534168,5.83445495036895,7.649546034043728,5.5470240478619655,6.407783002169641,6.088625798697994,7.1787785421765,7.47799388689074,7.149178133541331,4.706021154961219,5.6768244386146,7.14335532925882,6.001914702004989,6.153319153776218,5.642426520520331,7.629939911445782,3.590769432744424,8.772506968782233,7.157525259046251,5.393948945909846,6.05573674505801,6.415087122982351,7.515845619039487,4.6976841329746035,5.971353672101829,6.24939381459842,5.701067271211621,6.385540489237904,4.2361035079974565,5.21275155993478,5.849991781254285,5.643320392497786,3.4748403139206867,3.1735255863927914,5.3104843679358,4.600726409207843,2.5174428072698403,1.9496309605978839,4.1799841993658795,5.131837005024759,3.7498626249147287,3.677228168235619,3.1492771187889175,3.1449951718146982,2.1762683401766973,3.052775860175081,4.479681954488915,5.322562369673185,2.222183396179198,4.443711420747688,5.335424735166586,4.922142325261954,3.5624497361648597,4.682966973287686,1.4067665934223113,5.303150258926753
98,4.9150077829128165,8.022844086739564,9.885781304816643,6.68935635430764,8.574157652847159,3.0732706313759195,2.0383624820852266,5.910609206873697,6.18973356469458,2.8226470391845178,4.472837194846276,4.187080003564145,5.566897198260088,7.35252901115679,8.052616613995621,5.636321073893074,4.807557534819952,5.792368895199274,5.930514662544333,7.693385629548308,8.51029896847197,8.466409941396552,8.659582672482365,6.593209364831729,7.979853998587241,7.741188851538013,7.910994407748884,7.263634634734123,8.919494677694008,7.672881607269538,7.336326355585126,7.054235912175776,7.774106393382286,6.629232663159649,7.7840001723959285,5.628158935917665,8.018474476968624,7.294121573107454,6.647440242984465,4.039113859421686,4.471936160049,6.743060304710564,6.165140406708526,7.12337723828183,5.935929598049952,8.08497322455825,5.804638876125583,6.129674056253467,7.591990817173422,6.310548773439631,6.582497589833246,8.654302234847954,6.498937511862027,7.3848593710063835,6.625632119111179,6.655340613688921,7.207400595457535,7.806170412903729,6.671887573944439,9.637856814499177,6.154275740506407,7.831968687546716,8.677068245098965,7.1431794966642785,6.639234603516414,9.125600451303235,6.69485044575284,7.812821888945093,9.813747820796072,5.953192427927623,8.248569799486022,5.365188965757845,7.058125095661068,6.7768765119521355,5.86731107086774,6.507798669191838,7.325027613331315,7.8003012863378896,5.579841051380621,7.178979525313059,7.782450266514205,7.492474248878402,6.655247221692594,5.93130896254568,6.653867229099903,6.616435754077895,5.592949806890805,7.244333962238924,5.495130849346806,7.671673707345619,6.392785393935462,6.979982608573645,5.931021158019182,6.755950396090127,7.578100607988169,6.220223686831901,8.443534059468096,7.786154933907541,4.631286304745622,8.45685058412274,7.162375162797039,6.091189798387025,7.117743199275482,6.736401898927093,6.480168937921141,4.787662542453389,6.7149263498764675,6.089877447901818,5.47320271581185,6.996685507995861,7.608059247348529,6.695667823277713,6.790759683126078,6.923916525679715,5.919624375748905,7.264810526709468,6.806360233327673,4.930657576656873,5.294678679081372,5.46675770149557,5.977700281535595,3.6500047401742344,3.5771789754333,5.615434263670625,4.578507709716768,3.3985870571759107,2.3165845688105264,4.374931657905496,4.91735729113329,4.119585076924336,3.5693882902757528,3.082719869316731,3.611829036943822,2.6387306109281803,2.641894092855847,4.291244225895942,5.548322974295655,2.4907428710784165,4.84957120600355,5.211280379290373,4.728431503876689,2.5187336821016553,4.436557854683388,1.465769297227898,5.720103009864577
99,4.54149279526254,7.297677821877275,6.923354687977663,7.327946829520061,5.824145468436772,2.248096910002153,1.749142129217472,5.2199738000653895,6.296937107619823,2.177266664259535,4.192709160021215,5.818107359952014,6.1820413054937395,9.889761127921588,6.40371872651993,5.939026028714975,6.031865666851031,7.6086226899291205,6.344256967386225,8.031982891369207,7.920655673651169,6.462167074900151,8.798594530719566,9.000853430766949,7.043689226416076,8.864126916132786,8.971251892243387,8.002207575460499,7.546712164738391,6.824762397548093,7.523741821742221,9.183312392518722,7.128082927167087,6.686384261743134,9.337882317860478,7.166050366662857,6.9211788909390926,7.76597088984693,7.585313911126686,5.573536484774008,5.500569993758967,4.869930072465677,7.483750011120206,6.578225028483021,6.565500384458238,7.954880618967669,7.33992029190293,7.278790588209947,7.402050336945488,5.957703811340011,6.429635166872668,6.693006685048093,7.739278602586188,7.034729852051129,8.219003299068994,7.759290943900484,6.9424552014126055,6.428543396877192,9.294607081382228,9.796381563614892,5.812414112414355,8.310383400366305,8.469232604290262,8.16830289886683,8.053320592953732,7.062406152156526,7.693766640615155,8.61009480765402,7.493606573749694,6.306319749255525,8.130281202941273,7.4252932184602125,7.945276939181641,5.97100234581324,6.277839029704849,7.82598781292191,5.546289295324909,7.525336400884282,10.6594029549744,7.324690871928433,6.532324487186515,7.744680309470622,5.539824659212632,7.979024704657029,7.457756296865332,8.144329770621052,5.747841757435467,7.42062741992314,7.171645744926031,7.842451685313831,6.900836336264832,6.5065270497998275,7.648030597295266,7.229531220731548,6.8207603668788,5.966479862873778,7.9380166596063235,5.947423700322759,4.939805580284262,6.957427599736208,6.407672144942834,8.2880561051816,7.4637714992433075,6.732758391660119,7.29296979551638,5.1765802463766475,6.872478193232551,6.984239835771725,7.831644651351887,8.056137271719654,6.34950243923469,5.705199883997513,7.360617857450953,6.182322463542357,6.0972088834181175,4.731063778747135,5.306615220599195,4.529664456675865,5.344256014289179,5.402227103439972,6.129033173928233,3.412760801307774,3.499611629980909,5.57834181379526,4.47882197348335,3.4152808653020514,2.0227836821843375,4.169627536998145,5.253894777759362,3.940680884678042,3.6320072421448146,2.503700443526202,3.460556642497857,2.2196221814370096,2.328189577632881,4.543999609335266,5.67711281230292,2.5000238759406392,5.455422837841361,5.3625441574498725,5.220912997090679,1.3741089502579096,4.516710137719699,1.8857253144216157,6.197902664662637
