,00_NORMAL,10_NORMAL,11_NORMAL,12_NORMAL,13_NORMAL,20_ANOMALY,21_NORMAL,22_NORMAL,23_NORMAL,24_NORMAL,25_NORMAL,26_NORMAL,30_NORMAL,31_NORMAL,32_NORMAL,33_ANOMALY,34_NORMAL,35_NORMAL,36_NORMAL,37_NORMAL,38_NORMAL,39_NORMAL,40_NORMAL,41_NORMAL,42_NORMAL,43_NORMAL,44_NORMAL,45_NORMAL,46_ANOMALY,47_NORMAL,48_ANOMALY,49_NORMAL,410_NORMAL,411_NORMAL,412_NORMAL,50_NORMAL,51_NORMAL,52_NORMAL,53_NORMAL,54_NORMAL,55_NORMAL,56_ANOMALY,57_NORMAL,58_NORMAL,59_NORMAL,510_NORMAL,511_NORMAL,512_ANOMALY,513_NORMAL,514_NORMAL,515_NORMAL,60_NORMAL,61_NORMAL,62_ANOMALY,63_NORMAL,64_NORMAL,65_NORMAL,66_NORMAL,67_NORMAL,68_NORMAL,69_NORMAL,610_NORMAL,611_NORMAL,612_NORMAL,613_NORMAL,614_NORMAL,615_NORMAL,616_NORMAL,617_NORMAL,618_NORMAL,70_NORMAL,71_NORMAL,72_NORMAL,73_NORMAL,74_NORMAL,75_NORMAL,76_ANOMALY,77_ANOMALY,78_NORMAL,79_NORMAL,710_NORMAL,711_NORMAL,712_NORMAL,713_NORMAL,714_NORMAL,715_NORMAL,716_NORMAL,717_NORMAL,718_NORMAL,719_NORMAL,720_NORMAL,721_NORMAL,80_NORMAL,81_NORMAL,82_NORMAL,83_NORMAL,84_NORMAL,85_NORMAL,86_NORMAL,87_NORMAL,88_NORMAL,89_NORMAL,810_NORMAL,811_NORMAL,812_NORMAL,813_NORMAL,814_NORMAL,815_NORMAL,816_NORMAL,817_NORMAL,818_NORMAL,819_NORMAL,820_NORMAL,821_NORMAL,822_NORMAL,823_ANOMALY,824_NORMAL,90_NORMAL,91_ANOMALY,92_NORMAL,93_NORMAL,94_NORMAL,95_NORMAL,96_NORMAL,97_ANOMALY,98_NORMAL,99_NORMAL,910_NORMAL,911_NORMAL,912_NORMAL,913_NORMAL,914_NORMAL,915_NORMAL,916_NORMAL,917_ANOMALY,918_NORMAL,919_NORMAL,920_ANOMALY,921_NORMAL,922_NORMAL,923_NORMAL,924_NORMAL,925_NORMAL,926_NORMAL,927_NORMAL
0,-5.027565403590521,-5.364211340459626,-4.065401849969351,-6.087721181185873,-5.933828204043938,4.710881846802623,-1.3528195834537962,-1.4865157128024373,-4.619825733365388,-1.3515008208538948,-1.251526025369107,-2.5554101536982032,-4.43998342529194,-3.885680979334721,-1.9830274627688143,5.478927967660429,-4.961156058736521,-4.731480616908851,-0.6849225868428058,-0.35673915562058767,-4.179606809586858,-1.0295752596608196,-3.433904174352128,-4.1549385074068335,-3.9114508069969984,-5.652273192565788,-3.2270567451987504,-5.124326073239252,-3.5123627846517396,-3.4566629963239652,-4.57170491034047,-4.4472435588604124,-3.9908877137550918,-5.251890142275786,-4.489887897002143,-2.8437991351713556,-3.768618347224391,-3.2313279264547674,-0.7445401571772061,-0.6832182625678493,-0.8878518169965006,-0.9987836288941896,-1.4615191292968612,-0.9008780170490844,-3.9561976819453095,-4.006049970755005,-0.8814326640734969,3.21357179351726,-3.883825896548144,-2.712365775807616,-1.0058378554358929,-6.229603092006731,-6.5694324881279,-2.5424698361882196,-4.204551817592112,-4.064404773435307,-4.9183717709789345,-3.564273872905359,-4.63474921503045,-4.388166650218929,-4.107065541571154,-5.3537084934835,-4.898428282128143,-6.275990979188521,-5.864455056043219,-3.5647594211068623,-5.563975737752452,-4.358515238693468,-4.116144674080406,-5.643804491404007,-5.605477457626689,-4.2876720956573875,-5.100815743184922,-4.229405263848922,-5.109686907410821,-6.170988007594045,-3.65232801005696,-6.150478172176963,-4.833404454256725,-4.43014096284163,-4.601728790606305,-4.039126584104537,-5.428017517790773,-5.0728175019549075,-4.1350059919064295,-3.566820995268719,-4.218958766724546,-5.135802067189822,-3.5575845167157043,-5.0236219546978695,-4.623697662810813,-4.165758834943073,-4.186441352745065,-3.9447768297868833,-3.6063681675065142,-3.488329109932691,-3.9160643436375335,-3.9034693145899704,-3.242831140606592,-6.224791826942965,-3.0053231699187255,-3.3539209541830317,-5.273956386831541,-2.762277930343966,-2.9188580571765814,-5.011202446653946,-2.2524894825646045,-3.010416557582737,-3.9218579990990663,-4.78757634179214,-3.595997034350927,-3.5504588177744685,-4.019188702823973,-3.0669980733663595,-2.8703748841829233,2.2939186517295873,-3.7541862453203216,-4.02529908106975,-0.7667187631482284,-3.1610603248839984,-3.679374363060147,-2.382610814432971,-2.41296716564414,-2.748938231202741,5.783410930797069,-2.56632459880505,-2.9478934633151552,-2.379902363399694,-2.814372550566327,-3.2027064152126368,-4.547913462168623,-3.9549483845110696,-2.544208021484579,-4.1605564546077805,-5.740070343496393,-4.9368654601937845,-4.810409503310981,8.376919119973207,-1.4572945439607055,-4.886061277583778,-1.6241617789347478,-3.9298829600191874,-2.9017216298860644,-2.109524465335853,-4.964997853740854
1,-4.253023896034549,-5.365092463492213,-4.178686942855716,-4.812177335149903,-6.1328213584163445,1.5997094628325375,-2.162931125996484,-4.6707946604177,-4.025679234604885,-0.3654948382153167,-1.2403837802366693,-4.117810058121672,-4.654895497921137,-4.043515393261322,-0.9983291208638831,2.9515780679052948,-4.610102518464228,-3.7231642360515362,-0.31610796127865415,-1.570506573549415,-3.5615389305265044,-1.3929435763879991,-5.018078236940811,-4.844399187549149,-4.7471797712057775,-5.500359523371522,-4.898649734294649,-4.745944896275576,-3.8467057891503575,-4.26468533801774,-3.409716812214143,-3.9437265226047593,-4.760059199764763,-2.9370150776442667,-3.9040234936373492,-1.4009433400225872,-3.835182198063907,-3.8939011742408027,-0.7194992475379154,-3.1800650995153656,-0.6063122198960853,-2.70289209997158,-0.0646388823405264,-2.5824813315193174,-3.795599791856195,-1.8128922413307444,-0.9413747360043452,4.018183774164977,-1.107566490736283,-2.9077892332295687,0.5864975184558148,-2.8740170072140585,-4.9958262161320155,3.0905564073500056,-3.8193327537107384,-4.76810591595666,-4.025362367772761,-2.8623057186775203,-3.822320059504664,-5.236505840200584,-4.402841062843608,-3.1201636914038096,-3.4157269476652368,-5.708834817309586,-4.618580153863131,-4.519441480628097,-3.8014809879133953,-4.123999669374689,-6.0569319715294325,-5.746970086065283,-5.271418235990569,-4.295245404099908,-4.596743445369782,-3.724500583096661,-4.658898662762827,-5.189375402194712,-2.962889975892085,-5.649426738123162,-4.928937637913556,-3.770002193460427,-3.6636945183514005,-5.050660391401914,-5.73345172433141,-5.063747841786451,-4.468242305246601,-4.06953890460573,-4.4840029130867025,-5.094753682314649,-3.687069617995771,-4.180848533434341,-4.433847943829914,-4.157901217633596,-3.607600564193408,-3.3282486172793364,-4.040556048918387,-4.93643811667977,-1.9594832482135538,-5.3662294798446935,-3.365412214269937,-4.360379026147143,-2.6358830635819537,-1.2219190043026549,-4.059413945525183,-4.30488933920497,-3.3304427112075468,-3.6356700542878015,-2.539974898720396,-3.1874436843834397,-3.8591033144545612,-4.876940634208584,-5.161634248952525,-4.808418928221429,-4.6309866928564,-2.5885180176630085,-4.161447991218244,-3.3218200089342753,-3.6768325332979264,-3.219626064150572,0.6464041842924653,-2.282161280969838,-3.700121467034198,-1.952863891128422,-2.5605669372590043,-3.0571100030602736,1.527661829670198,-2.5580322324338627,-1.4096073138690346,-1.6996786910630726,-3.930881382385088,-2.8171849698892917,-3.2796378829446744,-2.1892366472072355,-4.0600957018151735,-3.7175439035996654,-3.200146902107001,-4.622608524870115,-3.220801222638967,8.843656384048371,-3.2382373269927394,-5.758805210667136,-1.5539154208305959,-2.4793778505745268,-2.077250173999296,-3.446251813496336,-4.506542213082651
2,-4.014349539534253,-5.603269188934973,-5.3581530064427545,-5.809357831281254,-6.15715899695453,3.841671422750096,-2.8105267638588334,-2.6718579415909516,-5.271068492082237,-0.718340649029996,-0.6656365978079712,-1.447033381504828,-4.032086121179777,-3.6070355924784883,-1.013424643964414,5.089297254052639,-4.989729105550015,-3.6874283503795016,-0.8596591272722135,-1.6510584294119923,-3.1443610770833708,-0.7665934166704544,-3.169850587242465,-3.666460637060993,-2.651720281278888,-4.529032108633982,-4.755386766333176,-4.014187009251719,-3.417339538832309,-2.4276092869344494,-4.987721615400332,-5.277870603176246,-4.7840930155242445,-2.7424648679465404,-5.062421808341165,-1.6321711697290198,-5.2829918758198104,0.08564846355768019,-4.288611042293604,-2.1932481786743723,-0.36844125172256437,2.1845342778415553,-3.216138830015958,-1.4718428811016824,-1.9958722477240318,-2.847165544657063,-1.2193187641662586,2.8334856065988596,-0.022189455937883018,-2.2944075483402915,-2.0948674680400936,-4.588911672681538,-5.353743196908688,-4.903540955565542,-4.7490737340756715,-4.721747124715018,-6.204205130064241,-4.412493323113292,-5.849411840732423,-3.867987349300906,-6.169495267283132,-5.267578124508166,-4.6562200700442276,-2.991692527484458,-2.840796411263403,-5.794407458775516,-3.3248980455359405,-3.879294953692645,-3.3844840339437403,-4.707313458601284,-4.6105250294940445,-4.842433031768527,-4.3255649795419675,-3.9706164679555194,-4.75519807585875,-5.7428768827992425,-3.29691228949471,-5.1804265003496175,-5.3176814171913795,-3.725556114781845,-4.107538846781283,-3.601531155094852,-4.781569954337433,-4.093228350588923,-3.8027779081840016,-3.7687056907899157,-3.3757166802431007,-5.42445671440092,-4.494478305906814,-3.9476129606026165,-4.765288935183908,-3.413575727916199,-4.220132427438816,-5.561148225701427,-2.8415904536982977,-2.434080136393916,-3.072557633436949,-3.954320922624508,-1.330121483891113,-4.073178584383697,-2.0259187772498843,-0.9926471582228591,-2.2478092493507837,-4.00403952661101,-2.213200641544831,-3.9191445440530397,-3.877643902219448,-1.9592074679897227,-3.8087569856182837,-5.153687478383545,-4.035265030336989,-4.74500489303195,-4.5942345931829625,-5.09716288756099,-4.677147687984492,2.182700997958082,-4.156781756971955,-3.1923353422941565,1.6465991225500614,-0.9938786670205841,-3.8696472860728734,-1.3820259959409,-2.4754644831000987,-1.5420100444584925,5.443055300842957,-2.709926178062486,-1.880409051337207,-3.0664713996814683,-2.720798785300918,-2.249662572707027,-2.1319272026377956,-3.2360379811753974,-2.6145198860836274,-2.7553858879650632,-4.692337612135185,-4.799308674419675,-4.4402662504124795,9.097253420707375,-2.578884779680401,-3.5858852359846702,-2.828656668389913,-3.643384247981482,-1.947456115393145,-3.674053471813778,-4.0413821297210335
3,-3.806764382511811,-3.4889655824397052,-4.084077841070241,-4.987597865759206,-4.646593013824134,4.9833037319883715,-1.112721701166718,-3.0482942397544788,-3.659912241924152,-2.059618876598253,-0.2419965030244886,-2.458262965538183,-3.8201667010946045,-3.526613471746439,-2.0040765257854756,4.550839431807503,-4.398675004604116,-4.023240834168091,0.07664978346683471,-0.710992833144243,-3.235123068998818,-1.6311279094613558,-3.576551174900568,-3.0251131014812658,-2.5316328383770452,-3.6172752958141206,-4.178392322624035,-5.8046216932031065,-4.744793181719396,-2.353187210942913,-4.133500577452163,-3.632849050238998,-3.3666135712323837,-2.2559044976204654,-2.6944102330066357,-2.3633082093629967,-5.10559370128227,0.4920972997031532,-1.8846763987701984,1.198105679008763,0.27476078737983656,6.282757300130527,-3.37274154189747,-0.6568237109404857,-3.169135007777868,-4.044275445777607,-3.671189873687989,4.553641134344039,-0.9578980833163016,-2.1077593899420357,-0.18748932468602675,-5.853046522697986,-6.052450778696759,-5.604851250472053,-5.382203473644918,-2.3326451614930215,-4.338844433880105,-3.3945585654199237,-4.391570130165315,-3.898413375991259,-5.7234054337996625,-3.1566585014918083,-4.4785141794621675,-3.985794624451289,-4.936166117249927,-4.931869538125339,-5.014075709071532,-2.7969212602222915,-2.9782244171676977,-5.167690953407438,-4.727664386974934,-3.6765111416264356,-3.5936300140250417,-4.035453035004409,-5.5479512197303436,-4.936855166168645,-2.8822184961637642,-4.643360829982846,-5.037536602306418,-3.440629244794178,-3.947872788639594,-3.524574007596912,-4.755372988830661,-4.10758489527563,-2.852583556516926,-2.778719892153976,-3.266114787449993,-4.532585482392,-3.7885831157453764,-5.006207789903275,-4.202870402407926,-3.2659806410741776,-2.9296729833969692,-2.882123044334377,-3.7283779789138682,-2.7094282582526112,-1.8917802131680466,-4.758229916343426,-3.657749542721739,-3.4420097215059333,-2.20550419174189,-3.0609052568782595,-4.45538469915162,-3.500154305703443,-1.415318088502644,-2.0227127678244967,-2.1223054976271967,-4.205115465104124,-2.308726647182159,-4.0843214196277025,-3.2156911812921436,-2.709762119115396,-3.9496417278448783,-4.940937741660819,-4.029433785522021,3.1109327465453678,-3.0981582826055103,-3.16088524838196,-1.4814529001162995,-2.198938416635539,-4.066940824230127,-1.7364511935953921,-1.1087338802978859,-0.5518085243645103,4.67811629172554,-2.9192418453348106,-2.168703764010874,-2.9003246318684357,-1.882710383320473,-0.44358293774485924,-3.299782952061482,-3.4181802365852985,-3.696863725730747,-2.8341321550847938,-3.6663448280247284,-3.8461015854499587,-4.543144587855568,6.102714278060837,-1.462106316595439,-3.1049672073739605,-1.6628228282595408,-4.005972165964636,-1.7911808310158823,-2.0660421298364886,-3.8787106311760278
4,-3.96532688036769,-3.7210745575627753,-3.785125610923953,-3.453578787331051,-3.7270363745089274,0.9743605924344898,-2.511537641328718,-3.0717250224623918,-3.9775828111023737,-0.7866212947098159,0.09217899162965315,-1.8297554937468536,-3.7705208954865768,-3.0496184803101776,-1.718959739870881,3.267056792499944,-4.620199536773114,-3.511660343063998,-0.7473570669287277,-0.29530450534094066,-4.0478398391657295,-1.4403894889042108,-2.6466529831268306,-4.259256021214249,-1.723221185061473,-3.0138590051377165,-2.987189352452302,-2.791548815710299,-2.571276532392415,-2.4586680973097716,-3.76122645932928,-4.490895216226766,-2.4569282367593983,-2.0540736842369762,-3.412655080312244,-1.5528578008187854,-4.403673770458351,-2.47367232919568,-1.7736690620939584,0.27471819263552444,-2.067751225492081,-2.258162048592042,-0.044533358401310785,-0.14632919249405774,-2.6796966661135007,-2.9014536434012825,-4.002599884078437,3.963732092222446,-1.3698599944364465,-3.090035473223057,-0.19073101512922674,-3.483269386322418,-3.6593469795389666,1.1885528304986073,-5.078453103809831,-4.492794737035217,-4.09025922398576,-3.8285491229161774,-4.996222193193671,-3.1788860919949915,-5.268388770648395,-3.8460737097402182,-3.863515535301972,-3.1119838525872425,-4.675366577547592,-3.304233297753015,-3.5434120581774624,-4.065522590859317,-3.1959947130492004,-5.495527604179446,-3.2411770312535415,-4.860097902408063,-3.3994334230244196,-4.3350792237574955,-4.88655094332374,-5.417947485407479,-3.2647085085977574,-4.397243358643159,-3.5799295782297453,-2.54738207537143,-3.5699363393475543,-3.8595861532562763,-4.958566199154745,-4.520430906689467,-2.6180791251287445,-3.8359649639088,-3.979562083273513,-4.8035772941653505,-3.059131095971151,-3.471070583967588,-5.049953470171617,-3.777559591356608,-2.295195770051388,-3.660000675285408,-3.371176804383305,-1.6999358321373714,-1.7486351451183593,-3.49836133140361,-3.5621226691650842,-2.756035691878617,-1.291745335996656,-3.3756658213865753,-2.6612417502028416,-4.712678611846844,-2.621357042279221,-3.220260345340152,-3.122438189109862,-1.5497126207738017,-3.8078878912904184,-3.6826802199532187,-4.467704977113885,-2.426128639039527,-5.096905377922698,-3.7908095132786093,-2.5835150892154974,-2.622842976645883,-3.472555787707135,-1.5853990949759869,1.1228716713954174,-1.4519109595928203,-3.802512563903366,-1.3226795283576607,-1.8798633878615036,-2.795503699644858,2.4038660135886984,-3.46742712130769,-0.48897261721586815,-1.9103350764424614,-3.474051693741365,-1.3642514756237227,-3.199507018647009,-2.7008375613063293,-4.036319499461063,-2.545273249329283,-2.2715657084227248,-4.537423052839631,-2.8251347067825705,5.716558576986778,-1.6180840081727896,-4.936252779170656,-1.8356082597280268,-2.6370816575854974,-1.8254820436049974,-3.5408280520875604,-3.2015330135706543
5,-3.179329159126908,-3.3584084829434526,-4.637857335805589,-3.2966693169708527,-3.7438772185578797,-1.5754142007512209,-4.4540992279428915,-1.9647382999519984,-1.4276893333974425,0.43286872518783825,-0.42680302758806965,-1.645147554812982,-3.5633310082834173,-3.2627638250139825,-1.2026741795913538,2.2102182412839086,-3.405663301908337,-3.743893938586627,0.1421344960462354,-0.7591321000778009,-4.222693559170018,-0.8578025029058209,-2.0581904761645284,-4.47190754948555,-3.0049386340221176,-2.434280172368477,-1.7498259007089403,-3.245311460642569,-4.2058242566896675,-4.033042518691987,-2.501956229374044,-2.5094993521511633,-2.183266189880796,-1.7846686889131842,-1.8887954463872263,0.6381115911768256,-2.562774547298172,-2.4705098385397455,-0.4091602475958398,0.38419703809488537,1.9903489951662767,3.2237833574575134,-0.9994379802188953,0.6936073779278251,-2.9936881226838623,-4.002131587619411,-3.107071090777073,4.771609557891648,0.730415138031661,-2.8348746642811853,0.14537804611585825,-2.526629773181275,-3.787809652570658,-1.5064234156170726,-2.6956132191369213,-5.032290762020409,-3.2035775849090693,-3.8456187910560558,-2.1559953576719963,-1.968069707846937,-3.9742504978026743,-2.7120982282914587,-4.190666100578631,-5.183489970360086,-2.1499972757732784,-4.855864107643653,-4.238171955268645,-3.9806803717885035,-3.554168489111494,-2.3738845658775496,-4.040123217329764,-4.295755339196903,-3.240927565579518,-3.1281202077619623,-3.8676794694814545,-4.581429118365686,-2.5896221254304987,-3.8102857443269285,-3.4259622547337605,-3.074266142979328,-3.1716017669877705,-3.7959865543598514,-4.2957589301665,-3.2116859944087217,-3.37144643297506,-3.046822969757424,-2.4758053674379488,-5.133735972740733,-3.2245980216191272,-3.8975160738771115,-3.4946226615357157,-3.80887872260077,-2.6417751516885257,-2.5534376941481867,-0.7225669794938874,-1.897963715894621,-3.231507471028491,-4.207237681876901,-0.917562002590099,-4.727692406670482,-2.66755606761932,-3.050439083119747,-3.8245594622371653,-4.325643143047153,-0.9674828610977184,-2.6269248958217215,-1.768562471050051,-1.9953870624825396,-4.1203534833551645,-3.228166146191508,-4.128331605279793,-3.622521225014988,-4.309714309750962,-4.526017573126202,-3.337425588814236,-0.8833705998180577,-4.620074988503299,-2.411396963616583,-1.5655836434913528,-1.839691192026394,-2.4369351433242272,-1.9279815707060965,-0.8396902356950715,-2.123130214584923,4.213019090007666,-1.0475683264741464,-0.8860871338695198,-2.0488391949140916,-3.425930091138444,-1.1818203409463675,-1.9760427613095883,-3.419818446815692,-1.501309876377043,-2.1805532023657728,-1.9988422433432773,-4.025562713982614,-2.77789317667977,7.618892352113975,-1.0054988645177128,-2.8533880768622124,-0.9329233600548179,-2.7964031672849723,-1.5147741779458082,-2.746502908473958,-3.4549458440256893
6,-2.737508121843563,-2.974724711197538,-3.0616509388715425,-3.2280671113370154,-4.369520161974396,2.579729471817351,-3.176072949180675,-2.207821491696883,-2.727245881822473,-0.8232343932957393,1.71672794111532,-4.441305348408125,-3.3937090013330864,-3.5998673685070623,-1.1139821714187819,2.9041520531204084,-3.8285995325828024,-2.2495418636828264,0.3590734623270435,-1.5147736875514088,-3.09201690249637,-0.35966660349812296,-2.2245836749050687,-4.301259790543267,-3.5590817947822817,-3.071094635032497,-1.690217878464646,-2.611186358344823,-3.1758596506943335,-1.660027297227698,-2.864889291764435,-3.9376703809212823,-1.5992586222669365,-3.852644123361854,-3.8966326226569086,-1.9992216938966587,-3.932586430826346,-0.2208741119375781,-4.247801636065555,-1.7587102468185583,-0.8017828955865219,-1.9623984206283263,-0.25284254428145836,-0.30745170988307335,-2.9752727645316335,-2.802601990774945,-2.9012990061328185,3.323426504218155,1.604109672293855,-3.7328336414172756,0.7937764314981175,-3.1164283097916514,-5.032122796431745,-4.297107031464076,-4.340657751274448,-1.6258175468329554,-1.5029965243226604,-1.418091290507422,-2.8937227466449946,-3.28450472791258,-3.64566853968592,-2.640099552422027,-3.310134651500476,-2.343635847812941,-1.5364346187372973,-1.9920294366212659,-4.741240747561065,-3.0241559181748916,-4.539273793519429,-3.8634460885127355,-3.840139262476727,-3.1098541676420286,-2.77020029675331,-3.774467595212885,-4.09740239695808,-4.025493265795461,-1.8904327025316423,-4.079247971439486,-3.935752105068334,-2.3297648707576757,-1.7579923938101163,-3.391724889364059,-3.8036719633607983,-3.586541413954664,-2.586951118649311,-3.3787982944973187,-2.784995499139993,-4.375639569590212,-2.854662117070489,-3.5451052217082877,-4.608791433500736,-2.8228917418279273,-2.4717206873084443,-1.9767026756839665,-2.5207543213961903,-1.1464477013044765,-1.5273163376071068,-3.67452120842729,-0.798345859972958,-2.87578416164784,-3.021030155745041,-2.3122115537799086,-3.35310040893784,-2.5820059648474647,-1.840100328615124,-1.2049695494518238,-3.2626505904036054,-2.1177446107027027,-3.576433924985828,-3.4760916284247916,-2.4681538608519777,-1.5305198444037709,-2.0978265983720816,-4.661446759102782,-3.048102152072175,2.63241804457272,-3.459389403844334,-2.048613067672303,1.1615681317157116,-0.04563496874980677,-2.181982527622875,-1.253622345127965,-0.8827822557428706,-1.8019786892601077,3.284681229504073,-2.2147643119676594,-0.4019680497938789,-0.21446711876756552,-2.21799553180408,-1.939873895642341,-3.0592810748873394,-1.7541693572808978,-1.4966030820573692,-1.9157413349790107,-1.721730819426949,-1.9365641431284395,-2.430242127562357,8.75023989881159,-2.3585214699606527,-4.537752952657309,0.06801734700437323,-3.156150251922507,-0.2908065815843359,-1.329523874060388,-2.801421479754817
7,-2.375676329177109,-1.8502303695521305,-3.7976918046010915,-4.079015457312165,-2.9837661818864176,4.927140446701922,-3.0427351044346134,-1.0261463052674262,-4.148795715095322,-0.23771773643747984,0.8654716907044118,-4.284223336882231,-4.252336355566954,-4.212428841266449,-0.9701914362884831,1.7632857879186443,-4.087867871587553,-1.7256842969348796,0.5664253690201644,-0.0693636984863426,-2.9264608537937256,0.12268595567659368,-2.4757829083580685,-3.837636333686233,-1.4922516368462437,-1.6875461510092489,-2.180052723092514,-3.510098207592904,-2.8621200100363784,-1.7980146341810643,-0.26715172460933934,-2.0077566170959176,-2.3919820272803825,-0.7082413466522133,-3.4526639506712535,-2.5212763778785643,-1.814039740410549,0.7973196537827372,-2.132476205503904,0.6728287058917017,-0.27333056912769704,3.3897642040339973,-2.517578788993288,0.06678661970167599,-3.433013933989635,-0.6804900803834699,0.17453286941072887,4.484930437790387,1.9048478153274706,-2.052676153911836,0.07988952552971895,-3.5490233800824424,-2.804425039191914,-1.2488702106017975,-4.193809697957067,-1.1770893353547298,-2.858883636577838,-2.0719367962531567,-1.975547985738292,-3.8866826038783553,-2.2171158498546366,-1.9761919004195074,-1.84463191067492,-2.653890538318075,-2.241829945049804,-1.2858167434788985,-2.4783858399316383,-1.8390412484564935,-3.2526986464556975,-3.801164214683162,-3.4973819562098454,-3.4579956526164883,-2.83586870923062,-2.194164425302895,-3.4645484560981936,-3.158988454006307,-1.7938949791463723,-3.594618917169787,-2.8042636232485365,-2.199552498221596,-2.4982450816550257,-2.429575238996036,-4.177022182285989,-2.6706025999876557,-2.6888293871650144,-2.0107344089532244,-1.774172129164498,-4.2572246734358785,-2.660127446383005,-2.9681552502857143,-2.7279549811016746,-3.6062025673181686,-0.5814137687010468,-3.6434740724356893,-0.6503047915757452,-2.510588480939859,-1.6541614981091208,-3.669452132266719,0.015391534971770149,-2.0251685640456283,-1.2515079035475127,-1.0930406776457096,-0.45178940279084534,-1.5151414039685527,-0.03553163147719962,-2.8045960487972867,-2.0474674332602256,-1.9891128606459607,-2.2217924409061673,-3.412324438120039,-1.470735177619356,-0.9537791253279337,-3.835971353319093,-4.353696686922544,-1.6639644007021257,-2.848673072831811,-3.8284363887256343,-2.3105469356839845,0.637550744876556,-0.7242017084298606,-1.3671653545023335,-1.0055562066797243,-0.023583849520371958,-1.4537063526986196,7.451166654637158,-0.7374320569963577,-1.0379412084451591,-1.8105915065956941,-1.0682098163542948,-1.1787165554219858,-0.4930501779040952,-1.374977511677236,-1.7626851439786935,-3.101779999281645,-1.015023200475679,-2.3684245185992605,-2.929964272888284,4.649411985202385,-2.2233126119662443,-3.9894247847274578,-0.9858560049020467,-0.7304302745525897,0.1964616197023037,-2.873684207007188,-3.181338310229366
8,-2.089975276238223,-3.2064942936627876,-3.52337813368327,-3.1098982408799642,-2.063386648763762,-2.124834007235056,-3.947682359208518,-1.9517214480875764,-1.8720825651528488,-0.8869409344134673,1.7661281179415955,-1.8773280295145893,-4.1549625984476,-3.9456381498156303,-0.5996193348138772,2.2736414249892634,-3.174170368833534,-1.345132614909456,0.29655245180279544,-0.767670303810883,-3.533373807865366,0.8076918615566258,-1.8987009510222888,-1.8517029403656031,-0.2830274133512263,-3.102099048161149,-0.4543009624836132,-3.040664425039259,-1.1158184167058063,-3.200119063772246,0.13340034518079014,-0.5954926989428437,-1.7346004118557798,-0.9485447521450041,-1.1633164094346018,0.6658099232370929,-3.962724509629933,0.49800482872078744,-1.5908650196204497,2.49376368162253,0.15038913718064784,1.5342859504183601,-0.20010693479888264,2.4089255102696314,-3.2369426014203033,-3.646804325786197,1.3086281201388092,2.6505111455578754,-0.7677793538716406,0.1866380174528568,-0.11157717700091307,-0.9255903259550702,-3.1438766762112254,-1.6378615751778596,-3.688577001923897,-2.5449409965581897,-2.22681566954906,-0.8682016628845388,-3.3652429333355243,-0.8042375062899727,-2.436932446239659,-2.067309919689792,-1.7477847644448028,-1.5264843547704992,-3.003202214663684,-2.705522941620577,-1.7202552709121268,-3.153330911010138,-3.007921825507232,-3.8317400153546193,-2.931702145136173,-2.167615736497287,-2.8307982965191116,-2.753174485583451,-3.1077434205172523,-3.9978322255177017,-2.1675757131224036,-3.304150650689516,-2.4224239355076307,-1.4085704098851553,-1.5778434590569383,-1.8177747227815706,-3.797714340294224,-2.112228939249025,-1.174277092281871,-1.9653084860675927,-1.715705750854196,-3.905532330500252,-2.1067831277827396,-2.5868914846384667,-2.3599517882996146,-2.9090882928447783,-2.632090639079632,-1.2291407316422904,-1.4822495148032133,-2.105195834483937,0.0547146616429699,-2.229481484379857,-1.1444278221341828,-3.1110051998643287,-0.48796157501768933,-0.5137643162506449,-1.1854194080062852,-2.5814606040331336,-0.3797108634492301,0.6003884770613017,-1.41789076107389,-1.8514871844529095,-3.003172292434872,-1.7748997953783645,-0.9523308535706798,-0.8640233877782029,-3.065411593869735,-1.530873215226436,-2.1383765869059284,-1.1619867775332837,-1.61825570780523,-0.7006114609604939,1.6194453239531574,0.4228259197142672,-1.1448525506935,-1.0206290729975727,0.030196926902040344,-0.9789385059395329,3.9575390107918054,0.12875995220444336,0.2523036154613374,0.17710247951792413,-1.6945570526194764,-1.5211179980947873,-1.4038905285972154,-1.2607266868415832,-1.8178659155974795,-2.4866415176379384,-0.8162788102769425,-0.6242403398853913,-4.082149167810456,7.769529249293534,-0.13061486525307964,-2.1572041224008696,0.6981291122337934,-1.5794443176364457,-1.6758520590102737,-2.909340624295519,-3.8286441403190565
9,-1.5900329768462544,-1.5466800672295817,-1.7455217322235768,-3.2071632912998265,-3.404912235731086,4.470623538755071,-1.7144079084586719,-0.2267096503412489,-1.051325132396093,1.3502086974976222,0.6063156957199515,-1.257682621811191,-3.836592797726873,-3.1103624959484284,-0.354653238320462,1.591374842824916,-2.2263274170005163,-2.1582459521430586,-0.43849614148559796,-0.32870526718726967,-3.2375657912583304,0.6917531886405555,-0.8933562894047986,-2.860951166005179,-1.7465218403473397,-2.3242176396944108,0.0047245053604965115,-1.673988446763178,-2.1332520262625394,-1.9073405664218477,-0.9875301705428572,-2.291294577794942,-2.4044080772896703,-1.76759016222872,-1.5678031737905116,0.14153195449320588,-0.6041250253750947,-1.2245838614442726,-1.745783963377574,-0.32574391638313915,3.308838536891372,7.675756691454624,0.7388180020781179,-0.555540085988384,-0.8148725930357874,0.846941639533835,1.9363765652135863,5.546859519430258,2.636447954967898,-2.115077071330144,2.0486889935032906,-1.7190212892825567,-2.965565035234158,5.472667458059163,-3.5368787239085866,-0.06873149037869153,-2.3957147791908096,-1.4563845010274308,-2.633982627998946,-0.46640224073852155,-0.7200407635524964,-2.049789029382442,-1.0919694193678122,-1.2279321193317938,-2.1493959936733003,-0.10725788425261173,-1.3644634022306215,-2.112967688698809,-1.819186860554441,-1.9603187873859758,-1.7653763904270527,-1.3639873094264512,-1.7547106539695796,-1.7223820744751883,-3.6030106153548362,-2.113493889351779,-1.5878647895822715,-2.0331318483069776,-2.723615744562224,-0.8928924970168752,-0.7356425040959615,-2.528954361243667,-2.5897229893132545,-2.322528368697973,-0.7711245295146019,-1.9524190410963107,-0.6413096121184254,-2.2420175982584967,-2.431524570024288,-3.020326897081531,-2.4514385155532183,-2.1702770741957664,0.05701561862138016,-2.0903312186071314,-1.120787501397413,0.09518941842066031,-0.0014270117808612426,-3.640632460618061,-0.3757906285758308,-0.973883235248763,-1.7423773171548689,-1.4015401950754716,0.22865233734048962,-0.966825587675991,-1.3117888887889084,-1.2401635958085557,-2.0005009205632596,-0.19173988241727047,-1.8541803931090701,-1.2908585868294138,-1.9251362359690583,-2.1216361916274846,-2.3744685447188765,-1.902854811406181,-0.7738954599097885,-2.4091752311885974,-2.574780720035702,-0.20688887470043338,0.29673193126906705,-0.2971469316162708,-1.8360279999285545,-0.22872546000893834,1.312538772917955,-0.24242958834169337,5.597058661908308,-0.07306404263728505,0.443848063315893,0.05415346594058423,-2.1289494211845987,1.1601287952246109,0.05519302406746607,-2.776508638930434,-1.941773936493553,-1.6732480533619833,-1.1422760915917047,-1.9175074846704945,-1.9222518600533833,8.151514868751029,-0.31313902352133494,-2.591246472920086,-0.2969336142043365,-1.329375975115945,0.9424150406821172,-2.326327528130942,-2.210113670792972
10,-1.5431734604150764,-1.5066303514354553,-1.5706851194035303,-0.94435408230561,-0.8628566032656071,1.6658902169863445,-3.865312969737633,-2.9076583964829243,-0.5446089710850934,-0.08546789282278855,0.9490256758436255,-3.4848174453803513,-2.796619347405091,-3.719148163683365,-0.23719319395006233,0.7515628409147443,-2.3639480697332935,-1.0584272918626056,-0.06838966071986874,-0.5459546714724669,-2.851880540579806,0.5521555624936196,-1.7508669826560197,-2.3284133360317876,-0.6614287390068903,-2.3236843557176132,-0.718337229176131,-2.2769067494134196,-0.4286643586772678,-2.345764932651294,-0.1976484727074368,0.5489215325629826,-0.05434824108518921,-1.033691434360444,-1.204676353300675,-1.0948595102997247,0.020311233240285276,0.7565426203817476,-2.003460405888638,3.1965015446700193,1.6830106476190965,5.590667959070769,2.3717549846150514,0.5351491222188953,0.28051407938501915,-0.13494174122452884,0.4849817620916306,2.5979335839760127,3.098680923088854,-2.5130156780534407,2.549400281995398,-1.8876419408542326,0.07299997349261123,4.096834520252794,-1.78815531401258,-2.0047175987674812,-2.469011408620994,-0.8418292866238619,-1.1953940760413633,-2.2977274440010103,-0.6712734343201676,-1.698459084644234,-0.7744226002474397,0.29696741070588306,-1.6820147368161864,-0.39730048978687105,-1.1880616894905953,0.10538462849747532,-2.4970311332618103,-0.8819443200706107,-0.8203925975548096,-2.124713817140676,-1.1117233610958817,-1.3706281505271531,-1.743287427677011,-2.8808749222193195,-0.24646685014492808,-2.2621877262886314,-2.581907111205705,-0.33071444243756676,0.1914766358234241,-2.395805988334652,-2.2987914303060486,-1.2493403133027121,0.2137253087239721,-1.5732864806830265,-0.861709513607106,-2.427485602639468,-1.8696185089385997,-2.1786345304223396,-2.721621234904041,-2.0120886603695927,-1.7178143980942409,-1.5895831497150161,-1.416338612794961,-0.7794335537430684,1.0447443467397115,-1.8146774655593072,-1.08838277991062,-1.9699388398087916,0.9620024187810983,0.9963241695309404,0.7176239414233296,-1.7175219158490718,-1.2548303494902413,1.6505162702096334,0.0590857529908686,-1.916840904717825,-0.4730060048822402,-0.4565464634361456,-1.3289575280693997,0.7571582828929238,-1.092252450268997,-1.050484050968426,-2.7907242493566886,0.47139632934866293,-1.153783199390556,0.32501827666116423,0.8646238200967566,-0.12876909808977954,0.48160674809137527,-1.3578837441596208,-0.14704219892378423,0.6877235970908562,4.960788595077181,0.46914006171604483,-0.773503391381035,0.4344209615305621,-1.7133492437144318,-0.2948529111908662,-0.8374128373822383,-1.735970308608903,-0.783113135236706,0.13086331209904722,-2.595851457613862,-1.4269219816963998,-2.9310593635323405,4.289697066938714,0.27886706586068866,-2.7525185424244594,0.7327748628459307,-0.3328070023551246,0.1383485839258074,-2.5745637345594683,-0.8657099761183158
11,-1.118268831865858,-0.14055588659851703,-1.7315948088681417,-0.8721622028182672,-0.8358087673739776,3.8277697262659487,-1.9564860900470729,-3.0705454961901064,-0.9500570222258065,-1.334785497001153,3.3505446327758968,-3.628389410866258,-1.7877911322024973,-3.291748462170101,0.7749421480056701,-0.25025998475856537,-2.1837901250666487,-0.4348992472542055,1.276341989957431,0.07435853340937082,-2.097350692730738,1.2381240135923421,-0.5363092586768148,-1.8547484332506257,-0.1114028682077739,-2.06621111550199,0.50418639157077,-0.1575738726816418,-0.8824035061449254,0.24545727291137664,-1.1590693105003735,-1.3760249846777497,0.4499615392730667,-0.0012609774477880809,-1.299388280611259,0.9540293232564836,-2.7383813062915094,3.0364828017001315,-2.9302017836272096,0.9858594458238561,1.4128717747075294,0.8336414640595753,-0.026918406190049815,3.6237234712354645,0.6379972285787159,0.29653174305843777,-1.0782050515169908,4.894584329992085,1.1767539303952073,0.7701487527688902,-0.16083346154222727,-1.569301847751628,0.45942180543222744,5.010835242402308,0.9363183082448625,-1.3088608366231638,0.42577852210142497,0.003691137259036026,-0.12468936432497069,-0.5558496404153148,0.41443289366547464,0.7577020569643893,-1.7279024887883465,0.9135354350943099,0.1297533042450154,-0.2670178622072805,-1.9930779269003691,-1.167469737373739,0.03974934425539667,-1.0418894139441321,-1.048411461730979,-1.0767359424295502,-1.5166137007421117,-1.0246303739827558,-1.4032592436630014,-0.9868381693435446,-0.2743982809716651,-1.2524407476762602,-1.5177285203405937,0.08148639490345344,0.6330483687541173,-0.9419162006035313,-1.450622265015104,-0.416695233074744,0.4974278220758914,-0.8403111395533448,0.1512870123119583,-0.8805423669767583,-1.9835832556728765,-1.0451807695189197,-2.3752231777650517,-1.5039311117813945,-1.558844436399117,0.03985216061754482,1.4578928776725746,1.8371091521542091,-1.1547275276861724,-1.1737111162897702,-1.3436432259529847,-2.327145810770947,1.715215357567781,-0.5173930783096627,1.600266750915347,-1.2034213986372262,-0.9894119067071788,0.97011102215534,0.6627505047363427,-1.2551118968840305,-0.2631359817228971,-1.1050796674528844,-1.9126525790841642,0.797046379852383,-0.23301549138365552,-0.0890908170190805,-1.4078101012221085,2.0115229286127136,-1.4870778203552872,1.0898317395180634,-0.6256812654732824,1.579950099422081,0.45908761600472103,-1.1742479179104288,1.0890876058381378,-0.012434514519036433,6.481337076153421,1.5443905179860156,-1.0939852779929617,0.7662243562469644,-0.14950251902089295,1.548743505200514,1.5718337778916904,-1.2784727499245367,0.05462387155821258,-0.358303757950591,-0.15405964865501076,0.09426725967190941,-1.744768579351402,3.7354482793313046,0.192571078707519,-0.27986538909807424,1.2107845470204899,0.8959387470828721,1.3511434738435644,-1.4825832226125408,-0.36137723798596255
12,-0.6324991973396792,-0.3868746183179328,-1.5735194575405334,-1.0771061926694196,0.07989626240292225,-4.2275406419385355,-0.2139154351606245,-1.2002264017732645,-0.6621932872434364,-0.12051969817494057,3.221371580625007,-2.3649115311319377,-2.7280086922625832,-2.52794454173692,0.47957003192155123,0.48860396422537544,-1.6798022172149585,0.3445605121486044,0.2182052243984985,-0.7070374752918337,-2.8191138628149854,1.905572167571974,0.46947530328064313,0.07262373962668822,0.7938584452569777,-1.66580239191211,-0.4403849124644551,0.41963953616557514,1.0534685699232513,-1.4989507293420234,1.88442151189345,-0.20308265827448535,-0.7280127031344595,0.16219432334335715,1.1555020167403098,1.8813554213900225,-1.513680719480788,2.2646483967002347,1.0142265478898405,0.58590844427201,3.6589402470077514,8.732750499634452,1.2345327747671335,1.4759121141488318,-1.2713186419521558,0.35621921249377886,-0.9343917699541899,5.717907027530149,4.348617666890583,1.3244714658948653,2.145549839752981,1.3095175738976268,1.1400981979870974,3.9444693178777768,-1.483494592451463,-0.6488241821798328,0.02729156883732342,-0.47658436854406294,-0.34023475129880487,1.015369830794845,-0.521766682701055,0.12767999688152787,-1.7456071313722135,-0.6627018411931886,1.6263742214636845,1.8973632317879932,0.15620332164272344,1.4261524635817793,-0.14269495890026995,0.8786429357166567,-0.8082919351208255,-0.544347691442204,-0.5620664407210146,-0.5665131569070997,-1.841653131764251,-1.6845557788963528,-0.14403433703718194,-0.6607770093206918,-1.8822972712143526,0.1080806644130109,-0.12155067822337401,-1.2877644013532183,-1.7451118490236008,-0.6461663480887465,0.9283668302294206,0.21124571333969322,0.13364173931487489,-0.5088801769949798,-0.00493180011627814,-1.5469677099449166,-1.0508621314902247,-0.8624088100396565,1.575613584404882,-0.6881673679441078,-0.4193610116060923,0.8681603858029698,-0.4179043133560919,-0.23884491366197702,0.1864457551669516,-1.6157001020100266,0.3311376249592264,-0.7321858622313928,1.9537571807405265,0.9527953395071569,2.04530407986266,-0.3608036965159991,-0.017379059724114354,1.2587959126049877,-0.6243169262617851,1.3193664894682269,0.09245530711577166,-0.031510060121031636,0.17152832124770856,-1.5884261445762056,0.5343257574751961,0.14033888127862015,0.45023217182175523,0.33914707271432665,1.5448296134769526,0.543144362619392,1.6151781091713833,0.37950127179911974,0.69401848143899,-0.3845637368723841,6.941108756084437,0.14457935347835715,0.3478561188226781,1.483590329649054,-0.7566999137222554,-0.2133848586907079,1.7329180838318137,-1.5974954550375684,-0.37556852827899556,0.6602117051260341,1.053980006065717,0.2467381287667607,-1.2990510999562246,6.5942971328420565,1.593429758741984,-0.5053718465230661,1.865054582045885,0.05405657555441312,2.0112112683843835,-0.21223740012735193,-1.6001065722239898
13,-0.19526738835651977,1.4716492626122792,-1.088207346995822,-0.39749489006210115,-0.08162747309693019,-2.2046087730174,-0.8469881526354524,0.02403211944236361,-1.005915836152834,2.349944030172825,2.9576663618814534,-1.4513665323410054,-2.3212193826282648,-2.9164861490431067,1.215259150991558,0.22120943485804867,-1.202925428521698,-0.1099413033182472,1.140354540915098,0.3514777493958664,-2.457424141532084,2.057562641759306,1.7335996931484265,2.020957567567394,-0.0909051689200715,-0.5283200910697503,1.9276067453950678,-0.7953227880184726,-0.6713430426990913,1.058156537617088,0.35268599160845515,1.6350345809579179,0.5783432596303477,0.41324420979325893,1.7819139770065133,-0.8983598364125195,-1.456610478528224,0.7726534539511709,-0.8650921375422254,1.3895978051657467,4.52461277594319,9.551107739983594,-0.38101288303124947,4.796145999639567,1.618617736201108,-0.6797023440483888,0.8654616964038058,5.022122619355996,0.6398715877720079,-1.2740386684095721,2.2722624038200667,0.061624178413706154,1.0322751358686273,4.144666281874386,1.5966358779609542,-0.5371762326830555,1.3707296002847627,2.1161628013931133,-0.6200173952939142,0.2571555492305462,0.6886284389554536,1.2226922270364144,0.14206643737841085,1.375437402833993,1.480348911612921,1.2096265709272567,1.6351949476921233,-0.095971341078402,0.537106078689749,2.2646635607198076,-0.5157071412469133,0.37681750578613893,0.5091536239638796,-0.18342700701332804,-1.6224777090197449,0.06155529731528753,-0.15300023316778696,-0.23286656052639731,-1.6414631348683968,1.3297420830333657,0.4924060089075793,-0.9559308889474033,-0.7049112252045062,-0.4701546503070418,1.6996712865808685,-0.5414917987400977,0.2147574345998784,-0.8651984142887561,-0.6645859209481465,0.26442572692737887,-0.3674430756783449,-1.0356337416738899,0.41449229556434974,-0.36931720309668603,-0.12380542953109797,2.524894918473369,0.31042191102596184,-0.7601918481105165,2.142113766073238,-0.501672200584933,0.37741373729817085,-0.5435664561344213,1.8823947091810291,1.436458876488535,2.749400630422073,0.7487563167321245,0.4664375989768925,0.281967766056215,-0.22672767831609442,-0.508413266242947,0.2982274553213866,-0.5847668984688923,-0.22617544949154322,0.5771982710496677,1.013784246106738,2.5241205197997894,-1.3459659279039895,3.0116300114538874,2.4943374019068725,1.9193893768241919,1.5799334537786651,-0.8559295142675032,0.06266414695375272,0.7186539171440547,7.604891269085719,1.835966656824189,1.6750091441313364,0.08103165836381421,-0.4140048121428388,0.7658005370281975,1.8761415392311787,-0.3985269536404251,0.3547128627252758,0.8568009552702192,1.6701379393508438,1.514205339908607,-0.20030390640950557,5.014910347684716,0.05532274407817428,0.6418625522433146,0.5190106236293884,1.5092124461955672,1.8473376679831661,-0.28907896266490063,-1.3101680650279222
14,0.7778869875013316,1.884016041470731,0.3048336647732841,-0.2530527133054393,-0.18082367607133015,2.844382845125746,-2.577717407591497,-1.17376609434514,1.3682555193534656,0.11809030847127139,4.1416030232715695,0.353621809319145,-1.4747114268824968,-2.883224734244456,0.9234653101506494,-1.01041689739348,-1.063381442880568,1.596117513537037,1.1247123384269084,-0.30485477255741883,-2.0228824845521824,2.1550340152925616,0.6322210144272893,0.43816749812368383,-0.13092483286417433,-0.642179757758497,1.4993992171124926,0.48349259776390663,2.2881503276159774,0.26263932679513724,2.355146821529244,2.1245961705451193,2.023524006783339,2.082093157924833,1.523239748463755,2.7929054380214104,3.0207790011240627,4.820906708286184,0.6588757659464701,0.9946221184603408,5.120408233951547,3.9992092507201438,1.9903908168820745,5.164828173119948,2.204900929581112,-0.516585987460361,0.35832742520410105,4.471979839613166,4.51254975003033,-1.3060633651450002,2.7210311777499205,1.7331465607309222,0.15192111494563676,7.547822485409254,0.07182213159237871,2.860769219295321,1.7927828447704868,2.2655179314645038,0.030343835986576084,2.5673106701426542,1.7764871096301267,2.802936038709579,2.519521254923899,-0.2880855348202501,2.2200147158222454,1.4491165959397856,2.102893666363366,2.446603181493778,2.5513172817724006,1.4249303580415287,1.3988637853617176,0.7554814104041717,0.596039699057607,0.2783908354490999,0.3808806370883189,-0.18831460625749663,1.5808275794928996,-0.034009326470235746,0.2528977289821306,1.823551090100452,1.5550925249490932,-0.09476725259467378,-0.20772927244052264,-0.262021769288641,1.9178050840771916,0.981418086812772,1.3113523584082736,-0.2577727703997803,-0.6333379065990901,0.6153172574954235,-0.5084115976043917,0.004792158973862759,1.818373368780194,1.66200849302296,0.46714788345476943,0.8928708902147293,2.1119264660051322,0.7518823890992814,2.1508918369632033,-0.027854947049472778,0.789860648115154,1.8190240796215496,3.176312385094905,1.4869963046911159,1.515158132361523,1.092634552979563,1.9715049202407902,0.40090948690599354,1.0216300798238647,-0.03445289399578762,-0.8251625617608255,0.37925785786254196,1.5088864052194602,-0.10272160319455348,0.33242345863163014,0.7621794662096394,0.5995213919249234,1.4765852774969148,0.9163506864213868,0.7712253826375686,2.1741112882302414,0.43569749720920514,2.072657675484998,0.53415599118656,8.040889978310801,1.8832660908140528,0.5119719827337375,1.9024956839927707,1.0388748324374466,0.7757184198394058,0.48638805442877964,0.7765266360986569,1.2080930266760792,0.08386233378544256,2.503808955074123,1.8148290583736144,-0.9400918806651737,5.403184475137794,1.6942443802862253,1.134973109188502,1.0699734961267282,2.2519985567439074,1.0041682423154297,1.2052034711957091,1.196982799540557
15,0.6733159443279172,1.8757596930843126,1.3241650394437519,0.6697290766887984,0.9479797701186754,0.6680171396062766,-1.905710159811458,1.6879272065942068,1.7518979958779872,3.112344557732106,3.449024410163296,-1.862261914806568,-1.385638505039657,-1.598319672156381,1.805109102790623,-0.9145625510572912,-1.1276368755027841,1.5059917110221908,1.7877852386088429,0.5565987350687897,-1.0603400529628073,2.069553820697763,0.8940481916252905,0.7434126157713319,0.8310757899018242,0.4681110167185827,3.1186661093944346,0.471464397088613,1.316395692973809,2.3621115946793383,0.872496548776067,0.6692675395374743,0.8860893914599561,1.3538279473695956,1.6341374334226249,2.692043664260381,3.261425492401532,4.509372258218281,2.0045150067549775,1.4602906626012548,4.191705581376974,2.3882242197690164,1.6719053125389738,5.681895331855415,0.4096700753193361,0.14486212420257316,3.100488604041279,2.874913496229235,1.8153486160120955,1.7300739340043543,1.7872418911909493,1.0013471799345597,1.0385486985954366,2.4748201819815883,0.9922338434027356,1.08869963256009,3.0699614891071683,1.8278616808191879,3.4724238183620884,2.547583992917194,1.0311959076051402,1.6776697702283045,0.6136514276484827,1.4241592376475396,1.3026141796794257,3.6133734978182,1.9097662949200713,1.7256910093639959,2.591492871855789,2.659643844373079,1.2391841753499946,0.5472419050883901,0.5238890511898582,0.4017400443597258,0.30829151179718317,0.8152836812326684,1.4497254120206757,1.4305718067799575,0.5400122789827393,2.3505188793615783,1.865700779229919,0.9326418854580243,0.0062047328960918025,1.0438311526179131,2.5438569832547486,1.6071688696530415,1.8412100277586647,0.062111176689175596,0.42148135399414344,1.4810198878269343,0.685594513516367,0.7554791771353133,1.2520564144474058,0.3163127855213591,3.332598277494399,2.904522128651895,0.28536379763170533,-0.09681926508068783,2.4401597681035057,1.9014360188467774,1.4660334241715678,0.09428704980252609,3.699682614188202,2.249158242040244,1.9918995428857516,3.8906343546973603,2.298844037432529,0.8904434286630313,0.49121940463269675,0.9657469317023846,0.3492826644903344,2.9653473047249337,2.170451670369994,0.5550397742740467,-0.3900053370477753,5.379535541846552,-0.15038177025348556,3.7132671410909377,1.7544670050756002,1.6417299242898433,0.751806399671319,0.41887674932741426,1.0855452516556754,2.0363748372687533,6.221680775766111,3.3944125272082295,2.233584916573295,2.341341160784115,1.0649631848240708,2.356087886605732,2.15672441579819,-0.5216410230702065,1.1597129688366226,0.35449305945397874,2.9401239546148403,1.3824726964399368,-1.2432661662266908,2.826728445220662,1.4731276854056141,0.14415118154738893,3.4790369854720096,2.6238643474205494,2.456730921818459,-0.18304542408073943,1.13252209824943
16,1.8053812649948782,1.1518865534453173,0.5447876782988009,0.7887668113872026,1.671473251541003,0.42396212232741615,-2.198489604691849,-1.3176929960192114,2.850421217169674,0.5075253326558224,4.328392025872096,1.2653754052548916,-0.37332877550893606,-1.2469681324649866,1.543185581446532,0.3553688080334072,0.34967976295860015,2.4296676116480853,1.5576126011178821,0.8381168954260768,-0.28360655808602253,3.215831121390176,1.7581788162932037,1.0554809960936054,2.640812246715165,2.3615325749805107,3.403302159609059,0.22910046720928628,3.106941308267369,3.1226715530784652,3.426509378198187,2.7735135097301766,2.3855919256197344,2.4579840629732947,3.469303088264709,4.419969447620472,-0.062403816824899205,4.328109514923384,2.390369250896556,3.4635099264430185,6.120014185380425,10.637238038101183,3.613972885227243,6.667458013907126,2.5113382229189973,1.2668801724506982,2.999625653931379,4.441936040406135,4.8509365931921895,3.3289874790326635,5.82783362449094,4.142495714382058,0.7139045189404296,8.798469030853905,0.7104448042192338,2.6509288075326114,2.8856862654700173,2.2242961769941445,1.3338338610068907,2.616434121132675,2.888681761328419,1.0831052146975821,1.4208322282625123,4.03933603090867,3.8887569278054537,3.8496462351911442,2.554318867142335,3.172483417757963,2.6475142899538273,2.992715803574586,1.1613568067120765,1.3047523748840508,1.6551140189289875,1.5678011048764595,1.1408649009383767,1.1659514946912517,1.6806477701900868,1.0024762810663925,0.564737567213757,2.527473808787734,2.5868653015535603,1.796684910759947,0.038515024451758695,1.9641942514037563,2.5379572590797244,1.427014723420334,2.7464359256848145,1.5115434375059866,0.5374689556043241,0.7968752432911996,0.18811668378289081,0.29912164404023844,3.446068412522905,3.0073592018175686,1.7611018038525998,3.1449254607668884,2.9273957026819026,0.6138701554128156,0.515351519365917,2.7658688936226734,3.3288884879565064,0.4665296771157087,1.6216733922715099,1.0938425994580112,2.7028646966172287,1.6450864277888797,1.400810115283268,2.415930011840717,1.0526991964432064,3.2876817611142677,2.420777970672437,3.6607556826088796,2.146455785166547,2.2023732135565846,1.5908485492416578,3.751891989449768,3.389503117379294,2.488049248135326,2.803623571787573,3.3876849359792347,2.693145948923362,1.356695385263527,1.061070308933945,2.9188340985341696,1.9040467693955387,2.965047557503704,1.9384723743949575,1.0933549396569235,0.5824722304864258,1.9801096587735887,1.418312064225919,2.266743176310872,-0.22085377846476517,1.0971520932321717,3.253039716998566,2.0244410989135253,0.20280491353307806,3.636077081584529,1.2379998083291044,0.7299903466398063,3.506086188065102,2.4829878923076336,1.3082394933432548,1.7622891619939516,2.231618544287148
17,1.8298875314374483,3.145327822763754,1.0975284743850837,2.0607130801856526,2.893534868306459,1.1602263116118738,-1.4470789561404853,-0.48935754941731113,0.6402074462490744,2.9649831653647674,3.309461845993387,1.8536635700597093,-0.2749165594106018,-1.3929871296632483,2.2680237273914297,-0.7246984766978399,-0.17336893830837607,2.291233657362935,1.9805121067606928,1.134388221431384,-1.2521318632868643,2.673134961024717,4.078760653844144,2.789201349930284,2.3373415445634924,3.077987697767477,3.6922681321751387,0.862679047816165,2.121060397444583,3.830337617829907,2.478655405056809,4.427233926946861,2.5496852725186097,2.77771321083916,2.7787473949827044,1.0219005347640142,1.7806411473018446,2.9986344028423395,1.1194315670966921,4.715535983855446,3.920177289745519,8.220211279451403,0.561225549916411,2.8848767646748197,1.9109260727840087,2.799582739637011,3.7474869383544003,3.2345618188608074,2.818505580234647,1.7828840448279248,4.890358008294593,3.306261984829437,2.936458285942937,4.726353562405976,1.1084867418893591,3.850641288165434,2.807700792367229,2.7584709460613306,1.7876162872538122,3.5926135302236606,3.7375759050772577,2.182768641120232,3.5978051487801226,2.3831922506095973,4.784903818853252,2.703552063051889,2.0835271208997517,4.784720066665287,3.4238074458653465,2.31768938926065,3.1230041570597185,2.332985411716084,2.493750252225701,2.070665792309767,1.8164035730194044,2.1006609092956023,1.6293438108304383,2.7421473558355416,0.5833955725681319,3.5874389487214886,3.763462450634777,2.1870656004569486,0.7613417937243319,2.766614177367652,2.77620051632722,1.497053625387076,2.6792300400947067,1.206938296672513,0.6870518747078233,1.47648185995752,0.5117681378920114,1.3657482895099562,2.5035361910695606,3.8313242788456088,1.904206300954105,2.539568819944704,3.0024830657406016,1.9894072423453977,1.5538518316369894,3.2700161119207745,3.7406286332178666,2.2611532692234633,3.1927021781434384,2.614699259722869,4.911890670863558,4.86382492328478,1.5864521061755092,3.3859514910127784,1.5871441618889968,2.13523137177742,1.4138531822101101,3.1262115412717764,2.8162548063868025,2.3530738128808757,3.4296696795921737,3.5471859390802543,2.4994972292750743,4.1392655660740445,2.047822831450082,3.5077718658129915,2.2973464904422025,1.5061906554434032,1.9499527692712761,2.5469922304681702,6.04484024369534,3.533236585711423,1.4113655163383083,0.8472727311704715,0.7343597802359267,2.214175561544929,2.4008181932918453,2.0863383701453797,2.143896383177424,3.2170292414989685,3.567676474787722,2.3542632922896125,0.017396407357010035,3.980318366778731,2.610417916073021,1.6964242953747148,2.8470853192663697,4.012166270135019,2.1976885315231307,1.890078604952864,2.7840682267148136
18,2.2915382041903354,3.3585066038736606,3.476071021048237,1.910967935468782,3.381055801338494,3.109188196461383,0.8273288257719416,-0.15145091349265727,1.785664859995933,2.455573662560237,3.4721956389928113,2.3655424244716494,1.0718875475546203,-0.2808272605906732,1.40508470619978,-0.9321254447376663,1.1418115602248036,3.551870890017632,2.210689072435857,0.5638303656034853,0.060723282392488476,3.2136819727789248,2.6695667681676905,4.365570662131706,2.0400037072034833,3.169612439678322,3.560727394464063,4.001293410472235,3.9618700769105644,3.0796191112089986,5.1234157592771,4.137860218567841,4.134290049935933,1.7466978297000293,4.740226119061006,3.770517367625729,1.4967379089799349,5.47957606528168,4.191248822386782,3.9618522997826804,4.107048031300965,10.71920590629201,3.212514677246859,4.047784775953725,3.4465478377304217,4.941316366483507,5.625839353307539,4.232381921562353,2.5441819323731374,1.1554094166558282,6.878463405428251,2.5084984914507675,3.4983471991693196,8.737862198639826,3.393395620287542,2.2394225405824386,3.2825609156981024,3.537718881721178,2.764584593321816,4.183506753859007,3.701965808896812,4.603656844534489,3.7244457558541004,4.68536960106906,2.671629372003145,3.3403809722425386,3.7362944422288225,4.48677875103291,3.199993932394155,3.1371549381445094,2.993781853995362,3.545911296549719,2.3260584867711493,2.1551035236615097,1.246205720825589,3.386640667511351,2.400507563101044,2.4833205851535287,1.0302522046219063,3.833369867486544,3.2303009750261467,1.883915702997446,2.048910358578506,2.624382793342131,2.7493088601551503,2.6172215892520736,2.8057112275852187,2.134372618447355,2.4102201172703124,3.122787104076533,1.8855943426339405,2.361779955753299,4.130170568874812,2.091868239496489,4.445097597757386,3.40859476595928,1.7539751526604257,3.006666685310653,1.6394075244980217,4.148922890442735,4.832816850194289,2.693322402557559,3.616682991442336,2.630258343564437,4.591490964659503,5.586149034847138,1.5921321352805518,4.462619154016668,2.196831301370662,3.0313147709512887,1.4834219774969222,3.1305272981904384,4.048500286061818,3.7611306516391303,3.8215658449560324,9.133607656242777,1.6667386429174689,3.077908814324363,0.8100324081296728,2.50253948123316,3.6120714338951956,2.8680831705684446,1.6718262219815312,3.247686546450045,7.362960980281885,3.273217595461884,1.6379562610880867,1.6107354733992043,2.487772871420293,3.119583100212269,3.744265254310468,2.5061612249345515,1.2164962025575077,3.753448231806872,5.181763185909965,2.3641060568270875,1.8559742582934908,1.1644817121573756,3.411762875525257,1.7012567761758797,3.051816023438498,3.2464065691515707,3.4115066992333904,1.2774606204054124,2.8974655475844884
19,2.7835225712464826,3.548383058592341,2.0950159157520853,3.8962794440084676,3.6641056064169955,1.0232382726570277,1.612979719337786,1.204408701787425,4.603044961825663,4.4760689588427205,4.409872423056663,0.17823556948579022,1.4041948441246292,-0.535257354927368,2.0053309470716743,-0.9771048507540046,1.6403254293866496,3.2917101342726993,2.4776929460102077,0.3201158809956913,0.019290234848601928,3.1314459945612954,3.812899431781328,4.787696783406308,4.313456680568786,2.114434598862095,5.4262841436378295,2.3566480037943514,5.152049099011486,3.168596603875761,3.165428167217061,3.1185707520778703,2.7754780865175297,4.354106522973227,2.959300538287213,3.4388230416288676,5.057830462150782,3.972346792046722,1.4183574237190013,4.83590768808866,7.203747453072659,7.848759671770911,5.4655195908499765,6.170690334199038,5.179744147589126,2.406786751750201,4.874882292652256,1.3171978371140391,6.671858126596776,1.7570570178937057,5.208893661385538,3.2694998925074783,3.1475642284796237,7.0000983039723135,4.273606695899149,4.51273459183234,3.064827894518183,4.051511082924016,3.5043460961685575,4.386426655341651,5.96647764524182,3.717656411664243,3.877557073350202,4.594518644605028,4.901763196527979,3.9517193998363975,3.063066777634644,3.2718076649388275,4.354519804099533,4.075023017415068,3.7509178728155153,2.5621629416834506,2.499499498048562,3.1036812168878503,2.0685192917605564,3.5676582544398494,2.840650486813046,4.155572635105596,2.9226577846717934,3.19994256209999,3.799097236945656,2.8924464450518452,2.76287528803552,2.9051964355958235,3.635007503162987,1.9392303889797935,3.218600286121684,3.6361864930048835,1.8509738830729843,2.945415138367799,2.5784624846729267,2.4185537315406656,4.596501983567269,4.203487107145502,3.077532404867018,5.172288668120913,3.9915808816828706,2.505776583174187,3.356006743871337,2.3454259108890185,3.0791746247651135,1.6632222719880567,4.029905931970959,2.3624114094958135,4.068759067840205,4.875762030027482,3.2678594187309282,4.1666197652202355,3.6216745179128953,3.4312733272133302,3.408462725301213,4.72510553765351,2.784502184563007,4.198678475425362,1.8197502436327404,3.8884265377014877,3.529420165300273,5.1317537929053785,2.634963955745638,4.19793768710344,4.775696965698403,1.3341335775084673,2.758602083858905,3.0937908891855965,4.498399032669712,5.045197220033183,2.3777747894722747,1.3666044176248875,1.8059641840479723,4.262589995714983,4.348494745176457,2.1556684216266326,2.5664562983213703,1.797410922608682,4.680395522878456,2.9291052788496517,1.3326312229853219,1.6999874373659718,2.7632762429753575,2.932111657168187,3.8464141913239467,4.262839623269704,1.8525281319989295,1.2150234531004813,2.8382434063420288
20,3.2233040044609504,3.6807340752283446,2.935321406401447,4.490689098582694,3.5241046385600594,-3.905117495048882,2.277539870671299,3.146196518351313,5.29715977787456,3.681554292335709,5.519428576725987,0.5711069150374887,2.3027743045753004,0.6675472410920053,2.215028140725443,-2.3570357244602125,2.3944688318415857,4.347536485079551,2.6665456202934257,1.0033462809434037,0.8484991031178691,3.3697588160092646,5.002100137328374,3.608084203785399,5.027876704929856,2.62428201746919,6.033307329960797,2.717368720541256,3.7958297324071566,3.63137711040456,4.548865009025214,3.327676377556211,5.440583155366131,3.621312408580569,4.081435348966741,6.317719032032586,2.434855415305851,5.775685146831654,2.998792573645009,6.0536791755656205,4.8188610466622315,3.0764617558413154,5.324619887694274,7.3586980020533,3.2441396239965976,3.0078551879696604,3.027489742585854,3.5330512038088964,7.611953149886569,3.1308446795059073,7.030002334588055,5.9973733791925685,5.542148828137653,12.27013088011702,3.547209107193253,5.330001844578593,6.057355467697986,4.837262547243041,6.283572148175978,3.505233620668705,5.388878715012186,3.5647794759577103,3.6360468698433444,5.8683288888231235,3.037309235175848,3.8285710157206116,6.325774402131158,4.439076677893008,4.5037258074881965,3.2346820826325313,4.4015604083647855,4.542232670350703,2.8451886205969448,3.559928348657188,2.946398272384866,3.842742324738368,4.239494881195362,4.242676605944711,2.31844167242022,3.83078546892913,4.6288899891423,3.2382889967647146,1.9813501371729862,3.35863204336503,3.8938909455492148,2.6890858213810267,3.8974084529703217,3.4964770931970524,2.399430050759231,4.064634915512686,2.3082907273617232,2.819026937642281,5.026662147447079,3.3000592659866768,2.8962275468559597,5.7794512917670176,5.179622351423747,4.651815916034591,4.460585944107805,4.843951243621438,5.761456314982551,2.578451627178047,4.0806224141472205,3.3737691223597555,5.089424299097277,4.0592426368482615,4.0262542845850335,3.4287599509859477,5.886711405593428,5.155573917208863,4.277805703866475,3.1043679586048096,3.1158185510085,2.439457989923332,3.0433732918290115,3.7669038674983573,4.329921122746789,4.0444364994700654,3.6083719049050655,4.41011359807875,4.7898254895047385,1.8740797095502235,2.5491843829579914,3.1898507129290348,6.229015136253539,5.16391051811984,2.6237815678832135,3.8581559529276217,1.8982095912203047,3.244902948409083,3.2441947448049504,2.178518968515044,1.9622099053103828,2.5834883845009196,5.94941861354104,3.9720068548022187,3.035027821612383,0.9661616853020254,3.660151084445438,4.6387548119526,4.123360316770006,4.261413649543981,3.696658514463254,1.7099631818986563,3.52198602427855
21,3.463689581343551,5.419608813638676,5.082435285255258,4.961183887201258,4.345631018203098,2.2998976322170286,-0.17051548180099235,2.9371287841756604,4.943665926321743,2.7053038642845806,4.08517058521447,3.193711783312726,2.237953657908518,0.49919087286409036,2.785786607465847,-1.9688033426216456,2.8853713741696034,4.805599561796905,2.313695677891435,1.8001146727222643,0.7953099224217977,4.202346794703606,5.89355646697129,4.672523471388856,3.4679523877473795,3.748771925664985,5.475466072930723,5.485745405612324,4.2875741600750645,3.1375666640229327,5.448433146923392,4.960890113799831,5.494910276490771,3.1089041941541375,6.21299497708408,5.814417236089769,2.598168166036773,6.822947588810628,4.190687479015058,6.22071152041079,8.039521682343729,12.92495505127399,2.625856425851871,6.3748693018377836,5.884719314854583,2.9670600430405574,4.482690179674412,4.297178574170177,7.954500182867964,2.9721282688870443,3.989471582365526,5.918690104394097,6.484315940275902,5.225537656959414,5.558543081699522,3.91939280396011,4.985160040070029,4.251793000663014,3.7809490812699593,5.420058931129135,7.239899863842616,6.743583439690212,3.6978827950627937,4.447124061360098,3.8073533531830392,3.9079675217228016,5.226676768886632,4.465013853407555,3.5695013197941723,5.658063636633356,4.6426843172993175,4.779510060240879,3.9236387220190307,2.8733245899677624,2.9285067439939625,5.0281454152666045,3.608779041771837,4.06139516724014,2.5479448792271175,5.059607330408122,4.235784116856823,4.16819369201451,3.471024705984238,4.63516539365144,4.739504463335736,4.011261552172556,4.438882034427898,4.671093449814413,3.8156942195041914,3.1550381411004063,3.3740125395720257,3.606185670981545,3.8256575623646114,6.023818847790182,5.416688766505093,6.0317019080882925,4.636868698676004,4.575367564294444,3.591948414818372,4.46865023000711,5.225117318561521,4.15539223270098,4.615602257749276,5.117996324834352,4.543267252253262,6.507853878391455,3.8834779537866027,4.735130794236474,3.9731744060295755,6.2072399880555515,5.146410853911822,5.429629167828129,4.39943974964486,3.7920904365317547,5.080768196920894,6.6782093503589,4.6174992286701295,6.33788781336173,4.3783282037498825,5.143956088221352,3.380861458659245,3.056085633279366,2.5614915860983603,2.424057151203698,1.9814625003317143,4.875310379754689,2.1871475835995575,2.0203664679412565,2.0000464835050114,3.5000264024651946,5.1982575273480585,2.019410356877782,1.9020078238356857,2.9144319486331387,6.81034362325758,3.642791793011223,2.428787695680315,-0.8520512958972535,3.1740748934802703,4.493011740266626,4.05114411245741,5.267625588832887,2.691479072833656,3.323749090465366,3.48574327910621
22,4.0068639132319355,4.880470143298151,4.651102614022496,4.895252003064774,4.4098708273609235,2.895034295632235,1.5292905240904284,1.657761053549537,5.2182134068934936,6.060138067256222,6.05611267955854,2.1556182385442777,2.806665182626063,1.3306561258187148,2.3302129393821156,-1.2123535838478992,3.275153769182021,4.789125492319405,2.6484265856046187,1.2698680549666361,0.9034478702942754,3.862229092267307,4.960686229464187,4.090133927803144,5.440544466220412,4.802952639339489,4.592146953622689,5.258959281580702,4.7627512168792725,4.158609390237272,6.937666313468904,5.201813670498456,6.428257992390576,5.796426656115697,6.519415849093769,3.597267683404938,3.0263534060111237,7.462086539216013,5.177244249274082,7.066817868427927,6.438805766108231,9.89325481831591,2.045362587875043,8.742198389412877,4.794101907441513,6.857161497368384,8.015325775194752,4.62857094083762,7.349719334938011,4.614044635740775,5.529310151556772,4.844233943990216,5.123455124086858,7.010288733262019,5.444861726041911,4.390287710620988,5.7534806145444035,4.49548960575227,7.002015519048236,5.209514380993325,6.493448043113306,6.5816129371576935,6.036831459380435,4.54092127230966,4.855396513107368,5.526832320103821,7.163430890793252,7.191031903047534,6.601206944388233,6.161072315640858,4.417929263489728,3.9950746245034283,3.8063163016529087,3.2847692421306425,4.778492351556063,5.03946354641865,3.730260144068322,4.770886594650589,3.857872112273514,4.816302139211516,4.495478022111964,3.6586577280994357,3.046295293258614,4.799316554170016,4.940031093802794,3.2953357405508874,5.632724326424775,4.661362835762017,2.9343004261130106,4.488564151363956,3.8763597631533195,4.04045878253164,6.6048589375508175,4.823544318927718,4.244074077668827,4.091553778516284,5.903555777462515,5.339672198142734,2.7503829264846242,4.639076668212977,6.583427126952763,5.657167587322467,5.856113411818688,5.475865341130697,4.170497651933013,7.261648132742991,5.5680361640210325,5.785535605912396,5.298401542101034,6.164178482247002,2.957677231047451,3.9607423796931105,6.541633158488834,5.4614200725692825,3.7005320344331554,8.147086269298834,5.4521301066581325,6.373614533433454,1.6994923602651741,5.21524421575544,3.912864352900426,2.9623949775629503,4.674049294630702,3.8702200034815304,5.420989807590527,4.763780467505889,4.534332063332186,2.800729937822572,2.1168160911237317,5.00932107946282,3.9016198863091747,3.806072007585839,2.604050839781707,3.2677624432755636,5.594160053458079,4.631749422681934,4.375733728632401,0.6185459086780338,3.64748413115423,4.964900610617722,5.255074055276793,5.906341267513239,3.017783954238376,2.7440844777933706,3.5672855013357805
23,4.05039817199227,6.194421227250712,4.081777935541594,4.912264431098754,5.9156977369360755,-1.111615597816321,3.1726375130993967,4.639825536172428,6.812899195882398,5.781931210980646,4.358825218356905,2.592039889776454,2.572227202836346,0.598632349173114,2.1786715004985195,-1.3431411458565843,2.579649991044532,5.21614806916455,2.356073809519899,0.8084449895167519,1.7472311259596898,3.511395630479913,4.98129705475306,7.05265252954945,5.383634435334909,4.41553000025478,7.260710145180951,5.055321679167883,5.594481405679204,4.664130825054276,6.07336992913612,7.04241133480793,6.852660288071164,4.390777236899765,5.943587669716393,4.5409668592935235,7.569336016752964,5.883333104908724,6.736634459207576,8.100101596018028,5.851206527340058,6.500532796110366,3.683488208415638,8.155579922752985,6.021873971921464,7.499044466569485,5.533754858921819,4.230818475253385,4.982675121969369,4.51464361103751,7.365043565340242,4.557583983891286,5.521389636117717,13.614599723623451,4.859496036281101,7.279928611059569,6.548873013437683,5.913732979587462,6.047401628613436,5.331647947554782,6.579637951209203,7.4654802682975365,5.718541809284252,7.66819349213957,6.012794369153965,5.936209424998292,6.610652333784683,5.6989183628064435,5.099427783011575,7.806327423457827,5.633446656931092,4.711939415551592,5.324518710396739,3.617651428750684,3.772267019780879,6.1375077257412824,5.195952182406048,4.713224572569022,4.718868229665841,4.895429638758456,4.629567858836284,3.9156835005976025,3.8636450591401994,5.498937064817682,4.487255282188679,4.8246990453812835,5.1260260749138,4.732309461478798,3.403054678372457,4.738814339430707,3.798527924420234,3.4590038365104356,7.008920717987063,6.8587433945267815,6.041622172422155,4.378704096223052,4.093578367012425,5.991063030718141,3.2619033711993386,5.485033615556648,6.755751910254049,3.9314619914436935,7.354716535856921,4.384640176218053,5.398655009989749,5.449046483377803,4.943576981680577,6.933130878929603,5.230473459780048,6.75013845505024,5.263013963337578,4.5463482823413095,6.5139941277584565,4.29968173059491,6.2134800576073745,12.08925765092077,6.981187238620236,6.908918045879782,4.4840568921622745,4.016085219517198,4.124436271841498,2.0153723647855784,4.680347538763231,4.008446704857362,3.8583344682722807,6.155406744366378,3.3359970764153015,4.784441530652707,3.76504327361112,3.2430751015468893,4.924309444422919,4.248071644509519,3.7333659998018707,4.008442899437927,4.939718248818242,5.939650469422357,4.522594246068612,-1.297743767771693,4.453793341506179,4.403773392494994,3.5537970942605415,3.8399374192437095,4.8288355642022935,2.5488793900762756,5.794201686255903
24,4.528764875743773,6.968324503073641,4.583438299310003,6.499936057836617,5.28787488389211,-3.0407061558602555,1.533323678044415,3.7225608833148534,4.9439549028670395,3.2705183595077765,5.652372634204785,3.3636417953284456,3.6172484043244477,1.598304180119437,3.5949923336789613,-3.3407674443078155,3.8268890180740613,5.4399689677866085,2.7960689498819002,1.9447955196129492,2.454867242449965,4.177084689547761,5.557965262189231,7.033179209259266,5.133718761455558,4.711489328505661,6.765499221169799,5.135543098996965,7.587781307494041,5.762148836704972,5.808677927975308,5.844428080012955,4.8036201999270025,6.982359136848652,6.147997641613552,3.341107576795305,8.210148627021816,4.754563731665038,6.064112477857974,6.697389911666621,7.1170077168516155,6.960053929900248,4.214290385209584,6.012402643523275,5.356183150004156,7.972760150887144,8.708434011043895,3.070459824877369,7.900891698908231,3.2632022104338154,5.318767551317806,6.192375540704119,8.222355323088465,6.408639578999546,7.528299629560102,6.597002568942349,7.9667747228897365,4.9780358840216445,8.00505633475209,6.917668629214329,6.921121642440372,5.173824675558277,5.240695577324815,7.051371503903721,5.283841677013046,6.876789053512716,6.895988196548456,5.900023891996674,6.125439664641495,5.874186518114929,5.010510922644945,5.897315612530039,5.141625656637229,4.983420496133914,5.482821628382034,6.085205797948239,4.839882119245847,6.225902249092219,4.067962860777901,6.192243984769105,5.323668059088218,4.50122776604926,5.095742573702254,4.702753459038,4.734315287501432,3.6448458997461683,5.123462616535707,5.184152455774372,4.301863499455026,5.387248125049046,4.6873628528658235,4.415728910647652,5.533862425950025,5.186685095973317,4.622786302271924,6.076793140658836,5.149132981049768,6.4517805935572525,4.154588674765958,6.445071174111284,7.350540304354457,5.778423609354013,7.119059959480272,5.850668142867349,6.938515126512661,5.244085010290717,3.43234601714487,5.190732702248186,7.618208131606163,5.407165810326413,6.473036853297669,4.516542211172727,5.112368543593129,4.173348396425825,6.160875915126819,7.064614953831548,4.73353678445827,6.333003291806405,2.1155755507707656,4.072456088356808,4.819510464913153,3.3997935870382587,4.04397238784458,4.284295036049321,2.6845865024536124,5.438935396125007,4.841521896148871,3.0484978620173044,4.542129427454254,5.00264483527325,6.5181858332224385,4.193156840906072,3.7229219885375224,5.49225313999294,6.191322461015045,7.232963498154406,3.4590264383359965,-0.543413131230817,3.069980496771038,6.2385214348804094,5.657051856689243,4.317946416392556,4.583191677206865,3.7444079044041656,6.443638909678615
25,5.354385285790282,5.697537822065833,5.947975205608497,6.839153597777669,6.212848124783005,-2.2019839487253097,3.935306836413637,6.001454165261671,5.469129462498062,4.535564731622557,5.569681117440094,2.6277650180762455,4.235463072551091,2.62678854390669,3.049274767822195,-1.5331890383600073,3.7923463664605794,6.081198167078903,2.9579447623445407,1.3115947795192942,2.1206796504511245,3.4745295664200033,6.302777847444822,6.354986159639647,6.468341262268947,5.201565053609541,7.170294293931857,6.185972172404209,6.511623957253286,5.864232010871321,5.69324436195522,5.546397915897915,5.1185815500186855,6.713649972163553,5.685613345065477,3.617542423221151,6.890045637986042,5.82935856393553,7.09641474974503,4.962924547254908,7.374568446939499,10.405625543963051,5.546811151264947,9.112738077163398,6.9412270624441845,6.173872397749394,8.756034514064366,4.433326534684599,7.767658394091235,4.287606434091175,4.97322874046798,6.954512099103768,6.8107983530027205,7.495648241949747,8.20406747781552,5.230953847005644,7.28332796926032,8.01726152605934,6.333789697089248,6.074525973091467,5.882347440345808,8.196272827542066,6.229542983710542,7.956747495106544,5.6717249692405876,5.72867225324388,8.644994930696662,5.768494135502185,8.146388565079656,8.8627237741561,5.081326388884877,6.045526004025407,5.346305563276512,4.842337650099724,5.425397620389591,6.027071882071741,4.237431232050841,6.239672851226857,4.897462828422922,4.973565721978528,5.918359585269976,4.406422721821723,5.517731743889815,6.465888399300728,5.992265096851165,4.0872387802635854,6.185316208142542,5.729841539208838,4.196791239709582,5.03944236386469,5.308882346872216,4.828008279076609,7.608374164195261,7.734341475507636,4.826439248125996,5.090801633913909,5.274264316672808,5.300144014276404,5.445076759178023,5.081265391259524,5.958395965353042,6.402826100228641,5.581829460720897,6.5923896098355605,6.283703048857588,5.4692065732446995,5.056643967029458,5.231838585781069,7.823608932455743,6.99191169633574,6.7296587679392506,6.907285879065695,6.3307336269415,4.021088049672155,6.722793175884395,10.352592673539041,6.04037276689471,7.288981874994351,3.265975522476974,4.051145399494288,4.662783975694454,2.3699610906671316,3.534558228385573,4.9155308161816995,5.180844583954241,6.9196720053495575,3.148738011973067,4.156481648232616,4.985018944283793,3.7104416276202503,6.70140849623679,3.8053504675479903,5.488474773740376,5.863597745469733,7.62019024780887,5.950085183948572,3.8279009302441707,-0.4555223471916019,4.572653119268343,5.522162097184083,4.860706257848291,6.687386345685981,5.071326510846067,3.0637750532306085,4.549922127267552
26,5.261112974100459,7.37844054713757,6.897777515306969,6.618435393911796,6.112240556272778,5.146522398835856,3.725138214369358,5.182595445936262,4.686992622419413,3.577563317007178,3.650853664772485,5.983018106098928,4.0487034415815515,2.149290219491836,2.7131852975903388,-2.418962972261424,4.088048592280995,5.235197617263737,3.171961062915149,2.2365594518401184,2.8633369499385126,4.464460933186614,7.247757556768275,7.855004330551471,5.19170541134201,7.577772343981195,5.7333702212154245,5.250966908794107,7.335610172447192,7.290924442409759,8.284236234479714,8.236333462169373,7.90452677264317,5.85805646391921,8.098084485527087,7.275919692531344,4.824221276342476,7.7912746557237655,6.053864282943625,7.619534016487966,7.429855993356875,8.503121513787926,3.1694218690735725,5.630734016342554,6.578865853954333,5.159448112523376,8.13134172530853,1.6013583183049827,7.518401458333715,5.715468012304068,7.2693262932109075,8.565391507988878,6.41976503414573,14.48401124725109,7.391452040928241,9.012239319209206,8.387134934920443,5.710453345847609,7.688709430119185,7.988445310319532,7.437119602084341,7.355032257903732,6.1426552902610565,6.260363776808418,5.636476764203521,8.304026424068528,8.5198053293865,7.581652163716022,6.493972151889826,9.011808924662002,6.7572274624112465,5.831376477648712,5.9234179054236575,5.505243085295254,6.356211999693259,6.844123360593623,4.8437627197299715,5.9342220789549565,5.194727316452997,6.370445819492147,6.932834504149274,5.575476372475064,4.854947845687066,5.7189750057386055,6.003318433603389,4.616886558171041,5.839625059064506,5.484732765794288,4.482447209499874,6.100839827426714,5.965887199797635,4.2173579239625045,5.556029291173234,8.190777897816346,6.26994306291075,7.167800927603505,5.994510629378839,7.354398101375237,4.591855005917192,7.158032660359242,7.0358112912802735,4.078604743020132,5.914931014945685,7.524685741599493,6.556974163884075,6.501843038707925,5.1544608176376325,4.9810003265109675,5.866727318669587,6.466479900194115,6.6289028842171,6.759415929372885,6.051609800421658,5.007745385338992,7.320523562842283,6.158255549040903,6.348034589474728,6.3474470836343,3.492526544502308,4.820850416170689,5.641817084146288,3.2660075936919872,4.9396592536136135,5.6954121588022435,1.3899758725615963,5.749505666261053,4.1494043769134,5.364962273483427,3.3790250885651507,5.211924979231879,7.356944811264164,4.2581123319074745,5.0876007159007,6.325263419030632,7.787305289622454,6.666691666824954,5.554213494876059,-2.4506812819500428,3.780998646787743,6.598973448624332,5.100227925445963,6.773003584801076,4.928877374655479,4.070928696959048,6.69995449551984
27,5.511374088914025,6.387574588125728,6.853040079529316,7.056456720174893,6.118771214420527,-0.10826385580673081,6.02799037777994,4.251370570940937,5.732352896876673,5.84424658010256,7.187454057356129,3.8898618944335976,4.965109718005203,2.774731428880726,3.356237867138465,-3.0303610900186806,5.195678118479484,6.31015100684762,2.158653511207408,2.171167577441101,3.115813764896116,3.321812651465187,7.891823233671608,7.454371188052809,5.419480625435892,7.300217778222601,7.887777990686357,7.589829866560041,7.3917651340122426,7.726839143315367,7.2547666892452085,7.9419724833024805,7.380470924393746,6.898526591893117,7.11123308826918,6.991596109624535,9.275296356016792,6.144008276797227,7.409280199082602,7.425719553848477,6.387336323316797,12.630625013178285,4.840927070628413,8.602219435004248,4.2569413737993465,7.943007818752961,8.670353348512677,2.2063303639180027,5.738019195350987,6.299440825126224,7.452923893324385,7.067492488271313,7.983685199315394,14.80769073714487,6.181194535685139,9.2680685186794,8.958429954526498,7.316516346002771,8.376182110015517,6.802429505455894,6.256777573194836,6.601873348778543,6.941242752960877,7.3643904886570795,8.448013448281785,7.658751360408582,8.455789003455784,6.456610349384596,6.724084644253012,6.202722276761171,6.417306937187465,6.345547494634465,6.2625654082952416,5.0987274489128565,5.455522394186499,7.602842580330854,5.044589506316633,7.197400813891594,5.872061602177951,5.678481459230461,6.7336787501875435,5.166199427195346,5.9230515108258635,6.30466019228376,6.061217988179947,4.389025365027786,6.51359462294719,5.58776837074714,4.395752310308346,6.374943532365697,5.005185834384854,5.087128779748802,7.316231348139567,7.420029568258304,6.125315052199182,7.44145865691749,5.632075905527945,7.347368727799634,6.984282602467463,8.017674178380144,6.699669217342606,5.841443307318465,7.980251615180849,7.089273296022251,7.5781077566993105,7.813289914717357,4.146838983857931,7.379979716583029,7.362903301830038,7.676989272378355,7.326456996356628,7.971213831069382,6.901152633360608,5.568976237372852,5.663429500491339,8.309876717196236,6.721778285357254,7.1998081506869696,3.410181839983734,5.8637080636455705,6.295471106873119,3.669061412476459,4.519162818830352,5.79242216549025,5.925984250811642,6.847261257143272,5.512363229778904,4.705589488672717,5.085260360648629,4.824124755271113,5.468904970384739,4.643222497425742,4.631417484888848,6.525670797213146,7.176742949495469,7.847170887984539,5.11698260532629,-4.440356299441001,3.7876730636121074,5.4929029902225075,4.753594542649688,6.067517176739159,5.6565759434676615,4.404169387920662,6.963459948832597
28,5.96528200116578,6.781100304747663,5.7106459554402385,7.310266163181176,8.251873106111857,6.456776734856404,5.892474644114571,4.144812408125989,6.077497833840595,7.376619312044454,5.865102182562775,4.936573859683532,5.360713114540234,3.136075264938416,3.120977726911789,-2.238423770106396,4.515856248335039,5.959289741323532,2.678437649918436,2.831709268080865,3.9677314781207373,3.9469468736337467,6.064002239327036,8.48877331085882,7.526220305237477,6.647720378960965,7.450996481296749,5.654403244787969,8.13132005958359,6.744547503672793,6.284258814066269,7.677161719474466,7.369916405132719,7.877575895249657,7.878569154050197,8.345702447594972,7.419940501600586,5.902182065511168,5.604179509173223,7.658208502214639,7.539851191724448,13.842435613790945,4.779265595646562,5.855450295188232,7.158052178274129,7.732136663409757,6.1875409462758775,-0.3574343407839319,7.268649561953672,8.66937226401602,7.76734758559714,8.191545701355798,6.947425795241923,15.737454591088397,8.095679776127541,8.326542351000601,8.600090851605312,6.453687084110332,7.692305899213467,6.728995333178835,8.998746306968243,6.471758290080502,7.000121741048911,6.3707976070740875,9.504601650246887,8.848876726968308,9.733734130025713,8.818872396606135,8.4792373230448,6.818402017815074,6.777312513278741,7.2871525648254245,5.68027210068121,5.753786304835831,6.373825243251564,7.8312369290920865,5.491396301310367,6.782534562603851,6.047296252030484,6.67596474739381,6.055597623162061,6.624634817525075,5.841641828122553,5.738291004313406,6.679864231132646,5.646128295610694,6.751013647753963,7.007203098386023,5.961614285414982,5.909341461925014,6.266527080216191,5.708989818530558,5.950508943654566,6.759110800627761,6.068934428008424,7.12882820615434,4.805191589152882,5.107955011221471,6.979161256270162,8.238350903976047,7.249015568474629,5.835181788191802,6.710640771673737,6.742647752885859,5.579768315070166,6.04488355801859,5.446467216567449,6.989818956535448,6.212635679997975,7.653064536304876,6.900154530752177,7.297322773428436,7.119487353634489,5.995344808815063,6.8666180980957225,12.04888049154157,6.5705555059510115,5.945966234393837,3.6205635616312337,4.20975300516907,7.196730134472494,4.9255852048030935,4.029226668371561,4.774278288392971,0.0676498927208169,7.539616556435822,4.305443085924799,5.496379929983277,3.8722440659321204,5.2270988292481055,7.559702204982749,4.240301001336676,4.796884070449174,5.6041818339791885,7.807321524901123,8.08411197683838,4.811070720415438,-3.850355199618768,5.056942899395642,6.601851429620963,6.108112919716323,5.2167811057288525,5.341036489124421,5.003651609482958,7.543218453617447
29,5.462281333759109,8.389405987034339,6.9957748070464065,7.871085017940325,7.915741461485729,6.516358405742348,6.671862480993802,5.582669696785324,5.336857702029781,4.042527956772903,5.049384115778757,4.165364431498021,4.909472279785931,3.4591320632399922,3.061871029686065,-2.903422380303829,4.551791953433847,6.541614850458091,2.2546696579423697,2.32747398533966,3.743366625883644,3.2317225443306117,6.639686497051811,7.2154600972972895,7.015723151569213,8.183009650825353,8.129758886954718,7.630491350726296,7.840207645659007,7.316454910544701,7.9282876362848596,6.650196596214016,7.7017787433909985,6.188946548352808,6.844319781614532,8.594277620176864,8.617910928511362,9.641158514119589,7.702329444026821,4.309075383416411,4.945374978165366,6.133458970595319,4.597973705192557,9.192123909395605,8.865891474098365,9.265723125777813,9.122513940280989,2.330215698301401,8.97167226665021,6.443865251911317,7.223597942882244,8.620637175287799,7.0145649485678465,11.648522153003961,8.38555680076282,8.329147558786774,8.984544359933333,6.963403294528246,7.5732606953382415,9.674810813340983,9.005609712101144,9.24597368547523,9.598081740004066,7.652167509826785,8.588820764316583,7.328981629789672,6.765472705230651,6.975349114552152,6.504787556743327,9.057774364590397,6.986654499140185,6.245354231768904,5.766911388591394,5.599739196199189,7.172390477765441,7.82409457940673,6.022983223249569,6.525812342792191,6.173258250919678,6.516125107294093,6.99109560666078,5.455087553755242,6.550203789881965,6.828999953897735,6.832126643065041,5.859661103266025,6.832843164319294,7.514186030195555,6.185994225543393,6.200317407350598,6.448177169994528,4.903687972693611,6.070300141812456,6.72433914290959,7.677911119538049,6.520927579312978,6.442542565455444,8.294882700534103,4.975084285982479,8.335352449532085,5.850393252746512,5.459051307581047,8.421926581520413,8.023200917495888,5.56705771540719,7.620736960245825,7.36185486450003,6.677077806967104,7.905909227118338,9.126181885038957,5.303801156844449,5.936918627314941,9.323645490127538,7.337271778545718,6.1206857545779245,13.22720204681952,6.707804931733531,7.072123319183765,2.985715170038182,4.8275714619561105,5.166633239468559,4.224463694752965,4.936420217894732,5.8004914928727125,3.904997481058506,6.983242817056109,3.7344379243738484,5.40215966239068,4.034285166384598,5.935259511601059,7.130380710974383,5.915780296640085,5.476488639103114,4.658882911084373,7.803514183647707,6.880256613422071,5.876333397440524,-2.587113147363754,4.686389477957422,6.830568863529872,4.354925652091141,6.9615541084849415,4.150426195310338,4.762361388388269,6.063780844013171
30,5.955372281638158,8.648282960906617,7.1152099408523135,8.439735838492624,7.835265149737051,4.030252802879033,3.9146264594522284,4.319390803074128,6.158838793281591,7.4416970204448525,4.114523698880283,7.102121127233586,5.748447621601594,3.2789297647209796,2.8389538322737247,-2.6847151419846673,4.577650513114121,6.6797271184896765,1.9339973347834314,2.661376575802916,4.478144412415882,3.8322988561528257,6.647821678825149,8.102684979657871,7.290650773704096,6.588723194194184,8.62041633426663,6.071920969079977,6.757065966976375,7.235434853644014,6.1425235188703375,7.005556542189622,8.720502842074902,7.585677684734783,8.664473421588513,7.149183817283095,7.871590869883884,9.001415050918865,5.473741264867119,4.619155442072675,8.21764496992288,9.832311145060924,8.216565858381966,9.35307379762596,7.206523801070058,9.305543978215695,6.784838273379851,2.940751869280756,6.383662492407386,5.755614856013353,8.855260929054644,8.550740707236907,7.318834077125211,15.69353171827198,8.649577194405474,8.25386918055602,7.0624596807222755,7.386800599958248,6.981946708139249,6.645030284115025,9.234131984141612,8.66809725964988,7.363801888861654,9.776671182122314,8.316836417532382,9.482394048473576,7.19433832935664,9.744962567470655,8.194707144809323,9.508471177197373,7.165824983574065,6.1652130040664135,6.556047940324946,5.700208764297414,6.824160707594629,7.788252176215616,5.921096474334847,7.276147570030485,5.498898529438181,6.295052494313951,5.736764065888381,6.24771485369558,6.1734382365847225,7.049903770343184,5.856581681301209,6.23380120427773,7.1282922007160945,7.523741218115186,5.667341667918939,6.875572151928255,7.095399163432467,5.06098836833586,7.404030932667374,6.7197736781740485,5.1747405315231685,7.854071686327023,7.661261579172897,6.208924871080966,4.929733524501856,7.454031307738169,5.4617118426735445,5.607982536283939,8.64813605902085,7.089708278111408,6.3480512266442215,7.347076918047992,4.5021943053529405,5.792538438778412,8.04959555549987,7.170365004694129,7.987601208286067,7.253130023733526,6.71202905595845,6.588999590226995,8.076663004563766,12.971485440449754,8.19704498659786,6.788683728372142,3.7307337580644093,6.01834589716783,5.773993313121114,5.37772018759293,3.3564263454002576,3.677540069993707,5.405788697172019,7.016433538755717,3.9915748508316513,4.768581537243584,6.184605359704336,5.999779105011881,7.4452525115389445,5.466703424416427,5.671936700156748,6.579985325328995,7.1094891862271545,8.163124954244719,6.299579425826856,-3.043655077216839,4.029091447343939,7.295384177562394,6.27368962635592,5.812350410670268,3.8921665345034655,6.547383049405359,7.271707238995351
31,5.700255652861591,7.2104029524567945,7.898664383201808,6.766066556111471,6.961946031348246,6.441006273788011,7.165218705037576,7.16810786663847,6.448717498060427,5.75035641451002,5.760119766698656,4.695428320390706,6.10458859794537,4.270525551997544,3.363715549838103,-2.047142844588848,4.912973960233729,6.7082843723610655,2.799360630861442,1.858073539583,4.170450057561977,3.7392788488935724,8.552518636685004,6.861533750796895,8.142879876095904,7.432221351105876,6.420641007947388,6.216022429244474,7.678161926606318,6.6137489302934,6.8573785392076685,8.730568211379211,7.471674446373314,7.995713506521701,8.271825772178829,5.230068862445684,10.089835874339268,8.200460198521842,6.385299694018355,8.690816820549447,7.023178449643736,6.741884786858026,7.985859236984924,8.136847954548589,5.352598263218512,7.023898529264582,8.256697553638624,1.6081514683551232,5.082718110733931,6.24328516898426,7.675162873069625,9.398386689028136,8.420539600247551,7.541778720324034,7.219449939934493,8.938527490347328,7.411629667448962,6.951339092502655,9.545049184407555,6.9519496909242,9.231129642174583,10.17504756850509,9.828692078316031,7.784761604153484,8.46177254907892,6.71315111161166,9.186071235737323,8.089131410720851,7.381723764541538,8.956956402815846,7.194019274036688,6.430068586961034,6.261790534479433,5.889636335144306,7.119947522101166,8.324043039998298,4.918080332791202,6.898354735070485,5.679550857837851,7.124467437630607,6.661239279325189,6.08724942139048,6.349778115842864,6.77311724466529,5.818119718663717,5.121042087057868,6.5956490405358466,7.438069779848779,5.990730498383419,7.138057770813199,6.077670531411036,6.643801948260256,6.141042591705105,7.244107705251091,6.4489725285211215,6.499730057461134,6.589848711691271,6.0128150812092205,6.224573991508008,7.258382412618333,5.728093085944728,4.727109542192228,6.034442473418803,8.365507384806183,6.78883526606608,6.45502244088883,6.175614510157914,5.999960232133426,7.686001212717586,9.113602826683625,6.395827760496408,5.577392060549874,9.524225145937072,6.965908449607166,7.349517227190844,9.602145673821457,6.713466703357727,5.999782310691553,5.8587050994447,4.855381690226298,5.661910318530438,4.768284570695846,3.6743631257031835,5.129181105728539,2.5971761006313243,7.569130880820517,4.539101815651306,5.493800097648152,4.742290195740784,5.964455244004384,6.427452816011502,4.37601679485595,6.179824723753931,4.874294876547965,7.907393531657993,8.075500021866949,7.616454435068802,-4.995322462272642,6.086137961795401,6.817703185101921,5.776974076251817,7.096545850052515,4.42364713539723,4.208778736753162,7.742147072119619
32,5.714673133309658,8.04586383529326,6.543276434541505,6.494377313320942,8.156264646191952,5.212700560943209,7.332120374452872,7.974787081579272,9.27108293385701,7.988636016950775,4.630751659630202,6.57262049071919,5.373907230373416,3.6151672536224195,4.058251509960174,-1.1845323228253322,6.212561120459732,6.545014905225278,2.420678412408056,2.232739222890896,4.098974481034858,3.3239257513052816,6.488635142704243,7.673792300777175,7.142563134206609,8.546536788159168,8.444797130574623,8.2017779864623,7.896402447007334,6.502713353412955,8.647194037638176,7.289748786306747,8.600099761286291,7.49443629899101,8.073213692268533,6.889568411274185,7.058143206442794,5.732476326917111,8.060747875905728,6.731939634787748,5.435324010831719,11.81710359051037,5.932278009836661,6.187702784910972,7.2876257169896315,7.458761992259845,8.718075052994603,3.828986366397027,7.285295009246072,9.025705311508448,7.98658108769604,6.7797125383496875,9.16796417804137,11.954403234181164,10.008113996429778,8.439371891908923,7.836277197797424,6.5801014182391295,8.14147059856881,9.161648297023163,9.719610467376297,7.515297306151821,8.223426457091477,8.620798185953849,8.622719867582648,7.2272815591287936,9.048857332511133,9.468368375501637,6.9588494744351514,7.250252633137492,6.3703517570477945,6.967851539134095,6.86459200693029,5.431569458737831,7.196461662553591,7.9239048809137635,6.404719209099632,7.966621015053462,6.322200937103389,6.962467059767812,6.657193279356174,5.5907751628884,7.379577175428477,7.300851868864097,6.066238268490418,5.547330838980579,6.658445547611007,7.332495659920604,6.047795842632571,7.2649916874678,6.588006635616675,6.500341957152681,6.696207516136438,7.351696192804877,7.676019297974552,6.389538900008613,4.775427917157707,6.641377439267518,7.166846989356693,9.472844211579737,7.727323072693617,7.225643825307394,7.045767078598892,7.998872906681436,8.526982662667235,6.40385560972489,4.713358059261547,6.327031533458861,6.860397734587192,7.846799134440431,6.192908536541507,6.862705573777822,7.4791109140848615,7.9005544088351165,8.750541429516351,7.172745201326522,8.955222217914432,5.849613698133549,4.031510983942722,3.856834284806598,6.1416040248367585,3.5527814674965956,5.705012975527503,5.211941588132904,0.1182486592737857,7.23458419377484,5.041338294588353,6.0122709778540475,5.835805456079305,4.351195675930906,5.611153573563108,6.186512016434651,4.547962908397161,6.510175725716686,7.685637163151314,7.4957575793596485,6.656273563172455,-4.771339136994281,4.889669410159085,7.195366111264266,5.605864303806869,7.105767633006108,4.309680497365211,4.298080021459798,6.846276394663823
33,5.480908291267016,7.400586362437009,6.566954604092577,6.552765150019942,8.742663707782441,1.6634845528430393,6.9920065245035765,5.389584246927654,6.938783270409408,7.104395289489938,4.800787580730989,8.316794514908107,5.375254412052422,3.937222292698169,3.6366572444515954,-2.8641662572402584,5.995038815743184,6.560309990669597,2.088658954377043,2.675502448827519,4.591386089921771,3.2422716971777854,6.677859720454618,7.71063265243986,8.130920386958229,8.907537018754862,6.825973591490524,7.945486659315851,7.533891520489191,5.726084374997278,7.999742482844307,6.8296159979371005,6.269379511479905,5.936911898708128,7.130041470758067,5.302326442249912,9.540153391946546,7.802089682609934,7.499634438824758,4.463448568602747,5.352497409474455,13.721140491117382,6.080558628541986,7.997651788344726,7.363997702906382,9.50718030396916,9.728748552451549,3.0851486699298274,8.723426639772235,7.569064484348678,6.804627706490828,7.020380563549254,9.007396309778285,12.302796956858638,8.517643137532469,8.503163817362008,8.10133486637504,9.187799063011166,8.546118993561915,8.692824331285811,7.0575182222015185,6.9750714693008415,7.615449878126757,7.403170263764364,9.316537076815322,6.989907343746272,7.979440523182472,6.772799024660823,7.089464148270509,8.625848082540427,7.421566081545249,6.821863957479428,5.988999985223864,5.447984861072804,6.958766426732314,7.797477967144193,6.307167840864444,6.894402407111805,6.994098918030179,5.906222816572556,5.719813767929921,6.95854034139231,6.122132600971265,6.122051610545205,5.340238905904256,5.174800840012624,7.06349505577934,7.967917225381104,6.097690679985555,7.0345202121991095,5.981881756295028,5.902829513834009,7.295285985580053,8.233388738874169,5.981271801454298,6.485702110343862,7.265277146684136,8.212075900040139,5.401363894784562,7.325697549883183,5.650392917005044,5.25094125344024,7.137517840882928,8.23428052245221,7.351602687451365,7.678425017943878,7.160108735413182,8.059946394376857,6.445360237125771,8.106473169311537,5.993192417217423,8.488198959083762,8.18001156395484,6.447742061299788,8.15390889989958,7.5196420313737296,7.026290437790372,6.986189313777592,3.0697680876078133,5.621547019209163,7.271826626822531,3.596382716496544,4.1034417285769385,4.413026629924179,1.2082521027304054,5.422953405727628,4.7464583326512635,4.6579584758239045,6.2504319334866745,5.761637950578533,6.139361615483742,6.150743789363956,6.693836977790962,7.171821412717953,10.210691476205163,8.314386167463388,6.3561094374614395,-4.745736932090104,5.159378375779288,7.797654164995457,3.858900720871921,5.581541019253382,5.049524144509,5.655161734303406,6.325869981436315
34,5.1890608694016604,7.254021055547318,7.352742069743402,6.7087215517729355,6.834429099090156,7.603291075874619,7.885719887491161,6.689903136339129,7.274496487658394,6.4383160501090275,3.1061163915030767,4.751224076043203,5.671501933520093,4.491613137660631,3.5637519582796466,-2.376540639426738,6.392675724274588,5.447518737240784,1.841494037960911,1.9985265163743366,5.460862930508481,3.2034215149148584,7.253340923581119,7.643554036880349,7.313747063241834,7.596841491973233,7.354379234480698,8.632542704479047,8.894019858788276,6.243916103196266,8.39106177752177,8.6094599048742,7.069345868060975,7.624327743437863,6.259243824948868,7.934529120537038,9.422272252792148,8.855689216708601,5.881234490088151,6.229426273280134,4.038224708592433,7.4948688031969875,7.578399765131792,5.01668526969274,8.26763210304081,7.9114870060472935,5.622487716395942,1.9760665713079404,7.729545616133573,5.756346455465525,6.3325114811754295,9.217173991020427,7.705348442205088,13.142010858195382,8.454072918552876,9.085979578364745,8.51290026088127,7.569197853778192,7.4459456115897265,9.2367898081391,7.679536420494799,9.999071237903923,9.467859367596413,9.381531797132771,6.958650026319003,9.290409395089931,9.54902028086415,6.624627706932915,9.271938717908336,8.387754848909053,7.260779723318638,5.999104110992346,5.840269161625576,5.676044592548534,6.982726778570528,7.100729689394641,6.0060282045811615,6.836998277031168,6.70710899872588,5.310603333438347,5.878371417912023,5.763582588981898,6.0470803164802565,7.059298582699315,6.44548304027502,5.647296331902044,6.268222064918803,6.490878419054178,5.749601921716378,7.307015069008665,5.874344327101355,5.530872546641864,6.103210415196565,8.012505554158361,6.5739266846683835,7.0742544271529955,6.829050657293754,6.694997042187306,5.4055932183302895,9.149498939353492,5.1666477753774185,5.353749785116018,7.739221392101121,8.539360663078234,8.262416074756667,6.197371015312808,6.202875551110218,6.053196662917508,6.361663969309657,7.262846285568583,8.586634616699953,8.302369711479962,8.23518798621124,7.909956786908893,8.564242888698836,10.489043948219349,8.51204999254644,5.361926621952817,4.270191751441668,5.472919873382389,6.259634428380656,4.718157104820986,4.648890328139191,3.5993864490907512,0.7917181580653112,5.628164539081747,5.59504591782081,5.047682606751393,5.306303865679801,4.4727267701157665,5.919737446584566,5.935755161730155,5.0250335437857725,7.037204483559249,7.837684647929966,6.1911766555233,6.238306026416769,-2.552416454419219,5.711868051661639,7.3031184248897905,4.143909386441036,5.581291512377427,4.978031235193884,6.380287760320036,6.5908595415378075
35,5.209231021958623,7.957710044147683,7.970698423223203,6.512511522888451,7.3617647371680555,3.020056812358985,7.8224327245021525,8.311770205637748,8.481756917009896,6.880687325226665,5.472983120357344,6.291172583929809,6.41262469967012,4.8742897175346425,3.2037214651565478,-2.1381446687706473,6.229414895831242,6.233146343458468,2.804984936054585,2.6272020267023315,5.241284681855373,2.617083095616851,6.692334136672876,8.555306998007126,5.906674696449021,8.15575409852471,6.835801661184981,8.504133601196038,7.496696576879348,7.656807920159986,8.561645892965233,8.422509294168774,6.135601136393639,6.946163355498818,8.325279580173977,6.099579142517117,9.249263863697857,7.8671448623102584,7.956253296065683,7.693413202310514,5.440936522113841,13.802020333936444,5.6755281331905625,5.040117860151004,5.925346257936894,10.340517173031266,5.57476494445814,0.3038426266152223,6.602245087393442,8.83810467013527,7.618196277462234,7.582638248847186,7.9447257742970026,12.607071825452941,7.905549468820448,8.601710134824502,7.745683322292324,8.827860404527563,8.896376812579959,7.615774975638607,8.897888722240364,7.384899595131859,8.41681966669473,9.169420618948546,7.36325031488273,6.332780158211558,7.773382849774544,9.036905079351662,9.540333542589007,9.423584703919067,6.9917690165758,6.000294884526893,5.180386564557241,5.7417365502284685,7.682909722413337,6.693416167960943,6.157857803847352,7.430528740977745,5.842250326294301,5.437619721755228,5.91368425695394,5.934489984874785,6.873531839623329,7.162929480929906,5.940723066358479,4.832924674522405,6.778409531302624,6.564580904900624,6.327007119081813,5.90807511073098,5.861833084916197,5.981256466755851,6.332931933838332,7.155427375081682,4.987847141643071,7.42464149904527,7.5715339042697085,6.265750738246098,6.049821534668514,7.312495843406302,7.866368927028505,5.2405371273147585,5.717656764936255,8.472979787295689,6.542128528262115,8.113518652422304,6.047070403685979,5.850345939928837,8.472169102543008,8.324129309368892,7.896110063308575,7.634933321674695,6.7579871856696485,6.626844502739637,7.964923709494835,11.124533602468103,7.478627073329557,7.16290714712097,3.7962217091451222,4.991019096630507,4.842770254438681,4.2866882400652955,4.679836589684764,5.444529266001341,3.482640810832889,5.510515101400837,5.850365729076708,5.635996241796654,6.6535541696380625,5.016709677506347,7.119126349029937,5.812411131856022,5.70175257259677,5.274250123651524,9.026817213320218,7.1135006397690965,6.298936266404129,-2.9149191229627576,6.06608349914328,7.1724976048954145,3.679791635761707,4.684296465074064,4.848816774852773,6.553362331320878,8.487884389260136
36,4.925383466068955,7.566716103016193,6.743936315123642,6.381510636599828,7.172251136865962,10.215736632502873,8.308535031110793,5.699490936000927,7.726942723107895,4.798341611124779,6.2289098170481605,6.335811846692678,5.946889230123472,5.105738782518074,3.5341771895454714,-1.3579132757866883,5.368074387755511,5.1221575903073076,2.7876768936220393,1.9601909497037688,5.528634579053046,3.4318191838076824,7.749298330720716,6.924563882604886,7.520433357149682,7.816152098937431,7.420065844391708,6.8247095650974545,6.0013096806747095,6.632881898368568,6.9295197317177575,6.982611914335928,7.757602649628964,7.712384853810763,7.11231712752324,7.218126981048194,8.5587813820256,4.764233408029138,8.600412049003952,3.465148385437468,4.038130565920035,12.512846031295373,7.20002317222268,5.660698322312366,8.02566168989305,6.09574000464784,7.029806204782169,-1.1901336024219216,7.441942341760515,9.38111828660849,6.944262307197549,9.668598698351834,9.625447312710541,7.509814096445334,6.321823886618399,9.443404426797676,9.487714908939013,6.498076281159379,7.300443985563931,7.2854889275320165,7.858827392593408,8.27539569888138,9.238007822855677,6.981329575431437,7.153904417709677,7.105344612375482,7.6054845702819405,6.662754058409591,6.582264806351303,8.508713460071787,6.891095351818413,6.286238695819597,6.0557057042197995,5.822519675421141,6.965030965520804,7.05273230018043,4.6581081580235715,6.650489789351131,6.648655339483124,5.249511679010852,4.888239722911519,6.630891159823659,6.876217006305574,7.132221227847191,6.01886508481676,4.916510167683036,6.238842076781312,7.271491893621175,5.010415114498494,5.566410166053571,6.7929484123034705,6.253186666793137,7.248650884394008,7.51439690705185,4.975945239573969,6.521426195752985,6.5456822698575525,6.963330449535192,5.251384415071963,7.8341082144532095,6.762327802165158,6.847003978334268,7.156844041755679,6.6546067696997895,5.430770420694061,5.516714673009223,5.519831222477961,6.002927531126179,7.245092506024865,6.016079456769471,6.156585712044938,5.34349397108943,9.097885537951555,7.453740255588014,7.2625172206362425,8.273879808343274,7.219036023103487,5.139113503566942,5.992452399231829,5.23164269627464,6.410149602575258,5.5330946835965005,3.0019488932552036,4.0563738149994855,0.39771277925318316,5.6352218290926785,5.875722192834575,3.9415036268370205,4.957656758985367,4.281216876683861,4.8871112471732285,4.699856380947584,6.25329070739201,5.927421998238228,8.061762365720217,7.1481406207430505,7.318650378556506,-1.9081154987355813,5.846192555069761,6.568096052727667,5.6854079122537655,4.783207602829661,5.055122179622737,6.405198335956999,6.7869582511597075
37,4.8818697778832485,6.5600990275849576,7.252945943394891,8.13379850521243,8.19372110388105,4.090882055697495,8.34018109160379,8.052614741465122,6.616838542732728,5.338051783745602,4.857775527394869,6.434910587188871,5.71021386652205,4.647459142982319,2.3630077122953574,-1.611416754300269,6.165069056125003,4.901292722609899,1.7353825260841407,1.9004555583929221,5.315069222352851,2.5442043344072003,7.452492645537662,8.366104095014556,5.197221069092445,5.854725740061932,6.427299107615845,8.805539488033416,7.466085399977889,6.951657461278993,7.168647582953206,7.413491382012085,7.425313299159122,5.538265130910563,6.8409605424154245,4.395368801809069,8.88019964378361,4.867468851455116,8.106619762931505,3.2412353695338267,3.6662546682582837,13.215780585721898,3.9962039104793683,4.152112260776163,7.030010796661053,9.633376265430117,8.041655748522665,1.9388114181522298,6.952318081237452,9.111733709791558,5.926126218250632,7.21287375859108,8.693516907310949,15.905965545066447,9.110284456911016,8.425386474241936,8.909951381015002,6.6640505270520425,9.4818142777359,7.993725170481437,8.062638670655558,6.9331597546913075,9.758697318160193,9.2519928478261,6.442075549264993,6.006375315599227,6.663452794613825,6.579124582117745,7.77177674347466,6.6925983839936025,5.526894015019362,5.591548768279186,5.468229684922403,5.670735925051489,6.055216280470825,7.007570989575862,4.296225960972787,7.2568954135986345,5.325965577535271,5.560214307434414,5.532860979700231,5.106490183502302,6.7452720039291485,6.531229034001427,5.082768803398561,6.001375661887515,6.055828375810416,7.34350531182495,5.573850971067949,5.539245214451084,5.669258379855876,6.084128275745794,6.417937329715908,6.3596715143124305,5.724721246442819,6.028215005241427,6.579253595304914,7.9694971611927885,4.24303370772872,9.021329620941826,4.494937936709575,4.780723707100887,7.900278250856934,8.249947524970421,4.785935095928429,7.323686729720164,6.490047140766091,6.246731958466166,8.127642520575503,7.93580220266136,8.03231497444436,7.345072121495563,7.645657920679085,8.382956121104264,6.820177896468466,8.279806279415265,7.514192311740256,5.219490119176619,4.649236483640877,5.134237143430417,4.430479885882508,4.690371971003781,4.696671632600089,5.198633307924778,1.6873833225886228,5.832697845650939,4.388620217824216,3.4206185880375948,4.641304831090458,4.599867994838772,6.355271040446256,4.761670302127553,5.070481955524705,4.998141867921646,8.520653637142786,5.698004960244241,7.494056604213563,-2.8456084793157275,5.809756828741929,6.2604380256939445,4.167943104307605,5.643892860775215,4.741705610580574,5.699858382939901,7.847486398674919
38,4.98434441509835,7.314809708050502,7.291600983461555,7.2699450705283075,7.2868319513622986,6.075871467404502,8.025434949942841,7.374958833987437,8.673709440859144,3.588085299082377,5.9743890836536115,6.18972493110879,5.6328856691167015,4.6561535952611175,2.90376647392261,-0.8622764528019375,5.7097154896322495,5.663366537834909,2.1056763119391326,1.8973632860241487,5.407234852818579,1.6519272006315016,7.318998494533233,6.016608771272525,7.534717340940748,7.836272500047535,5.6899478855972045,7.418186334026423,7.758795411905876,5.806646301320447,7.2814540138172585,7.503136952877064,5.7669962015128196,6.932676149561667,6.168007080488606,4.962926457156066,8.072159721906193,5.375053091662245,6.418662500716583,4.55109938317017,4.997191456283874,9.056245633061344,3.802920778757096,5.862905357546554,7.810164772244404,7.00340034567677,8.690327635866751,-1.2712463740921023,6.930086861957001,9.438651142853214,5.853921667092754,8.3474690088698,8.448758169388013,15.189353842013215,7.298482685941648,8.344777904141353,8.066469516422032,8.934921838599983,8.258017489799865,7.027857176565322,7.173352179092658,7.451150334406776,6.655810159130153,8.362531700484862,6.418650471463817,7.7231737259962046,6.69489167867132,8.75590628110469,7.7040326095179585,7.1759321366995845,5.816127947807147,6.450720855726919,4.904601300319688,5.740920417808136,6.169284852687131,7.036367652452363,4.7739962457623815,5.614625333009549,5.764210881532677,5.185981966022269,4.461124959384264,5.806429637117011,6.281992737201369,6.377600028421689,4.656239027144701,5.659553884928572,5.4675620148524455,6.0346628224884435,4.574335654760985,5.460315623713934,6.843331497468135,5.368226773549999,7.612692717961574,7.7559094199383765,6.364961718795608,6.273545695081362,3.9908361507665893,6.752811390862055,5.981506326977165,6.1976927198532135,5.95724903330213,6.117835686766105,6.268298683124356,7.820973923492717,6.212570647524336,7.03587142428646,4.53647270302588,4.8736048605956555,6.020217749655291,7.13180106742749,5.450642911980263,6.7525060710631735,8.188475456450446,6.846587434878874,5.868591371369626,12.337754682379048,6.968205782678,5.3652096312569455,3.709371403187622,3.894504603196605,5.01007152108088,3.752316497735195,2.8143404995663674,3.878382936949078,-1.4473530831945847,4.237003808415023,4.512290267769686,4.219030813220359,6.717808748764763,4.6380053830226515,5.58673958492904,5.641739985677674,6.018449709431135,6.178519358219002,9.057008422622204,6.913987694756376,6.24171112100446,-4.439814595259896,4.298073261020981,6.016969599096194,4.1135032794746955,5.473813012266507,4.188618125300354,5.037311115577838,5.79836663126582
39,4.770747634332322,5.72788470740483,5.8608400290065825,6.987098439708495,6.064394095426027,2.2138335450678914,7.664005852166487,8.085408801788628,8.288153109231146,4.977118055529765,3.3478792851697303,6.093877305076198,5.467825074786455,4.666748354340731,2.2779642132351032,-1.3540842019690265,5.795218268245464,5.265454791695621,1.1863107648615892,2.9734050182269796,5.0928994686498585,2.384968714873737,5.216928455066844,5.5308506936015025,6.397915157785723,6.529796596732961,7.110860342510523,7.826569786515144,5.757417964192547,5.542050124130489,7.3950359151294975,6.087754498107126,5.692496203149198,4.453323803253438,5.063796979551957,7.737432358906446,5.496941029680831,7.216211395217937,6.5312513978808875,5.741251898930951,3.7042219403351244,7.6620973578970055,3.5201462536252754,4.481913509137403,5.6177897957776715,5.572983289751175,6.752360045319539,-0.2839040582271617,4.415122218183645,9.312218995108969,6.359208888682616,6.6228688479349325,7.114055571970468,6.387304481569198,8.93538774944622,7.167140655687238,8.154517435623973,6.959402737978187,8.244750818752728,8.012153460876771,7.754391204944252,7.882927336098438,7.005086482273089,7.418189184009968,5.493344738423217,6.6278784996064495,7.308295035974356,7.240233890467262,8.274537936085322,6.762914457570883,4.904598291750044,5.447741339820192,4.238900556069794,4.472612286473245,5.673986735130075,7.129085009980531,4.944905758583566,6.674197191144208,5.991880856129369,5.203322728070774,4.424024994089641,6.110138226195481,5.795907700785253,4.826187406644083,4.427900715153684,4.328563672776005,5.364898688330466,6.293424341876246,5.234188191642744,4.833140032821441,5.995051933061033,5.190791229678532,5.356679281057287,5.868732117274626,5.95660045581785,5.025005972330177,6.345127606242653,7.638729394190353,3.976424015399094,6.018522094362924,4.833943136047804,6.420613058564728,4.266060583981959,6.061366143084076,5.676832252063074,5.98062401982655,4.669035407964251,5.5036086279477,6.303450362876909,6.368236120054796,5.074072963380926,6.802784226703823,6.802993515200575,6.520952490908854,6.988477999454995,12.87361339965665,8.47248627933892,4.661303432896084,3.8499329511783165,3.287717957154438,5.023500852838279,5.181480429227646,4.262395948366036,4.365612672261349,0.2725165559917684,5.121557455431506,5.476376663145767,4.301572636226602,6.057472468167182,4.501931184164635,6.026204892186879,4.962010303109717,5.9052410317106725,3.999563550882665,6.092613770122448,6.049334875278874,5.659636749064833,-3.217475290581402,4.371890851671765,5.9713790449973825,4.58707589914603,5.781462012207802,5.113002522338704,4.6733661489378715,6.416121989210569
40,4.435962903804948,6.18933973270847,6.023267782791109,5.646562364536247,5.697400884464684,5.501001904814084,6.8923221959823415,4.997090590240664,8.553252682992612,5.072339192022371,2.9375402593158513,7.457611714658139,5.03232978562365,5.220519842289611,3.128903684301629,-0.764818377188073,5.770296152935399,4.602722835452349,1.7574588566980611,1.9639588031197355,5.257255479051908,2.1004031420492075,6.262025269110588,5.946544515703542,5.598247427470159,5.377861053133863,5.097704240896264,5.572409520506856,6.471988240132532,4.273616662985745,4.742368938482963,6.116977911210394,5.196369357282183,6.7425277709262,6.583442489563516,7.133206422043504,5.081754945796982,6.39595968640141,7.207598767962259,3.1629203135857376,3.2226030880264784,4.331775277491625,6.089896679598641,3.059022689150722,8.315274571356698,6.138090142859816,7.637717496012032,2.535949562335508,3.8953396497904924,5.528171229932212,5.800992939828651,5.08805124817517,6.894027813582439,11.040638472410748,7.094533195084855,7.347996340555341,8.147207411482855,6.572502584060422,7.437938324409013,6.262026577650122,5.1987461884794035,5.9613153876463425,6.284125743459384,7.4561489693814185,7.017111300187608,7.248219903882088,5.765159303207008,7.321680877768004,7.917174308825219,8.693067666425053,5.326403644965258,5.757067412057921,3.9335448207009995,5.237017479036638,6.336808274383586,5.935551149996506,4.2815703274519405,5.280802539808735,6.1421761390157235,4.341184724939391,4.043826237060711,5.03582573159285,5.794126161039805,5.457042105630232,4.180657649838764,4.0406382878116425,4.156532210536872,5.774151521958423,4.192408874989286,5.4119445648649585,5.839615017414999,5.344361894770658,5.223235217528708,5.702858309882742,4.875712692406353,6.399562475323533,4.145720862923046,5.4601565257397535,4.473425235636723,7.028629742580131,5.076160309789177,4.849051062035687,4.953511685993549,6.153503712102569,5.813096914633077,3.6995568596327884,3.8547527714812997,6.162331324300828,5.393867315440268,4.552357495108066,7.075697218194897,5.422060686909092,6.843609788072536,5.6484101832436115,6.4315726377449245,9.61415171276893,6.131761991214226,4.779833300572314,3.457714258650394,4.246329763521242,4.323888909969844,3.7702714927318355,4.023455529337117,3.318909118696626,3.403013832719563,5.664342411340327,4.721297701639755,4.145768500393292,4.0017205320943114,2.761877845501084,4.153684369451036,3.9193206374941103,5.813594670610098,4.131419015962722,7.29623119517591,6.616230810452084,6.447099071212803,-3.273094325728377,3.7017075673255957,5.496221928709371,2.7625868594129885,5.864645269194498,3.6698413517965496,5.097129327444895,6.333722314169112
41,3.8567260061097994,4.756054589790573,5.942541643915156,6.099846020840897,6.619214810869622,10.201796065925969,7.865113619267258,6.773993504334664,8.382743829656697,3.003609238373355,1.6567310029547468,5.307788004413432,5.711454367273031,5.425169169529663,2.3428591367281792,1.168775316072739,4.691550439789894,4.352810407090724,1.814473657177492,1.614310057385796,4.972066110884637,1.810055968517282,6.116587036409368,5.93224832931646,5.733763005492198,4.837617718187548,5.711825282681687,4.90174323839306,5.443728776963581,3.9772241476374206,4.859062797682659,5.907101780174221,6.5280844261507145,6.4632614193433024,5.26996194287603,3.2342257439798363,5.478854033837072,6.407580508937841,6.673609061826616,4.949900519423137,1.9931747638645967,13.212600303564278,6.9697131541034025,6.0819217676812265,6.587924817803788,8.978757748128707,7.6191300869535645,-1.5173960562206923,3.317655160386947,7.466612504291205,5.423065121174575,5.281467913857593,6.430585601048026,12.157590234360907,6.037940884366928,4.647408317390573,5.369083538306358,7.839773430903549,8.122075588289217,5.814200956737759,6.441444605632875,5.599836660893969,8.19886450794401,5.451210592047696,6.038684253048763,5.15131403553059,4.837943946153575,6.409858812875023,6.736248203693483,4.89985526283883,4.253660221237428,4.692624409103359,5.0398084390259585,4.17199641903319,5.226996687327895,6.249130557469478,3.537752865491517,4.989177545040583,5.881255107838177,3.9933217324258545,3.5844281693710816,3.963544717641249,5.6305904585986974,4.772629118201164,3.690577728408112,3.8009910203229436,3.350832232104702,5.527261389211538,4.291229313841373,4.375093843112574,5.03606507503455,4.961232842011917,6.33256261800032,5.100888486940345,5.312315878821828,5.864235305755246,4.662461484008683,4.858501160049367,4.671518043992475,6.66890024838149,4.973936271450207,5.327167036527555,6.506920973102406,5.23700097427194,4.865629472821621,4.472386323685091,6.116362920923356,5.86949459230277,4.289639159473877,5.452226137261828,4.729920666254325,3.7114064492775927,6.177028684292123,4.612496238495331,6.193066478908488,4.21692535237729,5.8354546344090625,4.797529857001873,4.660402988994836,3.8320447305177043,4.73289240822691,4.352487914617459,3.8022587195181163,2.688882533768351,1.814058024039699,3.137875701999044,3.468757049862894,3.112502343256385,5.812423055283453,2.709926663783775,4.145320834949125,3.9315399383742013,6.104685567162276,4.459092223149455,5.459878113807381,6.363347833123847,5.169341522712149,-0.9091478279892233,4.307890238844344,4.554425113410698,3.6417266449607837,4.776778921606991,3.4706033779125116,4.026750548097743,6.20599299030733
42,3.1729769830411034,5.591284995838566,4.904698400306136,6.208350427862241,5.635020948946709,9.127750121748498,8.075302945032066,7.514320861426821,5.223992296156999,2.9922228391530146,1.5488323303962042,5.480307110657956,5.158121800972083,4.682165858052651,1.7614087976871526,-0.5490290408991985,5.00123956641216,2.939977986879217,1.2526280785824397,1.8527510073455593,4.528911666576711,0.5170265181732053,6.357377475767823,3.694896017356999,4.398271948818738,4.951905294810542,3.754913201464107,6.443499693500862,6.323671286893438,5.189675738612424,3.7556769360215148,5.7155259019399445,4.314699653576374,3.489704843254748,5.750350841219776,6.385015589386931,4.469516817368459,3.456173256445042,5.083001449645247,2.3569617434631964,1.522779838029551,6.565264057036062,4.764898236194206,3.0425133586234168,7.08102225598189,7.381817609530884,6.177132031843289,0.7856171852313345,6.487287110156623,6.000342610863958,5.662728716859716,6.514425326993596,7.518051091020368,8.027527301759955,7.070993156625164,4.756687613687169,5.223461298228446,5.755887223007211,5.073348588782088,6.404667254777136,4.550338653729028,7.205609307955818,4.781274909731207,7.642569695413814,7.383214424370987,6.363968512330454,5.08342280649377,6.566342708431243,7.30933855801816,4.688370769269047,3.676012707872448,4.935653206979461,3.4496868476010603,4.43071153327969,4.484374675487052,4.528788378187769,2.612237804358992,5.06207420639792,5.11101505351334,3.2754488319602735,3.4775709225635385,4.628469430837581,5.324934844572721,4.638746872772074,3.4111254067239716,4.62698217033656,3.5260693235660283,5.214843483582644,4.303251425211342,4.615922613840231,4.839727125857021,4.1913820683538185,5.463494463152107,5.275202602199924,3.3084632896758843,4.679070161426816,5.8847586121933,6.470529560868548,3.1815500640449295,6.381956617739711,5.43941660815717,3.437761538039206,3.8919617358088896,3.783934330670513,3.239262495285447,3.919299102646374,2.9071417064072027,4.616959516704156,6.744894937128511,4.523971637223222,5.433260723563187,3.2942183711571973,5.726692083411782,6.572455132904276,6.394491127997625,4.845104646492939,7.232290667012311,4.070560075439984,3.0059883712128364,3.4998713041721974,3.9132380862675005,4.976990591627283,2.793179085479427,3.197737523358252,1.417825632590874,2.4927425422237857,3.362449905936865,3.854699308168348,5.771274895929524,2.0911649778048327,3.0691728968910605,4.628989035704526,4.762337079067699,4.065618752945742,6.097484812083023,3.673622382238276,5.772495691337867,-0.8601510877601077,3.828159971900728,4.9568851137386325,1.9605594947958798,3.765177492775439,2.5105332252525927,5.022227056848533,4.776155496091144
43,2.8070130501584596,4.270569276215016,3.7810313282481505,5.537484211578436,5.267767695367686,10.422892544803583,6.185786462106432,5.319150910478479,5.877542832052066,3.688597034185122,2.768220044228833,6.906176677549749,4.885780598805391,4.89253433512908,1.3598764562717451,0.2640114403850189,5.103555758621959,2.5221508878063323,1.3119273517950245,2.1984073322534337,4.737495723105925,0.921693986858981,3.696517166191028,5.092079472818699,3.364012783577296,6.441423351293283,4.398803275236517,6.373887182997851,5.643401653780968,3.7990978799495587,4.858049215535354,4.467619532318744,5.499105512413377,5.790638020028215,5.541422180937167,4.061216760336138,6.251769176660456,6.055839895768169,7.12129210356712,1.758169512829359,3.833017511358292,5.336097900844846,3.6848971018425223,2.84136824645465,5.5110235967136605,4.667995158146885,7.293513549460391,-0.39194683307110756,4.807571427999163,6.704310043755706,1.6407105943315932,6.4472065693377285,5.154107716786825,11.54857299794918,6.503128902320259,6.279224805779824,5.253515261247032,5.306262884774133,6.07970761127146,4.924256850869868,5.275677366266555,5.165048539152814,5.9282581768808305,3.7344193832252484,4.607835298475162,5.794278076810578,5.4587416175560115,6.294204098682023,6.146764492316635,5.151686965720033,3.5554753089024618,3.121133026207927,3.2159235623480877,3.46338105651819,5.312925219819746,4.793230768244666,3.3173406773468272,3.5450088865313067,5.217137803843595,3.3449802516781713,2.7529246979808044,4.616048900131366,4.1006937563732455,3.9911213207121903,2.7464228883011064,3.996932622106934,2.2788409962386225,5.1312236430280205,4.0328879019926145,3.929953284980257,5.01444974281616,3.4242841559493464,4.573290225454931,5.068143108357976,4.967808598446929,3.1782962813638185,3.292916642577877,4.06145439915985,3.4327102588425342,4.211984786069502,3.5258416782091513,5.027522690839837,4.275804142557684,4.388696428118667,4.382083822294639,3.187220887613046,3.4004136593321914,5.380588645930105,5.130091265546314,4.769509162770409,4.718543000017262,3.1993457359496635,5.6371858970691555,6.929009436787886,5.011934024146374,4.966705839113364,6.515484472989229,2.437303353362418,5.926215948115566,2.5782478928289017,2.518744945289001,4.398261785340095,1.686545964756325,3.950189873047643,4.5832727838577005,2.5952051338044253,2.5276139696323567,4.160163360021986,3.912125053821656,3.5613885061120354,2.9418754992494867,4.065594672445767,5.643790846872756,3.3804573088566183,5.299351859819753,4.548076816980323,5.0419285869937935,-3.6830299287431925,3.541914143890115,5.321429230648245,2.290781880688323,2.2873000715761624,2.1278773374676563,3.4476344305857096,5.480002276648783
44,2.040303208321764,3.485791233634929,5.00777373411016,4.58279481328396,4.733573778598763,12.041003274509514,5.0365610695904275,7.520621341689019,5.729999508434366,3.5628885680095363,3.110757032790165,5.702790127087508,4.760668356682106,4.928731912796259,1.707556854327299,0.457582083747041,3.7931484020530877,2.5020758822477416,1.084247436787133,2.385655178839277,4.659439927301657,-0.030573971914762396,4.394443234823061,2.741811745486722,3.465503726312276,3.6461692569226862,3.861081655764301,3.7890132584365035,4.6758674452938385,2.895385228230314,4.165265450674268,5.156148832026782,3.5243254460674693,3.1930232579813977,3.6763842108094043,3.005850456502428,7.060179689149469,1.2397682582669558,3.997851604827156,4.960646113149851,0.8965698559339316,7.62955672679746,5.061714514335508,2.3817811195077367,6.722499010037848,6.932387894509569,4.770190585451625,-1.8304390376556143,2.936932423763272,7.314149610705133,1.0243149678182786,5.163600329756313,3.444440442917491,7.653270048506675,5.0940848245846,5.78040726626806,6.135616454085191,5.646952495491851,3.7198057317116318,4.98126919650032,5.77239481089515,4.100225481367384,3.3369598078233538,4.806027776485247,5.352774500817176,5.13265470878528,4.823726076401795,3.420559494513526,6.020282603646262,5.748947185488646,2.613666719857125,2.8606343614930427,2.5478499388625937,3.296552514410524,4.792522330058992,4.416063741307308,3.004166476917937,3.0754512795608697,3.3305421945502656,2.814225002544715,2.934813689637071,2.775297050933349,4.517415282454415,3.595846819165351,3.1927521668052288,2.9392230256905356,2.306595883270086,3.6107907147402027,2.656534056417047,4.365445383484799,4.689992233179107,3.285620803397529,3.6433251952296684,4.442490420723399,5.069571059888988,3.198850273759297,2.8025905761937047,4.406415994546087,3.741504401878975,4.452348150776478,4.424881564428533,3.034742386891743,3.7393992039141954,4.563999699836405,3.9126134069210603,4.62483665487393,3.9394776417529216,3.541046452226615,3.8991547519766216,5.713530606593819,4.980240018546539,4.576472533743937,4.155984865937612,3.610209024328165,3.8374389978150347,8.11514403976689,4.086313899306764,2.3567346168386765,3.2587546512357557,1.9038280847704219,3.034656703416027,3.035733733578823,2.0146569955253386,1.4897300154837636,2.6697983195410653,3.9253643887924645,2.546263987976039,4.05749509887284,4.7791274226556375,1.8112943126796206,2.85237526879871,3.1006346919361896,4.5702107204332725,2.3005806313663655,6.521811467907531,4.556793828597379,4.10163484809684,-3.0422894098574087,2.19662392238282,4.528484881098616,1.3877818550397867,3.658352998273008,3.278346646477819,3.0904872935876613,5.624148223202345
45,1.8200072967505738,3.9729587358381693,2.657892328274874,3.003768852960893,3.9445009375093614,6.773844375104397,6.44822317144543,6.588205747545064,3.7961043184134806,3.5769086000591543,1.5315838398314487,5.928632624144403,3.664371664993826,4.88861212375121,0.983412735245057,1.338279795880606,4.514709980696688,2.7962643524481896,1.2187846871954204,1.5723682627142497,4.410656040863062,0.510537917196612,3.3467056910787294,5.033977127865203,3.6348389835530686,4.065494417049217,3.9425051699112847,3.504973380964058,3.040937156284992,4.566096790807348,3.511908182175894,3.439550785698321,4.527486837771539,3.5971812229181905,2.426960848153268,2.237333155548538,6.532992602965104,2.2685576681176185,6.254864924932521,3.7755087339317974,3.9845578543754563,5.737475100838179,4.243225099616013,0.8604201801229274,5.619898602899061,3.0936348917608414,3.427810126767502,0.6681344751366005,3.337829918609095,3.0494785866353014,0.8144390654873874,3.1604894713568736,2.8519541268426827,9.45157286419006,6.095556338841984,3.2036636622572203,4.806993340584373,3.541350890433617,3.5353157439563745,5.0310456098934075,5.621483677878796,4.174719925439091,4.857739050483577,6.051327438460534,4.480956662372558,5.394015166567191,5.586879048605905,4.161804779033821,3.696822655932748,2.7856797082596705,1.9947208028646262,3.648369480405038,2.385652092110021,2.1433430093361974,3.8820431636402914,3.509753849085094,3.016173287681093,3.881773091184943,3.311727790055171,2.3902914149190897,2.0196846612052797,2.6365262949803334,3.3591195480026586,3.6834779751072064,1.295967391081314,3.2236905858302656,2.2188918755763947,3.241170630306215,3.6491966165303733,2.859811942885568,4.189918471421093,2.935618008951658,3.016186156041296,4.1992817519254,3.934169228792734,3.2196791238618863,4.80763756359557,6.090557371828052,2.059402441069228,3.8445325579896,1.9985317792253414,2.372909289272365,2.6645052864491494,4.630795828181508,1.7696350424691767,2.9135085175952398,3.4839952393511107,3.220498677889646,5.292684981064712,2.7219938945992896,5.143700707391026,2.38509520750589,3.1369168680296893,3.4194766935757284,5.572340748447353,2.5900473895564233,4.21104513684864,2.797208461771859,2.434984011095749,1.7171785730099698,1.4402921347167348,2.4032410452351085,2.4633234133676436,3.067917463392848,0.1969506435033812,1.9788987260683326,3.26337870173727,3.387685248249311,4.199407996761074,1.3533647343894648,3.7044167440251345,3.2972278400217556,4.496333391915734,3.788112384684148,2.8248946731134166,4.2074296002964875,3.3731649995499424,-1.4248324804822408,3.2309192657314947,3.0976106309751508,1.8408477796291896,2.0187364730358137,1.0649091699478332,4.364278108387584,4.1731372830136895
46,1.251475609595313,2.733106265111215,3.013492898808422,2.71436935370832,3.226727401188308,7.305028006393826,6.538495441047605,5.481768350913049,3.0398968885236552,3.8390518580793005,2.1050165695104983,7.448404843051314,3.9153231021149772,4.783689122013737,1.279369986303117,1.4013595592946513,2.9266039227619585,2.494429251128517,1.0002815577609891,1.0745180997972672,4.268496843697495,-0.5045177909476781,3.329938860172838,3.8543703323331755,3.082038302022024,4.3435539739078175,3.1362425521712383,4.592747457523602,3.4774784680178135,3.2989711656426137,3.3808378650746262,2.3500815926447682,4.169874441940357,2.8218102108348555,1.8988860363742368,4.766902471283412,6.433821585735666,4.757090557411324,3.6427746485141403,1.9535163926165915,1.5354110029822836,3.2970267604279413,6.1453493372252534,3.640595288295362,5.722692595997118,6.46942861209443,2.940570482696557,-1.7503288647165363,4.2793425176696775,3.7186292529502802,2.2470707907036793,3.2028779738988113,4.336957249863069,8.969301267665227,2.6197663103009194,5.205937431113778,4.944966221482067,4.440441707391699,4.399344120959314,3.0411731561062174,4.011912497137019,2.176337782256147,4.128847524792485,2.720456196688231,2.8091404293303337,2.4550174931598012,5.022365776419425,2.1712472841538775,2.5941304530827196,3.9211349615044684,2.070901111877413,2.602947604575946,2.76917956904707,2.3405396842149617,4.020102684707987,2.293719805110709,1.0423221850497195,2.2043084891879334,3.388581817168901,1.263437722879138,2.0584486917761913,1.8398929650002476,3.0204015803491755,1.9619344055762815,1.9877742200514874,2.2593750862184554,1.3929558171830174,2.2464418714087784,3.159569294127098,2.9276068176779706,3.4032772258406863,3.247489097361063,1.9241321237578137,2.6445917866075024,3.806593971058723,3.3290098893109126,2.4189036894263998,4.561832842280185,3.276510557818079,4.53284763675096,1.3163420714485674,1.7099184935778224,3.610493434463388,2.3372384957314702,3.6011203520918307,3.8035180968694773,4.500011350067343,2.9327881129065725,1.947860896758325,4.365250563989667,3.175639637378257,3.9505524518212702,4.4129033754971285,4.387314814454023,3.961964601753432,7.176844813164315,3.8547767494322907,2.306603174653568,2.33792804789363,0.44764981605519705,1.7364293024143178,2.8291584206997458,1.1271605623049603,2.465648442070912,2.448130168190278,2.452983350098865,1.8629889585237254,1.2180213137219738,3.262339643821431,1.640149268481638,1.2376635477697653,3.529796425414509,2.6280716041045293,2.71486256157189,5.488967903004893,1.9979159215600157,3.755383230055972,-2.308945522939918,1.5961979729074385,3.6365238365587875,2.5499329995729467,1.4234078351424848,1.121311402448264,3.6671262524121824,4.955875066397345
47,0.7630861328346671,1.4060286372480997,1.5916694073732396,2.278264301766675,3.537518610377082,11.862328809658747,6.89323049387999,3.3019633076127715,3.7852982654788527,3.315635454229422,0.8475683413489938,4.2795701962777555,3.598332631302502,4.202457693172436,1.45173554901399,2.5662684036424124,3.2646518017052033,0.7839421573562225,1.158507927126782,1.0428681963762254,3.3324996818186556,0.33062341251201266,2.622245033916892,1.6019052994761256,3.8170762098204247,3.755384055632178,2.387555424689895,2.3986131873070504,2.689925390266795,3.641872706192747,1.5783822208564444,2.2715905010731854,1.3871266624079055,1.4542168500650754,2.2311418900207047,4.823626187830124,6.552014594162674,3.926390431776375,4.380085159839574,3.431442316041916,-0.4948285239496029,3.035580758116713,3.514700416779481,3.671768087053234,6.045768767207878,2.735884399535894,2.5432202168751177,0.05099551629127985,3.3282327123495707,5.411963615082354,2.208314780263273,3.937018367357679,4.817123476000077,11.269610192762718,2.4916646501692536,3.419513908836219,2.1112619505054,3.39062442629049,3.7852559831119654,2.2930567902875776,2.165252446335353,2.950338354008843,4.580154516829197,1.462098377475728,3.12259944709393,3.0539135417916112,4.1336293122528165,2.461791441407544,2.5147517079664703,1.810884164756549,1.736404042760411,2.3606010666795054,1.033992129445988,1.4281754509463824,2.352985826729801,2.9157118442060974,0.8371170071209781,2.1555119472762385,2.2404876406820247,0.554996859512509,0.9736846954871453,2.1286376772812945,2.8601717771257675,1.9107262490090686,0.9069164502660986,1.1723671481097366,0.8371418548116473,2.6731817841241035,2.9872349444643342,2.9150206312025886,2.582378240484732,2.5208503011137067,2.693491145625557,2.0183074091869946,3.0705851759612512,3.300965555727227,2.445819679279414,4.71095617798858,2.2782833848275423,4.476959953616592,2.0536767898708144,3.590595967155866,1.6903637841606287,4.102227993578186,1.7629479231760758,0.23290055309866564,1.9271974881051919,2.747880710525985,2.3864869972150986,2.4195370967216077,4.838949465692318,2.426900828303194,1.8411902290105089,5.069967276145388,4.777842803723405,0.9105088420069049,4.538014989859134,0.6387397437399716,1.7377773950035165,0.895221730706294,0.7498142257484245,2.2500474753208666,1.2068410357838302,0.6571204685683415,0.7341102803739281,2.283000571240809,1.6261495876690133,1.450248418985722,3.4867892814266472,0.8989814170260954,2.0550909272938975,2.814673410849532,3.9769507090755356,3.2422338660042436,2.8468037259325567,2.9068930214689757,2.9043763132756166,-2.053076893546977,1.4979856950817738,2.509940558992921,2.188717916550016,1.1323235769059585,0.9626495789078716,3.4105428848414863,4.306353454157719
48,0.3953331161827165,0.8144931107814364,2.9506136669891605,2.530157644083545,2.858866970529337,8.044311135382765,7.025273355559393,3.01558749605685,5.427348731284461,1.8259665710777302,1.5480012365440188,5.0356806630044275,2.3298080236242247,4.418650536598438,0.47373607537157725,2.974002491597931,3.261317604878859,1.4336753236902788,0.7842771775907338,1.7134113382262965,3.104956203724334,-0.0846163539055318,1.462941411835911,1.702442845150123,2.35865484204047,3.5278821733850787,0.16554647924200014,3.3929818059911208,0.8903175835357772,2.282106771477472,0.4813333380783367,0.35324812905017844,1.1487985496355546,1.076351484986119,2.8906678081766906,3.55519552901033,5.421667826432519,0.006565714359713648,4.958149407839922,2.6349741168733107,1.0028070869382704,3.6150879065378763,1.785327503032362,1.25028148036539,4.315985604077586,4.830505500207475,0.7934946035929952,2.0228354604703855,3.9058111936616404,4.194006875171126,2.767586059690103,4.321245548126148,4.43988784886478,8.632167973410521,2.634417382237543,2.6495766077575595,1.7739526653130198,3.241817048884251,3.1486031999577184,3.249466464753613,3.2957020685831866,2.884553096376412,2.0338507420103067,3.7685482466539955,2.1835032126052334,2.872335675701126,2.665103793627967,3.3033815560080995,2.9190492191437323,2.3424543961872075,1.635451192511841,1.1819001423918851,1.8065365026459717,1.6454057721091773,2.7248927674006427,1.012669251847273,0.6844971098560582,2.094094598323485,1.7731031901405636,1.0891224946906672,-0.4721624745646536,2.3194594862361617,2.7821571956050604,1.5028513543126203,0.3902240782013804,0.9357471886764004,0.2026631539604532,2.3958042066484264,1.3651327937423114,1.146338685325722,2.5066872109986518,2.28891596369849,2.853901452463918,4.130843631675704,2.509842605812981,2.7178531258287713,1.7141711289451116,2.220853849307553,1.7948141772430224,1.4697302773644458,1.4652642616170062,2.537961463539797,2.9765217255290906,2.709595098591902,0.07411752723867493,1.8059680905169246,1.6310829805520306,0.51181952143348,2.7480952727816983,1.9176667991011516,3.7326728517836907,2.536644168774648,2.2995701161525055,4.130617152379995,2.094601138224231,7.533665440259135,2.3186242283375265,1.0962610000751396,5.223658377142579,2.007510342808613,0.922122919972892,2.891191600394918,1.820787938246606,0.222867142652607,4.530575366255786,0.6775550614708876,1.788139447929651,0.92543857106878,2.1240985763802986,0.28742520079229494,0.9875308273861991,1.9758286307447306,2.790761927504884,2.7389011010528406,3.8719158747605986,2.82408239935408,2.8955898392258295,1.5340320326880459,1.7637053818358779,1.2619047693068817,1.6539809142472477,1.1891243250243473,0.481430573769617,3.7837656415208953,3.0482087330794267
49,0.030974117099364262,0.8730932537334335,1.5627536667372628,1.9402854549241566,1.8395012866300233,8.443866665340375,4.0138813610577415,2.8684905364181983,3.831711481212951,0.3965465358888512,2.1547642389228887,3.9132789573386058,2.2009801836935825,3.2435605658285223,0.756210918104532,2.505463712016387,1.5655191706880984,0.6806362714713208,0.5985217727434728,1.8415172785619425,2.9385018645327325,-1.2877494488971193,2.3480368758598047,2.553615964726185,1.9003955949408038,2.043305434894037,1.0594375771485678,1.186641461363653,2.0575376985966156,1.38891405385892,1.6850773315423275,1.903813338816637,0.5457025667523906,1.7229829958363785,0.4206396061248643,1.9771116092323973,2.1026923045691817,0.7565925497077852,5.346109174838085,0.6265593767994266,-0.5844769266520644,6.125458557888122,5.050889077640755,2.6419053885080563,1.2181742084740272,3.579935736193132,3.280673408466612,2.7994826139161804,0.5001074499474105,1.8459921841282854,-1.051231290606472,1.645229092754218,3.5613711862148034,9.452479417754521,3.448333696447394,2.927182425477207,1.5909393891935248,1.7186361888713169,2.454590234183413,1.0604768593339136,2.670431988024616,1.6945810068301035,1.5617034891336303,0.42221451925442166,1.5374985821017706,1.497215363132669,2.7440643253934103,2.7200123456652125,2.2105401412556698,1.301594906007807,1.2979812874205727,1.52250808785687,-0.03763469465560067,0.28016649815199907,1.9253052475600536,1.3072716983029524,0.9818755829213484,1.2220112638375622,1.6421125855667833,0.4507785593946143,-0.3012492064913501,1.9292980916892413,1.392806675036754,0.778630931390904,0.445598527761228,0.6588153523194173,0.7101186099141108,0.8790313107214107,0.5145368323851398,1.0513684895369655,1.2591118702135946,1.577543131015445,1.5501066322525938,1.2585046705985783,0.1714247454899191,0.5607747496618336,2.2775057761189577,1.6822162587244918,1.653654478522833,3.3171756902259926,-0.15943452362485294,0.8269045198507531,0.413217736174349,0.919154561346244,0.2134196231506289,0.05131458463678029,1.4936350022501135,0.9614409211783994,2.143465479537537,0.3669867821516378,2.662815111655558,2.3485725602888956,3.2635801974653136,1.984845958596352,2.6087334406430034,6.045925730624434,2.228570600779943,0.02180348367255558,1.5563782776788333,1.6436834963601348,1.8083428843988716,1.983633202945708,1.215670221369226,1.0392990279819767,0.8580745363462257,-0.49945871733666614,1.9326823094360395,1.2970522487927851,2.232748431585663,1.0402704542937848,1.4034487120570454,3.0727105756881468,2.3739082282139896,2.3887621649385498,2.933766822925867,1.0305948422906364,1.6470366041560216,-0.32332654741644695,0.5997401152758574,1.7863092793858129,-0.27826550072051914,1.0994154304017278,0.08706904836278662,1.2575251144743012,1.7669859086069182
50,-0.40234073793826747,-0.18482827176674466,1.4132539522641687,1.9636281504813844,0.8830167018727693,13.071384876995442,2.8414300942584814,4.429311804089795,2.541233981240058,0.5294489923881832,2.5698408967176913,2.615617284141042,1.7919670301991624,2.881454620338272,0.4329109308745567,3.7970593491735722,1.6780422050870534,0.3045471131680082,0.5290816257363326,1.0360082760625162,2.991148998987644,-1.0677810035319932,1.3151374789822023,2.136949234016849,1.4119259771234771,0.7570715327662443,0.22905733399886974,2.118872235670759,0.5815003773565282,0.5371964318980532,-0.9675017700097519,-0.7408174924624369,1.18435430645368,1.9333557702967652,1.2141630765816376,3.4052199143405777,4.45508326865118,0.028812840337608003,4.572187369819534,0.8560555304801367,0.9867860932646719,5.723710283157504,0.7415680505937055,2.314201550076487,0.9987734395571449,1.021756193870806,3.8389614264334986,1.7979188331542664,0.8777321638196667,4.313774492573664,2.4435087468271437,2.5054720307360934,-0.23931993770830773,2.186328027827603,2.555312670576784,1.1589918416663385,0.712111667167713,-0.09097425357165334,-0.1664990981223379,0.40512070250327237,-0.20113549609082437,2.013527282762728,1.7635227028253513,2.927883778217196,-0.14030572975254424,-0.3322189829261457,1.1794496655635573,1.4906512441209752,2.381413871543953,0.030816546904212705,0.3019273254099346,-0.10751960570144381,0.12969495769194161,0.015288759641128052,1.7064151181550542,1.2353043910138457,-0.18928015177539503,0.5249280621672083,1.9753151109278388,0.21265954105616514,-0.29635237797157266,1.1839561996768722,1.8508181399590216,0.13778710681466677,-0.39672132307594776,1.0272811684211662,-0.47876311672839467,0.5448786674285916,0.5051009785987621,0.9368685062013982,1.4995314588558641,0.40593760010066227,1.6145261665374142,2.1121779046704265,1.0525116106123351,0.394843722205412,2.390255231331845,0.9992579440717195,2.2495893395327258,1.070565056514118,-0.32300061714338557,1.8234040754861796,1.6086301964111076,0.2931410118927569,-0.07570805170264405,0.6814354531491493,0.9436268648329149,2.0119353040706054,1.8334888195542196,1.1891688247956649,1.5404900231931817,1.1908991933733462,-0.1975189047708638,3.2038645577494047,0.601535718066199,1.0685208367477699,1.5854598683027872,-0.8405709765211039,2.883126350747047,1.231777591221987,0.5959159851164237,1.7737571837242143,0.5618448497950517,-0.06238203150242172,2.0836294850491885,-0.6101922795394042,1.0466199968810843,0.7425919626515168,2.7035817171805263,0.6368158771276928,-0.8290697596944322,2.543169535181935,2.3561453935719827,1.7500402084016482,0.7132445151413027,1.22093831509379,3.560963773689758,3.010011713456188,0.5506792782674067,0.7821363432873727,0.10338470015586276,1.5105910927057318,0.019092134625209867,1.5881429591950946,0.9137293968656147
51,-1.0779810716082638,-1.0468524143841607,-0.13511241278020641,-0.15815011617754976,-0.7760623220066621,4.897025030810187,2.687956200068059,5.132194940525139,0.7424764887525788,2.014056975809238,0.7423006814397168,2.5946085673997845,2.1968378279414353,2.215541351665756,-0.5997066332457246,2.1020397196784053,1.4953793527987063,-0.7238934996336222,-0.299701657485677,1.4319287582986173,2.3334045535835495,-1.4007336212467667,0.8955471946790694,-0.4944570898584103,-0.44916219564971527,1.4781720419931332,0.8579577262382703,2.276498659188579,-0.29868369026835684,1.9277094067682086,1.3565114381308914,0.7215572541603361,1.319087574667197,-0.5353910810493479,-1.1351753068468864,2.9059556481002327,0.3114614447399293,-1.6367613139696764,1.28450551227453,-1.0940888575359615,-1.2901774628660856,0.25230658098529624,2.4428125579524984,1.0987894815478825,4.415796416827941,0.9255929118171526,0.5933437116898546,-1.1788898928501854,1.6870755549518541,0.5693033607867614,2.165102794558134,0.8780958484277614,1.877360091083509,7.270615533465252,1.4502996654997875,1.4490711877470486,0.1587742360730966,1.59726045362242,1.1991024595076247,0.5302642268501323,0.33232201958566154,1.0477721792878718,1.39608790085454,-0.9189733205877626,-0.7808301259750113,-0.5910070656784449,1.5202294343742935,1.0831997888988871,2.040716464060223,-0.941290403150815,-0.07749444416656703,-0.5010332464153479,0.4775406690175159,0.714348209844724,0.40052218178097143,-0.7450408647648101,-0.4112681342183978,-0.5275671631046479,-0.0621191099489098,-1.6344570931452707,-0.6029954904521473,0.0891913217765895,1.074113864634124,-0.8871299888631721,-1.4764308553737622,0.8686610030799005,-0.7013163734013819,-0.1601038515279513,0.292228770757468,-0.05847085709405875,0.301383760897057,0.8580411989099506,-0.17455439985465904,1.630954501388671,-0.1016413689516883,1.0821950377071272,0.5773445737451777,2.5371764913568144,2.1613035650363264,0.511741841900481,-0.745821463901317,-0.5099620832058678,1.227811901675786,0.03845295490470563,1.1395695280456533,-1.799576267325038,1.53515068045657,1.774237868630392,1.4538310027161314,-1.30511289009137,2.194157644514345,0.9581132032672428,0.25518782254422523,2.2001981865374196,1.8587354126093265,6.35715817295426,1.5192922944448748,-2.0608235349628137,1.140790439986997,0.18186223266678136,0.8506330504722415,0.5972598772214596,-0.42387233691302795,-0.09414506200230943,3.178964384978195,-1.4868715743015815,0.10388111094202179,1.1625503876186003,2.366863297160732,-0.8647963826197324,-0.3955624865485663,0.5554596231452625,1.8494296496008324,0.36411812670796784,0.1023978752060637,-0.40619848459544117,0.7615356226278454,4.63158582226146,1.4688099721678933,1.5945038558819276,-1.6077215673483998,0.731223568478337,0.647215992632495,1.1957561949641007,0.21483699213191004
52,-1.0278266721477811,0.057350453950031355,-1.0475486493034867,-0.4887637775712711,0.4948505772765124,12.641207123826636,5.453842051143036,2.444325011757298,0.4766766552997741,2.8816340810412977,0.1989986433826283,3.2770104508623144,0.61148110384117,2.0868008720222457,-0.4031838212986355,4.388014598985975,0.26299025019313577,-0.6847438868107738,-0.40356007738104593,0.5540002574451592,1.3874085506802079,-1.8397008607754337,0.9852587798253265,0.027815777892685745,0.433002030945679,-0.06508295311630663,0.061758316491034915,0.02986496317936249,0.8172773952825576,-0.6521242689254034,-1.0086710394738136,-1.4284767816523334,0.41278296437055917,-1.4225786021404394,0.022358097735341476,2.053234916750346,0.7344421014086691,-0.637720867637926,2.3594076742983203,-1.367760925295797,-1.2634762382020566,2.48817163385126,3.9862209436507365,-2.6543757977670634,4.033219968145625,0.32993263479096724,1.063010696488591,3.678927136362624,0.5061688046747759,0.04997616237088043,1.7317909846215782,0.2803683331118567,-0.5126710943248012,2.854687652467634,-0.1146793659980434,-0.4386664117134902,1.2394854314860364,-0.22013759240454922,-0.8652085735526913,1.0283800502644938,-0.9305316646134212,-1.484986827064449,-0.13682915233597215,0.8102150087224746,1.095578196522505,-0.5610687245442214,-1.5000222633498534,1.3980675523867498,-0.20639232569889399,-0.4777618139561186,-1.3717915020990834,-0.7593822760060124,-1.1601760189561818,-0.3093454097113685,-0.14844508742803597,-0.6994660195842504,0.04225582375079995,-1.3948581748482791,0.2072388250527457,-0.9300080779215678,-1.2317993442700097,0.1657766107051306,-0.05280448076072464,-1.1313309411447676,-1.2088162103369484,-0.713338345306043,-2.3947971117245817,0.24748611429938427,-0.7626196716831924,-0.5828802901882137,0.26133085723826244,-0.08705539162198761,0.3462610555416119,2.0351125669812857,-0.1312561970823607,-1.5835057861911441,-0.39567831966869416,1.8184792720187781,0.8752872622355929,0.316885986323298,-1.1140197609606974,1.9484463956180529,-1.80110293775506,1.3144156002533105,-1.8311169827452878,0.5831951729453029,0.687068489297183,-1.5626470921081668,0.3671533957703297,0.5136318900202719,1.527628982667732,-1.2553228983852434,-1.452110690056086,0.41166043117372597,0.8484424212769706,-0.8724865397277406,0.5680088377056522,-1.0352459771215516,0.5060961214830374,0.48876398537982113,0.05630513616272537,1.7325962206236367,0.38546306655501783,0.019103021127023112,2.5978548644876116,-2.017947589357845,-0.5952274683218595,1.465335288984564,0.028752701444633877,0.7382678680385948,0.01875594885621812,1.684261156760709,-0.004583759332382864,0.07781582800768905,-0.9495380710745012,-0.5112867366528095,1.1886142319066961,4.669915763746394,-0.19985604929969003,-0.6750985176643751,-0.4609283076191226,-0.10242337124427614,-0.012905573795497283,0.09450303697145204,1.5288232616332729
53,-1.446349042674124,-2.3147197420670937,-0.34588717190106877,-0.6587385765200755,-0.7398757435969616,6.511890402063926,3.67815140819396,3.2240470889779136,2.756794800391916,2.4462854611962044,-1.932494578808309,4.7628735125860615,0.5462745983393823,1.7229090400977618,0.08674175001940254,4.209691645786726,0.1321834860911577,-1.2514736085154834,-0.4966460985171418,0.1504227341267942,1.9265523664521342,-1.5687921906675382,0.38041560451917444,-0.3407741702731448,-0.3911592016982752,-0.006267547159340525,-1.0629242103754628,0.8210037761920672,-0.7824134697193261,-0.20653349183231806,-1.3923908086007335,-2.367419885898357,0.5516167760872916,-1.6186031161107022,-0.9895811962416079,1.096855853179284,3.2272410218303036,1.2950559156666395,2.0821523416400005,1.0393029885435636,-2.378989584409536,-0.16515775871346539,-0.557223074626455,-0.04200679262312823,1.7755687312161288,2.9177415651654557,-1.6265167446269644,-0.05799319098016109,1.7131832948272394,3.52905709616613,1.2233061824617355,-1.9880861903712075,0.44794103883103986,0.8189028401745242,0.6526567718987955,0.8256730185130658,-2.043683963072675,-0.4569946795192217,-0.08207906347187865,-1.7255203889483917,-2.116529003755775,1.057539747788507,-2.0434950882287297,0.14049383499291013,-1.9269808883581936,-0.16352141382959662,-1.0352282831491575,-1.8311154180072657,0.5041627598798004,-0.15323791948936405,-1.5204178869255864,-1.2381126432087441,-0.4375172959803748,-0.7539579871237219,-0.13238332992893942,-0.7475488672818082,-1.2178466652770061,-2.2242786067409384,-0.9241510604731216,-1.1284694622880524,-2.5553384215223436,-0.8849273369536601,0.1658670159809057,-0.7183765910687898,-1.8375840699494432,-0.34148785649788604,-2.72135090094316,-0.9276470128703702,-0.0650323404464066,-1.2749176468498884,-0.3690727069508284,0.2302944163964611,-2.017451342438131,0.6839873504660421,-1.4912695229928874,-0.11118075289041185,0.5000377380396759,1.1107837574449069,0.38498075346612115,-0.9989982671999993,-0.936078697790363,-0.6237956206510498,-1.0869881120391383,-0.2858096712167577,-2.5138588797801433,0.02047574427512,-0.8562379715905605,-0.6115072530534764,-2.0731621468462533,-0.8029738467598884,-0.7451503278989141,-1.5059708696612806,0.860562957448264,0.560426334365411,-1.2573303445334385,2.1318740700800243,0.4303677128725196,-0.5761454927874214,0.8816468697268829,0.4648642201613149,-0.9316041437032787,1.9923687071424938,-0.9947886941143412,-0.005222296202220589,0.2611769151971821,-2.232318706664952,-0.7878793188641915,-1.0001645766743472,0.2780992560639547,0.18451784005876815,-0.9685765640161672,-0.526913743339934,0.20576409483659452,-1.189090071696947,0.8775326577981257,-2.1063056704322567,0.2381847160208459,3.418921627368368,0.9623478145142013,-1.0889775451210169,-0.2843929129471263,-1.4905287595582868,0.24785186024741201,-0.1745429401660455,0.9206983258612125
54,-2.012929845264833,-1.1590246310499488,-1.8630760163550557,-0.7448361937044754,-2.1981160853901542,9.135578519492661,2.5193013564934805,1.2984031945045809,1.8803319663236493,2.1902871000764197,1.3503857505101733,1.0386204677861928,-0.5201096129303513,2.097517121191055,-0.253639255608449,4.227840053918815,0.22629212531922982,-2.6022258465800805,-1.169991131623935,0.20749775141160792,1.4509732581079346,-1.5396391622854468,-1.0913170456466335,-0.07128785964290874,-2.2065528105385726,0.5361508456252917,-1.0383495457294551,-0.8818215763197494,-0.7295379063602936,-1.0386825807261084,-0.6263726985880362,-1.0793994351133864,-1.8637913780337323,-1.1797675446033284,-2.5144471896996534,-0.33961223058853185,-0.18224671794756397,-1.8363041013938293,1.2784015397973443,-2.203534115260112,0.3775622102002325,3.3362818501165554,1.8045647961940234,-3.3881194309141773,0.9163883631002092,1.4568163915395183,1.5303296450082544,1.4341035766739405,0.5141488832803365,-0.35544931926705103,-1.1524439122218453,-1.0925379997065834,-1.2136721491154712,5.605427195041062,0.045468460384314735,0.8960111942494171,0.25480489255600247,-1.3522641624753151,-0.4343585789432618,-1.3874233306722497,-0.7550331676427091,-1.5422315517068377,0.43586974636933773,-0.43285505751123443,-1.1308512017218286,-2.742879800847078,-1.310690746613603,-0.8949771374940787,-1.2457189273565978,-0.8600941826512944,-2.2906057519363467,-2.6109648905868585,-2.1376730641579353,-1.6002690871820335,-1.0339090730928364,-1.5472501533826482,-1.3789085109945132,-2.0122639386599026,-1.0507997852570656,-2.9704216496815485,-1.743974044423255,-1.8627963285541833,-1.071247717577636,-1.3365090652454525,-1.6148734473544477,-1.4558899389561184,-3.156053440959049,-1.8662622420274246,-0.20508389120030457,-1.6906167688200517,-1.668356971232917,-0.38887278382204293,-1.9531807690608374,-0.8151114806905513,0.08875224350166988,-2.3044194430347646,-1.456484058743678,0.014099118135499022,-0.9042570391618395,-0.7203442132179296,-2.4533123438352042,-0.030798379482757987,-0.6454142222007686,0.02936370359710594,-2.5469618688444067,-1.3420424548755703,-0.36825914042276,-1.5550127808812124,-0.19472458686395244,-1.087906928565978,-0.7235049007949935,-0.8079621955451266,-0.19011428234789873,-1.2526305993891862,1.129694300621591,-1.9964019171666223,-1.5668319347304838,-3.421389995163929,3.8255684347274785,-1.0231709856532312,-1.0598137006980275,1.0852890314544703,-1.304809598238656,-0.32341746799458204,0.11451613841273811,-1.2740227745006363,1.0695415045082586,0.924157850236051,1.3557263433022306,0.02174435922057416,-2.3249813381278286,1.1308018511958227,-0.49062689470398047,-0.9330986342525824,0.4155385870620041,-2.6542480233741834,0.13148876899346806,5.7923086603254665,-1.4947215126205033,-1.2058301575045483,-1.4555864125631706,-2.3570084316732935,-1.3317027362844347,1.6467018866774126,0.4705723721297277
55,-2.321389174687348,-2.2524304068843355,-0.9820113100022503,-1.3596722794733558,-1.6875270959155029,12.75261485340474,4.172169252109995,-0.1947484091092208,0.266398372483587,0.6814205353111102,-0.6660311623091248,1.2321130346265006,-0.3873562854140943,1.530231961309854,-1.0052907596078406,3.110911070626834,-0.986907101542304,-2.563832558313333,-1.3066318190357296,0.5728119028190838,1.3176741661305456,-2.5432113143771184,-2.498290522147258,-1.1478998584266433,-0.6023982130850487,-0.7209089159481334,-1.6249719577039643,-0.47605039987644204,-0.5989130667945739,-2.101945206711816,-2.895211850120889,-2.15024795646966,-2.6998072844931484,-2.7169259137548614,-1.9560216504073074,1.200106115310738,-1.072044846124227,-1.4951926974466203,1.8402860157250271,-2.84864914861168,-0.5257099505387361,2.7122975595960592,2.5109049698350776,-2.3095070575730734,2.290697762236146,0.34151614041761924,0.6600434397978638,2.1427729353272515,-0.3706075007873766,-0.09942106110931093,0.6665177166589409,-1.014372923565185,-2.7363816860161707,6.857498918876257,-0.7684397548387403,-0.9085735037639542,-2.4121196284346933,-0.8582143231377382,-2.5506181135326544,-0.8771737731623506,0.06559733669896728,-0.6593069858737373,-2.48474833076664,-1.7970236657846348,0.10028674653305014,-0.34194472497182815,-3.0866013394669345,-1.968808817014872,-0.4684009969205012,-2.326926339175029,-3.0336598631453033,-1.6976535702820252,-2.2212564010478157,-2.2933717196874657,-2.099124404526859,-2.283441668660746,-1.0076853599344873,-3.118860698094728,-1.8640317342348063,-2.493152000561434,-2.76453304428813,-1.2127956666327875,-1.3339091423501248,-1.7719636003715793,-2.7152574814425114,-1.0957077355314975,-2.3903240712230818,-2.0742107693995617,-1.0100296953044654,-2.263399161273002,-2.1763654488188635,-1.0450107925741725,-1.474807282141918,-0.90043200136564,-1.0017202430709924,-2.2675361017379316,-1.7979293925989865,0.6151117119661373,-0.8499663226291299,-2.401384383287233,-1.6671396468312834,-1.3312167911700588,-2.9595670648043377,-0.6979353024658081,-1.755354548223109,-1.1967512678228078,-2.0578427181225614,-2.1382621420753614,-1.6428555783684595,-2.3997446146256216,-1.3321510971971595,-1.6634107159765081,-0.5351819550687877,0.21733227395168386,-1.4847840175874207,3.1416828921271702,-2.48858705293027,-2.8614972892206425,3.5066841400339146,-0.82239596682754,-2.5221709660948606,1.4154082686476346,-0.5767118656546244,-1.632532838448692,3.280038355506412,-1.6089176986285973,0.43736860247252185,-0.09487472705145295,1.0105769915393343,-0.8451493688988576,-2.3600958995621144,-1.5349080667484514,-0.7857499852617,-1.1796180517021313,-2.3327963597005423,-1.2264164586997586,0.6791431578818474,5.745627496427517,-0.9223674038466392,-0.7906328564897334,-1.8278835775095919,-1.4581747616115184,-0.6102268304496483,-0.09614087918985925,-1.3991887792031465
56,-3.2897795673948136,-1.822381998506064,-2.0816853991147526,-2.873253351235072,-2.17825182482513,12.656466978989528,1.2800396697175076,1.7645815320972091,-0.30199777405215933,-0.2854672086138206,-1.4709371005639373,0.2661960284494068,-1.2042140252747313,1.0572998707130385,-1.4169294520970668,5.408462681868551,-0.943168204389255,-2.583452451243893,-0.12302720893891483,0.4678458693970772,0.1380352712109275,-2.114266681908804,-2.081901953671223,-1.5971235024400205,-3.2591234415896304,-1.4668880538130176,-2.1107709543943383,-2.6465512298482032,-1.5564968136515822,-2.4826421723970165,-2.722170836077007,-1.2657657554585513,-1.975160077642789,-1.8245908074163844,-1.2457194371394325,-0.5732679415851105,-2.0350226264775335,-0.9778228147043233,1.47240455451742,1.1885949915585523,-1.1798313422652362,-2.6891520386813097,-0.924687160963364,-3.2549111221837945,-1.3993278320229456,1.242848963765879,-2.14830871284133,-0.26882625351299805,-1.5780184635430294,-0.1209713909161727,0.9455716497303861,-3.4565280865681185,-3.2169682774901487,5.500225843742176,-2.6833034630582056,-3.591065509591314,-1.288044816123886,-3.4250504729146116,-3.42553312554206,-1.6622173868443388,-2.240772349949796,-0.4954581370773856,-3.5323957399867285,-2.6323136849290325,-3.2052395783903567,-0.7927277639405839,-1.9961103016294353,-1.5723820455079789,-0.689370152953853,-1.5680673885090726,-3.528296503639816,-3.5834969631417226,-2.218952607075284,-1.9040348369405815,-1.6031933556295968,-2.9117968455656937,-2.762610517771162,-2.7770138653201712,-2.1104839402007007,-3.112185969939562,-3.236822592045556,-2.4213402942263995,-2.4378319231533956,-2.937250293369203,-2.653042934903508,-2.1036339408216578,-2.7796213500363214,-1.8657672658437616,-1.7600972585525492,-1.8565426056241714,-2.43208264201449,-2.009907279729902,-2.6710428959013273,-3.0320872806449297,-1.3490010061680042,-0.8017433598318462,-1.1225328662815417,0.5541003594357443,-0.4958906856487244,-1.1163639891467394,-2.4607810119567763,0.35640620538138323,-0.9903400513509673,-0.6278123854565187,-0.7422399080893478,-1.1629355981386027,-2.157592479548422,-1.456509724044283,-2.080161273169309,-1.2725041894706095,-0.5670676609533303,-0.3860571865383893,-2.340904693846597,-1.4374694985315073,-1.4658247984413382,-2.6046807696413703,-3.325916317500066,-2.4214504749020564,1.0292610382782148,-1.9731739464827662,-3.3592332996394147,-1.0679449401000727,-1.9982111984418984,-2.1700147973909463,3.291379917604429,-3.366337833060807,0.18566230909893666,-0.19255322195830993,0.7686936731786067,-0.4891430020997878,-1.2358909143831776,-0.9570786373303108,0.051254019691373554,-1.2258880039603757,-0.7928031659404402,-2.9230619376331473,-1.6196283796040711,4.572171140177832,-1.3856282720963895,-1.6928902052095607,-0.9184437249668282,-2.359214294968059,-2.3226866667384707,0.32140476719719135,-1.7706497991541403
57,-3.2445102634544067,-4.096017926479442,-1.555336839644558,-3.864743890011977,-2.9968858790208968,6.803454055930058,3.1243774614831707,-0.8577027236122527,-2.478835744739545,-0.8985688445857505,-1.1267628728357517,-0.7827905200649404,-1.847477943732806,0.09044866167823346,-0.7383966940562099,5.589799383343454,-1.0165278439305196,-3.712760802899906,-0.10430430568978055,0.23169984079310668,0.42151203819454763,-2.3804296526778024,-2.74390589167178,-4.224160212645985,-1.3367668721086976,-2.2628083148306164,-1.8968935144095713,-3.0693400410731986,-2.345399608841327,-1.970735270642812,-2.7940077511266197,-3.099759497696447,-1.6017220326929738,-2.7704596741962337,-2.932554422226092,1.847788074440023,-0.5325229535377569,-2.930457844651822,-0.3957146151959705,-2.814164484269599,-3.1593631870483554,4.89195015181846,2.176837418615227,-2.548869355174088,0.8531715606475587,-0.9001212939570928,0.24691021543132363,2.6792941816356413,0.04168892205673691,-2.055060652006165,0.6827122647088464,-3.7778970739053306,-3.609221117058162,-0.8596950492056252,-2.357418688329139,-2.864684549070581,-2.1068321305073563,-3.052920943796542,-4.05403252796918,-1.6163763970590952,-2.9777343382102774,-1.700387270035161,-1.8902053128694454,-1.8862944058691027,-0.7031992280070378,-1.5409152414252718,-1.0862643200223085,-2.301874132729077,-3.9365205880669554,-2.6155456663018395,-3.9159093310761817,-3.5985529274204504,-3.539352088455399,-2.070099522359093,-2.8861419298726263,-4.020379232959668,-2.7206865721376814,-3.9207451497669186,-2.2145739679373175,-4.198431912825513,-3.248626121432056,-2.840733671229489,-2.785477599385942,-2.9021495878314845,-2.772079838779129,-2.022320677188934,-3.083483659826489,-3.5557746743399385,-1.8256348117822594,-2.2964632924911044,-2.723131830304952,-1.3457127223231606,-2.480512194677323,-1.040181159041342,-1.830393172512115,-2.8820360243718874,-3.053158909410814,-1.2082887697042686,-0.8282101293895567,-1.941475349880978,-3.7846618325593226,-2.7315640630103637,-3.214257004999451,-2.460222588674331,-2.7435354271448196,-1.784782017780524,-1.219988960623875,-0.746578952920677,-1.7956192090145318,-3.982148734983811,-2.175939249721215,-1.2322912732704583,-1.404445482233903,0.17969611994792523,-3.2070599545715743,1.0361141565890755,-2.7477730828379956,-3.8480128112997996,2.001303727822331,-0.9839583524245552,-1.4428092698602875,-0.8986316961273326,-1.7987923338863954,-1.7064693866122613,2.8383616308614092,-3.831107331944224,-1.4228118174395286,0.15879072606797484,-0.36144204354668674,-2.3983275590415243,-1.8258458793630679,-1.5262922902594696,-1.3111649143853923,-1.2274601817675588,-2.9699960279530764,-2.6722886358463525,-0.6749583428917849,6.432918292585006,-0.4163127261916717,-2.07348355244514,-1.8569796007639205,-3.4668007760895985,-2.2117511766867386,-0.040708135110664845,-2.962419030305866
58,-3.5171360021779776,-4.706190967269773,-3.9391787363924085,-4.3002078225700116,-4.4815271095508,7.051875575523908,-0.45988968642616807,1.7007586297114132,-3.0682673688819095,-1.4552953770008659,-1.7922158189122799,1.7688910065778725,-2.1777176823229647,-0.36003691834409485,-1.846604219322434,5.979134396073713,-2.267371079099629,-4.0568803747169975,-0.2671557139740186,-0.1968096397809731,-0.6479754756852062,-1.8125343316135247,-4.584770061851746,-2.889649962024855,-3.6469238404090625,-2.5626882473570793,-2.114289369420977,-1.4409306256698127,-4.424588644428357,-3.6831211757079396,-4.507699719816011,-3.444309357462332,-2.1904833689422367,-2.7790113001867187,-2.024503246824904,-1.1796287045217932,-2.272678692663159,-4.414493686705462,0.9666091766071774,-1.6408175951354873,-2.0392492396589503,1.482976744316956,1.6264545196153808,-3.838025535717952,-1.7416411911461922,-1.8038334771920568,-3.5942827144932035,3.0359711302263097,-0.802667538826745,-1.7144657738892009,-2.939521996025247,-2.8602425442966473,-2.146537436049663,3.0951298434123347,-1.7427043028362563,-4.2616864363887945,-4.405731939294284,-1.6442551535263141,-3.799451599896392,-3.370409044941906,-1.9638571256445365,-3.0187737984568157,-2.555460718107755,-2.9782669527829304,-3.974804623541302,-2.3748042431320435,-1.867133623026167,-2.066236976547585,-3.853659424750269,-2.5845689892486536,-3.3737103183950405,-2.971461372639983,-3.2073446521873965,-2.7201584824267395,-2.7574091030204997,-3.9501172253781167,-2.481959086999132,-3.930162694585575,-2.947742097355099,-3.981984551246864,-3.952794903875959,-2.39533461732214,-2.6659299470302957,-3.933183680938731,-4.547734223096175,-3.3288305336237105,-4.388587816142186,-4.093738074903383,-1.7929866538891734,-2.6167290298276966,-2.5073063251161525,-2.2543434730882717,-2.044181648345502,-2.9769799560995764,-3.236242656421171,-2.244803137492501,-3.363793609230295,-1.2168389118142016,-0.29634760822570927,-1.386238971339044,-2.947640517289936,-2.665830425271698,-3.187011003378635,-3.420329979936446,-3.7468720686693207,-4.412788993825441,-1.0278764514624195,-3.120532546120465,-4.2111211208769825,-3.4934320584414276,-0.19916315302607046,-3.9190643903253317,-4.666738302968669,-2.4643764195434947,-1.7361910489702777,-0.9852413044260206,-2.3332806458548876,-2.850681135605755,0.44293413822961714,-1.9222866379402952,-2.7449069057048137,0.5912777462078045,-1.89796353421504,-0.32081095552060246,5.716641877931206,-2.1916643938526996,-0.4358238397127083,-1.0884640863753448,-0.41059716922710754,-0.8839547660243463,-1.890647679442396,-1.4021994609407933,-1.501959485747711,-0.7638713807033701,-2.832074719714295,-2.2108309734492075,-2.3054486277392527,6.8230445446468515,-1.6835928826181297,-2.95684890102984,-2.5307822658412835,-3.1309177094169263,-0.7832762677761997,-0.8045768975947674,-3.512658495068094
59,-4.157222701582877,-3.741425671601349,-4.226011121122139,-2.9714859143254952,-4.701986560220706,8.2984536901171,2.407717806935098,1.1398270594741549,-1.041094035795541,-1.5175304483971153,-1.0649924034951335,-1.178012289824029,-2.795441193707026,-0.7069658063996223,-1.4564376229957776,5.510304494615992,-2.8590155568984543,-3.186148695034391,-1.496784551994717,-0.41096694074571527,-0.6540542415472708,-3.157330575260743,-2.416344450048299,-4.981545696620271,-2.5119757092184587,-3.76848731650218,-4.567227877556938,-2.0927544424525806,-3.9940055239043715,-2.5304644107956396,-2.9041833944938786,-4.952546913413292,-1.8759126743058192,-3.154420912050348,-2.154238990643048,-1.0032134459121873,-3.29271341101157,-0.63146266452069,-2.3853062314159224,-2.8163843327851126,-1.3392640456988314,4.872909612074055,1.1887174135800014,-1.0999819359453031,0.3339393458194513,-2.9291998765831098,-2.4846097661004,2.466602236226895,-0.8716807849422223,-0.7410020563825954,-1.4798422320487368,-2.8208656106392453,-1.9679380638662969,2.5089592113388663,-2.170046520399697,-3.7244321864308194,-2.550250619113629,-4.064503245483256,-2.892778155713365,-2.4296841273042715,-4.129924169887507,-3.4678165237152747,-2.061736680097614,-2.714751592099483,-2.719727905471178,-2.9669334650268318,-4.447409680834652,-4.225345303451502,-3.1813783125616215,-4.955122091250311,-3.564425442133338,-4.7130472254213185,-4.203975856184976,-3.4652507056058033,-3.7434163905695215,-4.735311768945473,-3.127824418341043,-4.554811906240577,-2.208015874750231,-4.124596792769786,-4.996687380316681,-2.644921321212406,-2.461250240316356,-4.121290857498636,-3.429598380053579,-3.052655390756129,-4.818418590160722,-4.241055621291212,-2.9822645448916423,-4.069558017494641,-2.7749742103736756,-3.4257231207754417,-3.718744412335184,-4.526407226956074,-1.2942951815914436,-2.3081701461135844,-1.868110153396279,-2.8092729456319825,-2.066040713311229,-4.456793255780828,-3.2762642993169755,-2.2076989347463463,-4.162345517574373,-1.1603677928446654,-2.834697548746738,-3.572689991402235,-3.1032659806464737,-1.7818754665806877,-3.783575027933152,-4.9877077742676805,-2.4867766367770483,-3.689975100758872,-4.866548695811495,-3.0288490218731243,-1.986561337098748,3.402157170304,-3.1674294533086123,-3.186159130586751,-0.7218360368065396,-2.3042170416366927,-3.862411394963831,-1.130559116108911,-1.927588564754536,-0.6270454790684812,3.43849961637432,-3.679155613213365,-1.0090359666908897,-0.513921618632466,-0.33208053519674907,-2.2715599853592097,-2.2437220565017593,-0.6475438526085644,-1.2211280600317485,-2.4125492575874974,-2.496987315440655,-3.3084575758173624,-2.415262857236218,5.944086850883897,-0.9179918300332721,-2.112771048270439,-3.0797510951695046,-2.170719870322685,-1.7720212660508383,-2.170111352372941,-2.583918977117036
60,-3.9981973455397464,-3.8603070670101927,-4.440662770831514,-3.261496215794905,-5.0547076930391315,7.993766117665753,-0.46653899171563307,1.227155966044799,-1.6126976823538937,-3.346328339916193,-0.5789617231511928,0.443988136878279,-1.9279075243292836,-0.842685929668028,-2.287606087128996,5.503113403157135,-2.1750869308038836,-3.673993403205733,-0.5367235478156245,-0.43644468656646507,-0.7808739061413466,-2.3072319236119623,-4.072048448027735,-2.6544421310288646,-3.3042513287045243,-4.000648109163529,-4.088421096657319,-4.308137394968886,-4.6195501288236915,-3.6888246347106812,-3.9278484885097744,-4.773340898630221,-3.5914822006665124,-4.34134839723052,-4.429967519099418,0.5988942671677613,-1.2292782015883188,-1.7269109646553504,-2.415646368329734,-3.0021009500612346,-3.9355443531185865,4.008437009483042,0.45348925906283544,-3.011500091891757,-0.2848479835760891,-1.9583512083818406,-4.295196586161649,3.5200822305521418,-3.7538765490454047,0.5432943402073032,-0.16344009167463103,-5.227118798571504,-3.2045253570487624,4.641118178666561,-4.676158415691893,-5.20156788013797,-4.968567954812255,-4.532657432749817,-3.742779445979566,-3.1028332084279295,-4.755073607101675,-3.788835386525977,-2.3227320857208555,-5.517981502658379,-3.076371777827951,-5.207651471053021,-4.48494164992767,-4.543652657910438,-5.173522494622254,-4.989982982911159,-4.023908071072178,-4.13312962744602,-3.0120639657916746,-3.2034020757797093,-3.7151394486695843,-4.490486930061262,-4.156612187624153,-5.21086056389667,-3.540015406086373,-4.726214491742702,-4.378543067790299,-3.614072514507801,-3.019698633161971,-4.310162631770662,-4.941550129236488,-2.912213520080466,-3.799426633542307,-3.5918288646079373,-2.676312629869936,-3.203516085702126,-4.213936573723636,-2.355685613714688,-3.152403072379136,-4.814683537176359,-2.295990649418742,-4.449948604131156,-3.7423361502224237,-1.481205740560383,-0.7385283262871152,-3.0305612531761352,-3.2507246466370745,-2.303185994530608,-2.932173355217938,-4.204169914556634,-4.139295175706723,-2.4089009385981948,-1.6936704398075413,-3.987936611173475,-3.3298974305756843,-2.441191564949978,-2.9177090875886806,-4.188580252137491,-3.115300413729947,-2.5178661295110514,-3.1797406966378334,-1.8156076914115888,-2.206885999668831,-2.825054927621155,-1.188141699817407,-3.305999869820157,-3.00442915876656,-2.0158311439873233,-0.7696719003785617,-0.8186903377902057,2.817730652627257,-3.8497178292337892,-1.8140007012660961,-2.6313786039432934,-1.8492336056129453,-2.904026326121546,-3.992709576818691,-2.8648643073785327,-2.600729527649598,-1.8208159135956108,-5.556159070062914,-4.393992142788438,-2.668528864268072,4.901681725715866,-0.8228999713372711,-3.47607258653781,-1.4600246655038465,-2.350522680038587,-2.9770483009671396,-2.628528200471851,-3.5198424372790287
61,-4.571920081177383,-3.9614824929489245,-3.0477630864178673,-4.155900855629149,-5.143401631046967,3.769855973225182,-1.170943242559256,0.16593514923004493,-2.9563867198419307,-3.3679322915037178,-0.22685028840214194,0.21331729148069778,-2.9203728011281727,-0.7422371567141506,-1.9507471415384254,4.034972082347937,-3.632183031759703,-4.869183950619092,-1.0598927147902666,-1.0340141369877045,-1.9634032532991357,-2.0340259422614855,-4.966698553700068,-3.4206127214271023,-2.3226147720261476,-5.141835789265101,-5.530721558127717,-3.2418136146778513,-3.8436502157257237,-2.4826436857108676,-4.002123237390941,-3.3783583431867696,-2.9089433049628717,-3.985071513763808,-3.5746695866094877,-3.5525317396467604,-4.569179968846662,-4.697794053234883,-2.0108428431752046,0.36042176091716005,-2.864088335974113,2.8470031300563923,-0.22726524081530242,-5.16084365314297,-2.4016139012771136,-0.5398727273922672,-2.7466469830727567,1.3046405940639607,-1.1750056067689019,-1.4038923009444924,-4.035128085271737,-3.9247458020570782,-3.2669540977945037,-3.8171420555455366,-3.7541190092960797,-2.5444513017901684,-2.6358545361048327,-4.299576612666225,-4.685102115965384,-3.610108407733227,-5.888112319953251,-4.791076617021605,-3.3356189970464993,-5.248949380362097,-3.620451220998555,-3.5030497758543033,-2.5809321977669195,-4.595395133798977,-4.906366105514729,-4.030150956212422,-5.149884230213609,-4.764678657624616,-3.958864552324641,-3.638613670509888,-3.8470412436890196,-4.902875532402283,-2.806849575300464,-4.907059622537929,-4.086879508719816,-4.824240773220005,-4.0826366643850855,-3.572088600384266,-3.13236863774842,-5.267061271846748,-4.970883975122035,-3.8770086326975326,-4.430008341076997,-4.4443116446723,-3.4887384007518736,-4.215538576042272,-3.9204600868328425,-4.0741884298239315,-4.198316254289099,-4.949431348106562,-3.3953084401469535,-4.226187015997718,-3.025147686933649,-2.918780372665993,-1.2494042542848467,-3.4756903971225555,-3.7434280074814184,-0.8466223052550084,-3.4359276865924278,-4.055597811101133,-4.518499374118233,-5.199842303011289,-2.6102588050882116,-1.738641604587238,-3.581046515657978,-3.2901924098360786,-3.821233931241558,-4.310357170199951,-2.930916475087676,-3.0426694696122483,-1.7808582774362574,0.5945949948849716,-3.358102212256491,-4.322565276792183,-0.6447277043090601,-2.1872813675906086,-3.9763873238083156,-2.281098941674555,-0.6506928617247105,-2.944089166877215,4.61626246790395,-3.026987941363596,-1.9140823845561192,-1.962930926873073,-2.2532408806475157,-2.5005500134297556,-4.865382870912735,-2.579169189620473,-2.2370478421349755,-2.4116986605888204,-5.969880608361992,-2.9804898066101604,-1.9635318961884696,7.892321497417803,-1.5692941320324885,-3.444004717720812,-2.4609192889655507,-4.112936852637701,-2.84782925177928,-1.7938144687070086,-3.4953958376061687
62,-5.027190979870129,-5.126032438643617,-3.8575678370975237,-5.136793987634053,-3.8564329466033684,4.121208882169828,0.8078927017392243,-2.8178598790874387,-1.2690510051383184,-3.120144781922323,-2.784363218158944,-2.210592495920676,-2.6711564527145635,-0.8404470266431181,-1.2476176760089988,6.182139100121331,-3.150196497759242,-4.415636929131518,-0.7917952100148529,-0.8571790014508951,-1.3595497456031682,-2.872682729111877,-4.965016367269703,-5.427776578462282,-2.3265543710287826,-2.9993726635534714,-5.192729789663133,-3.715920130069286,-4.2133348779305715,-2.25001423835123,-3.678473798969108,-3.178156864044634,-4.882633156027606,-2.7723720156638683,-2.842867693165176,-2.0172641446591264,-2.5266857419486577,-0.760322269418964,-3.2055762429371764,-2.444415640417702,-4.066455775815192,-0.0650416740981763,0.27631532437578965,-2.671083750875378,-3.8463015048884386,-4.105076316453758,-3.969738969052126,1.730906662196333,-2.362634737655115,-1.8370900566329036,-0.7990324875658219,-3.767304268710582,-5.098765486399169,-4.006980112627755,-2.8962634689649933,-2.8447110639807596,-5.119035644006283,-5.188038923631269,-3.33267968516145,-5.229159598245483,-3.0599423314260212,-3.294655709919153,-3.5366946127778602,-3.819795073238329,-5.756571124827912,-3.828092219225418,-3.6148254948713436,-5.926653059271435,-5.517490066286177,-2.8966837246782586,-4.575575424518032,-4.253080884844753,-3.5692996351566126,-3.49513108157189,-4.751717824778489,-6.217644068630926,-3.2895152998900734,-5.337626914958298,-3.1405806472114306,-5.3601055449658705,-4.886020725399225,-3.399009534079884,-4.323302950081537,-4.567649202032091,-4.580295080183214,-3.5447091596532845,-5.714519541231661,-5.1704107523265606,-3.1743117305313806,-5.152116888722402,-4.922016133805229,-3.4974278251634123,-4.397511220959393,-4.737486137298305,-3.254171561877839,-4.89084619081944,-1.653688663780685,-2.526175733274525,-2.9274189374602178,-3.140192438906694,-2.8294707279155515,-3.263188108640584,-3.571423526806514,-3.9984479411851206,-2.8162891106047256,-3.4518230664632403,-2.1162637870440264,-3.3733992582176935,-5.1993948252957916,-5.106916495308645,-2.6147461481601577,-3.7535454444755976,-5.48061000045751,-4.661942550995949,-2.8158745960263265,0.917366478185123,-3.3846500893256675,-2.9406361175707483,0.3135098105858003,-3.7066089922348135,-3.547804126940116,-2.349777489815363,-2.8872342979934755,-2.5383208481101867,2.1859233912881275,-3.7551653263780294,-2.2093874965675044,-2.806882071546916,-3.5018133612091558,-1.6676000241542654,-3.6498278598943283,-1.7488839548639352,-1.7309690262830322,-3.6434060893506017,-3.5587000734443905,-4.291781875903305,-2.2973098617893886,7.4267095890432095,-1.6154535047516836,-4.8595157219420875,-3.759758692681299,-2.881298938734954,-2.993018717484302,-1.2308867805901218,-3.6792401801073518
63,-4.665932818131202,-4.981658558199053,-5.272869931057695,-5.354491155846247,-5.502683488767773,10.170318676333261,0.7705001441998185,-2.853532608480644,-1.7694514413829325,-2.318155374706463,-1.233797124279671,-0.5742002781127424,-3.201916185645702,-1.9827220334592441,-1.2310997411527298,6.27165881188235,-3.6047288368412964,-4.744186316902503,-1.5939642205133544,-0.5586374521049982,-2.2309439499668016,-3.2310504451802524,-5.394617807701747,-5.657476231048562,-5.098648322778895,-4.126798301742914,-5.810933241241795,-3.8471562919971043,-4.471326645854764,-3.7738785297838175,-3.081033628175014,-5.543853210488687,-2.9457236476746926,-4.703196542071703,-2.931287664405713,-2.3806305008480364,-4.997458073121639,-4.077808440624597,-1.126188818455713,-1.9034429445442091,-0.10972582499058792,-0.3891006856877519,-2.439069110688127,-2.05149546741314,-2.69278977516446,-1.0740053376208722,-1.4386980975275137,1.105368085763746,-1.3551730985071244,-1.1374879831559555,-4.1918946455803265,-5.432968862339843,-6.086602917608048,-5.686579000054763,-3.7458572872318268,-5.230439732623307,-6.22089687641845,-4.51478384914882,-5.364279800276867,-5.451888602338085,-4.397608600419651,-6.155593968471802,-4.820141108000856,-5.811838798937302,-3.8189166509053645,-4.685448886460387,-6.371745626767562,-4.140690049131475,-4.912094965744959,-5.2559317971179516,-4.458407748223726,-5.138616507621595,-5.154872006411289,-3.463161603008265,-4.429192145528104,-4.883528727829159,-3.659107231719009,-6.15453074243209,-4.572299709476802,-4.410641174887926,-4.546462683498951,-4.92152462911288,-5.016565930768091,-4.458153804047216,-5.262726548425977,-3.058687735694599,-5.666748307785834,-5.498395998232569,-3.7567207658590114,-4.944689178329226,-4.861954107868214,-3.4336054458081327,-3.2221956623091432,-3.3246097436489928,-1.7860050085603003,-3.97668942936244,-3.83965553263489,-5.161110633715925,-1.1407452993778149,-3.5468415855762196,-3.5683234440018987,-1.3897264542008956,-5.29714284844206,-2.70034768319671,-3.003110261248003,-5.009773649547283,-1.9578117106040582,-3.2376025233932015,-3.033056218721803,-5.635675279222678,-2.8537428086285135,-4.0279427608395215,-5.489159285524156,-3.226213726035799,-2.909855728495436,2.1176747898063173,-3.3667723969763412,-4.215838424303169,1.228528944726935,-1.6847486814692956,-4.408147443205188,-1.527125163021611,-2.289879109643938,-2.584678537599643,7.088977700910289,-4.115063275013968,-2.1529629706656648,-1.6519098724688035,-3.2842741298940767,-1.7420480834026297,-4.419811969756184,-3.5054604791406794,-3.495212598044268,-3.6180339921134697,-5.334129765764246,-3.9219583018634454,-2.3886504385615748,9.272572009795049,-1.1008542991281698,-3.829049244428451,-2.611682938971817,-2.5033824238095037,-3.1895349672722295,-3.4868281279501168,-3.8459946158299925
64,-4.907572207379438,-4.233190264096587,-5.8033854012866115,-4.87699586962568,-4.771313342100017,6.982498610838178,-0.03575424761261292,-1.6421729297684808,-1.9991804904569057,-3.5099315816955574,-1.8190438696616913,-3.33127148033633,-3.1283424242737166,-2.817196246859013,-1.2814497132322102,5.132601904992977,-3.5461480900688627,-4.390279820814865,-1.8072133832412414,-0.9782174106673693,-2.7843295477171592,-3.1108473041638036,-6.1193174004830535,-3.9323945642577995,-3.195411796524122,-5.472864991521952,-3.827600036063668,-3.79413981427176,-6.082032316574645,-3.8748421936842625,-5.802373508436303,-5.930601735218064,-4.01253696832218,-5.181501016223635,-4.671394526167232,-0.0184062258391835,-2.3945179120088316,-3.6220480097278447,-4.333052105361765,-1.7987159181402337,-2.659566218822534,-2.9157854755238106,-0.3743348088989418,-3.2156439212295345,-3.1885489856739078,-2.865090687739607,-2.0743305274201838,2.3123593601268437,-4.24667176815645,-4.6144634109684635,-3.2687295605653564,-3.3427978413718415,-4.268925492649998,-2.3608595622274455,-4.494864955737946,-4.277737738609609,-3.1207817282846633,-5.540557970905863,-5.506642522815457,-6.360416212067697,-5.48170328441614,-4.02404104347935,-6.175580207024355,-3.431161127966546,-5.23874176331829,-4.89275325512657,-3.723308452133418,-3.4834526380529245,-5.9657374981778295,-4.800288356791602,-5.223847487826746,-4.49470067720251,-5.120084519441302,-4.491519145004235,-5.305117535434474,-6.182345476181444,-4.302587892584939,-4.875433462299115,-4.076105185830494,-4.998293084435529,-4.148031914509683,-3.9443679330212147,-4.323868479467991,-4.930278009588219,-4.165645358821742,-3.674462772437664,-5.349819803712803,-6.029100119733661,-4.25982965246477,-4.832323114203422,-5.143024688604841,-4.674187808412707,-4.5840028139697875,-4.361816865174352,-2.5761540204525466,-3.564456412652948,-3.4225085937611786,-4.9528618142265355,-2.740933883695388,-3.892012426130791,-3.814409004709418,-2.0773993614888715,-5.174932120836432,-4.622565571834445,-3.49174149063962,-4.864154126241816,-1.6520039229261902,-3.121835910944628,-3.1433875103184716,-4.355992267662284,-3.0690877820472684,-2.369373620508851,-4.6975773860140375,-4.915328918866572,-3.0161208356272313,2.3649197069194425,-5.01893910411437,-5.038247757055051,-1.5385997178688624,-3.388952543480876,-4.050583223547553,-1.7805056761596758,-1.2861310649861837,-2.4543217966369486,1.8835955052945117,-4.8426952525032405,-1.2137917124359827,-2.521837751131761,-2.5460936752828713,-2.8206964824377025,-4.555034249310907,-2.982293867197898,-2.6912093701425217,-3.15410526365297,-5.416526954234913,-5.221099551742889,-2.7897521171529363,9.757105067489523,-2.458319114428914,-3.562868768948502,-3.9714410711479426,-3.873121763256618,-1.0934370623910818,-3.115398520213695,-5.150863633358659
65,-5.316243821821414,-5.02759369226543,-4.520532987380357,-5.202979840954847,-4.56732731767514,5.571128522001174,-3.1816877837896143,-3.1166485453733395,-1.8279525503479026,-3.350565524406658,-2.6097325490889203,-2.2273103216215175,-3.9319315619864215,-2.3641092026942734,-1.4194823397103178,5.375544822023176,-4.447726478544431,-4.7337795427188185,-1.671555490978981,-1.4252967418071034,-3.4523373054743023,-2.79934559506458,-4.854272776235634,-3.4934786746339563,-5.453223141776638,-3.527443095432557,-5.712031608368449,-5.573763574491856,-4.750541917627553,-5.455504277677214,-5.940354450732643,-5.7080804290735,-5.225549521533556,-3.041911372303702,-3.8309988991962096,0.11612198313835975,-2.8547538203656853,-4.3689699336101615,-0.19508822210462906,-2.8098397298335147,-0.7420094383240508,-2.7133911872132295,-2.437367832213962,-4.607283314059879,-0.8884084855847529,-5.633073582570083,-4.839273533865933,4.043494356108174,-1.2797226021163306,-3.8433812639926903,-2.763121717034589,-3.2608790939312353,-6.042295987839931,-6.299443514674074,-4.7381732543147175,-3.6144661820832726,-5.598331854209679,-5.533462058697977,-4.410497444899786,-6.480375532493931,-5.305770293250455,-6.473099930682076,-4.2055299478833,-5.654849722644727,-6.132667929688275,-5.350752677394923,-5.396555118565926,-3.7690547556569984,-4.140631489542715,-4.790033668870667,-5.133036575528298,-5.090105754762469,-4.7899899633876135,-4.633111074831679,-5.319127634015653,-6.2837045982858815,-3.02721850935099,-6.0841516497220685,-5.2898889335992445,-5.437139256770337,-4.5667227200582055,-4.534886095012059,-5.1456351292777,-4.914796127791562,-5.318429131461939,-3.6389428218339908,-5.226271662268519,-4.921870969219774,-3.500342979486943,-5.691917828828987,-4.0999373134415205,-3.6421491595754754,-5.291875431173165,-3.123962309625385,-2.1659428571779094,-3.37149920815861,-2.37628140364253,-3.7088163224200192,-4.125448699520946,-3.8302417596927367,-4.5547462366937115,-4.061882235185975,-3.6324610484245867,-5.292931017382662,-5.084659939590061,-2.5597365404338133,-3.30736761303747,-2.9769354716970438,-5.663675824067122,-5.831857418584084,-3.2456123102865853,-3.963469485662245,-5.222992466710499,-3.469577101051281,-4.675890873477966,-0.35933719712696455,-5.864589236515805,-3.349236251851364,1.9671703265006268,-3.2280018766948557,-2.7939741618099494,-3.0456928103601424,-2.2335072005115366,-2.1019950985891107,4.150893751498598,-3.256474804613338,-2.4165227620791465,-3.2464762085550647,-4.116786005867402,-3.086981121269666,-2.8337901533073855,-3.2018066072949694,-3.6489530697478445,-2.8381268859290296,-5.7616323966598735,-4.540105857517646,-3.054706533741578,9.887827230891624,-1.2199258371868353,-4.548163134892862,-3.162024737507765,-2.792553076077735,-2.2696083986526703,-2.7128773201738756,-4.249700041622257
66,-5.0403418005105465,-4.7913774965268985,-4.832680866623622,-6.056777840242986,-5.0139575877075,6.480535664347512,-0.012133091973911991,-1.4335845078305778,-2.368954266704019,-0.9569642991908935,-3.0587888282055915,-3.192326889850677,-4.107702313616652,-2.984554332536095,-2.5935231975154855,5.4016524128411865,-3.6623860650868982,-4.572035692607487,-0.8780365480869692,-0.7156052390397565,-2.986452134289345,-2.0680663504000947,-3.5474208994722916,-6.0118929523582105,-5.079592490270308,-4.6601823697600455,-4.404412627949431,-4.937831784412685,-6.077631733494786,-5.408812622345767,-3.4642398476014833,-5.488722672975156,-4.363710860789915,-4.631635977639987,-5.061517065268349,-3.4990831611012503,-1.51052251969075,-2.9197206223550967,-4.0028771322527685,-1.2061019743817658,-2.251209673317578,-0.38609251920166177,-3.8018447850792794,-1.4723899664627527,-4.122473089111605,-2.7172066695173536,-4.689486685223167,5.643514935189561,-0.4216088460345091,-1.0804237308933384,-0.6683983079328235,-4.5966409029409085,-4.155519729509321,-5.946628429400698,-6.507051136225635,-5.52715812924885,-4.058183819176939,-5.824393411429903,-6.546970519182074,-6.033241107707989,-6.661075634271642,-6.180849164977387,-5.22061560339163,-3.647580560651763,-5.493021332026103,-6.355848978694262,-5.521651597802155,-4.172204315480907,-3.1757275947860557,-5.082364049171828,-4.710460597550863,-4.912947949524247,-4.7893275898619665,-4.75369999745552,-5.691043751520128,-6.7105098149971205,-4.482185714363209,-5.3829276604689476,-4.966936138079189,-4.925811290212294,-4.801202926002153,-4.86941749941796,-4.67933950012252,-5.085292284270991,-3.9266162926017434,-4.493295912617502,-4.486133301196096,-5.987302321512559,-4.9794523585645445,-5.13185845159923,-5.053619428177821,-4.985231162566438,-3.927642380437984,-4.958194015658935,-3.479626663039265,-5.172724393249584,-2.3010584588583827,-2.754642703993819,-4.013302567205275,-4.145931279492379,-2.9445120188219303,-1.3914567963950453,-4.751945343610565,-2.719524802830551,-3.2555554429307128,-5.040863019152253,-2.1004117995036786,-3.290593257744421,-4.796519129882549,-3.6406995215828344,-4.963508463419227,-4.024511032480694,-4.593669405228852,-4.757710689747306,-4.737438942053483,1.9264635600455584,-4.521316357658911,-3.8197535469107535,1.2451233991534267,-3.791274849772612,-4.888007576448639,-1.7632449943976094,-3.2520725543357587,-2.283952412464644,1.388798779014077,-4.447559935937503,-3.35525333681486,-2.338233529260745,-1.9098843664692944,-3.4085887796950063,-4.963498531050073,-4.1100106417769995,-2.5229244970692823,-2.7507908961564276,-5.733369886007866,-5.634534539256049,-3.1519408331915657,8.51467011427555,-2.6962112051625953,-5.386845929700799,-3.031409825355354,-3.018207388042712,-1.7830084017985361,-3.9207013119861935,-5.629023961426666
67,-4.968446955520823,-4.466843768333826,-4.753232192320841,-4.759978091172883,-6.59772335049081,2.2290719111585515,-3.5857567430819755,-3.3874246775581343,-4.658997003157397,-0.3875877844183817,0.2024214645959952,-1.7768200724677468,-4.214805173250721,-3.2579286478902425,-2.051430537463977,5.667092117124379,-4.7453843845578,-4.948898808266209,-1.3068486141287177,-1.2028165126268584,-2.5010758848155223,-1.634372538343721,-3.703173384067903,-4.749658677469002,-3.842933712473298,-4.2316308697467875,-4.64034982066764,-5.071532526713704,-3.7002444245905455,-3.553835691220722,-5.1736035781642205,-4.912243020719603,-3.8345770740605176,-5.585517313453302,-3.5719554958580764,-2.6323985420405096,-3.095762712260689,-2.015198812498716,-3.332080082058617,-1.4180089786344552,-3.208012033802092,2.4934015822508027,-3.535274518265476,-4.630708334575352,-4.305374125058087,-2.274347391494372,-5.0411431393754915,2.9910480428973805,-0.2491564459214599,-5.168820158552197,-0.7486803480088069,-4.6107781521206395,-6.648561439174901,-0.07370126972572422,-6.206008290695349,-4.46367939190095,-6.226327606501772,-4.5321301036316655,-5.276447493700269,-6.528214757091946,-4.267432488229821,-5.9255609569352155,-4.974717557762006,-6.3429524516111275,-6.522598027399751,-6.069098181325585,-4.97690269384638,-4.987104729608845,-5.684618970435178,-6.453914578585204,-5.835308328753882,-5.797154368587046,-4.421443686684051,-3.6213987753862398,-4.983078868548639,-5.735227034160655,-3.742077973005314,-5.396364501019559,-5.052511258230394,-5.164980846725987,-5.35321349705548,-4.47002968034775,-5.471257456577278,-4.565116407522719,-4.956592670446869,-4.835082534570334,-4.215096311090641,-5.232808811416076,-5.031602678163446,-5.864858475892793,-5.255845355966838,-4.650744061069495,-3.3263192049368633,-3.6062631075655984,-3.7358300666796715,-3.881816245755155,-1.8017900765727677,-5.389474463904663,-2.8393582575858183,-6.015509503599083,-4.237558314247982,-3.1333502595394966,-4.587699666098778,-3.2443295833770738,-3.277415832099776,-5.121722027753268,-4.1254082309771825,-3.327833828381526,-5.078049778499194,-4.7646972763279845,-2.6779672408512405,-2.690581125115108,-4.765833101230044,-3.8079175455437,-5.726955757447217,-0.19936581692974364,-4.310076821448416,-4.795197111128931,1.1533807805478884,-1.7707169385587913,-2.6089007413591965,-2.4859080788155223,-0.7251236197368032,-2.20538494142635,1.9395119804091068,-4.2455224331069985,-3.174265716008097,-2.6286943401636274,-2.222861122652352,-2.6853152890866863,-3.597545101276377,-3.4756891879037006,-3.960042939516362,-3.2165190638352676,-5.5113255108219015,-5.274282673396681,-4.951098809285221,7.074518041941899,-3.079525933495178,-4.517718727508856,-2.7119236624604466,-4.164496735683875,-2.921733191003213,-3.124105093165548,-5.272239564195279
68,-4.4718816275322375,-5.494558455604869,-4.10794572330057,-5.481991494863548,-5.12257031553751,6.492289960092793,-1.4150971732621138,-1.3361247200372364,-5.210174504810942,-1.534299492655621,0.09535725241273729,-0.7706917683079153,-3.9629343836333937,-3.7538392259652853,-2.330397361716843,4.226149349251105,-4.081535887825962,-4.893101675970684,-1.2178039634195525,-0.938697200101889,-3.8222877796723767,-1.2048800562064506,-3.901985575847567,-3.447124763464948,-3.4187124680490935,-4.433050563384392,-3.354815694432161,-3.8322186689713456,-4.2232564306626035,-5.332097633705635,-4.401690798172612,-5.468135360815099,-4.414934697646506,-3.141751298592962,-5.514932309043755,-3.37207936717667,-4.9041090230865345,-2.1329024689956544,-2.768841127014591,-1.2652185366292836,0.741655762646479,-3.193380691882691,-0.49971879909585626,-3.3339503880900305,-2.7396277401544866,-4.2078411480276285,-2.874065644415102,5.297803922685068,-0.9983922361921675,-3.0112061331793996,-3.218320811519824,-5.057263835335274,-5.498038488641926,1.8618836784124664,-3.242274319970425,-4.30564239091272,-4.106900055360326,-4.825868568459373,-3.8689238796480736,-4.65961073716355,-5.607617776915022,-4.486122345712792,-4.306638080678557,-3.1937064927381376,-5.9239349341916245,-5.206962478945513,-6.776523029694827,-5.757510508475115,-4.223646255319378,-4.431418305257868,-5.127907014791766,-5.084656685786106,-3.7287778466360297,-4.190277571680831,-5.766632215684107,-6.536729126721584,-3.2114721102916475,-5.857880374158729,-5.48327320339662,-4.418726140110456,-3.901563238211595,-5.128496630445276,-4.66627582443016,-4.748938854358948,-4.2573173357005425,-3.7362828298950967,-4.745441841655619,-5.382542005571496,-5.031239173330541,-4.477847658740334,-4.76154870956986,-4.583127810419978,-4.204377446635258,-5.02554801986998,-2.847908991918288,-4.214811075084187,-3.005805787295661,-4.604060945487996,-2.289491828980915,-4.007371343705968,-2.4634367821791288,-1.3601225132761208,-4.447309466644818,-3.856024837829096,-2.5491708759764418,-5.173197012897171,-3.928189098607782,-4.241883433169257,-4.126647376442161,-3.347338523714486,-5.038006140813725,-3.7604935670648807,-5.382854754779226,-5.554127383858041,-2.8817704151533987,-5.095241342574895,-4.596923717386916,-4.523650649783369,0.5923462015920258,-3.3619576209127535,-4.627851096348539,-1.4784211001309489,-1.6416712978046442,-1.0963939538727017,2.782304642823754,-4.891847595581904,-1.201739668653862,-3.397302444161485,-2.319338926393292,-3.0710705080301315,-4.755809603106553,-4.484533178184082,-3.153042001642298,-3.1633188231524407,-6.7895543059273225,-3.7402221218822738,-3.0577723174251794,9.430407942102827,-2.9845307433182797,-4.6555754882725875,-1.7461222170603805,-3.0429225526168002,-2.3219834558891366,-3.536689501919499,-3.927148104609878
69,-4.534203190566139,-5.216343929861081,-4.975030389553258,-6.047693573093697,-6.36401843917871,3.1707379268712774,-3.5953126763931733,-2.0538863486838053,-3.7979066604472673,-1.0253108375919147,-2.5172039678564224,-4.2221617245398075,-5.232077716581127,-3.2823994808256503,-1.738248614911442,5.5722824955744406,-4.66442582990345,-4.95934113765417,-1.474047990330886,-1.634904986522778,-2.7724978666716775,-1.8039753718952913,-4.907884546998606,-3.3494783702959925,-4.06010092793396,-3.943113716692613,-3.5738228424675027,-5.467819199866368,-4.198277537446875,-5.185061800434804,-3.7123752402555494,-4.787774469685605,-3.250830423450285,-4.400335159911361,-3.9736025347110733,-1.246166154143196,-3.691706110666343,-3.9196695565544593,-2.923130443464008,-1.6486875433303436,-2.4582818441761978,5.1248313885026615,-1.3323766945412885,-0.2964442278039323,-3.3549919876951266,-2.302265824726657,-4.308283875934558,6.679181585931325,-1.0996946620387837,-2.511987386725079,-1.5639364338709192,-5.91028599387756,-4.88578605454765,2.5081361186829767,-5.763781826196205,-6.37386267852208,-5.717861655087098,-5.464979663532584,-5.001300688142635,-3.039865955208571,-6.182858217280055,-4.023190590260489,-5.220228259410863,-5.07615678473866,-3.3990308981181143,-4.805870037758087,-3.5048471673080983,-5.34363511027458,-5.603068256745223,-4.570296248388649,-4.85057366784822,-4.52367588387319,-3.743914874916531,-3.5064642736656566,-5.018735212207961,-5.637284231493352,-3.578456866742669,-5.114130096827703,-3.9742861331451422,-3.87156050163761,-4.640301742170448,-4.5186474844302404,-4.554655082935396,-4.428554048906425,-4.830214095144982,-3.9771937683355794,-4.807843298147434,-5.347878756040598,-4.232923682715441,-4.374930103611416,-4.659490678046468,-4.750375396266747,-5.396158301354681,-5.239378860376348,-3.310241237819956,-4.375918015747883,-4.304419948331657,-3.490715045621709,-3.167705176020304,-5.370888047829039,-4.771288707814981,-3.264882087539233,-5.415919991130314,-3.5313439036881977,-3.4143388116876725,-3.1885705259220356,-1.978301757229063,-3.9069168437338853,-3.956390091663211,-3.087313374298578,-5.07190361189551,-3.3440544034479402,-3.606175365770753,-3.6670930485749054,-4.796391344726064,2.3783335207703997,-3.6505997716571974,-4.319095618126399,1.8252876110747067,-3.429618134580789,-3.829638112803059,-2.7009840475796243,-0.9500184552715556,-1.8767551566980682,6.150422169402867,-3.9420013766319686,-3.141262760514257,-1.0779993595115038,-2.10068378358602,-0.8529287022656562,-3.565450113186416,-3.7989241053943665,-4.188013362069125,-2.225886840250012,-3.571567007998751,-4.814319268768577,-5.367149020007593,8.915306467131348,-3.240342466332156,-5.578014646300879,-2.562453658881258,-3.28504308126541,-2.911766778274624,-2.0337334964178124,-5.197691558248253
70,-4.6483068476865075,-5.8414414547336175,-4.827722870879472,-6.1864865176636785,-5.171387762068414,-0.5134144564336383,-3.5509373114142244,-1.4770991399185989,-2.6560499660959156,-1.0161667773619691,0.30999126625201123,-2.720900590506303,-4.079201515587925,-3.553246630119762,-1.9746785331573178,3.8499343531931864,-4.14249756194951,-4.738924300810442,-1.413564129824728,-0.7355813650640064,-3.7506594288140214,-2.058623397858868,-5.156108084465963,-3.7034436975570215,-3.491366734242632,-4.408047929686619,-4.841241691505825,-6.140212711514125,-4.574763781598532,-5.189518713622795,-4.485000363788323,-4.454220531501032,-5.121369335350064,-4.937814761704382,-5.60563498658484,-0.430656304802874,-3.3321118450279923,-2.8268944061764847,-2.299539449804152,-0.936848147650533,-0.25770801315614467,-1.269451191921322,-0.6222968186489823,-0.24162820565061827,-2.2088431175400274,-2.6673782163869246,-4.532456794288885,1.968004252245575,-1.1736921903408626,-5.284014315889152,-3.510835452975947,-4.577507570223654,-4.908667218435932,-0.7120413952733271,-3.7747240950171776,-3.5527753069520513,-4.194356761062014,-4.524596808542862,-4.496424929097487,-5.943974006706589,-3.9712614185379405,-5.724771907517126,-4.782405839985672,-4.805317172529441,-3.3118286202786664,-3.7764382041623663,-3.2881306941131587,-5.238781720419681,-5.223270997906267,-5.022599706575785,-4.448271875700209,-4.874744815526474,-4.074712985650028,-3.510856127462395,-4.553477478638711,-6.288780867719354,-4.039662127013323,-5.027623492662778,-4.299862386951879,-4.8080645048969535,-3.936230314516732,-4.735050329995032,-4.934553895544692,-5.224292514125141,-4.687066518828776,-3.305242710294783,-4.592793842771002,-4.646231336938582,-4.864861097077041,-4.207292488228223,-5.598639310360541,-3.7352968982062325,-3.3841840777352865,-3.2695611161406406,-3.959090939178025,-4.872650082531104,-3.5505012166617806,-4.730529845210018,-3.0677004346100554,-4.4422305878355655,-4.244656154311793,-1.7864634628343072,-5.02895460185983,-5.243568071328252,-2.0134283518083222,-3.2622414552966523,-3.9904533748357305,-2.0969082824825764,-4.470247499026464,-4.0631121256798215,-3.1675899516739294,-5.085011181297166,-4.158512016377868,-4.837609438472568,-2.718745418580135,-4.0664264992849075,-6.122278171561845,-3.1581432869555206,-2.2884378654971,-1.2535198998331407,-4.532386524128859,-1.0701542809094602,-2.9472522033218573,-1.4188420495411072,7.287027595901801,-3.0333078565526312,-1.762638625793631,-2.872318819790915,-2.871329642300431,-1.7892815883914792,-2.3436665734608058,-2.548255097724202,-3.002947058425826,-2.524514933022867,-5.127268744082623,-4.166386460446374,-4.628590817067156,7.8840163596921355,-2.0308882759271834,-4.370730898597888,-2.7489995487641545,-2.9456422473031236,-1.2418952036881516,-2.2261578541621687,-5.590357118555434
71,-4.267408243279966,-4.036913261223316,-4.074826178543869,-5.6431884745863155,-4.771077069819004,2.3622965888782623,-3.7029435342242856,-3.4870004574805487,-2.551464287044361,-3.619725728773153,-2.632819339316021,-3.586414985602575,-5.238370333336652,-3.2045968787728465,-1.7439230165652981,4.571805510630017,-4.811529715662071,-3.749838518044484,-0.9139241925399664,-1.51643303331126,-3.6083671726066138,-1.0149662403914297,-4.463608568040167,-5.249101109810679,-3.7677639794729787,-5.034775534126455,-2.9809350522064695,-3.400561154844968,-5.6521329447909805,-4.864819966588083,-5.195627704100707,-5.419476311870688,-3.0728947478508886,-4.1370803157014215,-3.5953450257197437,0.055507931880539374,-3.702275080896169,0.03251433429358297,-2.4056937335509514,-3.0446128824513594,-0.5531693424537161,0.36030590815807617,0.2061800368112232,-3.3356190634240477,-3.549372058725219,-4.6279197042204725,-2.0914826899630046,3.9406670495991687,-1.389714919030061,-3.0059303537189437,-3.0424807642237166,-6.087353027685106,-3.0109442774120816,-1.2966129837233549,-5.944669799083638,-3.7584651318727054,-5.134787128713766,-4.2999143194114415,-3.2181357011193756,-4.420349828150788,-4.342631867963966,-2.9579345647897037,-5.656365383319207,-3.7303063856150196,-3.621212439289594,-5.154058992321524,-3.8634208631812457,-2.4193925940995027,-5.845037388028532,-4.2184637312075886,-4.935972333897638,-5.329190405117061,-3.3676574995370183,-3.228867875482611,-5.567636804478248,-5.887142854305764,-3.896687620942865,-5.294533499504672,-3.9760700718646667,-4.379251842036378,-3.98641886338524,-4.54563672454783,-5.222683632726693,-4.230991412210852,-3.8861665666286234,-3.7875738067727456,-4.277209440620492,-5.605665431995873,-3.9902349576960017,-4.878721536660032,-5.37222901930113,-4.123834605357051,-3.4133382859087327,-5.010685681718003,-3.582223055162221,-3.0173882889041046,-3.0058617896866933,-3.7100629595395085,-3.7430541568926925,-6.045323243426452,-2.3332628844145438,-3.35611100433848,-2.0483034871853314,-4.978722667787987,-4.023957009275426,-3.5661965024503104,-3.836426671674438,-3.6444325663844475,-2.9116105948865574,-2.8559967363593084,-4.415653734400926,-2.6851487774624596,-3.5968362426674862,-3.79176773606634,-4.120976358058639,-5.1359699988003324,-5.90950478585327,-3.5878978241821873,-1.9808101553426227,-1.038497359397026,-3.7937618234481847,-1.4760558669949084,-2.673999840428969,-1.5169220337230669,4.5103077322081155,-3.2867237631175463,-2.2265257146881154,-2.2860923826099255,-3.927272858956977,-1.5621271639053156,-4.340959436044076,-3.9246968452399202,-3.3838702246852694,-4.165321563678392,-3.867947169900091,-2.92781264740205,-4.875952167912106,8.654540675306393,-2.9037525804775477,-4.2397298669101335,-2.849303761597264,-2.887269659831383,-1.360804075594926,-2.534599566537983,-5.36592439909811
72,-4.279009981765188,-4.900041454740439,-5.391406110107559,-5.078949795937327,-4.652697053555678,7.431043776033011,-1.9558922102989271,-1.5548183643756888,-4.330298549636434,-2.2781241216645656,-2.2708132039947992,-4.787838357913225,-5.045825704311166,-3.0431637272479373,-1.5751279271250063,3.329931774277605,-4.388224411666491,-4.487452238104257,-0.9614812721697195,-1.70536690327768,-3.887286885571823,-1.632929712912045,-4.478688780697586,-4.228813294984974,-4.213030485125159,-3.159246412521831,-4.826654764952969,-4.58766026362187,-3.6602684888064854,-2.686387718024543,-2.5113712763147147,-4.6131325405673955,-4.106388232102974,-2.868951114229764,-3.175619912188001,-0.9304639629778215,-4.356668675003896,-1.9721054523266082,-3.368683169747647,1.2380458361297046,1.107076746201995,4.142913657752973,-2.863909635602173,0.3914280466090845,-0.7838293236524665,-4.128125273620529,-3.337972421815012,4.381594594522598,-0.6988596731482777,-3.6676621862557877,-1.1000685927086251,-4.26284744441543,-4.556991758472079,-2.874859641841557,-4.873300938797488,-5.5235297331160575,-3.835265625804409,-3.881210291296365,-2.979668958042748,-2.7807565837331762,-3.6733501643832964,-5.38910906433855,-4.8759679179571584,-4.7735906920779,-2.943526577228693,-4.6379822804122846,-5.732243314599902,-3.553584506072666,-2.4732309577575795,-4.360572623862224,-4.047797154150027,-4.410111881884465,-4.242899393313921,-3.1000713194130176,-5.800913347905403,-4.883200408230914,-2.235845202586109,-4.218156212498547,-4.592731746151726,-4.272278120724316,-3.8503591477902526,-4.621566368329457,-5.119488998879526,-5.184643611582791,-3.128553876963451,-4.207492860872818,-4.308790348277159,-5.166322951902994,-4.148116821563861,-4.83438093337604,-4.327894848324698,-3.3528386618156585,-4.2432668959402955,-3.563566371337325,-3.4909282126203576,-1.7480589276964533,-2.973502257183509,-3.9526345956500926,-2.3416903961762094,-5.969905974097189,-2.169752442957772,-2.4714988763284946,-2.618196347019885,-4.264301313504493,-2.5873252435741922,-3.648907767017972,-2.570282988854473,-3.0546504390460902,-4.149886361815867,-4.749644406824337,-4.904851665241957,-2.966095171551263,-3.686940571887251,-3.598114377230284,-2.5691357495906595,3.036630120200158,-3.6984078558397546,-1.5072512136377232,-0.4977605454594223,-0.4378010739974907,-2.1511107401057936,-2.6084980008256773,-1.6803485291197524,-2.100786797834997,6.992224102199281,-3.7332891711869305,-0.9848376784659294,-2.920078141601012,-1.9990017045845163,-2.4794611707945466,-3.589524547853056,-3.141078945678417,-4.335838631602671,-3.715742896519088,-4.072220598628551,-4.531907645688043,-4.807180904786292,8.780077454485655,-1.817922565853777,-4.983942987353661,-0.8483446533978198,-3.3030798780176007,-2.3652309677153185,-3.517795156896767,-5.0840632794040985
73,-4.012661479889496,-4.937429587912682,-5.05055172996602,-5.512007169128903,-4.900234165468054,6.599573712454596,-3.6162211189330113,-2.2535163875346305,-2.1440878136431256,-2.2579271424779557,-0.22450479210051832,-2.533250491026533,-3.7933794585852985,-4.211471852696078,-0.7514533315318437,2.5034665627448374,-4.01581980720986,-3.3898326050466974,-0.9727741388018522,-0.40051283892582945,-3.234790053521732,-0.7716916903790112,-4.2839608714798585,-2.9418786176457252,-2.5240818553029536,-3.0239633544952573,-4.569140734022493,-4.353811785837228,-4.183291029293273,-1.9718829639710531,-4.367523451084124,-3.688537971073819,-3.9359029023148753,-2.6052911611248386,-2.981207195967228,-1.8953663928514746,-3.462798328674448,0.2994428733355461,-3.674093277910936,0.18026094584866703,1.5989733169273204,-2.7577900226061427,-2.950388408558141,-1.298676777512093,-2.5700352188943105,-2.3519395764294924,-1.745207627671689,4.8530936778181575,-0.15020423740189015,-4.879485232763154,-1.5729682578159212,-4.370557685536296,-2.5423988590716986,-3.2438268856210333,-4.656421943390596,-4.399365509585221,-2.609362194682616,-2.9332897673394585,-3.5266232058974327,-5.232241440402052,-2.812218890267853,-3.4593058994261185,-3.132484887654806,-5.282661722608271,-2.005787225765041,-3.2487461439614904,-3.2098170454030024,-3.3285254897804037,-4.426723809984372,-3.767447792070642,-3.89265989589628,-4.676694013433796,-2.833713392835211,-2.7828612502639762,-4.313776204123364,-4.7310940684941745,-2.327578921771024,-5.286642090044991,-4.5371840061002295,-2.8806633970371154,-3.9185537304545557,-3.3477518183104777,-5.475870799411882,-4.679816638851266,-3.7609504332722636,-2.7340177623079356,-3.1160692823889375,-4.435454030534103,-3.4972884428217226,-3.846859576366403,-3.7923149769424453,-3.6504240864214417,-3.983008506273669,-3.4459247358557907,-3.5349176014429884,-3.646520103499558,-3.6246861670459545,-3.380237474365087,-3.144932226338776,-3.08536831874388,-1.4244762176820056,-2.992116804141146,-1.9433015728343013,-2.1021912499415483,-1.0705324523066921,-3.9286435620734164,-2.812110082980279,-3.7880557875724783,-3.900091799439168,-3.264959263110306,-3.1576425663479957,-3.0935180000656297,-3.946556258016496,-4.8074945780742775,-2.761985900414378,-1.7794620880388892,-5.416875658555043,-3.1417520727050507,-0.34879985861160945,-0.3988529752247132,-2.938402203755294,-1.7739835066985814,-2.1868330075910016,-2.610250515858853,4.476644106255926,-2.6372197673176707,-1.070682553044922,-1.478156644715647,-2.1926658937440315,-1.0732291464711725,-1.901947050774782,-3.045161092701166,-2.842418229908153,-3.6085157454156542,-3.5235237622072066,-3.4269027282619837,-3.639522761705039,6.5763034398474165,-2.6903773152619426,-4.632192113680707,-1.7143450007034673,-1.3740243182558847,-1.0331075536173544,-2.1251914281392508,-4.861764229982933
74,-3.0989784561691294,-4.765583377940229,-3.8516905779067483,-4.963444473683047,-3.570155824908542,1.7366891770218147,-2.572382537882194,-1.267194317863031,-4.728934256982374,-0.8897036211711424,1.0264448562342632,-2.140598652847122,-4.8006638209521295,-3.801490464860165,-0.9351494423643101,3.5768340620812404,-4.24120395538433,-3.30166811876102,-0.7699060566717177,-1.0002466196411164,-3.802771131066488,-1.105004916420201,-3.0420691359041303,-3.2323254536453487,-3.5704660064831018,-3.9023321058499363,-1.844010673624226,-4.969355326391617,-4.071697456114842,-3.420907464289518,-2.4061258862296624,-4.4972181699439515,-2.7601362587094593,-1.534726181741346,-3.4633478580792243,-3.400986069249397,-2.496681922380792,1.2039082902111207,-3.7330717141050602,-0.7011950971356109,0.5548438414550083,6.307100782356558,-2.470943491501543,-1.1046082070194696,-4.171760891360759,-1.7583981345850872,-1.4985209736239895,4.340374779038312,-1.3907301844724331,-1.1358244760934912,0.4982726515335161,-2.7449137275015563,-4.507451594332397,0.2555038591181944,-2.465773950794752,-3.7206830334107615,-3.106592563505241,-1.6745287567502678,-4.106155784367789,-2.985954946306255,-3.736608806929114,-5.253924195720482,-2.9538843222822533,-2.5264810380458123,-4.052922717169532,-3.6945801393171234,-5.253622994293629,-4.5024888387397475,-3.5395096667529007,-2.9662563964493502,-3.091834118503505,-3.8948274410778287,-3.7414864014517413,-2.606321662870325,-4.394575603398935,-5.3350410510952,-3.3982883347715367,-4.841694999754757,-4.458047721245974,-3.532200691122113,-2.475006335831274,-3.4948722507270737,-4.54372619231445,-3.7318189061308153,-2.2412140687302418,-2.2766386601781714,-3.7806321637961435,-3.763965232714421,-3.9728324520113647,-4.289932168898744,-4.767130198152872,-4.130902625101436,-3.2060459280071356,-3.291941721012529,-2.183598841122465,-3.6718846677182198,-3.3540440501739575,-2.1722483530317573,-3.226538464930404,-3.9552046898590927,-3.254440329859936,-1.7578423447951528,-3.6140895947035085,-3.2017035154086253,-2.037797931399389,-0.701419342930663,-2.3161868576585594,-2.4459243761740863,-3.6083026048114766,-2.907268521336098,-3.0194914953958265,-1.7734744023606916,-2.9216518901597706,-4.101746700168882,-2.596236271604982,1.8772296887560227,-5.063198434008695,-2.0294124023686386,1.168953787473996,-1.3139105363430639,-1.1973478189011244,-2.2849191555781827,-2.14675975135869,-2.4925262755948348,3.1072085614401512,-3.370275700640476,-2.431582656675565,-1.8040934267172213,-1.5749432692359315,0.0725836921899643,-3.2602188676478923,-2.303460904358941,-1.498533317491665,-2.286749236058963,-2.820611209650415,-4.323656636086609,-2.8727690724050157,6.041208735940171,-0.40747283170658166,-3.2228860248729134,0.006644213476962424,-2.0484521755675233,-0.4209023653845585,-1.9634821632232353,-4.7607733051790495
75,-3.0628002923860675,-2.977406477455818,-2.713721914225297,-4.595667869306192,-4.7762778361552565,2.426150408161467,-1.3866088195567925,-0.8997526268698741,-3.678905323994595,-1.7011708710549331,0.7411189334514174,-4.218952585338584,-4.367618306249534,-3.0382984532426427,-0.43429715824534676,2.9735303223588776,-3.9738395640013016,-2.7473665758711237,0.4333734393985148,-1.053669355503604,-3.9141414233344642,-0.60682348943863,-3.8256380653725963,-1.5819841871957867,-2.8071552644375473,-2.269876001514624,-1.2424470210941037,-2.218446934348919,-4.00838930614785,-3.312253239823141,-0.9087450306186624,-3.4338651976767083,-2.784715964306809,-3.5765205444923356,-3.053898567227047,0.01698804179872937,-3.5618824099951967,0.5195971760165805,-2.687497780547279,-0.8976214752105458,1.176119703946787,-0.4298647624425742,0.7553323292165177,2.089503080616894,-3.0997430262471104,-3.6711964789089278,-1.3052386364817812,4.690934165992031,1.567462294725095,-0.024712228640575873,-0.9896253471945866,-3.8315522660369195,-1.9728220789239042,4.639955464091496,-4.687223336591423,-1.500111883697433,-4.833666352215678,-3.585528169586487,-2.920677211599303,-3.5077271336614686,-2.86278275459478,-1.860752719350664,-3.2631907609426563,-4.6648758138646045,-3.50528417439678,-3.5732515032511944,-2.993601181033039,-1.2846053162660267,-2.801249579513394,-3.476963675813107,-3.7963145065982737,-3.6430727203729316,-2.811161657979725,-3.6018988176070192,-4.848727506865717,-3.737476462712334,-2.1162855153347557,-4.442003865957305,-3.2773619136166836,-2.087910328677415,-1.6858011015334717,-4.027139252050626,-4.0614235695486265,-3.7004166246606247,-1.9660155898898588,-3.201078483751224,-2.174306588679384,-4.833382785915232,-3.7803115038279493,-3.009871081256506,-3.5463181614683683,-4.143950153937731,-2.1898557721063328,-4.584318604414649,-1.2737919770156534,-3.048104282536025,-1.6465469119007412,-2.042890331798914,-2.7462326082019466,-4.698582065624309,-1.3416086329904409,-2.4956136269411453,-1.0698778180878747,-1.8879845273060454,-0.6108521395550337,-2.3031933636090316,-0.3377056144627857,-2.9787185051147156,-3.40252983637334,-2.6224641598068343,-3.9252443954177503,-2.3367524404422024,-3.670303893267193,-4.411308163895806,-1.8516439329904286,-0.5110578099727876,-4.402588883539387,-1.0024204883866779,-1.1195310319560983,-1.069750847168274,-1.7576813339133437,-1.3268594435962975,0.21409410886540758,0.09782562722211852,6.4904477126309015,-0.9459921973474352,-0.9962482331578897,-1.6791464690106765,-2.0481581395995363,-0.6534128884944095,-0.9558738173316188,-1.481384160221829,-1.8130480251355496,-1.6828860145400015,-3.3512669181741614,-3.3529208250074474,-3.514580870133022,8.630847852559892,-0.465534605476003,-3.835079048523132,-0.8927290446448444,-2.8098501584746085,-0.9688262157359506,-1.4312311944699396,-4.159855965990643
76,-2.365712565732241,-1.8327830786041557,-4.070895604907657,-4.298940974954724,-3.0658126012637776,1.7042819710974766,-3.0918820284945676,-1.0002293310684496,-3.1475595465313617,-2.087135735926185,1.3293970922433247,-3.295650695889946,-3.4850387233376843,-3.7835921716755436,-0.7391634892839687,3.386440063338048,-3.3498009573705194,-1.7449399680974451,-0.6125201607586956,-0.6911550314578448,-3.212131878854186,-0.38030971157695087,-2.390128872265045,-3.1809950237825424,-1.6993316736007826,-3.0954095693847288,-1.3318902817670852,-3.8890234503863588,-3.5575178109135597,-1.5142447358101085,-0.8278116344879884,-3.6707711486129506,-3.2536287965296373,-3.045311548892144,-2.8424574691502267,0.10012462273235512,-2.599608348584638,1.577410945636998,-0.12860895062584277,-1.2503809004919155,-0.4076712576608157,7.46673201851496,-1.6824955180496628,1.40397080226251,-2.135677376664929,-0.5068619436212214,-3.0556968691661837,5.065074378977626,0.7582253593452566,-1.6626834689457088,0.4188830965667223,-1.730346051512043,-1.444248852466992,-2.8393549942573366,-4.278500814590501,-3.232676368614004,-2.1468541246626915,-2.243602940451451,-1.5882595128837642,-2.398377138523143,-2.479389661931105,-3.697157612671157,-2.9035271532829166,-3.217714412514105,-3.2246151150916775,-1.301721948942825,-4.101373749655525,-4.057610713706427,-3.0419712867056568,-2.490208308016795,-2.056855338158046,-3.142436012186397,-2.3151916085247537,-2.155373062427884,-4.46435843477671,-3.4987752518302253,-1.3109409169576922,-2.7736508023371202,-3.3834995436932394,-1.4855256998813493,-1.9100693564798417,-2.833224243446366,-4.079756616460585,-2.8397314842559362,-1.4014782959207575,-2.028992110227942,-1.6885112149791006,-3.851915272051077,-2.0247032178075832,-3.4335448517434486,-2.7375370869514475,-2.871414654641057,-2.6064940440628037,-3.580495209544384,-2.902982735498985,-2.3696616229787013,-1.9765898965262245,-1.5936934984478253,-2.3109073308703856,-4.60476897271789,-2.9194100695091434,-2.7254238243337676,-2.780765749193276,-1.5974623287458987,-1.379525048592135,-0.18367307702422409,-1.4180054282350887,-1.3919587369416893,-3.6731507320029926,-1.6398336937468438,-3.2472809940712235,-0.35613729677645756,-1.928229327386365,-4.002904503419174,-2.83293960619145,-1.9241258494345697,-2.001053341219414,0.00010247844595445699,-2.067909439800517,-1.5570559528219583,-0.9072617918501658,-1.6463015670468057,-1.333879172377416,-0.6565638206197375,6.383134044910648,-2.028003434592578,-1.8410441711256638,-0.24577823942871557,-1.7563780014127544,-1.085126493724423,-0.5647316542886411,-2.58700541333437,-1.2427517701230921,-0.9495904126194277,-4.248010090939671,-3.333385232908101,-2.354099140569632,6.872051406976201,-0.6680221984414025,-2.440232652301009,-0.05231381242403321,-0.8427363648286859,-0.15891867408536786,-1.768990521698673,-3.721470943150945
77,-1.9840147344398278,-2.4240544973056353,-3.197135936296647,-3.0488621440277353,-2.750691315526713,3.38540264670402,-4.13066792708833,-2.5053461225491716,-3.23248588120838,-2.4194267290212568,1.9974969956986448,-1.250257288957909,-3.0118879775423357,-3.703559699108961,-0.4499338314397723,2.462190705029137,-3.1022012330679356,-1.9455077561105574,-0.14798143894436794,-0.5101957210543763,-2.4962020180181543,-0.14541964518274209,-1.613545214911649,-2.732812478590678,-1.5179970916215375,-3.436407136631218,-1.7772691945841097,-2.088045860739597,-2.9367057872594717,-2.882930131519227,-0.6181065741059384,-1.5804436678209202,-1.856985969633947,-2.7795958863033396,-2.928607480213825,0.23176010211816145,-2.9412316304166732,-0.6544200066436154,0.3392646587611754,-1.2097147566955986,3.4395080835719143,0.16071266281442842,1.297203204559164,2.103229297609249,-1.3496397304192707,-1.1680011784741935,0.9547844795735623,2.4501815987832534,-1.3591890841073484,-2.758837309167048,0.09190427220631037,-2.999394181772058,-3.7838481261386407,-1.3137082020966178,-3.4694739949120996,-2.8395755639204188,-2.366470046707682,-3.1378508585062517,-2.157894880375095,-2.9385401073387394,-0.8548246258504033,-1.4880204387497975,-3.9001490292801804,-1.7543400734742698,-3.200109734318604,-2.4380573632415157,-0.8949914902464413,-3.624818854842985,-2.530669674060558,-2.619995310523765,-2.1760717908747353,-2.005195398014837,-2.2355213880372733,-1.75699920554633,-3.8183973041024126,-2.9674927325793528,-1.5256442775337957,-3.33398293748066,-3.262806273719582,-2.376473763515984,-2.0989951652985503,-3.3283885334478867,-3.6921911570366577,-2.9401859587821564,-1.0553558827980698,-2.4688983124750448,-0.974274545079594,-3.341595866066732,-2.7725872684289365,-3.0562862073819095,-3.485903650139949,-2.9676785788283127,-1.276366103251179,-3.0982760298508856,-1.6907745152955806,0.04337953234543912,-1.3601752712996535,-3.9611748846569155,-0.1666404997611286,-1.727308747497447,-0.30456385366736916,-2.29028005475109,-1.8551675673962458,-2.6493667143500708,-2.3433365799828763,0.2116445964959386,-1.8146201638966137,-1.282912254847789,-1.3388775039196625,-2.3890408967427437,-3.5976261159299856,-3.0506569175824234,-1.4772331833868448,-1.419170721740068,-3.046659352644879,-0.7268958909082213,-1.8852127843348616,-0.6722659928703307,2.1471132053131146,0.410107753079628,-0.5836055425000437,-1.4081289625057039,-0.5596135649650461,-0.31395614277471595,3.31396786389043,-1.177334520975546,0.3260642707143768,0.18503851947092187,-1.6170243096513552,-1.5478106582849678,-1.3398838476838462,-1.6092003177441907,-0.9128041711500772,-0.3303676292130606,-3.9786349426854017,-2.051336329922364,-3.432018481890369,6.905217924899798,0.08592254724232751,-1.8222763449612547,-0.11177116388615826,-0.9367018843345687,-0.26722753784714315,-1.192853605249586,-2.6256583611520985
78,-1.5015279491829392,-1.7652565420175856,-2.52536530400483,-2.576017081002928,-1.856282419026255,4.289074806934805,-4.055471366521313,-1.2520331184453353,-0.7707396037877836,0.4618662222620453,0.5636360510907138,-3.375220246347758,-3.166367216317031,-3.601195927622175,-0.5680907651799468,2.26006061534076,-3.4666203177595265,-2.0660798347069385,-0.11382246079537284,-0.647301390614752,-3.095133750412438,-0.006385384862465017,-0.6455296207447723,-0.24415195079172625,0.03567305226608797,-1.5445264871199225,-0.32173364389365,-1.1930877925446062,-2.6738971570741694,-0.08706636291004521,0.39674827399680757,-1.5918564743425057,-0.8313233699590832,-0.5059684795888066,-1.8367088765587982,-1.2367817139366768,-3.556789823950295,2.9514767771891126,0.16920040914762113,2.3292708472152155,1.5860567614297445,-1.3993148402674067,1.7916061106985839,1.2424622454333976,-0.6966931631305195,-1.2013433243820923,0.37107820107513234,2.7859434604780735,-1.309619312638109,-3.42001540389616,2.1316840609279324,0.0838372691817657,-1.3268911718367313,0.7088491689078849,-2.8967674074066103,-3.398623001342478,-1.7052836174303192,-2.1442775120162656,-2.6293462872306685,0.29878536022357993,-0.5444650110894451,-0.10416233906149941,-3.570418152523121,-2.8905477222870335,-1.130699871345119,0.03378153679228246,-2.410338726550968,-2.610382951053926,-2.2370467320752443,-0.21548788715961065,-1.991107593111198,-2.428015778146195,-1.3514754720195328,-1.4578845241839005,-2.1613118486212874,-2.26518535418167,-0.49106321025224164,-3.1017655140554226,-2.635218545811029,-1.5252556374881179,-1.1488376167350198,-1.676494942536652,-2.8350604562831045,-1.5882945666894759,-0.6367158178020278,-2.4051693801128144,-1.903876646475136,-2.8357296862350223,-1.9531107155916274,-2.4264928043999205,-3.405187079190805,-1.687366730879825,-1.096499183936165,-2.051203364506563,-1.8174324343459245,-1.945074118413808,-1.9696039393569933,-1.1558422853331614,0.29944535635725034,-2.915094937614309,-2.0908923509840065,-0.8265853207432099,0.6855087652195655,-1.9131901798515794,-1.9207295717084714,0.41598741768554626,-1.745866938365384,-1.8442524133217186,-2.6087102501242962,-1.3361046109415735,-1.4188278443306648,-0.2826013664944558,-2.8786550109606672,-0.7197605530346989,-1.2429938761191344,-1.1643474788211081,-2.6565717484333513,-0.09488563150535212,-0.36333637205064173,0.02267166718570235,-1.2726214194120655,-1.5046614000381755,0.85981351688475,-0.5944427960837695,5.801975206778557,0.5007944325608769,-0.18907867601238704,-0.9682631519653283,-0.9937532722412725,-1.2235737777249507,0.5767422540278593,-0.5361464252097963,-1.9511690869974543,-2.409804285680224,-3.2438822933880926,-2.427104181162285,-3.1452474676534976,5.592927393239398,-0.49757338426336495,-2.5286754859730753,1.3411705811911203,-1.3919457224820886,-0.7697380181927307,-1.0985308787810144,-1.6570922359929647
79,-1.4682651508997493,-1.6142615211665667,-0.841646958631515,-2.7946945301360886,-1.1516674427913942,2.713436430439568,-3.4715939424413955,-3.4714691442681156,-0.3011124000330061,1.6586360346471363,-0.2578718134795988,-1.8666123097559852,-3.4970602446644268,-3.7525111108534093,0.3961034877353643,0.11670627762881304,-3.1572407937443194,-1.7246221387866099,0.8604796475247755,-0.051161543005020516,-2.409038263086696,0.7842597756800144,-1.1320893203905216,-2.2271662800614096,-0.07413602037345157,-0.9250136118658725,-1.752893147932376,-3.1084977124307485,-0.45439431695805377,0.2930833315534054,0.5804793824013341,0.6046534056591941,0.02695737558650979,-2.1053872647077796,-0.5830170539679436,0.5376458052773625,-0.003978144676876738,-0.11838367771032621,-0.6492784266832676,2.807352212910197,3.139874648869795,-1.9305372064909767,2.178950173439779,1.9324881633238156,-0.22306555391657445,-0.8219900404883833,-1.5522740852284116,4.061446699857456,2.1822317456734446,-1.4677031532259288,0.5047272659057485,-0.3498211497967638,-2.424405073255289,0.2779072359857402,-1.5529484695057678,0.16876347417546,-2.750714250763691,-0.941843977960211,-0.5641343610488438,0.1372820541506803,0.4946428432523442,0.3921923160114966,-0.1378229706171208,-1.119727876790164,-1.2686259083993427,0.693649745382229,0.2906108518161008,-1.0719607306889982,-0.8687061471142332,-2.8055055330889727,-1.242980382801087,-0.9011759409385056,-1.894397364119864,-1.0417335135136234,-2.4832561117439296,-2.849670883195463,-0.9427871230248269,-2.57899735438352,-2.9872529610997858,-1.0309096736349033,-1.1858328581983621,-2.356163755303191,-3.023070680224406,-1.062563313309642,-0.5162164122625026,-1.4295706838761082,-0.4710677976215505,-2.2544852732590916,-1.3817812490123589,-2.151247647647665,-2.8034442345452106,-1.3242122002557173,-1.671503427401949,-2.9063987842636245,-0.10785452876332369,-0.7666303294400277,-0.42818114706061006,-1.4217776379384333,0.1853649128903312,-3.047926003403882,-1.388792859510998,0.04369632011368285,-0.02167376029105106,-1.629975645787768,-0.8592049708121665,-0.18620316486387423,-0.174408286198783,-1.2493642154468174,-0.7250467996588765,0.43274998576566137,-2.939106437896436,-1.659623674002694,-0.8117594116860078,-0.64109335918904,-2.0798389034820746,6.0497878842222,-3.188037685345738,-0.714424934644458,0.3964415336648961,1.6430287581683027,-0.8437122226452376,-0.7819340781597273,1.1353533542066647,-0.098619745207573,8.096235658042195,0.426715042933564,-0.06606038272268155,-0.9699451765360423,-1.2728671281484467,0.585133249139282,-1.2961032291072223,-0.5060893974575023,-0.8751402008674773,0.3975799690583268,-2.86910304608888,0.3176579225619611,-2.917923782571857,6.678567850586189,0.33685429503360975,-2.7322531712641966,1.710332264284828,-0.2229068919638093,-0.06045079870966341,-0.697703779574725,-1.522983406547508
80,-1.3231622032084693,-1.4215565002606283,-1.685860051143243,-1.4927472366268373,-1.5829427368500668,0.8642030282423487,-3.4601127334636117,-2.747982170469081,-1.02888279975372,1.0260257687925525,-0.18064104493491873,-3.7147082734172274,-1.9456871773757962,-2.979693297029643,-0.12106330835521412,1.4823105339338918,-1.5834895974795622,-1.2855250329205872,0.14883012093408654,-0.15083947071203285,-1.9604422454454478,1.0090605154673427,-0.04672695510685454,0.2480630299745208,-0.14150954493653822,-1.457145171374513,-1.040612055205789,-1.2014365659092714,-1.462229343335794,-1.7976050015892264,-1.0016070519587328,0.962038371159438,-1.560155476813419,-0.13434718081738528,-1.4246165394272077,-0.9995132288538582,-2.8010847229214684,3.4748057698459998,-2.2802982304034347,2.571360738411772,4.399521174775985,1.0433663818898276,-1.0421426155157492,4.022509027372131,1.2437394288852075,-0.14822566781213542,-1.5323558156461226,5.345528347723615,0.40745266525047863,-2.640274985421986,-0.08194439787841284,-0.940269971968108,-2.2126205552600675,1.4669299585593416,-1.1653598969802215,-1.8741409551868555,-1.687831041566933,0.48794962787790164,-1.5399237204746083,0.9702602499746966,-1.7512131062221306,-1.8075155469649773,-1.4701274895854795,-0.013907651214921657,-1.2011571199918665,-0.882252238776565,0.32410549026868996,1.1931683327398446,-0.5694207742168877,0.8117917736496927,-0.6909562607084929,-1.5497602045003718,-0.5940797409580127,-1.7386167078034331,-1.4518758580692908,-2.044130384633634,0.504317537693884,-0.9579831408775039,-1.5992026590666553,-0.8837864004003105,-0.6092813557726416,-1.774508593161945,-2.826163737305406,-1.540710337583675,-0.904484180971158,-1.1515733712421525,0.5498416858715853,-1.4015751156259342,-0.5209527807353305,-0.5654026376550538,-1.7763673927058206,-0.8352333220570032,1.053853180707888,-1.677409337897149,-0.2594352703464631,-0.31217595765640993,1.0675517715424654,-1.273846589437653,0.22824303176541316,-2.488522724892312,0.36823444673363115,-1.0872807398722788,0.03777195514502507,0.6476330599661932,-0.9684808264073709,-0.6871360700422482,0.34964044781930403,0.9773250236528237,0.697382509857932,0.7171934471247772,-2.5981165155257306,-1.6437682577825106,0.038026025033166544,-1.344606172712357,-1.0853624281199827,6.391940013133344,-0.21364266850778835,0.09812101652943461,-0.9540155887695839,1.5589314949079893,-0.833519414006602,-0.15447008915966798,-0.4679637625366796,-0.8905830692549166,3.750600262261137,-0.18841010599771568,0.5993367619326384,-0.050141589927856556,-1.8189127084883032,1.7159800548427382,0.5287285490825901,-1.8564989067171767,-0.2995830225520828,0.7042398925540965,-0.36714431052944674,-1.423029143006986,-2.3650404283326263,6.297901997561265,-0.9049038803690665,-0.650587897129399,0.15992395147465188,0.9043796614192572,-0.31448325397416277,-0.9131831944684816,-0.6804943313638443
81,-0.14436434076205973,-0.9229359308955236,-1.6589940897215816,-1.9368223805978977,-1.0023717683588778,-1.0175986302798883,-1.033293722299769,-0.18643585139099983,0.27034614556160186,2.529409260240014,3.6557491898194803,-1.2240082192935233,-1.7519213834152116,-2.8592707786320295,0.08633961100770121,-0.3729080434822364,-2.37469176019081,-0.5558853766383068,0.47676471282957616,-0.2677026840669393,-2.0431961222576054,1.2104260535212414,-0.6840448986082408,0.5948287632845446,0.05862595149608407,-1.6537333057783579,-0.9726633858285767,-1.2555030160158969,0.8779856822876799,0.3583047345877297,0.10071537176933987,-0.5529242952316008,0.09563321224544485,1.0393731442537733,0.8269155254287197,2.894528993932547,-1.6978451369213556,0.5733656066710792,0.38015141142937736,1.976701267721235,3.7441716663433455,-1.1151007614448925,1.8369021418576952,3.532435679788808,0.8734686090819714,0.9527251748541703,2.875391142918152,4.442880190916819,1.874610424179001,-2.140485302398832,0.15349478753028103,-0.08635154694296254,1.4772067691722945,-1.6889914844701543,0.24876824342114823,0.5980760512254251,-0.4649266713425164,1.3813815954462005,0.6794067396167898,-1.0253760759421024,1.311250166023354,-0.875363902466531,-1.2797728518217752,-0.6680220497418019,1.1988139052857916,1.5939938519136456,-1.3812985733437457,-0.6227554565225578,-0.3253931097184153,-0.6797992073132755,0.19273188095376437,0.2612003547363946,-0.9151405711345864,-1.1116393470141803,-1.6296299622118298,-1.4952420242594655,-0.3510577256726739,-0.6659479672208178,-1.665177167248099,-0.3340926376941796,1.0620255438964539,-1.5644558902087355,-2.114036273553885,-0.023788351329945945,0.43689546720121974,0.12417751000399257,0.6801397147404742,-0.8620127696489326,-0.9286149897876046,-1.2132795070723406,-2.103819873246505,-1.1084994916827167,0.5651856178187948,0.2531748206330948,0.6339198385703484,0.03386194110835394,1.6936331512050735,-0.09369072424993163,0.42862843354143765,-1.762554543500226,0.30505286737611637,0.675207701349035,0.40741361652141483,0.27106876419802983,0.2076414692619306,0.8391381817491841,-0.8195676711396502,1.2707089682798332,-1.1675465451556848,0.5201090523876277,-1.2268513210471528,-1.1488192444351575,-0.6554850176463682,0.3438434918721742,-0.9934895377944724,1.0057874897096672,-0.3623393740187868,0.7533683312758311,0.22573747164448021,1.0533587340343422,0.6918319484046549,0.10436002779038644,1.3359767701534526,0.031655710733189624,1.7785084148582497,1.1385014057398357,1.5192928193624726,0.9667165895191991,-0.7563802489300382,-0.2556615401784037,1.9833526890182354,-1.5459004731249557,-0.5324133356863456,-0.0481235690343611,1.0350929096713846,1.1006753711192094,-1.4349600664150048,6.377586630884764,1.5199492812800484,-1.6701650737386553,2.1349927719525077,-0.7016548294254081,-0.1752244748498717,-0.7431885139361047,-1.3708204097118892
82,0.30980680357499724,0.43433887965277895,-0.5602638572440296,-0.6453270721132184,-0.3487745764798854,-1.7702871983811668,-1.4031454352943364,0.641677715866054,-0.4144647143907636,0.8428493160230381,0.9512325737711902,-1.3026327092067866,-1.0992272774265714,-2.513045234155687,0.20422887518988087,1.5422321722003827,-1.7960738661846052,0.9511407919136801,1.1491654570592345,0.09786811365520132,-1.4727285562292503,2.2232279806024327,-0.1978555141474178,-0.157651165396948,1.5737094716312807,-0.5348272697364836,0.15518022194866887,-0.5257623730261058,-0.7719584609145019,-0.4638131003709215,2.160954848690804,0.2698654302499267,0.8056116643583358,-0.7792277115047633,0.013134074617095925,1.1854271783529997,0.7768778158605327,1.202561084498679,-1.1319915005137104,1.0750699670987132,3.443617759771472,5.774959459515216,1.1489521918482262,2.7616562827172135,1.534616178856247,-0.8020130549568644,0.8654934051899215,1.9824515741355668,4.411678811177295,-0.9149773016579651,2.8911837987294913,-1.0657762093804737,0.927234352418818,2.8821243524681694,0.8106356420101757,0.7235660920086648,-0.5439102736569336,0.15673155955287843,2.0673372814278563,0.6161657198714441,1.9762105229151552,2.1361552553112126,-1.0201249901375378,-0.36183263893470885,2.1936699661401593,1.701575979126145,1.9365389122580647,-0.7082599332132351,0.7308271920299698,1.7691919134809448,0.9342565325260288,-0.6774647533354362,0.8702604182437204,-0.6675994227363348,-1.684402214684365,-0.5144006099165898,-0.051303623610306215,0.25624274387625134,-0.48326241538505466,0.8362878936401809,0.5240534651682289,-0.23230714061426982,-0.9024252103929129,0.27700878742768054,0.335438858814641,0.30958182080683283,0.8404844371843339,-0.06270168887504535,-0.9542714448699381,0.2402056852868273,-0.13634317713741928,-1.1284313573863132,2.367853787483637,1.4019277227744524,2.1785294568779316,2.8918284487120274,2.277181805000186,-0.8260712161032719,1.5094574271177126,-1.6022906166602835,0.3572879596309422,2.1049297075351405,1.0861983779264133,-0.7691072062844436,2.6893944965127687,2.5780790303471983,1.9733958122269624,-0.5783320017765694,1.0606625056136871,2.133286718203947,-0.9760769653115031,-0.31382179422865136,0.28298632042279337,0.9555842274756761,0.03906768726781262,3.062216314948081,0.7924349385491731,1.7881103049656175,1.8589250950206067,1.6098944639836807,-0.06830595907945677,-0.20676567314387506,0.5511785262489082,0.41572913784326726,3.9886467676271398,0.9235716900578824,1.4367555065306281,0.6120989731153368,-0.25169972108218097,1.4949367273371739,0.17458702459252962,-0.8447159428328002,0.1353458059211261,0.10663864059417327,0.20169393771341015,0.9127950910956084,-1.1270461059590147,6.4711922809210325,1.7805194173703196,0.9936734091999493,2.3902554151983533,1.5619603141649785,0.6749025092760965,-1.4659106572461376,-0.35086494266165125
83,0.2718253797787724,1.437341228111487,0.7668208518650601,-0.4375372902848184,0.6308013995591442,-3.720182116859658,0.046594619086468114,0.06266808914137023,-0.5280847544159044,1.7357146379428237,3.6144140023590303,-1.0590562457875172,-1.7539896977510092,-2.8734068101033423,0.4478889139875631,-0.7610896930074376,-0.7502029653147434,1.3772356633439529,1.5998330734153368,0.4011068266793515,-1.2523285254498118,1.8360937311616878,2.1696332661434714,1.4712969362341968,1.3622934358572905,-0.22653063377226645,2.2518258720314726,1.2118222770224532,0.3206585832526456,1.9164826192752438,2.2956041320496126,2.124496039708882,2.0711399279261804,1.8118575942273742,0.5061816939253313,3.3990882062953016,0.7077674711242157,4.535628516442392,-0.8612435795196728,2.116537995783599,3.4435912513496625,6.000713251482448,1.3393080597769649,5.610019995670533,1.6290003964435205,1.242892420268145,-0.18231789006899807,1.921734632680936,2.9105798994711374,2.8600113643303757,2.8282835936418125,0.7250994811186675,2.7059936589552422,3.5949382457331542,2.669293039705526,1.0265422938557984,0.26373624366734516,1.0748745198080216,1.8325683414849574,0.5033234471000307,1.122080457002174,0.5423627981426733,2.2183030178203076,-0.3456950564605301,-0.38565969738422545,2.4500169510462957,2.954090280683471,0.2372470670481246,1.3781905663101852,1.7914150501386064,0.8558098835966905,1.3022385607739428,0.045675328229898976,-0.013605452416222796,0.328649196127224,0.507807496840518,0.9040412006026372,0.15330140126244696,-0.661614033316335,0.9828436389860671,2.1537104303175085,0.11864253064725994,-0.8864353366102979,0.4136144396110507,1.4480925490916308,0.5525470067926881,0.7371751112710505,-0.8034305162420349,0.716471961013468,-0.3224249131795496,-1.037754169012661,-0.9579844767358652,1.698109494333871,0.9350749757699315,1.8989037118875083,1.1171078247187163,1.3355305504716233,-0.6784865093032297,2.4797947064495975,0.489317400550912,1.2661517159072604,0.05204506481053933,0.2785444432929689,-0.2240984825018454,0.9498410940751327,0.6723228654539353,0.43849999999313405,1.8673620843104177,1.6716751357265025,1.304737044990007,1.6032965456378654,1.3935404089893144,2.268838444747212,0.6393894640822775,-0.2248471154527395,6.628439102049439,0.33821769237213783,2.026367315355697,2.144327406162239,2.8558429029426655,2.0751727810962546,0.37859423331639186,2.290196400827619,0.4455338103479185,6.366109598390668,3.020065027868328,-0.07919987685472457,0.4369080496431327,0.6460877859007674,2.521948687616144,0.6279530989815876,0.2487040752543903,0.20711200932026563,1.829922972766381,2.354831260258704,0.7021407479198298,-0.6707995148694976,4.172649577879325,1.1096171266025592,0.6767812607244268,1.9336514170657058,0.7406453578196767,0.7932836755406436,0.7245360195670767,0.20406294318749874
84,0.6059477412735071,2.5855113529673144,0.822450067753963,0.36312310569080986,0.7760248841107672,-3.084156184222871,-1.2364829192002853,1.8444327575279165,2.0679672939569778,0.7937910216346586,3.7889899183011533,0.48634413581635094,-0.6948698490561143,-1.717417545947316,1.228265351569748,0.18157874273471486,-0.11840655145149936,1.4106582159556922,1.104818064580507,0.07622870756156974,-1.3260021163040476,1.7550117649891523,0.47966979550034017,2.99775037588895,2.0477616272283417,0.31687623292715905,2.5279164161964216,0.49046094940338114,2.7548639338539362,1.8481127778921456,2.2930382957303808,2.406372203634594,0.05611150420966779,1.7658434811823827,1.9666680998447483,-0.17394284016991765,1.0295850627197396,3.4972209675223973,-0.549441365981941,2.5178688662276896,2.3602422990112095,6.539746477584201,0.2682485070480506,3.4044849783817046,0.8988830910140357,2.813914507802469,3.429699922799342,5.174507019165914,1.6469318107137447,1.1937848542959633,2.795662787310577,0.727928789081396,0.304182644344786,0.9376198037236021,0.9107659888982926,2.616492149676617,2.231817191481163,1.314243618017313,1.7118235046814225,0.6864925121515388,2.4630029315008866,0.32633516316431826,2.0628346134344215,0.7468059996601377,2.861729008750241,2.6361252655577947,1.8079023467580497,3.530396778121543,1.3507096733304464,3.1806774754749623,1.157472964402089,1.1831216209664484,0.5003727856641165,0.6582236058844244,-0.45506160820983066,1.6047314204265382,0.9366420986831463,1.4362051291696467,-0.7037651352445599,1.2773661412486996,2.2809143943277537,1.2894433436964876,-0.7029640993049756,1.039976946435312,2.1712161319272854,1.44028883762051,1.9507893870030286,0.656774504665326,0.9369051245329711,0.9482199162040634,-0.4931375241937201,0.8410127414726825,3.2047792930634977,1.9190827841602958,0.9550519630216125,2.748705459564735,0.8817411266643533,-0.1895236083210401,1.4957774813676556,0.12011120885564386,1.5122184722152547,2.441177485300711,1.2903663411300252,-0.11644246669853747,2.900910002192276,2.1631644031244432,2.5671009203520025,3.177279837219937,1.5334281071715208,1.9907406810329105,0.4848349359539892,0.7919380826218251,2.6622787633372567,-0.31925233314107093,0.5902713593715609,7.659268483987082,1.0048962065603038,3.282031407579054,-0.6346946226345229,3.076700736600163,2.543896536736896,1.5744983125071703,0.9266865779916202,2.6500339596782085,5.094978457853115,1.4006526217184478,1.4497453713203488,0.991899920843718,0.010295667801157538,1.34758375928577,2.653507976175157,1.907349309829215,1.582505416917731,1.3904517180385199,0.9629486550890465,1.373277791356128,-0.8484957269712106,4.5532197853549246,0.2815900679874872,1.7160140457499669,1.7980000010879975,1.2449808837589158,1.57914955509019,1.060943778999683,1.6749496983010834
85,1.4192547315138193,3.2237012767919744,1.9763847163447332,2.4651072973763677,1.76798919950578,-1.2250899326030273,-0.42418653685677654,0.0809998927332416,2.87051064356435,4.145184389823831,1.7407673343767935,0.8959725339615199,-0.432496452469176,-1.767818356434353,1.5494320577470553,-1.1321995703485053,0.19944738940794604,1.2902972155288253,2.007731379050473,0.5676057453351568,-0.45495197962337897,3.0089594312634653,3.180169373863852,3.1403832205770157,3.452456931135488,1.905704732462629,2.33478604851673,1.3609774902566052,1.962027111887962,2.9062029031020478,1.7875380276098718,3.0631987441983197,2.4486511776923985,2.4766286529140444,2.872870349717875,2.1336218345583875,0.6155082014626868,3.756516694859897,0.13441678084665076,2.9749876746009276,6.557028795494554,5.651073648032172,0.32504274314977766,5.441997390297462,1.6927839247329728,2.213180156125764,2.7122724793952235,5.869379865474388,1.8138499961251913,2.9761290816580708,4.932417606901824,2.090941700710604,1.8399427945507387,5.3697773866125695,1.2928741749255055,3.9641926295968477,1.3090559138713969,1.2083415960058137,3.7714045851822187,3.8328502772664694,2.2128055370526916,0.9654149353510831,2.4207068974775394,2.3366272324020403,2.7095548225313273,1.1111548551583807,3.569645222605296,3.0222444004681064,3.6806724961827246,3.6163645539742864,1.0896355535856563,2.1655061512133242,0.8556072183302759,1.4223208000390268,0.7541222582165267,1.3057227424878652,1.1308339928182678,1.9573498140637777,0.5564545829351856,1.6775758081307715,1.7205243502156862,1.8794285881241573,0.9727253768354267,1.1463825847152722,2.0552843143453026,1.4876194799201636,3.110816106597889,0.43064402845946936,1.6601186981926184,1.8812635340009671,0.8873330617567445,0.8745704726171909,3.8402834177541845,2.0620773861128154,3.207055729897816,4.168866555329088,0.9229348630250844,1.0703081562445338,0.5193395267517815,1.2754976858676885,2.892842966645066,1.6380472231570922,2.773112573797726,2.667869916197184,3.8302461502444416,3.2096233614290073,1.0562428611977868,2.404229010897817,3.3252542688843216,1.615141368346997,-0.06593139408442322,3.714301791437819,2.513349240969945,1.4991564751693032,1.7137023092908605,5.991139812721157,2.6501157455866657,3.7416069644273606,-0.10846126087232066,1.951896079742354,2.216339332273755,2.097384526518174,1.544249223374306,1.9488167804300098,2.717394851517036,2.0923695811885463,0.3246410606391888,2.81004228058214,0.8128082949939817,1.1418353114283137,2.785673237369988,1.0715096409842342,1.1008652224169486,2.5887500636920016,1.979635932424022,3.5156950378414353,1.2313996937321043,2.3729372881855504,2.0759116900048027,2.5760567982972735,3.5208059515383647,2.9056906234873194,2.0461791958846556,-0.007124685455367263,1.5664281245585596
86,1.9499959499693489,3.706111904728971,2.7032540526315403,1.999929103446504,1.8858370433461933,3.8965777923237646,-2.2353880154126973,2.0379264674467716,2.109862645981911,2.534130396157722,4.050012993998852,-0.5152152232730238,0.1399271405645277,-0.7244937991747487,1.6760115210555369,-1.2535340689904815,-0.12214448176945503,1.8251898441420906,1.1063748908184836,1.2268205308420526,-0.36687061495551454,3.1514236575018275,4.198163577802911,2.2644387256321066,1.3333992085147226,1.8207790821885599,2.3049931838407867,2.9050824974444405,2.101112469738668,3.367660038331113,4.321982924072211,4.2523999570517,2.9024972283649664,1.5835083531760286,3.3023505677802403,1.6310351861388803,0.8702514918188886,2.3926590058817965,-0.19358745910703962,5.508884828141166,6.646311505134887,10.100729729825748,2.157583187318699,3.9646416114876404,2.084701165551728,4.71440178486965,4.356333525828978,5.671734331434642,5.296878179544588,1.2600379915890465,5.354844022544447,2.622169119320601,4.375185613880383,7.621376217041027,4.019980164315799,2.124459984523414,4.36191857236254,3.345409537676562,4.082270414071141,3.8460474257972344,3.2691214757858043,1.6694212543252573,1.821340794573592,2.387469458132562,2.380152609663769,3.029175344222086,3.8376308384832742,3.269925460499118,4.186713086177347,4.548853240937537,2.646224082362097,1.5913328832565379,1.8885023004543435,1.9216130970287395,1.9050923999499263,2.5064217955433152,2.505369172898061,1.8749241120856188,1.4359762636299283,2.0272322820019384,3.2162972219756005,1.1641494420793612,1.1779275906021658,2.1506749644629126,2.6990802682976303,1.9128179192878167,2.88405912309332,2.373314207074495,0.7207631318924516,2.5213182139443484,0.7259713822815504,1.9235342470540877,1.6011898508215319,2.058872260844118,1.7735597925204658,3.0667474812996476,1.6352238013371891,2.0422747226682803,2.2057278969233653,0.7301097501961888,1.6902743596496015,2.435884971878748,3.8672509383241844,1.2060993976601244,2.4851516144380286,3.217222239036813,1.6082807693776473,2.037463521749248,2.619358311308371,1.8048247858132052,0.8727079841018696,2.4259597415624525,3.6866484992802797,1.766356438912228,3.3294087129876293,2.8137154964151723,1.3167660982206217,3.3812606153767204,0.5980696418583211,3.2688116239293423,1.9511507762831384,1.6022289211185357,2.3417581806585224,1.6781896259059277,1.9652412836848483,4.247586336090112,2.789243292295259,3.053743563318243,1.020788400837472,3.0133839378610503,3.6358081340728523,2.10405433635389,1.4514061362010695,1.6222841900210287,3.8793266619718754,3.3197101524774313,0.018598420966616236,0.3804954956968747,2.6418911901578976,3.0627701069248183,2.736652629914749,2.194179675959593,2.1916270236277966,1.5025988810049555,2.3435026167891975
87,2.0802133759616526,3.4408125493150736,2.890764420804355,3.2053856793935,2.59736502671597,-3.6276150039506616,0.017874742036234625,1.7773706345685345,1.3619886998225463,4.933201214563953,2.3872324300711414,0.24476012257361224,0.6007935143706326,-1.1569376051434408,1.5928285064730203,-1.886317726513345,1.2739799433179873,2.2336107417904523,1.1809858104844755,1.1187309348962413,-0.6162168065748848,3.779642300621129,3.3368106536310798,2.9875426467817547,1.9146393641213932,2.6967861237192636,4.789288519718587,2.854229469438985,4.143525622797024,2.1219621027908495,3.112358584581571,3.0046195751392273,2.040519666827105,3.757827931871436,4.2590530515957035,4.838226735510563,2.83080192942295,2.6900008394213697,4.463184955150353,5.497049377070112,3.980905090044186,8.766119949170355,0.7611757168769793,6.5943683531288935,3.9392683923069405,3.6533440141077507,5.500157700933923,4.780588811696931,5.562033749479713,3.6268123170102866,5.538722907477185,3.87297625192279,2.834437623926513,4.506009715031324,3.575726403646316,4.876089937347915,4.66441954369914,2.9262577418955766,2.180077777533284,2.9674998240846318,3.8297992736155106,2.5377540934622598,4.897019232006388,4.4788728417575,3.8247190427622995,3.562934943912765,2.5859379561758495,2.775686020316158,4.424040735865606,4.586961350803655,3.072565204860306,3.4204464789231395,2.307798237430391,2.0485295601589577,1.4381105168262727,2.9774011045074227,2.5298546168056046,2.0255836729746264,1.6246200294056885,3.736504231218124,4.074591018021102,2.9015003729202267,1.232240072684302,2.1405579523207034,3.1106372924781227,1.3652094109535684,4.132259309871174,2.0655501431425383,1.1366551531816997,2.861781940453114,1.9052115607085467,2.100733124127457,3.9076104191564967,1.7162970139520088,3.997077074460333,4.170865480514251,1.7547619287573835,2.537672000442818,4.15971247503821,4.26354697656188,3.714562986042041,1.4911913186271841,2.4982132632971563,3.4415056782900852,4.645155843274207,3.404530441894811,1.8403534071038015,2.4059375292764713,4.552892120247778,3.9455889307422716,1.2727796618292473,2.234994497287301,2.6445776729671135,1.750875379886096,4.132420344508854,9.67414927433338,2.037908677629381,2.913753783229268,2.99962916665259,3.7775399241287095,3.8074063342987117,1.3468323106742295,3.65979555803846,1.5931013666887377,7.607037862560006,3.3371898325883302,3.2903214389372843,1.545909635775999,0.6390696029420586,3.8335472029717,3.2183838785710823,1.2700742029006047,1.9044040397444033,2.096019529466015,3.7445112996458683,2.8193820536550436,1.7378537931963465,3.38965980514709,1.2572388423948704,3.8261096762151916,3.069073059135059,3.2953198273893567,2.815456265612375,0.7980616569863858,3.5223233191888266
88,3.108727765726016,4.879455040277435,1.9872915123419452,4.14176908021134,2.6364344099266934,-2.25644540125739,-1.2650440597953216,2.5596435562385915,3.268653182598296,3.33521327045732,4.118318996797978,0.38447117507993345,0.7395626362473451,-0.13904730226021855,2.3458596779166383,-1.0636568127196466,0.6531911050543703,3.1853744068963064,1.6300389945958895,0.31780318846861494,-0.08388869128504817,2.588146773442249,4.537153935001317,5.23220942633101,4.431478849681437,2.6456969666139485,3.5099530406928054,3.6463259234515517,3.877529837914779,3.258368096963281,3.0739765878686187,2.920675185583774,2.8024343546486836,3.1198210162432027,4.238805041039443,1.4697612920205272,2.811347200964058,3.79043468101991,0.47976717838188565,2.617542362372634,4.532816075958992,10.616723426196348,2.8417530037543073,5.082148430227917,4.832943982854057,2.005928239486742,5.408940948795999,2.82047998662658,3.635832191206365,4.699160605795996,3.9542358635104162,3.26568210438122,3.479034151284462,8.440410762191007,5.6396007084043625,3.5206882898679703,3.12069631771632,3.7893992275226487,5.485927109935095,4.110383785210672,3.1038206342212264,2.396123859551843,4.105249083581534,4.364456024195553,4.332075687745785,4.870606720395596,5.150600762047371,3.6367195424921324,5.577514234899831,5.901016262757382,2.940622440084011,3.599144903134448,2.3687382070830707,1.9690815354681606,2.1312785905710543,3.6581675973235988,2.2097250582939805,3.830782109584943,2.6341303988924962,3.089294534417454,3.3162147946714753,2.4928509040482614,2.4071803211184517,2.4762146680876924,4.127409339869777,2.1958463716359917,4.59419673353273,2.8224923694144683,1.7801205519068142,2.4870713559918833,2.8284092617905823,1.626709199156586,2.646437845270701,4.928108305121727,3.8707527275026186,2.84371137625219,3.6011523110055372,4.2089978244479465,3.989046089918112,4.820783443069153,3.658974839506371,2.136440664133226,2.794500184037226,4.203016974451143,3.188190947849405,4.186695934463877,2.83601062173695,5.256843474317521,4.61519318500458,5.085351604387679,2.226471944654212,4.8059865802956185,3.312733317554465,3.4632114762006467,1.8963395679622705,3.301170890859405,2.4526901896653444,5.757702834060602,0.30782603426615107,4.547107077952121,4.308977020408596,2.009167556515557,2.787856873478508,3.6407850296399684,3.5340016200360305,4.2390182340482445,3.306365322640022,3.6905365366892484,2.7413777217034774,3.9423933973875642,3.0668984455398047,1.8989854654741516,2.117722379274925,3.400631970277524,5.095651003130186,3.425642971523387,1.7329345700751497,0.2300092130713003,2.7804554571953104,2.8236157393498047,4.1644475244328065,3.9505030228945435,1.9272764601643257,2.6141646054312586,3.098982085604782
89,3.63193318236946,4.72470221673211,3.165986325544382,2.8144447024950607,2.986156483589321,-2.9736751517313516,-0.8499544997342233,2.3525356161298365,5.495988975049149,2.677999520023108,3.091503440072378,2.25583986992088,1.6063583468728977,-0.23514117254301625,2.395215775855608,-2.385194885787628,2.1781702140315975,4.396294064528625,2.3780363207498794,0.6734938552129478,0.5977083843693739,3.225733461508942,3.9093888422803973,3.089323721887055,5.08378453364039,4.841432042793944,4.09980228602863,4.415711917058404,4.154377275447386,2.7790778300442716,6.026234466098288,4.162074700600359,2.8843812590019393,4.773587228139599,4.913030045174227,5.979232527332359,5.997245566522125,4.118370981544794,3.676953427224588,5.728641841551644,6.668058208243605,8.429392614751414,3.953757398750634,5.970655399673533,5.046307589735885,3.689504399851472,6.628747223644383,5.671617871304191,5.544287361285917,3.190412111623141,6.65731980862232,3.6857632554271547,5.176665366968249,10.73736508296817,5.857089573734997,3.2016475129982966,3.54655122217126,3.3118906819517373,5.352833814111888,6.477770985450784,5.835788428705233,4.068145077547654,4.782010770922529,4.635814860533122,4.1855738066288195,6.064106393839445,5.3900520104350536,4.284917245245111,6.017916770575377,4.18606473178538,3.7994027487089066,3.7659041300472613,3.40032870607012,3.5987984255743326,3.3404315256995805,3.294183436196664,2.9342793446871824,3.4608787969659907,3.352942593471588,3.522724383671935,4.321297804255923,2.7700238191444337,3.01814889384422,3.1701331957308874,4.149063346221916,3.5203613719104982,4.237573089970203,2.8675973504086087,3.496966650571413,3.5077182804293403,2.7425381326338463,2.422044222043617,3.322365368586631,3.262600035415424,4.156458504914934,5.8581140554573725,5.014493677524886,4.3116054251828135,2.885163847642093,3.3693694034818846,3.5385680149590395,4.564507215187737,4.574021348392922,3.8027114769599866,3.8356507439263394,5.531246608418376,3.703470333411668,4.1053462820765585,3.986461867684834,5.597720602395062,2.398282312393703,4.990290435003818,5.5046706729423,2.988204820790666,4.171535506112759,7.410411736137929,3.0787913114018552,5.529402053667077,3.5356717980735817,4.405207385257898,4.504818335323698,3.0091133695025403,4.358894737886096,4.28993504321631,2.556240346832103,3.7809667887934024,2.2087581856688363,1.80596047174833,1.8420986953044918,3.9511094402415363,3.080133375190453,2.765383637196928,1.9197736644127952,2.2164681480960486,6.170260187914549,4.875738538324414,3.5971209127358934,-0.43842424450429673,3.044083328119947,4.40700153924818,5.130097937621539,3.920923069811887,3.093085398071561,3.257822891838164,4.561425478207113
90,3.4361999643942753,4.547442190113934,4.081521515887043,4.5728628468227,3.946014086216748,0.3353764663700032,1.470160905494013,3.209666915110427,4.224746759214199,3.383717647629027,5.014091393668206,1.766191235716707,1.6721824511515095,-0.016171560983337996,2.737987262636107,-2.7441500955594496,1.9688025365107575,4.269255521891097,2.629467008473765,1.569777355896329,0.7668883963306675,2.9429399193398917,4.008792870886093,4.061171398502389,3.098415976943585,5.811878794179805,4.8573250585709165,4.341984116825529,4.021757518655343,4.6438360372697876,4.859510118939583,6.241997868659777,3.1548621494261377,5.314495935379258,5.966117891520696,2.2597970206025213,5.411181084239907,4.785056280662321,4.0841275984223415,7.602275262440355,3.9264930814593924,4.566109043101583,2.278790696287997,6.472218380320608,5.8801267091618215,5.362272462765267,3.66156526566288,3.9861062640133516,4.3508746128191085,6.350857001365465,7.802899647403511,6.510014506530346,5.146411785672511,10.245381410154755,6.222894098360775,5.6733921922774435,5.769158355365665,3.573223338148835,5.739637237858103,4.336013362137143,5.89794333174523,6.715019635221297,4.482012928299337,6.645083409142167,5.694752425302693,6.87143327216377,5.427148473021213,4.109879269715548,3.9115934069860168,4.679689476595796,4.325184942592822,3.684214065782378,4.337668278776018,3.7866286485940783,4.309370228139587,4.521780662004278,3.5757829543892017,4.200864624242517,3.4506621168640117,4.9836532258092285,5.382787952549132,3.7210110930488356,3.049925496414918,3.660171248410818,5.228916326110007,3.8813473509769825,5.262050228883934,3.346159571320737,3.8975825630837493,3.8907063005112406,3.001506609238687,2.64131186459484,5.811651435968724,5.383169193677487,3.11952933959095,3.6851937086141744,2.795853182686079,2.5037367476710535,4.404790217549614,4.306438613085788,4.000196221619765,4.7558882781616685,5.162111189979232,3.540157565745517,6.676061967670586,4.2436933715949126,4.767293853599572,5.462427247005274,4.603510571025531,4.669738046188281,4.946585825556074,4.0516149300665525,4.9920607643040285,3.286154395468245,5.033541919552052,10.582916765212193,3.952711758738873,5.87750271468685,3.2286007298722925,5.172091064805372,4.3962462281798445,1.5027843268300902,2.924618290473483,2.099871346687449,3.5340055534252857,4.665059290759483,3.7431090962910707,2.565793304992943,3.05914596654861,4.825161370414371,5.056822624661297,4.284601842694501,3.155389233380211,4.5551788453054725,5.712241286642179,4.726461664139786,3.262505891651956,0.8542078506511328,3.2044824414656414,4.2852807268571285,3.9728699236904688,5.157417554531393,4.702322455636962,2.9304603332513564,4.058871163441512
91,4.438875726505287,5.295860519768031,3.9827902868715626,5.073526248645399,5.015235577373384,4.696702374858156,3.6347579967592973,1.6072837846614623,4.29342781691786,4.562494732717054,2.781687440058274,4.330441322221237,2.0780329854859705,0.9531119184545369,2.694055700454011,-2.418410930904524,2.068977816244972,4.071138003674597,1.5664604164865565,1.2523346027105307,1.7247598771516421,4.047927756109281,4.454332957838656,4.8698305603600875,3.6519527058279015,3.4760441582064523,6.4135911111162205,3.270091424200818,6.064936728477408,5.61391382522679,4.3996746472364485,5.914449454084296,5.651513021030286,6.173956157021456,5.809238991293708,5.1231587385412,3.599392434315305,7.449794175767875,4.923375642517489,7.202680787910751,5.436014830510225,4.1515824769652925,5.949225621304001,7.392750351306662,5.739531666524357,5.7298253326001,5.819045456527685,1.9934150759656917,4.7035829768860555,4.209500771890532,6.2474474912763975,5.991988665302138,5.606921459052025,7.749039846519261,5.876925956845552,6.583622508434946,4.752608998017407,6.074967034174408,5.319890486702432,4.856168953294308,5.785843528612025,6.993616459950615,7.284134819139957,6.8884900059530025,4.260451380105661,5.077769112640459,5.078514277863619,7.11113134555127,3.9841124033634556,4.913804028883554,4.747883435299832,4.460400367139264,4.399922700549357,3.7857250962596583,3.7413193264904785,5.449555313854299,3.595410440889877,4.1958399447438515,3.7689525208357333,5.598413041101592,5.235260490255552,3.892504841432602,2.859793312047365,5.026942018570908,4.3041325307398175,4.441351840564531,4.61091930254778,5.050538291460913,3.121927221057471,3.450766818823816,4.187672352289144,4.045933316488099,5.713539106697075,4.315369140519402,3.970353841852857,5.843022849928956,5.3963772807028505,3.295843540818605,5.445506088550342,5.599869185431773,4.822880903708625,5.548576900795368,5.19681647089924,4.572763563625804,5.151932491300517,6.082758665492838,5.0555535774547575,5.402946880610386,6.1792827829881025,5.427736669534899,4.030500191509085,6.456575945414931,6.945952997044063,5.444599554024885,3.9884136628716322,4.651581479985981,4.384485129896988,6.819879733563501,4.702644439255584,3.9918917300584034,4.836349317827505,2.4390206154062075,3.448544703373534,2.9533799581548332,7.098281858283162,6.587051775468854,2.4896188270362036,2.819058758506687,3.2828710643227357,3.396736166935938,5.713924882180295,3.127026096184502,4.3012571028466855,4.490558669417818,6.413382993743829,4.347921438550572,2.480604394289074,1.2765975278048751,2.5264391179699235,4.315851603978085,5.73889135366805,5.0873381749271305,3.2116250918592772,3.080700865105026,5.4116494905133745
92,4.600033992032476,5.545009288630996,5.599474180893591,5.673120850400416,4.751889348868177,-3.0180977665832684,1.3942010729797036,4.2307076865966735,6.307220664255205,5.099444118990666,5.0428362694318745,1.9773713875785985,2.9157211128396816,0.76676585708226,2.227136147667351,-2.5004724195681884,3.3884484759618516,4.363110381427907,2.497131180822345,1.5869388098802426,2.204386584679723,3.6824524161991175,5.066503169501873,5.793454043628875,4.358668284676406,5.936195281229631,6.285180810609192,6.416179005606132,6.457517693065597,4.3869076027058345,6.408186504357663,6.674956938608858,6.554692474833084,4.17839304361905,5.520182561725578,4.867524024432262,5.916882226149843,5.940039346454537,2.2451926312798847,6.1759280484734465,4.050811096673798,13.632370395047783,6.450918343497792,8.932653833729955,6.49168266913982,4.465751350079192,5.471496217636516,1.0228036362743778,5.721378575268605,4.24628013999618,4.497806071600172,7.364537614481428,5.45889410910992,9.923875537844246,7.3781572146542045,6.903216510694711,4.976449250242377,6.33503948650574,4.7689294880541135,5.3002559339075175,5.851753777901192,6.336494172577572,6.657152045229796,4.830241556705364,6.1997422325274,7.231348524798462,6.92282073800831,4.693101901997639,5.418706165718904,5.761598362150812,4.733483672040187,5.013463404784531,4.082006342592856,4.882831480320689,5.28718771269169,4.708220066620405,4.967681581286634,5.575904043307594,4.2543107835965115,4.621837677649172,5.972641179851138,3.5723514396568796,3.5319388096464315,5.408354659932087,4.531920228399618,3.2780924175364627,4.790343882767249,5.350550121413861,3.45642937103523,4.613144753191653,3.8500030587228147,3.3043850857228785,6.1007997294445335,5.302195346417839,6.417722977392848,4.2971038338103105,6.185797052765767,5.377559635649908,4.335457493683457,5.202720562265695,4.6485597792488065,3.2787115186654736,4.652332538751489,4.4282593097878635,5.0571054924501,7.493246555233938,5.6938605461381435,5.5559426798386955,5.136834677781822,4.637252148916585,3.6341546189929974,6.816748572235805,6.356960483173956,4.5175638280685515,4.823745657256572,7.768795481602976,5.352552554821296,5.200382580962416,4.763192651113192,5.506435205728313,4.0348374223799155,3.6252557349254326,4.807819353716182,2.691744799047902,1.8637319196165947,5.554854079040565,3.5096946170311636,2.8825931359028716,2.2471683856323255,3.7257127555591527,6.151642092643588,3.911718090752854,3.132339198290195,5.000505230184874,5.0283036511223385,4.45822956342781,3.1430734628613095,0.9776538149806111,4.6501521706272255,5.470833123099176,4.921294282904649,4.7619111892005215,4.386830207564013,3.9802387401089305,5.617195043617487
93,4.630785370926582,6.115920744974302,4.788700016277847,6.135518769146812,5.239769788574653,4.125902095788038,2.0010004398548618,5.0743019297719165,5.433387049896577,6.061289975153931,5.369965744432085,3.2715576133504234,3.551928029901448,1.4664217499582182,3.2631091991795413,-2.2487472161603295,3.4211487557328,5.1880217192311395,1.95155562823709,0.9793370954016698,2.315393705156714,4.263028471450999,7.365526277794746,6.289028035048904,5.338543770304801,6.263088194521741,6.501619311937658,4.198947434956609,6.684485360013155,5.823558185572871,6.9291702458305355,5.874946871979308,6.738934496374635,7.025240757249703,5.086931215850108,5.0095834037783495,5.398198216810956,7.211489653621896,5.232954380273695,7.541897842249082,6.914316801050155,14.12944800448156,5.424863914132731,7.236327060276837,4.002092201922222,6.767012196839605,5.696765654630189,4.064949378836572,7.536762069507944,7.4010147715630215,6.168359944234722,6.374857433262063,6.362735980053364,7.702058951666581,4.920370506378235,6.01035465856225,7.597511431029233,6.0863173280246095,8.018862751141867,7.40963973342113,6.766909171720684,5.085213277869292,8.327353244812363,6.472300257145168,5.755746141353647,6.86169054987443,8.309258934891751,5.5189088046575385,5.653277018126185,7.3140077246898425,5.134885577049207,4.776653339826419,4.370486431798339,5.307076498902603,4.639744534832564,6.463541105229026,4.180179844190764,6.247534706148501,4.317303446006141,5.621616545067849,6.276748340239584,5.025597626368067,5.104782201460109,5.750083031103858,6.151524543679866,4.75051553621208,6.3970289117557515,5.529285067193768,4.802281912385851,4.611081466486196,4.377878121655531,3.918682009990497,7.101012207706718,6.511714605313528,5.836000764327693,4.878708688600966,6.236982632721004,6.639868229213848,6.0779404068510505,6.52707912654529,6.347153542798624,4.9040541932462265,6.738177555719803,5.396551528934883,7.268293663677104,6.273957473587171,6.015238334356674,6.58767251528581,4.869087315156804,6.532973356511382,5.391100815937154,4.875554420229429,7.810371890934074,5.047599903382584,4.6231675593648225,12.413778369198713,7.086981565526935,6.694947265336621,2.513919910370422,4.614047598652226,4.1751211456372825,2.703792460817451,5.0617206236956225,3.7617722152460256,2.160015553065136,5.835276626919654,4.976699734019485,4.974667224032082,4.456525428574562,4.741750393979535,5.8785868399913115,4.958632528993174,4.899569902650693,5.7365397803014515,7.138942319550914,5.642814212500958,4.952706856414702,-3.894182921974455,3.866957604801666,5.572931795031828,5.658635724334301,4.323068667542505,3.4133655987049485,4.240787891408015,6.235416815669682
94,4.6569992815196,7.295179552623246,6.464646778206099,6.156961480614327,5.7115475039034465,-3.190413363357809,2.2038042585933892,5.274411766299783,4.692603792993992,6.070025769098946,4.111901251997757,5.712304932452403,3.6342102141518913,2.034548671182238,3.572282520624431,-3.445928220423676,3.7772745394600915,4.825227287368868,3.114818254849334,1.0602797539580353,2.2410535799223497,4.184728845944018,7.307586223513233,6.933008096500582,5.016276582343816,7.501726700944626,6.643303068007209,6.38870401344524,6.2228256263031465,5.2722814520435755,7.7990206604979395,7.858150886002523,5.007006670010502,6.696142702537598,6.884929860922143,6.355359431146692,8.570844893983292,5.419785442537056,5.798363082616437,8.183148281294978,6.036201941607055,10.406387662322693,2.845711044865621,7.588785399605465,3.7950955462504448,7.141408721431972,8.255833303397612,1.3862147214978924,7.53678911576819,4.665015051206306,6.5971469078298535,7.002040922550448,7.599219532581891,8.988299304041432,7.9163149745050045,7.946515116881077,7.6091287346520655,8.521061023194594,6.453068797691993,7.012539388516277,7.228772762606352,7.943589833246255,7.155681701921,7.658998483386835,6.537419224113024,8.478181781821345,7.804165946770631,6.744058109538567,5.67040059130865,6.212487273800753,6.269797366021722,5.860146384098824,6.0255502110161405,5.2575404221536886,5.5343844313557815,6.20998845707809,5.694000990849025,6.497993578660955,4.635035339647039,5.992577961471536,6.4385785882778555,5.294898031205884,5.11159800502783,5.935242593635033,6.104309597819826,4.170643879647152,5.890378567742445,5.318580526197109,3.926118015691511,4.849728774656947,4.4272155755256835,4.837421348265507,5.905900060379661,7.208616033313799,5.7110073109105715,5.815666157651767,4.396116568287729,4.817738916584087,3.5975629307569945,7.580259596156852,5.443381470241955,5.5604753568599765,7.192116562946643,4.380844851550955,7.242025712595794,5.066388950607187,5.49805171074307,4.64265907808696,6.597542013411979,7.067265528789154,5.3815773659573765,7.349119950740962,7.602920849891022,5.300050854947453,6.627792600090589,9.388926660006504,5.134662528695811,6.552391956474379,3.1539039821942163,5.818868380262024,5.193135984555587,2.5109811044707118,3.6286803582269487,3.5459596612709086,5.736155596646056,6.900040955629068,3.4202918511720335,3.685264060622057,4.640917368833939,5.396809870571827,6.554729164217694,5.313489879250589,4.704389763048784,3.7203438201717574,6.667766188617486,7.065792331399712,3.9055956604426503,-3.822464177852714,4.665124355879368,6.115588938159007,3.8918451914820524,5.053975276135367,4.58571871919426,4.832083946240189,6.445078073011121
95,5.398026709061805,6.834479168703179,5.484457721604677,5.473164809026958,7.290202173744772,0.05866636796134994,4.531704707922172,3.3671848232010255,5.623520447935155,6.946340294141171,6.963987731543002,5.420666891015714,4.743011152451911,3.0494919498772566,3.1361922759101364,-2.5525290263650664,4.545489218580691,5.09046123562488,2.0085390765871596,1.308886928275084,2.3553309163000646,4.465466471397974,6.093475519607125,5.761122769744374,5.896398779362671,6.909863433638678,7.963267963373131,6.001363500001348,7.010205251303648,4.776915712918295,5.608155398252839,7.625842526087919,6.934339914076483,5.308611909249444,5.657747466906997,6.856476473437835,6.571991845026428,8.976654169758923,5.678636011742896,8.478173602286805,5.984260645227483,11.464251248022375,6.947796465947432,7.159458846928414,6.4312497454949344,5.384863251579123,6.442781760076212,1.4926081655377437,6.558745779743152,5.256732534691858,5.381031409708858,6.5533409350336935,6.204835088290302,15.299105829365848,6.427549801597991,6.650797540013247,6.211353195903685,6.80516556921405,7.128753433834733,8.756225257197341,6.381387548973266,7.559789394858907,8.192901550572603,5.775264694078747,7.262657245388341,8.566493761368683,7.397633114514901,8.752273411981218,8.660505380499796,6.88294335321895,6.664656264618014,6.52319433099489,4.756200819456942,5.291105740795518,5.807415193869614,7.168416719941245,4.842103202873254,6.424787574032063,5.73663399963234,5.627115875274476,6.680760475625236,5.780046395213214,5.836398594160002,6.504687751036702,5.253489657615771,5.118294853218704,5.608307282007878,5.6568992617601825,4.969794972701671,5.345859402011271,5.120998148658496,4.5994588040234605,6.035676180043083,7.460210293855299,5.51084378612338,6.834797941085233,6.232625622824592,7.050530898096868,5.71448880918794,6.367698610089439,6.806562041073182,4.1073267856249895,5.59786495088772,5.870778063352996,7.774747374976554,8.074796402222841,5.176094376033763,4.719198981416743,6.5937015838366655,7.831891731980792,7.039675379530369,6.8161373652206,6.498072489013466,5.771530960640536,5.870919697516848,13.419103589196204,8.49286035470249,5.79034218474048,2.9303039786227876,4.3546991451839965,7.086077376515509,4.738879988879766,4.46959089247941,4.251397314087379,5.652231624662929,5.390471095595749,4.4730570864453,3.315782149347588,5.419749059579524,5.480456704528315,5.20649097544341,3.5528921284681796,3.627446714443477,5.29922260540097,8.526223712412147,6.807100232275843,5.900058108516546,-0.4733035289132683,3.987793367134705,6.288966947518209,4.678804557002764,4.507310120103867,5.046125039661712,5.444217826021413,6.835211934820352
96,5.276539235561524,6.105352384442461,5.903155465100469,6.591247915361023,8.001768724633235,-1.0463175995836742,3.1312623078296618,3.1523455479866205,6.202120569925071,4.421231659011502,4.994177473426761,3.053954969513386,4.250104256617581,2.5350887768067105,2.939471455724786,-3.569874873791456,3.917097791810867,5.445965248564447,2.304734519311233,2.5892748851252856,3.1895276782077637,4.110831536402975,8.319843181107405,7.275750953214406,7.554463194770829,6.7377889439413075,6.684366270577588,6.62308169636973,7.780433090669168,5.162171104068925,6.683820953046862,7.298311354360321,7.109101609315212,5.324529912664034,7.21115445735379,5.7803053396223545,7.261554934631759,6.539392862938585,6.626380327078514,7.813220999822361,7.880145922906941,9.895992715274819,7.613010282665314,7.509756419697888,8.140476092533994,5.762198403779559,5.21853283674109,4.15461075450343,8.228450754956896,4.223988718180718,4.642387139782659,8.837928427825073,6.392126367102962,8.206994548842374,8.699616361109285,6.315726138711058,9.240618447901344,7.855210273258775,6.545095526538275,6.382603145473144,7.810247873149751,8.784012089649313,6.222388435424962,7.160709419264491,8.005619904309393,8.98115459481083,8.604219563253595,9.440402812676949,8.675866898731385,7.212041821199572,6.717595951376579,6.052010096469042,5.845967366773507,5.442734757228736,6.7784843117196,6.639818295831711,4.948493889056601,6.829006228997805,6.131092190785687,5.977073046946523,6.2469248659118275,4.8948224837515495,6.278364998009653,6.348652371021666,5.785155520145528,5.027209494578951,5.821033582887353,6.09067647530158,5.938226899180279,6.6928693377260995,6.086324575651009,4.946328815635911,7.5929791676667975,7.309803881579315,6.556848057342637,6.641826255466954,5.935069933055204,4.737383274170798,6.300366102479554,6.363564461523709,5.005510469433884,6.7234126649934325,6.869267583108046,7.701648378426209,6.188538983089412,7.584270343789262,5.2077346614633555,7.8839122585085395,6.487302512358356,6.849594621348166,7.121773384134199,6.244739170480262,7.341186694146614,5.642102082085302,7.2078534874889915,12.524001664859002,6.643353856219323,5.828776026058686,4.437193405703514,4.410579824559181,5.870800849698363,3.7375890128081948,4.227057364982031,4.2733499094365595,4.678000012986559,7.289127363891835,3.7076985225804484,4.1794393124506675,4.905414784800216,5.271904501577485,6.619962322270976,4.015856821742162,4.592843224430629,5.443559822911791,7.441027380623336,5.55308496881628,5.788043122848804,-1.6759297573780096,3.474626100382,5.425119863886676,6.2835769226358735,6.737444679538974,4.495417785051438,5.820177790407697,7.0277039323563795
97,5.344699435066955,6.314572590515958,5.7150444095886375,7.0581010273444384,7.511028932705349,1.6408283037161944,5.866514834266653,5.655608848867287,7.796630199078998,4.688890532526757,4.176707036915467,5.366695733467969,5.114833954757096,3.7004874822289855,3.1902538102083344,-2.5842544016641256,4.602199894350143,5.408609864713816,2.049143759071454,2.319671109533441,4.0404247352611,4.184952451497316,8.22039667202814,6.589236786827504,5.660333509708649,7.80966993464461,6.5090228047668,6.555647043781242,8.563219511308423,6.462456499516031,7.461495856074013,6.934678747237619,7.940036386588101,6.023174291105372,7.296194985440701,4.692709156861173,6.2326360279654445,8.913757804092803,5.046899289817384,5.559781157978426,6.286177866680244,10.44888628250489,3.8887378845404426,9.44241355206541,8.238408817189889,7.195821990701495,7.115278160198721,0.8643504339424466,4.858994545103414,8.888027698588964,6.768764346083236,6.5354885800468745,9.185854656900107,6.487081477766743,8.004757843596558,6.821830284962413,6.649548384271591,6.292859742759943,6.580240120699593,8.552250542134184,9.789116228602555,6.757307406526863,9.022806248286207,8.105887265049645,8.610595881997332,7.310415183522851,6.488809614689189,7.742785882765319,7.77606422676294,9.496470999035337,6.98467783311926,7.225994929931072,5.176709665392019,6.260808098474022,5.5648456289393415,7.307324239516537,5.767843080553778,7.354380384656598,5.648143944559059,6.262220995432855,5.634300091831477,5.12026395470191,5.366564817183496,6.206693280468579,6.2005097388777966,4.576991587668043,6.696595318098424,7.097247437985093,4.83953358682633,6.756231282985961,6.590053979104273,4.722605216233209,5.9689221917496775,6.844434202189121,5.969968570715919,6.315277517602395,4.4797346428096025,7.676135794780873,7.072195644431684,7.123014732870014,5.491519508483714,4.495557672681685,7.766653278339613,7.864593528128349,8.252827435606553,8.53961216377069,4.497032483993479,5.898273892540372,5.857862771493573,8.083919913396967,7.8090172954923265,7.586912730905324,6.429623773807847,6.12050299101519,7.195892452035942,8.33892335964177,6.0706781486046975,7.6688866246080245,5.355360476961827,6.311293536568661,7.314339341009733,3.4692686866547398,4.326664312730121,4.010086677648502,5.493617294846796,5.560514969438498,5.552126984122353,3.8574313669777256,6.085823837832085,5.785237574459115,7.631296843296466,5.629821270091523,5.362420071332634,6.884686850517937,9.94580320301155,5.992694945186771,4.848311756461542,-5.2159119719241325,4.537928565466562,6.967004125058394,4.553446781240962,6.107666295014268,5.856463343857185,4.397793745091254,5.8898217221195495
98,5.730416130340467,6.665676037281829,7.831009657364035,7.700237581900621,6.892970293698155,5.7835951211735175,6.415705770225223,4.938230766382157,7.181265423690045,4.758466106532319,5.4516564238831755,4.073385287915864,5.299855694022046,3.200932727682485,3.998784018054422,-3.688073616077178,5.358887452112171,6.579411635498161,2.9342256860399223,2.481331014619007,3.1886970211742987,4.015878571098745,8.15125678247849,8.330581807729176,7.666773559036347,7.205844784721339,6.527952791945469,7.270453191838847,6.9921261356700475,6.547425183157425,6.25531166350399,6.745953570773324,6.8091189236712335,7.631800757088712,8.30822480563923,8.194395648404761,7.271088404980679,6.810226671073907,8.279905444997933,4.331709118707844,7.979866390392859,10.496952570615129,4.953295328731599,8.101496533540205,6.465238165542643,9.728318167422007,5.424110805624863,2.1427239756824483,5.394522362795121,8.897449182505467,8.410245665323037,9.630676832667351,7.39035149738412,11.579206173790077,8.72506531241103,7.1261905499945275,8.076482171015934,6.8852761157036095,6.93659420225021,7.007661800089064,6.826759438423218,9.364953842618489,8.34734648681717,9.879631212098225,6.314980164743948,9.353367064172277,6.933029348344959,6.565727845858234,7.736200931264016,6.9575915567260775,6.788759481316402,5.986345672549578,5.275611183615409,5.341237968966008,5.981499208147585,7.86621941545923,4.888470893333032,7.122781871734718,5.668677331122753,6.612691527309167,5.74461248975911,6.741032469795616,6.045546993158694,7.300868047437776,6.793632422658241,5.686797029375619,6.571079230871074,6.117857177748254,6.249983817589038,6.775619864849156,6.357421757532464,5.5062386334209155,8.08465462740498,9.039809864960299,6.989887476525258,7.944575504683003,6.53820172845699,5.909984770437839,6.413042652959142,9.063454601394833,7.224476075150191,6.679450970497394,6.303228866644152,7.912085155590988,5.868824332373326,6.032857384683444,6.264337278206568,6.38943913530402,7.350267176301148,6.5462073276285455,5.519012176112923,8.260181484639833,9.405031726655755,6.6237686879348745,6.021099593737561,7.985629143096997,7.566204099998492,5.729634309386472,5.540038396281043,5.067121556464378,6.7725253884842935,3.674263641537059,3.379518322862596,5.19574105728725,3.8875139801777414,7.9721558024732575,5.058879895088668,5.0630907273113275,6.234582463944517,4.823368487291175,6.00912453945882,6.332332843332564,4.792372774086116,6.705327218136517,10.002839741912515,7.608728935784391,5.54297533876404,-2.2141815154485145,5.266353946822884,5.822496690018602,6.035693048506174,5.6124499941138195,4.394196180534381,5.981882389040815,5.949382685539706
99,5.9354498188592615,6.57532468591182,7.999736409264429,8.246881505296,8.535831799061885,0.45653752416711635,4.146728640048822,4.701405133077251,8.718590896470532,5.035314072544342,3.858703545383062,6.601361310671507,5.0244866025076345,3.6123366654267914,3.2735221175488194,-2.287306496617341,5.916381160711856,5.940377490958345,2.42740060206706,2.525503480906357,4.3006425904974925,4.1030905071149855,7.600342390151102,6.4564051569546335,6.357820258747099,8.588093464400892,7.38123881842443,8.427085499708904,7.222009248117381,6.779214418908318,6.407518584053016,6.827414929933147,8.636157324879312,5.557549055859208,8.686170036148333,5.788022055046355,5.6616489133096985,5.651873252172057,8.276479798826152,4.39754469781996,7.888343452662779,14.69300693841831,6.798806119247178,6.854051651985987,6.412564922338088,5.94825490318505,7.602076419440143,0.7994033580577817,5.645549794028113,7.618660631534517,7.133221388747171,9.481188681480376,8.719865004104541,11.990096878289556,8.185315449666527,8.239007918559407,8.707389868958817,7.644162479259955,9.930755548252412,9.92531503036174,8.273202937772234,7.452752581619106,6.811421726566416,8.881606776023139,9.034260981532196,9.094160444702096,9.765596027637931,9.708153244836105,8.410220580305674,7.31155282951304,5.958410982992641,6.65271301791794,6.0972116975465855,5.628631716017765,6.707867898499426,7.228039232031288,5.744778776497766,6.4044701329132225,5.651094759496642,6.020389437462413,7.189638524482157,5.701952745576683,5.855109512877181,7.440659651733634,6.31787440482407,4.941766275006481,7.244471898925611,7.039796812819441,5.217193480491809,6.157127131189275,6.8730239463432055,5.821196148241902,8.358893841828468,8.316131401469598,5.156846506406285,5.67574643373588,4.69274879733719,7.411716882459749,4.639105383324273,8.452650649498594,8.13321507268732,4.629673997098715,7.203217967514029,6.667126028285557,7.625489292117573,6.56321913526587,4.420627593203208,8.119029606676936,7.084851668211607,8.400132613658165,6.093186492740978,7.124081686732195,8.964820866738934,6.929590331886209,5.860140574152778,11.023798510338555,8.352743387674382,7.191906805033727,5.010053347954379,3.880101366349918,6.983725363251765,3.282972213235048,4.64759268385726,6.005812944236814,0.32172018130991864,7.713635759534283,3.7903168843266455,4.30532977557829,6.437247126137395,5.795005673122075,5.611778890756883,6.259519146316878,5.644004624114856,7.1215008057957725,7.351329455024484,8.040189848979113,5.3440764824595295,-4.475641435581396,4.244125232796069,6.464377146319012,4.422002352906805,6.7670585650197,4.73680280192352,6.19094434818868,6.46938630009521
