iter	Passed	Remaining
0	21	428119
1	39	390121
2	56	376035
3	73	367590
4	92	371262
5	110	366894
6	128	366147
7	145	363127
8	162	361083
9	179	359073
10	196	356466
11	213	355894
12	232	357278
13	250	358015
14	269	358468
15	287	359267
16	310	365164
17	331	368177
18	348	366800
19	368	368157
20	387	368374
21	404	366981
22	421	366310
23	438	364660
24	455	364038
25	473	363455
26	490	363025
27	509	363116
28	526	362206
29	544	362230
30	564	363366
31	582	363322
32	600	363039
33	620	364549
34	639	364455
35	656	364056
36	673	363487
37	691	363142
38	708	362684
39	726	362387
40	744	362569
41	764	363416
42	784	363842
43	801	363448
44	822	364547
45	843	365937
46	862	366140
47	879	365528
48	897	365515
49	915	365106
50	933	364916
51	949	364216
52	966	363778
53	983	363129
54	1000	362678
55	1017	362318
56	1035	362296
57	1052	361865
58	1070	361725
59	1088	361819
60	1107	361835
61	1125	361729
62	1142	361344
63	1158	360926
64	1175	360439
65	1192	360156
66	1209	359639
67	1225	359116
68	1242	358887
69	1260	358856
70	1279	359208
71	1297	359062
72	1315	358918
73	1332	358602
74	1348	358191
75	1365	357900
76	1382	357539
77	1398	357084
78	1414	356692
79	1431	356397
80	1448	356068
81	1465	355838
82	1482	355667
83	1498	355308
84	1515	355074
85	1533	355038
86	1551	354970
87	1568	354761
88	1585	354583
89	1602	354415
90	1620	354427
91	1637	354202
92	1654	354038
93	1671	353993
94	1688	353712
95	1706	353643
96	1722	353455
97	1740	353412
98	1757	353217
99	1775	353216
100	1792	353095
101	1809	352904
102	1826	352738
103	1843	352609
104	1860	352420
105	1876	352122
106	1893	352000
107	1910	351821
108	1927	351608
109	1944	351466
110	1961	351361
111	1977	351000
112	1993	350760
113	2009	350489
114	2026	350414
115	2044	350398
116	2060	350122
117	2077	349985
118	2093	349728
119	2110	349527
120	2127	349456
121	2145	349468
122	2162	349355
123	2178	349150
124	2195	349006
125	2211	348734
126	2228	348717
127	2246	348697
128	2264	348719
129	2282	348788
130	2298	348511
131	2315	348390
132	2331	348244
133	2348	348109
134	2366	348113
135	2383	347997
136	2400	348035
137	2419	348115
138	2438	348408
139	2458	348684
140	2477	348815
141	2494	348775
142	2512	348796
143	2529	348657
144	2545	348425
145	2562	348349
146	2579	348292
147	2596	348259
148	2613	348179
149	2631	348141
150	2649	348178
151	2666	348133
152	2683	348069
153	2701	348037
154	2719	348112
155	2741	348677
156	2763	349201
157	2781	349206
158	2799	349304
159	2816	349234
160	2834	349201
161	2855	349568
162	2878	350194
163	2897	350402
164	2917	350639
165	2934	350593
166	2950	350339
167	2967	350207
168	2984	350168
169	3001	350081
170	3019	350028
171	3037	350049
172	3053	349912
173	3072	349964
174	3091	350155
175	3108	350065
176	3128	350297
177	3150	350725
178	3169	350852
179	3185	350684
180	3202	350625
181	3219	350507
182	3236	350430
183	3253	350291
184	3269	350080
185	3287	350147
186	3303	349931
187	3319	349755
188	3336	349631
189	3353	349533
190	3370	349454
191	3386	349294
192	3403	349201
193	3421	349217
194	3438	349155
195	3454	349003
196	3471	348877
197	3486	348638
198	3502	348427
199	3518	348302
200	3535	348192
201	3551	348026
202	3568	347910
203	3583	347663
204	3599	347541
205	3616	347443
206	3633	347334
207	3650	347311
208	3668	347309
209	3684	347150
210	3706	347519
211	3727	347857
212	3744	347773
213	3763	347903
214	3780	347833
215	3797	347785
216	3815	347777
217	3832	347659
218	3848	347567
219	3865	347490
220	3881	347312
221	3898	347249
222	3921	347689
223	3943	348123
224	3964	348401
225	3985	348668
226	4000	348412
227	4017	348326
228	4034	348241
229	4051	348148
230	4067	348068
231	4084	347931
232	4100	347789
233	4117	347698
234	4134	347660
235	4157	348134
236	4180	348566
237	4201	348834
238	4220	348877
239	4236	348763
240	4253	348667
241	4270	348590
242	4288	348617
243	4305	348506
244	4322	348450
245	4341	348580
246	4361	348764
247	4380	348779
248	4396	348653
249	4414	348637
250	4432	348703
251	4450	348672
252	4465	348504
253	4482	348375
254	4497	348207
255	4515	348185
256	4532	348122
257	4548	348016
258	4565	347930
259	4581	347797
260	4599	347775
261	4617	347765
262	4634	347727
263	4654	347913
264	4671	347814
265	4688	347722
266	4708	347930
267	4725	347819
268	4742	347788
269	4758	347678
270	4775	347571
271	4795	347721
272	4816	347993
273	4838	348254
274	4861	348612
275	4885	349051
276	4904	349133
277	4921	349077
278	4944	349438
279	4967	349772
280	4988	350022
281	5011	350335
282	5033	350591
283	5048	350420
284	5069	350618
285	5092	350954
286	5114	351256
287	5133	351296
288	5151	351253
289	5169	351275
290	5188	351360
291	5213	351816
292	5232	351889
293	5250	351848
294	5267	351808
295	5292	352265
296	5315	352547
297	5333	352519
298	5351	352543
299	5371	352678
300	5394	352958
301	5411	352868
302	5427	352763
303	5444	352682
304	5460	352551
305	5483	352816
306	5504	353019
307	5522	353031
308	5542	353097
309	5558	352999
310	5575	352929
311	5593	352900
312	5611	352869
313	5631	353008
314	5652	353135
315	5671	353233
316	5690	353280
317	5708	353251
318	5730	353449
319	5753	353757
320	5772	353840
321	5793	353979
322	5813	354073
323	5834	354261
324	5854	354324
325	5873	354415
326	5896	354649
327	5918	354882
328	5939	355038
329	5961	355263
330	5977	355141
331	5994	355022
332	6011	354940
333	6027	354854
334	6044	354764
335	6061	354672
336	6078	354610
337	6098	354683
338	6119	354815
339	6138	354872
340	6161	355125
341	6182	355289
342	6203	355450
343	6223	355554
344	6245	355740
345	6268	355972
346	6293	356358
347	6313	356462
348	6332	356492
349	6350	356489
350	6373	356717
351	6403	357354
352	6428	357724
353	6449	357833
354	6471	358047
355	6490	358060
356	6511	358191
357	6529	358167
358	6548	358216
359	6568	358280
360	6585	358166
361	6602	358125
362	6623	358214
363	6640	358152
364	6657	358077
365	6675	358048
366	6694	358043
367	6712	357999
368	6729	357925
369	6746	357881
370	6767	358000
371	6788	358110
372	6807	358119
373	6825	358097
374	6843	358044
375	6862	358068
376	6882	358140
377	6899	358096
378	6917	358036
379	6934	357953
380	6952	357932
381	6971	357941
382	6989	357909
383	7008	357948
384	7026	357931
385	7044	357881
386	7062	357853
387	7081	357855
388	7098	357772
389	7115	357684
390	7133	357664
391	7151	357670
392	7169	357612
393	7186	357532
394	7204	357486
395	7222	357478
396	7240	357463
397	7258	357422
398	7275	357349
399	7293	357322
400	7311	357293
401	7329	357272
402	7347	357207
403	7363	357103
404	7380	357021
405	7397	356949
406	7415	356922
407	7435	356984
408	7453	356963
409	7471	356902
410	7488	356824
411	7507	356851
412	7525	356815
413	7545	356910
414	7562	356822
415	7580	356808
416	7597	356727
417	7614	356643
418	7634	356714
419	7652	356686
420	7670	356643
421	7687	356580
422	7704	356486
423	7721	356406
424	7739	356413
425	7762	356611
426	7785	356784
427	7804	356811
428	7822	356780
429	7840	356755
430	7857	356679
431	7874	356632
432	7892	356601
433	7910	356565
434	7927	356474
435	7945	356465
436	7964	356451
437	7983	356488
438	8003	356558
439	8021	356533
440	8040	356520
441	8058	356519
442	8076	356498
443	8094	356452
444	8112	356413
445	8129	356336
446	8147	356304
447	8163	356218
448	8181	356197
449	8200	356180
450	8218	356148
451	8235	356079
452	8252	356014
453	8271	356030
454	8289	356000
455	8308	356028
456	8325	355950
457	8343	355908
458	8361	355890
459	8379	355874
460	8398	355883
461	8415	355820
462	8432	355761
463	8450	355731
464	8468	355678
465	8488	355772
466	8508	355822
467	8528	355874
468	8545	355784
469	8562	355733
470	8581	355737
471	8598	355686
472	8616	355665
473	8635	355643
474	8652	355601
475	8671	355604
476	8688	355542
477	8709	355634
478	8729	355692
479	8747	355676
480	8765	355630
481	8782	355579
482	8801	355557
483	8820	355570
484	8836	355497
485	8855	355490
486	8874	355509
487	8892	355476
488	8909	355429
489	8927	355373
490	8944	355328
491	8963	355348
492	8983	355389
493	9001	355357
494	9019	355323
495	9036	355277
496	9053	355216
497	9071	355162
498	9089	355147
499	9110	355233
500	9129	355247
501	9146	355180
502	9164	355157
503	9182	355132
504	9199	355054
505	9217	355047
506	9236	355053
507	9254	355030
508	9272	354991
509	9290	354957
510	9309	354976
511	9326	354913
512	9344	354890
513	9362	354853
514	9379	354818
515	9398	354795
516	9415	354752
517	9433	354710
518	9450	354669
519	9467	354586
520	9487	354641
521	9504	354588
522	9522	354554
523	9539	354486
524	9556	354440
525	9576	354485
526	9598	354582
527	9617	354594
528	9635	354568
529	9665	354980
530	9682	354949
531	9700	354889
532	9717	354845
533	9735	354800
534	9753	354782
535	9770	354740
536	9787	354664
537	9804	354599
538	9822	354575
539	9840	354547
540	9857	354492
541	9875	354445
542	9892	354398
543	9909	354341
544	9927	354297
545	9945	354274
546	9962	354224
547	9979	354172
548	9997	354134
549	10014	354075
550	10032	354036
551	10050	354014
552	10068	353998
553	10085	353945
554	10103	353898
555	10119	353824
556	10137	353800
557	10158	353863
558	10175	353810
559	10192	353767
560	10210	353735
561	10227	353658
562	10244	353619
563	10262	353588
564	10279	353520
565	10297	353515
566	10316	353500
567	10333	353453
568	10351	353411
569	10368	353378
570	10386	353347
571	10404	353322
572	10422	353282
573	10440	353254
574	10457	353224
575	10475	353194
576	10497	353279
577	10514	353245
578	10531	353194
579	10549	353156
580	10567	353120
581	10588	353200
582	10606	353194
583	10624	353160
584	10641	353081
585	10658	353043
586	10676	352999
587	10694	352984
588	10717	353120
589	10738	353212
590	10757	353219
591	10776	353237
592	10794	353210
593	10816	353302
594	10837	353362
595	10854	353306
596	10871	353266
597	10892	353343
598	10912	353371
599	10929	353304
600	10946	353253
601	10964	353227
602	10982	353197
603	10999	353160
604	11017	353136
605	11039	353225
606	11056	353184
607	11075	353169
608	11091	353103
609	11110	353092
610	11129	353098
611	11151	353193
612	11168	353143
613	11185	353088
614	11203	353080
615	11221	353045
616	11239	353013
617	11260	353074
618	11277	353034
619	11300	353154
620	11320	353207
621	11339	353192
622	11358	353196
623	11375	353150
624	11393	353116
625	11414	353203
626	11431	353140
627	11449	353108
628	11466	353058
629	11483	353013
630	11501	352967
631	11517	352902
632	11535	352866
633	11554	352865
634	11571	352810
635	11588	352771
636	11606	352746
637	11625	352724
638	11643	352721
639	11666	352827
640	11685	352832
641	11702	352800
642	11719	352739
643	11738	352726
644	11755	352691
645	11773	352672
646	11791	352639
647	11809	352610
648	11827	352588
649	11845	352558
650	11863	352533
651	11881	352511
652	11899	352486
653	11916	352425
654	11934	352398
655	11952	352374
656	11969	352336
657	11987	352301
658	12004	352251
659	12022	352232
660	12041	352220
661	12057	352157
662	12074	352090
663	12090	352022
664	12107	351947
665	12123	351875
666	12140	351822
667	12157	351769
668	12173	351687
669	12192	351692
670	12211	351703
671	12229	351682
672	12245	351598
673	12261	351520
674	12279	351478
675	12295	351414
676	12313	351369
677	12331	351343
678	12348	351291
679	12365	351266
680	12383	351243
681	12401	351212
682	12419	351190
683	12437	351157
684	12453	351093
685	12470	351031
686	12488	351002
687	12504	350917
688	12521	350869
689	12542	350940
690	12561	350940
691	12578	350892
692	12596	350858
693	12613	350808
694	12631	350799
695	12649	350758
696	12674	350930
697	12693	350930
698	12711	350913
699	12728	350879
700	12746	350838
701	12763	350797
702	12780	350742
703	12799	350743
704	12818	350754
705	12836	350732
706	12853	350688
707	12870	350639
708	12888	350615
709	12906	350585
710	12924	350559
711	12941	350520
712	12960	350509
713	12978	350497
714	12996	350467
715	13015	350464
716	13032	350431
717	13049	350365
718	13066	350323
719	13083	350284
720	13102	350270
721	13119	350240
722	13137	350206
723	13155	350177
724	13172	350139
725	13190	350109
726	13208	350091
727	13226	350060
728	13243	350029
729	13260	349970
730	13278	349942
731	13296	349910
732	13314	349897
733	13333	349903
734	13351	349873
735	13368	349831
736	13386	349811
737	13404	349785
738	13422	349767
739	13440	349742
740	13458	349709
741	13475	349673
742	13492	349620
743	13513	349679
744	13532	349679
745	13551	349684
746	13568	349642
747	13586	349627
748	13603	349575
749	13622	349573
750	13640	349545
751	13659	349555
752	13676	349503
753	13693	349464
754	13711	349422
755	13728	349385
756	13745	349345
757	13763	349309
758	13780	349277
759	13798	349249
760	13817	349258
761	13836	349249
762	13854	349223
763	13872	349204
764	13889	349158
765	13907	349136
766	13924	349103
767	13942	349061
768	13959	349019
769	13976	348984
770	13994	348947
771	14015	349009
772	14032	348951
773	14049	348902
774	14066	348857
775	14084	348847
776	14101	348807
777	14120	348791
778	14137	348759
779	14155	348734
780	14173	348708
781	14190	348657
782	14207	348620
783	14224	348580
784	14241	348524
785	14259	348506
786	14276	348460
787	14293	348422
788	14311	348384
789	14329	348367
790	14346	348322
791	14363	348283
792	14381	348266
793	14398	348223
794	14415	348173
795	14434	348166
796	14453	348168
797	14470	348126
798	14488	348097
799	14507	348097
800	14525	348078
801	14543	348068
802	14562	348070
803	14580	348050
804	14598	348017
805	14615	347969
806	14633	347949
807	14651	347928
808	14668	347895
809	14686	347874
810	14706	347885
811	14723	347852
812	14742	347845
813	14758	347774
814	14774	347720
815	14792	347697
816	14811	347690
817	14829	347666
818	14846	347639
819	14863	347589
820	14880	347543
821	14897	347489
822	14914	347458
823	14931	347407
824	14949	347386
825	14967	347359
826	14984	347335
827	15001	347279
828	15018	347231
829	15035	347200
830	15054	347192
831	15071	347145
832	15088	347119
833	15105	347060
834	15123	347041
835	15140	346998
836	15158	346982
837	15176	346950
838	15193	346913
839	15211	346892
840	15229	346871
841	15247	346842
842	15264	346816
843	15283	346801
844	15301	346799
845	15321	346825
846	15338	346776
847	15356	346750
848	15373	346708
849	15390	346665
850	15408	346636
851	15425	346601
852	15443	346580
853	15460	346548
854	15477	346500
855	15507	346736
856	15525	346718
857	15542	346689
858	15560	346659
859	15578	346645
860	15609	346914
861	15628	346910
862	15650	346977
863	15671	347031
864	15689	347009
865	15707	346989
866	15725	346966
867	15743	346941
868	15761	346919
869	15778	346873
870	15795	346833
871	15814	346823
872	15831	346796
873	15848	346748
874	15866	346718
875	15883	346683
876	15901	346657
877	15919	346631
878	15937	346614
879	15955	346591
880	15972	346550
881	15994	346619
882	16013	346628
883	16030	346588
884	16048	346555
885	16065	346524
886	16086	346566
887	16106	346582
888	16124	346553
889	16141	346521
890	16158	346480
891	16176	346451
892	16199	346534
893	16217	346511
894	16239	346576
895	16258	346586
896	16275	346543
897	16293	346521
898	16311	346496
899	16328	346460
900	16347	346462
901	16364	346414
902	16382	346381
903	16399	346341
904	16416	346313
905	16434	346282
906	16452	346261
907	16469	346219
908	16486	346175
909	16503	346137
910	16521	346108
911	16538	346068
912	16555	346023
913	16572	345984
914	16589	345954
915	16610	345987
916	16631	346026
917	16650	346027
918	16667	345985
919	16684	345952
920	16702	345924
921	16724	345980
922	16743	345987
923	16760	345946
924	16779	345945
925	16799	345969
926	16820	346009
927	16839	346016
928	16860	346051
929	16881	346080
930	16899	346065
931	16916	346016
932	16934	346013
933	16952	345991
934	16970	345965
935	16989	345951
936	17007	345933
937	17025	345914
938	17043	345899
939	17062	345887
940	17080	345878
941	17098	345852
942	17116	345828
943	17134	345812
944	17151	345778
945	17169	345757
946	17187	345722
947	17204	345689
948	17222	345659
949	17240	345640
950	17259	345634
951	17274	345567
952	17291	345529
953	17308	345475
954	17325	345443
955	17343	345420
956	17362	345418
957	17379	345375
958	17396	345338
959	17414	345316
960	17433	345309
961	17451	345296
962	17469	345271
963	17487	345247
964	17504	345208
965	17522	345195
966	17541	345184
967	17559	345163
968	17577	345149
969	17597	345160
970	17615	345150
971	17633	345129
972	17650	345086
973	17668	345070
974	17690	345109
975	17708	345094
976	17726	345079
977	17745	345067
978	17762	345033
979	17780	345008
980	17798	344994
981	17816	344974
982	17834	344949
983	17852	344928
984	17872	344951
985	17890	344929
986	17908	344911
987	17926	344887
988	17944	344857
989	17961	344833
990	17980	344815
991	17997	344787
992	18015	344761
993	18031	344711
994	18049	344686
995	18066	344643
996	18084	344616
997	18103	344620
998	18121	344597
999	18138	344568
1000	18157	344564
1001	18175	344543
1002	18192	344503
1003	18210	344485
1004	18229	344465
1005	18247	344451
1006	18265	344427
1007	18282	344393
1008	18301	344387
1009	18319	344376
1010	18340	344397
1011	18358	344393
1012	18380	344430
1013	18397	344400
1014	18416	344400
1015	18435	344386
1016	18453	344379
1017	18472	344374
1018	18489	344334
1019	18506	344300
1020	18526	344305
1021	18544	344287
1022	18562	344260
1023	18580	344239
1024	18598	344224
1025	18616	344212
1026	18635	344201
1027	18653	344182
1028	18671	344168
1029	18688	344125
1030	18707	344119
1031	18724	344073
1032	18741	344041
1033	18760	344045
1034	18779	344031
1035	18799	344051
1036	18815	344001
1037	18834	343987
1038	18853	343990
1039	18874	344029
1040	18892	344012
1041	18911	343998
1042	18929	343972
1043	18948	343968
1044	18967	343976
1045	18987	343988
1046	19007	344013
1047	19025	343984
1048	19044	343976
1049	19061	343935
1050	19078	343905
1051	19095	343865
1052	19114	343860
1053	19132	343845
1054	19151	343840
1055	19170	343834
1056	19188	343819
1057	19207	343804
1058	19226	343810
1059	19245	343808
1060	19264	343807
1061	19284	343808
1062	19301	343780
1063	19320	343766
1064	19339	343777
1065	19358	343759
1066	19375	343731
1067	19394	343719
1068	19412	343701
1069	19429	343672
1070	19447	343643
1071	19465	343619
1072	19484	343613
1073	19502	343596
1074	19519	343558
1075	19535	343510
1076	19552	343473
1077	19571	343470
1078	19593	343505
1079	19610	343472
1080	19627	343440
1081	19645	343408
1082	19662	343379
1083	19680	343348
1084	19697	343319
1085	19715	343290
1086	19733	343278
1087	19752	343278
1088	19770	343257
1089	19788	343234
1090	19806	343211
1091	19824	343182
1092	19841	343146
1093	19858	343118
1094	19875	343082
1095	19894	343065
1096	19912	343054
1097	19933	343078
1098	19953	343095
1099	19971	343076
1100	19990	343075
1101	20007	343040
1102	20025	343011
1103	20042	342971
1104	20060	342956
1105	20078	342928
1106	20095	342896
1107	20112	342861
1108	20130	342828
1109	20147	342805
1110	20166	342787
1111	20183	342764
1112	20201	342730
1113	20218	342690
1114	20236	342675
1115	20255	342671
1116	20272	342643
1117	20290	342620
1118	20308	342595
1119	20327	342593
1120	20345	342562
1121	20362	342536
1122	20380	342509
1123	20397	342474
1124	20414	342442
1125	20432	342422
1126	20450	342393
1127	20468	342373
1128	20485	342336
1129	20505	342355
1130	20528	342407
1131	20546	342397
1132	20564	342379
1133	20582	342359
1134	20602	342361
1135	20619	342324
1136	20636	342293
1137	20657	342324
1138	20675	342305
1139	20698	342352
1140	20717	342351
1141	20736	342345
1142	20752	342303
1143	20769	342264
1144	20787	342240
1145	20804	342203
1146	20821	342169
1147	20838	342134
1148	20856	342108
1149	20874	342087
1150	20892	342073
1151	20910	342046
1152	20927	342010
1153	20944	341975
1154	20962	341949
1155	20979	341918
1156	20997	341898
1157	21014	341862
1158	21033	341860
1159	21052	341850
1160	21069	341814
1161	21086	341769
1162	21103	341736
1163	21120	341704
1164	21139	341691
1165	21157	341683
1166	21174	341640
1167	21189	341577
1168	21206	341541
1169	21223	341498
1170	21241	341475
1171	21258	341447
1172	21274	341391
1173	21291	341353
1174	21308	341321
1175	21327	341307
1176	21350	341374
1177	21374	341440
1178	21397	341500
1179	21420	341567
1180	21443	341620
1181	21467	341693
1182	21488	341719
1183	21508	341732
1184	21526	341710
1185	21544	341699
1186	21562	341679
1187	21582	341691
1188	21603	341708
1189	21620	341679
1190	21638	341652
1191	21660	341701
1192	21680	341713
1193	21698	341688
1194	21716	341670
1195	21734	341648
1196	21751	341603
1197	21768	341570
1198	21787	341567
1199	21804	341527
1200	21821	341501
1201	21840	341491
1202	21859	341478
1203	21876	341440
1204	21892	341401
1205	21910	341370
1206	21927	341336
1207	21945	341317
1208	21963	341297
1209	21981	341280
1210	22000	341274
1211	22018	341256
1212	22036	341223
1213	22054	341204
1214	22072	341180
1215	22088	341142
1216	22106	341117
1217	22127	341133
1218	22148	341162
1219	22165	341133
1220	22183	341108
1221	22200	341079
1222	22217	341042
1223	22235	341012
1224	22252	340988
1225	22270	340966
1226	22288	340939
1227	22305	340905
1228	22323	340889
1229	22341	340864
1230	22359	340844
1231	22375	340795
1232	22393	340762
1233	22410	340735
1234	22429	340726
1235	22447	340711
1236	22465	340682
1237	22481	340639
1238	22499	340615
1239	22517	340590
1240	22536	340588
1241	22554	340565
1242	22572	340543
1243	22589	340514
1244	22610	340532
1245	22630	340547
1246	22648	340533
1247	22665	340496
1248	22682	340457
1249	22699	340419
1250	22716	340391
1251	22735	340371
1252	22752	340345
1253	22769	340309
1254	22786	340274
1255	22804	340245
1256	22821	340220
1257	22839	340198
1258	22857	340180
1259	22876	340166
1260	22894	340146
1261	22911	340113
1262	22929	340086
1263	22947	340072
1264	22968	340102
1265	22990	340132
1266	23011	340165
1267	23030	340152
1268	23048	340127
1269	23066	340117
1270	23085	340106
1271	23101	340060
1272	23119	340040
1273	23137	340016
1274	23155	339995
1275	23173	339968
1276	23190	339937
1277	23208	339915
1278	23226	339894
1279	23243	339865
1280	23262	339855
1281	23280	339834
1282	23297	339801
1283	23315	339778
1284	23332	339741
1285	23350	339725
1286	23370	339728
1287	23387	339696
1288	23404	339666
1289	23422	339639
1290	23440	339620
1291	23459	339622
1292	23477	339598
1293	23495	339571
1294	23512	339538
1295	23528	339499
1296	23546	339476
1297	23564	339457
1298	23581	339414
1299	23598	339387
1300	23616	339359
1301	23637	339389
1302	23657	339394
1303	23679	339431
1304	23699	339432
1305	23717	339417
1306	23734	339380
1307	23752	339357
1308	23781	339500
1309	23801	339507
1310	23819	339482
1311	23836	339447
1312	23854	339433
1313	23873	339419
1314	23890	339386
1315	23907	339356
1316	23924	339321
1317	23941	339283
1318	23959	339271
1319	23981	339299
1320	23998	339268
1321	24015	339234
1322	24033	339209
1323	24051	339185
1324	24068	339159
1325	24087	339147
1326	24104	339113
1327	24122	339092
1328	24140	339081
1329	24159	339074
1330	24178	339055
1331	24197	339051
1332	24214	339024
1333	24230	338974
1334	24248	338946
1335	24266	338927
1336	24283	338894
1337	24302	338890
1338	24319	338860
1339	24337	338833
1340	24356	338826
1341	24373	338790
1342	24390	338756
1343	24407	338727
1344	24425	338700
1345	24442	338674
1346	24460	338645
1347	24477	338619
1348	24495	338596
1349	24515	338599
1350	24536	338629
1351	24554	338604
1352	24571	338574
1353	24589	338556
1354	24607	338525
1355	24625	338516
1356	24643	338487
1357	24661	338468
1358	24679	338448
1359	24698	338437
1360	24717	338432
1361	24735	338409
1362	24753	338390
1363	24770	338359
1364	24789	338347
1365	24807	338326
1366	24825	338308
1367	24843	338293
1368	24860	338258
1369	24877	338229
1370	24894	338197
1371	24912	338170
1372	24929	338140
1373	24946	338107
1374	24964	338084
1375	24982	338068
1376	24999	338034
1377	25017	338015
1378	25035	337987
1379	25055	337990
1380	25073	337981
1381	25091	337958
1382	25108	337918
1383	25125	337888
1384	25144	337879
1385	25163	337871
1386	25180	337840
1387	25197	337803
1388	25213	337764
1389	25231	337740
1390	25249	337720
1391	25267	337698
1392	25285	337677
1393	25302	337650
1394	25320	337623
1395	25340	337627
1396	25364	337695
1397	25381	337662
1398	25399	337636
1399	25417	337610
1400	25433	337571
1401	25450	337530
1402	25467	337509
1403	25484	337469
1404	25501	337440
1405	25519	337417
1406	25536	337380
1407	25553	337353
1408	25571	337331
1409	25588	337302
1410	25606	337278
1411	25625	337268
1412	25643	337255
1413	25661	337223
1414	25678	337193
1415	25695	337162
1416	25712	337136
1417	25729	337101
1418	25747	337082
1419	25766	337062
1420	25783	337040
1421	25802	337022
1422	25819	336994
1423	25836	336968
1424	25854	336949
1425	25872	336927
1426	25890	336903
1427	25907	336875
1428	25925	336851
1429	25943	336824
1430	25961	336807
1431	25984	336852
1432	26002	336839
1433	26022	336837
1434	26039	336805
1435	26057	336784
1436	26076	336774
1437	26093	336745
1438	26110	336719
1439	26127	336682
1440	26144	336655
1441	26162	336628
1442	26179	336602
1443	26196	336565
1444	26215	336561
1445	26233	336530
1446	26250	336501
1447	26267	336471
1448	26285	336453
1449	26301	336410
1450	26319	336379
1451	26337	336365
1452	26363	336449
1453	26381	336423
1454	26398	336398
1455	26416	336374
1456	26433	336343
1457	26451	336318
1458	26468	336291
1459	26485	336262
1460	26503	336238
1461	26521	336211
1462	26538	336180
1463	26555	336157
1464	26573	336128
1465	26591	336112
1466	26609	336087
1467	26627	336072
1468	26648	336085
1469	26665	336053
1470	26684	336047
1471	26701	336021
1472	26719	335993
1473	26736	335960
1474	26753	335930
1475	26770	335898
1476	26791	335917
1477	26809	335895
1478	26826	335871
1479	26845	335864
1480	26863	335837
1481	26880	335806
1482	26897	335772
1483	26916	335763
1484	26933	335738
1485	26951	335714
1486	26968	335680
1487	26985	335654
1488	27003	335626
1489	27022	335618
1490	27040	335598
1491	27056	335559
1492	27073	335531
1493	27091	335504
1494	27109	335489
1495	27129	335490
1496	27146	335460
1497	27166	335469
1498	27185	335454
1499	27203	335442
1500	27223	335440
1501	27240	335410
1502	27258	335385
1503	27275	335363
1504	27293	335335
1505	27310	335304
1506	27328	335286
1507	27349	335298
1508	27366	335269
1509	27383	335241
1510	27402	335228
1511	27419	335193
1512	27436	335169
1513	27455	335159
1514	27477	335190
1515	27496	335182
1516	27516	335180
1517	27534	335172
1518	27551	335139
1519	27568	335106
1520	27585	335069
1521	27602	335042
1522	27620	335018
1523	27638	334993
1524	27655	334965
1525	27672	334941
1526	27690	334909
1527	27707	334886
1528	27725	334868
1529	27743	334845
1530	27766	334881
1531	27788	334909
1532	27807	334901
1533	27826	334895
1534	27844	334877
1535	27862	334860
1536	27880	334835
1537	27897	334810
1538	27914	334778
1539	27933	334768
1540	27951	334744
1541	27968	334717
1542	27987	334705
1543	28004	334675
1544	28022	334653
1545	28040	334630
1546	28057	334601
1547	28078	334621
1548	28097	334614
1549	28118	334622
1550	28136	334607
1551	28153	334578
1552	28170	334548
1553	28188	334523
1554	28206	334500
1555	28223	334477
1556	28240	334440
1557	28257	334411
1558	28273	334372
1559	28290	334339
1560	28307	334308
1561	28325	334280
1562	28343	334268
1563	28361	334246
1564	28379	334223
1565	28397	334205
1566	28415	334188
1567	28432	334160
1568	28450	334133
1569	28467	334106
1570	28485	334081
1571	28503	334067
1572	28521	334039
1573	28538	334011
1574	28554	333974
1575	28572	333948
1576	28590	333929
1577	28609	333916
1578	28628	333912
1579	28649	333931
1580	28669	333929
1581	28688	333930
1582	28706	333906
1583	28723	333872
1584	28741	333857
1585	28759	333839
1586	28777	333813
1587	28794	333780
1588	28811	333753
1589	28830	333743
1590	28848	333727
1591	28866	333706
1592	28883	333668
1593	28900	333647
1594	28918	333620
1595	28934	333586
1596	28953	333578
1597	28971	333554
1598	28990	333547
1599	29009	333533
1600	29027	333514
1601	29045	333499
1602	29062	333465
1603	29089	333548
1604	29111	333580
1605	29132	333590
1606	29149	333562
1607	29167	333535
1608	29184	333509
1609	29202	333488
1610	29220	333468
1611	29237	333439
1612	29255	333416
1613	29274	333404
1614	29292	333386
1615	29310	333374
1616	29329	333365
1617	29347	333347
1618	29365	333326
1619	29383	333305
1620	29400	333277
1621	29418	333254
1622	29436	333227
1623	29453	333205
1624	29472	333188
1625	29489	333165
1626	29510	333174
1627	29530	333180
1628	29549	333173
1629	29566	333140
1630	29585	333134
1631	29603	333110
1632	29621	333095
1633	29639	333072
1634	29657	333052
1635	29673	333014
1636	29691	332985
1637	29726	333165
1638	29745	333154
1639	29763	333131
1640	29780	333100
1641	29797	333070
1642	29814	333045
1643	29832	333020
1644	29849	332994
1645	29867	332966
1646	29884	332940
1647	29901	332906
1648	29919	332883
1649	29936	332857
1650	29954	332842
1651	29972	332823
1652	29990	332802
1653	30008	332773
1654	30026	332760
1655	30046	332756
1656	30067	332770
1657	30084	332747
1658	30102	332721
1659	30120	332699
1660	30147	332786
1661	30165	332763
1662	30182	332737
1663	30201	332729
1664	30223	332747
1665	30244	332765
1666	30264	332767
1667	30287	332800
1668	30305	332775
1669	30322	332748
1670	30340	332728
1671	30359	332716
1672	30376	332689
1673	30396	332686
1674	30418	332718
1675	30437	332708
1676	30457	332707
1677	30474	332672
1678	30491	332643
1679	30509	332625
1680	30531	332651
1681	30550	332640
1682	30567	332612
1683	30585	332588
1684	30601	332553
1685	30619	332530
1686	30637	332513
1687	30656	332494
1688	30673	332474
1689	30692	332458
1690	30711	332449
1691	30728	332423
1692	30746	332401
1693	30764	332379
1694	30782	332357
1695	30800	332341
1696	30817	332306
1697	30834	332280
1698	30852	332264
1699	30870	332236
1700	30888	332218
1701	30905	332187
1702	30922	332161
1703	30940	332135
1704	30956	332101
1705	30974	332077
1706	30991	332045
1707	31010	332041
1708	31031	332050
1709	31051	332051
1710	31069	332026
1711	31087	332010
1712	31105	331988
1713	31122	331956
1714	31139	331934
1715	31159	331929
1716	31177	331911
1717	31194	331885
1718	31212	331862
1719	31228	331825
1720	31247	331807
1721	31263	331773
1722	31281	331755
1723	31299	331728
1724	31316	331703
1725	31334	331679
1726	31353	331669
1727	31370	331640
1728	31389	331627
1729	31406	331602
1730	31425	331591
1731	31446	331600
1732	31464	331586
1733	31482	331559
1734	31499	331536
1735	31517	331515
1736	31535	331494
1737	31555	331498
1738	31574	331485
1739	31594	331484
1740	31613	331483
1741	31632	331464
1742	31649	331437
1743	31669	331440
1744	31688	331432
1745	31706	331409
1746	31726	331407
1747	31746	331415
1748	31764	331394
1749	31782	331372
1750	31800	331352
1751	31818	331332
1752	31838	331339
1753	31856	331319
1754	31878	331335
1755	31896	331316
1756	31914	331292
1757	31931	331271
1758	31948	331240
1759	31970	331255
1760	31991	331272
1761	32010	331260
1762	32029	331247
1763	32047	331234
1764	32068	331239
1765	32088	331237
1766	32105	331210
1767	32123	331188
1768	32141	331171
1769	32161	331175
1770	32183	331198
1771	32200	331166
1772	32217	331135
1773	32235	331111
1774	32254	331100
1775	32272	331080
1776	32289	331054
1777	32307	331030
1778	32324	331008
1779	32342	330988
1780	32365	331011
1781	32385	331014
1782	32404	331000
1783	32421	330978
1784	32440	330964
1785	32458	330947
1786	32475	330918
1787	32493	330893
1788	32511	330880
1789	32529	330853
1790	32547	330834
1791	32567	330832
1792	32584	330811
1793	32603	330797
1794	32620	330771
1795	32638	330748
1796	32657	330732
1797	32676	330728
1798	32694	330708
1799	32712	330682
1800	32730	330666
1801	32748	330651
1802	32766	330629
1803	32784	330605
1804	32802	330584
1805	32820	330562
1806	32837	330538
1807	32856	330530
1808	32881	330574
1809	32901	330577
1810	32920	330571
1811	32938	330545
1812	32956	330529
1813	32978	330545
1814	32998	330548
1815	33017	330537
1816	33034	330506
1817	33055	330515
1818	33077	330535
1819	33095	330523
1820	33112	330490
1821	33131	330475
1822	33148	330444
1823	33166	330425
1824	33185	330419
1825	33205	330417
1826	33223	330396
1827	33241	330380
1828	33260	330367
1829	33278	330345
1830	33295	330322
1831	33317	330335
1832	33333	330302
1833	33350	330272
1834	33370	330264
1835	33387	330237
1836	33404	330206
1837	33421	330179
1838	33439	330153
1839	33456	330124
1840	33473	330096
1841	33490	330073
1842	33508	330050
1843	33526	330026
1844	33546	330024
1845	33563	330003
1846	33581	329978
1847	33603	329996
1848	33624	330005
1849	33641	329975
1850	33657	329942
1851	33675	329917
1852	33694	329906
1853	33718	329941
1854	33742	329984
1855	33765	330011
1856	33783	329990
1857	33802	329984
1858	33819	329954
1859	33836	329922
1860	33854	329905
1861	33872	329883
1862	33890	329860
1863	33908	329840
1864	33925	329810
1865	33943	329798
1866	33964	329799
1867	33985	329812
1868	34001	329777
1869	34020	329761
1870	34038	329742
1871	34055	329715
1872	34073	329693
1873	34091	329668
1874	34109	329648
1875	34128	329638
1876	34145	329611
1877	34163	329590
1878	34180	329560
1879	34198	329539
1880	34216	329519
1881	34234	329503
1882	34251	329476
1883	34269	329453
1884	34287	329434
1885	34305	329413
1886	34323	329388
1887	34341	329376
1888	34360	329358
1889	34379	329350
1890	34396	329323
1891	34414	329299
1892	34431	329272
1893	34448	329245
1894	34466	329223
1895	34484	329200
1896	34501	329170
1897	34518	329148
1898	34536	329125
1899	34554	329102
1900	34572	329082
1901	34589	329050
1902	34606	329029
1903	34625	329011
1904	34642	328982
1905	34659	328958
1906	34677	328936
1907	34695	328914
1908	34712	328884
1909	34729	328857
1910	34746	328831
1911	34769	328850
1912	34788	328849
1913	34805	328817
1914	34823	328795
1915	34840	328765
1916	34857	328740
1917	34875	328715
1918	34893	328698
1919	34910	328665
1920	34928	328646
1921	34946	328631
1922	34964	328607
1923	34981	328578
1924	34999	328556
1925	35019	328559
1926	35036	328530
1927	35057	328541
1928	35079	328557
1929	35097	328531
1930	35115	328517
1931	35136	328526
1932	35154	328503
1933	35173	328489
1934	35190	328463
1935	35211	328474
1936	35233	328485
1937	35250	328457
1938	35268	328436
1939	35286	328414
1940	35305	328404
1941	35321	328374
1942	35339	328346
1943	35356	328323
1944	35375	328308
1945	35393	328286
1946	35410	328260
1947	35428	328237
1948	35445	328216
1949	35464	328199
1950	35482	328179
1951	35499	328153
1952	35516	328124
1953	35535	328107
1954	35552	328081
1955	35571	328072
1956	35589	328055
1957	35607	328028
1958	35623	327995
1959	35641	327972
1960	35658	327946
1961	35676	327924
1962	35694	327907
1963	35712	327889
1964	35729	327858
1965	35748	327845
1966	35767	327832
1967	35784	327806
1968	35803	327794
1969	35823	327795
1970	35841	327776
1971	35857	327738
1972	35874	327704
1973	35892	327690
1974	35910	327667
1975	35930	327661
1976	35950	327667
1977	35972	327682
1978	35994	327701
1979	36012	327676
1980	36030	327657
1981	36047	327632
1982	36066	327619
1983	36084	327593
1984	36102	327581
1985	36120	327561
1986	36138	327538
1987	36157	327531
1988	36174	327500
1989	36193	327490
1990	36210	327462
1991	36228	327441
1992	36250	327456
1993	36268	327430
1994	36285	327404
1995	36306	327414
1996	36323	327382
1997	36339	327350
1998	36360	327355
1999	36378	327337
2000	36396	327317
2001	36412	327274
2002	36429	327243
2003	36445	327211
2004	36464	327197
2005	36481	327173
2006	36499	327149
2007	36516	327116
2008	36533	327088
2009	36550	327062
2010	36568	327039
2011	36585	327018
2012	36603	326992
2013	36620	326965
2014	36639	326951
2015	36656	326925
2016	36677	326934
2017	36699	326951
2018	36719	326947
2019	36738	326934
2020	36756	326918
2021	36774	326893
2022	36791	326866
2023	36822	326965
2024	36840	326942
2025	36858	326926
2026	36875	326898
2027	36893	326871
2028	36910	326847
2029	36927	326820
2030	36945	326794
2031	36962	326770
2032	36980	326746
2033	36998	326732
2034	37016	326706
2035	37033	326681
2036	37050	326653
2037	37068	326630
2038	37084	326598
2039	37101	326569
2040	37120	326555
2041	37138	326536
2042	37155	326510
2043	37177	326521
2044	37197	326522
2045	37215	326499
2046	37233	326478
2047	37252	326467
2048	37270	326452
2049	37289	326433
2050	37306	326409
2051	37324	326389
2052	37341	326361
2053	37357	326326
2054	37375	326302
2055	37393	326286
2056	37411	326264
2057	37428	326239
2058	37447	326220
2059	37464	326194
2060	37482	326173
2061	37499	326149
2062	37518	326137
2063	37535	326108
2064	37554	326093
2065	37572	326073
2066	37590	326053
2067	37607	326030
2068	37625	326005
2069	37641	325976
2070	37659	325949
2071	37676	325925
2072	37693	325897
2073	37710	325867
2074	37728	325843
2075	37746	325828
2076	37763	325800
2077	37781	325776
2078	37798	325753
2079	37817	325736
2080	37834	325714
2081	37851	325685
2082	37869	325661
2083	37887	325642
2084	37904	325613
2085	37921	325591
2086	37938	325561
2087	37955	325532
2088	37972	325505
2089	37990	325478
2090	38007	325458
2091	38024	325428
2092	38042	325403
2093	38059	325378
2094	38078	325366
2095	38095	325340
2096	38113	325314
2097	38130	325289
2098	38148	325268
2099	38166	325249
2100	38184	325232
2101	38202	325211
2102	38220	325192
2103	38237	325165
2104	38254	325140
2105	38272	325115
2106	38289	325087
2107	38306	325058
2108	38323	325028
2109	38339	324992
2110	38356	324970
2111	38374	324946
2112	38392	324925
2113	38409	324898
2114	38425	324865
2115	38444	324848
2116	38461	324824
2117	38478	324798
2118	38495	324765
2119	38512	324743
2120	38530	324723
2121	38548	324699
2122	38565	324673
2123	38582	324643
2124	38599	324615
2125	38617	324593
2126	38637	324593
2127	38656	324581
2128	38678	324593
2129	38697	324590
2130	38715	324568
2131	38734	324553
2132	38750	324520
2133	38769	324509
2134	38791	324520
2135	38808	324494
2136	38826	324475
2137	38847	324477
2138	38866	324472
2139	38885	324454
2140	38903	324441
2141	38921	324415
2142	38941	324419
2143	38960	324400
2144	38978	324383
2145	38996	324368
2146	39014	324344
2147	39031	324318
2148	39050	324302
2149	39071	324313
2150	39090	324301
2151	39109	324292
2152	39127	324268
2153	39145	324246
2154	39162	324222
2155	39180	324202
2156	39199	324188
2157	39216	324164
2158	39233	324137
2159	39251	324114
2160	39269	324092
2161	39285	324062
2162	39303	324038
2163	39321	324018
2164	39338	323989
2165	39357	323980
2166	39375	323961
2167	39392	323937
2168	39410	323915
2169	39427	323884
2170	39444	323859
2171	39462	323840
2172	39480	323821
2173	39497	323795
2174	39515	323768
2175	39532	323744
2176	39549	323716
2177	39567	323694
2178	39584	323673
2179	39601	323645
2180	39618	323618
2181	39636	323592
2182	39652	323557
2183	39670	323536
2184	39687	323515
2185	39703	323476
2186	39720	323450
2187	39737	323421
2188	39754	323392
2189	39771	323368
2190	39792	323368
2191	39810	323353
2192	39829	323340
2193	39849	323333
2194	39869	323331
2195	39888	323325
2196	39912	323348
2197	39931	323337
2198	39950	323328
2199	39974	323355
2200	39994	323355
2201	40014	323348
2202	40032	323329
2203	40054	323345
2204	40074	323336
2205	40091	323309
2206	40107	323279
2207	40125	323256
2208	40143	323234
2209	40160	323206
2210	40177	323181
2211	40195	323161
2212	40214	323152
2213	40235	323155
2214	40253	323133
2215	40270	323109
2216	40288	323086
2217	40305	323062
2218	40324	323053
2219	40348	323079
2220	40367	323063
2221	40385	323047
2222	40403	323024
2223	40420	323002
2224	40438	322979
2225	40460	322991
2226	40480	322988
2227	40498	322966
2228	40515	322943
2229	40533	322920
2230	40552	322911
2231	40571	322900
2232	40594	322921
2233	40613	322907
2234	40632	322896
2235	40652	322889
2236	40668	322859
2237	40686	322841
2238	40703	322808
2239	40720	322779
2240	40738	322760
2241	40756	322743
2242	40775	322728
2243	40792	322706
2244	40809	322680
2245	40828	322661
2246	40845	322640
2247	40863	322621
2248	40882	322602
2249	40899	322582
2250	40917	322556
2251	40933	322526
2252	40950	322499
2253	40967	322469
2254	40986	322454
2255	41004	322434
2256	41022	322415
2257	41040	322396
2258	41059	322389
2259	41077	322364
2260	41095	322346
2261	41114	322332
2262	41132	322317
2263	41151	322305
2264	41171	322299
2265	41190	322289
2266	41209	322281
2267	41228	322263
2268	41246	322245
2269	41265	322231
2270	41283	322217
2271	41302	322200
2272	41319	322178
2273	41337	322156
2274	41355	322139
2275	41374	322126
2276	41393	322114
2277	41413	322105
2278	41431	322090
2279	41451	322081
2280	41480	322152
2281	41497	322127
2282	41516	322115
2283	41535	322098
2284	41556	322107
2285	41574	322087
2286	41591	322057
2287	41608	322028
2288	41624	321996
2289	41642	321972
2290	41660	321956
2291	41680	321953
2292	41698	321931
2293	41716	321915
2294	41735	321897
2295	41753	321879
2296	41772	321870
2297	41790	321848
2298	41809	321838
2299	41827	321820
2300	41845	321800
2301	41863	321777
2302	41880	321749
2303	41898	321727
2304	41915	321702
2305	41933	321681
2306	41950	321655
2307	41967	321628
2308	41984	321605
2309	42001	321578
2310	42024	321594
2311	42043	321581
2312	42062	321566
2313	42080	321550
2314	42098	321532
2315	42116	321510
2316	42132	321479
2317	42149	321451
2318	42168	321434
2319	42185	321411
2320	42205	321408
2321	42224	321396
2322	42243	321380
2323	42262	321365
2324	42279	321345
2325	42299	321334
2326	42316	321309
2327	42334	321290
2328	42352	321270
2329	42370	321253
2330	42388	321229
2331	42406	321211
2332	42423	321184
2333	42441	321164
2334	42459	321146
2335	42478	321131
2336	42496	321113
2337	42513	321091
2338	42531	321069
2339	42547	321032
2340	42564	321008
2341	42581	320979
2342	42598	320955
2343	42615	320926
2344	42632	320897
2345	42652	320891
2346	42669	320866
2347	42687	320849
2348	42706	320838
2349	42724	320819
2350	42743	320801
2351	42762	320790
2352	42783	320793
2353	42801	320775
2354	42818	320748
2355	42836	320724
2356	42852	320696
2357	42870	320671
2358	42887	320649
2359	42905	320628
2360	42923	320610
2361	42941	320589
2362	42958	320563
2363	42975	320537
2364	42993	320514
2365	43014	320518
2366	43033	320504
2367	43051	320483
2368	43069	320464
2369	43087	320444
2370	43104	320417
2371	43121	320390
2372	43138	320364
2373	43156	320343
2374	43173	320317
2375	43190	320292
2376	43208	320275
2377	43225	320245
2378	43242	320220
2379	43262	320213
2380	43280	320196
2381	43298	320176
2382	43316	320157
2383	43333	320133
2384	43352	320119
2385	43370	320098
2386	43388	320079
2387	43406	320058
2388	43424	320038
2389	43441	320015
2390	43460	320003
2391	43480	319995
2392	43498	319979
2393	43517	319963
2394	43535	319941
2395	43552	319917
2396	43569	319891
2397	43587	319869
2398	43605	319851
2399	43624	319843
2400	43642	319820
2401	43660	319802
2402	43678	319779
2403	43697	319769
2404	43717	319763
2405	43735	319744
2406	43752	319720
2407	43769	319691
2408	43789	319686
2409	43806	319660
2410	43823	319636
2411	43843	319631
2412	43861	319607
2413	43879	319589
2414	43897	319570
2415	43919	319581
2416	43941	319590
2417	43962	319588
2418	43979	319566
2419	43997	319542
2420	44014	319521
2421	44032	319500
2422	44050	319481
2423	44069	319465
2424	44087	319447
2425	44105	319431
2426	44123	319412
2427	44142	319395
2428	44159	319367
2429	44176	319343
2430	44194	319321
2431	44211	319297
2432	44229	319276
2433	44247	319257
2434	44268	319259
2435	44288	319256
2436	44307	319239
2437	44324	319214
2438	44342	319194
2439	44360	319175
2440	44381	319181
2441	44399	319162
2442	44417	319144
2443	44436	319126
2444	44454	319108
2445	44475	319107
2446	44492	319087
2447	44514	319093
2448	44535	319095
2449	44554	319082
2450	44573	319071
2451	44590	319046
2452	44608	319022
2453	44625	318999
2454	44645	318991
2455	44663	318974
2456	44680	318949
2457	44700	318941
2458	44718	318923
2459	44735	318897
2460	44755	318889
2461	44773	318870
2462	44791	318848
2463	44810	318841
2464	44829	318826
2465	44850	318825
2466	44870	318823
2467	44891	318825
2468	44910	318812
2469	44930	318804
2470	44948	318788
2471	44970	318795
2472	44991	318797
2473	45013	318807
2474	45031	318786
2475	45050	318775
2476	45070	318765
2477	45087	318742
2478	45105	318725
2479	45123	318702
2480	45142	318689
2481	45159	318664
2482	45177	318646
2483	45197	318636
2484	45215	318619
2485	45234	318604
2486	45251	318579
2487	45270	318564
2488	45288	318546
2489	45307	318536
2490	45326	318519
2491	45344	318505
2492	45362	318484
2493	45380	318464
2494	45398	318447
2495	45417	318430
2496	45435	318411
2497	45453	318392
2498	45470	318366
2499	45487	318342
2500	45505	318322
2501	45523	318298
2502	45541	318281
2503	45559	318263
2504	45578	318250
2505	45597	318237
2506	45615	318217
2507	45634	318201
2508	45652	318186
2509	45670	318163
2510	45688	318143
2511	45706	318123
2512	45724	318104
2513	45741	318081
2514	45760	318065
2515	45778	318048
2516	45796	318030
2517	45813	318004
2518	45831	317982
2519	45849	317965
2520	45868	317948
2521	45884	317920
2522	45903	317904
2523	45921	317887
2524	45939	317863
2525	45958	317850
2526	45976	317832
2527	45995	317820
2528	46013	317802
2529	46031	317781
2530	46050	317765
2531	46068	317748
2532	46086	317731
2533	46105	317715
2534	46122	317693
2535	46140	317672
2536	46157	317645
2537	46174	317620
2538	46192	317600
2539	46211	317582
2540	46230	317571
2541	46249	317562
2542	46268	317544
2543	46286	317525
2544	46304	317506
2545	46323	317494
2546	46341	317473
2547	46359	317453
2548	46376	317427
2549	46395	317421
2550	46413	317396
2551	46431	317377
2552	46449	317361
2553	46469	317351
2554	46486	317325
2555	46504	317306
2556	46521	317282
2557	46539	317263
2558	46557	317241
2559	46574	317218
2560	46592	317197
2561	46612	317190
2562	46632	317186
2563	46651	317173
2564	46669	317153
2565	46689	317143
2566	46708	317135
2567	46726	317115
2568	46744	317095
2569	46761	317070
2570	46779	317052
2571	46798	317034
2572	46816	317019
2573	46835	317001
2574	46853	316983
2575	46872	316968
2576	46888	316941
2577	46906	316921
2578	46923	316895
2579	46941	316875
2580	46963	316877
2581	46981	316861
2582	46999	316841
2583	47016	316817
2584	47035	316801
2585	47054	316790
2586	47074	316786
2587	47095	316781
2588	47112	316758
2589	47130	316737
2590	47149	316724
2591	47166	316701
2592	47185	316684
2593	47203	316667
2594	47221	316648
2595	47240	316632
2596	47257	316610
2597	47274	316584
2598	47292	316563
2599	47311	316547
2600	47329	316527
2601	47346	316505
2602	47365	316491
2603	47383	316472
2604	47402	316462
2605	47420	316439
2606	47438	316420
2607	47457	316404
2608	47475	316385
2609	47492	316362
2610	47511	316346
2611	47528	316323
2612	47547	316307
2613	47568	316312
2614	47586	316290
2615	47605	316278
2616	47623	316258
2617	47641	316239
2618	47658	316214
2619	47676	316195
2620	47694	316174
2621	47715	316177
2622	47733	316156
2623	47752	316138
2624	47768	316110
2625	47787	316096
2626	47805	316077
2627	47824	316063
2628	47842	316047
2629	47863	316043
2630	47880	316021
2631	47899	316004
2632	47916	315982
2633	47935	315969
2634	47963	316013
2635	47986	316028
2636	48005	316016
2637	48023	315992
2638	48039	315960
2639	48057	315940
2640	48075	315923
2641	48094	315908
2642	48112	315892
2643	48131	315874
2644	48148	315851
2645	48165	315825
2646	48183	315807
2647	48202	315792
2648	48220	315773
2649	48240	315765
2650	48258	315746
2651	48276	315724
2652	48294	315706
2653	48312	315686
2654	48330	315670
2655	48349	315655
2656	48367	315635
2657	48385	315617
2658	48404	315601
2659	48422	315581
2660	48440	315565
2661	48457	315541
2662	48476	315522
2663	48494	315503
2664	48512	315484
2665	48530	315466
2666	48548	315445
2667	48566	315425
2668	48583	315403
2669	48602	315386
2670	48621	315375
2671	48638	315351
2672	48656	315327
2673	48674	315310
2674	48693	315299
2675	48712	315282
2676	48730	315267
2677	48748	315247
2678	48766	315226
2679	48784	315207
2680	48802	315189
2681	48820	315165
2682	48838	315144
2683	48856	315125
2684	48874	315109
2685	48892	315089
2686	48911	315075
2687	48930	315065
2688	48948	315045
2689	48967	315032
2690	48987	315025
2691	49005	315001
2692	49023	314984
2693	49041	314965
2694	49060	314953
2695	49082	314956
2696	49101	314943
2697	49119	314927
2698	49137	314902
2699	49155	314887
2700	49174	314875
2701	49193	314858
2702	49211	314841
2703	49229	314823
2704	49249	314816
2705	49270	314816
2706	49289	314801
2707	49307	314782
2708	49326	314765
2709	49344	314746
2710	49363	314736
2711	49381	314716
2712	49401	314711
2713	49419	314691
2714	49437	314673
2715	49456	314654
2716	49474	314637
2717	49493	314626
2718	49511	314606
2719	49529	314585
2720	49548	314572
2721	49567	314561
2722	49586	314545
2723	49604	314527
2724	49622	314506
2725	49640	314483
2726	49659	314472
2727	49677	314453
2728	49695	314433
2729	49713	314414
2730	49733	314409
2731	49752	314394
2732	49781	314445
2733	49800	314432
2734	49818	314410
2735	49837	314398
2736	49855	314381
2737	49873	314356
2738	49890	314336
2739	49911	314332
2740	49929	314312
2741	49946	314290
2742	49964	314267
2743	49981	314245
2744	50001	314232
2745	50021	314225
2746	50045	314243
2747	50067	314252
2748	50084	314228
2749	50103	314210
2750	50122	314196
2751	50141	314187
2752	50158	314162
2753	50176	314142
2754	50195	314128
2755	50216	314129
2756	50236	314120
2757	50254	314098
2758	50271	314075
2759	50289	314055
2760	50307	314035
2761	50325	314014
2762	50343	313996
2763	50362	313984
2764	50381	313965
2765	50401	313964
2766	50419	313943
2767	50436	313918
2768	50455	313900
2769	50473	313881
2770	50491	313863
2771	50508	313838
2772	50526	313817
2773	50543	313794
2774	50561	313773
2775	50578	313748
2776	50599	313744
2777	50617	313726
2778	50633	313697
2779	50651	313675
2780	50669	313652
2781	50686	313632
2782	50704	313609
2783	50722	313588
2784	50740	313570
2785	50758	313548
2786	50775	313526
2787	50793	313504
2788	50811	313485
2789	50829	313466
2790	50847	313444
2791	50872	313469
2792	50890	313451
2793	50911	313453
2794	50929	313432
2795	50948	313415
2796	50965	313394
2797	50983	313370
2798	51002	313356
2799	51020	313338
2800	51038	313318
2801	51056	313299
2802	51074	313280
2803	51094	313270
2804	51116	313278
2805	51134	313256
2806	51151	313232
2807	51169	313213
2808	51187	313194
2809	51206	313180
2810	51225	313163
2811	51243	313143
2812	51260	313123
2813	51278	313102
2814	51295	313077
2815	51314	313060
2816	51332	313040
2817	51349	313016
2818	51366	312993
2819	51385	312976
2820	51405	312971
2821	51423	312953
2822	51441	312930
2823	51458	312908
2824	51476	312888
2825	51495	312873
2826	51514	312856
2827	51536	312864
2828	51554	312845
2829	51573	312832
2830	51593	312823
2831	51611	312805
2832	51629	312782
2833	51647	312763
2834	51664	312738
2835	51682	312718
2836	51700	312700
2837	51718	312680
2838	51737	312664
2839	51758	312663
2840	51777	312651
2841	51795	312633
2842	51814	312619
2843	51832	312601
2844	51850	312578
2845	51867	312553
2846	51883	312524
2847	51901	312504
2848	51919	312484
2849	51937	312463
2850	51953	312430
2851	51969	312403
2852	51987	312379
2853	52004	312356
2854	52022	312338
2855	52041	312318
2856	52058	312296
2857	52076	312278
2858	52094	312259
2859	52112	312236
2860	52131	312224
2861	52148	312200
2862	52166	312177
2863	52184	312160
2864	52203	312143
2865	52223	312137
2866	52240	312115
2867	52260	312107
2868	52280	312095
2869	52297	312075
2870	52317	312064
2871	52335	312044
2872	52354	312028
2873	52371	312006
2874	52389	311984
2875	52407	311964
2876	52428	311965
2877	52446	311945
2878	52465	311930
2879	52484	311916
2880	52503	311905
2881	52521	311887
2882	52539	311867
2883	52558	311850
2884	52575	311827
2885	52594	311811
2886	52613	311796
2887	52630	311776
2888	52649	311762
2889	52668	311744
2890	52688	311738
2891	52706	311719
2892	52724	311702
2893	52743	311684
2894	52760	311661
2895	52778	311641
2896	52802	311654
2897	52823	311654
2898	52841	311634
2899	52861	311624
2900	52879	311609
2901	52900	311603
2902	52918	311585
2903	52945	311619
2904	52963	311599
2905	52981	311578
2906	53000	311567
2907	53019	311552
2908	53039	311543
2909	53057	311526
2910	53075	311504
2911	53093	311484
2912	53111	311465
2913	53128	311440
2914	53146	311424
2915	53165	311406
2916	53182	311385
2917	53199	311359
2918	53217	311338
2919	53234	311314
2920	53252	311295
2921	53275	311300
2922	53292	311277
2923	53311	311261
2924	53330	311252
2925	53348	311231
2926	53367	311214
2927	53385	311198
2928	53403	311176
2929	53423	311171
2930	53442	311152
2931	53460	311133
2932	53477	311112
2933	53495	311088
2934	53513	311068
2935	53530	311047
2936	53549	311031
2937	53569	311025
2938	53588	311009
2939	53607	310996
2940	53629	310998
2941	53647	310982
2942	53667	310974
2943	53686	310959
2944	53705	310942
2945	53726	310941
2946	53746	310934
2947	53765	310917
2948	53782	310897
2949	53799	310870
2950	53817	310851
2951	53836	310833
2952	53854	310817
2953	53872	310798
2954	53890	310778
2955	53910	310769
2956	53928	310750
2957	53946	310733
2958	53963	310707
2959	53981	310683
2960	53999	310663
2961	54016	310638
2962	54033	310616
2963	54051	310596
2964	54069	310576
2965	54087	310558
2966	54105	310537
2967	54123	310518
2968	54140	310491
2969	54157	310463
2970	54174	310442
2971	54192	310419
2972	54209	310398
2973	54231	310396
2974	54252	310395
2975	54273	310395
2976	54291	310372
2977	54309	310355
2978	54336	310388
2979	54357	310386
2980	54375	310367
2981	54393	310348
2982	54411	310328
2983	54431	310315
2984	54449	310296
2985	54467	310276
2986	54485	310258
2987	54503	310237
2988	54519	310206
2989	54537	310186
2990	54554	310165
2991	54571	310136
2992	54588	310113
2993	54606	310094
2994	54625	310077
2995	54642	310052
2996	54659	310028
2997	54676	310001
2998	54693	309978
2999	54715	309984
3000	54736	309977
3001	54754	309961
3002	54772	309939
3003	54790	309921
3004	54809	309905
3005	54827	309889
3006	54845	309869
3007	54866	309864
3008	54885	309852
3009	54904	309837
3010	54924	309828
3011	54941	309805
3012	54960	309788
3013	54978	309767
3014	54995	309745
3015	55014	309727
3016	55032	309710
3017	55050	309688
3018	55067	309668
3019	55085	309646
3020	55106	309644
3021	55125	309627
3022	55142	309605
3023	55161	309588
3024	55179	309568
3025	55201	309571
3026	55217	309543
3027	55233	309512
3028	55253	309501
3029	55271	309483
3030	55289	309463
3031	55306	309438
3032	55324	309418
3033	55341	309392
3034	55361	309385
3035	55384	309393
3036	55403	309381
3037	55422	309364
3038	55439	309341
3039	55456	309314
3040	55477	309314
3041	55496	309298
3042	55515	309285
3043	55537	309285
3044	55558	309287
3045	55579	309279
3046	55596	309256
3047	55613	309233
3048	55631	309211
3049	55650	309197
3050	55668	309176
3051	55687	309162
3052	55706	309152
3053	55727	309145
3054	55747	309137
3055	55767	309127
3056	55784	309104
3057	55803	309090
3058	55822	309075
3059	55841	309063
3060	55860	309050
3061	55878	309027
3062	55895	309003
3063	55913	308981
3064	55931	308963
3065	55949	308945
3066	55967	308926
3067	55985	308907
3068	56003	308884
3069	56021	308869
3070	56040	308849
3071	56057	308826
3072	56075	308809
3073	56098	308816
3074	56117	308803
3075	56135	308781
3076	56152	308758
3077	56170	308737
3078	56189	308725
3079	56212	308730
3080	56230	308712
3081	56249	308696
3082	56267	308676
3083	56285	308657
3084	56305	308651
3085	56324	308634
3086	56342	308613
3087	56359	308587
3088	56375	308561
3089	56394	308543
3090	56432	308635
3091	56450	308613
3092	56468	308593
3093	56484	308565
3094	56502	308543
3095	56520	308523
3096	56537	308500
3097	56554	308476
3098	56572	308454
3099	56590	308434
3100	56608	308415
3101	56626	308396
3102	56643	308371
3103	56661	308351
3104	56679	308333
3105	56697	308312
3106	56714	308290
3107	56733	308271
3108	56750	308250
3109	56768	308228
3110	56785	308205
3111	56803	308183
3112	56822	308168
3113	56841	308153
3114	56858	308130
3115	56876	308109
3116	56893	308086
3117	56911	308065
3118	56929	308047
3119	56948	308030
3120	56970	308037
3121	56989	308020
3122	57010	308015
3123	57029	308001
3124	57050	307999
3125	57067	307975
3126	57086	307962
3127	57104	307940
3128	57121	307917
3129	57139	307897
3130	57158	307879
3131	57176	307861
3132	57193	307838
3133	57211	307819
3134	57229	307799
3135	57247	307778
3136	57264	307752
3137	57283	307740
3138	57304	307736
3139	57321	307710
3140	57338	307687
3141	57357	307672
3142	57376	307656
3143	57392	307627
3144	57410	307609
3145	57428	307590
3146	57445	307562
3147	57463	307543
3148	57482	307529
3149	57500	307510
3150	57519	307497
3151	57537	307474
3152	57559	307476
3153	57577	307455
3154	57594	307433
3155	57612	307414
3156	57630	307392
3157	57649	307378
3158	57667	307358
3159	57686	307343
3160	57704	307326
3161	57726	307329
3162	57746	307319
3163	57764	307299
3164	57782	307278
3165	57801	307264
3166	57819	307243
3167	57836	307221
3168	57856	307211
3169	57873	307187
3170	57891	307164
3171	57908	307143
3172	57925	307115
3173	57941	307088
3174	57959	307064
3175	57979	307056
3176	58000	307055
3177	58018	307032
3178	58034	307005
3179	58051	306979
3180	58069	306957
3181	58087	306937
3182	58105	306921
3183	58124	306905
3184	58142	306884
3185	58159	306863
3186	58177	306843
3187	58198	306836
3188	58217	306824
3189	58235	306805
3190	58254	306788
3191	58271	306767
3192	58291	306757
3193	58312	306753
3194	58331	306737
3195	58349	306720
3196	58371	306717
3197	58389	306699
3198	58407	306680
3199	58426	306667
3200	58445	306650
3201	58462	306626
3202	58481	306610
3203	58499	306591
3204	58517	306571
3205	58535	306554
3206	58553	306532
3207	58570	306510
3208	58587	306485
3209	58605	306463
3210	58623	306443
3211	58640	306419
3212	58657	306394
3213	58674	306371
3214	58691	306345
3215	58709	306323
3216	58725	306297
3217	58742	306273
3218	58760	306254
3219	58778	306231
3220	58795	306210
3221	58812	306182
3222	58829	306155
3223	58850	306154
3224	58867	306130
3225	58885	306107
3226	58903	306089
3227	58920	306065
3228	58937	306041
3229	58956	306023
3230	58973	306000
3231	58990	305974
3232	59007	305953
3233	59024	305928
3234	59046	305930
3235	59065	305912
3236	59083	305892
3237	59100	305870
3238	59117	305847
3239	59135	305824
3240	59153	305805
3241	59170	305782
3242	59188	305761
3243	59205	305735
3244	59222	305712
3245	59239	305689
3246	59257	305667
3247	59275	305646
3248	59293	305626
3249	59310	305604
3250	59328	305583
3251	59345	305562
3252	59364	305547
3253	59385	305541
3254	59407	305542
3255	59426	305527
3256	59443	305503
3257	59461	305482
3258	59480	305468
3259	59500	305461
3260	59519	305446
3261	59537	305424
3262	59555	305406
3263	59575	305399
3264	59597	305397
3265	59616	305384
3266	59634	305364
3267	59651	305340
3268	59672	305334
3269	59692	305326
3270	59711	305309
3271	59732	305305
3272	59753	305304
3273	59771	305285
3274	59788	305258
3275	59805	305236
3276	59825	305222
3277	59841	305196
3278	59858	305169
3279	59875	305146
3280	59898	305149
3281	59916	305131
3282	59933	305105
3283	59950	305082
3284	59968	305061
3285	59985	305040
3286	60003	305017
3287	60020	304995
3288	60037	304972
3289	60055	304952
3290	60074	304934
3291	60092	304915
3292	60111	304899
3293	60128	304879
3294	60147	304861
3295	60167	304853
3296	60188	304850
3297	60206	304829
3298	60225	304813
3299	60242	304790
3300	60260	304770
3301	60277	304748
3302	60295	304727
3303	60312	304704
3304	60330	304683
3305	60348	304661
3306	60365	304640
3307	60383	304620
3308	60400	304594
3309	60420	304582
3310	60437	304558
3311	60454	304536
3312	60472	304517
3313	60490	304497
3314	60512	304495
3315	60533	304492
3316	60551	304470
3317	60567	304444
3318	60585	304422
3319	60603	304405
3320	60622	304387
3321	60640	304368
3322	60657	304343
3323	60675	304326
3324	60693	304306
3325	60711	304289
3326	60733	304290
3327	60752	304272
3328	60774	304273
3329	60792	304255
3330	60810	304235
3331	60829	304218
3332	60847	304200
3333	60865	304178
3334	60883	304161
3335	60901	304141
3336	60918	304119
3337	60935	304094
3338	60952	304070
3339	60970	304050
3340	60988	304031
3341	61005	304004
3342	61022	303981
3343	61039	303955
3344	61061	303958
3345	61080	303940
3346	61097	303918
3347	61115	303897
3348	61132	303874
3349	61150	303853
3350	61169	303839
3351	61190	303833
3352	61213	303838
3353	61232	303824
3354	61249	303802
3355	61268	303787
3356	61287	303771
3357	61305	303753
3358	61324	303737
3359	61342	303719
3360	61360	303697
3361	61377	303674
3362	61395	303656
3363	61414	303638
3364	61432	303619
3365	61450	303599
3366	61468	303579
3367	61485	303556
3368	61504	303541
3369	61522	303523
3370	61540	303504
3371	61558	303483
3372	61575	303460
3373	61592	303437
3374	61610	303416
3375	61629	303402
3376	61647	303380
3377	61664	303359
3378	61681	303333
3379	61698	303310
3380	61717	303292
3381	61735	303274
3382	61752	303249
3383	61769	303226
3384	61787	303205
3385	61805	303185
3386	61823	303165
3387	61842	303150
3388	61860	303134
3389	61878	303112
3390	61896	303095
3391	61915	303078
3392	61933	303058
3393	61951	303038
3394	61969	303020
3395	61987	303000
3396	62005	302983
3397	62025	302970
3398	62046	302967
3399	62065	302952
3400	62085	302940
3401	62103	302923
3402	62121	302904
3403	62139	302885
3404	62157	302866
3405	62176	302848
3406	62193	302824
3407	62209	302798
3408	62229	302787
3409	62249	302775
3410	62266	302750
3411	62283	302729
3412	62301	302711
3413	62319	302687
3414	62339	302677
3415	62357	302659
3416	62374	302635
3417	62392	302615
3418	62412	302607
3419	62431	302593
3420	62450	302578
3421	62469	302563
3422	62486	302538
3423	62504	302517
3424	62522	302497
3425	62541	302483
3426	62559	302463
3427	62577	302446
3428	62594	302422
3429	62614	302409
3430	62631	302389
3431	62649	302369
3432	62666	302342
3433	62685	302326
3434	62702	302306
3435	62720	302287
3436	62738	302267
3437	62757	302251
3438	62775	302233
3439	62793	302212
3440	62811	302193
3441	62829	302171
3442	62847	302154
3443	62864	302127
3444	62881	302106
3445	62899	302087
3446	62916	302062
3447	62934	302040
3448	62953	302027
3449	62973	302019
3450	62991	301997
3451	63012	301992
3452	63031	301979
3453	63050	301961
3454	63067	301940
3455	63085	301921
3456	63104	301904
3457	63121	301881
3458	63139	301860
3459	63156	301834
3460	63175	301822
3461	63193	301802
3462	63211	301782
3463	63229	301765
3464	63246	301739
3465	63265	301724
3466	63285	301715
3467	63307	301716
3468	63326	301698
3469	63343	301676
3470	63360	301651
3471	63378	301630
3472	63396	301613
3473	63417	301608
3474	63437	301598
3475	63456	301582
3476	63475	301566
3477	63494	301551
3478	63514	301543
3479	63532	301524
3480	63551	301510
3481	63570	301494
3482	63587	301472
3483	63611	301479
3484	63632	301475
3485	63651	301458
3486	63670	301444
3487	63690	301436
3488	63709	301418
3489	63727	301399
3490	63746	301384
3491	63765	301368
3492	63783	301348
3493	63803	301339
3494	63823	301330
3495	63842	301316
3496	63860	301298
3497	63879	301281
3498	63898	301269
3499	63917	301253
3500	63936	301237
3501	63955	301222
3502	63976	301215
3503	63993	301195
3504	64012	301177
3505	64030	301159
3506	64048	301139
3507	64066	301119
3508	64085	301103
3509	64105	301093
3510	64123	301076
3511	64141	301056
3512	64159	301038
3513	64178	301021
3514	64196	301001
3515	64215	300987
3516	64233	300969
3517	64252	300951
3518	64271	300939
3519	64290	300925
3520	64310	300911
3521	64327	300890
3522	64346	300872
3523	64365	300858
3524	64383	300838
3525	64401	300822
3526	64423	300819
3527	64445	300816
3528	64464	300802
3529	64484	300791
3530	64502	300775
3531	64520	300753
3532	64539	300739
3533	64558	300723
3534	64579	300717
3535	64597	300701
3536	64616	300684
3537	64634	300665
3538	64652	300645
3539	64671	300628
3540	64689	300613
3541	64708	300594
3542	64726	300576
3543	64750	300586
3544	64770	300573
3545	64789	300562
3546	64809	300548
3547	64828	300535
3548	64849	300527
3549	64867	300510
3550	64885	300492
3551	64904	300474
3552	64924	300465
3553	64943	300452
3554	64961	300432
3555	64979	300411
3556	64998	300396
3557	65016	300378
3558	65034	300358
3559	65056	300355
3560	65077	300350
3561	65095	300329
3562	65113	300309
3563	65132	300296
3564	65155	300298
3565	65173	300280
3566	65192	300266
3567	65214	300265
3568	65233	300248
3569	65250	300226
3570	65269	300211
3571	65286	300188
3572	65304	300167
3573	65323	300151
3574	65340	300128
3575	65359	300113
3576	65378	300097
3577	65396	300078
3578	65415	300064
3579	65445	300096
3580	65463	300078
3581	65482	300066
3582	65500	300044
3583	65519	300027
3584	65538	300014
3585	65557	299998
3586	65580	300001
3587	65599	299988
3588	65617	299969
3589	65634	299946
3590	65652	299923
3591	65670	299903
3592	65692	299903
3593	65710	299884
3594	65728	299864
3595	65746	299844
3596	65764	299825
3597	65781	299802
3598	65800	299787
3599	65818	299764
3600	65840	299764
3601	65861	299759
3602	65881	299747
3603	65899	299728
3604	65917	299709
3605	65934	299687
3606	65952	299666
3607	65975	299668
3608	65992	299646
3609	66011	299632
3610	66031	299620
3611	66054	299624
3612	66073	299607
3613	66091	299587
3614	66109	299567
3615	66128	299551
3616	66151	299557
3617	66169	299537
3618	66187	299519
3619	66205	299496
3620	66223	299476
3621	66240	299453
3622	66258	299436
3623	66277	299421
3624	66294	299397
3625	66313	299380
3626	66334	299375
3627	66356	299373
3628	66377	299368
3629	66394	299343
3630	66413	299326
3631	66432	299313
3632	66450	299293
3633	66469	299276
3634	66488	299260
3635	66506	299244
3636	66525	299229
3637	66544	299211
3638	66562	299193
3639	66581	299178
3640	66599	299158
3641	66618	299142
3642	66636	299123
3643	66653	299098
3644	66671	299081
3645	66689	299062
3646	66709	299049
3647	66728	299034
3648	66746	299016
3649	66765	298997
3650	66785	298990
3651	66803	298970
3652	66822	298955
3653	66843	298946
3654	66860	298926
3655	66880	298912
3656	66899	298897
3657	66917	298877
3658	66935	298858
3659	66952	298835
3660	66971	298821
3661	66990	298806
3662	67011	298797
3663	67030	298782
3664	67049	298769
3665	67078	298798
3666	67098	298785
3667	67118	298775
3668	67137	298760
3669	67158	298754
3670	67177	298738
3671	67198	298732
3672	67215	298709
3673	67235	298699
3674	67256	298690
3675	67276	298680
3676	67296	298668
3677	67317	298662
3678	67335	298645
3679	67355	298632
3680	67375	298621
3681	67396	298614
3682	67414	298598
3683	67437	298597
3684	67455	298580
3685	67475	298570
3686	67501	298584
3687	67521	298573
3688	67541	298561
3689	67561	298550
3690	67582	298546
3691	67600	298528
3692	67620	298513
3693	67639	298498
3694	67658	298483
3695	67677	298470
3696	67696	298455
3697	67715	298437
3698	67734	298423
3699	67752	298405
3700	67773	298399
3701	67792	298383
3702	67811	298365
3703	67830	298351
3704	67852	298351
3705	67874	298346
3706	67893	298332
3707	67912	298317
3708	67931	298300
3709	67952	298293
3710	67972	298282
3711	67990	298266
3712	68008	298246
3713	68028	298234
3714	68048	298223
3715	68068	298213
3716	68087	298198
3717	68107	298184
3718	68126	298169
3719	68146	298159
3720	68166	298147
3721	68184	298130
3722	68207	298129
3723	68226	298114
3724	68243	298091
3725	68265	298091
3726	68283	298069
3727	68301	298049
3728	68320	298032
3729	68338	298013
3730	68358	298001
3731	68376	297982
3732	68394	297963
3733	68412	297945
3734	68430	297924
3735	68448	297905
3736	68466	297886
3737	68485	297869
3738	68503	297848
3739	68523	297839
3740	68542	297824
3741	68561	297807
3742	68579	297788
3743	68598	297771
3744	68615	297747
3745	68634	297735
3746	68653	297718
3747	68671	297698
3748	68689	297680
3749	68708	297661
3750	68728	297653
3751	68747	297636
3752	68765	297616
3753	68784	297602
3754	68803	297584
3755	68821	297567
3756	68840	297550
3757	68859	297536
3758	68879	297524
3759	68898	297507
3760	68915	297487
3761	68933	297466
3762	68954	297460
3763	68972	297439
3764	68990	297420
3765	69009	297402
3766	69031	297399
3767	69054	297403
3768	69073	297388
3769	69091	297367
3770	69110	297351
3771	69127	297328
3772	69145	297310
3773	69164	297295
3774	69184	297281
3775	69203	297267
3776	69224	297261
3777	69245	297253
3778	69263	297234
3779	69282	297218
3780	69304	297215
3781	69323	297198
3782	69340	297175
3783	69357	297153
3784	69382	297164
3785	69403	297156
3786	69421	297137
3787	69442	297130
3788	69462	297117
3789	69481	297102
3790	69498	297079
3791	69518	297065
3792	69536	297045
3793	69554	297027
3794	69572	297008
3795	69590	296989
3796	69608	296969
3797	69625	296945
3798	69643	296923
3799	69660	296898
3800	69677	296874
3801	69694	296854
3802	69713	296835
3803	69731	296818
3804	69748	296793
3805	69765	296770
3806	69784	296753
3807	69802	296734
3808	69819	296711
3809	69838	296692
3810	69856	296673
3811	69872	296647
3812	69895	296649
3813	69916	296642
3814	69935	296627
3815	69956	296619
3816	69974	296599
3817	69991	296574
3818	70009	296554
3819	70027	296533
3820	70045	296515
3821	70063	296497
3822	70086	296495
3823	70103	296474
3824	70121	296454
3825	70139	296432
3826	70156	296409
3827	70175	296393
3828	70193	296374
3829	70210	296352
3830	70229	296335
3831	70247	296313
3832	70265	296295
3833	70283	296277
3834	70303	296265
3835	70322	296248
3836	70339	296224
3837	70356	296202
3838	70374	296179
3839	70392	296160
3840	70409	296139
3841	70428	296122
3842	70447	296104
3843	70464	296081
3844	70480	296056
3845	70498	296036
3846	70516	296016
3847	70534	295994
3848	70553	295978
3849	70570	295958
3850	70587	295933
3851	70605	295913
3852	70623	295892
3853	70643	295879
3854	70659	295855
3855	70677	295833
3856	70695	295814
3857	70713	295796
3858	70731	295775
3859	70749	295754
3860	70765	295728
3861	70783	295709
3862	70800	295683
3863	70820	295670
3864	70841	295664
3865	70858	295642
3866	70876	295621
3867	70895	295604
3868	70913	295584
3869	70930	295562
3870	70947	295537
3871	70965	295516
3872	70982	295495
3873	71000	295473
3874	71018	295454
3875	71036	295433
3876	71057	295428
3877	71077	295415
3878	71096	295402
3879	71114	295379
3880	71130	295354
3881	71148	295334
3882	71166	295315
3883	71184	295293
3884	71202	295273
3885	71220	295253
3886	71236	295228
3887	71254	295208
3888	71272	295186
3889	71288	295161
3890	71307	295142
3891	71324	295119
3892	71341	295095
3893	71358	295071
3894	71375	295049
3895	71392	295025
3896	71410	295006
3897	71427	294982
3898	71446	294966
3899	71463	294941
3900	71481	294920
3901	71499	294904
3902	71521	294900
3903	71538	294878
3904	71556	294855
3905	71573	294833
3906	71591	294811
3907	71607	294787
3908	71626	294770
3909	71644	294751
3910	71668	294754
3911	71692	294760
3912	71710	294739
3913	71728	294720
3914	71746	294700
3915	71763	294676
3916	71782	294660
3917	71804	294656
3918	71821	294633
3919	71840	294620
3920	71858	294598
3921	71875	294576
3922	71895	294565
3923	71916	294555
3924	71934	294535
3925	71951	294514
3926	71969	294493
3927	71986	294470
3928	72005	294454
3929	72023	294435
3930	72041	294414
3931	72059	294394
3932	72077	294375
3933	72106	294400
3934	72126	294390
3935	72145	294372
3936	72162	294352
3937	72180	294331
3938	72198	294311
3939	72216	294292
3940	72234	294272
3941	72253	294255
3942	72270	294232
3943	72289	294216
3944	72308	294201
3945	72326	294179
3946	72344	294162
3947	72361	294138
3948	72380	294120
3949	72399	294105
3950	72418	294092
3951	72436	294072
3952	72455	294054
3953	72473	294037
3954	72491	294014
3955	72508	293995
3956	72526	293971
3957	72543	293951
3958	72562	293932
3959	72578	293908
3960	72596	293887
3961	72614	293866
3962	72632	293845
3963	72653	293841
3964	72674	293833
3965	72694	293818
3966	72714	293809
3967	72735	293799
3968	72752	293776
3969	72770	293756
3970	72788	293737
3971	72805	293716
3972	72823	293693
3973	72840	293670
3974	72859	293654
3975	72877	293636
3976	72894	293611
3977	72912	293591
3978	72929	293570
3979	72947	293549
3980	72965	293530
3981	72983	293508
3982	73001	293489
3983	73022	293481
3984	73039	293459
3985	73056	293437
3986	73074	293416
3987	73092	293396
3988	73109	293370
3989	73127	293351
3990	73145	293332
3991	73161	293307
3992	73183	293303
3993	73201	293282
3994	73219	293261
3995	73236	293239
3996	73253	293217
3997	73270	293190
3998	73289	293175
3999	73306	293153
4000	73324	293132
4001	73342	293112
4002	73359	293091
4003	73377	293070
4004	73396	293056
4005	73414	293035
4006	73432	293014
4007	73452	293001
4008	73469	292980
4009	73487	292958
4010	73508	292953
4011	73526	292933
4012	73543	292910
4013	73561	292890
4014	73578	292865
4015	73596	292845
4016	73614	292825
4017	73633	292811
4018	73650	292789
4019	73668	292768
4020	73687	292753
4021	73705	292734
4022	73724	292715
4023	73741	292694
4024	73758	292670
4025	73775	292646
4026	73792	292622
4027	73810	292602
4028	73833	292602
4029	73852	292588
4030	73872	292575
4031	73890	292554
4032	73906	292529
4033	73925	292512
4034	73944	292498
4035	73962	292478
4036	73979	292454
4037	73998	292440
4038	74016	292420
4039	74034	292399
4040	74052	292379
4041	74069	292357
4042	74086	292333
4043	74104	292311
4044	74122	292292
4045	74140	292274
4046	74162	292269
4047	74180	292252
4048	74198	292232
4049	74215	292207
4050	74233	292187
4051	74250	292163
4052	74267	292142
4053	74285	292122
4054	74303	292100
4055	74320	292079
4056	74337	292053
4057	74354	292030
4058	74371	292007
4059	74388	291982
4060	74405	291960
4061	74423	291940
4062	74441	291922
4063	74459	291902
4064	74477	291882
4065	74495	291863
4066	74512	291840
4067	74535	291838
4068	74554	291822
4069	74572	291805
4070	74594	291800
4071	74613	291783
4072	74631	291764
4073	74650	291748
4074	74669	291731
4075	74687	291713
4076	74707	291700
4077	74725	291681
4078	74744	291666
4079	74762	291646
4080	74782	291635
4081	74801	291618
4082	74819	291598
4083	74837	291580
4084	74857	291570
4085	74879	291564
4086	74897	291545
4087	74917	291532
4088	74934	291507
4089	74953	291492
4090	74971	291473
4091	74989	291455
4092	75007	291433
4093	75024	291412
4094	75042	291393
4095	75060	291373
4096	75081	291365
4097	75099	291344
4098	75116	291321
4099	75134	291300
4100	75151	291278
4101	75169	291257
4102	75186	291234
4103	75203	291213
4104	75221	291190
4105	75237	291166
4106	75254	291140
4107	75272	291122
4108	75289	291098
4109	75306	291076
4110	75323	291053
4111	75341	291033
4112	75358	291010
4113	75376	290988
4114	75394	290968
4115	75411	290945
4116	75429	290925
4117	75448	290910
4118	75466	290889
4119	75488	290886
4120	75510	290884
4121	75530	290872
4122	75549	290855
4123	75568	290840
4124	75586	290821
4125	75604	290802
4126	75623	290786
4127	75642	290768
4128	75661	290752
4129	75680	290737
4130	75698	290719
4131	75720	290715
4132	75740	290702
4133	75761	290692
4134	75779	290675
4135	75799	290662
4136	75817	290643
4137	75836	290627
4138	75854	290607
4139	75873	290590
4140	75891	290570
4141	75912	290562
4142	75929	290542
4143	75947	290522
4144	75966	290505
4145	75983	290482
4146	76005	290477
4147	76026	290470
4148	76043	290447
4149	76060	290424
4150	76079	290408
4151	76098	290390
4152	76116	290369
4153	76132	290345
4154	76150	290326
4155	76169	290307
4156	76187	290289
4157	76205	290269
4158	76223	290250
4159	76241	290230
4160	76263	290227
4161	76282	290212
4162	76301	290194
4163	76319	290175
4164	76338	290160
4165	76356	290140
4166	76375	290125
4167	76398	290122
4168	76417	290106
4169	76437	290096
4170	76458	290088
4171	76479	290078
4172	76501	290076
4173	76524	290072
4174	76544	290062
4175	76562	290042
4176	76580	290023
4177	76599	290007
4178	76618	289989
4179	76640	289985
4180	76659	289970
4181	76677	289951
4182	76696	289934
4183	76715	289918
4184	76733	289898
4185	76753	289888
4186	76772	289872
4187	76791	289855
4188	76810	289841
4189	76828	289822
4190	76847	289806
4191	76866	289789
4192	76883	289768
4193	76902	289752
4194	76921	289734
4195	76940	289717
4196	76959	289704
4197	76978	289686
4198	76996	289669
4199	77014	289646
4200	77033	289630
4201	77051	289612
4202	77070	289596
4203	77088	289576
4204	77106	289557
4205	77124	289539
4206	77146	289533
4207	77166	289519
4208	77183	289496
4209	77201	289477
4210	77219	289459
4211	77240	289448
4212	77258	289432
4213	77276	289412
4214	77296	289398
4215	77316	289386
4216	77335	289369
4217	77352	289349
4218	77371	289332
4219	77390	289317
4220	77408	289296
4221	77426	289277
4222	77446	289265
4223	77466	289251
4224	77485	289234
4225	77504	289218
4226	77522	289199
4227	77540	289182
4228	77557	289158
4229	77575	289137
4230	77592	289115
4231	77609	289092
4232	77627	289071
4233	77646	289055
4234	77664	289035
4235	77682	289018
4236	77700	288998
4237	77718	288977
4238	77736	288957
4239	77753	288936
4240	77771	288914
4241	77791	288903
4242	77810	288885
4243	77827	288865
4244	77844	288840
4245	77860	288815
4246	77878	288794
4247	77898	288783
4248	77920	288775
4249	77939	288759
4250	77963	288762
4251	77982	288746
4252	78000	288727
4253	78018	288709
4254	78037	288692
4255	78060	288691
4256	78083	288688
4257	78100	288669
4258	78119	288651
4259	78136	288628
4260	78153	288605
4261	78171	288586
4262	78189	288565
4263	78206	288544
4264	78225	288527
4265	78243	288505
4266	78260	288483
4267	78278	288463
4268	78296	288444
4269	78315	288430
4270	78338	288426
4271	78356	288406
4272	78374	288386
4273	78391	288364
4274	78410	288347
4275	78428	288331
4276	78450	288324
4277	78468	288304
4278	78487	288290
4279	78505	288270
4280	78524	288253
4281	78542	288232
4282	78561	288217
4283	78578	288195
4284	78596	288176
4285	78614	288155
4286	78632	288137
4287	78651	288118
4288	78668	288096
4289	78686	288075
4290	78704	288056
4291	78726	288051
4292	78747	288042
4293	78765	288024
4294	78785	288012
4295	78804	287995
4296	78824	287983
4297	78842	287963
4298	78863	287954
4299	78885	287950
4300	78906	287941
4301	78924	287921
4302	78942	287903
4303	78960	287881
4304	78979	287865
4305	78996	287843
4306	79014	287823
4307	79033	287806
4308	79054	287798
4309	79072	287781
4310	79092	287766
4311	79110	287746
4312	79128	287728
4313	79147	287711
4314	79164	287690
4315	79184	287675
4316	79201	287653
4317	79218	287631
4318	79239	287619
4319	79259	287610
4320	79276	287587
4321	79294	287566
4322	79311	287544
4323	79328	287520
4324	79347	287503
4325	79365	287485
4326	79383	287463
4327	79401	287443
4328	79419	287423
4329	79437	287405
4330	79458	287396
4331	79477	287381
4332	79498	287370
4333	79518	287360
4334	79540	287353
4335	79558	287335
4336	79577	287320
4337	79597	287307
4338	79615	287286
4339	79633	287266
4340	79650	287244
4341	79669	287228
4342	79686	287205
4343	79704	287185
4344	79722	287164
4345	79740	287145
4346	79757	287123
4347	79776	287106
4348	79795	287091
4349	79812	287067
4350	79832	287057
4351	79855	287054
4352	79876	287045
4353	79896	287034
4354	79915	287016
4355	79935	287003
4356	79952	286982
4357	79971	286964
4358	79989	286944
4359	80007	286925
4360	80025	286907
4361	80045	286893
4362	80062	286871
4363	80079	286848
4364	80097	286827
4365	80115	286807
4366	80134	286791
4367	80150	286767
4368	80168	286747
4369	80186	286726
4370	80208	286721
4371	80228	286709
4372	80246	286689
4373	80264	286669
4374	80282	286650
4375	80301	286633
4376	80322	286624
4377	80342	286614
4378	80362	286598
4379	80380	286578
4380	80399	286565
4381	80416	286541
4382	80434	286519
4383	80454	286507
4384	80474	286498
4385	80494	286482
4386	80512	286463
4387	80529	286442
4388	80547	286420
4389	80565	286400
4390	80583	286381
4391	80600	286359
4392	80618	286340
4393	80639	286332
4394	80661	286324
4395	80679	286307
4396	80699	286294
4397	80717	286272
4398	80735	286252
4399	80752	286230
4400	80771	286213
4401	80791	286201
4402	80809	286181
4403	80827	286163
4404	80844	286139
4405	80863	286122
4406	80884	286116
4407	80905	286107
4408	80928	286104
4409	80947	286088
4410	80964	286065
4411	80981	286042
4412	80998	286019
4413	81015	285997
4414	81033	285975
4415	81054	285967
4416	81073	285952
4417	81092	285934
4418	81111	285920
4419	81129	285898
4420	81146	285874
4421	81166	285862
4422	81185	285846
4423	81203	285825
4424	81222	285810
4425	81240	285790
4426	81258	285770
4427	81278	285760
4428	81297	285745
4429	81316	285727
4430	81334	285706
4431	81352	285687
4432	81370	285670
4433	81391	285660
4434	81413	285655
4435	81434	285643
4436	81454	285632
4437	81475	285624
4438	81492	285601
4439	81510	285581
4440	81528	285561
4441	81546	285539
4442	81563	285518
4443	81581	285499
4444	81601	285486
4445	81621	285473
4446	81639	285455
4447	81658	285438
4448	81677	285420
4449	81696	285404
4450	81716	285394
4451	81735	285377
4452	81753	285356
4453	81771	285336
4454	81789	285318
4455	81808	285301
4456	81827	285285
4457	81844	285261
4458	81862	285241
4459	81879	285220
4460	81898	285202
4461	81915	285181
4462	81933	285160
4463	81952	285143
4464	81973	285135
4465	81990	285113
4466	82008	285092
4467	82025	285069
4468	82043	285050
4469	82060	285028
4470	82082	285020
4471	82100	285000
4472	82119	284985
4473	82138	284968
4474	82160	284964
4475	82179	284949
4476	82198	284930
4477	82217	284916
4478	82236	284900
4479	82255	284883
4480	82273	284864
4481	82292	284847
4482	82310	284826
4483	82330	284815
4484	82355	284820
4485	82375	284805
4486	82393	284787
4487	82411	284766
4488	82429	284748
4489	82446	284725
4490	82464	284706
4491	82482	284685
4492	82500	284666
4493	82518	284645
4494	82540	284639
4495	82558	284620
4496	82576	284600
4497	82593	284578
4498	82611	284557
4499	82628	284537
4500	82646	284517
4501	82663	284491
4502	82684	284483
4503	82705	284475
4504	82723	284454
4505	82741	284433
4506	82757	284410
4507	82776	284391
4508	82798	284385
4509	82817	284370
4510	82838	284361
4511	82859	284352
4512	82879	284338
4513	82898	284322
4514	82915	284301
4515	82933	284281
4516	82951	284262
4517	82968	284239
4518	82986	284217
4519	83003	284194
4520	83020	284172
4521	83038	284152
4522	83055	284130
4523	83074	284112
4524	83092	284094
4525	83111	284076
4526	83128	284055
4527	83146	284033
4528	83164	284016
4529	83183	283997
4530	83200	283977
4531	83220	283964
4532	83243	283959
4533	83260	283937
4534	83277	283916
4535	83295	283895
4536	83315	283881
4537	83333	283863
4538	83352	283847
4539	83384	283876
4540	83403	283858
4541	83421	283840
4542	83441	283825
4543	83459	283806
4544	83477	283785
4545	83498	283777
4546	83517	283762
4547	83536	283745
4548	83558	283737
4549	83578	283726
4550	83598	283712
4551	83616	283693
4552	83635	283676
4553	83658	283674
4554	83679	283665
4555	83700	283655
4556	83718	283636
4557	83736	283614
4558	83753	283593
4559	83771	283572
4560	83790	283557
4561	83808	283536
4562	83826	283516
4563	83843	283495
4564	83861	283477
4565	83878	283453
4566	83896	283434
4567	83914	283413
4568	83932	283392
4569	83950	283372
4570	83967	283351
4571	83984	283328
4572	84002	283308
4573	84019	283285
4574	84036	283263
4575	84056	283249
4576	84075	283233
4577	84094	283217
4578	84116	283211
4579	84133	283189
4580	84153	283175
4581	84172	283157
4582	84190	283139
4583	84208	283120
4584	84227	283102
4585	84244	283079
4586	84264	283067
4587	84282	283047
4588	84300	283027
4589	84318	283009
4590	84337	282992
4591	84355	282974
4592	84374	282955
4593	84393	282939
4594	84411	282922
4595	84429	282900
4596	84446	282878
4597	84465	282860
4598	84484	282845
4599	84502	282826
4600	84525	282824
4601	84543	282805
4602	84561	282784
4603	84579	282765
4604	84597	282744
4605	84614	282723
4606	84632	282703
4607	84650	282683
4608	84669	282666
4609	84687	282646
4610	84705	282626
4611	84722	282605
4612	84739	282582
4613	84757	282560
4614	84774	282539
4615	84792	282520
4616	84810	282498
4617	84827	282477
4618	84845	282458
4619	84864	282439
4620	84882	282420
4621	84899	282399
4622	84917	282378
4623	84937	282364
4624	84955	282345
4625	84975	282332
4626	84993	282313
4627	85011	282295
4628	85030	282276
4629	85049	282261
4630	85067	282240
4631	85086	282226
4632	85106	282211
4633	85126	282198
4634	85144	282180
4635	85163	282163
4636	85183	282152
4637	85204	282141
4638	85223	282123
4639	85240	282102
4640	85258	282082
4641	85276	282061
4642	85294	282042
4643	85312	282024
4644	85330	282004
4645	85349	281986
4646	85367	281967
4647	85384	281945
4648	85402	281926
4649	85420	281905
4650	85437	281883
4651	85455	281862
4652	85472	281840
4653	85490	281821
4654	85508	281801
4655	85525	281778
4656	85542	281755
4657	85564	281749
4658	85582	281730
4659	85599	281707
4660	85618	281688
4661	85636	281671
4662	85654	281650
4663	85671	281628
4664	85688	281606
4665	85707	281587
4666	85727	281576
4667	85749	281569
4668	85766	281548
4669	85785	281530
4670	85804	281515
4671	85821	281492
4672	85839	281472
4673	85857	281453
4674	85876	281436
4675	85894	281417
4676	85913	281400
4677	85931	281380
4678	85949	281359
4679	85967	281341
4680	85984	281319
4681	86003	281303
4682	86024	281293
4683	86046	281286
4684	86064	281266
4685	86083	281249
4686	86101	281229
4687	86119	281210
4688	86137	281192
4689	86155	281172
4690	86174	281156
4691	86193	281138
4692	86213	281127
4693	86230	281104
4694	86250	281089
4695	86268	281070
4696	86285	281049
4697	86303	281029
4698	86322	281012
4699	86341	280994
4700	86359	280976
4701	86377	280957
4702	86395	280938
4703	86414	280919
4704	86432	280900
4705	86452	280889
4706	86472	280873
4707	86490	280856
4708	86509	280837
4709	86527	280820
4710	86546	280802
4711	86563	280779
4712	86581	280761
4713	86602	280751
4714	86621	280735
4715	86640	280717
4716	86658	280698
4717	86675	280676
4718	86693	280656
4719	86710	280633
4720	86728	280614
4721	86746	280593
4722	86764	280575
4723	86782	280554
4724	86799	280533
4725	86818	280516
4726	86837	280500
4727	86857	280485
4728	86875	280466
4729	86893	280446
4730	86911	280428
4731	86928	280405
4732	86948	280391
4733	86966	280372
4734	86984	280352
4735	87002	280333
4736	87020	280313
4737	87037	280289
4738	87053	280266
4739	87072	280247
4740	87091	280230
4741	87110	280215
4742	87128	280194
4743	87145	280174
4744	87163	280153
4745	87184	280143
4746	87201	280122
4747	87219	280101
4748	87237	280083
4749	87255	280062
4750	87274	280046
4751	87292	280025
4752	87310	280005
4753	87328	279986
4754	87345	279965
4755	87363	279946
4756	87383	279933
4757	87405	279925
4758	87424	279907
4759	87441	279886
4760	87460	279870
4761	87478	279851
4762	87497	279833
4763	87515	279814
4764	87532	279792
4765	87550	279772
4766	87567	279749
4767	87584	279727
4768	87603	279710
4769	87623	279697
4770	87642	279681
4771	87661	279665
4772	87683	279658
4773	87705	279650
4774	87724	279634
4775	87742	279613
4776	87760	279595
4777	87778	279576
4778	87798	279561
4779	87817	279546
4780	87835	279528
4781	87853	279506
4782	87871	279487
4783	87890	279470
4784	87909	279455
4785	87930	279444
4786	87948	279426
4787	87967	279409
4788	87986	279393
4789	88008	279386
4790	88027	279370
4791	88046	279353
4792	88063	279331
4793	88082	279313
4794	88099	279292
4795	88117	279272
4796	88135	279250
4797	88153	279232
4798	88172	279216
4799	88194	279210
4800	88213	279192
4801	88230	279170
4802	88248	279149
4803	88266	279129
4804	88283	279109
4805	88300	279086
4806	88319	279067
4807	88336	279045
4808	88356	279033
4809	88375	279015
4810	88395	279004
4811	88413	278983
4812	88434	278973
4813	88451	278951
4814	88469	278930
4815	88486	278908
4816	88503	278886
4817	88521	278867
4818	88539	278847
4819	88559	278833
4820	88577	278812
4821	88594	278791
4822	88613	278775
4823	88631	278754
4824	88649	278734
4825	88666	278713
4826	88685	278696
4827	88703	278677
4828	88721	278657
4829	88741	278644
4830	88760	278629
4831	88781	278617
4832	88800	278600
4833	88818	278581
4834	88837	278566
4835	88856	278548
4836	88874	278529
4837	88891	278507
4838	88909	278486
4839	88926	278466
4840	88945	278448
4841	88963	278430
4842	88981	278408
4843	88998	278386
4844	89015	278363
4845	89033	278345
4846	89051	278324
4847	89071	278311
4848	89089	278292
4849	89110	278280
4850	89128	278262
4851	89147	278246
4852	89165	278227
4853	89183	278207
4854	89200	278185
4855	89218	278166
4856	89236	278144
4857	89254	278124
4858	89272	278107
4859	89290	278087
4860	89310	278073
4861	89329	278055
4862	89346	278035
4863	89365	278016
4864	89383	277997
4865	89400	277976
4866	89417	277954
4867	89438	277943
4868	89456	277922
4869	89477	277911
4870	89495	277894
4871	89512	277872
4872	89531	277853
4873	89547	277830
4874	89565	277809
4875	89583	277790
4876	89602	277772
4877	89619	277750
4878	89636	277728
4879	89654	277706
4880	89672	277690
4881	89690	277670
4882	89708	277650
4883	89725	277628
4884	89744	277611
4885	89763	277594
4886	89781	277576
4887	89799	277556
4888	89818	277537
4889	89836	277519
4890	89855	277503
4891	89873	277484
4892	89892	277467
4893	89911	277451
4894	89929	277430
4895	89947	277411
4896	89964	277387
4897	89982	277370
4898	90002	277354
4899	90020	277335
4900	90038	277317
4901	90056	277296
4902	90073	277275
4903	90091	277255
4904	90108	277233
4905	90127	277215
4906	90144	277192
4907	90162	277175
4908	90181	277156
4909	90198	277136
4910	90220	277127
4911	90238	277108
4912	90256	277090
4913	90275	277071
4914	90294	277055
4915	90314	277042
4916	90332	277022
4917	90350	277002
4918	90368	276985
4919	90387	276967
4920	90405	276948
4921	90424	276930
4922	90442	276912
4923	90461	276897
4924	90479	276877
4925	90499	276863
4926	90519	276849
4927	90537	276830
4928	90555	276809
4929	90572	276788
4930	90589	276765
4931	90606	276743
4932	90623	276721
4933	90641	276699
4934	90658	276679
4935	90678	276664
4936	90696	276645
4937	90715	276627
4938	90732	276607
4939	90751	276590
4940	90769	276569
4941	90786	276548
4942	90803	276526
4943	90821	276505
4944	90839	276485
4945	90856	276464
4946	90874	276443
4947	90891	276421
4948	90908	276399
4949	90926	276378
4950	90944	276361
4951	90962	276340
4952	90981	276323
4953	90999	276304
4954	91018	276288
4955	91036	276268
4956	91053	276247
4957	91071	276228
4958	91089	276207
4959	91107	276186
4960	91125	276167
4961	91142	276146
4962	91160	276125
4963	91178	276105
4964	91196	276086
4965	91213	276065
4966	91231	276044
4967	91249	276026
4968	91267	276006
4969	91285	275985
4970	91303	275967
4971	91326	275961
4972	91344	275943
4973	91361	275921
4974	91378	275899
4975	91396	275878
4976	91413	275857
4977	91430	275835
4978	91448	275815
4979	91467	275798
4980	91485	275778
4981	91502	275757
4982	91520	275737
4983	91538	275717
4984	91556	275699
4985	91574	275679
4986	91592	275658
4987	91609	275637
4988	91627	275617
4989	91644	275595
4990	91662	275574
4991	91679	275554
4992	91697	275533
4993	91715	275513
4994	91733	275493
4995	91751	275474
4996	91771	275462
4997	91789	275442
4998	91811	275435
4999	91829	275414
5000	91846	275392
5001	91864	275373
5002	91882	275353
5003	91901	275337
5004	91921	275323
5005	91940	275306
5006	91962	275300
5007	91981	275282
5008	91998	275259
5009	92017	275243
5010	92039	275236
5011	92060	275226
5012	92082	275218
5013	92100	275199
5014	92117	275176
5015	92133	275151
5016	92150	275130
5017	92169	275111
5018	92187	275092
5019	92204	275070
5020	92222	275052
5021	92240	275030
5022	92257	275010
5023	92275	274990
5024	92293	274971
5025	92313	274958
5026	92336	274952
5027	92355	274934
5028	92372	274914
5029	92391	274896
5030	92408	274873
5031	92427	274859
5032	92445	274838
5033	92464	274820
5034	92481	274800
5035	92499	274781
5036	92517	274760
5037	92534	274737
5038	92552	274718
5039	92569	274696
5040	92587	274677
5041	92605	274657
5042	92623	274636
5043	92640	274614
5044	92658	274595
5045	92676	274575
5046	92693	274554
5047	92712	274536
5048	92729	274515
5049	92746	274493
5050	92767	274481
5051	92786	274466
5052	92805	274447
5053	92822	274426
5054	92840	274408
5055	92858	274387
5056	92876	274369
5057	92895	274351
5058	92913	274332
5059	92931	274313
5060	92951	274299
5061	92972	274287
5062	92992	274274
5063	93013	274264
5064	93031	274245
5065	93050	274227
5066	93069	274211
5067	93087	274193
5068	93105	274174
5069	93127	274166
5070	93149	274156
5071	93167	274139
5072	93186	274121
5073	93205	274105
5074	93222	274083
5075	93241	274067
5076	93258	274045
5077	93276	274025
5078	93295	274009
5079	93315	273994
5080	93337	273987
5081	93355	273968
5082	93373	273947
5083	93391	273928
5084	93408	273906
5085	93426	273886
5086	93443	273866
5087	93461	273845
5088	93479	273826
5089	93498	273808
5090	93516	273789
5091	93534	273771
5092	93553	273752
5093	93571	273732
5094	93589	273713
5095	93607	273694
5096	93624	273673
5097	93642	273653
5098	93659	273632
5099	93677	273611
5100	93695	273591
5101	93712	273570
5102	93729	273549
5103	93748	273530
5104	93765	273509
5105	93783	273489
5106	93800	273467
5107	93818	273447
5108	93837	273431
5109	93856	273413
5110	93873	273393
5111	93891	273372
5112	93907	273347
5113	93925	273326
5114	93942	273305
5115	93960	273285
5116	93978	273266
5117	93996	273248
5118	94015	273230
5119	94034	273213
5120	94052	273194
5121	94070	273175
5122	94088	273156
5123	94106	273135
5124	94123	273115
5125	94141	273094
5126	94158	273073
5127	94176	273053
5128	94200	273049
5129	94219	273034
5130	94236	273012
5131	94254	272992
5132	94272	272974
5133	94291	272956
5134	94313	272947
5135	94331	272930
5136	94349	272909
5137	94366	272888
5138	94385	272870
5139	94402	272849
5140	94419	272828
5141	94437	272807
5142	94454	272786
5143	94473	272767
5144	94495	272759
5145	94517	272751
5146	94539	272746
5147	94559	272729
5148	94577	272711
5149	94595	272691
5150	94612	272671
5151	94630	272649
5152	94647	272628
5153	94665	272608
5154	94683	272589
5155	94700	272568
5156	94718	272547
5157	94737	272532
5158	94756	272513
5159	94774	272493
5160	94792	272475
5161	94810	272455
5162	94829	272439
5163	94848	272421
5164	94865	272401
5165	94883	272380
5166	94900	272359
5167	94918	272340
5168	94937	272322
5169	94955	272303
5170	94975	272289
5171	94997	272281
5172	95017	272267
5173	95036	272250
5174	95055	272235
5175	95075	272221
5176	95093	272203
5177	95113	272188
5178	95133	272174
5179	95151	272155
5180	95171	272140
5181	95192	272129
5182	95210	272110
5183	95229	272095
5184	95247	272076
5185	95267	272061
5186	95286	272044
5187	95304	272026
5188	95325	272014
5189	95343	271996
5190	95362	271978
5191	95380	271959
5192	95399	271941
5193	95417	271924
5194	95437	271909
5195	95455	271891
5196	95476	271878
5197	95494	271858
5198	95511	271838
5199	95529	271819
5200	95548	271802
5201	95565	271780
5202	95584	271763
5203	95602	271742
5204	95619	271721
5205	95637	271702
5206	95656	271683
5207	95675	271667
5208	95693	271648
5209	95711	271630
5210	95732	271618
5211	95751	271601
5212	95768	271578
5213	95786	271560
5214	95804	271540
5215	95823	271524
5216	95840	271501
5217	95858	271482
5218	95876	271462
5219	95893	271441
5220	95914	271429
5221	95935	271418
5222	95954	271402
5223	95974	271387
5224	95992	271370
5225	96011	271353
5226	96029	271333
5227	96048	271316
5228	96068	271302
5229	96086	271284
5230	96106	271270
5231	96124	271250
5232	96142	271230
5233	96162	271217
5234	96182	271203
5235	96199	271180
5236	96217	271162
5237	96238	271150
5238	96256	271131
5239	96273	271108
5240	96292	271093
5241	96314	271085
5242	96335	271074
5243	96354	271057
5244	96375	271045
5245	96397	271036
5246	96417	271025
5247	96437	271009
5248	96455	270989
5249	96473	270970
5250	96490	270949
5251	96509	270931
5252	96527	270912
5253	96545	270892
5254	96563	270873
5255	96581	270853
5256	96598	270831
5257	96618	270818
5258	96636	270798
5259	96654	270780
5260	96673	270761
5261	96690	270739
5262	96707	270718
5263	96725	270698
5264	96745	270685
5265	96764	270667
5266	96782	270648
5267	96804	270640
5268	96824	270627
5269	96843	270609
5270	96861	270592
5271	96881	270578
5272	96904	270571
5273	96924	270558
5274	96943	270542
5275	96963	270527
5276	96982	270510
5277	97001	270494
5278	97019	270475
5279	97039	270460
5280	97058	270445
5281	97076	270425
5282	97094	270405
5283	97111	270383
5284	97129	270364
5285	97148	270346
5286	97166	270328
5287	97183	270306
5288	97202	270289
5289	97219	270267
5290	97237	270248
5291	97256	270230
5292	97275	270212
5293	97295	270198
5294	97314	270182
5295	97332	270162
5296	97351	270146
5297	97368	270126
5298	97387	270108
5299	97405	270088
5300	97424	270073
5301	97444	270058
5302	97462	270037
5303	97481	270021
5304	97499	270001
5305	97518	269985
5306	97536	269966
5307	97554	269946
5308	97571	269925
5309	97589	269906
5310	97607	269886
5311	97626	269869
5312	97644	269849
5313	97663	269832
5314	97682	269817
5315	97703	269806
5316	97723	269790
5317	97740	269770
5318	97758	269751
5319	97777	269734
5320	97799	269724
5321	97817	269705
5322	97836	269688
5323	97857	269677
5324	97877	269665
5325	97899	269655
5326	97918	269639
5327	97937	269622
5328	97955	269602
5329	97972	269581
5330	97994	269573
5331	98015	269561
5332	98035	269546
5333	98053	269528
5334	98072	269512
5335	98090	269491
5336	98108	269471
5337	98131	269465
5338	98149	269447
5339	98168	269429
5340	98187	269412
5341	98205	269393
5342	98223	269373
5343	98242	269357
5344	98260	269339
5345	98279	269321
5346	98297	269302
5347	98314	269280
5348	98333	269263
5349	98349	269239
5350	98366	269217
5351	98385	269199
5352	98403	269180
5353	98420	269159
5354	98440	269143
5355	98458	269125
5356	98476	269105
5357	98495	269090
5358	98514	269072
5359	98532	269052
5360	98551	269036
5361	98569	269016
5362	98587	268996
5363	98607	268984
5364	98626	268967
5365	98644	268946
5366	98661	268925
5367	98680	268907
5368	98698	268887
5369	98715	268865
5370	98734	268849
5371	98752	268830
5372	98769	268808
5373	98787	268788
5374	98806	268771
5375	98826	268758
5376	98845	268740
5377	98863	268721
5378	98881	268703
5379	98898	268681
5380	98919	268669
5381	98941	268659
5382	98958	268639
5383	98976	268617
5384	98993	268597
5385	99011	268578
5386	99032	268565
5387	99049	268543
5388	99066	268521
5389	99089	268516
5390	99108	268500
5391	99126	268481
5392	99146	268465
5393	99165	268447
5394	99182	268427
5395	99202	268412
5396	99219	268390
5397	99238	268373
5398	99255	268351
5399	99273	268333
5400	99291	268312
5401	99308	268292
5402	99327	268274
5403	99346	268257
5404	99368	268250
5405	99385	268227
5406	99407	268217
5407	99425	268198
5408	99444	268181
5409	99463	268166
5410	99495	268184
5411	99514	268166
5412	99531	268145
5413	99548	268123
5414	99567	268105
5415	99585	268085
5416	99602	268064
5417	99619	268042
5418	99637	268022
5419	99657	268009
5420	99679	267998
5421	99699	267986
5422	99718	267969
5423	99735	267947
5424	99753	267927
5425	99772	267911
5426	99789	267889
5427	99806	267867
5428	99826	267852
5429	99846	267839
5430	99865	267822
5431	99882	267799
5432	99901	267783
5433	99920	267765
5434	99938	267747
5435	99958	267731
5436	99975	267710
5437	99993	267690
5438	100010	267668
5439	100029	267653
5440	100047	267633
5441	100065	267613
5442	100083	267594
5443	100101	267574
5444	100118	267552
5445	100136	267532
5446	100154	267512
5447	100172	267495
5448	100190	267474
5449	100209	267457
5450	100227	267438
5451	100244	267415
5452	100261	267395
5453	100278	267373
5454	100296	267352
5455	100313	267330
5456	100334	267319
5457	100353	267303
5458	100372	267285
5459	100391	267268
5460	100409	267248
5461	100427	267229
5462	100443	267205
5463	100461	267187
5464	100479	267167
5465	100497	267148
5466	100517	267132
5467	100535	267114
5468	100553	267093
5469	100570	267073
5470	100589	267055
5471	100608	267038
5472	100625	267018
5473	100651	267018
5474	100668	266996
5475	100685	266975
5476	100703	266956
5477	100721	266935
5478	100738	266914
5479	100757	266895
5480	100773	266873
5481	100791	266853
5482	100809	266832
5483	100826	266811
5484	100844	266792
5485	100862	266773
5486	100880	266752
5487	100897	266731
5488	100914	266708
5489	100933	266693
5490	100956	266687
5491	100974	266667
5492	100995	266655
5493	101015	266639
5494	101032	266620
5495	101051	266601
5496	101069	266583
5497	101088	266565
5498	101106	266547
5499	101125	266531
5500	101143	266511
5501	101161	266492
5502	101179	266472
5503	101197	266451
5504	101214	266430
5505	101233	266413
5506	101251	266394
5507	101269	266375
5508	101287	266355
5509	101307	266341
5510	101325	266321
5511	101343	266301
5512	101361	266282
5513	101379	266264
5514	101399	266248
5515	101418	266233
5516	101439	266220
5517	101459	266207
5518	101480	266196
5519	101499	266178
5520	101517	266159
5521	101535	266141
5522	101555	266126
5523	101572	266104
5524	101595	266097
5525	101615	266082
5526	101634	266067
5527	101654	266051
5528	101672	266033
5529	101691	266015
5530	101712	266003
5531	101732	265991
5532	101752	265975
5533	101773	265965
5534	101790	265941
5535	101808	265922
5536	101827	265906
5537	101846	265889
5538	101865	265873
5539	101883	265852
5540	101902	265835
5541	101921	265818
5542	101942	265808
5543	101961	265790
5544	101978	265768
5545	101998	265754
5546	102018	265740
5547	102036	265722
5548	102054	265701
5549	102071	265681
5550	102090	265662
5551	102107	265641
5552	102125	265621
5553	102142	265600
5554	102160	265581
5555	102180	265567
5556	102200	265552
5557	102219	265535
5558	102240	265522
5559	102257	265502
5560	102276	265485
5561	102296	265469
5562	102314	265450
5563	102331	265428
5564	102348	265406
5565	102365	265386
5566	102384	265369
5567	102403	265351
5568	102423	265337
5569	102441	265318
5570	102461	265302
5571	102478	265281
5572	102499	265270
5573	102518	265254
5574	102538	265239
5575	102558	265225
5576	102578	265209
5577	102596	265190
5578	102614	265170
5579	102631	265149
5580	102649	265130
5581	102668	265112
5582	102686	265092
5583	102703	265073
5584	102720	265050
5585	102738	265030
5586	102756	265011
5587	102775	264993
5588	102792	264972
5589	102811	264955
5590	102832	264944
5591	102855	264936
5592	102877	264928
5593	102897	264914
5594	102917	264898
5595	102934	264878
5596	102952	264859
5597	102971	264840
5598	102988	264818
5599	103007	264802
5600	103025	264783
5601	103043	264764
5602	103062	264747
5603	103080	264727
5604	103099	264710
5605	103117	264691
5606	103137	264676
5607	103156	264660
5608	103174	264640
5609	103193	264623
5610	103212	264606
5611	103231	264589
5612	103252	264579
5613	103271	264562
5614	103290	264545
5615	103309	264528
5616	103327	264509
5617	103345	264489
5618	103364	264472
5619	103384	264458
5620	103406	264449
5621	103425	264433
5622	103444	264415
5623	103463	264399
5624	103483	264383
5625	103504	264372
5626	103523	264354
5627	103542	264337
5628	103559	264317
5629	103578	264298
5630	103596	264281
5631	103614	264260
5632	103632	264241
5633	103651	264223
5634	103670	264208
5635	103688	264188
5636	103705	264166
5637	103724	264149
5638	103741	264127
5639	103759	264107
5640	103777	264088
5641	103795	264069
5642	103812	264048
5643	103830	264028
5644	103849	264010
5645	103866	263989
5646	103884	263970
5647	103902	263950
5648	103919	263929
5649	103937	263909
5650	103957	263893
5651	103976	263877
5652	103994	263859
5653	104013	263841
5654	104035	263833
5655	104054	263816
5656	104074	263801
5657	104096	263791
5658	104116	263777
5659	104134	263757
5660	104153	263742
5661	104171	263722
5662	104191	263707
5663	104209	263687
5664	104229	263673
5665	104247	263654
5666	104265	263635
5667	104283	263616
5668	104301	263596
5669	104319	263576
5670	104337	263557
5671	104354	263536
5672	104375	263523
5673	104392	263502
5674	104411	263484
5675	104429	263466
5676	104446	263444
5677	104466	263428
5678	104483	263408
5679	104503	263392
5680	104521	263374
5681	104541	263359
5682	104561	263344
5683	104579	263324
5684	104596	263303
5685	104614	263284
5686	104633	263266
5687	104651	263247
5688	104669	263227
5689	104687	263209
5690	104707	263194
5691	104726	263176
5692	104743	263156
5693	104762	263139
5694	104782	263123
5695	104801	263106
5696	104821	263092
5697	104840	263075
5698	104857	263055
5699	104875	263035
5700	104895	263019
5701	104919	263015
5702	104938	262999
5703	104956	262979
5704	104974	262960
5705	104991	262939
5706	105008	262917
5707	105027	262898
5708	105045	262881
5709	105064	262862
5710	105081	262842
5711	105099	262822
5712	105117	262803
5713	105138	262789
5714	105156	262771
5715	105176	262756
5716	105193	262736
5717	105212	262718
5718	105230	262698
5719	105248	262679
5720	105268	262666
5721	105286	262645
5722	105304	262625
5723	105322	262606
5724	105341	262590
5725	105360	262572
5726	105377	262552
5727	105395	262532
5728	105414	262513
5729	105434	262500
5730	105454	262486
5731	105473	262468
5732	105491	262450
5733	105512	262437
5734	105531	262420
5735	105550	262403
5736	105567	262383
5737	105586	262366
5738	105607	262354
5739	105626	262336
5740	105645	262319
5741	105663	262301
5742	105681	262280
5743	105699	262261
5744	105717	262242
5745	105736	262224
5746	105754	262205
5747	105773	262189
5748	105794	262177
5749	105812	262157
5750	105832	262141
5751	105851	262127
5752	105869	262107
5753	105888	262088
5754	105906	262070
5755	105926	262056
5756	105948	262045
5757	105967	262029
5758	105986	262012
5759	106006	261996
5760	106024	261978
5761	106042	261958
5762	106061	261941
5763	106081	261927
5764	106102	261916
5765	106123	261904
5766	106141	261885
5767	106159	261865
5768	106178	261847
5769	106197	261830
5770	106215	261811
5771	106235	261796
5772	106252	261776
5773	106271	261758
5774	106291	261743
5775	106308	261721
5776	106329	261709
5777	106347	261690
5778	106366	261674
5779	106384	261654
5780	106403	261637
5781	106420	261615
5782	106440	261601
5783	106458	261581
5784	106476	261562
5785	106495	261545
5786	106513	261527
5787	106530	261503
5788	106550	261489
5789	106573	261482
5790	106592	261465
5791	106610	261444
5792	106627	261424
5793	106645	261405
5794	106664	261388
5795	106682	261368
5796	106699	261347
5797	106718	261328
5798	106737	261313
5799	106758	261300
5800	106777	261283
5801	106797	261268
5802	106814	261246
5803	106830	261222
5804	106847	261200
5805	106865	261182
5806	106883	261161
5807	106903	261147
5808	106920	261124
5809	106937	261103
5810	106954	261083
5811	106972	261062
5812	106991	261045
5813	107012	261033
5814	107029	261013
5815	107047	260993
5816	107066	260976
5817	107084	260956
5818	107102	260937
5819	107121	260920
5820	107141	260904
5821	107161	260891
5822	107180	260873
5823	107200	260859
5824	107219	260842
5825	107238	260826
5826	107256	260807
5827	107274	260787
5828	107294	260772
5829	107313	260754
5830	107336	260748
5831	107355	260731
5832	107374	260713
5833	107395	260701
5834	107414	260684
5835	107433	260668
5836	107460	260671
5837	107478	260652
5838	107497	260633
5839	107515	260613
5840	107533	260594
5841	107552	260578
5842	107572	260562
5843	107593	260551
5844	107612	260533
5845	107634	260524
5846	107655	260511
5847	107676	260501
5848	107699	260492
5849	107718	260477
5850	107739	260464
5851	107756	260441
5852	107775	260425
5853	107794	260407
5854	107814	260392
5855	107832	260374
5856	107850	260355
5857	107868	260334
5858	107885	260314
5859	107903	260294
5860	107921	260274
5861	107939	260254
5862	107956	260234
5863	107974	260213
5864	107991	260192
5865	108009	260172
5866	108026	260151
5867	108044	260132
5868	108062	260113
5869	108080	260093
5870	108098	260072
5871	108115	260051
5872	108133	260031
5873	108150	260010
5874	108168	259989
5875	108185	259970
5876	108203	259950
5877	108220	259928
5878	108238	259909
5879	108256	259888
5880	108274	259869
5881	108291	259847
5882	108308	259826
5883	108326	259805
5884	108349	259798
5885	108368	259781
5886	108385	259761
5887	108402	259739
5888	108419	259717
5889	108437	259696
5890	108454	259676
5891	108474	259660
5892	108496	259650
5893	108514	259632
5894	108532	259613
5895	108550	259592
5896	108568	259574
5897	108586	259553
5898	108603	259532
5899	108620	259511
5900	108639	259494
5901	108656	259473
5902	108674	259452
5903	108692	259432
5904	108709	259412
5905	108726	259389
5906	108744	259369
5907	108761	259349
5908	108779	259330
5909	108798	259313
5910	108817	259295
5911	108834	259274
5912	108852	259254
5913	108869	259233
5914	108888	259214
5915	108905	259194
5916	108922	259172
5917	108939	259151
5918	108956	259128
5919	108973	259106
5920	108990	259084
5921	109010	259070
5922	109028	259050
5923	109046	259030
5924	109063	259009
5925	109081	258989
5926	109099	258971
5927	109117	258952
5928	109135	258931
5929	109152	258910
5930	109170	258890
5931	109187	258868
5932	109204	258848
5933	109221	258827
5934	109239	258807
5935	109257	258787
5936	109275	258767
5937	109292	258745
5938	109310	258726
5939	109328	258706
5940	109346	258687
5941	109364	258667
5942	109381	258647
5943	109400	258629
5944	109417	258609
5945	109435	258589
5946	109453	258569
5947	109470	258547
5948	109487	258526
5949	109507	258510
5950	109525	258491
5951	109543	258472
5952	109561	258453
5953	109579	258434
5954	109596	258412
5955	109615	258395
5956	109632	258374
5957	109652	258359
5958	109674	258349
5959	109692	258329
5960	109711	258312
5961	109729	258292
5962	109747	258273
5963	109764	258251
5964	109781	258231
5965	109800	258213
5966	109817	258192
5967	109836	258174
5968	109853	258153
5969	109871	258134
5970	109889	258114
5971	109907	258094
5972	109924	258073
5973	109941	258052
5974	109959	258031
5975	109975	258008
5976	109993	257988
5977	110011	257970
5978	110029	257951
5979	110047	257930
5980	110066	257912
5981	110084	257894
5982	110100	257871
5983	110118	257851
5984	110136	257830
5985	110154	257811
5986	110172	257793
5987	110190	257773
5988	110208	257754
5989	110226	257734
5990	110246	257720
5991	110263	257699
5992	110280	257677
5993	110298	257656
5994	110315	257636
5995	110335	257620
5996	110353	257601
5997	110371	257581
5998	110388	257560
5999	110405	257538
6000	110423	257520
6001	110441	257501
6002	110460	257483
6003	110480	257469
6004	110500	257453
6005	110518	257434
6006	110537	257417
6007	110556	257400
6008	110574	257381
6009	110592	257361
6010	110611	257344
6011	110629	257325
6012	110647	257306
6013	110666	257290
6014	110685	257271
6015	110705	257257
6016	110723	257237
6017	110741	257217
6018	110758	257196
6019	110775	257176
6020	110793	257155
6021	110810	257134
6022	110828	257115
6023	110844	257092
6024	110861	257070
6025	110880	257051
6026	110897	257030
6027	110914	257010
6028	110932	256990
6029	110949	256969
6030	110967	256948
6031	110989	256938
6032	111012	256931
6033	111030	256911
6034	111048	256892
6035	111065	256871
6036	111083	256851
6037	111101	256832
6038	111119	256812
6039	111137	256793
6040	111156	256777
6041	111174	256756
6042	111192	256737
6043	111209	256717
6044	111227	256697
6045	111245	256677
6046	111262	256656
6047	111279	256635
6048	111296	256613
6049	111315	256596
6050	111334	256578
6051	111351	256558
6052	111369	256537
6053	111385	256515
6054	111403	256494
6055	111420	256472
6056	111437	256452
6057	111455	256432
6058	111473	256412
6059	111490	256392
6060	111508	256371
6061	111525	256351
6062	111543	256331
6063	111561	256310
6064	111579	256291
6065	111598	256275
6066	111616	256255
6067	111633	256234
6068	111651	256215
6069	111669	256196
6070	111689	256180
6071	111707	256162
6072	111724	256141
6073	111743	256122
6074	111761	256104
6075	111782	256090
6076	111800	256073
6077	111819	256055
6078	111837	256036
6079	111855	256016
6080	111873	255998
6081	111891	255977
6082	111909	255958
6083	111929	255944
6084	111949	255929
6085	111969	255915
6086	111991	255904
6087	112009	255884
6088	112027	255866
6089	112047	255851
6090	112068	255838
6091	112088	255824
6092	112108	255809
6093	112127	255792
6094	112147	255776
6095	112166	255760
6096	112186	255745
6097	112205	255729
6098	112225	255712
6099	112243	255693
6100	112262	255677
6101	112282	255663
6102	112300	255643
6103	112318	255624
6104	112337	255606
6105	112355	255588
6106	112374	255571
6107	112394	255554
6108	112412	255537
6109	112430	255516
6110	112451	255504
6111	112471	255490
6112	112488	255469
6113	112508	255454
6114	112527	255436
6115	112545	255418
6116	112562	255395
6117	112580	255376
6118	112598	255357
6119	112616	255336
6120	112635	255320
6121	112654	255303
6122	112672	255284
6123	112691	255266
6124	112709	255247
6125	112728	255231
6126	112747	255214
6127	112768	255201
6128	112786	255182
6129	112805	255165
6130	112824	255147
6131	112842	255129
6132	112861	255111
6133	112878	255091
6134	112896	255071
6135	112915	255054
6136	112933	255034
6137	112952	255017
6138	112974	255007
6139	112993	254990
6140	113011	254971
6141	113031	254954
6142	113049	254937
6143	113068	254919
6144	113087	254902
6145	113106	254884
6146	113124	254865
6147	113142	254846
6148	113161	254830
6149	113180	254812
6150	113198	254793
6151	113216	254774
6152	113236	254758
6153	113253	254737
6154	113273	254721
6155	113290	254701
6156	113308	254681
6157	113326	254662
6158	113343	254642
6159	113363	254625
6160	113380	254605
6161	113398	254586
6162	113417	254568
6163	113435	254549
6164	113452	254528
6165	113471	254510
6166	113488	254489
6167	113505	254467
6168	113523	254447
6169	113542	254431
6170	113562	254415
6171	113579	254394
6172	113597	254375
6173	113615	254356
6174	113635	254341
6175	113658	254333
6176	113677	254315
6177	113696	254299
6178	113714	254278
6179	113733	254262
6180	113751	254242
6181	113769	254223
6182	113786	254203
6183	113803	254181
6184	113822	254164
6185	113841	254147
6186	113861	254131
6187	113880	254115
6188	113898	254095
6189	113916	254075
6190	113934	254057
6191	113954	254042
6192	113972	254022
6193	113990	254003
6194	114008	253984
6195	114026	253964
6196	114044	253945
6197	114064	253930
6198	114083	253914
6199	114102	253897
6200	114121	253878
6201	114138	253857
6202	114158	253841
6203	114176	253823
6204	114194	253804
6205	114213	253788
6206	114235	253777
6207	114257	253767
6208	114281	253760
6209	114302	253746
6210	114319	253726
6211	114337	253707
6212	114355	253686
6213	114373	253667
6214	114392	253650
6215	114410	253632
6216	114428	253612
6217	114445	253591
6218	114463	253571
6219	114481	253552
6220	114499	253534
6221	114517	253513
6222	114534	253493
6223	114551	253471
6224	114570	253453
6225	114589	253436
6226	114606	253415
6227	114624	253396
6228	114643	253378
6229	114661	253358
6230	114681	253343
6231	114698	253324
6232	114717	253305
6233	114736	253289
6234	114754	253269
6235	114774	253254
6236	114791	253234
6237	114810	253216
6238	114828	253197
6239	114846	253177
6240	114865	253159
6241	114882	253138
6242	114901	253122
6243	114919	253103
6244	114938	253085
6245	114956	253066
6246	114974	253046
6247	114992	253027
6248	115010	253009
6249	115029	252991
6250	115047	252972
6251	115065	252952
6252	115084	252936
6253	115105	252922
6254	115140	252940
6255	115159	252924
6256	115179	252907
6257	115197	252889
6258	115216	252872
6259	115235	252854
6260	115255	252840
6261	115274	252823
6262	115293	252806
6263	115311	252786
6264	115328	252766
6265	115347	252747
6266	115366	252731
6267	115384	252712
6268	115402	252693
6269	115421	252675
6270	115439	252655
6271	115459	252640
6272	115477	252621
6273	115496	252604
6274	115514	252585
6275	115532	252567
6276	115551	252549
6277	115570	252531
6278	115589	252514
6279	115607	252495
6280	115626	252479
6281	115645	252460
6282	115662	252438
6283	115682	252425
6284	115705	252416
6285	115722	252395
6286	115740	252375
6287	115757	252354
6288	115775	252335
6289	115794	252317
6290	115813	252301
6291	115836	252292
6292	115856	252277
6293	115874	252258
6294	115893	252240
6295	115911	252221
6296	115929	252201
6297	115947	252182
6298	115968	252170
6299	115988	252155
6300	116007	252138
6301	116027	252122
6302	116045	252104
6303	116064	252087
6304	116083	252068
6305	116101	252049
6306	116119	252030
6307	116136	252010
6308	116154	251990
6309	116171	251969
6310	116189	251950
6311	116207	251930
6312	116224	251909
6313	116242	251890
6314	116260	251869
6315	116278	251851
6316	116296	251831
6317	116314	251811
6318	116334	251796
6319	116356	251786
6320	116375	251769
6321	116394	251751
6322	116412	251732
6323	116430	251713
6324	116450	251699
6325	116470	251683
6326	116488	251663
6327	116506	251644
6328	116523	251624
6329	116543	251608
6330	116562	251591
6331	116579	251570
6332	116597	251551
6333	116615	251531
6334	116633	251511
6335	116651	251493
6336	116668	251472
6337	116685	251450
6338	116703	251431
6339	116721	251411
6340	116739	251391
6341	116758	251375
6342	116778	251360
6343	116797	251342
6344	116815	251324
6345	116833	251305
6346	116851	251286
6347	116871	251269
6348	116888	251249
6349	116906	251229
6350	116924	251209
6351	116941	251189
6352	116960	251172
6353	116979	251153
6354	116997	251134
6355	117014	251112
6356	117031	251091
6357	117048	251070
6358	117064	251047
6359	117082	251027
6360	117100	251007
6361	117117	250987
6362	117135	250967
6363	117152	250946
6364	117170	250926
6365	117187	250906
6366	117205	250886
6367	117223	250868
6368	117242	250849
6369	117260	250829
6370	117276	250808
6371	117296	250792
6372	117315	250775
6373	117334	250756
6374	117351	250735
6375	117367	250713
6376	117384	250692
6377	117408	250685
6378	117429	250671
6379	117451	250660
6380	117471	250645
6381	117490	250630
6382	117507	250608
6383	117525	250588
6384	117542	250566
6385	117560	250548
6386	117578	250528
6387	117595	250508
6388	117613	250487
6389	117630	250466
6390	117647	250445
6391	117664	250424
6392	117682	250403
6393	117700	250385
6394	117720	250371
6395	117738	250351
6396	117757	250333
6397	117773	250310
6398	117792	250292
6399	117810	250273
6400	117831	250261
6401	117848	250239
6402	117866	250219
6403	117883	250198
6404	117901	250178
6405	117918	250158
6406	117938	250142
6407	117956	250124
6408	117973	250101
6409	117990	250080
6410	118009	250064
6411	118029	250048
6412	118050	250035
6413	118068	250015
6414	118086	249997
6415	118104	249977
6416	118122	249958
6417	118139	249938
6418	118157	249917
6419	118174	249896
6420	118191	249876
6421	118212	249862
6422	118230	249843
6423	118248	249823
6424	118266	249804
6425	118284	249785
6426	118302	249765
6427	118320	249746
6428	118338	249727
6429	118355	249705
6430	118373	249686
6431	118392	249669
6432	118410	249650
6433	118427	249629
6434	118445	249610
6435	118465	249593
6436	118482	249573
6437	118501	249555
6438	118518	249535
6439	118538	249518
6440	118555	249499
6441	118574	249480
6442	118590	249458
6443	118608	249437
6444	118625	249417
6445	118644	249399
6446	118662	249381
6447	118680	249360
6448	118697	249341
6449	118716	249322
6450	118733	249301
6451	118751	249282
6452	118769	249263
6453	118791	249253
6454	118810	249235
6455	118828	249215
6456	118845	249195
6457	118863	249175
6458	118880	249154
6459	118899	249135
6460	118919	249120
6461	118937	249102
6462	118954	249081
6463	118972	249062
6464	118991	249044
6465	119009	249025
6466	119029	249009
6467	119049	248996
6468	119067	248976
6469	119084	248955
6470	119104	248938
6471	119125	248926
6472	119145	248910
6473	119166	248899
6474	119188	248887
6475	119207	248870
6476	119229	248860
6477	119248	248843
6478	119269	248829
6479	119288	248811
6480	119307	248794
6481	119327	248779
6482	119346	248763
6483	119365	248746
6484	119385	248731
6485	119408	248720
6486	119427	248705
6487	119446	248686
6488	119463	248666
6489	119483	248650
6490	119504	248638
6491	119523	248620
6492	119543	248605
6493	119560	248583
6494	119578	248565
6495	119600	248554
6496	119621	248541
6497	119640	248523
6498	119659	248507
6499	119681	248495
6500	119699	248476
6501	119718	248458
6502	119736	248439
6503	119754	248420
6504	119773	248402
6505	119792	248385
6506	119810	248366
6507	119829	248348
6508	119848	248332
6509	119868	248316
6510	119886	248297
6511	119905	248280
6512	119925	248265
6513	119944	248248
6514	119961	248227
6515	119980	248210
6516	119999	248191
6517	120016	248171
6518	120035	248153
6519	120053	248134
6520	120072	248117
6521	120090	248098
6522	120110	248083
6523	120131	248069
6524	120150	248052
6525	120167	248032
6526	120186	248015
6527	120207	248000
6528	120224	247980
6529	120243	247962
6530	120261	247943
6531	120281	247929
6532	120300	247912
6533	120320	247896
6534	120339	247879
6535	120358	247861
6536	120378	247846
6537	120396	247826
6538	120415	247809
6539	120433	247791
6540	120453	247776
6541	120472	247759
6542	120490	247740
6543	120508	247720
6544	120528	247705
6545	120548	247690
6546	120566	247671
6547	120586	247655
6548	120604	247636
6549	120626	247624
6550	120647	247611
6551	120666	247594
6552	120686	247578
6553	120703	247557
6554	120720	247536
6555	120737	247515
6556	120755	247496
6557	120774	247478
6558	120792	247459
6559	120811	247442
6560	120830	247425
6561	120848	247405
6562	120868	247390
6563	120887	247373
6564	120907	247358
6565	120930	247349
6566	120953	247341
6567	120970	247319
6568	120988	247298
6569	121005	247278
6570	121028	247270
6571	121048	247253
6572	121066	247235
6573	121087	247221
6574	121106	247205
6575	121125	247187
6576	121145	247172
6577	121164	247154
6578	121184	247140
6579	121202	247121
6580	121224	247108
6581	121244	247094
6582	121262	247075
6583	121280	247055
6584	121298	247035
6585	121316	247017
6586	121334	246997
6587	121352	246978
6588	121370	246959
6589	121387	246937
6590	121404	246916
6591	121420	246894
6592	121438	246874
6593	121456	246855
6594	121475	246837
6595	121495	246822
6596	121514	246805
6597	121534	246788
6598	121555	246776
6599	121573	246757
6600	121592	246739
6601	121611	246722
6602	121629	246702
6603	121648	246686
6604	121666	246667
6605	121683	246646
6606	121705	246633
6607	121724	246617
6608	121743	246600
6609	121762	246583
6610	121784	246572
6611	121803	246555
6612	121821	246535
6613	121838	246513
6614	121858	246499
6615	121877	246481
6616	121895	246461
6617	121913	246442
6618	121931	246424
6619	121949	246404
6620	121967	246384
6621	121985	246364
6622	122002	246344
6623	122019	246323
6624	122037	246304
6625	122055	246284
6626	122073	246264
6627	122090	246244
6628	122108	246224
6629	122126	246204
6630	122143	246185
6631	122161	246164
6632	122179	246145
6633	122196	246123
6634	122217	246111
6635	122235	246091
6636	122253	246072
6637	122271	246053
6638	122289	246033
6639	122308	246017
6640	122331	246006
6641	122348	245986
6642	122366	245966
6643	122385	245950
6644	122404	245931
6645	122422	245912
6646	122439	245892
6647	122457	245872
6648	122475	245853
6649	122494	245836
6650	122516	245825
6651	122533	245803
6652	122550	245782
6653	122567	245762
6654	122587	245745
6655	122606	245729
6656	122624	245708
6657	122643	245691
6658	122664	245679
6659	122683	245661
6660	122703	245646
6661	122720	245625
6662	122739	245607
6663	122757	245587
6664	122773	245564
6665	122790	245544
6666	122808	245524
6667	122826	245505
6668	122844	245486
6669	122862	245466
6670	122880	245448
6671	122898	245428
6672	122916	245409
6673	122934	245390
6674	122952	245370
6675	122971	245353
6676	122989	245334
6677	123007	245315
6678	123024	245294
6679	123041	245272
6680	123058	245250
6681	123075	245230
6682	123094	245212
6683	123111	245192
6684	123128	245170
6685	123147	245152
6686	123165	245133
6687	123182	245113
6688	123200	245093
6689	123217	245072
6690	123236	245054
6691	123253	245033
6692	123270	245013
6693	123287	244991
6694	123305	244972
6695	123323	244952
6696	123341	244933
6697	123359	244914
6698	123377	244894
6699	123394	244874
6700	123412	244853
6701	123429	244833
6702	123448	244815
6703	123466	244796
6704	123491	244790
6705	123508	244770
6706	123526	244751
6707	123544	244731
6708	123562	244711
6709	123584	244700
6710	123603	244684
6711	123622	244666
6712	123641	244648
6713	123659	244629
6714	123679	244614
6715	123698	244596
6716	123716	244577
6717	123733	244557
6718	123751	244538
6719	123770	244520
6720	123787	244499
6721	123806	244481
6722	123828	244470
6723	123846	244451
6724	123864	244431
6725	123883	244414
6726	123902	244397
6727	123919	244376
6728	123937	244356
6729	123954	244335
6730	123971	244315
6731	123989	244295
6732	124006	244273
6733	124023	244253
6734	124042	244236
6735	124060	244216
6736	124077	244196
6737	124095	244176
6738	124113	244156
6739	124131	244136
6740	124149	244117
6741	124167	244098
6742	124184	244078
6743	124202	244058
6744	124218	244036
6745	124236	244016
6746	124255	243998
6747	124272	243978
6748	124290	243958
6749	124307	243938
6750	124327	243922
6751	124345	243903
6752	124362	243882
6753	124380	243862
6754	124398	243842
6755	124417	243825
6756	124435	243807
6757	124453	243788
6758	124470	243767
6759	124489	243748
6760	124507	243729
6761	124526	243711
6762	124544	243693
6763	124561	243671
6764	124579	243652
6765	124597	243632
6766	124614	243613
6767	124632	243593
6768	124649	243571
6769	124666	243551
6770	124685	243532
6771	124702	243512
6772	124719	243491
6773	124738	243473
6774	124756	243455
6775	124774	243435
6776	124792	243416
6777	124810	243396
6778	124827	243376
6779	124845	243357
6780	124864	243338
6781	124882	243320
6782	124901	243302
6783	124920	243285
6784	124942	243273
6785	124960	243255
6786	124979	243238
6787	124998	243219
6788	125016	243201
6789	125034	243181
6790	125051	243160
6791	125071	243146
6792	125090	243129
6793	125108	243108
6794	125125	243087
6795	125143	243068
6796	125165	243057
6797	125185	243041
6798	125202	243019
6799	125219	243000
6800	125238	242982
6801	125257	242965
6802	125275	242945
6803	125294	242928
6804	125312	242908
6805	125331	242892
6806	125351	242875
6807	125369	242857
6808	125385	242835
6809	125403	242814
6810	125421	242796
6811	125439	242776
6812	125457	242757
6813	125474	242735
6814	125492	242716
6815	125511	242699
6816	125529	242680
6817	125547	242662
6818	125565	242641
6819	125583	242622
6820	125601	242603
6821	125618	242583
6822	125636	242563
6823	125652	242540
6824	125669	242520
6825	125690	242505
6826	125711	242492
6827	125730	242475
6828	125747	242454
6829	125765	242433
6830	125782	242414
6831	125800	242394
6832	125817	242373
6833	125835	242353
6834	125852	242333
6835	125870	242313
6836	125890	242297
6837	125910	242283
6838	125929	242265
6839	125949	242250
6840	125967	242231
6841	125985	242211
6842	126002	242191
6843	126019	242170
6844	126037	242150
6845	126055	242131
6846	126072	242110
6847	126090	242090
6848	126107	242069
6849	126124	242049
6850	126142	242029
6851	126159	242007
6852	126177	241988
6853	126194	241968
6854	126212	241948
6855	126230	241929
6856	126248	241909
6857	126265	241889
6858	126283	241869
6859	126300	241848
6860	126317	241827
6861	126335	241808
6862	126353	241789
6863	126371	241769
6864	126388	241749
6865	126406	241730
6866	126425	241711
6867	126443	241692
6868	126460	241672
6869	126478	241652
6870	126495	241632
6871	126518	241622
6872	126537	241605
6873	126556	241587
6874	126575	241571
6875	126593	241551
6876	126610	241529
6877	126627	241509
6878	126646	241491
6879	126664	241471
6880	126682	241453
6881	126700	241433
6882	126717	241412
6883	126735	241393
6884	126753	241374
6885	126771	241356
6886	126789	241336
6887	126806	241315
6888	126823	241293
6889	126841	241274
6890	126860	241256
6891	126876	241235
6892	126893	241214
6893	126911	241194
6894	126928	241172
6895	126945	241151
6896	126962	241131
6897	126980	241111
6898	126998	241092
6899	127015	241071
6900	127032	241051
6901	127050	241030
6902	127067	241010
6903	127087	240995
6904	127108	240981
6905	127127	240964
6906	127149	240951
6907	127166	240932
6908	127198	240939
6909	127219	240926
6910	127238	240907
6911	127254	240885
6912	127272	240865
6913	127290	240846
6914	127308	240826
6915	127330	240815
6916	127350	240799
6917	127369	240783
6918	127387	240764
6919	127407	240747
6920	127424	240728
6921	127442	240709
6922	127462	240692
6923	127479	240672
6924	127498	240655
6925	127518	240639
6926	127537	240621
6927	127554	240601
6928	127574	240584
6929	127591	240564
6930	127610	240547
6931	127630	240531
6932	127648	240511
6933	127665	240491
6934	127686	240477
6935	127704	240457
6936	127721	240437
6937	127740	240420
6938	127758	240400
6939	127776	240381
6940	127793	240361
6941	127811	240342
6942	127831	240325
6943	127848	240305
6944	127866	240286
6945	127884	240266
6946	127902	240246
6947	127920	240227
6948	127937	240207
6949	127954	240186
6950	127972	240167
6951	127991	240149
6952	128008	240128
6953	128026	240108
6954	128044	240089
6955	128062	240071
6956	128081	240053
6957	128099	240034
6958	128116	240014
6959	128134	239994
6960	128152	239974
6961	128171	239957
6962	128188	239936
6963	128206	239917
6964	128223	239896
6965	128241	239877
6966	128261	239862
6967	128278	239841
6968	128298	239826
6969	128316	239806
6970	128333	239785
6971	128351	239765
6972	128368	239745
6973	128386	239726
6974	128404	239706
6975	128423	239690
6976	128446	239679
6977	128465	239661
6978	128485	239646
6979	128506	239633
6980	128525	239615
6981	128542	239594
6982	128559	239573
6983	128576	239552
6984	128594	239533
6985	128612	239514
6986	128631	239497
6987	128654	239487
6988	128678	239480
6989	128698	239463
6990	128714	239441
6991	128732	239421
6992	128753	239408
6993	128771	239388
6994	128790	239371
6995	128809	239354
6996	128827	239335
6997	128845	239315
6998	128864	239298
6999	128883	239280
7000	128900	239261
7001	128918	239241
7002	128937	239223
7003	128954	239202
7004	128972	239183
7005	128990	239164
7006	129008	239144
7007	129027	239127
7008	129044	239107
7009	129062	239087
7010	129080	239069
7011	129098	239048
7012	129115	239028
7013	129136	239014
7014	129156	238998
7015	129175	238981
7016	129192	238961
7017	129210	238942
7018	129229	238924
7019	129246	238902
7020	129263	238883
7021	129281	238862
7022	129299	238843
7023	129316	238823
7024	129334	238804
7025	129352	238785
7026	129370	238766
7027	129388	238746
7028	129406	238727
7029	129424	238708
7030	129443	238690
7031	129460	238670
7032	129477	238649
7033	129495	238629
7034	129514	238612
7035	129532	238593
7036	129550	238573
7037	129568	238555
7038	129587	238536
7039	129604	238516
7040	129622	238497
7041	129641	238479
7042	129663	238467
7043	129682	238451
7044	129701	238432
7045	129718	238412
7046	129736	238393
7047	129754	238373
7048	129772	238354
7049	129790	238335
7050	129807	238315
7051	129826	238297
7052	129844	238277
7053	129861	238258
7054	129879	238237
7055	129897	238218
7056	129915	238200
7057	129933	238180
7058	129950	238159
7059	129967	238139
7060	129986	238121
7061	130004	238102
7062	130022	238083
7063	130039	238062
7064	130057	238042
7065	130077	238028
7066	130097	238011
7067	130115	237992
7068	130133	237973
7069	130151	237954
7070	130170	237936
7071	130188	237918
7072	130205	237897
7073	130223	237878
7074	130241	237858
7075	130259	237840
7076	130276	237819
7077	130294	237799
7078	130312	237780
7079	130329	237760
7080	130348	237741
7081	130366	237722
7082	130384	237703
7083	130401	237682
7084	130418	237661
7085	130441	237651
7086	130459	237632
7087	130477	237613
7088	130495	237593
7089	130512	237573
7090	130531	237556
7091	130549	237535
7092	130566	237515
7093	130583	237494
7094	130600	237474
7095	130618	237455
7096	130637	237436
7097	130654	237416
7098	130672	237397
7099	130689	237376
7100	130708	237359
7101	130726	237339
7102	130744	237320
7103	130762	237301
7104	130779	237281
7105	130797	237261
7106	130814	237240
7107	130832	237221
7108	130849	237201
7109	130867	237180
7110	130885	237161
7111	130903	237142
7112	130921	237123
7113	130939	237104
7114	130956	237084
7115	130974	237065
7116	130992	237045
7117	131010	237025
7118	131027	237006
7119	131049	236993
7120	131066	236971
7121	131083	236951
7122	131101	236932
7123	131119	236913
7124	131137	236893
7125	131155	236874
7126	131173	236855
7127	131190	236835
7128	131208	236815
7129	131226	236796
7130	131244	236776
7131	131262	236758
7132	131280	236738
7133	131297	236718
7134	131314	236697
7135	131332	236678
7136	131349	236657
7137	131367	236638
7138	131387	236623
7139	131405	236602
7140	131422	236582
7141	131439	236561
7142	131456	236541
7143	131474	236521
7144	131492	236502
7145	131510	236483
7146	131529	236465
7147	131548	236448
7148	131566	236428
7149	131583	236409
7150	131602	236390
7151	131619	236370
7152	131637	236351
7153	131654	236330
7154	131672	236311
7155	131690	236292
7156	131707	236271
7157	131725	236252
7158	131743	236232
7159	131760	236211
7160	131778	236192
7161	131795	236171
7162	131813	236152
7163	131831	236133
7164	131860	236134
7165	131877	236114
7166	131895	236094
7167	131913	236075
7168	131931	236055
7169	131949	236036
7170	131966	236015
7171	131983	235994
7172	132000	235974
7173	132018	235955
7174	132036	235936
7175	132056	235920
7176	132073	235899
7177	132090	235879
7178	132107	235858
7179	132124	235835
7180	132141	235816
7181	132159	235796
7182	132178	235779
7183	132194	235756
7184	132211	235735
7185	132229	235716
7186	132249	235700
7187	132266	235679
7188	132283	235659
7189	132301	235640
7190	132319	235620
7191	132336	235600
7192	132353	235579
7193	132371	235560
7194	132389	235541
7195	132406	235520
7196	132425	235502
7197	132442	235482
7198	132458	235460
7199	132475	235439
7200	132494	235420
7201	132511	235399
7202	132532	235386
7203	132550	235366
7204	132568	235347
7205	132586	235329
7206	132603	235308
7207	132621	235288
7208	132640	235271
7209	132657	235250
7210	132674	235230
7211	132693	235212
7212	132710	235192
7213	132728	235172
7214	132746	235154
7215	132764	235134
7216	132782	235114
7217	132800	235095
7218	132817	235074
7219	132834	235054
7220	132852	235035
7221	132880	235034
7222	132899	235015
7223	132917	234997
7224	132936	234979
7225	132952	234958
7226	132969	234936
7227	132988	234918
7228	133004	234897
7229	133022	234877
7230	133040	234858
7231	133060	234842
7232	133082	234831
7233	133105	234820
7234	133124	234802
7235	133141	234782
7236	133160	234764
7237	133179	234747
7238	133198	234729
7239	133219	234717
7240	133237	234697
7241	133254	234676
7242	133272	234656
7243	133289	234636
7244	133308	234619
7245	133327	234602
7246	133345	234582
7247	133362	234561
7248	133380	234542
7249	133397	234521
7250	133417	234505
7251	133435	234487
7252	133453	234467
7253	133473	234451
7254	133494	234439
7255	133515	234425
7256	133538	234414
7257	133556	234396
7258	133574	234376
7259	133592	234358
7260	133610	234338
7261	133628	234319
7262	133646	234299
7263	133664	234280
7264	133682	234261
7265	133705	234251
7266	133724	234233
7267	133743	234216
7268	133759	234194
7269	133778	234176
7270	133795	234156
7271	133812	234135
7272	133830	234115
7273	133847	234095
7274	133865	234075
7275	133883	234056
7276	133901	234037
7277	133918	234017
7278	133936	233997
7279	133954	233978
7280	133972	233959
7281	133989	233939
7282	134007	233919
7283	134024	233899
7284	134042	233879
7285	134060	233859
7286	134077	233839
7287	134095	233820
7288	134112	233799
7289	134129	233779
7290	134147	233760
7291	134164	233739
7292	134181	233717
7293	134200	233700
7294	134217	233680
7295	134235	233660
7296	134253	233641
7297	134269	233619
7298	134287	233599
7299	134304	233580
7300	134322	233560
7301	134340	233540
7302	134357	233520
7303	134376	233503
7304	134399	233492
7305	134417	233474
7306	134436	233455
7307	134455	233438
7308	134473	233419
7309	134491	233399
7310	134508	233380
7311	134526	233361
7312	134545	233342
7313	134562	233323
7314	134580	233303
7315	134598	233283
7316	134615	233263
7317	134632	233243
7318	134651	233224
7319	134672	233211
7320	134691	233194
7321	134710	233176
7322	134728	233158
7323	134746	233138
7324	134763	233117
7325	134781	233098
7326	134799	233079
7327	134817	233060
7328	134835	233042
7329	134853	233022
7330	134871	233003
7331	134888	232983
7332	134907	232965
7333	134925	232945
7334	134943	232926
7335	134961	232907
7336	134979	232888
7337	134996	232868
7338	135013	232847
7339	135031	232828
7340	135052	232814
7341	135069	232794
7342	135087	232773
7343	135104	232752
7344	135122	232734
7345	135139	232713
7346	135157	232694
7347	135175	232674
7348	135192	232655
7349	135210	232634
7350	135228	232616
7351	135246	232596
7352	135263	232577
7353	135281	232557
7354	135298	232537
7355	135317	232519
7356	135335	232500
7357	135352	232479
7358	135372	232463
7359	135389	232442
7360	135407	232423
7361	135424	232402
7362	135441	232383
7363	135459	232363
7364	135477	232344
7365	135495	232325
7366	135513	232305
7367	135530	232285
7368	135550	232270
7369	135568	232251
7370	135588	232235
7371	135608	232219
7372	135626	232199
7373	135643	232179
7374	135661	232160
7375	135679	232140
7376	135695	232119
7377	135713	232099
7378	135731	232080
7379	135748	232060
7380	135767	232042
7381	135784	232021
7382	135801	232001
7383	135819	231981
7384	135837	231962
7385	135856	231945
7386	135873	231925
7387	135891	231905
7388	135910	231888
7389	135927	231867
7390	135945	231848
7391	135964	231830
7392	135981	231810
7393	135999	231790
7394	136016	231769
7395	136032	231748
7396	136050	231728
7397	136069	231711
7398	136087	231692
7399	136105	231673
7400	136123	231654
7401	136145	231641
7402	136164	231624
7403	136181	231604
7404	136198	231582
7405	136216	231563
7406	136233	231543
7407	136250	231523
7408	136269	231506
7409	136289	231490
7410	136309	231474
7411	136328	231457
7412	136349	231443
7413	136367	231423
7414	136385	231404
7415	136404	231387
7416	136423	231369
7417	136440	231348
7418	136457	231328
7419	136474	231308
7420	136492	231288
7421	136509	231268
7422	136528	231249
7423	136547	231233
7424	136565	231214
7425	136585	231198
7426	136604	231180
7427	136622	231161
7428	136640	231143
7429	136658	231123
7430	136675	231103
7431	136693	231084
7432	136711	231064
7433	136729	231045
7434	136749	231029
7435	136767	231010
7436	136783	230989
7437	136800	230968
7438	136818	230949
7439	136836	230930
7440	136853	230910
7441	136871	230890
7442	136890	230871
7443	136907	230852
7444	136924	230832
7445	136943	230813
7446	136960	230794
7447	136978	230775
7448	136996	230754
7449	137014	230735
7450	137031	230715
7451	137049	230696
7452	137068	230678
7453	137086	230659
7454	137103	230639
7455	137121	230620
7456	137142	230606
7457	137161	230588
7458	137178	230568
7459	137196	230548
7460	137230	230557
7461	137249	230539
7462	137267	230519
7463	137283	230498
7464	137301	230479
7465	137320	230461
7466	137338	230441
7467	137356	230422
7468	137374	230403
7469	137393	230387
7470	137415	230374
7471	137434	230356
7472	137451	230337
7473	137470	230318
7474	137488	230299
7475	137506	230280
7476	137525	230263
7477	137546	230249
7478	137562	230227
7479	137580	230208
7480	137598	230189
7481	137615	230168
7482	137633	230149
7483	137651	230130
7484	137670	230112
7485	137687	230091
7486	137704	230072
7487	137722	230052
7488	137741	230034
7489	137758	230014
7490	137776	229995
7491	137793	229974
7492	137811	229955
7493	137833	229942
7494	137853	229926
7495	137871	229908
7496	137891	229892
7497	137910	229874
7498	137929	229858
7499	137947	229839
7500	137967	229822
7501	137986	229806
7502	138007	229792
7503	138025	229772
7504	138043	229753
7505	138061	229734
7506	138079	229715
7507	138101	229702
7508	138120	229686
7509	138139	229668
7510	138158	229650
7511	138176	229632
7512	138194	229612
7513	138212	229594
7514	138230	229574
7515	138247	229554
7516	138264	229534
7517	138282	229514
7518	138300	229494
7519	138318	229476
7520	138335	229455
7521	138352	229435
7522	138370	229415
7523	138388	229396
7524	138405	229375
7525	138426	229362
7526	138445	229344
7527	138462	229324
7528	138480	229305
7529	138497	229284
7530	138515	229264
7531	138531	229242
7532	138551	229226
7533	138569	229208
7534	138588	229190
7535	138605	229170
7536	138624	229152
7537	138641	229132
7538	138660	229114
7539	138677	229093
7540	138695	229074
7541	138712	229053
7542	138730	229034
7543	138750	229018
7544	138767	228998
7545	138785	228979
7546	138802	228958
7547	138820	228939
7548	138838	228920
7549	138857	228903
7550	138875	228883
7551	138892	228864
7552	138910	228844
7553	138927	228823
7554	138945	228805
7555	138965	228788
7556	138982	228768
7557	138999	228748
7558	139017	228729
7559	139036	228710
7560	139054	228692
7561	139073	228674
7562	139090	228654
7563	139108	228635
7564	139125	228614
7565	139143	228595
7566	139161	228576
7567	139184	228565
7568	139202	228546
7569	139219	228525
7570	139236	228505
7571	139254	228486
7572	139273	228468
7573	139291	228449
7574	139308	228429
7575	139326	228409
7576	139344	228390
7577	139361	228369
7578	139379	228350
7579	139397	228332
7580	139416	228314
7581	139434	228295
7582	139451	228275
7583	139471	228259
7584	139489	228240
7585	139506	228220
7586	139523	228199
7587	139540	228178
7588	139559	228160
7589	139576	228140
7590	139595	228122
7591	139615	228107
7592	139634	228089
7593	139652	228071
7594	139671	228053
7595	139690	228035
7596	139709	228018
7597	139727	227998
7598	139744	227978
7599	139761	227958
7600	139780	227940
7601	139797	227919
7602	139814	227899
7603	139832	227881
7604	139850	227861
7605	139867	227841
7606	139885	227821
7607	139904	227803
7608	139921	227784
7609	139938	227763
7610	139957	227746
7611	139974	227725
7612	139991	227705
7613	140009	227686
7614	140027	227667
7615	140046	227648
7616	140063	227629
7617	140081	227609
7618	140098	227589
7619	140115	227568
7620	140133	227549
7621	140151	227530
7622	140169	227511
7623	140186	227490
7624	140204	227471
7625	140222	227452
7626	140239	227432
7627	140257	227412
7628	140274	227391
7629	140291	227371
7630	140310	227354
7631	140328	227334
7632	140345	227315
7633	140364	227296
7634	140381	227276
7635	140399	227256
7636	140416	227237
7637	140434	227217
7638	140452	227198
7639	140470	227179
7640	140488	227160
7641	140505	227140
7642	140523	227120
7643	140541	227101
7644	140560	227083
7645	140577	227064
7646	140594	227043
7647	140612	227025
7648	140630	227005
7649	140648	226986
7650	140666	226968
7651	140684	226948
7652	140702	226929
7653	140720	226909
7654	140738	226890
7655	140755	226871
7656	140773	226851
7657	140791	226832
7658	140808	226812
7659	140826	226792
7660	140847	226779
7661	140866	226761
7662	140885	226743
7663	140902	226723
7664	140920	226704
7665	140937	226684
7666	140956	226665
7667	140973	226645
7668	140990	226625
7669	141008	226605
7670	141027	226588
7671	141049	226575
7672	141068	226558
7673	141086	226539
7674	141103	226520
7675	141136	226523
7676	141155	226506
7677	141172	226486
7678	141190	226467
7679	141207	226447
7680	141226	226428
7681	141243	226408
7682	141260	226388
7683	141278	226368
7684	141295	226348
7685	141312	226327
7686	141330	226309
7687	141349	226291
7688	141367	226271
7689	141385	226253
7690	141402	226233
7691	141420	226214
7692	141438	226194
7693	141455	226174
7694	141472	226154
7695	141490	226135
7696	141507	226114
7697	141526	226096
7698	141544	226077
7699	141563	226060
7700	141580	226040
7701	141599	226021
7702	141616	226001
7703	141633	225981
7704	141651	225962
7705	141669	225943
7706	141687	225924
7707	141705	225904
7708	141722	225885
7709	141740	225865
7710	141758	225846
7711	141775	225826
7712	141792	225804
7713	141810	225786
7714	141829	225769
7715	141846	225749
7716	141864	225730
7717	141882	225710
7718	141900	225691
7719	141918	225672
7720	141935	225652
7721	141953	225633
7722	141972	225615
7723	141989	225594
7724	142007	225575
7725	142024	225555
7726	142042	225536
7727	142059	225515
7728	142077	225496
7729	142093	225475
7730	142112	225456
7731	142128	225435
7732	142145	225414
7733	142163	225395
7734	142185	225383
7735	142206	225369
7736	142224	225349
7737	142241	225329
7738	142259	225309
7739	142276	225289
7740	142294	225270
7741	142312	225250
7742	142329	225230
7743	142347	225212
7744	142366	225193
7745	142384	225175
7746	142402	225155
7747	142419	225135
7748	142436	225114
7749	142453	225095
7750	142471	225075
7751	142489	225056
7752	142507	225037
7753	142524	225017
7754	142541	224997
7755	142559	224978
7756	142577	224959
7757	142595	224940
7758	142613	224921
7759	142631	224901
7760	142649	224882
7761	142666	224861
7762	142685	224845
7763	142708	224833
7764	142727	224817
7765	142745	224797
7766	142763	224778
7767	142781	224759
7768	142798	224738
7769	142816	224719
7770	142833	224699
7771	142852	224681
7772	142869	224661
7773	142887	224643
7774	142909	224629
7775	142928	224611
7776	142945	224592
7777	142963	224572
7778	142981	224553
7779	142998	224534
7780	143017	224515
7781	143035	224497
7782	143058	224485
7783	143078	224470
7784	143096	224450
7785	143114	224432
7786	143134	224415
7787	143151	224395
7788	143169	224377
7789	143188	224358
7790	143205	224338
7791	143223	224320
7792	143240	224298
7793	143257	224278
7794	143274	224258
7795	143292	224239
7796	143311	224222
7797	143329	224203
7798	143346	224182
7799	143365	224164
7800	143383	224145
7801	143400	224125
7802	143418	224105
7803	143436	224087
7804	143453	224067
7805	143470	224046
7806	143488	224027
7807	143506	224008
7808	143524	223989
7809	143542	223970
7810	143560	223952
7811	143580	223935
7812	143598	223916
7813	143615	223896
7814	143633	223876
7815	143652	223859
7816	143671	223841
7817	143688	223821
7818	143706	223802
7819	143724	223783
7820	143743	223767
7821	143760	223746
7822	143778	223726
7823	143796	223707
7824	143813	223687
7825	143833	223670
7826	143851	223651
7827	143868	223632
7828	143886	223613
7829	143903	223593
7830	143921	223573
7831	143939	223554
7832	143957	223535
7833	143974	223514
7834	143991	223494
7835	144009	223476
7836	144027	223456
7837	144045	223437
7838	144062	223416
7839	144080	223397
7840	144098	223378
7841	144115	223358
7842	144133	223340
7843	144151	223320
7844	144169	223301
7845	144187	223282
7846	144205	223264
7847	144222	223244
7848	144239	223223
7849	144256	223202
7850	144274	223183
7851	144291	223162
7852	144307	223141
7853	144326	223122
7854	144344	223105
7855	144363	223086
7856	144380	223066
7857	144397	223046
7858	144415	223027
7859	144433	223007
7860	144451	222988
7861	144468	222968
7862	144485	222947
7863	144502	222928
7864	144520	222909
7865	144538	222890
7866	144555	222870
7867	144574	222851
7868	144592	222832
7869	144610	222813
7870	144627	222793
7871	144645	222774
7872	144663	222755
7873	144681	222736
7874	144698	222716
7875	144716	222697
7876	144734	222677
7877	144751	222658
7878	144769	222638
7879	144790	222625
7880	144809	222606
7881	144826	222586
7882	144844	222567
7883	144862	222548
7884	144880	222529
7885	144897	222509
7886	144915	222491
7887	144933	222471
7888	144950	222451
7889	144968	222431
7890	144986	222412
7891	145003	222392
7892	145021	222372
7893	145038	222353
7894	145056	222334
7895	145074	222315
7896	145092	222296
7897	145110	222276
7898	145130	222261
7899	145151	222246
7900	145168	222227
7901	145185	222206
7902	145204	222188
7903	145221	222168
7904	145238	222148
7905	145256	222129
7906	145275	222110
7907	145292	222091
7908	145311	222073
7909	145330	222056
7910	145348	222037
7911	145366	222017
7912	145384	221999
7913	145401	221978
7914	145421	221963
7915	145443	221950
7916	145462	221933
7917	145480	221913
7918	145499	221896
7919	145517	221876
7920	145534	221857
7921	145552	221838
7922	145570	221818
7923	145589	221801
7924	145607	221782
7925	145624	221762
7926	145641	221741
7927	145659	221722
7928	145677	221703
7929	145695	221684
7930	145714	221667
7931	145735	221653
7932	145753	221634
7933	145774	221620
7934	145793	221602
7935	145811	221583
7936	145830	221565
7937	145848	221546
7938	145866	221528
7939	145884	221508
7940	145902	221490
7941	145920	221471
7942	145938	221452
7943	145957	221434
7944	145975	221416
7945	145994	221398
7946	146013	221380
7947	146031	221362
7948	146049	221342
7949	146067	221324
7950	146085	221305
7951	146102	221284
7952	146119	221265
7953	146137	221245
7954	146155	221226
7955	146173	221207
7956	146191	221188
7957	146208	221168
7958	146225	221148
7959	146242	221128
7960	146260	221107
7961	146277	221087
7962	146294	221068
7963	146312	221048
7964	146330	221029
7965	146347	221009
7966	146365	220990
7967	146382	220970
7968	146400	220951
7969	146418	220932
7970	146436	220913
7971	146454	220893
7972	146472	220875
7973	146490	220855
7974	146507	220835
7975	146524	220816
7976	146542	220796
7977	146560	220777
7978	146578	220758
7979	146596	220740
7980	146618	220727
7981	146637	220709
7982	146656	220691
7983	146674	220673
7984	146692	220654
7985	146709	220634
7986	146727	220615
7987	146744	220594
7988	146762	220574
7989	146779	220555
7990	146797	220535
7991	146815	220516
7992	146832	220497
7993	146850	220477
7994	146873	220466
7995	146894	220451
7996	146916	220439
7997	146935	220422
7998	146952	220401
7999	146971	220383
8000	146989	220364
8001	147006	220344
8002	147024	220325
8003	147042	220306
8004	147060	220287
8005	147078	220268
8006	147096	220249
8007	147114	220230
8008	147132	220211
8009	147151	220194
8010	147170	220176
8011	147192	220163
8012	147210	220145
8013	147233	220133
8014	147254	220119
8015	147275	220105
8016	147293	220086
8017	147311	220066
8018	147328	220045
8019	147345	220026
8020	147363	220007
8021	147381	219988
8022	147400	219971
8023	147420	219954
8024	147437	219935
8025	147455	219915
8026	147472	219895
8027	147490	219876
8028	147508	219857
8029	147525	219837
8030	147543	219818
8031	147561	219798
8032	147578	219779
8033	147598	219761
8034	147616	219743
8035	147634	219725
8036	147652	219705
8037	147669	219685
8038	147687	219666
8039	147705	219646
8040	147723	219628
8041	147741	219609
8042	147758	219589
8043	147776	219570
8044	147793	219549
8045	147810	219530
8046	147828	219511
8047	147846	219491
8048	147864	219472
8049	147882	219453
8050	147900	219434
8051	147920	219419
8052	147937	219398
8053	147955	219379
8054	147972	219359
8055	147989	219339
8056	148006	219319
8057	148024	219299
8058	148042	219280
8059	148059	219260
8060	148077	219241
8061	148094	219221
8062	148113	219204
8063	148131	219184
8064	148149	219165
8065	148166	219145
8066	148184	219125
8067	148201	219105
8068	148220	219088
8069	148238	219069
8070	148257	219052
8071	148275	219033
8072	148293	219014
8073	148311	218995
8074	148328	218975
8075	148346	218956
8076	148365	218938
8077	148382	218918
8078	148399	218898
8079	148420	218883
8080	148440	218867
8081	148459	218849
8082	148478	218832
8083	148496	218813
8084	148515	218797
8085	148537	218783
8086	148556	218765
8087	148574	218746
8088	148593	218729
8089	148612	218711
8090	148631	218694
8091	148649	218675
8092	148668	218657
8093	148686	218639
8094	148705	218622
8095	148724	218604
8096	148742	218585
8097	148763	218570
8098	148783	218554
8099	148801	218535
8100	148819	218517
8101	148839	218501
8102	148858	218483
8103	148877	218466
8104	148896	218449
8105	148915	218432
8106	148933	218412
8107	148951	218393
8108	148969	218374
8109	148986	218353
8110	149003	218334
8111	149021	218315
8112	149039	218295
8113	149056	218276
8114	149075	218258
8115	149093	218239
8116	149111	218219
8117	149127	218198
8118	149147	218181
8119	149167	218166
8120	149185	218147
8121	149201	218126
8122	149219	218106
8123	149240	218091
8124	149264	218081
8125	149284	218065
8126	149302	218047
8127	149320	218028
8128	149339	218011
8129	149357	217991
8130	149374	217971
8131	149392	217952
8132	149409	217932
8133	149428	217915
8134	149446	217895
8135	149463	217876
8136	149481	217856
8137	149499	217837
8138	149516	217818
8139	149533	217797
8140	149551	217777
8141	149568	217758
8142	149590	217744
8143	149609	217727
8144	149627	217707
8145	149644	217688
8146	149666	217675
8147	149684	217656
8148	149702	217637
8149	149723	217622
8150	149740	217602
8151	149757	217581
8152	149774	217561
8153	149790	217539
8154	149808	217520
8155	149825	217499
8156	149842	217480
8157	149859	217459
8158	149876	217439
8159	149895	217421
8160	149913	217402
8161	149930	217383
8162	149949	217364
8163	149966	217344
8164	149983	217324
8165	150001	217306
8166	150019	217286
8167	150036	217266
8168	150053	217245
8169	150070	217226
8170	150089	217208
8171	150108	217190
8172	150125	217170
8173	150143	217151
8174	150160	217131
8175	150177	217111
8176	150194	217089
8177	150211	217069
8178	150228	217050
8179	150246	217030
8180	150265	217013
8181	150283	216994
8182	150301	216975
8183	150318	216955
8184	150336	216936
8185	150354	216916
8186	150370	216895
8187	150387	216874
8188	150404	216855
8189	150422	216835
8190	150440	216817
8191	150458	216797
8192	150483	216789
8193	150500	216769
8194	150518	216750
8195	150536	216731
8196	150554	216711
8197	150572	216692
8198	150589	216673
8199	150607	216655
8200	150626	216637
8201	150644	216618
8202	150664	216601
8203	150682	216583
8204	150700	216563
8205	150717	216544
8206	150734	216523
8207	150755	216508
8208	150774	216490
8209	150791	216470
8210	150808	216451
8211	150825	216431
8212	150842	216410
8213	150859	216390
8214	150876	216369
8215	150894	216350
8216	150910	216328
8217	150927	216307
8218	150944	216288
8219	150963	216271
8220	150981	216252
8221	150999	216233
8222	151017	216213
8223	151035	216195
8224	151053	216176
8225	151073	216160
8226	151090	216139
8227	151107	216119
8228	151124	216099
8229	151142	216080
8230	151159	216060
8231	151176	216040
8232	151194	216020
8233	151212	216001
8234	151229	215982
8235	151247	215962
8236	151265	215943
8237	151283	215924
8238	151300	215905
8239	151319	215887
8240	151337	215867
8241	151354	215848
8242	151374	215831
8243	151393	215814
8244	151412	215796
8245	151432	215780
8246	151449	215760
8247	151467	215741
8248	151487	215725
8249	151504	215705
8250	151521	215685
8251	151538	215665
8252	151555	215645
8253	151572	215624
8254	151590	215605
8255	151608	215586
8256	151626	215567
8257	151644	215549
8258	151662	215530
8259	151680	215511
8260	151699	215493
8261	151717	215474
8262	151734	215455
8263	151752	215435
8264	151771	215418
8265	151790	215400
8266	151807	215380
8267	151825	215361
8268	151841	215340
8269	151858	215319
8270	151875	215299
8271	151892	215279
8272	151911	215261
8273	151930	215243
8274	151948	215224
8275	151964	215203
8276	151981	215183
8277	151999	215163
8278	152016	215143
8279	152033	215123
8280	152051	215104
8281	152068	215084
8282	152086	215065
8283	152104	215046
8284	152123	215029
8285	152142	215012
8286	152160	214992
8287	152179	214974
8288	152197	214957
8289	152216	214939
8290	152235	214921
8291	152253	214902
8292	152272	214885
8293	152291	214867
8294	152309	214849
8295	152328	214832
8296	152347	214814
8297	152367	214798
8298	152385	214779
8299	152404	214761
8300	152422	214743
8301	152439	214722
8302	152458	214705
8303	152477	214688
8304	152495	214668
8305	152512	214649
8306	152530	214629
8307	152550	214613
8308	152567	214593
8309	152588	214578
8310	152608	214562
8311	152628	214547
8312	152646	214527
8313	152665	214510
8314	152683	214492
8315	152703	214475
8316	152720	214455
8317	152738	214436
8318	152757	214419
8319	152777	214402
8320	152794	214382
8321	152812	214364
8322	152830	214345
8323	152848	214325
8324	152865	214305
8325	152885	214289
8326	152903	214271
8327	152921	214251
8328	152938	214231
8329	152956	214212
8330	152974	214193
8331	152991	214173
8332	153010	214155
8333	153027	214135
8334	153045	214117
8335	153064	214098
8336	153082	214080
8337	153100	214061
8338	153117	214041
8339	153134	214021
8340	153152	214002
8341	153169	213982
8342	153187	213963
8343	153205	213943
8344	153225	213928
8345	153242	213908
8346	153260	213889
8347	153278	213869
8348	153295	213850
8349	153313	213830
8350	153331	213811
8351	153347	213790
8352	153364	213770
8353	153382	213751
8354	153402	213735
8355	153420	213717
8356	153438	213698
8357	153456	213678
8358	153474	213659
8359	153492	213641
8360	153511	213623
8361	153528	213603
8362	153547	213586
8363	153567	213570
8364	153585	213550
8365	153603	213532
8366	153623	213516
8367	153642	213497
8368	153659	213478
8369	153676	213458
8370	153693	213437
8371	153712	213420
8372	153730	213401
8373	153747	213381
8374	153766	213363
8375	153784	213344
8376	153802	213325
8377	153819	213306
8378	153837	213286
8379	153857	213270
8380	153876	213252
8381	153893	213233
8382	153912	213214
8383	153930	213196
8384	153948	213177
8385	153965	213157
8386	153983	213139
8387	154001	213120
8388	154018	213099
8389	154036	213080
8390	154053	213060
8391	154071	213041
8392	154088	213021
8393	154106	213002
8394	154124	212984
8395	154142	212965
8396	154159	212945
8397	154177	212925
8398	154194	212905
8399	154212	212886
8400	154230	212867
8401	154248	212849
8402	154268	212832
8403	154286	212813
8404	154303	212793
8405	154321	212775
8406	154339	212755
8407	154356	212736
8408	154375	212717
8409	154392	212698
8410	154409	212678
8411	154427	212659
8412	154444	212638
8413	154462	212619
8414	154482	212604
8415	154502	212587
8416	154520	212568
8417	154538	212549
8418	154555	212530
8419	154575	212513
8420	154593	212494
8421	154610	212474
8422	154628	212456
8423	154646	212436
8424	154662	212415
8425	154683	212401
8426	154700	212380
8427	154717	212360
8428	154735	212341
8429	154752	212320
8430	154770	212301
8431	154786	212281
8432	154804	212262
8433	154822	212242
8434	154838	212221
8435	154856	212202
8436	154874	212183
8437	154893	212166
8438	154912	212148
8439	154929	212128
8440	154946	212108
8441	154963	212087
8442	154980	212067
8443	154997	212047
8444	155014	212027
8445	155031	212007
8446	155049	211988
8447	155069	211971
8448	155086	211951
8449	155103	211932
8450	155121	211913
8451	155139	211894
8452	155159	211878
8453	155177	211858
8454	155194	211839
8455	155215	211824
8456	155233	211805
8457	155253	211789
8458	155271	211769
8459	155288	211750
8460	155307	211732
8461	155324	211712
8462	155341	211693
8463	155360	211674
8464	155377	211655
8465	155395	211635
8466	155413	211617
8467	155431	211598
8468	155449	211579
8469	155468	211561
8470	155488	211546
8471	155506	211527
8472	155524	211508
8473	155543	211490
8474	155563	211474
8475	155580	211454
8476	155597	211434
8477	155615	211414
8478	155636	211400
8479	155653	211380
8480	155670	211359
8481	155687	211340
8482	155705	211321
8483	155723	211301
8484	155740	211282
8485	155761	211267
8486	155779	211248
8487	155797	211229
8488	155816	211212
8489	155835	211194
8490	155852	211175
8491	155870	211155
8492	155887	211135
8493	155905	211116
8494	155922	211096
8495	155939	211075
8496	155956	211056
8497	155973	211036
8498	155992	211018
8499	156010	210999
8500	156027	210979
8501	156045	210960
8502	156063	210941
8503	156081	210923
8504	156099	210904
8505	156119	210887
8506	156139	210871
8507	156158	210854
8508	156178	210838
8509	156197	210820
8510	156216	210803
8511	156235	210786
8512	156254	210767
8513	156274	210751
8514	156292	210733
8515	156312	210716
8516	156332	210700
8517	156352	210685
8518	156371	210667
8519	156389	210648
8520	156410	210633
8521	156428	210615
8522	156446	210596
8523	156463	210576
8524	156482	210558
8525	156500	210539
8526	156519	210521
8527	156536	210502
8528	156555	210483
8529	156574	210466
8530	156593	210449
8531	156611	210430
8532	156632	210415
8533	156650	210397
8534	156669	210379
8535	156689	210362
8536	156706	210343
8537	156724	210324
8538	156742	210306
8539	156761	210287
8540	156782	210273
8541	156801	210255
8542	156819	210236
8543	156839	210220
8544	156856	210200
8545	156877	210185
8546	156896	210167
8547	156913	210147
8548	156930	210128
8549	156948	210109
8550	156967	210091
8551	156984	210070
8552	157001	210051
8553	157018	210031
8554	157035	210011
8555	157054	209993
8556	157087	209994
8557	157105	209975
8558	157123	209956
8559	157140	209936
8560	157158	209918
8561	157177	209899
8562	157211	209902
8563	157231	209886
8564	157251	209870
8565	157271	209854
8566	157290	209837
8567	157310	209820
8568	157329	209802
8569	157347	209784
8570	157368	209769
8571	157386	209751
8572	157406	209735
8573	157425	209717
8574	157446	209701
8575	157464	209683
8576	157484	209666
8577	157502	209647
8578	157520	209629
8579	157539	209612
8580	157558	209594
8581	157577	209576
8582	157594	209557
8583	157612	209537
8584	157633	209523
8585	157653	209506
8586	157671	209488
8587	157689	209469
8588	157707	209449
8589	157724	209430
8590	157742	209411
8591	157760	209392
8592	157778	209373
8593	157798	209356
8594	157815	209337
8595	157832	209317
8596	157848	209296
8597	157866	209276
8598	157883	209256
8599	157899	209235
8600	157917	209216
8601	157934	209196
8602	157951	209175
8603	157968	209156
8604	157985	209135
8605	158004	209117
8606	158021	209098
8607	158039	209079
8608	158058	209062
8609	158076	209042
8610	158094	209023
8611	158112	209005
8612	158130	208986
8613	158148	208967
8614	158166	208948
8615	158184	208929
8616	158205	208915
8617	158222	208895
8618	158241	208877
8619	158259	208858
8620	158277	208839
8621	158294	208819
8622	158311	208799
8623	158329	208780
8624	158347	208761
8625	158365	208743
8626	158383	208724
8627	158402	208706
8628	158420	208687
8629	158438	208668
8630	158456	208650
8631	158474	208630
8632	158493	208613
8633	158514	208598
8634	158531	208578
8635	158548	208559
8636	158565	208538
8637	158582	208518
8638	158601	208500
8639	158619	208482
8640	158637	208463
8641	158655	208444
8642	158674	208426
8643	158693	208409
8644	158713	208392
8645	158731	208373
8646	158748	208353
8647	158764	208333
8648	158783	208314
8649	158801	208296
8650	158820	208278
8651	158838	208259
8652	158856	208240
8653	158873	208220
8654	158892	208203
8655	158912	208187
8656	158930	208168
8657	158948	208149
8658	158968	208133
8659	158986	208113
8660	159003	208094
8661	159022	208077
8662	159042	208061
8663	159059	208040
8664	159077	208021
8665	159096	208004
8666	159116	207988
8667	159134	207969
8668	159151	207949
8669	159168	207928
8670	159185	207908
8671	159202	207888
8672	159219	207867
8673	159236	207848
8674	159254	207828
8675	159271	207809
8676	159289	207790
8677	159307	207771
8678	159324	207751
8679	159342	207733
8680	159361	207715
8681	159383	207702
8682	159401	207683
8683	159418	207663
8684	159447	207658
8685	159465	207638
8686	159482	207618
8687	159499	207599
8688	159517	207579
8689	159534	207559
8690	159552	207541
8691	159569	207521
8692	159586	207501
8693	159606	207484
8694	159624	207465
8695	159642	207447
8696	159661	207429
8697	159678	207409
8698	159696	207390
8699	159716	207373
8700	159733	207354
8701	159750	207333
8702	159768	207314
8703	159785	207294
8704	159802	207275
8705	159823	207260
8706	159842	207242
8707	159860	207223
8708	159877	207203
8709	159895	207185
8710	159912	207164
8711	159931	207147
8712	159949	207129
8713	159967	207108
8714	159984	207089
8715	160001	207069
8716	160020	207051
8717	160040	207035
8718	160059	207017
8719	160076	206998
8720	160095	206980
8721	160112	206960
8722	160130	206941
8723	160147	206921
8724	160165	206902
8725	160184	206885
8726	160201	206865
8727	160219	206846
8728	160240	206830
8729	160258	206812
8730	160276	206793
8731	160294	206774
8732	160311	206754
8733	160329	206735
8734	160347	206717
8735	160365	206698
8736	160385	206681
8737	160403	206663
8738	160421	206644
8739	160439	206625
8740	160457	206606
8741	160477	206590
8742	160494	206570
8743	160512	206551
8744	160529	206532
8745	160548	206513
8746	160565	206494
8747	160583	206475
8748	160601	206456
8749	160620	206438
8750	160638	206419
8751	160659	206404
8752	160676	206385
8753	160697	206369
8754	160715	206351
8755	160734	206332
8756	160752	206314
8757	160769	206295
8758	160786	206274
8759	160805	206257
8760	160824	206239
8761	160841	206219
8762	160860	206201
8763	160881	206186
8764	160902	206171
8765	160921	206153
8766	160939	206135
8767	160956	206115
8768	160973	206095
8769	160990	206075
8770	161007	206055
8771	161024	206035
8772	161041	206015
8773	161059	205996
8774	161077	205977
8775	161096	205959
8776	161115	205941
8777	161132	205921
8778	161150	205903
8779	161168	205883
8780	161187	205867
8781	161205	205848
8782	161223	205829
8783	161241	205810
8784	161259	205792
8785	161281	205778
8786	161301	205761
8787	161320	205744
8788	161338	205725
8789	161357	205707
8790	161375	205689
8791	161395	205672
8792	161413	205654
8793	161432	205636
8794	161450	205617
8795	161468	205598
8796	161486	205579
8797	161503	205560
8798	161521	205540
8799	161539	205522
8800	161558	205504
8801	161576	205486
8802	161594	205467
8803	161612	205448
8804	161630	205429
8805	161651	205414
8806	161669	205396
8807	161688	205378
8808	161705	205358
8809	161722	205337
8810	161741	205320
8811	161759	205301
8812	161777	205282
8813	161797	205266
8814	161814	205247
8815	161831	205226
8816	161848	205206
8817	161865	205186
8818	161882	205166
8819	161899	205146
8820	161918	205128
8821	161938	205112
8822	161955	205092
8823	161973	205073
8824	161994	205058
8825	162012	205039
8826	162030	205020
8827	162049	205003
8828	162066	204983
8829	162084	204964
8830	162102	204945
8831	162120	204927
8832	162139	204909
8833	162157	204890
8834	162174	204870
8835	162193	204852
8836	162210	204833
8837	162229	204814
8838	162247	204795
8839	162267	204780
8840	162286	204762
8841	162305	204744
8842	162322	204725
8843	162340	204706
8844	162358	204686
8845	162375	204667
8846	162392	204647
8847	162410	204628
8848	162428	204609
8849	162446	204591
8850	162467	204575
8851	162485	204556
8852	162506	204541
8853	162525	204524
8854	162544	204506
8855	162563	204489
8856	162582	204471
8857	162600	204453
8858	162620	204436
8859	162638	204417
8860	162657	204399
8861	162675	204381
8862	162693	204362
8863	162711	204343
8864	162728	204324
8865	162746	204304
8866	162764	204285
8867	162782	204267
8868	162800	204248
8869	162819	204231
8870	162837	204212
8871	162855	204193
8872	162872	204174
8873	162891	204156
8874	162910	204138
8875	162928	204119
8876	162946	204100
8877	162964	204081
8878	162984	204065
8879	163001	204045
8880	163019	204026
8881	163037	204008
8882	163056	203990
8883	163074	203971
8884	163092	203952
8885	163109	203932
8886	163128	203914
8887	163147	203897
8888	163165	203878
8889	163183	203860
8890	163201	203841
8891	163219	203822
8892	163237	203803
8893	163254	203783
8894	163277	203771
8895	163297	203755
8896	163317	203738
8897	163335	203719
8898	163355	203702
8899	163373	203684
8900	163393	203667
8901	163410	203648
8902	163430	203632
8903	163448	203612
8904	163466	203594
8905	163484	203575
8906	163502	203557
8907	163520	203538
8908	163538	203519
8909	163562	203507
8910	163581	203490
8911	163599	203470
8912	163619	203455
8913	163638	203437
8914	163659	203421
8915	163677	203403
8916	163695	203385
8917	163715	203367
8918	163734	203350
8919	163753	203332
8920	163773	203317
8921	163794	203301
8922	163813	203283
8923	163832	203266
8924	163853	203251
8925	163875	203237
8926	163894	203220
8927	163913	203202
8928	163930	203182
8929	163947	203163
8930	163966	203144
8931	163984	203126
8932	164004	203110
8933	164023	203092
8934	164041	203073
8935	164061	203057
8936	164086	203047
8937	164111	203037
8938	164136	203026
8939	164160	203015
8940	164183	203002
8941	164203	202986
8942	164221	202968
8943	164239	202949
8944	164258	202931
8945	164278	202915
8946	164298	202899
8947	164318	202881
8948	164337	202865
8949	164360	202852
8950	164382	202838
8951	164404	202824
8952	164424	202807
8953	164444	202791
8954	164464	202775
8955	164483	202758
8956	164503	202741
8957	164523	202724
8958	164542	202707
8959	164562	202690
8960	164582	202675
8961	164601	202656
8962	164620	202639
8963	164640	202623
8964	164661	202608
8965	164680	202590
8966	164700	202573
8967	164720	202557
8968	164737	202537
8969	164757	202520
8970	164775	202503
8971	164794	202485
8972	164814	202468
8973	164832	202449
8974	164849	202429
8975	164868	202411
8976	164886	202393
8977	164904	202374
8978	164922	202356
8979	164940	202336
8980	164958	202318
8981	164976	202298
8982	164995	202281
8983	165014	202264
8984	165032	202245
8985	165050	202226
8986	165069	202208
8987	165088	202190
8988	165108	202174
8989	165126	202156
8990	165145	202138
8991	165165	202121
8992	165186	202107
8993	165204	202087
8994	165221	202068
8995	165240	202050
8996	165257	202030
8997	165277	202013
8998	165297	201997
8999	165315	201978
9000	165336	201963
9001	165356	201946
9002	165376	201931
9003	165395	201912
9004	165413	201894
9005	165438	201884
9006	165457	201866
9007	165475	201847
9008	165494	201830
9009	165513	201811
9010	165533	201796
9011	165552	201777
9012	165570	201759
9013	165587	201740
9014	165606	201721
9015	165625	201703
9016	165642	201684
9017	165662	201667
9018	165680	201648
9019	165697	201628
9020	165715	201609
9021	165732	201590
9022	165750	201572
9023	165769	201554
9024	165790	201538
9025	165811	201523
9026	165828	201503
9027	165846	201484
9028	165863	201464
9029	165881	201445
9030	165899	201426
9031	165917	201407
9032	165935	201389
9033	165953	201370
9034	165970	201350
9035	165989	201332
9036	166011	201319
9037	166029	201300
9038	166047	201280
9039	166064	201261
9040	166083	201243
9041	166100	201224
9042	166118	201204
9043	166136	201185
9044	166153	201166
9045	166175	201152
9046	166200	201142
9047	166220	201125
9048	166239	201107
9049	166256	201087
9050	166273	201067
9051	166291	201048
9052	166310	201031
9053	166329	201013
9054	166346	200993
9055	166364	200974
9056	166381	200954
9057	166399	200935
9058	166416	200915
9059	166433	200896
9060	166452	200877
9061	166471	200860
9062	166492	200845
9063	166509	200826
9064	166527	200806
9065	166544	200787
9066	166561	200766
9067	166579	200747
9068	166596	200727
9069	166614	200708
9070	166632	200689
9071	166655	200677
9072	166674	200659
9073	166694	200643
9074	166713	200625
9075	166732	200607
9076	166749	200587
9077	166768	200570
9078	166787	200552
9079	166807	200535
9080	166824	200516
9081	166844	200499
9082	166861	200479
9083	166878	200460
9084	166898	200443
9085	166916	200425
9086	166934	200406
9087	166952	200387
9088	166969	200367
9089	166990	200351
9090	167007	200332
9091	167025	200313
9092	167044	200294
9093	167063	200278
9094	167081	200258
9095	167099	200240
9096	167118	200221
9097	167137	200205
9098	167155	200186
9099	167176	200171
9100	167196	200154
9101	167215	200137
9102	167234	200119
9103	167253	200101
9104	167271	200082
9105	167290	200065
9106	167309	200047
9107	167328	200030
9108	167347	200012
9109	167365	199993
9110	167383	199974
9111	167403	199957
9112	167422	199940
9113	167440	199922
9114	167461	199906
9115	167486	199896
9116	167510	199884
9117	167530	199868
9118	167549	199850
9119	167567	199831
9120	167586	199814
9121	167606	199797
9122	167624	199779
9123	167645	199763
9124	167664	199745
9125	167684	199728
9126	167703	199711
9127	167724	199696
9128	167751	199688
9129	167770	199670
9130	167790	199654
9131	167810	199637
9132	167828	199619
9133	167847	199601
9134	167867	199585
9135	167886	199567
9136	167905	199549
9137	167923	199530
9138	167941	199512
9139	167961	199495
9140	167979	199476
9141	167997	199457
9142	168016	199440
9143	168035	199422
9144	168053	199404
9145	168072	199386
9146	168091	199368
9147	168111	199351
9148	168130	199334
9149	168149	199316
9150	168167	199298
9151	168188	199282
9152	168208	199266
9153	168227	199249
9154	168248	199233
9155	168269	199218
9156	168288	199200
9157	168307	199183
9158	168327	199166
9159	168346	199148
9160	168365	199130
9161	168382	199111
9162	168402	199094
9163	168421	199077
9164	168440	199058
9165	168459	199041
9166	168478	199024
9167	168500	199009
9168	168519	198992
9169	168538	198974
9170	168557	198956
9171	168576	198939
9172	168594	198920
9173	168613	198902
9174	168632	198885
9175	168652	198869
9176	168674	198854
9177	168696	198840
9178	168715	198822
9179	168740	198812
9180	168760	198796
9181	168780	198779
9182	168801	198763
9183	168821	198747
9184	168839	198728
9185	168858	198710
9186	168875	198690
9187	168892	198671
9188	168911	198653
9189	168929	198634
9190	168948	198616
9191	168966	198598
9192	168984	198579
9193	169003	198561
9194	169022	198543
9195	169041	198525
9196	169062	198511
9197	169081	198493
9198	169101	198476
9199	169118	198457
9200	169136	198438
9201	169156	198421
9202	169174	198403
9203	169192	198383
9204	169210	198364
9205	169229	198346
9206	169248	198329
9207	169267	198311
9208	169286	198294
9209	169304	198275
9210	169323	198257
9211	169341	198239
9212	169359	198220
9213	169378	198202
9214	169400	198188
9215	169422	198174
9216	169445	198161
9217	169465	198145
9218	169487	198130
9219	169512	198120
9220	169537	198108
9221	169565	198101
9222	169589	198090
9223	169609	198074
9224	169631	198059
9225	169651	198043
9226	169674	198030
9227	169697	198017
9228	169716	197999
9229	169734	197981
9230	169756	197966
9231	169784	197959
9232	169808	197947
9233	169828	197931
9234	169850	197916
9235	169874	197905
9236	169899	197893
9237	169920	197878
9238	169941	197863
9239	169963	197849
9240	169986	197836
9241	170012	197826
9242	170039	197818
9243	170061	197804
9244	170082	197788
9245	170101	197770
9246	170122	197755
9247	170140	197736
9248	170158	197717
9249	170175	197698
9250	170194	197680
9251	170212	197661
9252	170230	197642
9253	170251	197627
9254	170271	197610
9255	170290	197592
9256	170308	197573
9257	170326	197555
9258	170344	197535
9259	170365	197520
9260	170385	197504
9261	170404	197487
9262	170424	197470
9263	170444	197453
9264	170465	197438
9265	170485	197421
9266	170507	197407
9267	170530	197393
9268	170555	197383
9269	170574	197366
9270	170593	197348
9271	170614	197333
9272	170633	197315
9273	170653	197298
9274	170673	197282
9275	170695	197267
9276	170715	197250
9277	170733	197232
9278	170752	197214
9279	170769	197194
9280	170789	197177
9281	170806	197157
9282	170824	197138
9283	170840	197118
9284	170859	197100
9285	170876	197080
9286	170894	197061
9287	170912	197043
9288	170931	197024
9289	170948	197004
9290	170966	196986
9291	170983	196966
9292	171002	196948
9293	171019	196928
9294	171036	196908
9295	171058	196893
9296	171075	196873
9297	171093	196854
9298	171111	196836
9299	171131	196819
9300	171149	196800
9301	171166	196781
9302	171186	196763
9303	171205	196746
9304	171221	196725
9305	171239	196706
9306	171256	196686
9307	171274	196667
9308	171292	196649
9309	171310	196630
9310	171328	196611
9311	171347	196593
9312	171365	196574
9313	171384	196556
9314	171403	196538
9315	171421	196520
9316	171443	196505
9317	171461	196486
9318	171480	196468
9319	171498	196450
9320	171515	196430
9321	171533	196411
9322	171559	196401
9323	171578	196383
9324	171596	196364
9325	171613	196345
9326	171632	196327
9327	171650	196308
9328	171668	196290
9329	171687	196271
9330	171707	196255
9331	171730	196242
9332	171754	196229
9333	171780	196220
9334	171801	196204
9335	171821	196188
9336	171841	196172
9337	171863	196157
9338	171884	196142
9339	171903	196124
9340	171923	196107
9341	171941	196088
9342	171960	196071
9343	171979	196053
9344	171998	196036
9345	172019	196020
9346	172037	196001
9347	172056	195983
9348	172074	195964
9349	172092	195946
9350	172112	195929
9351	172131	195911
9352	172151	195894
9353	172170	195877
9354	172189	195859
9355	172208	195841
9356	172229	195826
9357	172248	195808
9358	172267	195790
9359	172285	195771
9360	172303	195753
9361	172320	195733
9362	172339	195715
9363	172359	195698
9364	172377	195680
9365	172396	195661
9366	172414	195643
9367	172433	195625
9368	172450	195606
9369	172470	195589
9370	172493	195576
9371	172512	195558
9372	172531	195541
9373	172549	195522
9374	172569	195505
9375	172587	195486
9376	172606	195468
9377	172625	195450
9378	172643	195431
9379	172661	195413
9380	172683	195399
9381	172703	195382
9382	172721	195362
9383	172739	195344
9384	172763	195331
9385	172782	195314
9386	172801	195296
9387	172820	195278
9388	172839	195261
9389	172858	195243
9390	172876	195224
9391	172893	195204
9392	172911	195185
9393	172929	195167
9394	172947	195148
9395	172967	195132
9396	172990	195118
9397	173009	195100
9398	173028	195082
9399	173046	195064
9400	173065	195046
9401	173083	195027
9402	173103	195010
9403	173123	194993
9404	173142	194975
9405	173160	194957
9406	173178	194938
9407	173197	194920
9408	173215	194901
9409	173234	194884
9410	173252	194865
9411	173271	194847
9412	173289	194828
9413	173311	194814
9414	173329	194795
9415	173346	194775
9416	173364	194756
9417	173381	194736
9418	173399	194717
9419	173422	194704
9420	173442	194687
9421	173458	194667
9422	173480	194652
9423	173498	194633
9424	173518	194617
9425	173541	194603
9426	173561	194586
9427	173578	194567
9428	173596	194548
9429	173616	194530
9430	173635	194514
9431	173656	194498
9432	173676	194481
9433	173698	194467
9434	173717	194449
9435	173736	194431
9436	173756	194414
9437	173777	194399
9438	173796	194381
9439	173815	194364
9440	173835	194347
9441	173856	194332
9442	173874	194312
9443	173891	194293
9444	173910	194275
9445	173928	194255
9446	173947	194238
9447	173968	194223
9448	173987	194205
9449	174010	194191
9450	174030	194175
9451	174049	194157
9452	174067	194138
9453	174084	194119
9454	174102	194100
9455	174121	194081
9456	174140	194064
9457	174158	194045
9458	174178	194028
9459	174196	194009
9460	174214	193991
9461	174233	193972
9462	174253	193956
9463	174271	193937
9464	174289	193918
9465	174307	193900
9466	174326	193882
9467	174347	193866
9468	174367	193849
9469	174385	193831
9470	174404	193813
9471	174426	193799
9472	174447	193783
9473	174470	193770
9474	174492	193755
9475	174511	193738
9476	174529	193719
9477	174549	193702
9478	174568	193684
9479	174588	193668
9480	174607	193650
9481	174627	193633
9482	174646	193615
9483	174664	193597
9484	174687	193583
9485	174705	193564
9486	174722	193544
9487	174740	193525
9488	174758	193506
9489	174776	193488
9490	174794	193469
9491	174811	193449
9492	174828	193429
9493	174846	193410
9494	174864	193392
9495	174883	193373
9496	174900	193353
9497	174917	193333
9498	174934	193314
9499	174952	193295
9500	174970	193276
9501	174989	193257
9502	175006	193237
9503	175023	193218
9504	175041	193199
9505	175059	193180
9506	175078	193162
9507	175096	193143
9508	175113	193124
9509	175131	193105
9510	175150	193086
9511	175167	193067
9512	175186	193049
9513	175207	193033
9514	175225	193015
9515	175244	192997
9516	175262	192978
9517	175281	192960
9518	175299	192941
9519	175317	192922
9520	175335	192904
9521	175352	192884
9522	175370	192864
9523	175388	192845
9524	175406	192826
9525	175426	192810
9526	175444	192791
9527	175461	192772
9528	175479	192753
9529	175502	192739
9530	175520	192721
9531	175538	192701
9532	175558	192684
9533	175580	192670
9534	175598	192652
9535	175616	192633
9536	175636	192616
9537	175654	192597
9538	175672	192578
9539	175690	192560
9540	175712	192545
9541	175730	192526
9542	175748	192507
9543	175767	192489
9544	175786	192471
9545	175805	192454
9546	175823	192434
9547	175842	192417
9548	175861	192399
9549	175880	192381
9550	175899	192364
9551	175919	192347
9552	175938	192329
9553	175956	192310
9554	175973	192290
9555	175991	192271
9556	176009	192253
9557	176028	192235
9558	176050	192221
9559	176069	192202
9560	176088	192184
9561	176109	192169
9562	176132	192155
9563	176153	192141
9564	176173	192124
9565	176193	192107
9566	176211	192088
9567	176228	192068
9568	176245	192048
9569	176263	192029
9570	176281	192010
9571	176299	191992
9572	176317	191972
9573	176335	191954
9574	176354	191936
9575	176372	191917
9576	176393	191901
9577	176415	191886
9578	176433	191867
9579	176451	191849
9580	176471	191832
9581	176488	191813
9582	176506	191794
9583	176524	191775
9584	176542	191756
9585	176560	191737
9586	176580	191720
9587	176597	191701
9588	176615	191681
9589	176633	191662
9590	176651	191644
9591	176671	191626
9592	176692	191611
9593	176710	191592
9594	176728	191573
9595	176751	191560
9596	176770	191542
9597	176789	191524
9598	176811	191510
9599	176829	191491
9600	176848	191473
9601	176867	191456
9602	176888	191440
9603	176905	191420
9604	176924	191402
9605	176942	191384
9606	176959	191364
9607	176977	191344
9608	176995	191326
9609	177013	191307
9610	177031	191287
9611	177049	191269
9612	177071	191254
9613	177090	191237
9614	177113	191223
9615	177131	191204
9616	177149	191185
9617	177170	191169
9618	177191	191155
9619	177210	191136
9620	177227	191117
9621	177245	191097
9622	177262	191078
9623	177280	191059
9624	177303	191045
9625	177321	191027
9626	177340	191009
9627	177360	190992
9628	177381	190976
9629	177400	190959
9630	177418	190940
9631	177437	190922
9632	177459	190907
9633	177478	190889
9634	177498	190872
9635	177518	190855
9636	177539	190840
9637	177561	190825
9638	177579	190807
9639	177599	190790
9640	177618	190772
9641	177636	190753
9642	177654	190735
9643	177675	190719
9644	177697	190704
9645	177716	190687
9646	177736	190670
9647	177753	190650
9648	177770	190630
9649	177787	190610
9650	177805	190591
9651	177823	190572
9652	177841	190553
9653	177860	190535
9654	177877	190516
9655	177896	190498
9656	177914	190479
9657	177933	190461
9658	177954	190446
9659	177972	190426
9660	177990	190408
9661	178008	190389
9662	178027	190371
9663	178045	190352
9664	178062	190332
9665	178080	190313
9666	178098	190294
9667	178116	190275
9668	178134	190257
9669	178151	190237
9670	178169	190218
9671	178187	190199
9672	178205	190180
9673	178223	190161
9674	178242	190144
9675	178260	190124
9676	178278	190106
9677	178295	190086
9678	178314	190068
9679	178334	190051
9680	178353	190033
9681	178373	190017
9682	178394	190001
9683	178413	189983
9684	178430	189963
9685	178450	189946
9686	178468	189927
9687	178487	189909
9688	178504	189889
9689	178522	189870
9690	178540	189852
9691	178557	189832
9692	178576	189815
9693	178594	189796
9694	178612	189777
9695	178630	189758
9696	178648	189739
9697	178667	189721
9698	178690	189708
9699	178709	189689
9700	178727	189670
9701	178760	189668
9702	178789	189661
9703	178807	189642
9704	178824	189622
9705	178841	189602
9706	178859	189583
9707	178877	189564
9708	178895	189545
9709	178912	189525
9710	178931	189507
9711	178949	189489
9712	178972	189475
9713	178997	189463
9714	179019	189448
9715	179041	189434
9716	179060	189417
9717	179079	189399
9718	179100	189382
9719	179118	189364
9720	179138	189347
9721	179157	189330
9722	179175	189310
9723	179194	189293
9724	179212	189274
9725	179230	189255
9726	179248	189236
9727	179268	189219
9728	179289	189204
9729	179309	189186
9730	179328	189169
9731	179348	189152
9732	179372	189139
9733	179393	189123
9734	179414	189108
9735	179435	189092
9736	179455	189076
9737	179474	189058
9738	179494	189041
9739	179516	189027
9740	179541	189014
9741	179577	189015
9742	179598	188999
9743	179621	188985
9744	179641	188968
9745	179658	188949
9746	179676	188930
9747	179695	188912
9748	179713	188893
9749	179731	188875
9750	179750	188857
9751	179768	188838
9752	179787	188820
9753	179806	188802
9754	179823	188782
9755	179841	188764
9756	179859	188745
9757	179877	188726
9758	179895	188706
9759	179913	188687
9760	179930	188667
9761	179948	188648
9762	179966	188629
9763	179984	188611
9764	180002	188592
9765	180020	188573
9766	180037	188554
9767	180055	188534
9768	180074	188516
9769	180092	188498
9770	180112	188481
9771	180135	188467
9772	180157	188453
9773	180180	188439
9774	180198	188419
9775	180217	188402
9776	180235	188383
9777	180256	188367
9778	180277	188352
9779	180298	188336
9780	180319	188321
9781	180340	188305
9782	180361	188288
9783	180383	188274
9784	180402	188256
9785	180420	188237
9786	180440	188220
9787	180460	188203
9788	180479	188186
9789	180498	188168
9790	180518	188151
9791	180537	188133
9792	180558	188117
9793	180578	188100
9794	180599	188085
9795	180619	188068
9796	180641	188054
9797	180661	188036
9798	180680	188019
9799	180702	188003
9800	180722	187987
9801	180741	187969
9802	180760	187952
9803	180779	187933
9804	180797	187914
9805	180815	187895
9806	180836	187880
9807	180854	187861
9808	180872	187842
9809	180890	187823
9810	180912	187808
9811	180930	187790
9812	180949	187772
9813	180970	187756
9814	180992	187742
9815	181015	187727
9816	181036	187711
9817	181055	187694
9818	181076	187678
9819	181094	187660
9820	181113	187641
9821	181132	187623
9822	181150	187605
9823	181170	187588
9824	181192	187573
9825	181211	187555
9826	181231	187538
9827	181248	187518
9828	181266	187500
9829	181283	187480
9830	181306	187466
9831	181325	187448
9832	181345	187431
9833	181363	187413
9834	181390	187403
9835	181410	187386
9836	181430	187369
9837	181453	187355
9838	181472	187337
9839	181491	187320
9840	181512	187303
9841	181533	187288
9842	181555	187273
9843	181573	187255
9844	181597	187241
9845	181615	187222
9846	181635	187206
9847	181659	187193
9848	181680	187177
9849	181700	187161
9850	181720	187143
9851	181741	187128
9852	181759	187108
9853	181783	187096
9854	181803	187080
9855	181824	187063
9856	181845	187047
9857	181863	187029
9858	181881	187010
9859	181900	186992
9860	181920	186975
9861	181939	186956
9862	181956	186937
9863	181973	186917
9864	181991	186898
9865	182008	186879
9866	182029	186862
9867	182050	186847
9868	182070	186830
9869	182092	186815
9870	182114	186800
9871	182134	186784
9872	182156	186768
9873	182177	186753
9874	182196	186735
9875	182217	186719
9876	182235	186700
9877	182253	186681
9878	182270	186662
9879	182289	186644
9880	182308	186625
9881	182326	186607
9882	182361	186605
9883	182382	186589
9884	182406	186576
9885	182433	186567
9886	182459	186556
9887	182483	186543
9888	182500	186524
9889	182518	186505
9890	182539	186488
9891	182557	186470
9892	182579	186455
9893	182601	186439
9894	182619	186421
9895	182637	186402
9896	182655	186383
9897	182673	186364
9898	182693	186348
9899	182713	186330
9900	182731	186311
9901	182749	186292
9902	182767	186274
9903	182785	186254
9904	182804	186237
9905	182822	186218
9906	182840	186199
9907	182857	186179
9908	182875	186161
9909	182894	186142
9910	182912	186123
9911	182929	186104
9912	182948	186085
9913	182967	186067
9914	182986	186049
9915	183005	186032
9916	183023	186013
9917	183040	185993
9918	183058	185974
9919	183078	185957
9920	183096	185938
9921	183115	185920
9922	183132	185900
9923	183151	185882
9924	183169	185863
9925	183188	185845
9926	183207	185828
9927	183229	185813
9928	183249	185796
9929	183274	185784
9930	183295	185769
9931	183316	185753
9932	183339	185738
9933	183360	185723
9934	183380	185705
9935	183401	185690
9936	183421	185673
9937	183446	185661
9938	183468	185647
9939	183491	185633
9940	183512	185617
9941	183532	185600
9942	183551	185582
9943	183571	185565
9944	183592	185549
9945	183611	185531
9946	183630	185513
9947	183649	185495
9948	183669	185478
9949	183688	185460
9950	183708	185443
9951	183728	185426
9952	183747	185408
9953	183765	185390
9954	183784	185372
9955	183802	185353
9956	183820	185334
9957	183838	185315
9958	183855	185295
9959	183873	185277
9960	183891	185257
9961	183910	185239
9962	183928	185220
9963	183946	185201
9964	183964	185183
9965	183982	185164
9966	184000	185144
9967	184017	185125
9968	184035	185106
9969	184052	185086
9970	184070	185067
9971	184087	185047
9972	184104	185027
9973	184122	185008
9974	184140	184990
9975	184158	184970
9976	184176	184952
9977	184199	184938
9978	184219	184921
9979	184238	184903
9980	184258	184886
9981	184279	184870
9982	184298	184852
9983	184317	184834
9984	184336	184816
9985	184356	184799
9986	184374	184780
9987	184392	184762
9988	184412	184744
9989	184431	184726
9990	184449	184707
9991	184468	184689
9992	184486	184670
9993	184508	184656
9994	184530	184640
9995	184547	184621
9996	184566	184603
9997	184584	184584
9998	184602	184566
9999	184625	184551
10000	184644	184533
10001	184662	184514
10002	184680	184495
10003	184698	184477
10004	184718	184459
10005	184736	184441
10006	184755	184423
10007	184773	184404
10008	184792	184386
10009	184810	184367
10010	184828	184348
10011	184846	184329
10012	184864	184310
10013	184887	184297
10014	184906	184278
10015	184924	184260
10016	184942	184240
10017	184965	184227
10018	184984	184208
10019	185000	184188
10020	185022	184173
10021	185043	184157
10022	185064	184141
10023	185085	184125
10024	185103	184106
10025	185123	184089
10026	185143	184072
10027	185165	184057
10028	185183	184038
10029	185201	184020
10030	185222	184003
10031	185244	183989
10032	185263	183970
10033	185284	183954
10034	185301	183934
10035	185320	183917
10036	185342	183902
10037	185362	183885
10038	185381	183866
10039	185400	183849
10040	185420	183832
10041	185439	183814
10042	185458	183796
10043	185477	183778
10044	185496	183760
10045	185515	183742
10046	185534	183724
10047	185553	183706
10048	185572	183688
10049	185590	183670
10050	185610	183653
10051	185629	183635
10052	185648	183617
10053	185667	183599
10054	185685	183580
10055	185705	183563
10056	185724	183545
10057	185742	183525
10058	185760	183507
10059	185780	183490
10060	185798	183471
10061	185815	183451
10062	185832	183431
10063	185849	183411
10064	185867	183392
10065	185887	183375
10066	185905	183356
10067	185922	183337
10068	185941	183319
10069	185961	183302
10070	185980	183284
10071	185998	183264
10072	186015	183245
10073	186036	183229
10074	186054	183211
10075	186073	183192
10076	186092	183174
10077	186111	183156
10078	186132	183140
10079	186150	183121
10080	186169	183104
10081	186188	183086
10082	186206	183067
10083	186225	183049
10084	186243	183029
10085	186262	183011
10086	186281	182993
10087	186298	182974
10088	186316	182955
10089	186334	182936
10090	186352	182917
10091	186371	182899
10092	186389	182880
10093	186409	182864
10094	186427	182845
10095	186446	182827
10096	186465	182809
10097	186483	182790
10098	186502	182772
10099	186522	182754
10100	186542	182738
10101	186561	182720
10102	186579	182701
10103	186598	182683
10104	186618	182666
10105	186637	182648
10106	186657	182631
10107	186675	182612
10108	186694	182594
10109	186712	182575
10110	186736	182562
10111	186756	182545
10112	186774	182526
10113	186794	182510
10114	186815	182493
10115	186834	182475
10116	186853	182457
10117	186871	182438
10118	186889	182420
10119	186908	182401
10120	186927	182383
10121	186945	182365
10122	186963	182346
10123	186981	182326
10124	186999	182308
10125	187023	182295
10126	187045	182280
10127	187064	182262
10128	187083	182244
10129	187100	182224
10130	187118	182205
10131	187136	182186
10132	187154	182167
10133	187172	182148
10134	187192	182131
10135	187211	182113
10136	187230	182095
10137	187250	182078
10138	187273	182064
10139	187291	182046
10140	187309	182026
10141	187327	182007
10142	187348	181991
10143	187368	181974
10144	187386	181955
10145	187404	181937
10146	187424	181920
10147	187443	181901
10148	187461	181883
10149	187479	181864
10150	187497	181845
10151	187515	181826
10152	187533	181807
10153	187551	181788
10154	187569	181769
10155	187587	181750
10156	187605	181731
10157	187625	181714
10158	187648	181700
10159	187666	181681
10160	187685	181664
10161	187706	181647
10162	187725	181629
10163	187743	181610
10164	187760	181591
10165	187778	181572
10166	187796	181553
10167	187814	181534
10168	187832	181515
10169	187849	181495
10170	187868	181477
10171	187891	181463
10172	187911	181446
10173	187929	181427
10174	187947	181409
10175	187971	181395
10176	187991	181378
10177	188010	181360
10178	188027	181340
10179	188046	181322
10180	188063	181303
10181	188081	181283
10182	188099	181264
10183	188117	181245
10184	188134	181226
10185	188153	181207
10186	188171	181189
10187	188194	181175
10188	188216	181159
10189	188235	181141
10190	188254	181123
10191	188272	181105
10192	188291	181087
10193	188308	181066
10194	188325	181047
10195	188344	181029
10196	188366	181014
10197	188386	180997
10198	188405	180979
10199	188424	180961
10200	188443	180943
10201	188461	180924
10202	188479	180905
10203	188496	180885
10204	188516	180868
10205	188533	180848
10206	188551	180829
10207	188569	180810
10208	188586	180790
10209	188604	180772
10210	188622	180753
10211	188640	180733
10212	188661	180718
10213	188679	180698
10214	188697	180679
10215	188717	180663
10216	188735	180644
10217	188756	180628
10218	188778	180613
10219	188796	180594
10220	188814	180575
10221	188835	180558
10222	188855	180542
10223	188873	180523
10224	188891	180504
10225	188910	180486
10226	188928	180467
10227	188950	180452
10228	188970	180435
10229	188988	180416
10230	189007	180398
10231	189026	180380
10232	189044	180361
10233	189062	180342
10234	189082	180325
10235	189105	180311
10236	189125	180294
10237	189143	180275
10238	189164	180259
10239	189185	180243
10240	189203	180224
10241	189221	180205
10242	189240	180187
10243	189258	180168
10244	189276	180149
10245	189294	180130
10246	189311	180111
10247	189329	180092
10248	189347	180072
10249	189364	180053
10250	189382	180034
10251	189402	180017
10252	189425	180003
10253	189446	179987
10254	189466	179970
10255	189484	179951
10256	189502	179932
10257	189520	179913
10258	189539	179894
10259	189557	179876
10260	189575	179857
10261	189593	179838
10262	189611	179819
10263	189628	179800
10264	189646	179780
10265	189664	179761
10266	189683	179743
10267	189706	179730
10268	189727	179713
10269	189744	179693
10270	189762	179675
10271	189781	179656
10272	189799	179637
10273	189819	179621
10274	189839	179603
10275	189857	179585
10276	189877	179567
10277	189896	179549
10278	189915	179531
10279	189934	179514
10280	189954	179496
10281	189972	179478
10282	189992	179460
10283	190010	179441
10284	190028	179423
10285	190046	179404
10286	190064	179385
10287	190083	179367
10288	190104	179350
10289	190122	179331
10290	190140	179312
10291	190157	179293
10292	190175	179274
10293	190192	179255
10294	190212	179238
10295	190231	179219
10296	190248	179200
10297	190267	179181
10298	190284	179162
10299	190302	179143
10300	190320	179123
10301	190338	179104
10302	190357	179087
10303	190377	179070
10304	190394	179050
10305	190412	179031
10306	190432	179014
10307	190448	178993
10308	190466	178974
10309	190483	178954
10310	190501	178935
10311	190518	178916
10312	190536	178896
10313	190553	178877
10314	190571	178858
10315	190589	178839
10316	190608	178820
10317	190627	178802
10318	190644	178783
10319	190663	178765
10320	190681	178746
10321	190701	178729
10322	190723	178714
10323	190741	178695
10324	190758	178675
10325	190776	178656
10326	190794	178637
10327	190812	178618
10328	190830	178599
10329	190848	178580
10330	190866	178561
10331	190883	178542
10332	190901	178523
10333	190919	178504
10334	190937	178485
10335	190957	178468
10336	190977	178451
10337	190995	178432
10338	191012	178413
10339	191030	178393
10340	191047	178373
10341	191065	178355
10342	191083	178335
10343	191100	178316
10344	191119	178298
10345	191137	178279
10346	191155	178260
10347	191172	178240
10348	191190	178221
10349	191207	178201
10350	191226	178184
10351	191244	178164
10352	191261	178145
10353	191279	178126
10354	191297	178107
10355	191316	178089
10356	191335	178070
10357	191353	178052
10358	191371	178033
10359	191390	178015
10360	191410	177998
10361	191427	177978
10362	191446	177960
10363	191463	177940
10364	191481	177921
10365	191498	177902
10366	191517	177883
10367	191535	177864
10368	191552	177844
10369	191570	177826
10370	191590	177808
10371	191609	177791
10372	191628	177772
10373	191645	177753
10374	191662	177733
10375	191681	177715
10376	191699	177696
10377	191717	177677
10378	191741	177664
10379	191760	177646
10380	191778	177627
10381	191796	177608
10382	191814	177589
10383	191832	177570
10384	191849	177550
10385	191867	177532
10386	191885	177513
10387	191902	177493
10388	191920	177474
10389	191939	177456
10390	191957	177437
10391	191974	177417
10392	191992	177398
10393	192009	177378
10394	192027	177359
10395	192044	177340
10396	192063	177321
10397	192080	177302
10398	192097	177282
10399	192115	177263
10400	192133	177244
10401	192151	177225
10402	192169	177206
10403	192186	177187
10404	192203	177167
10405	192221	177148
10406	192238	177128
10407	192255	177108
10408	192273	177089
10409	192291	177070
10410	192309	177052
10411	192327	177033
10412	192346	177014
10413	192363	176995
10414	192379	176974
10415	192396	176954
10416	192414	176935
10417	192432	176916
10418	192451	176898
10419	192468	176879
10420	192486	176860
10421	192504	176841
10422	192522	176821
10423	192539	176802
10424	192559	176785
10425	192578	176767
10426	192595	176747
10427	192613	176728
10428	192630	176708
10429	192647	176689
10430	192664	176669
10431	192681	176649
10432	192698	176629
10433	192716	176610
10434	192734	176592
10435	192753	176573
10436	192770	176553
10437	192787	176533
10438	192804	176514
10439	192822	176494
10440	192840	176476
10441	192858	176457
10442	192874	176437
10443	192893	176418
10444	192911	176399
10445	192929	176380
10446	192949	176363
10447	192966	176344
10448	192985	176326
10449	193005	176309
10450	193025	176292
10451	193046	176276
10452	193066	176258
10453	193085	176240
10454	193102	176221
10455	193120	176202
10456	193138	176183
10457	193156	176163
10458	193174	176145
10459	193193	176127
10460	193209	176106
10461	193227	176087
10462	193245	176068
10463	193263	176050
10464	193282	176032
10465	193301	176014
10466	193319	175995
10467	193338	175976
10468	193355	175957
10469	193375	175940
10470	193394	175922
10471	193414	175905
10472	193433	175887
10473	193452	175869
10474	193472	175852
10475	193492	175834
10476	193510	175816
10477	193529	175797
10478	193548	175780
10479	193568	175763
10480	193592	175749
10481	193612	175733
10482	193632	175715
10483	193653	175699
10484	193673	175682
10485	193696	175667
10486	193717	175651
10487	193736	175634
10488	193756	175616
10489	193774	175598
10490	193797	175583
10491	193821	175569
10492	193840	175551
10493	193860	175535
10494	193880	175517
10495	193900	175500
10496	193918	175481
10497	193941	175467
10498	193962	175451
10499	193983	175434
10500	194001	175415
10501	194022	175399
10502	194041	175381
10503	194058	175362
10504	194078	175344
10505	194101	175330
10506	194120	175312
10507	194138	175293
10508	194161	175279
10509	194183	175264
10510	194201	175245
10511	194220	175227
10512	194237	175207
10513	194255	175188
10514	194277	175173
10515	194298	175157
10516	194316	175138
10517	194335	175119
10518	194353	175101
10519	194371	175082
10520	194389	175063
10521	194407	175044
10522	194426	175026
10523	194444	175007
10524	194462	174988
10525	194480	174969
10526	194498	174950
10527	194515	174930
10528	194532	174911
10529	194551	174892
10530	194568	174873
10531	194586	174854
10532	194603	174835
10533	194621	174815
10534	194639	174796
10535	194657	174778
10536	194675	174758
10537	194693	174740
10538	194711	174721
10539	194730	174702
10540	194749	174684
10541	194767	174665
10542	194785	174647
10543	194802	174627
10544	194820	174609
10545	194838	174590
10546	194856	174571
10547	194875	174553
10548	194897	174537
10549	194918	174521
10550	194937	174503
10551	194955	174484
10552	194976	174468
10553	194997	174452
10554	195018	174435
10555	195040	174420
10556	195058	174401
10557	195077	174383
10558	195096	174365
10559	195119	174350
10560	195138	174333
10561	195156	174314
10562	195174	174295
10563	195191	174275
10564	195210	174257
10565	195227	174237
10566	195244	174217
10567	195262	174199
10568	195279	174179
10569	195298	174160
10570	195316	174142
10571	195334	174123
10572	195352	174104
10573	195371	174086
10574	195388	174066
10575	195406	174047
10576	195424	174028
10577	195442	174009
10578	195460	173991
10579	195478	173972
10580	195496	173953
10581	195514	173934
10582	195532	173915
10583	195550	173896
10584	195568	173877
10585	195587	173859
10586	195609	173844
10587	195628	173826
10588	195647	173807
10589	195665	173789
10590	195685	173772
10591	195704	173754
10592	195722	173735
10593	195740	173716
10594	195757	173697
10595	195775	173678
10596	195793	173659
10597	195811	173640
10598	195829	173621
10599	195851	173605
10600	195868	173586
10601	195885	173566
10602	195903	173547
10603	195921	173528
10604	195939	173509
10605	195957	173490
10606	195976	173472
10607	195994	173453
10608	196012	173434
10609	196032	173417
10610	196051	173399
10611	196069	173380
10612	196088	173362
10613	196106	173343
10614	196129	173328
10615	196149	173312
10616	196167	173293
10617	196189	173277
10618	196208	173260
10619	196227	173241
10620	196246	173224
10621	196265	173205
10622	196284	173187
10623	196302	173169
10624	196319	173149
10625	196338	173130
10626	196355	173111
10627	196374	173093
10628	196392	173074
10629	196409	173054
10630	196427	173035
10631	196444	173016
10632	196463	172997
10633	196481	172979
10634	196499	172959
10635	196517	172940
10636	196536	172923
10637	196554	172904
10638	196572	172885
10639	196590	172866
10640	196608	172848
10641	196626	172829
10642	196644	172810
10643	196662	172790
10644	196680	172771
10645	196697	172752
10646	196715	172733
10647	196733	172714
10648	196756	172700
10649	196774	172681
10650	196793	172663
10651	196813	172646
10652	196830	172626
10653	196850	172608
10654	196872	172593
10655	196891	172575
10656	196912	172559
10657	196933	172543
10658	196952	172525
10659	196968	172504
10660	196986	172485
10661	197003	172465
10662	197021	172446
10663	197038	172427
10664	197056	172408
10665	197073	172388
10666	197091	172369
10667	197108	172349
10668	197129	172333
10669	197147	172314
10670	197165	172295
10671	197184	172277
10672	197201	172258
10673	197219	172238
10674	197236	172219
10675	197254	172200
10676	197272	172181
10677	197291	172163
10678	197309	172144
10679	197327	172126
10680	197345	172106
10681	197363	172087
10682	197381	172069
10683	197398	172049
10684	197417	172031
10685	197437	172014
10686	197458	171997
10687	197479	171981
10688	197497	171963
10689	197515	171943
10690	197533	171924
10691	197553	171908
10692	197571	171888
10693	197589	171869
10694	197608	171852
10695	197633	171839
10696	197652	171821
10697	197670	171802
10698	197688	171782
10699	197705	171764
10700	197727	171748
10701	197748	171732
10702	197767	171714
10703	197785	171695
10704	197802	171675
10705	197821	171656
10706	197838	171637
10707	197855	171617
10708	197873	171599
10709	197896	171584
10710	197919	171569
10711	197937	171550
10712	197955	171532
10713	197973	171512
10714	197991	171493
10715	198009	171474
10716	198027	171456
10717	198046	171438
10718	198065	171420
10719	198083	171401
10720	198101	171382
10721	198118	171362
10722	198136	171343
10723	198153	171324
10724	198172	171305
10725	198190	171287
10726	198208	171268
10727	198225	171248
10728	198243	171229
10729	198260	171209
10730	198278	171191
10731	198296	171172
10732	198313	171152
10733	198330	171132
10734	198348	171113
10735	198367	171095
10736	198385	171077
10737	198403	171057
10738	198420	171038
10739	198442	171023
10740	198466	171008
10741	198488	170993
10742	198507	170975
10743	198527	170958
10744	198547	170941
10745	198566	170923
10746	198585	170904
10747	198603	170885
10748	198621	170867
10749	198649	170857
10750	198669	170839
10751	198687	170821
10752	198705	170802
10753	198723	170782
10754	198741	170764
10755	198760	170746
10756	198777	170726
10757	198794	170706
10758	198812	170687
10759	198830	170668
10760	198847	170649
10761	198865	170630
10762	198883	170611
10763	198901	170592
10764	198918	170572
10765	198936	170553
10766	198953	170534
10767	198973	170517
10768	198994	170500
10769	199012	170481
10770	199030	170462
10771	199048	170444
10772	199066	170425
10773	199084	170406
10774	199101	170386
10775	199119	170367
10776	199137	170348
10777	199154	170329
10778	199173	170310
10779	199190	170291
10780	199208	170272
10781	199226	170253
10782	199244	170234
10783	199262	170215
10784	199279	170195
10785	199298	170178
10786	199316	170159
10787	199334	170139
10788	199351	170120
10789	199368	170100
10790	199385	170081
10791	199403	170062
10792	199421	170043
10793	199439	170024
10794	199457	170005
10795	199475	169986
10796	199493	169968
10797	199511	169948
10798	199530	169930
10799	199548	169911
10800	199567	169893
10801	199584	169874
10802	199604	169856
10803	199623	169838
10804	199640	169819
10805	199658	169800
10806	199675	169780
10807	199699	169766
10808	199719	169749
10809	199738	169731
10810	199758	169714
10811	199777	169696
10812	199797	169678
10813	199816	169661
10814	199835	169643
10815	199856	169626
10816	199875	169608
10817	199896	169592
10818	199915	169574
10819	199934	169556
10820	199953	169538
10821	199972	169519
10822	199990	169501
10823	200008	169482
10824	200026	169463
10825	200045	169445
10826	200064	169427
10827	200084	169409
10828	200102	169391
10829	200120	169372
10830	200138	169353
10831	200159	169337
10832	200178	169319
10833	200197	169301
10834	200215	169281
10835	200234	169263
10836	200253	169245
10837	200272	169227
10838	200289	169208
10839	200307	169189
10840	200324	169170
10841	200343	169151
10842	200361	169132
10843	200384	169117
10844	200403	169100
10845	200421	169081
10846	200441	169064
10847	200463	169048
10848	200481	169029
10849	200503	169014
10850	200524	168997
10851	200541	168978
10852	200559	168958
10853	200575	168938
10854	200593	168919
10855	200612	168901
10856	200630	168882
10857	200648	168864
10858	200666	168844
10859	200684	168825
10860	200702	168807
10861	200719	168788
10862	200737	168768
10863	200756	168750
10864	200773	168731
10865	200792	168712
10866	200810	168694
10867	200829	168675
10868	200850	168659
10869	200868	168640
10870	200885	168621
10871	200903	168602
10872	200922	168584
10873	200945	168569
10874	200965	168552
10875	200983	168533
10876	201001	168514
10877	201018	168495
10878	201036	168476
10879	201054	168457
10880	201072	168438
10881	201090	168419
10882	201110	168401
10883	201127	168382
10884	201146	168364
10885	201166	168347
10886	201183	168327
10887	201202	168309
10888	201220	168290
10889	201238	168271
10890	201256	168252
10891	201275	168234
10892	201295	168217
10893	201317	168202
10894	201335	168182
10895	201354	168165
10896	201376	168149
10897	201394	168130
10898	201412	168111
10899	201434	168096
10900	201452	168077
10901	201470	168058
10902	201488	168039
10903	201506	168020
10904	201524	168001
10905	201542	167982
10906	201559	167963
10907	201578	167944
10908	201601	167930
10909	201620	167912
10910	201641	167896
10911	201659	167877
10912	201677	167858
10913	201695	167839
10914	201713	167820
10915	201732	167802
10916	201750	167783
10917	201768	167764
10918	201785	167745
10919	201804	167726
10920	201822	167708
10921	201843	167691
10922	201861	167672
10923	201879	167653
10924	201896	167634
10925	201914	167614
10926	201930	167594
10927	201948	167575
10928	201970	167559
10929	201990	167542
10930	202012	167527
10931	202033	167510
10932	202051	167491
10933	202068	167472
10934	202087	167454
10935	202106	167436
10936	202128	167421
10937	202147	167402
10938	202165	167383
10939	202183	167364
10940	202201	167345
10941	202219	167327
10942	202238	167309
10943	202256	167290
10944	202275	167272
10945	202293	167253
10946	202311	167234
10947	202329	167215
10948	202346	167195
10949	202364	167176
10950	202382	167157
10951	202400	167139
10952	202418	167120
10953	202436	167101
10954	202454	167082
10955	202471	167063
10956	202489	167044
10957	202507	167025
10958	202524	167005
10959	202544	166988
10960	202562	166969
10961	202580	166950
10962	202603	166935
10963	202622	166917
10964	202640	166898
10965	202658	166879
10966	202675	166860
10967	202694	166842
10968	202713	166824
10969	202731	166805
10970	202750	166787
10971	202770	166769
10972	202789	166751
10973	202810	166735
10974	202832	166719
10975	202861	166710
10976	202880	166691
10977	202897	166672
10978	202916	166654
10979	202934	166635
10980	202952	166616
10981	202971	166598
10982	202990	166580
10983	203013	166565
10984	203032	166547
10985	203050	166528
10986	203073	166514
10987	203091	166494
10988	203110	166476
10989	203131	166460
10990	203151	166443
10991	203168	166423
10992	203185	166403
10993	203203	166385
10994	203220	166365
10995	203238	166346
10996	203255	166327
10997	203273	166308
10998	203290	166288
10999	203307	166268
11000	203324	166248
11001	203342	166229
11002	203359	166210
11003	203376	166190
11004	203398	166175
11005	203418	166157
11006	203436	166138
11007	203454	166119
11008	203471	166100
11009	203489	166081
11010	203508	166063
11011	203524	166043
11012	203543	166024
11013	203561	166005
11014	203578	165986
11015	203596	165967
11016	203615	165949
11017	203636	165933
11018	203653	165913
11019	203671	165893
11020	203689	165875
11021	203706	165855
11022	203723	165836
11023	203742	165817
11024	203760	165799
11025	203779	165781
11026	203801	165765
11027	203819	165746
11028	203838	165728
11029	203856	165709
11030	203874	165690
11031	203892	165671
11032	203911	165653
11033	203928	165633
11034	203946	165614
11035	203965	165596
11036	203984	165579
11037	204002	165560
11038	204020	165541
11039	204038	165522
11040	204055	165503
11041	204074	165484
11042	204092	165465
11043	204109	165446
11044	204127	165427
11045	204144	165407
11046	204162	165388
11047	204180	165370
11048	204201	165353
11049	204219	165334
11050	204237	165315
11051	204254	165296
11052	204272	165277
11053	204290	165258
11054	204308	165239
11055	204326	165220
11056	204344	165201
11057	204360	165181
11058	204378	165162
11059	204396	165143
11060	204413	165123
11061	204435	165108
11062	204457	165092
11063	204474	165073
11064	204493	165055
11065	204515	165038
11066	204536	165022
11067	204554	165003
11068	204574	164986
11069	204596	164971
11070	204616	164953
11071	204634	164934
11072	204652	164916
11073	204672	164898
11074	204694	164882
11075	204712	164864
11076	204731	164846
11077	204749	164826
11078	204769	164809
11079	204787	164791
11080	204805	164772
11081	204824	164753
11082	204843	164736
11083	204861	164716
11084	204879	164698
11085	204897	164679
11086	204914	164660
11087	204932	164640
11088	204948	164620
11089	204965	164601
11090	204986	164584
11091	205006	164567
11092	205024	164548
11093	205041	164528
11094	205058	164509
11095	205076	164490
11096	205093	164470
11097	205110	164450
11098	205128	164431
11099	205146	164413
11100	205166	164395
11101	205185	164377
11102	205202	164357
11103	205220	164339
11104	205238	164319
11105	205256	164300
11106	205273	164281
11107	205295	164265
11108	205314	164247
11109	205333	164230
11110	205352	164211
11111	205370	164192
11112	205388	164174
11113	205406	164155
11114	205424	164136
11115	205441	164116
11116	205459	164097
11117	205476	164078
11118	205494	164058
11119	205511	164039
11120	205529	164021
11121	205546	164001
11122	205564	163982
11123	205581	163962
11124	205599	163943
11125	205619	163926
11126	205638	163908
11127	205657	163890
11128	205675	163871
11129	205695	163854
11130	205715	163836
11131	205734	163818
11132	205752	163800
11133	205773	163783
11134	205792	163765
11135	205812	163748
11136	205831	163730
11137	205850	163711
11138	205868	163693
11139	205886	163674
11140	205905	163655
11141	205923	163637
11142	205941	163618
11143	205959	163599
11144	205977	163580
11145	205996	163562
11146	206016	163545
11147	206035	163527
11148	206058	163512
11149	206076	163493
11150	206098	163478
11151	206121	163462
11152	206144	163448
11153	206170	163435
11154	206192	163419
11155	206211	163402
11156	206233	163385
11157	206252	163368
11158	206272	163350
11159	206290	163331
11160	206310	163314
11161	206329	163296
11162	206349	163279
11163	206368	163260
11164	206390	163245
11165	206413	163230
11166	206433	163213
11167	206455	163197
11168	206475	163179
11169	206493	163161
11170	206511	163142
11171	206530	163124
11172	206549	163106
11173	206567	163087
11174	206585	163068
11175	206603	163049
11176	206621	163030
11177	206639	163011
11178	206658	162993
11179	206676	162974
11180	206694	162956
11181	206712	162937
11182	206730	162918
11183	206748	162899
11184	206766	162880
11185	206788	162864
11186	206806	162845
11187	206824	162826
11188	206841	162807
11189	206860	162789
11190	206879	162770
11191	206896	162751
11192	206912	162731
11193	206930	162712
11194	206948	162693
11195	206966	162674
11196	206986	162657
11197	207003	162637
11198	207021	162618
11199	207038	162599
11200	207056	162580
11201	207078	162564
11202	207096	162545
11203	207113	162526
11204	207131	162507
11205	207150	162488
11206	207167	162469
11207	207185	162450
11208	207203	162431
11209	207221	162413
11210	207243	162397
11211	207265	162381
11212	207282	162362
11213	207299	162342
11214	207317	162323
11215	207335	162304
11216	207354	162286
11217	207373	162267
11218	207393	162251
11219	207416	162236
11220	207437	162219
11221	207457	162202
11222	207479	162186
11223	207497	162167
11224	207515	162148
11225	207533	162130
11226	207551	162110
11227	207568	162091
11228	207589	162074
11229	207610	162057
11230	207628	162039
11231	207645	162019
11232	207665	162002
11233	207685	161984
11234	207703	161966
11235	207727	161952
11236	207749	161936
11237	207771	161920
11238	207795	161906
11239	207824	161895
11240	207845	161879
11241	207868	161864
11242	207889	161847
11243	207908	161829
11244	207928	161812
11245	207946	161793
11246	207967	161777
11247	207990	161762
11248	208013	161747
11249	208036	161732
11250	208055	161714
11251	208078	161698
11252	208097	161681
11253	208117	161663
11254	208133	161643
11255	208150	161623
11256	208167	161604
11257	208184	161584
11258	208203	161566
11259	208225	161550
11260	208245	161532
11261	208264	161514
11262	208284	161497
11263	208302	161478
11264	208322	161461
11265	208342	161444
11266	208360	161425
11267	208378	161406
11268	208396	161387
11269	208415	161369
11270	208432	161349
11271	208449	161330
11272	208467	161311
11273	208484	161291
11274	208504	161274
11275	208523	161256
11276	208541	161237
11277	208560	161219
11278	208579	161201
11279	208600	161184
11280	208623	161169
11281	208641	161150
11282	208658	161130
11283	208676	161112
11284	208698	161096
11285	208719	161080
11286	208737	161061
11287	208756	161042
11288	208775	161024
11289	208794	161006
11290	208814	160989
11291	208831	160970
11292	208849	160951
11293	208869	160933
11294	208887	160914
11295	208905	160895
11296	208923	160876
11297	208942	160858
11298	208963	160842
11299	208982	160824
11300	209001	160806
11301	209020	160788
11302	209038	160769
11303	209056	160750
11304	209074	160730
11305	209091	160711
11306	209110	160693
11307	209133	160678
11308	209151	160659
11309	209170	160641
11310	209189	160623
11311	209206	160603
11312	209225	160585
11313	209245	160568
11314	209263	160549
11315	209281	160530
11316	209298	160511
11317	209318	160493
11318	209335	160473
11319	209354	160455
11320	209371	160436
11321	209389	160417
11322	209406	160397
11323	209424	160378
11324	209443	160360
11325	209461	160341
11326	209478	160322
11327	209496	160303
11328	209514	160284
11329	209533	160266
11330	209551	160247
11331	209572	160230
11332	209590	160211
11333	209609	160193
11334	209626	160174
11335	209644	160155
11336	209662	160136
11337	209681	160118
11338	209698	160098
11339	209716	160080
11340	209735	160061
11341	209753	160042
11342	209771	160024
11343	209789	160005
11344	209807	159986
11345	209829	159970
11346	209849	159953
11347	209867	159934
11348	209885	159915
11349	209903	159896
11350	209920	159877
11351	209938	159858
11352	209956	159839
11353	209973	159819
11354	209991	159800
11355	210008	159781
11356	210025	159761
11357	210043	159742
11358	210062	159724
11359	210079	159704
11360	210096	159685
11361	210116	159667
11362	210134	159648
11363	210151	159629
11364	210173	159613
11365	210192	159595
11366	210210	159576
11367	210234	159562
11368	210253	159544
11369	210271	159525
11370	210288	159505
11371	210308	159487
11372	210328	159470
11373	210346	159452
11374	210364	159432
11375	210382	159414
11376	210401	159396
11377	210421	159379
11378	210439	159360
11379	210458	159341
11380	210476	159323
11381	210495	159304
11382	210512	159285
11383	210530	159266
11384	210548	159247
11385	210568	159229
11386	210585	159210
11387	210604	159192
11388	210623	159173
11389	210641	159155
11390	210659	159136
11391	210676	159117
11392	210692	159096
11393	210710	159077
11394	210732	159061
11395	210752	159044
11396	210770	159025
11397	210789	159007
11398	210806	158987
11399	210824	158968
11400	210842	158949
11401	210859	158930
11402	210878	158912
11403	210898	158895
11404	210915	158875
11405	210933	158856
11406	210951	158837
11407	210970	158819
11408	210987	158800
11409	211008	158783
11410	211030	158767
11411	211048	158748
11412	211065	158729
11413	211083	158710
11414	211102	158692
11415	211120	158673
11416	211138	158654
11417	211156	158635
11418	211175	158617
11419	211197	158601
11420	211214	158582
11421	211232	158563
11422	211250	158544
11423	211268	158525
11424	211286	158506
11425	211307	158490
11426	211328	158473
11427	211346	158454
11428	211363	158435
11429	211381	158415
11430	211399	158397
11431	211417	158377
11432	211435	158359
11433	211452	158339
11434	211469	158320
11435	211486	158300
11436	211504	158281
11437	211521	158262
11438	211539	158243
11439	211558	158224
11440	211575	158205
11441	211593	158186
11442	211611	158167
11443	211628	158148
11444	211646	158129
11445	211664	158110
11446	211681	158091
11447	211700	158072
11448	211717	158052
11449	211734	158033
11450	211754	158015
11451	211776	158000
11452	211796	157982
11453	211815	157965
11454	211834	157946
11455	211852	157927
11456	211871	157909
11457	211889	157890
11458	211907	157872
11459	211925	157853
11460	211943	157834
11461	211961	157815
11462	211978	157796
11463	211998	157778
11464	212016	157759
11465	212034	157740
11466	212052	157721
11467	212071	157703
11468	212089	157685
11469	212112	157669
11470	212130	157650
11471	212148	157631
11472	212164	157611
11473	212183	157593
11474	212204	157576
11475	212222	157557
11476	212239	157538
11477	212256	157519
11478	212275	157500
11479	212294	157482
11480	212315	157466
11481	212337	157449
11482	212355	157431
11483	212373	157412
11484	212390	157392
11485	212409	157374
11486	212428	157356
11487	212445	157337
11488	212462	157317
11489	212485	157301
11490	212506	157285
11491	212524	157266
11492	212541	157246
11493	212559	157228
11494	212579	157210
11495	212597	157192
11496	212615	157173
11497	212634	157154
11498	212652	157136
11499	212670	157117
11500	212688	157098
11501	212705	157079
11502	212723	157060
11503	212740	157040
11504	212758	157021
11505	212776	157002
11506	212795	156984
11507	212813	156965
11508	212831	156946
11509	212848	156927
11510	212866	156908
11511	212885	156890
11512	212903	156871
11513	212920	156851
11514	212938	156832
11515	212955	156813
11516	212973	156794
11517	212992	156776
11518	213015	156760
11519	213033	156742
11520	213051	156723
11521	213069	156704
11522	213091	156688
11523	213112	156672
11524	213134	156655
11525	213152	156637
11526	213171	156618
11527	213188	156599
11528	213205	156580
11529	213223	156560
11530	213241	156542
11531	213259	156523
11532	213280	156507
11533	213302	156490
11534	213320	156472
11535	213337	156452
11536	213355	156433
11537	213376	156417
11538	213397	156400
11539	213415	156381
11540	213432	156361
11541	213449	156342
11542	213469	156324
11543	213487	156305
11544	213510	156290
11545	213529	156272
11546	213547	156253
11547	213565	156234
11548	213582	156215
11549	213600	156196
11550	213619	156178
11551	213637	156159
11552	213656	156141
11553	213673	156121
11554	213696	156106
11555	213715	156088
11556	213735	156071
11557	213755	156053
11558	213774	156035
11559	213796	156019
11560	213815	156001
11561	213834	155983
11562	213852	155964
11563	213870	155945
11564	213888	155927
11565	213908	155909
11566	213925	155889
11567	213942	155870
11568	213960	155851
11569	213978	155832
11570	213995	155813
11571	214015	155795
11572	214033	155776
11573	214050	155757
11574	214067	155737
11575	214084	155718
11576	214107	155702
11577	214127	155685
11578	214145	155666
11579	214163	155647
11580	214180	155628
11581	214198	155609
11582	214216	155590
11583	214234	155571
11584	214253	155553
11585	214275	155537
11586	214293	155518
11587	214311	155499
11588	214329	155480
11589	214347	155461
11590	214369	155446
11591	214385	155425
11592	214404	155407
11593	214421	155388
11594	214444	155372
11595	214464	155355
11596	214481	155335
11597	214498	155316
11598	214515	155296
11599	214533	155277
11600	214550	155258
11601	214568	155239
11602	214584	155219
11603	214602	155200
11604	214620	155181
11605	214638	155162
11606	214655	155143
11607	214673	155124
11608	214690	155104
11609	214708	155085
11610	214727	155067
11611	214745	155048
11612	214762	155029
11613	214780	155010
11614	214799	154992
11615	214817	154973
11616	214835	154954
11617	214852	154935
11618	214870	154916
11619	214888	154897
11620	214906	154878
11621	214925	154860
11622	214944	154842
11623	214962	154823
11624	214980	154804
11625	214997	154784
11626	215014	154765
11627	215031	154745
11628	215049	154726
11629	215068	154708
11630	215092	154693
11631	215110	154675
11632	215129	154657
11633	215146	154637
11634	215165	154619
11635	215184	154601
11636	215207	154586
11637	215226	154567
11638	215243	154548
11639	215261	154529
11640	215280	154511
11641	215297	154492
11642	215316	154473
11643	215334	154455
11644	215352	154435
11645	215369	154416
11646	215387	154397
11647	215403	154377
11648	215421	154358
11649	215441	154341
11650	215461	154324
11651	215479	154305
11652	215497	154285
11653	215514	154266
11654	215532	154247
11655	215550	154228
11656	215568	154209
11657	215589	154193
11658	215609	154175
11659	215626	154156
11660	215644	154137
11661	215662	154118
11662	215680	154100
11663	215699	154081
11664	215717	154062
11665	215735	154043
11666	215752	154024
11667	215770	154005
11668	215788	153986
11669	215808	153969
11670	215826	153950
11671	215845	153931
11672	215862	153912
11673	215880	153894
11674	215899	153875
11675	215916	153856
11676	215934	153837
11677	215951	153817
11678	215970	153799
11679	215988	153781
11680	216006	153761
11681	216023	153742
11682	216041	153723
11683	216060	153705
11684	216077	153686
11685	216095	153667
11686	216112	153647
11687	216131	153629
11688	216149	153610
11689	216166	153591
11690	216183	153571
11691	216200	153552
11692	216220	153534
11693	216238	153515
11694	216257	153497
11695	216275	153478
11696	216294	153460
11697	216312	153441
11698	216330	153423
11699	216348	153403
11700	216366	153385
11701	216384	153366
11702	216402	153347
11703	216420	153328
11704	216441	153311
11705	216460	153293
11706	216478	153275
11707	216496	153256
11708	216515	153237
11709	216533	153219
11710	216551	153200
11711	216570	153182
11712	216588	153163
11713	216610	153147
11714	216628	153128
11715	216646	153109
11716	216664	153090
11717	216683	153072
11718	216701	153053
11719	216718	153034
11720	216737	153016
11721	216755	152997
11722	216772	152977
11723	216790	152959
11724	216809	152941
11725	216827	152921
11726	216844	152902
11727	216862	152883
11728	216880	152864
11729	216897	152845
11730	216915	152826
11731	216932	152807
11732	216950	152787
11733	216967	152768
11734	216986	152750
11735	217008	152734
11736	217026	152715
11737	217044	152696
11738	217063	152678
11739	217086	152663
11740	217105	152644
11741	217123	152625
11742	217144	152609
11743	217162	152590
11744	217181	152572
11745	217199	152553
11746	217217	152534
11747	217237	152517
11748	217254	152497
11749	217272	152478
11750	217290	152460
11751	217309	152442
11752	217327	152423
11753	217344	152404
11754	217361	152384
11755	217379	152365
11756	217409	152355
11757	217428	152336
11758	217447	152318
11759	217465	152299
11760	217483	152280
11761	217500	152261
11762	217518	152242
11763	217537	152224
11764	217555	152205
11765	217573	152186
11766	217594	152170
11767	217613	152152
11768	217631	152133
11769	217649	152114
11770	217667	152095
11771	217685	152076
11772	217703	152057
11773	217720	152038
11774	217739	152019
11775	217757	152001
11776	217775	151982
11777	217792	151963
11778	217811	151944
11779	217828	151925
11780	217847	151906
11781	217865	151887
11782	217883	151869
11783	217900	151850
11784	217918	151831
11785	217940	151814
11786	217960	151797
11787	217979	151779
11788	217998	151761
11789	218015	151741
11790	218032	151722
11791	218050	151703
11792	218068	151684
11793	218084	151664
11794	218102	151645
11795	218118	151625
11796	218136	151606
11797	218153	151586
11798	218172	151568
11799	218191	151550
11800	218208	151530
11801	218225	151511
11802	218243	151492
11803	218260	151473
11804	218279	151455
11805	218297	151435
11806	218315	151417
11807	218333	151398
11808	218353	151380
11809	218370	151361
11810	218390	151344
11811	218408	151325
11812	218426	151306
11813	218444	151287
11814	218462	151269
11815	218481	151250
11816	218504	151235
11817	218522	151216
11818	218539	151196
11819	218557	151178
11820	218575	151159
11821	218594	151141
11822	218613	151123
11823	218634	151106
11824	218656	151090
11825	218676	151072
11826	218694	151053
11827	218712	151035
11828	218731	151016
11829	218750	150998
11830	218768	150979
11831	218787	150961
11832	218806	150943
11833	218828	150927
11834	218849	150911
11835	218868	150892
11836	218886	150873
11837	218903	150854
11838	218923	150837
11839	218941	150818
11840	218959	150799
11841	218976	150779
11842	218993	150760
11843	219011	150741
11844	219029	150722
11845	219047	150704
11846	219066	150685
11847	219084	150666
11848	219103	150648
11849	219121	150629
11850	219140	150611
11851	219157	150592
11852	219174	150572
11853	219192	150553
11854	219210	150535
11855	219231	150518
11856	219253	150501
11857	219270	150482
11858	219289	150464
11859	219310	150447
11860	219327	150428
11861	219347	150410
11862	219364	150391
11863	219382	150372
11864	219400	150353
11865	219418	150334
11866	219435	150315
11867	219455	150297
11868	219477	150281
11869	219495	150262
11870	219513	150244
11871	219532	150225
11872	219549	150206
11873	219567	150187
11874	219585	150168
11875	219602	150149
11876	219622	150131
11877	219639	150112
11878	219657	150093
11879	219677	150075
11880	219695	150057
11881	219713	150038
11882	219731	150019
11883	219749	150000
11884	219768	149982
11885	219786	149963
11886	219804	149944
11887	219822	149925
11888	219839	149906
11889	219857	149887
11890	219875	149869
11891	219893	149849
11892	219911	149831
11893	219928	149811
11894	219947	149793
11895	219965	149774
11896	219984	149756
11897	220001	149737
11898	220019	149718
11899	220037	149699
11900	220055	149680
11901	220072	149661
11902	220090	149642
11903	220108	149623
11904	220125	149603
11905	220142	149584
11906	220161	149566
11907	220180	149548
11908	220198	149529
11909	220222	149514
11910	220242	149497
11911	220263	149480
11912	220280	149461
11913	220300	149443
11914	220319	149425
11915	220337	149406
11916	220355	149387
11917	220374	149369
11918	220395	149352
11919	220412	149333
11920	220431	149314
11921	220450	149296
11922	220473	149281
11923	220492	149263
11924	220509	149244
11925	220528	149225
11926	220547	149207
11927	220567	149189
11928	220585	149171
11929	220603	149152
11930	220622	149134
11931	220641	149116
11932	220661	149098
11933	220680	149080
11934	220700	149063
11935	220719	149044
11936	220738	149026
11937	220756	149007
11938	220774	148989
11939	220793	148971
11940	220814	148954
11941	220833	148935
11942	220851	148917
11943	220870	148898
11944	220891	148881
11945	220909	148863
11946	220926	148843
11947	220943	148824
11948	220961	148805
11949	220979	148786
11950	220997	148768
11951	221015	148749
11952	221033	148730
11953	221050	148710
11954	221068	148691
11955	221086	148672
11956	221104	148654
11957	221121	148635
11958	221140	148616
11959	221158	148597
11960	221175	148578
11961	221193	148559
11962	221216	148544
11963	221237	148527
11964	221256	148508
11965	221274	148490
11966	221292	148471
11967	221311	148453
11968	221328	148433
11969	221346	148415
11970	221365	148396
11971	221383	148377
11972	221401	148358
11973	221420	148341
11974	221437	148321
11975	221455	148302
11976	221473	148283
11977	221493	148266
11978	221512	148248
11979	221530	148229
11980	221550	148211
11981	221569	148193
11982	221589	148176
11983	221611	148159
11984	221629	148141
11985	221647	148122
11986	221664	148103
11987	221682	148083
11988	221701	148065
11989	221718	148046
11990	221738	148029
11991	221759	148011
11992	221780	147995
11993	221802	147979
11994	221822	147961
11995	221843	147945
11996	221863	147927
11997	221887	147912
11998	221905	147893
11999	221923	147874
12000	221941	147856
12001	221958	147836
12002	221976	147818
12003	221994	147799
12004	222012	147780
12005	222030	147761
12006	222048	147742
12007	222066	147723
12008	222085	147705
12009	222102	147686
12010	222121	147667
12011	222142	147651
12012	222162	147633
12013	222179	147614
12014	222198	147596
12015	222218	147578
12016	222237	147560
12017	222258	147543
12018	222277	147525
12019	222296	147507
12020	222313	147487
12021	222331	147468
12022	222349	147450
12023	222367	147431
12024	222385	147412
12025	222402	147393
12026	222420	147374
12027	222438	147355
12028	222457	147336
12029	222474	147317
12030	222494	147300
12031	222511	147281
12032	222531	147263
12033	222549	147244
12034	222573	147229
12035	222592	147211
12036	222611	147193
12037	222627	147173
12038	222647	147155
12039	222664	147135
12040	222681	147116
12041	222699	147097
12042	222716	147078
12043	222734	147059
12044	222753	147041
12045	222773	147023
12046	222791	147004
12047	222809	146986
12048	222827	146967
12049	222844	146947
12050	222861	146928
12051	222880	146910
12052	222898	146891
12053	222917	146872
12054	222935	146854
12055	222953	146835
12056	222970	146816
12057	222989	146798
12058	223006	146778
12059	223024	146759
12060	223042	146741
12061	223059	146721
12062	223077	146702
12063	223096	146684
12064	223114	146665
12065	223132	146646
12066	223150	146628
12067	223170	146610
12068	223188	146591
12069	223211	146575
12070	223229	146557
12071	223248	146538
12072	223268	146521
12073	223286	146502
12074	223305	146484
12075	223323	146465
12076	223340	146446
12077	223358	146427
12078	223378	146409
12079	223396	146391
12080	223414	146372
12081	223434	146354
12082	223451	146335
12083	223471	146317
12084	223490	146299
12085	223509	146281
12086	223528	146263
12087	223545	146244
12088	223562	146224
12089	223580	146205
12090	223600	146188
12091	223618	146169
12092	223636	146150
12093	223653	146131
12094	223670	146111
12095	223689	146093
12096	223707	146074
12097	223725	146055
12098	223743	146036
12099	223760	146017
12100	223779	145999
12101	223798	145981
12102	223816	145962
12103	223834	145943
12104	223852	145924
12105	223870	145906
12106	223889	145887
12107	223907	145868
12108	223924	145849
12109	223943	145831
12110	223961	145812
12111	223980	145794
12112	223998	145775
12113	224016	145756
12114	224035	145738
12115	224057	145722
12116	224078	145705
12117	224097	145687
12118	224115	145668
12119	224132	145649
12120	224151	145630
12121	224168	145611
12122	224186	145592
12123	224204	145573
12124	224222	145554
12125	224240	145535
12126	224256	145516
12127	224275	145497
12128	224292	145478
12129	224310	145459
12130	224328	145440
12131	224346	145421
12132	224363	145402
12133	224381	145384
12134	224401	145366
12135	224421	145348
12136	224440	145330
12137	224457	145311
12138	224475	145292
12139	224492	145272
12140	224510	145253
12141	224527	145234
12142	224545	145215
12143	224562	145196
12144	224580	145177
12145	224597	145158
12146	224616	145139
12147	224634	145121
12148	224651	145101
12149	224669	145082
12150	224686	145063
12151	224705	145045
12152	224723	145026
12153	224742	145008
12154	224761	144990
12155	224779	144971
12156	224798	144953
12157	224817	144935
12158	224836	144916
12159	224854	144898
12160	224873	144880
12161	224892	144861
12162	224910	144843
12163	224930	144825
12164	224948	144806
12165	224968	144788
12166	224986	144770
12167	225005	144752
12168	225038	144742
12169	225058	144725
12170	225081	144709
12171	225099	144690
12172	225116	144671
12173	225134	144652
12174	225153	144634
12175	225171	144615
12176	225189	144596
12177	225207	144578
12178	225225	144559
12179	225243	144540
12180	225262	144522
12181	225279	144502
12182	225297	144484
12183	225319	144467
12184	225338	144449
12185	225356	144431
12186	225374	144411
12187	225391	144392
12188	225410	144374
12189	225428	144355
12190	225446	144336
12191	225463	144317
12192	225481	144298
12193	225499	144279
12194	225518	144261
12195	225535	144242
12196	225554	144223
12197	225572	144205
12198	225590	144186
12199	225607	144166
12200	225624	144147
12201	225643	144129
12202	225660	144109
12203	225679	144091
12204	225699	144073
12205	225719	144056
12206	225739	144038
12207	225758	144020
12208	225777	144002
12209	225796	143984
12210	225816	143966
12211	225835	143948
12212	225852	143929
12213	225871	143911
12214	225889	143892
12215	225908	143874
12216	225925	143854
12217	225944	143836
12218	225962	143817
12219	225980	143798
12220	225997	143779
12221	226016	143761
12222	226033	143742
12223	226053	143724
12224	226071	143705
12225	226090	143687
12226	226107	143668
12227	226125	143649
12228	226145	143631
12229	226164	143613
12230	226182	143594
12231	226201	143576
12232	226220	143558
12233	226242	143541
12234	226262	143524
12235	226279	143505
12236	226298	143486
12237	226316	143468
12238	226334	143449
12239	226352	143430
12240	226370	143412
12241	226388	143393
12242	226405	143373
12243	226424	143355
12244	226441	143335
12245	226459	143316
12246	226476	143297
12247	226494	143278
12248	226511	143259
12249	226529	143240
12250	226547	143221
12251	226567	143204
12252	226590	143188
12253	226607	143169
12254	226625	143150
12255	226643	143131
12256	226660	143112
12257	226681	143095
12258	226700	143077
12259	226722	143060
12260	226741	143042
12261	226759	143023
12262	226779	143005
12263	226798	142987
12264	226817	142969
12265	226835	142951
12266	226856	142934
12267	226874	142915
12268	226897	142899
12269	226917	142882
12270	226935	142863
12271	226953	142844
12272	226970	142825
12273	226988	142806
12274	227006	142787
12275	227024	142768
12276	227042	142750
12277	227060	142731
12278	227079	142712
12279	227098	142694
12280	227116	142676
12281	227135	142657
12282	227153	142639
12283	227171	142620
12284	227191	142602
12285	227211	142585
12286	227233	142568
12287	227253	142551
12288	227274	142534
12289	227293	142516
12290	227311	142497
12291	227329	142478
12292	227351	142462
12293	227369	142443
12294	227389	142426
12295	227411	142409
12296	227428	142390
12297	227446	142371
12298	227463	142352
12299	227482	142333
12300	227500	142315
12301	227519	142296
12302	227540	142279
12303	227558	142260
12304	227575	142241
12305	227593	142223
12306	227611	142203
12307	227629	142184
12308	227646	142165
12309	227666	142148
12310	227688	142131
12311	227705	142112
12312	227724	142094
12313	227741	142074
12314	227759	142056
12315	227778	142037
12316	227796	142019
12317	227814	142000
12318	227833	141981
12319	227850	141962
12320	227871	141945
12321	227890	141927
12322	227907	141908
12323	227925	141889
12324	227942	141870
12325	227961	141851
12326	227980	141833
12327	227997	141814
12328	228014	141794
12329	228032	141776
12330	228052	141758
12331	228071	141740
12332	228091	141722
12333	228110	141704
12334	228128	141685
12335	228151	141669
12336	228171	141652
12337	228189	141633
12338	228207	141615
12339	228226	141596
12340	228246	141579
12341	228267	141562
12342	228287	141544
12343	228311	141529
12344	228332	141512
12345	228354	141496
12346	228374	141478
12347	228394	141461
12348	228412	141442
12349	228431	141424
12350	228450	141405
12351	228470	141388
12352	228490	141370
12353	228510	141353
12354	228531	141336
12355	228549	141317
12356	228568	141299
12357	228592	141284
12358	228612	141266
12359	228640	141253
12360	228663	141238
12361	228686	141222
12362	228704	141203
12363	228726	141187
12364	228750	141172
12365	228778	141159
12366	228796	141140
12367	228814	141122
12368	228833	141104
12369	228850	141084
12370	228867	141065
12371	228885	141046
12372	228903	141027
12373	228921	141008
12374	228938	140989
12375	228956	140970
12376	228974	140951
12377	228991	140932
12378	229010	140914
12379	229028	140895
12380	229047	140876
12381	229067	140859
12382	229085	140840
12383	229104	140822
12384	229121	140802
12385	229139	140784
12386	229158	140765
12387	229175	140746
12388	229195	140728
12389	229212	140709
12390	229231	140690
12391	229253	140675
12392	229273	140657
12393	229292	140639
12394	229310	140620
12395	229328	140601
12396	229346	140582
12397	229365	140564
12398	229385	140546
12399	229407	140530
12400	229425	140512
12401	229445	140494
12402	229463	140475
12403	229480	140456
12404	229497	140436
12405	229514	140417
12406	229533	140398
12407	229552	140381
12408	229574	140364
12409	229594	140346
12410	229614	140328
12411	229631	140309
12412	229649	140290
12413	229666	140271
12414	229684	140252
12415	229702	140233
12416	229720	140215
12417	229740	140197
12418	229758	140179
12419	229779	140161
12420	229800	140144
12421	229822	140128
12422	229843	140111
12423	229861	140092
12424	229878	140072
12425	229896	140054
12426	229914	140035
12427	229932	140016
12428	229951	139998
12429	229969	139979
12430	229988	139961
12431	230009	139944
12432	230029	139927
12433	230047	139908
12434	230065	139889
12435	230084	139871
12436	230101	139852
12437	230120	139833
12438	230137	139814
12439	230156	139796
12440	230175	139778
12441	230194	139759
12442	230212	139740
12443	230230	139721
12444	230248	139703
12445	230266	139684
12446	230283	139665
12447	230301	139646
12448	230319	139627
12449	230337	139608
12450	230355	139590
12451	230373	139571
12452	230391	139552
12453	230409	139533
12454	230427	139514
12455	230445	139495
12456	230462	139476
12457	230479	139456
12458	230497	139437
12459	230518	139420
12460	230540	139404
12461	230559	139386
12462	230579	139368
12463	230596	139349
12464	230614	139330
12465	230634	139313
12466	230652	139294
12467	230669	139275
12468	230687	139256
12469	230705	139237
12470	230723	139218
12471	230741	139199
12472	230763	139183
12473	230781	139164
12474	230797	139144
12475	230818	139127
12476	230843	139113
12477	230864	139095
12478	230882	139077
12479	230901	139058
12480	230919	139039
12481	230937	139021
12482	230956	139003
12483	230974	138984
12484	230992	138965
12485	231012	138947
12486	231034	138931
12487	231052	138912
12488	231072	138895
12489	231089	138875
12490	231107	138857
12491	231125	138838
12492	231144	138819
12493	231162	138801
12494	231179	138781
12495	231198	138763
12496	231215	138744
12497	231234	138726
12498	231253	138707
12499	231275	138691
12500	231292	138671
12501	231311	138653
12502	231328	138634
12503	231350	138617
12504	231370	138600
12505	231389	138582
12506	231407	138563
12507	231425	138544
12508	231443	138525
12509	231462	138507
12510	231481	138489
12511	231500	138470
12512	231518	138452
12513	231537	138434
12514	231555	138415
12515	231573	138396
12516	231593	138378
12517	231611	138359
12518	231628	138340
12519	231646	138321
12520	231665	138303
12521	231683	138284
12522	231701	138265
12523	231719	138247
12524	231737	138228
12525	231754	138208
12526	231772	138190
12527	231789	138171
12528	231807	138152
12529	231825	138133
12530	231850	138118
12531	231868	138099
12532	231887	138081
12533	231904	138062
12534	231922	138043
12535	231940	138024
12536	231958	138005
12537	231978	137988
12538	232000	137971
12539	232018	137952
12540	232036	137934
12541	232053	137914
12542	232070	137895
12543	232087	137876
12544	232105	137857
12545	232123	137838
12546	232140	137819
12547	232158	137800
12548	232176	137781
12549	232194	137762
12550	232212	137743
12551	232229	137724
12552	232246	137704
12553	232262	137685
12554	232279	137665
12555	232298	137647
12556	232316	137628
12557	232336	137610
12558	232358	137594
12559	232376	137575
12560	232395	137557
12561	232413	137538
12562	232431	137520
12563	232449	137501
12564	232468	137483
12565	232489	137465
12566	232508	137447
12567	232528	137429
12568	232546	137411
12569	232565	137392
12570	232584	137374
12571	232606	137358
12572	232624	137339
12573	232642	137320
12574	232660	137302
12575	232679	137283
12576	232698	137265
12577	232716	137247
12578	232735	137228
12579	232754	137210
12580	232773	137192
12581	232791	137173
12582	232809	137154
12583	232830	137137
12584	232850	137119
12585	232867	137100
12586	232885	137081
12587	232903	137062
12588	232921	137044
12589	232940	137026
12590	232959	137007
12591	232978	136989
12592	232999	136972
12593	233017	136953
12594	233036	136935
12595	233053	136916
12596	233072	136897
12597	233090	136879
12598	233108	136860
12599	233126	136841
12600	233145	136823
12601	233163	136804
12602	233181	136785
12603	233201	136767
12604	233219	136749
12605	233236	136729
12606	233257	136712
12607	233275	136694
12608	233294	136675
12609	233312	136657
12610	233331	136638
12611	233348	136619
12612	233367	136601
12613	233386	136583
12614	233405	136564
12615	233425	136547
12616	233444	136528
12617	233462	136510
12618	233480	136491
12619	233498	136472
12620	233515	136453
12621	233533	136434
12622	233550	136414
12623	233569	136396
12624	233590	136379
12625	233613	136363
12626	233632	136345
12627	233652	136327
12628	233671	136309
12629	233691	136291
12630	233710	136273
12631	233728	136255
12632	233748	136237
12633	233767	136219
12634	233784	136200
12635	233803	136181
12636	233821	136163
12637	233841	136145
12638	233859	136126
12639	233878	136108
12640	233896	136089
12641	233914	136070
12642	233932	136051
12643	233950	136033
12644	233969	136015
12645	233987	135996
12646	234007	135978
12647	234025	135959
12648	234043	135940
12649	234062	135922
12650	234079	135903
12651	234097	135884
12652	234115	135865
12653	234132	135846
12654	234151	135828
12655	234168	135809
12656	234190	135792
12657	234211	135775
12658	234229	135756
12659	234247	135737
12660	234267	135720
12661	234284	135700
12662	234301	135681
12663	234319	135662
12664	234337	135643
12665	234356	135625
12666	234375	135607
12667	234393	135588
12668	234416	135572
12669	234434	135553
12670	234452	135535
12671	234470	135516
12672	234487	135496
12673	234506	135478
12674	234524	135460
12675	234543	135441
12676	234560	135422
12677	234578	135403
12678	234595	135384
12679	234613	135365
12680	234631	135346
12681	234649	135327
12682	234672	135311
12683	234690	135292
12684	234708	135274
12685	234728	135256
12686	234748	135238
12687	234767	135220
12688	234785	135201
12689	234804	135183
12690	234822	135165
12691	234843	135147
12692	234861	135129
12693	234879	135110
12694	234897	135091
12695	234915	135072
12696	234933	135053
12697	234950	135034
12698	234968	135016
12699	234987	134997
12700	235006	134979
12701	235025	134960
12702	235043	134942
12703	235062	134923
12704	235079	134904
12705	235097	134886
12706	235115	134867
12707	235134	134848
12708	235155	134831
12709	235172	134812
12710	235191	134794
12711	235208	134774
12712	235226	134756
12713	235243	134736
12714	235261	134718
12715	235280	134699
12716	235303	134683
12717	235323	134666
12718	235342	134647
12719	235362	134630
12720	235381	134612
12721	235400	134593
12722	235418	134575
12723	235439	134557
12724	235457	134539
12725	235476	134520
12726	235494	134502
12727	235512	134483
12728	235530	134464
12729	235549	134446
12730	235567	134427
12731	235585	134408
12732	235603	134389
12733	235621	134371
12734	235643	134354
12735	235662	134336
12736	235681	134318
12737	235700	134300
12738	235719	134281
12739	235738	134263
12740	235757	134245
12741	235775	134226
12742	235793	134207
12743	235811	134189
12744	235829	134170
12745	235849	134152
12746	235868	134134
12747	235888	134116
12748	235907	134098
12749	235927	134080
12750	235945	134061
12751	235963	134043
12752	235982	134024
12753	235999	134005
12754	236019	133987
12755	236037	133969
12756	236054	133950
12757	236072	133931
12758	236091	133912
12759	236109	133894
12760	236128	133875
12761	236146	133856
12762	236163	133837
12763	236182	133819
12764	236199	133800
12765	236218	133781
12766	236236	133763
12767	236253	133743
12768	236271	133725
12769	236289	133706
12770	236307	133687
12771	236324	133667
12772	236342	133649
12773	236359	133630
12774	236377	133611
12775	236398	133593
12776	236416	133575
12777	236435	133556
12778	236452	133537
12779	236472	133519
12780	236490	133501
12781	236509	133483
12782	236528	133464
12783	236545	133445
12784	236563	133426
12785	236581	133407
12786	236598	133388
12787	236616	133369
12788	236634	133351
12789	236652	133332
12790	236671	133313
12791	236689	133295
12792	236708	133276
12793	236725	133257
12794	236744	133239
12795	236762	133220
12796	236780	133201
12797	236799	133183
12798	236818	133165
12799	236838	133147
12800	236857	133129
12801	236876	133111
12802	236895	133092
12803	236913	133074
12804	236932	133055
12805	236951	133037
12806	236970	133019
12807	236988	133000
12808	237006	132981
12809	237026	132964
12810	237045	132945
12811	237065	132928
12812	237083	132909
12813	237100	132890
12814	237119	132871
12815	237137	132853
12816	237156	132834
12817	237174	132816
12818	237193	132797
12819	237213	132780
12820	237233	132762
12821	237251	132744
12822	237270	132725
12823	237287	132706
12824	237306	132687
12825	237323	132668
12826	237346	132652
12827	237365	132634
12828	237383	132615
12829	237401	132597
12830	237420	132578
12831	237438	132559
12832	237456	132541
12833	237474	132522
12834	237495	132505
12835	237519	132489
12836	237537	132471
12837	237558	132453
12838	237576	132435
12839	237595	132416
12840	237614	132398
12841	237635	132381
12842	237655	132364
12843	237674	132345
12844	237693	132327
12845	237713	132309
12846	237733	132291
12847	237751	132273
12848	237773	132256
12849	237792	132238
12850	237811	132220
12851	237831	132202
12852	237850	132184
12853	237868	132165
12854	237889	132148
12855	237910	132131
12856	237928	132112
12857	237947	132094
12858	237966	132076
12859	237990	132060
12860	238012	132043
12861	238032	132026
12862	238049	132007
12863	238068	131989
12864	238085	131969
12865	238104	131951
12866	238128	131936
12867	238149	131918
12868	238168	131900
12869	238187	131882
12870	238205	131863
12871	238222	131844
12872	238239	131824
12873	238258	131806
12874	238277	131788
12875	238294	131769
12876	238315	131751
12877	238333	131733
12878	238351	131714
12879	238368	131695
12880	238386	131676
12881	238407	131658
12882	238425	131640
12883	238443	131621
12884	238461	131602
12885	238481	131584
12886	238499	131566
12887	238517	131547
12888	238534	131528
12889	238555	131510
12890	238575	131493
12891	238596	131476
12892	238616	131458
12893	238634	131439
12894	238654	131421
12895	238673	131403
12896	238691	131384
12897	238709	131366
12898	238726	131346
12899	238744	131328
12900	238763	131309
12901	238780	131290
12902	238798	131271
12903	238815	131252
12904	238835	131234
12905	238853	131215
12906	238871	131197
12907	238888	131177
12908	238905	131158
12909	238924	131140
12910	238941	131120
12911	238960	131102
12912	238978	131083
12913	238995	131064
12914	239014	131045
12915	239032	131027
12916	239049	131008
12917	239067	130989
12918	239084	130970
12919	239102	130950
12920	239120	130932
12921	239138	130913
12922	239156	130894
12923	239173	130875
12924	239191	130856
12925	239209	130837
12926	239227	130818
12927	239245	130800
12928	239261	130780
12929	239282	130763
12930	239304	130746
12931	239322	130728
12932	239340	130709
12933	239362	130692
12934	239384	130676
12935	239403	130657
12936	239419	130638
12937	239437	130619
12938	239458	130601
12939	239475	130582
12940	239493	130563
12941	239510	130544
12942	239529	130526
12943	239547	130507
12944	239565	130488
12945	239584	130470
12946	239602	130451
12947	239620	130432
12948	239638	130413
12949	239655	130395
12950	239673	130375
12951	239691	130357
12952	239709	130338
12953	239727	130319
12954	239750	130303
12955	239770	130285
12956	239787	130266
12957	239806	130248
12958	239824	130229
12959	239842	130210
12960	239861	130192
12961	239879	130173
12962	239896	130154
12963	239913	130135
12964	239931	130116
12965	239950	130097
12966	239968	130079
12967	239985	130059
12968	240002	130040
12969	240021	130022
12970	240045	130006
12971	240064	129988
12972	240081	129969
12973	240099	129950
12974	240116	129931
12975	240133	129911
12976	240151	129893
12977	240170	129874
12978	240188	129855
12979	240206	129837
12980	240223	129818
12981	240241	129799
12982	240259	129780
12983	240280	129763
12984	240297	129744
12985	240314	129724
12986	240333	129706
12987	240350	129687
12988	240369	129668
12989	240386	129649
12990	240404	129630
12991	240422	129611
12992	240439	129592
12993	240456	129573
12994	240474	129554
12995	240492	129535
12996	240510	129516
12997	240527	129497
12998	240545	129478
12999	240563	129460
13000	240581	129441
13001	240599	129422
13002	240616	129403
13003	240633	129383
13004	240653	129366
13005	240672	129347
13006	240689	129328
13007	240707	129309
13008	240723	129290
13009	240741	129271
13010	240758	129252
13011	240776	129233
13012	240794	129214
13013	240811	129195
13014	240830	129176
13015	240848	129158
13016	240866	129139
13017	240883	129120
13018	240902	129101
13019	240921	129083
13020	240939	129064
13021	240957	129045
13022	240975	129027
13023	240995	129009
13024	241012	128990
13025	241029	128971
13026	241047	128952
13027	241064	128933
13028	241084	128915
13029	241102	128896
13030	241121	128878
13031	241138	128859
13032	241156	128840
13033	241173	128821
13034	241193	128802
13035	241211	128784
13036	241228	128765
13037	241246	128746
13038	241264	128727
13039	241282	128708
13040	241300	128689
13041	241316	128670
13042	241332	128650
13043	241350	128631
13044	241367	128612
13045	241385	128593
13046	241403	128574
13047	241421	128555
13048	241438	128536
13049	241456	128517
13050	241474	128498
13051	241491	128479
13052	241509	128460
13053	241527	128441
13054	241546	128423
13055	241564	128405
13056	241581	128385
13057	241598	128366
13058	241617	128348
13059	241634	128328
13060	241652	128310
13061	241671	128291
13062	241687	128272
13063	241705	128253
13064	241723	128234
13065	241741	128215
13066	241759	128197
13067	241777	128178
13068	241795	128159
13069	241813	128140
13070	241831	128122
13071	241850	128103
13072	241868	128084
13073	241886	128066
13074	241905	128047
13075	241923	128029
13076	241940	128009
13077	241957	127990
13078	241977	127972
13079	241995	127953
13080	242013	127935
13081	242030	127916
13082	242050	127898
13083	242071	127881
13084	242088	127861
13085	242106	127842
13086	242123	127824
13087	242142	127805
13088	242162	127787
13089	242179	127768
13090	242198	127750
13091	242219	127733
13092	242238	127715
13093	242256	127696
13094	242274	127677
13095	242292	127658
13096	242310	127640
13097	242328	127621
13098	242345	127602
13099	242363	127583
13100	242381	127564
13101	242402	127546
13102	242423	127530
13103	242441	127511
13104	242460	127492
13105	242479	127474
13106	242499	127457
13107	242517	127438
13108	242535	127419
13109	242553	127400
13110	242572	127382
13111	242590	127363
13112	242608	127344
13113	242625	127325
13114	242644	127307
13115	242662	127288
13116	242679	127269
13117	242697	127250
13118	242715	127231
13119	242734	127213
13120	242751	127194
13121	242773	127177
13122	242790	127158
13123	242808	127139
13124	242827	127121
13125	242846	127103
13126	242864	127084
13127	242881	127065
13128	242900	127046
13129	242918	127028
13130	242936	127009
13131	242953	126989
13132	242972	126971
13133	242989	126952
13134	243006	126933
13135	243027	126915
13136	243047	126898
13137	243065	126879
13138	243082	126860
13139	243100	126841
13140	243119	126823
13141	243137	126804
13142	243155	126785
13143	243173	126767
13144	243193	126749
13145	243212	126730
13146	243229	126711
13147	243248	126693
13148	243267	126675
13149	243285	126656
13150	243304	126638
13151	243323	126620
13152	243341	126601
13153	243361	126583
13154	243379	126564
13155	243398	126546
13156	243417	126528
13157	243436	126509
13158	243454	126491
13159	243472	126472
13160	243490	126453
13161	243508	126435
13162	243526	126416
13163	243543	126397
13164	243564	126379
13165	243586	126363
13166	243603	126343
13167	243622	126325
13168	243641	126307
13169	243659	126288
13170	243677	126269
13171	243694	126250
13172	243712	126231
13173	243730	126212
13174	243752	126196
13175	243771	126178
13176	243790	126159
13177	243808	126140
13178	243826	126122
13179	243844	126103
13180	243863	126085
13181	243880	126066
13182	243899	126047
13183	243919	126029
13184	243936	126010
13185	243958	125993
13186	243977	125975
13187	243995	125957
13188	244015	125939
13189	244034	125921
13190	244052	125902
13191	244071	125884
13192	244089	125865
13193	244107	125846
13194	244125	125827
13195	244144	125809
13196	244161	125790
13197	244179	125771
13198	244198	125753
13199	244217	125734
13200	244239	125718
13201	244257	125699
13202	244274	125680
13203	244292	125661
13204	244310	125642
13205	244329	125624
13206	244346	125605
13207	244365	125587
13208	244382	125567
13209	244401	125549
13210	244420	125531
13211	244438	125512
13212	244458	125494
13213	244480	125478
13214	244498	125459
13215	244516	125440
13216	244534	125421
13217	244552	125403
13218	244570	125384
13219	244590	125366
13220	244609	125348
13221	244626	125329
13222	244645	125310
13223	244662	125291
13224	244680	125272
13225	244698	125254
13226	244717	125235
13227	244734	125216
13228	244753	125197
13229	244771	125179
13230	244789	125160
13231	244809	125142
13232	244827	125124
13233	244845	125105
13234	244863	125086
13235	244881	125067
13236	244899	125048
13237	244916	125029
13238	244934	125011
13239	244952	124992
13240	244970	124973
13241	244987	124954
13242	245006	124935
13243	245024	124917
13244	245042	124898
13245	245063	124881
13246	245083	124863
13247	245101	124844
13248	245118	124825
13249	245134	124805
13250	245152	124787
13251	245170	124768
13252	245188	124749
13253	245206	124730
13254	245224	124712
13255	245242	124693
13256	245264	124676
13257	245281	124657
13258	245298	124638
13259	245315	124618
13260	245334	124600
13261	245352	124581
13262	245370	124563
13263	245389	124544
13264	245407	124525
13265	245425	124507
13266	245443	124488
13267	245461	124469
13268	245480	124451
13269	245506	124436
13270	245525	124418
13271	245543	124399
13272	245562	124381
13273	245583	124364
13274	245601	124345
13275	245618	124326
13276	245636	124307
13277	245655	124289
13278	245673	124270
13279	245690	124251
13280	245708	124232
13281	245726	124213
13282	245744	124194
13283	245761	124175
13284	245778	124156
13285	245796	124137
13286	245815	124119
13287	245835	124101
13288	245852	124082
13289	245870	124063
13290	245889	124045
13291	245906	124026
13292	245924	124007
13293	245941	123988
13294	245959	123969
13295	245976	123950
13296	245993	123931
13297	246011	123912
13298	246031	123894
13299	246053	123877
13300	246070	123858
13301	246088	123839
13302	246105	123820
13303	246124	123802
13304	246146	123785
13305	246164	123766
13306	246182	123748
13307	246200	123729
13308	246218	123710
13309	246237	123692
13310	246258	123675
13311	246276	123656
13312	246293	123637
13313	246310	123617
13314	246328	123599
13315	246346	123580
13316	246364	123561
13317	246383	123543
13318	246401	123524
13319	246419	123505
13320	246436	123486
13321	246455	123468
13322	246478	123451
13323	246497	123433
13324	246518	123416
13325	246534	123396
13326	246551	123377
13327	246568	123358
13328	246586	123339
13329	246604	123320
13330	246622	123301
13331	246639	123282
13332	246657	123263
13333	246676	123245
13334	246693	123226
13335	246711	123207
13336	246729	123189
13337	246747	123170
13338	246765	123151
13339	246783	123132
13340	246802	123114
13341	246822	123096
13342	246839	123077
13343	246858	123059
13344	246879	123042
13345	246899	123024
13346	246917	123005
13347	246934	122986
13348	246951	122967
13349	246968	122947
13350	246988	122930
13351	247006	122911
13352	247023	122892
13353	247041	122873
13354	247060	122855
13355	247079	122836
13356	247096	122817
13357	247113	122798
13358	247130	122779
13359	247148	122760
13360	247166	122741
13361	247184	122722
13362	247201	122703
13363	247219	122684
13364	247236	122665
13365	247255	122647
13366	247273	122628
13367	247291	122609
13368	247314	122593
13369	247334	122575
13370	247352	122556
13371	247369	122537
13372	247387	122518
13373	247404	122499
13374	247421	122480
13375	247440	122462
13376	247458	122443
13377	247476	122424
13378	247494	122405
13379	247512	122387
13380	247530	122368
13381	247548	122349
13382	247566	122331
13383	247584	122312
13384	247602	122293
13385	247621	122275
13386	247639	122256
13387	247661	122239
13388	247677	122220
13389	247695	122201
13390	247714	122182
13391	247733	122164
13392	247750	122145
13393	247767	122126
13394	247786	122108
13395	247805	122089
13396	247823	122071
13397	247841	122052
13398	247858	122033
13399	247876	122014
13400	247895	121996
13401	247913	121977
13402	247931	121958
13403	247949	121939
13404	247967	121921
13405	247987	121903
13406	248007	121885
13407	248025	121867
13408	248044	121848
13409	248062	121829
13410	248079	121810
13411	248097	121791
13412	248114	121772
13413	248131	121753
13414	248149	121734
13415	248166	121715
13416	248188	121698
13417	248209	121681
13418	248226	121662
13419	248245	121643
13420	248262	121624
13421	248280	121605
13422	248298	121587
13423	248315	121568
13424	248333	121549
13425	248350	121530
13426	248368	121511
13427	248385	121491
13428	248402	121472
13429	248419	121453
13430	248437	121435
13431	248456	121416
13432	248474	121398
13433	248492	121379
13434	248510	121360
13435	248528	121341
13436	248546	121322
13437	248565	121304
13438	248582	121285
13439	248600	121266
13440	248619	121248
13441	248638	121230
13442	248659	121212
13443	248676	121193
13444	248693	121174
13445	248711	121155
13446	248729	121136
13447	248747	121118
13448	248766	121099
13449	248784	121081
13450	248802	121062
13451	248822	121044
13452	248840	121026
13453	248858	121007
13454	248877	120989
13455	248897	120971
13456	248915	120952
13457	248935	120934
13458	248953	120916
13459	248972	120897
13460	248991	120879
13461	249009	120860
13462	249026	120841
13463	249045	120823
13464	249063	120804
13465	249082	120786
13466	249100	120767
13467	249118	120748
13468	249136	120730
13469	249156	120712
13470	249174	120693
13471	249192	120674
13472	249210	120656
13473	249228	120637
13474	249246	120618
13475	249265	120600
13476	249283	120581
13477	249301	120563
13478	249319	120543
13479	249336	120525
13480	249354	120506
13481	249372	120487
13482	249390	120468
13483	249408	120450
13484	249426	120431
13485	249443	120411
13486	249460	120392
13487	249477	120373
13488	249495	120354
13489	249514	120336
13490	249536	120319
13491	249553	120300
13492	249571	120281
13493	249588	120262
13494	249608	120244
13495	249625	120225
13496	249643	120207
13497	249661	120188
13498	249678	120168
13499	249695	120149
13500	249715	120131
13501	249733	120113
13502	249751	120094
13503	249769	120075
13504	249788	120057
13505	249806	120038
13506	249826	120020
13507	249844	120002
13508	249861	119983
13509	249879	119964
13510	249897	119945
13511	249915	119926
13512	249933	119908
13513	249951	119889
13514	249969	119870
13515	249988	119852
13516	250007	119833
13517	250024	119814
13518	250041	119795
13519	250059	119777
13520	250076	119757
13521	250094	119738
13522	250111	119719
13523	250129	119701
13524	250146	119681
13525	250164	119663
13526	250184	119645
13527	250204	119627
13528	250222	119609
13529	250240	119590
13530	250258	119571
13531	250277	119553
13532	250294	119534
13533	250313	119515
13534	250331	119497
13535	250349	119478
13536	250367	119459
13537	250385	119440
13538	250403	119421
13539	250420	119403
13540	250439	119384
13541	250456	119365
13542	250474	119346
13543	250495	119329
13544	250514	119311
13545	250532	119292
13546	250551	119274
13547	250570	119255
13548	250587	119236
13549	250605	119217
13550	250622	119198
13551	250641	119180
13552	250660	119162
13553	250678	119143
13554	250695	119124
13555	250714	119105
13556	250731	119086
13557	250749	119067
13558	250767	119049
13559	250786	119030
13560	250805	119012
13561	250827	118995
13562	250848	118978
13563	250867	118960
13564	250885	118941
13565	250902	118922
13566	250919	118903
13567	250937	118884
13568	250954	118865
13569	250973	118847
13570	250991	118828
13571	251010	118810
13572	251028	118791
13573	251046	118772
13574	251064	118753
13575	251081	118734
13576	251100	118716
13577	251118	118697
13578	251135	118678
13579	251153	118659
13580	251171	118641
13581	251190	118622
13582	251211	118605
13583	251228	118586
13584	251245	118567
13585	251266	118549
13586	251283	118530
13587	251301	118512
13588	251319	118493
13589	251336	118474
13590	251354	118455
13591	251373	118436
13592	251391	118418
13593	251410	118399
13594	251429	118381
13595	251448	118363
13596	251466	118344
13597	251485	118326
13598	251507	118309
13599	251525	118290
13600	251543	118272
13601	251560	118253
13602	251577	118233
13603	251597	118215
13604	251614	118196
13605	251633	118178
13606	251650	118159
13607	251668	118140
13608	251685	118121
13609	251704	118103
13610	251722	118084
13611	251741	118066
13612	251763	118049
13613	251781	118030
13614	251799	118011
13615	251817	117993
13616	251835	117974
13617	251856	117957
13618	251875	117938
13619	251893	117920
13620	251916	117903
13621	251934	117884
13622	251951	117865
13623	251968	117846
13624	251985	117827
13625	252003	117808
13626	252022	117790
13627	252040	117771
13628	252058	117752
13629	252076	117734
13630	252098	117717
13631	252117	117699
13632	252136	117681
13633	252155	117662
13634	252174	117644
13635	252193	117626
13636	252210	117607
13637	252228	117588
13638	252244	117568
13639	252260	117549
13640	252277	117529
13641	252295	117510
13642	252312	117491
13643	252329	117472
13644	252347	117453
13645	252365	117435
13646	252381	117415
13647	252398	117396
13648	252416	117377
13649	252435	117359
13650	252452	117340
13651	252470	117321
13652	252488	117302
13653	252504	117283
13654	252521	117263
13655	252540	117245
13656	252558	117227
13657	252576	117208
13658	252593	117188
13659	252610	117169
13660	252627	117150
13661	252644	117131
13662	252662	117112
13663	252681	117094
13664	252698	117075
13665	252718	117057
13666	252737	117039
13667	252755	117020
13668	252772	117001
13669	252789	116982
13670	252808	116963
13671	252826	116945
13672	252843	116925
13673	252862	116907
13674	252881	116889
13675	252898	116870
13676	252915	116851
13677	252933	116832
13678	252950	116813
13679	252967	116794
13680	252985	116775
13681	253004	116757
13682	253024	116739
13683	253040	116719
13684	253059	116701
13685	253079	116683
13686	253096	116664
13687	253117	116647
13688	253137	116629
13689	253156	116610
13690	253175	116592
13691	253193	116573
13692	253210	116554
13693	253228	116535
13694	253249	116518
13695	253267	116500
13696	253286	116481
13697	253303	116462
13698	253321	116444
13699	253339	116425
13700	253357	116406
13701	253376	116388
13702	253394	116369
13703	253411	116350
13704	253430	116331
13705	253447	116313
13706	253466	116294
13707	253483	116275
13708	253501	116256
13709	253519	116238
13710	253540	116220
13711	253560	116202
13712	253579	116184
13713	253597	116165
13714	253615	116147
13715	253633	116128
13716	253652	116110
13717	253670	116091
13718	253688	116072
13719	253706	116054
13720	253725	116035
13721	253744	116017
13722	253763	115999
13723	253781	115980
13724	253799	115961
13725	253820	115944
13726	253837	115925
13727	253855	115906
13728	253875	115888
13729	253894	115870
13730	253912	115851
13731	253930	115833
13732	253949	115814
13733	253966	115795
13734	253984	115776
13735	254005	115759
13736	254023	115740
13737	254040	115721
13738	254058	115702
13739	254075	115683
13740	254092	115664
13741	254109	115645
13742	254126	115626
13743	254144	115607
13744	254159	115587
13745	254177	115568
13746	254194	115549
13747	254211	115530
13748	254229	115511
13749	254248	115493
13750	254266	115474
13751	254283	115455
13752	254300	115436
13753	254318	115417
13754	254339	115400
13755	254357	115381
13756	254374	115362
13757	254392	115343
13758	254409	115324
13759	254427	115306
13760	254446	115287
13761	254464	115268
13762	254481	115249
13763	254498	115230
13764	254516	115212
13765	254535	115193
13766	254553	115175
13767	254571	115156
13768	254590	115137
13769	254610	115120
13770	254630	115102
13771	254649	115084
13772	254666	115065
13773	254684	115046
13774	254700	115026
13775	254718	115008
13776	254736	114989
13777	254755	114970
13778	254773	114952
13779	254790	114933
13780	254808	114914
13781	254827	114896
13782	254845	114877
13783	254862	114858
13784	254879	114839
13785	254896	114819
13786	254914	114801
13787	254932	114782
13788	254950	114763
13789	254969	114745
13790	254989	114727
13791	255005	114708
13792	255027	114691
13793	255047	114673
13794	255065	114654
13795	255082	114635
13796	255100	114616
13797	255117	114597
13798	255136	114579
13799	255154	114560
13800	255172	114542
13801	255191	114523
13802	255209	114504
13803	255226	114485
13804	255244	114467
13805	255264	114449
13806	255281	114429
13807	255298	114410
13808	255316	114392
13809	255333	114373
13810	255352	114354
13811	255370	114335
13812	255389	114317
13813	255408	114299
13814	255426	114280
13815	255443	114261
13816	255464	114244
13817	255482	114225
13818	255500	114206
13819	255518	114188
13820	255535	114169
13821	255557	114152
13822	255575	114133
13823	255592	114114
13824	255610	114095
13825	255627	114076
13826	255646	114058
13827	255664	114039
13828	255682	114020
13829	255700	114001
13830	255718	113983
13831	255736	113964
13832	255754	113946
13833	255772	113927
13834	255790	113908
13835	255808	113890
13836	255826	113871
13837	255844	113852
13838	255861	113833
13839	255878	113814
13840	255897	113795
13841	255915	113777
13842	255933	113758
13843	255951	113739
13844	255969	113720
13845	255988	113702
13846	256007	113684
13847	256026	113666
13848	256044	113647
13849	256061	113628
13850	256078	113609
13851	256097	113590
13852	256114	113572
13853	256132	113553
13854	256150	113534
13855	256168	113515
13856	256186	113497
13857	256203	113477
13858	256221	113459
13859	256238	113439
13860	256255	113420
13861	256272	113401
13862	256289	113382
13863	256306	113363
13864	256323	113344
13865	256341	113325
13866	256361	113307
13867	256379	113289
13868	256397	113270
13869	256416	113252
13870	256435	113233
13871	256453	113215
13872	256471	113196
13873	256488	113177
13874	256506	113158
13875	256525	113140
13876	256543	113121
13877	256561	113102
13878	256579	113084
13879	256597	113065
13880	256617	113047
13881	256636	113029
13882	256655	113011
13883	256673	112992
13884	256690	112973
13885	256708	112954
13886	256726	112935
13887	256745	112917
13888	256763	112899
13889	256781	112880
13890	256798	112861
13891	256817	112842
13892	256836	112824
13893	256855	112806
13894	256872	112787
13895	256890	112768
13896	256909	112750
13897	256929	112732
13898	256947	112713
13899	256965	112695
13900	256983	112676
13901	257001	112657
13902	257019	112638
13903	257037	112620
13904	257055	112601
13905	257075	112583
13906	257092	112564
13907	257109	112545
13908	257127	112526
13909	257145	112507
13910	257162	112489
13911	257180	112470
13912	257198	112451
13913	257216	112432
13914	257234	112413
13915	257252	112395
13916	257269	112376
13917	257287	112357
13918	257304	112338
13919	257322	112319
13920	257340	112301
13921	257357	112282
13922	257374	112262
13923	257392	112244
13924	257409	112225
13925	257427	112206
13926	257445	112187
13927	257464	112169
13928	257481	112150
13929	257501	112132
13930	257520	112114
13931	257538	112095
13932	257554	112076
13933	257572	112057
13934	257591	112038
13935	257611	112021
13936	257629	112002
13937	257646	111983
13938	257663	111964
13939	257682	111946
13940	257701	111927
13941	257718	111908
13942	257736	111889
13943	257754	111870
13944	257775	111853
13945	257794	111835
13946	257812	111816
13947	257832	111798
13948	257849	111779
13949	257867	111760
13950	257884	111742
13951	257902	111723
13952	257920	111704
13953	257937	111685
13954	257954	111666
13955	257977	111649
13956	257994	111630
13957	258012	111611
13958	258029	111592
13959	258050	111575
13960	258068	111556
13961	258086	111537
13962	258103	111518
13963	258122	111500
13964	258140	111482
13965	258158	111463
13966	258176	111444
13967	258193	111425
13968	258211	111406
13969	258230	111388
13970	258249	111370
13971	258265	111350
13972	258282	111331
13973	258299	111312
13974	258317	111293
13975	258336	111275
13976	258354	111256
13977	258371	111237
13978	258388	111218
13979	258407	111200
13980	258425	111181
13981	258445	111163
13982	258465	111145
13983	258483	111127
13984	258500	111108
13985	258519	111089
13986	258539	111071
13987	258557	111053
13988	258574	111034
13989	258592	111015
13990	258613	110997
13991	258630	110979
13992	258650	110960
13993	258668	110942
13994	258687	110924
13995	258709	110907
13996	258729	110889
13997	258749	110871
13998	258769	110853
13999	258787	110835
14000	258806	110816
14001	258826	110798
14002	258860	110787
14003	258878	110768
14004	258897	110750
14005	258915	110731
14006	258933	110712
14007	258952	110694
14008	258971	110676
14009	258989	110657
14010	259010	110639
14011	259029	110621
14012	259049	110603
14013	259071	110586
14014	259090	110568
14015	259109	110550
14016	259128	110532
14017	259147	110513
14018	259168	110496
14019	259188	110478
14020	259208	110460
14021	259228	110442
14022	259248	110425
14023	259268	110407
14024	259288	110389
14025	259308	110371
14026	259327	110353
14027	259347	110335
14028	259365	110316
14029	259384	110298
14030	259402	110279
14031	259420	110261
14032	259438	110242
14033	259462	110226
14034	259481	110208
14035	259507	110192
14036	259526	110174
14037	259544	110155
14038	259563	110137
14039	259581	110118
14040	259600	110100
14041	259618	110081
14042	259637	110063
14043	259655	110044
14044	259676	110027
14045	259695	110009
14046	259714	109990
14047	259732	109972
14048	259750	109953
14049	259770	109935
14050	259789	109917
14051	259808	109899
14052	259836	109884
14053	259853	109865
14054	259872	109847
14055	259890	109828
14056	259907	109809
14057	259925	109790
14058	259943	109772
14059	259960	109752
14060	259978	109734
14061	259996	109715
14062	260014	109696
14063	260032	109678
14064	260051	109659
14065	260068	109640
14066	260085	109621
14067	260102	109602
14068	260119	109583
14069	260140	109566
14070	260160	109548
14071	260179	109529
14072	260197	109511
14073	260215	109492
14074	260233	109473
14075	260251	109455
14076	260270	109436
14077	260287	109417
14078	260304	109398
14079	260322	109379
14080	260341	109361
14081	260360	109343
14082	260377	109324
14083	260395	109305
14084	260413	109286
14085	260430	109267
14086	260449	109249
14087	260470	109232
14088	260492	109214
14089	260511	109196
14090	260530	109178
14091	260550	109160
14092	260568	109142
14093	260588	109123
14094	260607	109105
14095	260627	109087
14096	260645	109069
14097	260664	109050
14098	260683	109032
14099	260702	109014
14100	260722	108996
14101	260740	108977
14102	260759	108959
14103	260777	108940
14104	260795	108922
14105	260815	108904
14106	260836	108886
14107	260855	108868
14108	260875	108850
14109	260904	108836
14110	260921	108817
14111	260939	108798
14112	260958	108780
14113	260977	108762
14114	260995	108743
14115	261016	108725
14116	261035	108707
14117	261053	108689
14118	261076	108672
14119	261095	108654
14120	261115	108636
14121	261136	108618
14122	261155	108600
14123	261173	108582
14124	261192	108563
14125	261212	108545
14126	261232	108527
14127	261254	108511
14128	261273	108492
14129	261291	108474
14130	261311	108456
14131	261330	108437
14132	261350	108419
14133	261367	108400
14134	261387	108382
14135	261405	108364
14136	261424	108345
14137	261444	108328
14138	261466	108311
14139	261484	108292
14140	261502	108273
14141	261522	108255
14142	261542	108237
14143	261561	108219
14144	261579	108200
14145	261597	108182
14146	261615	108163
14147	261633	108144
14148	261651	108125
14149	261669	108107
14150	261687	108088
14151	261707	108070
14152	261726	108052
14153	261745	108034
14154	261764	108015
14155	261787	107999
14156	261805	107980
14157	261826	107963
14158	261847	107945
14159	261866	107927
14160	261884	107908
14161	261903	107890
14162	261921	107871
14163	261939	107853
14164	261957	107834
14165	261978	107817
14166	261997	107798
14167	262019	107781
14168	262037	107762
14169	262055	107744
14170	262073	107725
14171	262091	107706
14172	262109	107688
14173	262127	107669
14174	262145	107650
14175	262163	107631
14176	262184	107614
14177	262204	107596
14178	262221	107577
14179	262239	107558
14180	262258	107540
14181	262276	107521
14182	262295	107503
14183	262314	107485
14184	262333	107466
14185	262351	107448
14186	262370	107430
14187	262388	107411
14188	262407	107393
14189	262426	107374
14190	262446	107357
14191	262464	107338
14192	262484	107320
14193	262503	107301
14194	262522	107283
14195	262544	107266
14196	262563	107248
14197	262584	107231
14198	262605	107213
14199	262633	107198
14200	262659	107183
14201	262680	107166
14202	262700	107148
14203	262719	107129
14204	262738	107111
14205	262757	107093
14206	262776	107075
14207	262799	107058
14208	262818	107039
14209	262838	107021
14210	262856	107003
14211	262875	106985
14212	262894	106966
14213	262912	106948
14214	262932	106930
14215	262955	106913
14216	262974	106895
14217	262993	106876
14218	263012	106858
14219	263031	106840
14220	263052	106822
14221	263072	106805
14222	263093	106787
14223	263113	106769
14224	263132	106751
14225	263151	106732
14226	263169	106714
14227	263187	106695
14228	263205	106676
14229	263222	106658
14230	263241	106639
14231	263259	106620
14232	263277	106602
14233	263296	106584
14234	263314	106565
14235	263333	106546
14236	263353	106528
14237	263371	106510
14238	263389	106491
14239	263408	106473
14240	263426	106454
14241	263447	106437
14242	263465	106418
14243	263485	106400
14244	263504	106382
14245	263528	106365
14246	263546	106347
14247	263563	106328
14248	263583	106310
14249	263600	106291
14250	263620	106273
14251	263638	106254
14252	263656	106235
14253	263676	106217
14254	263698	106200
14255	263717	106182
14256	263734	106163
14257	263753	106145
14258	263772	106126
14259	263793	106109
14260	263812	106090
14261	263832	106073
14262	263849	106054
14263	263867	106035
14264	263885	106016
14265	263905	105998
14266	263925	105980
14267	263944	105962
14268	263962	105943
14269	263980	105925
14270	263998	105906
14271	264016	105887
14272	264034	105868
14273	264051	105850
14274	264069	105831
14275	264088	105813
14276	264106	105794
14277	264124	105775
14278	264142	105756
14279	264161	105738
14280	264179	105719
14281	264203	105703
14282	264222	105685
14283	264241	105667
14284	264260	105648
14285	264278	105629
14286	264296	105611
14287	264314	105592
14288	264332	105573
14289	264350	105555
14290	264369	105536
14291	264386	105517
14292	264404	105499
14293	264422	105480
14294	264439	105461
14295	264458	105442
14296	264476	105424
14297	264496	105406
14298	264516	105388
14299	264534	105369
14300	264553	105351
14301	264570	105332
14302	264590	105314
14303	264610	105296
14304	264626	105277
14305	264644	105258
14306	264663	105240
14307	264680	105221
14308	264699	105202
14309	264724	105186
14310	264743	105168
14311	264763	105150
14312	264787	105134
14313	264807	105116
14314	264825	105097
14315	264845	105079
14316	264863	105060
14317	264881	105042
14318	264900	105024
14319	264923	105007
14320	264941	104988
14321	264959	104970
14322	264979	104952
14323	264996	104933
14324	265014	104914
14325	265031	104895
14326	265048	104876
14327	265070	104858
14328	265090	104841
14329	265108	104822
14330	265127	104804
14331	265146	104785
14332	265164	104766
14333	265181	104748
14334	265199	104729
14335	265218	104710
14336	265235	104691
14337	265253	104673
14338	265271	104654
14339	265289	104635
14340	265308	104617
14341	265325	104598
14342	265343	104579
14343	265360	104560
14344	265378	104542
14345	265400	104524
14346	265421	104507
14347	265441	104489
14348	265460	104471
14349	265477	104452
14350	265495	104433
14351	265513	104414
14352	265530	104395
14353	265550	104377
14354	265567	104358
14355	265584	104339
14356	265601	104320
14357	265619	104301
14358	265636	104282
14359	265654	104263
14360	265671	104244
14361	265689	104225
14362	265706	104207
14363	265725	104188
14364	265743	104169
14365	265761	104151
14366	265778	104132
14367	265795	104113
14368	265816	104095
14369	265836	104077
14370	265856	104059
14371	265873	104040
14372	265891	104021
14373	265909	104003
14374	265928	103984
14375	265949	103967
14376	265966	103948
14377	265984	103929
14378	266001	103910
14379	266019	103891
14380	266037	103873
14381	266054	103854
14382	266072	103835
14383	266090	103816
14384	266108	103797
14385	266126	103779
14386	266143	103760
14387	266160	103741
14388	266178	103722
14389	266195	103703
14390	266214	103685
14391	266231	103666
14392	266249	103647
14393	266267	103628
14394	266284	103609
14395	266302	103590
14396	266319	103571
14397	266337	103552
14398	266354	103534
14399	266372	103515
14400	266390	103496
14401	266408	103477
14402	266425	103458
14403	266443	103440
14404	266461	103421
14405	266478	103402
14406	266496	103383
14407	266513	103364
14408	266533	103346
14409	266555	103329
14410	266578	103312
14411	266596	103294
14412	266613	103275
14413	266630	103256
14414	266648	103237
14415	266666	103218
14416	266688	103201
14417	266707	103183
14418	266724	103164
14419	266742	103145
14420	266759	103126
14421	266776	103107
14422	266793	103088
14423	266811	103069
14424	266828	103050
14425	266848	103032
14426	266865	103013
14427	266883	102994
14428	266900	102975
14429	266919	102957
14430	266943	102940
14431	266962	102922
14432	266980	102903
14433	266997	102884
14434	267014	102865
14435	267032	102847
14436	267049	102828
14437	267071	102810
14438	267089	102792
14439	267107	102773
14440	267126	102755
14441	267144	102736
14442	267162	102717
14443	267180	102699
14444	267200	102681
14445	267219	102662
14446	267237	102644
14447	267254	102625
14448	267272	102606
14449	267289	102587
14450	267311	102570
14451	267328	102551
14452	267346	102532
14453	267364	102513
14454	267381	102494
14455	267399	102475
14456	267417	102457
14457	267436	102439
14458	267455	102420
14459	267475	102402
14460	267497	102385
14461	267519	102368
14462	267541	102351
14463	267564	102334
14464	267585	102317
14465	267609	102300
14466	267634	102284
14467	267656	102267
14468	267677	102249
14469	267701	102233
14470	267721	102215
14471	267741	102197
14472	267758	102178
14473	267776	102159
14474	267792	102140
14475	267811	102121
14476	267828	102103
14477	267849	102085
14478	267866	102066
14479	267884	102047
14480	267903	102029
14481	267920	102010
14482	267939	101992
14483	267957	101973
14484	267974	101954
14485	267992	101935
14486	268011	101917
14487	268032	101899
14488	268050	101881
14489	268068	101862
14490	268088	101844
14491	268106	101825
14492	268124	101806
14493	268142	101788
14494	268161	101770
14495	268181	101752
14496	268199	101733
14497	268219	101715
14498	268243	101698
14499	268267	101682
14500	268294	101667
14501	268320	101651
14502	268339	101633
14503	268359	101615
14504	268377	101596
14505	268398	101579
14506	268418	101561
14507	268436	101542
14508	268454	101523
14509	268472	101504
14510	268490	101486
14511	268508	101467
14512	268527	101449
14513	268545	101430
14514	268563	101412
14515	268581	101393
14516	268599	101374
14517	268618	101356
14518	268639	101338
14519	268661	101321
14520	268681	101303
14521	268701	101285
14522	268720	101267
14523	268744	101251
14524	268769	101234
14525	268790	101217
14526	268810	101199
14527	268831	101181
14528	268849	101163
14529	268867	101144
14530	268886	101126
14531	268904	101107
14532	268922	101088
14533	268941	101070
14534	268960	101052
14535	268979	101033
14536	268998	101015
14537	269017	100997
14538	269037	100979
14539	269058	100961
14540	269077	100943
14541	269096	100925
14542	269115	100906
14543	269133	100888
14544	269151	100869
14545	269172	100851
14546	269193	100834
14547	269212	100815
14548	269233	100798
14549	269255	100781
14550	269277	100763
14551	269296	100745
14552	269319	100728
14553	269339	100710
14554	269361	100693
14555	269381	100675
14556	269399	100656
14557	269419	100639
14558	269438	100620
14559	269456	100601
14560	269474	100583
14561	269493	100564
14562	269511	100546
14563	269530	100528
14564	269550	100510
14565	269569	100491
14566	269587	100472
14567	269605	100454
14568	269623	100435
14569	269641	100416
14570	269659	100398
14571	269677	100379
14572	269698	100361
14573	269716	100343
14574	269738	100325
14575	269759	100308
14576	269779	100290
14577	269797	100271
14578	269817	100254
14579	269836	100235
14580	269853	100216
14581	269874	100198
14582	269906	100185
14583	269926	100167
14584	269944	100148
14585	269963	100130
14586	269984	100113
14587	270005	100095
14588	270024	100077
14589	270042	100058
14590	270062	100040
14591	270081	100022
14592	270098	100002
14593	270116	99984
14594	270134	99965
14595	270152	99946
14596	270171	99928
14597	270189	99909
14598	270206	99890
14599	270224	99872
14600	270242	99853
14601	270260	99834
14602	270279	99816
14603	270300	99798
14604	270319	99780
14605	270337	99761
14606	270354	99742
14607	270372	99723
14608	270389	99704
14609	270407	99685
14610	270424	99667
14611	270445	99649
14612	270469	99632
14613	270491	99615
14614	270511	99597
14615	270534	99581
14616	270553	99562
14617	270574	99545
14618	270592	99526
14619	270610	99507
14620	270628	99488
14621	270646	99470
14622	270668	99452
14623	270689	99435
14624	270708	99417
14625	270727	99398
14626	270745	99379
14627	270779	99367
14628	270796	99348
14629	270815	99329
14630	270833	99311
14631	270851	99292
14632	270869	99273
14633	270886	99254
14634	270905	99236
14635	270927	99219
14636	270944	99200
14637	270961	99181
14638	270979	99162
14639	270996	99143
14640	271014	99124
14641	271032	99105
14642	271049	99086
14643	271066	99067
14644	271084	99049
14645	271102	99030
14646	271119	99011
14647	271138	98993
14648	271157	98974
14649	271179	98957
14650	271197	98938
14651	271215	98919
14652	271232	98901
14653	271251	98882
14654	271270	98864
14655	271290	98846
14656	271308	98827
14657	271328	98809
14658	271347	98791
14659	271365	98772
14660	271383	98753
14661	271401	98735
14662	271419	98716
14663	271438	98698
14664	271457	98679
14665	271475	98661
14666	271493	98642
14667	271511	98623
14668	271529	98605
14669	271546	98586
14670	271567	98568
14671	271585	98549
14672	271603	98531
14673	271623	98513
14674	271648	98496
14675	271671	98479
14676	271691	98461
14677	271710	98443
14678	271729	98425
14679	271747	98406
14680	271768	98389
14681	271786	98370
14682	271806	98352
14683	271825	98333
14684	271844	98315
14685	271863	98297
14686	271881	98278
14687	271899	98260
14688	271919	98241
14689	271938	98223
14690	271960	98206
14691	271980	98188
14692	272001	98170
14693	272022	98153
14694	272040	98134
14695	272058	98115
14696	272079	98098
14697	272099	98080
14698	272121	98063
14699	272143	98045
14700	272161	98027
14701	272179	98008
14702	272198	97989
14703	272217	97971
14704	272236	97953
14705	272256	97935
14706	272275	97917
14707	272293	97898
14708	272311	97879
14709	272329	97860
14710	272352	97844
14711	272371	97825
14712	272393	97808
14713	272413	97790
14714	272434	97772
14715	272456	97755
14716	272475	97737
14717	272497	97719
14718	272516	97701
14719	272534	97682
14720	272560	97667
14721	272581	97649
14722	272600	97631
14723	272620	97613
14724	272639	97594
14725	272661	97577
14726	272687	97561
14727	272709	97544
14728	272731	97527
14729	272753	97509
14730	272785	97496
14731	272808	97479
14732	272839	97465
14733	272860	97447
14734	272887	97431
14735	272909	97414
14736	272936	97399
14737	272966	97384
14738	272992	97368
14739	273014	97351
14740	273038	97334
14741	273064	97319
14742	273094	97304
14743	273123	97289
14744	273152	97275
14745	273184	97261
14746	273217	97248
14747	273246	97233
14748	273273	97217
14749	273295	97200
14750	273317	97183
14751	273337	97165
14752	273356	97146
14753	273377	97129
14754	273396	97111
14755	273415	97092
14756	273435	97074
14757	273453	97055
14758	273471	97037
14759	273489	97018
14760	273514	97002
14761	273534	96984
14762	273552	96965
14763	273571	96947
14764	273589	96928
14765	273606	96909
14766	273624	96890
14767	273641	96871
14768	273664	96854
14769	273681	96835
14770	273698	96816
14771	273717	96797
14772	273734	96778
14773	273752	96760
14774	273769	96741
14775	273786	96722
14776	273805	96703
14777	273824	96685
14778	273843	96666
14779	273860	96647
14780	273879	96629
14781	273897	96610
14782	273915	96592
14783	273933	96573
14784	273955	96556
14785	273974	96537
14786	273992	96518
14787	274010	96500
14788	274027	96481
14789	274045	96462
14790	274064	96444
14791	274083	96425
14792	274100	96406
14793	274117	96387
14794	274134	96368
14795	274153	96350
14796	274170	96331
14797	274190	96313
14798	274207	96294
14799	274225	96275
14800	274243	96256
14801	274261	96237
14802	274279	96219
14803	274296	96200
14804	274314	96181
14805	274332	96162
14806	274350	96143
14807	274368	96125
14808	274390	96107
14809	274413	96090
14810	274436	96073
14811	274453	96055
14812	274471	96036
14813	274490	96017
14814	274508	95999
14815	274526	95980
14816	274544	95961
14817	274562	95943
14818	274582	95924
14819	274604	95907
14820	274624	95889
14821	274641	95870
14822	274659	95851
14823	274676	95833
14824	274695	95814
14825	274712	95795
14826	274731	95776
14827	274748	95757
14828	274767	95739
14829	274785	95721
14830	274803	95702
14831	274822	95683
14832	274842	95665
14833	274861	95647
14834	274880	95629
14835	274898	95610
14836	274925	95594
14837	274943	95576
14838	274961	95557
14839	274979	95538
14840	274997	95519
14841	275014	95501
14842	275032	95482
14843	275049	95463
14844	275066	95444
14845	275084	95425
14846	275105	95407
14847	275126	95390
14848	275145	95371
14849	275166	95353
14850	275185	95335
14851	275207	95318
14852	275227	95300
14853	275246	95282
14854	275264	95263
14855	275282	95244
14856	275300	95225
14857	275318	95206
14858	275335	95188
14859	275353	95169
14860	275372	95150
14861	275389	95131
14862	275412	95114
14863	275431	95096
14864	275449	95077
14865	275468	95059
14866	275486	95040
14867	275503	95021
14868	275520	95002
14869	275538	94983
14870	275556	94965
14871	275574	94946
14872	275592	94927
14873	275608	94908
14874	275626	94889
14875	275647	94872
14876	275669	94854
14877	275687	94836
14878	275706	94817
14879	275728	94800
14880	275747	94781
14881	275764	94762
14882	275783	94744
14883	275806	94727
14884	275826	94709
14885	275845	94691
14886	275865	94672
14887	275886	94655
14888	275904	94636
14889	275921	94617
14890	275939	94598
14891	275956	94579
14892	275976	94561
14893	275998	94544
14894	276017	94525
14895	276034	94507
14896	276052	94488
14897	276070	94469
14898	276087	94450
14899	276105	94431
14900	276123	94413
14901	276141	94394
14902	276159	94375
14903	276175	94356
14904	276193	94337
14905	276210	94318
14906	276228	94299
14907	276245	94280
14908	276262	94261
14909	276280	94243
14910	276298	94224
14911	276316	94205
14912	276338	94188
14913	276356	94169
14914	276374	94150
14915	276392	94131
14916	276410	94113
14917	276427	94094
14918	276446	94075
14919	276463	94056
14920	276482	94038
14921	276500	94019
14922	276521	94002
14923	276538	93983
14924	276555	93964
14925	276574	93945
14926	276596	93928
14927	276615	93910
14928	276633	93891
14929	276652	93872
14930	276670	93854
14931	276688	93835
14932	276706	93816
14933	276723	93797
14934	276741	93779
14935	276760	93760
14936	276778	93741
14937	276796	93723
14938	276814	93704
14939	276832	93685
14940	276850	93667
14941	276868	93648
14942	276889	93630
14943	276907	93612
14944	276926	93593
14945	276944	93574
14946	276963	93556
14947	276982	93538
14948	277001	93519
14949	277019	93501
14950	277038	93482
14951	277058	93464
14952	277076	93445
14953	277093	93426
14954	277112	93408
14955	277130	93389
14956	277149	93371
14957	277167	93352
14958	277185	93334
14959	277204	93315
14960	277221	93296
14961	277239	93277
14962	277256	93258
14963	277274	93240
14964	277292	93221
14965	277310	93202
14966	277330	93184
14967	277348	93165
14968	277366	93147
14969	277383	93128
14970	277401	93109
14971	277420	93091
14972	277438	93072
14973	277455	93053
14974	277478	93036
14975	277497	93018
14976	277515	92999
14977	277533	92980
14978	277551	92961
14979	277570	92943
14980	277587	92924
14981	277605	92905
14982	277623	92887
14983	277644	92869
14984	277663	92850
14985	277682	92832
14986	277700	92813
14987	277719	92795
14988	277739	92777
14989	277758	92759
14990	277777	92740
14991	277796	92722
14992	277813	92703
14993	277831	92684
14994	277849	92665
14995	277868	92647
14996	277886	92628
14997	277904	92610
14998	277921	92591
14999	277940	92572
15000	277960	92554
15001	277978	92535
15002	277996	92517
15003	278020	92500
15004	278039	92482
15005	278058	92463
15006	278076	92445
15007	278093	92426
15008	278112	92407
15009	278128	92388
15010	278147	92369
15011	278165	92351
15012	278183	92332
15013	278201	92313
15014	278220	92295
15015	278239	92277
15016	278257	92258
15017	278277	92240
15018	278294	92221
15019	278312	92202
15020	278330	92184
15021	278348	92165
15022	278365	92146
15023	278383	92127
15024	278401	92108
15025	278419	92090
15026	278439	92071
15027	278461	92054
15028	278482	92037
15029	278503	92019
15030	278522	92000
15031	278541	91982
15032	278559	91963
15033	278576	91944
15034	278599	91927
15035	278619	91909
15036	278637	91891
15037	278656	91872
15038	278674	91853
15039	278692	91835
15040	278712	91816
15041	278730	91798
15042	278749	91779
15043	278766	91761
15044	278784	91742
15045	278803	91723
15046	278823	91705
15047	278842	91687
15048	278861	91669
15049	278881	91650
15050	278899	91632
15051	278917	91613
15052	278935	91594
15053	278952	91575
15054	278971	91557
15055	278989	91538
15056	279007	91519
15057	279027	91502
15058	279049	91484
15059	279071	91467
15060	279089	91448
15061	279107	91429
15062	279127	91411
15063	279147	91393
15064	279165	91375
15065	279185	91357
15066	279203	91338
15067	279222	91319
15068	279240	91301
15069	279257	91282
15070	279275	91263
15071	279292	91244
15072	279311	91225
15073	279329	91207
15074	279348	91189
15075	279367	91170
15076	279385	91151
15077	279404	91133
15078	279422	91114
15079	279440	91096
15080	279459	91077
15081	279477	91059
15082	279497	91040
15083	279514	91022
15084	279532	91003
15085	279552	90985
15086	279572	90967
15087	279591	90948
15088	279609	90930
15089	279626	90911
15090	279649	90893
15091	279667	90875
15092	279684	90856
15093	279703	90837
15094	279723	90819
15095	279742	90801
15096	279760	90782
15097	279777	90763
15098	279795	90745
15099	279817	90727
15100	279837	90709
15101	279855	90690
15102	279874	90672
15103	279897	90655
15104	279916	90637
15105	279937	90619
15106	279956	90600
15107	279974	90582
15108	279993	90563
15109	280011	90545
15110	280029	90526
15111	280046	90507
15112	280064	90488
15113	280083	90470
15114	280100	90451
15115	280118	90432
15116	280136	90413
15117	280154	90395
15118	280173	90376
15119	280190	90357
15120	280208	90338
15121	280225	90320
15122	280244	90301
15123	280266	90284
15124	280282	90264
15125	280300	90246
15126	280318	90227
15127	280336	90208
15128	280354	90190
15129	280372	90171
15130	280389	90152
15131	280406	90133
15132	280425	90114
15133	280442	90096
15134	280462	90077
15135	280481	90059
15136	280499	90040
15137	280517	90021
15138	280534	90003
15139	280552	89984
15140	280570	89965
15141	280588	89946
15142	280605	89927
15143	280623	89909
15144	280640	89890
15145	280657	89871
15146	280675	89852
15147	280695	89834
15148	280713	89815
15149	280732	89797
15150	280751	89778
15151	280769	89760
15152	280786	89741
15153	280807	89723
15154	280824	89704
15155	280842	89685
15156	280860	89667
15157	280879	89648
15158	280900	89630
15159	280918	89612
15160	280936	89593
15161	280953	89574
15162	280972	89556
15163	280995	89539
15164	281013	89520
15165	281035	89502
15166	281058	89485
15167	281076	89467
15168	281095	89448
15169	281117	89431
15170	281136	89412
15171	281153	89394
15172	281171	89375
15173	281189	89356
15174	281207	89337
15175	281229	89320
15176	281249	89302
15177	281268	89283
15178	281287	89265
15179	281305	89246
15180	281323	89228
15181	281341	89209
15182	281359	89190
15183	281377	89172
15184	281396	89153
15185	281414	89134
15186	281432	89116
15187	281451	89098
15188	281469	89079
15189	281487	89060
15190	281504	89041
15191	281527	89024
15192	281547	89006
15193	281565	88987
15194	281583	88968
15195	281601	88950
15196	281622	88932
15197	281642	88914
15198	281662	88896
15199	281681	88877
15200	281700	88859
15201	281718	88840
15202	281737	88822
15203	281755	88803
15204	281773	88784
15205	281793	88767
15206	281810	88748
15207	281828	88729
15208	281846	88710
15209	281864	88691
15210	281886	88674
15211	281907	88656
15212	281925	88637
15213	281945	88619
15214	281964	88601
15215	281983	88583
15216	282001	88564
15217	282018	88545
15218	282041	88528
15219	282061	88510
15220	282080	88491
15221	282102	88474
15222	282119	88455
15223	282137	88436
15224	282156	88418
15225	282174	88399
15226	282194	88381
15227	282211	88362
15228	282229	88343
15229	282248	88325
15230	282269	88307
15231	282287	88289
15232	282306	88270
15233	282324	88251
15234	282343	88233
15235	282360	88214
15236	282380	88196
15237	282398	88177
15238	282416	88159
15239	282434	88140
15240	282451	88121
15241	282468	88102
15242	282487	88083
15243	282505	88065
15244	282526	88047
15245	282545	88028
15246	282562	88010
15247	282580	87991
15248	282598	87972
15249	282615	87953
15250	282633	87934
15251	282650	87916
15252	282668	87897
15253	282685	87878
15254	282703	87859
15255	282721	87840
15256	282739	87822
15257	282757	87803
15258	282775	87784
15259	282793	87766
15260	282814	87748
15261	282834	87730
15262	282856	87712
15263	282875	87694
15264	282895	87676
15265	282914	87657
15266	282931	87639
15267	282949	87620
15268	282968	87601
15269	282987	87583
15270	283004	87564
15271	283022	87545
15272	283040	87527
15273	283058	87508
15274	283075	87489
15275	283093	87470
15276	283111	87451
15277	283130	87433
15278	283147	87414
15279	283165	87395
15280	283184	87377
15281	283203	87359
15282	283225	87341
15283	283244	87323
15284	283264	87305
15285	283284	87286
15286	283301	87268
15287	283319	87249
15288	283336	87230
15289	283354	87211
15290	283371	87192
15291	283390	87174
15292	283409	87155
15293	283428	87137
15294	283446	87118
15295	283467	87101
15296	283488	87083
15297	283508	87065
15298	283524	87045
15299	283541	87026
15300	283559	87008
15301	283576	86989
15302	283593	86970
15303	283611	86951
15304	283629	86932
15305	283651	86915
15306	283671	86897
15307	283689	86878
15308	283707	86859
15309	283723	86840
15310	283741	86821
15311	283759	86803
15312	283776	86784
15313	283794	86765
15314	283812	86746
15315	283830	86728
15316	283848	86709
15317	283866	86690
15318	283883	86671
15319	283902	86653
15320	283922	86635
15321	283940	86616
15322	283958	86597
15323	283976	86579
15324	283994	86560
15325	284012	86541
15326	284030	86522
15327	284048	86504
15328	284066	86485
15329	284085	86467
15330	284104	86448
15331	284122	86430
15332	284141	86411
15333	284160	86393
15334	284178	86374
15335	284197	86356
15336	284217	86338
15337	284237	86319
15338	284255	86301
15339	284273	86282
15340	284291	86263
15341	284309	86245
15342	284327	86226
15343	284345	86207
15344	284364	86189
15345	284383	86171
15346	284401	86152
15347	284419	86133
15348	284437	86115
15349	284455	86096
15350	284474	86078
15351	284492	86059
15352	284512	86041
15353	284531	86022
15354	284550	86004
15355	284569	85986
15356	284588	85967
15357	284606	85949
15358	284628	85931
15359	284646	85912
15360	284666	85894
15361	284689	85877
15362	284708	85859
15363	284728	85840
15364	284754	85824
15365	284780	85808
15366	284802	85791
15367	284821	85772
15368	284840	85754
15369	284861	85736
15370	284881	85718
15371	284903	85700
15372	284922	85682
15373	284943	85664
15374	284965	85647
15375	284989	85630
15376	285012	85613
15377	285032	85594
15378	285049	85576
15379	285067	85557
15380	285085	85538
15381	285104	85520
15382	285122	85501
15383	285141	85483
15384	285159	85464
15385	285177	85445
15386	285200	85428
15387	285217	85409
15388	285235	85390
15389	285257	85373
15390	285275	85354
15391	285294	85336
15392	285314	85318
15393	285334	85299
15394	285351	85281
15395	285370	85262
15396	285390	85244
15397	285408	85225
15398	285425	85206
15399	285442	85187
15400	285459	85168
15401	285478	85150
15402	285496	85131
15403	285515	85113
15404	285532	85094
15405	285552	85076
15406	285572	85058
15407	285593	85040
15408	285611	85021
15409	285629	85003
15410	285647	84984
15411	285667	84966
15412	285685	84947
15413	285703	84928
15414	285721	84910
15415	285739	84891
15416	285760	84873
15417	285781	84855
15418	285800	84837
15419	285819	84818
15420	285836	84800
15421	285858	84782
15422	285879	84764
15423	285899	84746
15424	285916	84727
15425	285934	84708
15426	285956	84691
15427	285976	84673
15428	285997	84655
15429	286016	84637
15430	286034	84618
15431	286052	84599
15432	286072	84581
15433	286095	84564
15434	286114	84546
15435	286135	84528
15436	286155	84510
15437	286173	84491
15438	286191	84472
15439	286213	84455
15440	286231	84436
15441	286249	84417
15442	286267	84399
15443	286300	84385
15444	286319	84366
15445	286338	84348
15446	286356	84329
15447	286377	84311
15448	286398	84293
15449	286416	84275
15450	286436	84256
15451	286454	84238
15452	286471	84219
15453	286491	84201
15454	286509	84182
15455	286527	84163
15456	286545	84145
15457	286564	84126
15458	286583	84108
15459	286601	84089
15460	286619	84070
15461	286638	84052
15462	286655	84033
15463	286675	84015
15464	286699	83998
15465	286717	83979
15466	286734	83960
15467	286752	83942
15468	286770	83923
15469	286790	83905
15470	286812	83887
15471	286832	83869
15472	286850	83850
15473	286867	83831
15474	286885	83813
15475	286904	83794
15476	286922	83776
15477	286939	83757
15478	286958	83738
15479	286976	83720
15480	286999	83702
15481	287020	83684
15482	287039	83666
15483	287058	83648
15484	287076	83629
15485	287093	83610
15486	287112	83591
15487	287128	83572
15488	287146	83554
15489	287164	83535
15490	287182	83516
15491	287199	83497
15492	287217	83479
15493	287236	83460
15494	287254	83441
15495	287272	83423
15496	287289	83404
15497	287306	83385
15498	287323	83366
15499	287341	83347
15500	287359	83328
15501	287377	83310
15502	287395	83291
15503	287414	83273
15504	287434	83254
15505	287454	83236
15506	287473	83218
15507	287493	83200
15508	287526	83185
15509	287546	83167
15510	287565	83149
15511	287582	83130
15512	287601	83111
15513	287620	83093
15514	287638	83074
15515	287656	83056
15516	287673	83037
15517	287692	83018
15518	287710	83000
15519	287731	82982
15520	287750	82963
15521	287769	82945
15522	287789	82927
15523	287812	82910
15524	287836	82893
15525	287857	82875
15526	287883	82858
15527	287904	82841
15528	287924	82822
15529	287944	82804
15530	287963	82786
15531	287981	82767
15532	287999	82749
15533	288018	82730
15534	288037	82712
15535	288059	82694
15536	288079	82676
15537	288099	82658
15538	288117	82639
15539	288137	82621
15540	288159	82604
15541	288176	82585
15542	288194	82566
15543	288213	82547
15544	288230	82529
15545	288249	82510
15546	288266	82491
15547	288284	82472
15548	288302	82454
15549	288319	82435
15550	288337	82416
15551	288354	82397
15552	288372	82378
15553	288389	82359
15554	288408	82341
15555	288425	82322
15556	288444	82304
15557	288462	82285
15558	288482	82267
15559	288500	82248
15560	288519	82230
15561	288536	82211
15562	288554	82192
15563	288572	82173
15564	288590	82155
15565	288610	82136
15566	288628	82118
15567	288651	82101
15568	288674	82083
15569	288692	82065
15570	288710	82046
15571	288727	82027
15572	288746	82008
15573	288764	81990
15574	288782	81971
15575	288801	81953
15576	288818	81934
15577	288836	81915
15578	288854	81896
15579	288872	81878
15580	288890	81859
15581	288911	81841
15582	288929	81822
15583	288947	81804
15584	288965	81785
15585	288983	81766
15586	289000	81747
15587	289021	81730
15588	289040	81711
15589	289058	81692
15590	289076	81674
15591	289094	81655
15592	289112	81636
15593	289131	81618
15594	289147	81599
15595	289166	81580
15596	289186	81562
15597	289204	81543
15598	289223	81525
15599	289245	81507
15600	289264	81489
15601	289282	81470
15602	289300	81452
15603	289318	81433
15604	289340	81415
15605	289358	81397
15606	289374	81377
15607	289392	81359
15608	289410	81340
15609	289427	81321
15610	289457	81306
15611	289476	81287
15612	289497	81269
15613	289515	81251
15614	289532	81232
15615	289551	81213
15616	289569	81195
15617	289586	81176
15618	289604	81157
15619	289621	81138
15620	289640	81120
15621	289658	81101
15622	289675	81082
15623	289694	81063
15624	289717	81046
15625	289737	81028
15626	289755	81009
15627	289776	80992
15628	289795	80973
15629	289812	80954
15630	289831	80936
15631	289849	80917
15632	289867	80898
15633	289885	80880
15634	289904	80861
15635	289921	80842
15636	289939	80824
15637	289957	80805
15638	289975	80786
15639	289993	80767
15640	290011	80749
15641	290028	80730
15642	290049	80712
15643	290068	80694
15644	290085	80675
15645	290104	80656
15646	290123	80638
15647	290141	80619
15648	290159	80600
15649	290176	80582
15650	290195	80563
15651	290213	80544
15652	290231	80526
15653	290263	80511
15654	290283	80493
15655	290300	80474
15656	290318	80455
15657	290336	80436
15658	290355	80418
15659	290372	80399
15660	290392	80381
15661	290409	80362
15662	290427	80343
15663	290445	80324
15664	290462	80306
15665	290481	80287
15666	290500	80269
15667	290517	80250
15668	290535	80231
15669	290552	80212
15670	290570	80193
15671	290588	80175
15672	290606	80156
15673	290624	80137
15674	290641	80118
15675	290659	80100
15676	290678	80081
15677	290701	80064
15678	290718	80045
15679	290736	80026
15680	290754	80008
15681	290772	79989
15682	290789	79970
15683	290810	79952
15684	290837	79936
15685	290854	79917
15686	290872	79898
15687	290890	79879
15688	290909	79861
15689	290927	79842
15690	290946	79824
15691	290963	79805
15692	290980	79786
15693	290997	79767
15694	291016	79749
15695	291034	79730
15696	291052	79711
15697	291070	79692
15698	291087	79674
15699	291105	79655
15700	291123	79636
15701	291142	79618
15702	291159	79599
15703	291180	79581
15704	291201	79563
15705	291219	79544
15706	291236	79525
15707	291253	79507
15708	291271	79488
15709	291289	79469
15710	291311	79452
15711	291333	79434
15712	291353	79416
15713	291370	79397
15714	291388	79378
15715	291411	79361
15716	291432	79343
15717	291449	79324
15718	291466	79305
15719	291484	79286
15720	291503	79268
15721	291521	79249
15722	291543	79232
15723	291561	79213
15724	291582	79195
15725	291603	79177
15726	291620	79158
15727	291639	79140
15728	291657	79121
15729	291674	79102
15730	291692	79083
15731	291713	79066
15732	291731	79047
15733	291749	79028
15734	291767	79009
15735	291784	78991
15736	291802	78972
15737	291820	78953
15738	291837	78934
15739	291855	78915
15740	291873	78897
15741	291890	78878
15742	291909	78859
15743	291928	78841
15744	291946	78822
15745	291965	78804
15746	291982	78785
15747	292000	78766
15748	292018	78747
15749	292035	78729
15750	292054	78710
15751	292072	78692
15752	292089	78673
15753	292108	78654
15754	292127	78636
15755	292145	78617
15756	292163	78598
15757	292182	78580
15758	292200	78561
15759	292217	78542
15760	292236	78524
15761	292253	78505
15762	292271	78486
15763	292289	78467
15764	292307	78449
15765	292328	78431
15766	292346	78412
15767	292363	78393
15768	292382	78375
15769	292400	78356
15770	292419	78338
15771	292436	78319
15772	292454	78300
15773	292474	78282
15774	292495	78264
15775	292514	78246
15776	292533	78227
15777	292556	78210
15778	292574	78191
15779	292592	78173
15780	292610	78154
15781	292628	78135
15782	292645	78116
15783	292663	78097
15784	292680	78079
15785	292701	78061
15786	292720	78042
15787	292740	78024
15788	292762	78006
15789	292780	77988
15790	292797	77969
15791	292815	77950
15792	292832	77931
15793	292852	77913
15794	292873	77895
15795	292893	77877
15796	292912	77859
15797	292929	77840
15798	292948	77821
15799	292966	77802
15800	292983	77784
15801	293001	77765
15802	293020	77746
15803	293038	77728
15804	293058	77710
15805	293076	77691
15806	293094	77672
15807	293111	77653
15808	293129	77635
15809	293147	77616
15810	293165	77597
15811	293184	77579
15812	293202	77560
15813	293219	77541
15814	293237	77522
15815	293254	77504
15816	293271	77485
15817	293291	77466
15818	293309	77448
15819	293328	77429
15820	293350	77412
15821	293369	77393
15822	293386	77374
15823	293404	77356
15824	293421	77337
15825	293441	77319
15826	293463	77301
15827	293481	77282
15828	293502	77264
15829	293519	77245
15830	293538	77227
15831	293555	77208
15832	293575	77190
15833	293594	77171
15834	293611	77153
15835	293630	77134
15836	293647	77115
15837	293665	77096
15838	293683	77078
15839	293700	77059
15840	293719	77040
15841	293736	77021
15842	293754	77003
15843	293771	76984
15844	293790	76966
15845	293808	76947
15846	293826	76928
15847	293844	76909
15848	293861	76890
15849	293881	76872
15850	293904	76855
15851	293924	76837
15852	293942	76818
15853	293961	76800
15854	293978	76781
15855	293999	76763
15856	294020	76745
15857	294039	76726
15858	294057	76708
15859	294076	76689
15860	294093	76670
15861	294111	76652
15862	294131	76634
15863	294150	76615
15864	294169	76597
15865	294188	76578
15866	294207	76560
15867	294227	76542
15868	294248	76524
15869	294269	76506
15870	294289	76488
15871	294309	76470
15872	294329	76451
15873	294348	76433
15874	294367	76414
15875	294387	76396
15876	294405	76378
15877	294424	76359
15878	294442	76340
15879	294462	76322
15880	294481	76304
15881	294500	76286
15882	294518	76267
15883	294536	76248
15884	294553	76229
15885	294573	76211
15886	294592	76193
15887	294611	76174
15888	294630	76156
15889	294648	76137
15890	294666	76118
15891	294684	76100
15892	294703	76081
15893	294720	76062
15894	294738	76044
15895	294755	76025
15896	294773	76006
15897	294791	75987
15898	294810	75969
15899	294827	75950
15900	294846	75932
15901	294864	75913
15902	294884	75895
15903	294901	75876
15904	294919	75857
15905	294938	75839
15906	294958	75820
15907	294979	75803
15908	294999	75784
15909	295016	75766
15910	295036	75747
15911	295058	75730
15912	295076	75711
15913	295095	75693
15914	295113	75674
15915	295132	75655
15916	295150	75637
15917	295166	75618
15918	295185	75599
15919	295203	75580
15920	295221	75562
15921	295239	75543
15922	295257	75524
15923	295275	75506
15924	295293	75487
15925	295315	75469
15926	295338	75452
15927	295360	75434
15928	295390	75419
15929	295413	75401
15930	295435	75384
15931	295455	75365
15932	295472	75347
15933	295490	75328
15934	295510	75310
15935	295529	75291
15936	295547	75273
15937	295568	75255
15938	295586	75236
15939	295604	75217
15940	295622	75199
15941	295640	75180
15942	295657	75161
15943	295677	75143
15944	295694	75124
15945	295712	75105
15946	295729	75086
15947	295747	75068
15948	295765	75049
15949	295783	75030
15950	295801	75012
15951	295819	74993
15952	295836	74974
15953	295854	74955
15954	295873	74937
15955	295891	74918
15956	295909	74900
15957	295927	74881
15958	295945	74862
15959	295963	74843
15960	295981	74825
15961	296000	74806
15962	296018	74788
15963	296036	74769
15964	296053	74750
15965	296071	74731
15966	296088	74712
15967	296106	74694
15968	296124	74675
15969	296142	74656
15970	296164	74639
15971	296183	74620
15972	296200	74601
15973	296217	74582
15974	296235	74564
15975	296253	74545
15976	296271	74526
15977	296289	74508
15978	296306	74489
15979	296324	74470
15980	296343	74451
15981	296361	74433
15982	296379	74414
15983	296396	74395
15984	296414	74377
15985	296431	74358
15986	296448	74339
15987	296466	74320
15988	296484	74301
15989	296501	74282
15990	296524	74265
15991	296544	74247
15992	296562	74228
15993	296583	74210
15994	296601	74192
15995	296618	74173
15996	296635	74154
15997	296653	74135
15998	296671	74116
15999	296689	74098
16000	296707	74079
16001	296726	74061
16002	296744	74042
16003	296765	74024
16004	296784	74005
16005	296802	73987
16006	296820	73968
16007	296836	73949
16008	296855	73931
16009	296874	73912
16010	296892	73893
16011	296908	73874
16012	296934	73858
16013	296953	73839
16014	296970	73820
16015	296989	73802
16016	297008	73783
16017	297030	73766
16018	297048	73747
16019	297066	73728
16020	297086	73710
16021	297105	73692
16022	297124	73673
16023	297143	73655
16024	297160	73636
16025	297180	73618
16026	297198	73599
16027	297216	73580
16028	297233	73561
16029	297251	73543
16030	297268	73524
16031	297285	73505
16032	297303	73486
16033	297320	73467
16034	297339	73449
16035	297357	73430
16036	297375	73412
16037	297393	73393
16038	297410	73374
16039	297428	73355
16040	297446	73337
16041	297464	73318
16042	297482	73299
16043	297499	73280
16044	297516	73261
16045	297534	73243
16046	297552	73224
16047	297570	73205
16048	297587	73187
16049	297606	73168
16050	297624	73149
16051	297642	73131
16052	297660	73112
16053	297678	73093
16054	297695	73075
16055	297714	73056
16056	297734	73038
16057	297751	73019
16058	297769	73000
16059	297787	72981
16060	297805	72963
16061	297823	72944
16062	297840	72925
16063	297858	72907
16064	297876	72888
16065	297893	72869
16066	297911	72850
16067	297929	72832
16068	297949	72814
16069	297967	72795
16070	297985	72776
16071	298004	72758
16072	298026	72740
16073	298045	72721
16074	298063	72703
16075	298081	72684
16076	298098	72665
16077	298116	72647
16078	298135	72628
16079	298154	72610
16080	298173	72591
16081	298190	72573
16082	298210	72554
16083	298232	72537
16084	298250	72518
16085	298268	72499
16086	298290	72482
16087	298308	72463
16088	298327	72444
16089	298345	72426
16090	298362	72407
16091	298380	72388
16092	298398	72369
16093	298416	72351
16094	298433	72332
16095	298453	72314
16096	298472	72295
16097	298492	72277
16098	298513	72259
16099	298531	72241
16100	298550	72222
16101	298568	72203
16102	298585	72184
16103	298604	72166
16104	298622	72147
16105	298641	72129
16106	298659	72110
16107	298677	72091
16108	298695	72073
16109	298713	72054
16110	298731	72036
16111	298749	72017
16112	298768	71998
16113	298786	71980
16114	298805	71961
16115	298827	71944
16116	298845	71925
16117	298876	71909
16118	298893	71891
16119	298913	71872
16120	298935	71854
16121	298954	71836
16122	298974	71818
16123	298994	71800
16124	299021	71783
16125	299043	71765
16126	299060	71746
16127	299077	71728
16128	299095	71709
16129	299114	71691
16130	299133	71672
16131	299150	71653
16132	299169	71635
16133	299186	71616
16134	299205	71598
16135	299224	71579
16136	299242	71560
16137	299260	71542
16138	299278	71523
16139	299303	71506
16140	299323	71488
16141	299343	71469
16142	299360	71451
16143	299378	71432
16144	299397	71414
16145	299418	71395
16146	299438	71377
16147	299457	71359
16148	299478	71341
16149	299500	71323
16150	299520	71305
16151	299539	71287
16152	299558	71268
16153	299576	71250
16154	299596	71231
16155	299616	71213
16156	299634	71194
16157	299653	71176
16158	299671	71157
16159	299689	71139
16160	299707	71120
16161	299726	71102
16162	299745	71083
16163	299763	71064
16164	299783	71046
16165	299803	71028
16166	299821	71009
16167	299839	70991
16168	299858	70972
16169	299876	70954
16170	299894	70935
16171	299912	70916
16172	299935	70899
16173	299957	70881
16174	299976	70863
16175	299994	70844
16176	300011	70825
16177	300029	70806
16178	300047	70788
16179	300065	70769
16180	300084	70750
16181	300102	70732
16182	300123	70714
16183	300142	70695
16184	300159	70677
16185	300177	70658
16186	300196	70640
16187	300214	70621
16188	300233	70602
16189	300251	70584
16190	300267	70565
16191	300285	70546
16192	300303	70527
16193	300321	70508
16194	300339	70490
16195	300359	70471
16196	300376	70453
16197	300397	70435
16198	300416	70416
16199	300435	70398
16200	300453	70379
16201	300471	70360
16202	300488	70342
16203	300506	70323
16204	300524	70304
16205	300542	70285
16206	300559	70267
16207	300577	70248
16208	300595	70229
16209	300617	70212
16210	300637	70193
16211	300655	70175
16212	300672	70156
16213	300689	70137
16214	300708	70118
16215	300728	70100
16216	300746	70082
16217	300764	70063
16218	300783	70044
16219	300801	70026
16220	300819	70007
16221	300837	69988
16222	300865	69972
16223	300882	69953
16224	300900	69935
16225	300917	69916
16226	300936	69897
16227	300954	69878
16228	300972	69860
16229	300990	69841
16230	301007	69822
16231	301025	69804
16232	301046	69786
16233	301065	69767
16234	301087	69749
16235	301108	69731
16236	301127	69713
16237	301148	69695
16238	301170	69677
16239	301187	69658
16240	301205	69640
16241	301223	69621
16242	301240	69602
16243	301258	69583
16244	301276	69565
16245	301295	69546
16246	301314	69528
16247	301332	69509
16248	301350	69491
16249	301371	69472
16250	301392	69455
16251	301410	69436
16252	301427	69417
16253	301444	69398
16254	301463	69380
16255	301481	69361
16256	301498	69342
16257	301516	69323
16258	301534	69305
16259	301552	69286
16260	301569	69267
16261	301587	69249
16262	301605	69230
16263	301624	69211
16264	301642	69193
16265	301661	69174
16266	301679	69156
16267	301696	69137
16268	301714	69118
16269	301731	69099
16270	301749	69080
16271	301767	69062
16272	301785	69043
16273	301803	69024
16274	301821	69006
16275	301839	68987
16276	301857	68968
16277	301874	68950
16278	301893	68931
16279	301911	68912
16280	301929	68894
16281	301947	68875
16282	301965	68856
16283	301982	68838
16284	302000	68819
16285	302018	68800
16286	302036	68781
16287	302053	68763
16288	302072	68744
16289	302090	68726
16290	302110	68707
16291	302131	68689
16292	302148	68671
16293	302166	68652
16294	302185	68633
16295	302211	68616
16296	302229	68598
16297	302249	68580
16298	302268	68561
16299	302286	68542
16300	302305	68524
16301	302324	68506
16302	302343	68487
16303	302362	68469
16304	302380	68450
16305	302399	68432
16306	302416	68413
16307	302438	68395
16308	302459	68377
16309	302477	68358
16310	302496	68340
16311	302513	68321
16312	302535	68303
16313	302554	68285
16314	302572	68266
16315	302593	68248
16316	302609	68229
16317	302627	68210
16318	302645	68192
16319	302663	68173
16320	302682	68154
16321	302699	68136
16322	302717	68117
16323	302734	68098
16324	302753	68080
16325	302771	68061
16326	302789	68042
16327	302806	68023
16328	302824	68005
16329	302841	67986
16330	302859	67967
16331	302877	67948
16332	302897	67930
16333	302916	67912
16334	302935	67893
16335	302953	67875
16336	302971	67856
16337	302989	67837
16338	303011	67820
16339	303028	67801
16340	303046	67782
16341	303064	67763
16342	303083	67745
16343	303100	67726
16344	303119	67708
16345	303137	67689
16346	303158	67671
16347	303179	67653
16348	303197	67634
16349	303217	67616
16350	303239	67598
16351	303258	67580
16352	303276	67561
16353	303297	67543
16354	303318	67525
16355	303336	67507
16356	303353	67488
16357	303371	67469
16358	303389	67450
16359	303406	67431
16360	303423	67413
16361	303441	67394
16362	303458	67375
16363	303476	67356
16364	303496	67338
16365	303514	67319
16366	303532	67301
16367	303552	67283
16368	303571	67264
16369	303594	67247
16370	303612	67228
16371	303631	67209
16372	303648	67190
16373	303666	67172
16374	303686	67154
16375	303708	67136
16376	303728	67118
16377	303746	67099
16378	303763	67080
16379	303783	67062
16380	303804	67044
16381	303822	67025
16382	303844	67007
16383	303865	66989
16384	303905	66976
16385	303925	66957
16386	303943	66939
16387	303961	66920
16388	303979	66901
16389	303997	66883
16390	304016	66864
16391	304033	66845
16392	304051	66827
16393	304069	66808
16394	304087	66789
16395	304105	66771
16396	304122	66752
16397	304140	66733
16398	304159	66715
16399	304179	66696
16400	304198	66678
16401	304215	66659
16402	304234	66641
16403	304258	66623
16404	304278	66605
16405	304296	66586
16406	304313	66567
16407	304332	66549
16408	304351	66531
16409	304368	66512
16410	304386	66493
16411	304405	66475
16412	304423	66456
16413	304441	66437
16414	304457	66418
16415	304476	66400
16416	304493	66381
16417	304511	66362
16418	304529	66343
16419	304548	66325
16420	304566	66306
16421	304584	66288
16422	304601	66269
16423	304619	66250
16424	304637	66231
16425	304655	66213
16426	304676	66195
16427	304697	66177
16428	304716	66158
16429	304733	66140
16430	304751	66121
16431	304769	66102
16432	304792	66085
16433	304812	66066
16434	304830	66048
16435	304847	66029
16436	304865	66010
16437	304900	65995
16438	304919	65977
16439	304937	65958
16440	304957	65940
16441	304975	65921
16442	304993	65902
16443	305011	65884
16444	305028	65865
16445	305046	65846
16446	305065	65828
16447	305083	65809
16448	305101	65790
16449	305119	65772
16450	305137	65753
16451	305157	65735
16452	305177	65717
16453	305196	65698
16454	305213	65679
16455	305231	65661
16456	305249	65642
16457	305267	65623
16458	305285	65605
16459	305303	65586
16460	305323	65568
16461	305342	65549
16462	305359	65530
16463	305379	65512
16464	305399	65494
16465	305417	65475
16466	305435	65457
16467	305454	65438
16468	305474	65420
16469	305491	65401
16470	305512	65383
16471	305530	65364
16472	305548	65346
16473	305568	65327
16474	305586	65309
16475	305604	65290
16476	305622	65272
16477	305640	65253
16478	305658	65234
16479	305675	65215
16480	305693	65197
16481	305711	65178
16482	305729	65159
16483	305746	65140
16484	305764	65122
16485	305782	65103
16486	305801	65085
16487	305820	65066
16488	305837	65047
16489	305856	65029
16490	305874	65010
16491	305893	64992
16492	305912	64973
16493	305930	64955
16494	305950	64936
16495	305969	64918
16496	305987	64899
16497	306004	64880
16498	306025	64862
16499	306043	64844
16500	306061	64825
16501	306079	64806
16502	306097	64788
16503	306116	64769
16504	306135	64751
16505	306152	64732
16506	306174	64714
16507	306192	64695
16508	306210	64677
16509	306228	64658
16510	306246	64639
16511	306265	64621
16512	306282	64602
16513	306300	64583
16514	306318	64565
16515	306336	64546
16516	306354	64527
16517	306372	64509
16518	306390	64490
16519	306408	64471
16520	306427	64453
16521	306444	64434
16522	306463	64416
16523	306480	64397
16524	306498	64378
16525	306516	64359
16526	306533	64341
16527	306551	64322
16528	306569	64303
16529	306587	64285
16530	306604	64266
16531	306621	64247
16532	306639	64228
16533	306657	64209
16534	306675	64191
16535	306693	64172
16536	306712	64154
16537	306729	64135
16538	306754	64118
16539	306779	64101
16540	306799	64082
16541	306819	64064
16542	306836	64045
16543	306854	64026
16544	306873	64008
16545	306893	63990
16546	306911	63971
16547	306929	63952
16548	306950	63934
16549	306967	63916
16550	306987	63897
16551	307005	63879
16552	307021	63860
16553	307039	63841
16554	307057	63822
16555	307075	63804
16556	307093	63785
16557	307111	63766
16558	307129	63748
16559	307147	63729
16560	307166	63710
16561	307184	63692
16562	307202	63673
16563	307220	63654
16564	307239	63636
16565	307256	63617
16566	307273	63598
16567	307290	63579
16568	307309	63561
16569	307326	63542
16570	307345	63524
16571	307362	63505
16572	307380	63486
16573	307397	63467
16574	307414	63448
16575	307432	63430
16576	307450	63411
16577	307468	63392
16578	307486	63374
16579	307504	63355
16580	307521	63336
16581	307538	63317
16582	307555	63298
16583	307573	63280
16584	307591	63261
16585	307609	63242
16586	307626	63224
16587	307646	63205
16588	307663	63186
16589	307680	63168
16590	307698	63149
16591	307716	63130
16592	307734	63112
16593	307751	63093
16594	307771	63075
16595	307789	63056
16596	307807	63037
16597	307825	63019
16598	307843	63000
16599	307861	62981
16600	307881	62963
16601	307898	62944
16602	307916	62925
16603	307934	62907
16604	307953	62888
16605	307971	62870
16606	307989	62851
16607	308007	62832
16608	308024	62814
16609	308041	62795
16610	308060	62776
16611	308077	62757
16612	308096	62739
16613	308114	62720
16614	308132	62702
16615	308149	62683
16616	308168	62664
16617	308187	62646
16618	308206	62627
16619	308225	62609
16620	308244	62590
16621	308262	62572
16622	308281	62553
16623	308299	62535
16624	308317	62516
16625	308336	62498
16626	308354	62479
16627	308371	62460
16628	308388	62441
16629	308406	62423
16630	308426	62404
16631	308443	62386
16632	308463	62367
16633	308480	62348
16634	308498	62330
16635	308516	62311
16636	308535	62293
16637	308552	62274
16638	308571	62255
16639	308588	62237
16640	308605	62218
16641	308625	62199
16642	308642	62181
16643	308660	62162
16644	308679	62143
16645	308697	62125
16646	308717	62106
16647	308734	62088
16648	308751	62069
16649	308769	62050
16650	308787	62031
16651	308806	62013
16652	308824	61994
16653	308842	61976
16654	308860	61957
16655	308879	61939
16656	308896	61920
16657	308914	61901
16658	308932	61882
16659	308950	61864
16660	308969	61845
16661	308989	61827
16662	309007	61808
16663	309024	61790
16664	309043	61771
16665	309061	61752
16666	309079	61734
16667	309096	61715
16668	309116	61697
16669	309134	61678
16670	309153	61660
16671	309171	61641
16672	309189	61622
16673	309207	61604
16674	309224	61585
16675	309241	61566
16676	309259	61547
16677	309277	61529
16678	309298	61511
16679	309316	61492
16680	309335	61473
16681	309353	61455
16682	309370	61436
16683	309388	61417
16684	309407	61399
16685	309426	61380
16686	309442	61361
16687	309461	61343
16688	309478	61324
16689	309497	61306
16690	309514	61287
16691	309532	61268
16692	309550	61249
16693	309569	61231
16694	309587	61212
16695	309605	61194
16696	309624	61175
16697	309643	61157
16698	309660	61138
16699	309678	61119
16700	309706	61103
16701	309727	61085
16702	309745	61066
16703	309763	61047
16704	309781	61029
16705	309799	61010
16706	309820	60992
16707	309839	60973
16708	309856	60955
16709	309874	60936
16710	309892	60917
16711	309909	60898
16712	309927	60880
16713	309945	60861
16714	309962	60842
16715	309981	60824
16716	310001	60806
16717	310019	60787
16718	310037	60768
16719	310055	60750
16720	310077	60732
16721	310097	60713
16722	310114	60695
16723	310132	60676
16724	310149	60657
16725	310168	60639
16726	310186	60620
16727	310204	60601
16728	310222	60583
16729	310240	60564
16730	310257	60545
16731	310274	60526
16732	310293	60508
16733	310311	60489
16734	310328	60471
16735	310346	60452
16736	310364	60433
16737	310382	60415
16738	310400	60396
16739	310418	60377
16740	310436	60359
16741	310454	60340
16742	310474	60322
16743	310494	60303
16744	310513	60285
16745	310532	60266
16746	310550	60248
16747	310568	60229
16748	310585	60210
16749	310603	60192
16750	310621	60173
16751	310639	60154
16752	310657	60136
16753	310675	60117
16754	310692	60098
16755	310710	60080
16756	310730	60061
16757	310750	60043
16758	310771	60025
16759	310790	60006
16760	310808	59988
16761	310828	59970
16762	310847	59951
16763	310867	59933
16764	310886	59914
16765	310906	59896
16766	310926	59878
16767	310945	59859
16768	310965	59841
16769	310983	59823
16770	311009	59806
16771	311028	59787
16772	311047	59768
16773	311068	59750
16774	311088	59732
16775	311109	59714
16776	311128	59696
16777	311147	59677
16778	311166	59659
16779	311184	59640
16780	311203	59622
16781	311221	59603
16782	311239	59584
16783	311260	59566
16784	311278	59548
16785	311298	59529
16786	311317	59511
16787	311336	59492
16788	311355	59474
16789	311374	59455
16790	311392	59437
16791	311409	59418
16792	311428	59400
16793	311448	59381
16794	311469	59363
16795	311490	59345
16796	311509	59327
16797	311529	59308
16798	311550	59290
16799	311571	59272
16800	311591	59254
16801	311610	59236
16802	311630	59217
16803	311649	59199
16804	311667	59180
16805	311686	59162
16806	311705	59143
16807	311724	59125
16808	311747	59107
16809	311767	59089
16810	311787	59070
16811	311812	59053
16812	311834	59035
16813	311861	59018
16814	311881	59000
16815	311902	58982
16816	311921	58964
16817	311941	58945
16818	311967	58928
16819	311986	58910
16820	312005	58891
16821	312022	58872
16822	312040	58854
16823	312058	58835
16824	312075	58816
16825	312097	58798
16826	312117	58780
16827	312136	58762
16828	312155	58743
16829	312175	58725
16830	312192	58706
16831	312209	58687
16832	312230	58669
16833	312249	58651
16834	312265	58632
16835	312283	58613
16836	312301	58594
16837	312319	58576
16838	312337	58557
16839	312355	58538
16840	312373	58520
16841	312391	58501
16842	312409	58482
16843	312427	58464
16844	312450	58446
16845	312471	58428
16846	312494	58410
16847	312514	58392
16848	312535	58374
16849	312567	58358
16850	312588	58340
16851	312609	58322
16852	312629	58303
16853	312648	58285
16854	312667	58266
16855	312685	58248
16856	312704	58229
16857	312724	58211
16858	312745	58193
16859	312763	58174
16860	312782	58156
16861	312800	58137
16862	312821	58119
16863	312840	58100
16864	312858	58082
16865	312876	58063
16866	312896	58045
16867	312915	58027
16868	312933	58008
16869	312954	57990
16870	312974	57972
16871	312993	57953
16872	313013	57935
16873	313032	57916
16874	313051	57898
16875	313069	57879
16876	313087	57860
16877	313108	57842
16878	313126	57824
16879	313149	57806
16880	313169	57788
16881	313187	57769
16882	313205	57750
16883	313229	57733
16884	313247	57714
16885	313266	57696
16886	313284	57677
16887	313302	57659
16888	313325	57641
16889	313343	57622
16890	313361	57603
16891	313379	57585
16892	313397	57566
16893	313415	57547
16894	313432	57529
16895	313452	57510
16896	313469	57492
16897	313487	57473
16898	313505	57454
16899	313523	57435
16900	313540	57417
16901	313558	57398
16902	313578	57380
16903	313599	57362
16904	313620	57343
16905	313640	57325
16906	313664	57308
16907	313685	57290
16908	313705	57271
16909	313724	57253
16910	313745	57235
16911	313764	57216
16912	313784	57198
16913	313802	57179
16914	313819	57161
16915	313838	57142
16916	313856	57123
16917	313875	57105
16918	313892	57086
16919	313910	57067
16920	313927	57049
16921	313945	57030
16922	313965	57012
16923	313983	56993
16924	314001	56974
16925	314021	56956
16926	314041	56938
16927	314059	56919
16928	314076	56900
16929	314099	56883
16930	314122	56865
16931	314142	56847
16932	314160	56828
16933	314179	56809
16934	314197	56791
16935	314214	56772
16936	314234	56753
16937	314251	56735
16938	314270	56716
16939	314293	56699
16940	314312	56680
16941	314331	56662
16942	314350	56643
16943	314370	56625
16944	314387	56606
16945	314406	56587
16946	314422	56568
16947	314440	56550
16948	314457	56531
16949	314475	56512
16950	314493	56494
16951	314511	56475
16952	314530	56457
16953	314547	56438
16954	314565	56419
16955	314583	56400
16956	314600	56382
16957	314619	56363
16958	314637	56345
16959	314658	56326
16960	314675	56308
16961	314692	56289
16962	314712	56270
16963	314728	56251
16964	314745	56233
16965	314766	56214
16966	314783	56196
16967	314802	56177
16968	314822	56159
16969	314840	56140
16970	314875	56125
16971	314895	56106
16972	314911	56087
16973	314930	56069
16974	314948	56050
16975	314967	56032
16976	314985	56013
16977	315004	55994
16978	315022	55976
16979	315040	55957
16980	315057	55938
16981	315075	55920
16982	315092	55901
16983	315111	55882
16984	315130	55864
16985	315148	55845
16986	315166	55827
16987	315182	55808
16988	315211	55791
16989	315233	55773
16990	315253	55755
16991	315270	55736
16992	315287	55717
16993	315305	55698
16994	315323	55680
16995	315341	55661
16996	315358	55642
16997	315377	55624
16998	315394	55605
16999	315411	55586
17000	315430	55568
17001	315447	55549
17002	315464	55530
17003	315482	55511
17004	315500	55493
17005	315518	55474
17006	315535	55455
17007	315552	55436
17008	315569	55418
17009	315586	55399
17010	315604	55380
17011	315622	55361
17012	315640	55343
17013	315659	55324
17014	315676	55305
17015	315694	55287
17016	315712	55268
17017	315730	55250
17018	315748	55231
17019	315767	55212
17020	315786	55194
17021	315804	55175
17022	315822	55157
17023	315840	55138
17024	315858	55119
17025	315875	55101
17026	315893	55082
17027	315918	55064
17028	315942	55047
17029	315967	55029
17030	315990	55012
17031	316010	54993
17032	316029	54975
17033	316051	54957
17034	316072	54939
17035	316091	54920
17036	316109	54902
17037	316128	54883
17038	316147	54865
17039	316165	54846
17040	316184	54828
17041	316204	54809
17042	316225	54791
17043	316246	54773
17044	316277	54757
17045	316295	54738
17046	316314	54719
17047	316333	54701
17048	316357	54683
17049	316375	54665
17050	316395	54646
17051	316412	54628
17052	316431	54609
17053	316450	54591
17054	316468	54572
17055	316487	54554
17056	316504	54535
17057	316523	54516
17058	316541	54498
17059	316559	54479
17060	316579	54461
17061	316597	54442
17062	316616	54423
17063	316640	54406
17064	316658	54387
17065	316677	54369
17066	316696	54350
17067	316713	54331
17068	316732	54313
17069	316749	54294
17070	316767	54275
17071	316784	54257
17072	316802	54238
17073	316820	54219
17074	316841	54201
17075	316860	54183
17076	316878	54164
17077	316895	54145
17078	316913	54127
17079	316936	54109
17080	316955	54090
17081	316975	54072
17082	316994	54053
17083	317012	54035
17084	317032	54017
17085	317052	53998
17086	317071	53980
17087	317090	53961
17088	317108	53943
17089	317127	53924
17090	317145	53906
17091	317164	53887
17092	317182	53868
17093	317199	53850
17094	317217	53831
17095	317237	53813
17096	317258	53794
17097	317277	53776
17098	317295	53757
17099	317314	53739
17100	317332	53720
17101	317351	53702
17102	317369	53683
17103	317385	53664
17104	317405	53646
17105	317424	53627
17106	317444	53609
17107	317462	53590
17108	317480	53572
17109	317499	53553
17110	317516	53534
17111	317536	53516
17112	317557	53498
17113	317577	53480
17114	317595	53461
17115	317614	53442
17116	317631	53424
17117	317648	53405
17118	317666	53386
17119	317685	53368
17120	317703	53349
17121	317722	53330
17122	317739	53312
17123	317757	53293
17124	317778	53275
17125	317796	53256
17126	317813	53238
17127	317831	53219
17128	317849	53200
17129	317866	53181
17130	317884	53163
17131	317902	53144
17132	317920	53125
17133	317938	53107
17134	317957	53088
17135	317976	53070
17136	317995	53051
17137	318013	53033
17138	318031	53014
17139	318054	52996
17140	318077	52978
17141	318100	52961
17142	318125	52943
17143	318151	52926
17144	318172	52908
17145	318191	52889
17146	318212	52871
17147	318233	52853
17148	318253	52834
17149	318272	52816
17150	318291	52798
17151	318312	52779
17152	318330	52761
17153	318347	52742
17154	318365	52723
17155	318383	52705
17156	318404	52686
17157	318425	52668
17158	318446	52650
17159	318466	52632
17160	318486	52614
17161	318508	52595
17162	318525	52577
17163	318542	52558
17164	318561	52539
17165	318581	52521
17166	318602	52503
17167	318622	52485
17168	318641	52466
17169	318659	52448
17170	318677	52429
17171	318697	52410
17172	318714	52392
17173	318732	52373
17174	318750	52354
17175	318768	52336
17176	318786	52317
17177	318804	52298
17178	318821	52280
17179	318839	52261
17180	318857	52242
17181	318882	52225
17182	318907	52207
17183	318931	52190
17184	318960	52173
17185	318987	52156
17186	319009	52138
17187	319029	52119
17188	319050	52101
17189	319068	52083
17190	319089	52064
17191	319109	52046
17192	319127	52027
17193	319144	52008
17194	319164	51990
17195	319182	51972
17196	319200	51953
17197	319222	51935
17198	319244	51917
17199	319264	51899
17200	319282	51880
17201	319300	51861
17202	319318	51843
17203	319336	51824
17204	319353	51805
17205	319371	51787
17206	319390	51768
17207	319408	51749
17208	319427	51731
17209	319446	51712
17210	319464	51694
17211	319485	51675
17212	319506	51657
17213	319526	51639
17214	319548	51621
17215	319576	51604
17216	319595	51586
17217	319617	51567
17218	319634	51549
17219	319652	51530
17220	319676	51512
17221	319695	51494
17222	319714	51475
17223	319733	51457
17224	319751	51438
17225	319774	51420
17226	319793	51402
17227	319812	51383
17228	319830	51365
17229	319852	51347
17230	319870	51328
17231	319890	51310
17232	319910	51291
17233	319930	51273
17234	319948	51254
17235	319969	51236
17236	319988	51218
17237	320006	51199
17238	320024	51180
17239	320042	51162
17240	320060	51143
17241	320081	51125
17242	320100	51106
17243	320122	51088
17244	320141	51070
17245	320159	51051
17246	320177	51033
17247	320196	51014
17248	320214	50996
17249	320232	50977
17250	320252	50958
17251	320270	50940
17252	320287	50921
17253	320306	50902
17254	320326	50884
17255	320346	50866
17256	320366	50847
17257	320386	50829
17258	320405	50811
17259	320423	50792
17260	320442	50774
17261	320461	50755
17262	320479	50736
17263	320497	50718
17264	320516	50699
17265	320535	50681
17266	320554	50662
17267	320573	50644
17268	320593	50625
17269	320613	50607
17270	320634	50589
17271	320652	50570
17272	320669	50551
17273	320687	50533
17274	320705	50514
17275	320724	50496
17276	320741	50477
17277	320759	50458
17278	320777	50439
17279	320798	50421
17280	320820	50403
17281	320840	50385
17282	320858	50366
17283	320878	50348
17284	320896	50329
17285	320915	50311
17286	320940	50293
17287	320964	50276
17288	320983	50257
17289	321004	50239
17290	321023	50220
17291	321041	50202
17292	321059	50183
17293	321076	50164
17294	321097	50146
17295	321118	50128
17296	321138	50110
17297	321160	50091
17298	321180	50073
17299	321198	50055
17300	321216	50036
17301	321234	50017
17302	321250	49998
17303	321267	49979
17304	321285	49961
17305	321303	49942
17306	321321	49923
17307	321340	49905
17308	321356	49886
17309	321373	49867
17310	321390	49848
17311	321408	49830
17312	321426	49811
17313	321444	49792
17314	321462	49774
17315	321480	49755
17316	321498	49736
17317	321515	49718
17318	321534	49699
17319	321557	49681
17320	321576	49663
17321	321598	49645
17322	321616	49626
17323	321642	49609
17324	321661	49590
17325	321681	49572
17326	321701	49553
17327	321719	49535
17328	321739	49516
17329	321760	49498
17330	321779	49480
17331	321798	49461
17332	321818	49443
17333	321836	49424
17334	321856	49406
17335	321875	49387
17336	321897	49369
17337	321917	49351
17338	321945	49334
17339	321967	49316
17340	321989	49298
17341	322007	49279
17342	322027	49261
17343	322046	49242
17344	322067	49224
17345	322092	49207
17346	322112	49188
17347	322131	49170
17348	322151	49151
17349	322170	49133
17350	322194	49115
17351	322217	49097
17352	322235	49079
17353	322253	49060
17354	322271	49041
17355	322288	49022
17356	322308	49004
17357	322326	48985
17358	322344	48967
17359	322363	48948
17360	322383	48930
17361	322399	48911
17362	322417	48892
17363	322435	48874
17364	322453	48855
17365	322471	48836
17366	322489	48818
17367	322506	48799
17368	322527	48781
17369	322545	48762
17370	322562	48743
17371	322581	48725
17372	322599	48706
17373	322618	48687
17374	322638	48669
17375	322657	48651
17376	322678	48632
17377	322698	48614
17378	322719	48596
17379	322739	48577
17380	322758	48559
17381	322779	48541
17382	322797	48522
17383	322815	48504
17384	322834	48485
17385	322854	48467
17386	322874	48448
17387	322892	48430
17388	322910	48411
17389	322928	48392
17390	322946	48374
17391	322963	48355
17392	322982	48336
17393	323000	48318
17394	323021	48300
17395	323038	48281
17396	323056	48262
17397	323074	48243
17398	323093	48225
17399	323109	48206
17400	323129	48188
17401	323146	48169
17402	323165	48150
17403	323183	48132
17404	323204	48113
17405	323222	48095
17406	323245	48077
17407	323264	48058
17408	323285	48040
17409	323308	48022
17410	323331	48004
17411	323352	47986
17412	323374	47968
17413	323394	47950
17414	323413	47931
17415	323432	47913
17416	323450	47894
17417	323468	47875
17418	323489	47857
17419	323507	47838
17420	323525	47820
17421	323546	47802
17422	323569	47784
17423	323588	47765
17424	323605	47746
17425	323626	47728
17426	323658	47712
17427	323678	47693
17428	323696	47675
17429	323713	47656
17430	323732	47637
17431	323750	47619
17432	323768	47600
17433	323787	47581
17434	323804	47563
17435	323822	47544
17436	323844	47526
17437	323862	47507
17438	323881	47489
17439	323899	47470
17440	323917	47451
17441	323935	47433
17442	323958	47415
17443	323979	47397
17444	323998	47378
17445	324016	47360
17446	324034	47341
17447	324052	47322
17448	324069	47303
17449	324088	47285
17450	324108	47266
17451	324126	47248
17452	324144	47229
17453	324163	47211
17454	324185	47193
17455	324202	47174
17456	324222	47155
17457	324239	47137
17458	324264	47119
17459	324284	47101
17460	324304	47082
17461	324323	47064
17462	324341	47045
17463	324361	47027
17464	324390	47010
17465	324409	46991
17466	324429	46973
17467	324446	46954
17468	324465	46935
17469	324490	46918
17470	324510	46899
17471	324531	46881
17472	324556	46864
17473	324580	46846
17474	324607	46828
17475	324635	46811
17476	324656	46793
17477	324680	46775
17478	324702	46757
17479	324727	46739
17480	324753	46722
17481	324775	46704
17482	324801	46686
17483	324828	46669
17484	324851	46651
17485	324876	46633
17486	324901	46616
17487	324929	46598
17488	324948	46580
17489	324968	46562
17490	324986	46543
17491	325004	46524
17492	325023	46506
17493	325043	46487
17494	325060	46469
17495	325077	46450
17496	325094	46431
17497	325112	46412
17498	325129	46393
17499	325147	46375
17500	325164	46356
17501	325181	46337
17502	325200	46319
17503	325217	46300
17504	325234	46281
17505	325254	46263
17506	325277	46245
17507	325295	46226
17508	325314	46208
17509	325337	46190
17510	325356	46171
17511	325378	46153
17512	325396	46134
17513	325414	46116
17514	325433	46097
17515	325464	46080
17516	325483	46062
17517	325501	46043
17518	325519	46025
17519	325537	46006
17520	325556	45987
17521	325575	45969
17522	325592	45950
17523	325611	45931
17524	325629	45913
17525	325649	45894
17526	325669	45876
17527	325688	45857
17528	325706	45839
17529	325722	45820
17530	325740	45801
17531	325758	45783
17532	325776	45764
17533	325795	45745
17534	325813	45727
17535	325831	45708
17536	325848	45689
17537	325867	45671
17538	325884	45652
17539	325903	45633
17540	325920	45615
17541	325938	45596
17542	325957	45577
17543	325974	45559
17544	325991	45540
17545	326009	45521
17546	326027	45503
17547	326045	45484
17548	326062	45465
17549	326080	45446
17550	326098	45428
17551	326116	45409
17552	326134	45390
17553	326153	45372
17554	326170	45353
17555	326189	45335
17556	326207	45316
17557	326224	45297
17558	326244	45279
17559	326263	45260
17560	326282	45242
17561	326302	45223
17562	326321	45205
17563	326341	45186
17564	326360	45168
17565	326379	45149
17566	326399	45131
17567	326416	45112
17568	326434	45094
17569	326452	45075
17570	326471	45056
17571	326489	45038
17572	326508	45019
17573	326526	45000
17574	326544	44982
17575	326563	44963
17576	326580	44945
17577	326598	44926
17578	326616	44907
17579	326635	44889
17580	326658	44871
17581	326678	44852
17582	326696	44834
17583	326715	44815
17584	326734	44797
17585	326754	44778
17586	326778	44760
17587	326801	44742
17588	326820	44724
17589	326838	44705
17590	326856	44687
17591	326875	44668
17592	326896	44650
17593	326915	44631
17594	326933	44613
17595	326952	44594
17596	326971	44576
17597	326991	44557
17598	327010	44539
17599	327029	44520
17600	327048	44502
17601	327067	44483
17602	327086	44464
17603	327104	44446
17604	327122	44427
17605	327141	44409
17606	327158	44390
17607	327176	44371
17608	327195	44353
17609	327214	44334
17610	327232	44316
17611	327250	44297
17612	327268	44278
17613	327286	44260
17614	327305	44241
17615	327323	44222
17616	327341	44204
17617	327359	44185
17618	327377	44166
17619	327394	44148
17620	327413	44129
17621	327435	44111
17622	327455	44093
17623	327472	44074
17624	327490	44055
17625	327507	44036
17626	327526	44018
17627	327545	43999
17628	327565	43981
17629	327583	43962
17630	327601	43944
17631	327619	43925
17632	327636	43906
17633	327654	43887
17634	327672	43869
17635	327690	43850
17636	327708	43832
17637	327725	43813
17638	327742	43794
17639	327760	43775
17640	327778	43757
17641	327796	43738
17642	327814	43719
17643	327831	43700
17644	327849	43682
17645	327867	43663
17646	327885	43644
17647	327902	43626
17648	327920	43607
17649	327937	43588
17650	327955	43570
17651	327972	43551
17652	327990	43532
17653	328008	43514
17654	328026	43495
17655	328044	43476
17656	328061	43457
17657	328079	43439
17658	328097	43420
17659	328116	43401
17660	328135	43383
17661	328152	43364
17662	328169	43345
17663	328186	43327
17664	328204	43308
17665	328222	43289
17666	328240	43271
17667	328257	43252
17668	328275	43233
17669	328294	43215
17670	328312	43196
17671	328331	43178
17672	328349	43159
17673	328367	43140
17674	328385	43122
17675	328403	43103
17676	328422	43084
17677	328440	43066
17678	328457	43047
17679	328474	43028
17680	328492	43010
17681	328514	42991
17682	328536	42973
17683	328555	42955
17684	328575	42936
17685	328594	42918
17686	328611	42899
17687	328629	42880
17688	328647	42862
17689	328665	42843
17690	328683	42824
17691	328700	42806
17692	328719	42787
17693	328737	42768
17694	328755	42750
17695	328774	42731
17696	328797	42713
17697	328815	42695
17698	328833	42676
17699	328851	42657
17700	328869	42639
17701	328886	42620
17702	328904	42601
17703	328924	42583
17704	328942	42564
17705	328960	42545
17706	328982	42527
17707	329001	42509
17708	329020	42490
17709	329041	42472
17710	329064	42454
17711	329085	42436
17712	329104	42417
17713	329121	42398
17714	329140	42380
17715	329162	42362
17716	329183	42344
17717	329201	42325
17718	329219	42306
17719	329237	42288
17720	329255	42269
17721	329273	42250
17722	329291	42232
17723	329309	42213
17724	329327	42194
17725	329346	42176
17726	329364	42157
17727	329382	42139
17728	329401	42120
17729	329418	42101
17730	329436	42082
17731	329453	42064
17732	329471	42045
17733	329488	42026
17734	329506	42008
17735	329523	41989
17736	329541	41970
17737	329558	41951
17738	329575	41933
17739	329592	41914
17740	329610	41895
17741	329627	41876
17742	329646	41858
17743	329663	41839
17744	329681	41820
17745	329699	41802
17746	329717	41783
17747	329735	41765
17748	329753	41746
17749	329771	41727
17750	329789	41709
17751	329806	41690
17752	329823	41671
17753	329841	41652
17754	329859	41634
17755	329876	41615
17756	329894	41596
17757	329913	41578
17758	329930	41559
17759	329947	41540
17760	329966	41522
17761	329984	41503
17762	330003	41484
17763	330023	41466
17764	330041	41447
17765	330059	41429
17766	330077	41410
17767	330096	41392
17768	330114	41373
17769	330133	41354
17770	330151	41336
17771	330169	41317
17772	330187	41298
17773	330205	41280
17774	330222	41261
17775	330240	41242
17776	330258	41224
17777	330279	41205
17778	330296	41187
17779	330314	41168
17780	330332	41149
17781	330350	41131
17782	330368	41112
17783	330386	41093
17784	330403	41075
17785	330422	41056
17786	330440	41037
17787	330457	41019
17788	330475	41000
17789	330493	40981
17790	330511	40963
17791	330528	40944
17792	330546	40925
17793	330565	40907
17794	330584	40888
17795	330607	40870
17796	330624	40851
17797	330641	40833
17798	330658	40814
17799	330678	40796
17800	330696	40777
17801	330714	40758
17802	330731	40740
17803	330749	40721
17804	330767	40702
17805	330786	40684
17806	330803	40665
17807	330821	40646
17808	330839	40628
17809	330856	40609
17810	330875	40590
17811	330893	40572
17812	330910	40553
17813	330928	40534
17814	330946	40516
17815	330963	40497
17816	330982	40478
17817	330999	40460
17818	331018	40441
17819	331036	40422
17820	331054	40404
17821	331073	40385
17822	331091	40367
17823	331110	40348
17824	331128	40329
17825	331146	40311
17826	331164	40292
17827	331182	40273
17828	331200	40255
17829	331218	40236
17830	331240	40218
17831	331259	40199
17832	331277	40181
17833	331296	40162
17834	331314	40144
17835	331333	40125
17836	331351	40107
17837	331372	40088
17838	331390	40070
17839	331410	40051
17840	331429	40033
17841	331448	40014
17842	331467	39996
17843	331486	39977
17844	331505	39958
17845	331524	39940
17846	331543	39921
17847	331561	39903
17848	331580	39884
17849	331602	39866
17850	331624	39848
17851	331644	39830
17852	331667	39811
17853	331685	39793
17854	331703	39774
17855	331721	39756
17856	331739	39737
17857	331758	39718
17858	331778	39700
17859	331795	39681
17860	331814	39663
17861	331833	39644
17862	331852	39626
17863	331871	39607
17864	331889	39588
17865	331906	39570
17866	331924	39551
17867	331941	39532
17868	331959	39514
17869	331977	39495
17870	331996	39476
17871	332018	39458
17872	332037	39440
17873	332055	39421
17874	332072	39402
17875	332090	39384
17876	332108	39365
17877	332126	39346
17878	332144	39328
17879	332161	39309
17880	332179	39290
17881	332197	39272
17882	332216	39253
17883	332233	39234
17884	332251	39216
17885	332269	39197
17886	332287	39178
17887	332306	39160
17888	332323	39141
17889	332341	39123
17890	332359	39104
17891	332376	39085
17892	332394	39066
17893	332411	39048
17894	332429	39029
17895	332448	39011
17896	332466	38992
17897	332486	38974
17898	332507	38955
17899	332525	38937
17900	332543	38918
17901	332561	38899
17902	332579	38881
17903	332596	38862
17904	332614	38843
17905	332632	38825
17906	332651	38806
17907	332668	38787
17908	332685	38769
17909	332703	38750
17910	332721	38731
17911	332743	38713
17912	332764	38695
17913	332785	38677
17914	332806	38658
17915	332825	38640
17916	332845	38621
17917	332864	38603
17918	332883	38584
17919	332901	38566
17920	332921	38547
17921	332939	38528
17922	332957	38510
17923	332975	38491
17924	332993	38473
17925	333012	38454
17926	333034	38436
17927	333054	38417
17928	333073	38399
17929	333097	38381
17930	333117	38363
17931	333135	38344
17932	333155	38325
17933	333173	38307
17934	333190	38288
17935	333208	38269
17936	333226	38251
17937	333243	38232
17938	333262	38213
17939	333282	38195
17940	333300	38176
17941	333319	38158
17942	333338	38139
17943	333357	38121
17944	333376	38102
17945	333395	38084
17946	333415	38065
17947	333433	38047
17948	333452	38028
17949	333470	38010
17950	333488	37991
17951	333505	37972
17952	333524	37954
17953	333544	37935
17954	333562	37917
17955	333581	37898
17956	333598	37879
17957	333615	37861
17958	333633	37842
17959	333651	37823
17960	333669	37805
17961	333687	37786
17962	333704	37767
17963	333722	37749
17964	333740	37730
17965	333758	37711
17966	333776	37693
17967	333794	37674
17968	333814	37656
17969	333832	37637
17970	333851	37618
17971	333879	37601
17972	333899	37582
17973	333916	37564
17974	333934	37545
17975	333952	37526
17976	333971	37508
17977	333989	37489
17978	334006	37471
17979	334025	37452
17980	334042	37433
17981	334060	37415
17982	334077	37396
17983	334099	37378
17984	334119	37359
17985	334140	37341
17986	334160	37322
17987	334177	37304
17988	334196	37285
17989	334214	37267
17990	334234	37248
17991	334253	37230
17992	334272	37211
17993	334290	37192
17994	334311	37174
17995	334331	37156
17996	334351	37137
17997	334370	37119
17998	334390	37100
17999	334408	37082
18000	334431	37064
18001	334453	37045
18002	334473	37027
18003	334492	37008
18004	334512	36990
18005	334530	36971
18006	334551	36953
18007	334572	36935
18008	334590	36916
18009	334607	36897
18010	334628	36879
18011	334649	36861
18012	334668	36842
18013	334685	36824
18014	334703	36805
18015	334721	36786
18016	334737	36767
18017	334756	36749
18018	334773	36730
18019	334792	36711
18020	334810	36693
18021	334829	36674
18022	334847	36656
18023	334864	36637
18024	334882	36618
18025	334901	36600
18026	334920	36581
18027	334938	36563
18028	334956	36544
18029	334974	36525
18030	334992	36507
18031	335009	36488
18032	335028	36469
18033	335047	36451
18034	335066	36432
18035	335087	36414
18036	335105	36395
18037	335125	36377
18038	335145	36359
18039	335167	36340
18040	335185	36322
18041	335204	36303
18042	335225	36285
18043	335248	36267
18044	335268	36248
18045	335288	36230
18046	335306	36211
18047	335323	36192
18048	335341	36174
18049	335359	36155
18050	335394	36138
18051	335419	36120
18052	335439	36102
18053	335460	36084
18054	335480	36065
18055	335502	36047
18056	335526	36029
18057	335554	36011
18058	335586	35994
18059	335622	35978
18060	335644	35959
18061	335668	35941
18062	335690	35923
18063	335709	35905
18064	335730	35886
18065	335752	35868
18066	335785	35851
18067	335808	35833
18068	335831	35815
18069	335860	35797
18070	335880	35779
18071	335899	35760
18072	335922	35742
18073	335941	35724
18074	335960	35705
18075	335977	35686
18076	335996	35668
18077	336016	35649
18078	336034	35631
18079	336052	35612
18080	336070	35593
18081	336091	35575
18082	336111	35557
18083	336129	35538
18084	336147	35519
18085	336166	35501
18086	336183	35482
18087	336202	35464
18088	336223	35445
18089	336240	35426
18090	336258	35408
18091	336276	35389
18092	336294	35371
18093	336312	35352
18094	336331	35333
18095	336350	35315
18096	336369	35296
18097	336388	35278
18098	336410	35259
18099	336428	35241
18100	336448	35222
18101	336467	35204
18102	336484	35185
18103	336507	35167
18104	336530	35149
18105	336552	35131
18106	336571	35112
18107	336590	35094
18108	336611	35075
18109	336631	35057
18110	336651	35038
18111	336670	35020
18112	336689	35001
18113	336712	34983
18114	336731	34965
18115	336753	34946
18116	336772	34928
18117	336791	34909
18118	336819	34892
18119	336838	34873
18120	336858	34855
18121	336876	34836
18122	336894	34817
18123	336912	34799
18124	336930	34780
18125	336948	34761
18126	336966	34743
18127	336986	34724
18128	337004	34706
18129	337022	34687
18130	337040	34668
18131	337059	34650
18132	337077	34631
18133	337095	34613
18134	337114	34594
18135	337132	34575
18136	337150	34557
18137	337168	34538
18138	337185	34519
18139	337203	34501
18140	337222	34482
18141	337240	34463
18142	337258	34445
18143	337275	34426
18144	337293	34407
18145	337311	34389
18146	337329	34370
18147	337346	34351
18148	337366	34333
18149	337384	34314
18150	337402	34296
18151	337419	34277
18152	337438	34258
18153	337456	34240
18154	337473	34221
18155	337491	34202
18156	337509	34184
18157	337527	34165
18158	337545	34146
18159	337563	34128
18160	337581	34109
18161	337598	34090
18162	337615	34072
18163	337634	34053
18164	337651	34034
18165	337670	34016
18166	337687	33997
18167	337704	33978
18168	337722	33959
18169	337740	33941
18170	337758	33922
18171	337776	33904
18172	337794	33885
18173	337812	33866
18174	337831	33848
18175	337850	33829
18176	337869	33811
18177	337888	33792
18178	337905	33773
18179	337923	33755
18180	337941	33736
18181	337959	33717
18182	337978	33699
18183	337996	33680
18184	338014	33662
18185	338032	33643
18186	338051	33624
18187	338069	33606
18188	338087	33587
18189	338105	33568
18190	338122	33550
18191	338140	33531
18192	338157	33512
18193	338174	33493
18194	338191	33475
18195	338209	33456
18196	338227	33438
18197	338245	33419
18198	338264	33400
18199	338282	33382
18200	338302	33363
18201	338320	33345
18202	338339	33326
18203	338357	33307
18204	338374	33289
18205	338393	33270
18206	338413	33252
18207	338431	33233
18208	338448	33214
18209	338465	33196
18210	338484	33177
18211	338501	33158
18212	338518	33139
18213	338537	33121
18214	338555	33102
18215	338573	33084
18216	338591	33065
18217	338610	33046
18218	338628	33028
18219	338645	33009
18220	338664	32990
18221	338682	32972
18222	338700	32953
18223	338717	32935
18224	338734	32916
18225	338753	32897
18226	338770	32878
18227	338788	32860
18228	338806	32841
18229	338825	32823
18230	338843	32804
18231	338861	32785
18232	338879	32767
18233	338897	32748
18234	338915	32729
18235	338933	32711
18236	338951	32692
18237	338969	32674
18238	338987	32655
18239	339005	32636
18240	339024	32618
18241	339042	32599
18242	339061	32580
18243	339079	32562
18244	339097	32543
18245	339119	32525
18246	339137	32506
18247	339154	32488
18248	339173	32469
18249	339191	32450
18250	339210	32432
18251	339229	32413
18252	339249	32395
18253	339267	32376
18254	339285	32358
18255	339304	32339
18256	339323	32320
18257	339344	32302
18258	339363	32284
18259	339381	32265
18260	339399	32246
18261	339417	32228
18262	339436	32209
18263	339453	32190
18264	339471	32172
18265	339487	32153
18266	339505	32134
18267	339523	32116
18268	339541	32097
18269	339560	32078
18270	339578	32060
18271	339595	32041
18272	339613	32022
18273	339630	32004
18274	339647	31985
18275	339664	31966
18276	339684	31948
18277	339703	31929
18278	339722	31911
18279	339740	31892
18280	339758	31873
18281	339775	31855
18282	339793	31836
18283	339813	31818
18284	339831	31799
18285	339851	31780
18286	339872	31762
18287	339892	31744
18288	339911	31725
18289	339929	31706
18290	339948	31688
18291	339966	31669
18292	339984	31651
18293	340003	31632
18294	340021	31613
18295	340039	31595
18296	340057	31576
18297	340075	31557
18298	340092	31539
18299	340109	31520
18300	340128	31502
18301	340146	31483
18302	340164	31464
18303	340182	31446
18304	340200	31427
18305	340218	31408
18306	340235	31390
18307	340255	31371
18308	340273	31352
18309	340290	31334
18310	340309	31315
18311	340329	31297
18312	340347	31278
18313	340364	31259
18314	340381	31241
18315	340399	31222
18316	340417	31203
18317	340435	31185
18318	340454	31166
18319	340474	31148
18320	340492	31129
18321	340511	31110
18322	340530	31092
18323	340549	31073
18324	340567	31055
18325	340584	31036
18326	340602	31017
18327	340620	30999
18328	340638	30980
18329	340655	30961
18330	340673	30943
18331	340691	30924
18332	340709	30906
18333	340727	30887
18334	340744	30868
18335	340762	30850
18336	340779	30831
18337	340797	30812
18338	340818	30794
18339	340837	30775
18340	340855	30757
18341	340874	30738
18342	340892	30719
18343	340911	30701
18344	340940	30683
18345	340957	30665
18346	340975	30646
18347	340992	30627
18348	341009	30608
18349	341029	30590
18350	341046	30571
18351	341077	30554
18352	341096	30535
18353	341114	30517
18354	341133	30498
18355	341152	30479
18356	341171	30461
18357	341188	30442
18358	341207	30424
18359	341225	30405
18360	341244	30386
18361	341263	30368
18362	341281	30349
18363	341299	30331
18364	341319	30312
18365	341338	30294
18366	341357	30275
18367	341376	30257
18368	341396	30238
18369	341413	30219
18370	341433	30201
18371	341453	30182
18372	341473	30164
18373	341493	30146
18374	341512	30127
18375	341532	30109
18376	341553	30090
18377	341572	30072
18378	341591	30053
18379	341611	30035
18380	341631	30016
18381	341650	29998
18382	341668	29979
18383	341688	29960
18384	341707	29942
18385	341727	29923
18386	341747	29905
18387	341767	29886
18388	341785	29868
18389	341804	29849
18390	341822	29831
18391	341840	29812
18392	341858	29793
18393	341877	29775
18394	341895	29756
18395	341915	29738
18396	341934	29719
18397	341952	29701
18398	341971	29682
18399	341989	29663
18400	342007	29645
18401	342027	29626
18402	342044	29608
18403	342063	29589
18404	342082	29570
18405	342100	29552
18406	342117	29533
18407	342134	29514
18408	342153	29496
18409	342171	29477
18410	342189	29459
18411	342207	29440
18412	342225	29421
18413	342243	29403
18414	342262	29384
18415	342279	29365
18416	342297	29347
18417	342316	29328
18418	342339	29310
18419	342358	29291
18420	342376	29273
18421	342392	29254
18422	342411	29235
18423	342428	29217
18424	342445	29198
18425	342462	29179
18426	342480	29161
18427	342499	29142
18428	342520	29124
18429	342539	29105
18430	342557	29087
18431	342575	29068
18432	342593	29049
18433	342612	29031
18434	342629	29012
18435	342652	28994
18436	342675	28975
18437	342692	28957
18438	342710	28938
18439	342728	28920
18440	342746	28901
18441	342763	28882
18442	342781	28864
18443	342798	28845
18444	342819	28826
18445	342841	28808
18446	342864	28790
18447	342884	28772
18448	342908	28753
18449	342930	28735
18450	342948	28716
18451	342968	28698
18452	342990	28680
18453	343008	28661
18454	343029	28643
18455	343047	28624
18456	343064	28605
18457	343082	28587
18458	343104	28568
18459	343124	28550
18460	343141	28531
18461	343159	28513
18462	343177	28494
18463	343196	28475
18464	343218	28457
18465	343239	28439
18466	343257	28420
18467	343276	28401
18468	343294	28383
18469	343313	28364
18470	343332	28346
18471	343350	28327
18472	343367	28308
18473	343385	28290
18474	343403	28271
18475	343421	28252
18476	343439	28234
18477	343456	28215
18478	343473	28196
18479	343490	28178
18480	343510	28159
18481	343528	28141
18482	343547	28122
18483	343565	28103
18484	343583	28085
18485	343606	28066
18486	343623	28048
18487	343646	28030
18488	343664	28011
18489	343682	27992
18490	343705	27974
18491	343723	27955
18492	343741	27937
18493	343759	27918
18494	343776	27899
18495	343796	27881
18496	343815	27862
18497	343832	27844
18498	343850	27825
18499	343868	27806
18500	343887	27788
18501	343905	27769
18502	343922	27751
18503	343940	27732
18504	343961	27713
18505	343984	27695
18506	344004	27677
18507	344027	27658
18508	344044	27640
18509	344063	27621
18510	344086	27603
18511	344104	27584
18512	344123	27566
18513	344146	27548
18514	344169	27529
18515	344190	27511
18516	344213	27493
18517	344231	27474
18518	344248	27455
18519	344266	27437
18520	344283	27418
18521	344301	27399
18522	344323	27381
18523	344341	27362
18524	344358	27344
18525	344374	27325
18526	344392	27306
18527	344411	27288
18528	344430	27269
18529	344449	27251
18530	344470	27232
18531	344492	27214
18532	344512	27195
18533	344533	27177
18534	344557	27159
18535	344581	27141
18536	344602	27122
18537	344621	27104
18538	344641	27085
18539	344663	27067
18540	344685	27049
18541	344706	27030
18542	344727	27012
18543	344751	26994
18544	344772	26975
18545	344795	26957
18546	344817	26939
18547	344841	26920
18548	344865	26902
18549	344884	26884
18550	344905	26865
18551	344927	26847
18552	344944	26828
18553	344964	26810
18554	344985	26791
18555	345003	26773
18556	345025	26754
18557	345050	26736
18558	345073	26718
18559	345095	26700
18560	345115	26681
18561	345138	26663
18562	345160	26645
18563	345182	26626
18564	345199	26608
18565	345217	26589
18566	345235	26570
18567	345256	26552
18568	345276	26533
18569	345297	26515
18570	345319	26497
18571	345341	26478
18572	345363	26460
18573	345387	26442
18574	345410	26424
18575	345432	26405
18576	345452	26387
18577	345476	26369
18578	345499	26350
18579	345524	26332
18580	345549	26314
18581	345573	26296
18582	345595	26278
18583	345617	26259
18584	345641	26241
18585	345663	26223
18586	345688	26205
18587	345708	26186
18588	345725	26167
18589	345745	26149
18590	345768	26131
18591	345789	26112
18592	345809	26094
18593	345831	26075
18594	345849	26057
18595	345869	26038
18596	345891	26020
18597	345910	26001
18598	345933	25983
18599	345955	25965
18600	345975	25946
18601	345997	25928
18602	346015	25909
18603	346032	25891
18604	346053	25872
18605	346076	25854
18606	346094	25835
18607	346112	25817
18608	346129	25798
18609	346152	25780
18610	346174	25761
18611	346192	25743
18612	346214	25724
18613	346237	25706
18614	346259	25688
18615	346281	25669
18616	346299	25651
18617	346317	25632
18618	346336	25613
18619	346355	25595
18620	346377	25576
18621	346396	25558
18622	346419	25540
18623	346443	25521
18624	346465	25503
18625	346483	25484
18626	346505	25466
18627	346528	25448
18628	346550	25429
18629	346572	25411
18630	346593	25393
18631	346616	25374
18632	346639	25356
18633	346657	25337
18634	346676	25319
18635	346698	25301
18636	346716	25282
18637	346734	25263
18638	346754	25245
18639	346773	25226
18640	346795	25208
18641	346813	25189
18642	346835	25171
18643	346857	25152
18644	346879	25134
18645	346902	25116
18646	346924	25097
18647	346947	25079
18648	346965	25060
18649	346982	25042
18650	347001	25023
18651	347019	25005
18652	347036	24986
18653	347055	24967
18654	347072	24949
18655	347090	24930
18656	347107	24911
18657	347125	24893
18658	347143	24874
18659	347162	24855
18660	347185	24837
18661	347208	24819
18662	347231	24800
18663	347256	24782
18664	347278	24764
18665	347302	24746
18666	347324	24727
18667	347348	24709
18668	347372	24691
18669	347396	24673
18670	347416	24654
18671	347434	24636
18672	347452	24617
18673	347470	24598
18674	347488	24580
18675	347507	24561
18676	347525	24542
18677	347542	24524
18678	347560	24505
18679	347579	24486
18680	347597	24468
18681	347614	24449
18682	347633	24430
18683	347650	24412
18684	347668	24393
18685	347686	24374
18686	347704	24356
18687	347721	24337
18688	347738	24318
18689	347757	24300
18690	347774	24281
18691	347794	24262
18692	347815	24244
18693	347838	24226
18694	347861	24207
18695	347882	24189
18696	347900	24170
18697	347917	24152
18698	347935	24133
18699	347953	24114
18700	347972	24096
18701	347994	24077
18702	348013	24059
18703	348037	24041
18704	348059	24022
18705	348079	24004
18706	348096	23985
18707	348115	23966
18708	348134	23948
18709	348152	23929
18710	348172	23911
18711	348190	23892
18712	348208	23873
18713	348226	23855
18714	348244	23836
18715	348263	23818
18716	348281	23799
18717	348299	23780
18718	348316	23761
18719	348334	23743
18720	348352	23724
18721	348370	23705
18722	348389	23687
18723	348407	23668
18724	348430	23650
18725	348453	23632
18726	348476	23613
18727	348494	23595
18728	348513	23576
18729	348531	23558
18730	348552	23539
18731	348569	23520
18732	348588	23502
18733	348605	23483
18734	348622	23464
18735	348639	23446
18736	348658	23427
18737	348676	23408
18738	348694	23390
18739	348712	23371
18740	348743	23353
18741	348761	23335
18742	348778	23316
18743	348796	23297
18744	348814	23279
18745	348833	23260
18746	348851	23241
18747	348873	23223
18748	348893	23204
18749	348911	23186
18750	348928	23167
18751	348947	23149
18752	348965	23130
18753	348982	23111
18754	349000	23093
18755	349018	23074
18756	349037	23055
18757	349056	23037
18758	349075	23018
18759	349097	23000
18760	349115	22981
18761	349133	22962
18762	349151	22944
18763	349168	22925
18764	349186	22906
18765	349205	22888
18766	349223	22869
18767	349241	22851
18768	349258	22832
18769	349276	22813
18770	349294	22795
18771	349310	22776
18772	349327	22757
18773	349345	22738
18774	349363	22720
18775	349381	22701
18776	349398	22682
18777	349417	22664
18778	349437	22645
18779	349459	22627
18780	349478	22608
18781	349496	22590
18782	349514	22571
18783	349532	22552
18784	349549	22534
18785	349567	22515
18786	349586	22496
18787	349604	22478
18788	349622	22459
18789	349640	22440
18790	349658	22422
18791	349675	22403
18792	349694	22385
18793	349714	22366
18794	349736	22348
18795	349758	22329
18796	349777	22311
18797	349797	22292
18798	349816	22274
18799	349836	22255
18800	349856	22237
18801	349875	22218
18802	349893	22199
18803	349913	22181
18804	349930	22162
18805	349948	22143
18806	349971	22125
18807	349992	22107
18808	350010	22088
18809	350027	22069
18810	350045	22051
18811	350064	22032
18812	350082	22013
18813	350099	21995
18814	350120	21976
18815	350137	21958
18816	350154	21939
18817	350172	21920
18818	350191	21902
18819	350209	21883
18820	350227	21864
18821	350244	21846
18822	350262	21827
18823	350280	21808
18824	350301	21790
18825	350321	21771
18826	350337	21753
18827	350355	21734
18828	350373	21715
18829	350395	21697
18830	350415	21678
18831	350433	21660
18832	350454	21641
18833	350471	21623
18834	350488	21604
18835	350506	21585
18836	350525	21567
18837	350543	21548
18838	350560	21529
18839	350577	21511
18840	350596	21492
18841	350616	21473
18842	350635	21455
18843	350653	21436
18844	350671	21418
18845	350692	21399
18846	350711	21380
18847	350729	21362
18848	350748	21343
18849	350768	21325
18850	350786	21306
18851	350803	21287
18852	350823	21269
18853	350847	21251
18854	350865	21232
18855	350883	21213
18856	350902	21195
18857	350921	21176
18858	350939	21157
18859	350957	21139
18860	350974	21120
18861	350991	21101
18862	351009	21083
18863	351029	21064
18864	351052	21046
18865	351070	21027
18866	351087	21009
18867	351104	20990
18868	351120	20971
18869	351137	20952
18870	351155	20934
18871	351172	20915
18872	351189	20896
18873	351209	20878
18874	351226	20859
18875	351244	20840
18876	351262	20822
18877	351279	20803
18878	351296	20784
18879	351313	20766
18880	351329	20747
18881	351346	20728
18882	351363	20710
18883	351380	20691
18884	351397	20672
18885	351415	20653
18886	351433	20635
18887	351451	20616
18888	351468	20598
18889	351486	20579
18890	351505	20560
18891	351526	20542
18892	351544	20523
18893	351564	20505
18894	351592	20487
18895	351616	20468
18896	351644	20450
18897	351664	20432
18898	351688	20413
18899	351711	20395
18900	351733	20377
18901	351757	20358
18902	351776	20340
18903	351795	20321
18904	351813	20303
18905	351832	20284
18906	351850	20265
18907	351868	20247
18908	351887	20228
18909	351904	20209
18910	351922	20191
18911	351941	20172
18912	351964	20154
18913	351986	20135
18914	352011	20117
18915	352032	20099
18916	352056	20080
18917	352079	20062
18918	352098	20043
18919	352119	20025
18920	352137	20006
18921	352158	19988
18922	352177	19969
18923	352196	19951
18924	352213	19932
18925	352232	19913
18926	352252	19895
18927	352269	19876
18928	352286	19857
18929	352303	19839
18930	352320	19820
18931	352337	19801
18932	352354	19783
18933	352371	19764
18934	352387	19745
18935	352404	19726
18936	352421	19708
18937	352440	19689
18938	352458	19670
18939	352478	19652
18940	352499	19633
18941	352517	19615
18942	352535	19596
18943	352553	19578
18944	352571	19559
18945	352591	19540
18946	352609	19522
18947	352627	19503
18948	352644	19484
18949	352663	19466
18950	352681	19447
18951	352698	19428
18952	352717	19410
18953	352736	19391
18954	352754	19373
18955	352775	19354
18956	352793	19336
18957	352811	19317
18958	352829	19298
18959	352847	19280
18960	352864	19261
18961	352881	19242
18962	352899	19224
18963	352916	19205
18964	352932	19186
18965	352949	19167
18966	352965	19149
18967	352985	19130
18968	353002	19111
18969	353019	19093
18970	353036	19074
18971	353054	19055
18972	353073	19037
18973	353093	19018
18974	353109	19000
18975	353126	18981
18976	353142	18962
18977	353160	18943
18978	353178	18925
18979	353196	18906
18980	353214	18887
18981	353230	18869
18982	353247	18850
18983	353265	18831
18984	353283	18813
18985	353302	18794
18986	353320	18776
18987	353339	18757
18988	353357	18738
18989	353374	18720
18990	353391	18701
18991	353408	18682
18992	353425	18664
18993	353442	18645
18994	353459	18626
18995	353477	18608
18996	353495	18589
18997	353512	18570
18998	353528	18551
18999	353545	18533
19000	353563	18514
19001	353580	18495
19002	353597	18477
19003	353614	18458
19004	353630	18439
19005	353647	18421
19006	353664	18402
19007	353682	18383
19008	353699	18365
19009	353717	18346
19010	353734	18327
19011	353751	18309
19012	353768	18290
19013	353784	18271
19014	353801	18252
19015	353822	18234
19016	353844	18216
19017	353866	18197
19018	353890	18179
19019	353909	18160
19020	353931	18142
19021	353949	18123
19022	353966	18104
19023	353984	18086
19024	354002	18067
19025	354019	18048
19026	354036	18030
19027	354055	18011
19028	354073	17992
19029	354091	17974
19030	354110	17955
19031	354128	17937
19032	354145	17918
19033	354163	17899
19034	354181	17881
19035	354199	17862
19036	354217	17843
19037	354236	17825
19038	354253	17806
19039	354271	17788
19040	354290	17769
19041	354307	17750
19042	354326	17732
19043	354347	17713
19044	354369	17695
19045	354391	17676
19046	354414	17658
19047	354437	17640
19048	354461	17621
19049	354483	17603
19050	354506	17584
19051	354529	17566
19052	354550	17547
19053	354567	17529
19054	354585	17510
19055	354604	17492
19056	354622	17473
19057	354639	17454
19058	354661	17436
19059	354682	17417
19060	354705	17399
19061	354727	17380
19062	354751	17362
19063	354773	17344
19064	354791	17325
19065	354809	17306
19066	354827	17288
19067	354844	17269
19068	354861	17250
19069	354879	17232
19070	354898	17213
19071	354921	17195
19072	354944	17176
19073	354963	17158
19074	354980	17139
19075	354999	17120
19076	355016	17102
19077	355033	17083
19078	355053	17065
19079	355070	17046
19080	355089	17027
19081	355107	17009
19082	355125	16990
19083	355142	16971
19084	355160	16953
19085	355179	16934
19086	355197	16915
19087	355216	16897
19088	355240	16879
19089	355263	16860
19090	355286	16842
19091	355309	16823
19092	355334	16805
19093	355358	16787
19094	355380	16768
19095	355402	16750
19096	355424	16731
19097	355447	16713
19098	355469	16694
19099	355492	16676
19100	355515	16658
19101	355538	16639
19102	355559	16621
19103	355580	16602
19104	355602	16584
19105	355625	16565
19106	355647	16547
19107	355668	16528
19108	355689	16510
19109	355711	16491
19110	355733	16473
19111	355755	16455
19112	355778	16436
19113	355800	16418
19114	355823	16399
19115	355844	16381
19116	355866	16362
19117	355886	16344
19118	355907	16325
19119	355929	16307
19120	355952	16288
19121	355973	16270
19122	355996	16251
19123	356019	16233
19124	356042	16215
19125	356067	16196
19126	356089	16178
19127	356112	16159
19128	356132	16141
19129	356154	16122
19130	356175	16104
19131	356196	16085
19132	356218	16067
19133	356241	16048
19134	356258	16030
19135	356277	16011
19136	356297	15993
19137	356315	15974
19138	356332	15955
19139	356350	15937
19140	356369	15918
19141	356387	15899
19142	356405	15881
19143	356422	15862
19144	356440	15843
19145	356459	15825
19146	356477	15806
19147	356495	15787
19148	356517	15769
19149	356541	15751
19150	356565	15732
19151	356587	15714
19152	356610	15695
19153	356632	15677
19154	356653	15658
19155	356676	15640
19156	356698	15621
19157	356720	15603
19158	356739	15584
19159	356757	15566
19160	356774	15547
19161	356792	15528
19162	356809	15510
19163	356827	15491
19164	356845	15472
19165	356862	15454
19166	356881	15435
19167	356898	15416
19168	356917	15398
19169	356935	15379
19170	356953	15361
19171	356970	15342
19172	356988	15323
19173	357006	15305
19174	357024	15286
19175	357042	15267
19176	357061	15249
19177	357078	15230
19178	357097	15211
19179	357114	15193
19180	357132	15174
19181	357150	15155
19182	357173	15137
19183	357194	15118
19184	357217	15100
19185	357240	15082
19186	357262	15063
19187	357284	15045
19188	357306	15026
19189	357329	15008
19190	357351	14989
19191	357373	14971
19192	357395	14952
19193	357417	14934
19194	357439	14915
19195	357462	14897
19196	357484	14878
19197	357505	14860
19198	357527	14841
19199	357549	14823
19200	357572	14804
19201	357594	14786
19202	357617	14768
19203	357639	14749
19204	357661	14731
19205	357683	14712
19206	357704	14694
19207	357722	14675
19208	357740	14656
19209	357758	14638
19210	357775	14619
19211	357793	14600
19212	357810	14582
19213	357828	14563
19214	357846	14544
19215	357863	14526
19216	357880	14507
19217	357898	14488
19218	357916	14470
19219	357933	14451
19220	357951	14432
19221	357968	14414
19222	357986	14395
19223	358008	14376
19224	358027	14358
19225	358044	14339
19226	358063	14321
19227	358080	14302
19228	358098	14283
19229	358116	14265
19230	358134	14246
19231	358151	14227
19232	358169	14209
19233	358186	14190
19234	358204	14171
19235	358221	14153
19236	358240	14134
19237	358258	14115
19238	358275	14097
19239	358293	14078
19240	358311	14059
19241	358334	14041
19242	358356	14022
19243	358377	14004
19244	358395	13985
19245	358413	13967
19246	358430	13948
19247	358447	13929
19248	358465	13911
19249	358483	13892
19250	358501	13873
19251	358518	13855
19252	358535	13836
19253	358552	13817
19254	358570	13799
19255	358588	13780
19256	358610	13761
19257	358628	13743
19258	358645	13724
19259	358663	13705
19260	358681	13687
19261	358698	13668
19262	358716	13649
19263	358733	13631
19264	358752	13612
19265	358775	13594
19266	358798	13575
19267	358819	13557
19268	358839	13538
19269	358862	13520
19270	358886	13501
19271	358906	13483
19272	358926	13464
19273	358948	13446
19274	358968	13427
19275	358987	13408
19276	359005	13390
19277	359021	13371
19278	359037	13352
19279	359053	13334
19280	359071	13315
19281	359088	13296
19282	359107	13278
19283	359131	13259
19284	359153	13241
19285	359174	13222
19286	359195	13204
19287	359216	13185
19288	359239	13167
19289	359261	13148
19290	359282	13130
19291	359306	13111
19292	359328	13093
19293	359350	13074
19294	359373	13056
19295	359395	13037
19296	359417	13019
19297	359440	13000
19298	359462	12982
19299	359484	12963
19300	359506	12945
19301	359524	12926
19302	359542	12907
19303	359559	12889
19304	359577	12870
19305	359595	12852
19306	359613	12833
19307	359634	12814
19308	359657	12796
19309	359680	12777
19310	359702	12759
19311	359726	12740
19312	359749	12722
19313	359770	12703
19314	359792	12685
19315	359815	12666
19316	359837	12648
19317	359856	12629
19318	359873	12611
19319	359891	12592
19320	359909	12573
19321	359926	12555
19322	359944	12536
19323	359961	12517
19324	359979	12499
19325	359997	12480
19326	360013	12461
19327	360031	12443
19328	360048	12424
19329	360065	12405
19330	360086	12387
19331	360102	12368
19332	360123	12349
19333	360146	12331
19334	360168	12312
19335	360191	12294
19336	360210	12275
19337	360228	12257
19338	360245	12238
19339	360264	12219
19340	360283	12201
19341	360300	12182
19342	360321	12164
19343	360343	12145
19344	360360	12126
19345	360378	12108
19346	360396	12089
19347	360415	12070
19348	360438	12052
19349	360459	12033
19350	360483	12015
19351	360506	11997
19352	360528	11978
19353	360546	11959
19354	360564	11941
19355	360582	11922
19356	360601	11903
19357	360622	11885
19358	360639	11866
19359	360658	11848
19360	360675	11829
19361	360693	11810
19362	360710	11792
19363	360727	11773
19364	360744	11754
19365	360762	11736
19366	360781	11717
19367	360799	11698
19368	360820	11680
19369	360839	11661
19370	360857	11642
19371	360875	11624
19372	360893	11605
19373	360911	11587
19374	360929	11568
19375	360947	11549
19376	360968	11531
19377	360989	11512
19378	361007	11493
19379	361025	11475
19380	361042	11456
19381	361059	11437
19382	361079	11419
19383	361100	11400
19384	361118	11382
19385	361136	11363
19386	361154	11344
19387	361172	11326
19388	361189	11307
19389	361207	11288
19390	361224	11270
19391	361241	11251
19392	361259	11232
19393	361277	11214
19394	361294	11195
19395	361311	11176
19396	361328	11158
19397	361346	11139
19398	361363	11120
19399	361380	11102
19400	361398	11083
19401	361416	11064
19402	361433	11046
19403	361451	11027
19404	361469	11008
19405	361487	10990
19406	361504	10971
19407	361522	10952
19408	361539	10934
19409	361557	10915
19410	361575	10896
19411	361592	10878
19412	361609	10859
19413	361627	10841
19414	361644	10822
19415	361662	10803
19416	361679	10785
19417	361696	10766
19418	361714	10747
19419	361731	10729
19420	361749	10710
19421	361766	10691
19422	361784	10673
19423	361801	10654
19424	361819	10635
19425	361837	10617
19426	361854	10598
19427	361871	10579
19428	361889	10561
19429	361906	10542
19430	361924	10523
19431	361942	10505
19432	361960	10486
19433	361978	10467
19434	361996	10449
19435	362014	10430
19436	362031	10411
19437	362049	10393
19438	362067	10374
19439	362086	10355
19440	362105	10337
19441	362122	10318
19442	362139	10300
19443	362156	10281
19444	362173	10262
19445	362191	10244
19446	362209	10225
19447	362227	10206
19448	362244	10188
19449	362262	10169
19450	362280	10150
19451	362298	10132
19452	362317	10113
19453	362334	10094
19454	362352	10076
19455	362369	10057
19456	362387	10038
19457	362404	10020
19458	362431	10001
19459	362449	9983
19460	362468	9964
19461	362486	9945
19462	362504	9927
19463	362524	9908
19464	362543	9890
19465	362562	9871
19466	362582	9852
19467	362606	9834
19468	362628	9815
19469	362651	9797
19470	362673	9778
19471	362696	9760
19472	362720	9741
19473	362742	9723
19474	362761	9704
19475	362781	9686
19476	362802	9667
19477	362821	9648
19478	362839	9630
19479	362858	9611
19480	362877	9593
19481	362895	9574
19482	362914	9555
19483	362934	9537
19484	362952	9518
19485	362970	9499
19486	362989	9481
19487	363007	9462
19488	363024	9443
19489	363041	9425
19490	363058	9406
19491	363077	9388
19492	363096	9369
19493	363112	9350
19494	363129	9332
19495	363147	9313
19496	363165	9294
19497	363182	9276
19498	363200	9257
19499	363218	9238
19500	363235	9220
19501	363252	9201
19502	363271	9182
19503	363288	9164
19504	363306	9145
19505	363324	9126
19506	363341	9108
19507	363359	9089
19508	363378	9070
19509	363396	9052
19510	363413	9033
19511	363431	9015
19512	363449	8996
19513	363467	8977
19514	363483	8959
19515	363501	8940
19516	363519	8921
19517	363537	8903
19518	363556	8884
19519	363580	8865
19520	363598	8847
19521	363617	8828
19522	363637	8810
19523	363660	8791
19524	363681	8773
19525	363704	8754
19526	363723	8735
19527	363740	8717
19528	363758	8698
19529	363776	8679
19530	363794	8661
19531	363811	8642
19532	363829	8624
19533	363847	8605
19534	363864	8586
19535	363882	8568
19536	363898	8549
19537	363915	8530
19538	363932	8512
19539	363950	8493
19540	363968	8474
19541	363987	8456
19542	364010	8437
19543	364032	8419
19544	364055	8400
19545	364080	8382
19546	364103	8363
19547	364125	8345
19548	364148	8326
19549	364169	8307
19550	364187	8289
19551	364204	8270
19552	364221	8251
19553	364239	8233
19554	364256	8214
19555	364274	8195
19556	364291	8177
19557	364309	8158
19558	364325	8140
19559	364344	8121
19560	364362	8102
19561	364380	8084
19562	364397	8065
19563	364416	8046
19564	364432	8028
19565	364450	8009
19566	364468	7990
19567	364487	7972
19568	364504	7953
19569	364521	7934
19570	364539	7916
19571	364556	7897
19572	364574	7878
19573	364592	7860
19574	364609	7841
19575	364626	7823
19576	364644	7804
19577	364661	7785
19578	364679	7767
19579	364697	7748
19580	364715	7729
19581	364732	7711
19582	364750	7692
19583	364767	7673
19584	364785	7655
19585	364802	7636
19586	364818	7617
19587	364835	7599
19588	364853	7580
19589	364871	7561
19590	364890	7543
19591	364907	7524
19592	364925	7506
19593	364943	7487
19594	364961	7468
19595	364978	7450
19596	364997	7431
19597	365015	7412
19598	365032	7394
19599	365049	7375
19600	365067	7356
19601	365087	7338
19602	365104	7319
19603	365122	7300
19604	365141	7282
19605	365158	7263
19606	365175	7245
19607	365193	7226
19608	365211	7207
19609	365228	7189
19610	365246	7170
19611	365263	7151
19612	365280	7133
19613	365297	7114
19614	365315	7095
19615	365333	7077
19616	365350	7058
19617	365368	7039
19618	365385	7021
19619	365403	7002
19620	365420	6983
19621	365438	6965
19622	365456	6946
19623	365474	6928
19624	365493	6909
19625	365510	6890
19626	365529	6872
19627	365546	6853
19628	365564	6834
19629	365581	6816
19630	365598	6797
19631	365616	6778
19632	365633	6760
19633	365650	6741
19634	365669	6723
19635	365686	6704
19636	365704	6685
19637	365722	6667
19638	365742	6648
19639	365759	6629
19640	365777	6611
19641	365795	6592
19642	365812	6573
19643	365828	6555
19644	365846	6536
19645	365882	6518
19646	365905	6499
19647	365926	6481
19648	365944	6462
19649	365962	6443
19650	365981	6425
19651	365999	6406
19652	366016	6388
19653	366033	6369
19654	366051	6350
19655	366069	6332
19656	366088	6313
19657	366106	6294
19658	366123	6276
19659	366141	6257
19660	366158	6238
19661	366176	6220
19662	366194	6201
19663	366211	6182
19664	366229	6164
19665	366247	6145
19666	366265	6127
19667	366282	6108
19668	366300	6089
19669	366318	6071
19670	366335	6052
19671	366353	6033
19672	366379	6015
19673	366397	5996
19674	366414	5978
19675	366432	5959
19676	366450	5940
19677	366467	5922
19678	366484	5903
19679	366502	5884
19680	366520	5866
19681	366537	5847
19682	366555	5828
19683	366572	5810
19684	366590	5791
19685	366607	5773
19686	366625	5754
19687	366643	5735
19688	366660	5717
19689	366680	5698
19690	366701	5679
19691	366723	5661
19692	366740	5642
19693	366758	5624
19694	366777	5605
19695	366796	5586
19696	366813	5568
19697	366830	5549
19698	366848	5530
19699	366867	5512
19700	366884	5493
19701	366901	5475
19702	366919	5456
19703	366936	5437
19704	366954	5419
19705	366973	5400
19706	366991	5381
19707	367008	5363
19708	367025	5344
19709	367043	5325
19710	367060	5307
19711	367080	5288
19712	367098	5270
19713	367116	5251
19714	367134	5232
19715	367151	5214
19716	367169	5195
19717	367186	5176
19718	367204	5158
19719	367222	5139
19720	367240	5120
19721	367258	5102
19722	367276	5083
19723	367293	5065
19724	367310	5046
19725	367328	5027
19726	367345	5009
19727	367363	4990
19728	367381	4971
19729	367398	4953
19730	367416	4934
19731	367434	4916
19732	367452	4897
19733	367470	4878
19734	367487	4860
19735	367505	4841
19736	367523	4822
19737	367541	4804
19738	367559	4785
19739	367577	4766
19740	367594	4748
19741	367610	4729
19742	367626	4711
19743	367644	4692
19744	367661	4673
19745	367679	4655
19746	367696	4636
19747	367713	4617
19748	367731	4599
19749	367748	4580
19750	367766	4561
19751	367784	4543
19752	367801	4524
19753	367819	4506
19754	367837	4487
19755	367855	4468
19756	367873	4450
19757	367891	4431
19758	367908	4412
19759	367926	4394
19760	367944	4375
19761	367961	4356
19762	367979	4338
19763	367996	4319
19764	368013	4301
19765	368031	4282
19766	368052	4263
19767	368074	4245
19768	368097	4226
19769	368120	4208
19770	368142	4189
19771	368165	4170
19772	368188	4152
19773	368210	4133
19774	368232	4115
19775	368254	4096
19776	368276	4078
19777	368297	4059
19778	368315	4040
19779	368340	4022
19780	368364	4003
19781	368387	3985
19782	368410	3966
19783	368428	3947
19784	368445	3929
19785	368463	3910
19786	368480	3892
19787	368498	3873
19788	368516	3854
19789	368534	3836
19790	368552	3817
19791	368570	3798
19792	368587	3780
19793	368605	3761
19794	368622	3743
19795	368640	3724
19796	368659	3705
19797	368678	3687
19798	368695	3668
19799	368713	3649
19800	368731	3631
19801	368748	3612
19802	368766	3593
19803	368783	3575
19804	368800	3556
19805	368818	3538
19806	368834	3519
19807	368852	3500
19808	368869	3482
19809	368886	3463
19810	368904	3444
19811	368922	3426
19812	368940	3407
19813	368956	3389
19814	368975	3370
19815	368993	3351
19816	369010	3333
19817	369027	3314
19818	369046	3295
19819	369068	3277
19820	369093	3258
19821	369118	3240
19822	369140	3221
19823	369163	3202
19824	369185	3184
19825	369207	3165
19826	369229	3147
19827	369250	3128
19828	369273	3110
19829	369295	3091
19830	369318	3072
19831	369339	3054
19832	369361	3035
19833	369384	3017
19834	369406	2998
19835	369428	2979
19836	369446	2961
19837	369464	2942
19838	369481	2923
19839	369499	2905
19840	369516	2886
19841	369534	2868
19842	369552	2849
19843	369569	2830
19844	369586	2812
19845	369605	2793
19846	369622	2774
19847	369640	2756
19848	369658	2737
19849	369676	2719
19850	369694	2700
19851	369712	2681
19852	369729	2663
19853	369747	2644
19854	369765	2625
19855	369782	2607
19856	369800	2588
19857	369817	2569
19858	369835	2551
19859	369852	2532
19860	369871	2514
19861	369888	2495
19862	369905	2476
19863	369923	2458
19864	369942	2439
19865	369959	2420
19866	369976	2402
19867	369994	2383
19868	370011	2365
19869	370028	2346
19870	370045	2327
19871	370063	2309
19872	370081	2290
19873	370098	2271
19874	370115	2253
19875	370134	2234
19876	370151	2216
19877	370168	2197
19878	370186	2178
19879	370207	2160
19880	370226	2141
19881	370243	2122
19882	370260	2104
19883	370278	2085
19884	370295	2067
19885	370314	2048
19886	370331	2029
19887	370348	2011
19888	370372	1992
19889	370395	1973
19890	370417	1955
19891	370435	1936
19892	370458	1918
19893	370480	1899
19894	370501	1880
19895	370526	1862
19896	370548	1843
19897	370570	1825
19898	370592	1806
19899	370615	1787
19900	370635	1769
19901	370657	1750
19902	370679	1732
19903	370701	1713
19904	370723	1694
19905	370745	1676
19906	370767	1657
19907	370790	1639
19908	370812	1620
19909	370834	1601
19910	370857	1583
19911	370878	1564
19912	370900	1545
19913	370923	1527
19914	370945	1508
19915	370968	1490
19916	370990	1471
19917	371012	1452
19918	371034	1434
19919	371056	1415
19920	371081	1397
19921	371103	1378
19922	371126	1359
19923	371148	1341
19924	371170	1322
19925	371193	1304
19926	371215	1285
19927	371256	1266
19928	371279	1248
19929	371301	1229
19930	371324	1210
19931	371344	1192
19932	371365	1173
19933	371388	1155
19934	371411	1136
19935	371432	1117
19936	371455	1099
19937	371478	1080
19938	371499	1062
19939	371521	1043
19940	371544	1024
19941	371567	1006
19942	371589	987
19943	371612	968
19944	371635	950
19945	371658	931
19946	371680	913
19947	371703	894
19948	371725	875
19949	371746	857
19950	371769	838
19951	371792	819
19952	371814	801
19953	371836	782
19954	371858	764
19955	371880	745
19956	371902	726
19957	371924	708
19958	371946	689
19959	371968	670
19960	371991	652
19961	372013	633
19962	372035	614
19963	372056	596
19964	372076	577
19965	372094	559
19966	372117	540
19967	372139	521
19968	372161	503
19969	372183	484
19970	372206	465
19971	372227	447
19972	372252	428
19973	372275	410
19974	372298	391
19975	372320	372
19976	372343	354
19977	372364	335
19978	372386	316
19979	372408	298
19980	372431	279
19981	372453	260
19982	372476	242
19983	372499	223
19984	372521	205
19985	372543	186
19986	372565	167
19987	372588	149
19988	372610	130
19989	372633	111
19990	372654	93
19991	372675	74
19992	372697	55
19993	372720	37
19994	372742	18
19995	372765	0
