,p0q0
0,-0.3457114980323307
1,0.38994051866798446
2,0.3031136936945047
3,0.2054396174910977
4,-0.2720263658869844
5,-0.5428101133330625
6,-0.28100578627415934
7,0.010204116100153902
8,-0.2685721902313285
9,-0.7507364370636348
10,-0.2374102530342883
11,-0.039246186808231186
12,-0.43509776772476494
13,-0.9273614958866053
14,-0.5036898566373513
15,-0.06422837663266848
16,-0.31013823162051213
17,-0.8069770142042741
18,-0.375967675308345
19,-0.053238365936479286
20,-0.24858334358212203
21,-0.8120827207028927
22,-0.2711676965547881
23,-0.05492122181691427
24,-0.17107387679283934
25,-0.7153725704552913
26,-0.07166514139540443
27,-0.04721990485001613
28,-0.4351491099708304
29,-1.079445364245504
30,-0.10781597016987066
31,-0.006956432878419827
32,-0.29452344743467196
33,-0.4815799811438192
34,-0.19039661851021397
35,-0.056842063823202976
36,-0.3634669510796565
37,-0.5679237544979208
38,-0.37461696193740346
39,0.02662624453691169
40,-0.3491583846760643
41,-0.4912224770398984
42,-0.29004824944375357
43,0.0220263804967615
44,0.1594829712947273
45,-0.8025795868592486
46,0.20099494948091684
47,-0.835807503510795
48,0.2943033384842153
49,-0.758168700120426
50,0.17439401053485015
51,-0.7013382311314951
52,0.162548566353778
53,-0.7029540851222992
54,0.3121676917050003
55,-0.7695231749356128
56,-0.02788062255783888
57,-0.8641048911605687
58,-0.8066583141710186
59,-0.17697330490807167
60,-0.6676202112152543
61,-0.8553294565443629
62,-0.2402725979703214
63,-0.5706368507836482
64,-0.8875890154848463
65,-0.2229546063027352
66,-0.6224369511187275
67,0.5379152073836382
68,-1.0645068185411537
69,-0.09679062506810944
70,-0.46676018093406024
71,-1.025139553512963
72,-0.23617263875079694
73,-0.7189455383885739
74,0.5733566478027137
75,-0.9866080133900827
76,-0.3758338793030033
77,-0.43560348402265187
78,0.32809268248392204
79,-0.8822059355120095
80,0.08631137166324712
81,-0.6857362881076597
82,0.22061687036974928
83,-1.6910914326323476
84,0.09907537275954861
85,-0.8148437046598196
86,0.4028803763707931
87,-1.187044975506066
88,-0.27746429552552443
89,-0.5351256698361203
90,0.40389088895631864
91,-0.959306800401236
92,-0.1694605314132151
93,-0.722799349259647
94,0.4478426931476426
95,-0.9467495804453441
96,-0.2052331489765267
97,-0.7025131244479057
98,0.22040621258200774
99,-0.93045942487753
100,-0.21539281365270613
101,-0.8645031991640941
102,0.2959696538067992
103,0.08502291844981118
104,-0.036555033234254825
105,0.20973854226739058
106,0.11846868330091322
107,0.09780023569272794
108,-0.2587438693029571
109,-0.5606290621353532
110,-0.25189319260766
111,-0.06391643362473244
112,-0.3624425307851497
113,-0.9368204458407488
114,-0.2935492059787399
115,-0.0386965782977759
116,-0.32747799501414904
117,-0.47544422782032264
118,-0.11116226815095362
119,-0.007566377824722953
120,-0.26724810286004624
121,-0.9408285621992136
122,-0.20784350613320915
123,-0.03498558838086845
124,-0.04512455370060892
125,0.584466573612835
126,0.3691611689321095
127,-0.06927774203575424
128,-0.06331698937050766
129,0.20301503874526033
130,0.20020457624465457
131,0.05686315569106049
132,-0.08622299652292063
133,0.20934606544727263
134,0.3687303138300217
135,-0.16273127414301944
136,0.22086303218856787
137,0.2106485721853624
138,0.22535306327011248
139,-0.1383143860293202
140,0.20497975131864607
141,-0.09299909166195723
142,0.0723096495346837
143,0.14846721819556222
144,-0.6408944744259544
145,1.2388264121612276
146,0.14013766434175914
147,-0.6858725362994048
148,1.2936791890913768
149,0.20051344209940938
150,-0.7318031631527961
151,1.2194017274839408
152,0.19584833018375186
153,-0.6803158087230814
154,0.7208935124797613
155,0.14024556230912721
156,-0.673283537395261
157,0.7040534492018216
158,0.13104251737191236
159,-0.8714674434473271
160,1.2308824601025892
161,0.14617199081643184
162,-0.8483476122624191
163,1.0397614635795422
164,0.16853418992637237
165,-0.9002324946022774
166,1.275980070686303
167,0.15055872225670483
168,-0.7516328917137428
169,1.935377867764599
170,0.1494757868507144
171,-0.7370854971832195
172,1.026364827564225
173,0.16910748124832775
174,-0.9742141175489789
175,1.344467470430805
176,0.19921682038686958
177,-0.6514623942357862
178,0.838609845797927
179,0.326344426838351
180,-0.7667087102557262
181,0.4066000648935456
182,0.2320558069986016
183,0.16629637692516017
184,-0.82615626596145
185,1.409585491026543
186,0.16755736143897437
187,-0.7405392232741641
188,1.1369812946975812
189,-0.026693614404552524
190,-0.6426466477103909
191,0.8059251000267416
192,0.20596924953744705
193,-0.642797053446223
194,1.1404182179784204
195,-0.8558207795582666
196,-0.3832508064569451
197,-0.2473154611577762
198,-0.887988976447682
199,-0.3464815123365002
200,-0.02241537603077464
201,-1.2831396089357514
202,-0.2927241759879758
203,-0.09667433958224811
204,-1.5536145478573322
205,-0.3782336878848033
206,0.157440417011083
207,-1.2860451836017546
208,-0.28829108815370486
209,-0.22611254793061653
210,-1.2585800146702746
211,-0.072423150764018
212,-0.18284823722313942
213,0.43267272174459737
214,0.32008110885822466
215,0.5832747948882557
216,-0.47061559814109183
217,1.892496516685294
218,0.4292179843822412
219,0.8378616280580673
220,-0.7477425793911596
221,2.201971018320313
222,0.5452857408050055
223,0.6227201445455508
224,-0.3223751856048453
225,2.16831996665615
226,0.3815324650278784
227,0.43243199895748413
228,-0.3807530723969384
229,2.149970557151369
230,0.34021092327126656
231,0.42279371092417856
232,-0.4611918193573365
233,2.1527100491712075
234,0.510949389365198
235,0.7423369646194643
236,-0.6306855395050209
237,2.171747313764088
238,0.30871754939207363
239,0.772859845407791
240,-0.42545420224718106
241,2.117134250624712
242,0.009247149853481832
243,0.5820571296647088
244,-0.5289197367229934
245,2.225576592360866
246,0.5484085705226796
247,0.7020012766316667
248,-0.5060553634326014
249,-0.10526065658325602
250,0.4130847998582031
251,0.4304957090620499
252,-0.5533204575615698
253,2.2657024474226537
254,0.5747073942428484
255,0.5392526994962095
256,-0.6128326676263072
257,2.1794528409223273
258,0.37871571452860103
259,0.776997823114244
260,-0.05199022138460156
261,2.12508645192729
262,0.30536557007682325
263,0.2071310841155249
264,0.04883370411235006
265,0.41638462795969194
266,-0.15798976680593416
267,0.2734380227174199
268,-0.751020824676053
269,0.24977435123109204
270,-0.9107678647785729
271,0.2680226565052355
272,-1.072660500989484
273,-0.1683281463441124
274,-0.20143024795069767
275,-0.025094653108776573
276,-0.9383792912017738
277,-0.07934738801161781
278,-0.006484305993875585
279,-0.13101920006914736
280,-0.8555202685597346
281,-0.1165931617549469
282,-0.17319017244857468
283,-0.08729843375415831
284,-0.974113164886836
285,-0.07416145247551939
286,-0.2487522077537997
287,-0.08383720983772906
288,0.310886519902417
289,0.3296133394387709
290,0.6028339513883417
291,0.25463509736767054
292,-0.7586895016801535
293,0.23178509684043222
294,-0.9437803831939401
295,0.3386766327714795
296,-0.8223155576075496
297,0.3338867403563721
298,0.24751535140418454
299,-0.8588058886174281
300,0.3138575262704221
301,-0.5825430097889103
302,0.32837883033353626
303,-0.7218589079417531
304,0.318143526330195
305,-0.5158918346563468
306,0.20462211107688535
307,-1.2180378038650406
308,0.44077306070790784
309,-1.323809042605437
310,0.4520404767832989
311,-0.8397829910360662
312,0.41326081386644764
313,-0.896659505519689
314,0.28320989047505063
315,0.5455434615540646
316,0.8953161682111973
317,0.35808223246201415
318,-0.318270211801321
319,0.4915126044858116
320,0.970837673660477
321,0.2759478546392949
322,-0.3207944870952299
323,0.35285223252100195
324,0.6897142994506428
325,0.30993582374335704
326,-0.32812186984398106
327,0.8032031325879693
328,1.0701819142755442
329,0.4778098285769944
330,-0.34224920590717123
331,-1.0463554671911703
332,-1.1804186361357982
333,-0.02418361470935561
334,-1.014998294096622
335,2.0994955165513214
336,-0.7226816600096434
337,0.054810476682089264
338,-0.3848758025540863
339,2.0680971033303828
340,0.17299589795385958
341,-0.05603927561071369
342,-0.08892388712529527
343,2.0576318017995043
344,-1.191836555640754
345,-0.21467849774746828
346,-0.1083764950189463
347,1.9132590719827172
348,-1.2460792247049124
349,-0.1649113408359752
350,-0.10145302174521406
351,2.083023454999135
352,-1.1414262276762084
353,0.21631421991429725
354,-0.9458468675641671
355,2.020361975584091
356,-0.8650641830246354
357,0.06672273634232781
358,-0.4163004628456229
359,1.928388159426542
360,-1.2556888669683677
361,0.1664984713599072
362,-1.0101197349230726
363,2.0370728995375966
364,-1.2023371182137348
365,-0.01673768982828603
366,-0.09292394596942526
367,1.9492836909480578
368,-0.765189898713815
369,-0.1343826079100722
370,-0.10300395972932085
371,-0.22329446252830618
372,2.019409393741729
373,-0.7049330969548447
374,-0.017557998651498992
375,-0.6344800324261437
376,1.9098413049535292
377,-0.854805856680195
378,-0.03359623899591929
379,-0.06981899975799712
380,-0.09689453259561169
381,-0.2550195287751749
382,0.03759403011309073
383,0.31546940959745057
384,-0.21174589420393297
385,0.024923260007151816
386,0.04371116790574811
387,0.293104079442767
388,-0.16026375569275056
389,0.0260112882458834
390,-0.9518484440906713
391,0.3626532504506477
392,-0.24418331857558198
393,-0.018291855079871105
394,0.1673689449049271
395,0.3115279859719811
396,-0.00858912053024829
397,-0.27344678375366743
398,-0.877800983212252
399,0.3226104109561003
400,-0.4191275699151539
401,-0.2810697671591579
402,-0.41835806463307823
403,0.280448500662516
404,-0.4527922849952603
405,0.1347673320252921
406,-0.03986886194953567
407,0.3050999629918654
408,-0.05537064432720461
409,-0.4008132820531101
410,-0.787688849789797
411,0.4598227301944086
412,-0.2460394230348194
413,-0.046350586653407876
414,-0.4814435539813151
415,0.4369766835123643
416,0.10285561256926404
417,-0.01167474836023823
418,-0.05398383312170433
419,-0.21529992399408515
420,-0.06339403382505937
421,-0.08079809045854025
422,-0.13669437040501178
423,0.3502908955390043
424,0.47059065702393754
425,-0.2223332296218954
426,0.45041845395949803
427,0.18090397579025094
428,-0.01685907276013967
429,0.6672847714916599
430,0.3889671072704588
431,-0.3867754117732052
432,1.1294259877234933
433,0.38640063270564184
434,0.08393596913659152
435,0.4064714369010829
436,0.8433821780653165
437,-0.28554597743123744
438,0.05075613413331606
439,1.0971910469750545
440,0.8793479068304794
441,-0.2769720325866315
442,0.05648874359061888
443,0.6239426614065613
444,0.7949617064762522
445,-0.11708276891626955
446,-0.18169071060775474
447,-0.6910509018306062
448,0.5340699339417512
449,-0.24211983536829454
450,-0.9707963098511594
451,0.6690731397608694
452,-0.5707339366414516
453,-0.7037668982466342
454,0.2317609549658294
455,-0.31548547806819593
456,-0.9675928197914264
457,0.6780664143885256
458,-0.3212286702048507
459,-1.0433720113245812
460,0.5166322418597379
461,0.07014601789458047
462,-0.7933521791287264
463,0.5039298506817756
464,-0.5914476806508796
465,-1.1082665693158658
466,0.551199451977636
467,0.0814381707299762
468,0.705502004098206
469,0.7247391592698601
470,-0.15936794668063886
471,0.1387720166669384
472,0.16209533362342607
473,0.03476349945606346
474,0.12329939065215045
475,0.21155648543591804
476,-0.21257258254571806
477,0.12911057562299932
478,0.26221873639368426
479,-0.06811527682754898
480,0.18396873710214812
481,0.20131870343116912
482,-0.1656732318023939
483,0.15293315017361564
484,0.13380465330240784
485,0.1025419849205966
486,0.5291419292824363
487,0.27059939334065763
488,-0.12941653269302614
489,0.2040522039556148
490,0.3585717499373195
491,-0.13193021706141328
492,-0.23112890359706212
493,0.5080751464615474
494,-0.26733828288942485
495,-0.8342665772870397
496,-0.004494448538055391
497,-0.8465131616894378
498,-0.1020403757927436
499,0.13473813336588475
500,-0.9773059610761833
501,-0.23129826063399636
502,0.14208559548813698
503,-1.4928935445005331
504,-0.09880895934881956
505,-0.24437750693598523
506,-0.16910502421871723
507,-0.2077923534466329
508,-0.21545054560762833
509,-0.24689832129793035
510,-0.19913637020452457
511,-0.16436878689896398
512,-0.17876799440916227
513,0.11401455006277858
514,-1.4519022115134526
515,0.21095157190980532
516,0.26412720645949994
517,-0.8842740322832809
518,-0.18944039635042734
519,0.16300878925117793
520,-0.8576985254125697
521,-0.2414278378878881
522,0.04983886094937417
523,-0.7795577810558263
524,-0.17697730697929645
525,0.13614682901805866
526,-0.694126740105923
527,-0.13035374385930804
528,0.2536594398519503
529,-0.010369217258420256
530,0.038430993397960474
531,0.24540719803402822
532,-0.17810065426293265
533,-0.06705143396240343
534,0.11711183613589639
535,-0.09341962103039374
536,0.01940285060053175
537,-0.14427903890219454
538,-0.0001222177929819691
539,0.04334757258605405
540,0.7184541908077574
541,0.23703034632413522
542,0.44078960585255456
543,-0.34489219614448097
544,-0.5173673955809307
545,-0.3680166397934218
546,-0.03105794069382031
547,-0.5039818484664867
548,-0.5282634866114923
549,-0.03468124049964144
550,-0.016897394650641006
551,-0.28435683782373145
552,-0.5688451306566691
553,-0.13305150166409002
554,-0.04885966427334468
555,-0.1829306870133704
556,-0.7488140376155898
557,-0.15556811180031388
558,-0.056359538994618354
559,-0.37181580247340534
560,-0.47031156819750364
561,-0.28980569541508894
562,-0.12757050800043276
563,-0.27533036665067434
564,-0.3132203432397689
565,-0.22721475471899924
566,-0.08867703299960655
567,-0.36198851385852027
568,-0.6214101155716145
569,-0.2054818454970532
570,-0.21352411206579777
571,-0.3301473885922312
572,-0.5607282944937768
573,-0.34641564657043833
574,0.011318196216976011
575,-0.3446243324046765
576,-0.581442395365515
577,-0.09949372061834792
578,-0.028321777617556144
579,-0.38328833245209376
580,-0.6707454339170253
581,-0.3035986915395009
582,-0.025041129419853585
583,0.04236195156055012
584,0.19120682620438023
585,0.19084180991307387
586,0.019861532097711916
587,-0.03657567985707782
588,-0.8284612470384507
589,0.03880088307339517
590,0.13817734064922482
591,0.21557421493799994
592,-0.016199597953223906
593,-0.11941776186726676
594,0.12548901568603513
595,0.30805317413319094
596,0.0015837958953764273
597,-0.22788459381115517
598,-0.7804497852659907
599,-0.04279928746569541
600,-0.04289479904230144
601,-0.24661991042418863
602,-0.5816232530135044
603,-0.28578252953271416
604,-0.0235096664496755
605,-0.3684033196805836
606,-0.5746867525642647
607,-0.27026346115862415
608,-0.05473160161451296
609,-0.3259748396700906
610,-0.5432465590712323
611,-0.2901869034692798
612,-0.03964153917634687
613,-0.31660768946336104
614,-0.6465656895062873
615,-0.2173864698943555
616,-0.04664530106345077
617,-0.21655602395240392
618,0.17989096919901404
619,0.17912988162187762
620,0.09459765508892035
621,-0.34787284082585074
622,-0.5372026133105383
623,-0.2035851001346094
624,-0.04238210204736179
625,-0.15936794668063886
626,0.1365721144353528
627,-0.11681209804749428
628,-0.3862941723146391
629,-0.07042880644999668
630,0.17290582064720847
631,-0.3145749150939387
632,0.10184093656452495
633,-0.6748295888521376
634,0.13134396278808025
635,-0.8921774872422783
636,0.08441661014194629
637,-0.7433804494673436
638,0.10378632921820623
639,-0.8430456106933427
640,0.18119871893871317
641,-0.6193555550147174
642,0.1406652492357551
643,-0.834692582269376
644,0.2669645677093372
645,-0.6954156385784153
646,-0.20573102077504388
647,-1.0377325647384354
648,0.24717077871270396
649,-0.2523233049013758
650,-0.6062982651369179
651,-0.15927207042181263
652,-0.019196801829786257
653,-0.6094594476746891
654,0.026065771172856814
655,-1.107463021756589
656,-0.2340542578950896
657,-0.3286918661307068
658,-0.7569888757118225
659,-0.6597135413718906
660,0.08011503845913583
661,-0.6917638375432731
662,0.34837153820269146
663,-1.0132220456780172
664,0.0373978054747968
665,-0.4978946113692107
666,0.31828117453071786
667,-1.0247532141910345
668,-0.1913722660668616
669,-0.786121438365953
670,-0.9388328164027356
671,-0.1725721130287416
672,-0.9691237393770376
673,0.3933550108110872
674,-0.8988808778325311
675,0.14761803291135742
676,-0.6923050268429372
677,0.3196017921961708
678,-0.9086678702795432
679,-0.13713615475098942
680,-0.6040848771946729
681,0.33581940645935854
682,-0.8225029206228511
683,-0.29012738371207425
684,-0.8056940838836001
685,0.4553310098068968
686,-0.9075916886151414
687,0.09492711420803779
688,-0.6577877553739386
689,0.31860044907778984
690,-0.9525370036163983
691,0.05379965394167735
692,-0.588603616629285
693,0.3817542974977876
694,-1.2621463914235094
695,-0.04913000209363081
696,-1.056178539839922
697,-0.46680257725425534
698,-1.0148468336248717
699,0.17166742743412172
700,-0.9644931685266014
701,-0.31706224037499897
702,-0.8602639193597111
703,-0.20908751185440375
704,-1.32337710740589
705,-0.2686565215254081
706,-1.455937052879893
707,-0.2258093042495395
708,-0.9057311915704895
709,-0.27338001950456153
710,-0.9170466103636857
711,-0.5154075110165339
712,-1.0365790761773743
713,-0.6303873116842278
714,-0.9642264620153662
715,-0.03831085589768216
716,-1.3130732573908832
717,-0.2396376119611907
718,-0.8921815828231386
719,0.4428270848447397
720,-0.8997446712814995
721,-0.21408962472723728
722,-0.8544329169175807
723,0.336173789110511
724,-0.9791723873625744
725,-0.3210152168970224
726,-0.5947247571853016
727,0.2924624810410526
728,-0.9027528013448909
729,-0.160350587427489
730,-0.9767321813290653
731,0.2972705071160773
732,-0.7646990042582944
733,-0.0789349683336815
734,-0.8567115075738297
735,0.42400798934535794
736,-1.1251374015107438
737,-0.09812521885885986
738,0.18620064193069105
739,0.19560437151063373
740,0.16281082167107502
741,-0.09329662170911308
742,0.12281703442701468
743,0.12229309270053748
744,0.09648329237907988
745,-0.21427609995513047
746,0.1809108746444883
747,0.2027727577218674
748,0.12245051013418252
749,-0.2587606441123692
750,0.1513169625321532
751,-0.023820406583785387
752,-0.3166256434518364
753,0.11969489072626231
754,0.15470376963481206
755,0.1030501886638212
756,-0.16596158982320236
757,0.17199353646673662
758,0.15667398381103326
759,0.045166487581289806
760,-0.07590201036463814
761,0.15102647969028973
762,0.21823552417454423
763,0.11373976676514554
764,-0.027860865103484775
765,0.17514037333741952
766,0.13451082341346404
767,0.07512388644128425
768,-0.12445040323708181
769,0.19903635088170782
770,0.16660064954263837
771,-0.0033887125939377973
772,-0.10188090128113456
773,0.1622312343068626
774,0.08231749532230348
775,0.02572759405442878
776,-0.17031543223162668
777,0.1851429898738006
778,0.026452459672751952
779,-0.11993854101239389
780,0.03196964231439369
781,0.22611102164712482
782,0.22008855584365158
783,-0.1868815549019337
784,0.19987502486200934
785,0.273962052338957
786,0.08647651866367913
787,0.24944615590186386
788,0.22237646845956732
789,0.08397193042220968
790,-0.010156498308118534
791,0.06804760974595546
792,-0.145679904995172
793,-0.08199383577446219
794,0.19375788380883982
795,0.20945124074879223
796,0.05304767622000455
797,-0.30821418359311475
798,0.12658625751584943
799,0.23828208477779828
800,0.06443288148858357
801,-0.06651782628154987
802,-0.10776184756227918
803,0.2616907210514767
804,0.06822342114008507
805,-0.30076603870174173
806,0.20324184046989197
807,0.2898938375603333
808,0.0737689308711106
809,-0.266880706030007
810,0.2104766470224694
811,0.20022560614883742
812,0.07706797128198364
813,0.04532849961621587
814,-0.7684493360533285
815,0.9883249238115109
816,0.18147022860301604
817,-0.794496851151683
818,0.931922105496117
819,0.18150290383441214
820,-1.1318411547512646
821,0.8601140425407889
822,0.1818467850874488
823,-0.9668784711698241
824,1.6662077639034274
825,0.16927176587227216
826,0.13860748326855948
827,-0.9289074675996241
828,1.175321429956181
829,0.14233270022929656
830,-0.7425601559433175
831,0.775474980111714
832,0.16853418992637237
833,-0.7258105055341565
834,0.9075206028604083
835,0.13934895322986757
836,-0.7978216765092405
837,0.8308724659300392
838,0.05076227747624244
839,-0.6654702640274291
840,0.900514974818279
841,0.1866979802572315
842,0.006517324533476329
843,0.7363410707736292
844,-0.00708962464476446
845,0.2933054705970766
846,0.5609814687835997
847,0.03688378265256018
848,0.0974884059127947
849,-0.36891255537945233
850,0.5739879008806535
851,0.06295735383439334
852,0.18533918744574107
853,-0.3494590267770373
854,0.7060630451263142
855,0.07875676280046634
856,0.660336522618286
857,-0.6176072511921187
858,0.7722828842624139
859,0.21914761164000127
860,0.8093265655118596
861,-0.5704024817390312
862,0.6676284036626546
863,-0.03477109421498646
864,0.668635226744965
865,-0.44901418299948137
866,0.6456382738270419
867,0.14313622724135378
868,-0.06693999339814062
869,-0.474437366157787
870,0.4980692449644627
871,0.1185931080003821
872,0.12466011984183586
873,-0.7482069272858598
874,1.0064430250199803
875,0.176993970124724
876,-0.6437599161316127
877,1.0080094887968964
878,0.12889028367260788
879,-0.7139602787339877
880,0.9029751976233064
881,0.11600665959786918
882,-0.8168986147775662
883,0.9426884951612765
884,0.10790399880431474
885,-0.7051252938384132
886,1.0480150808317392
887,-0.20800657881362836
888,0.3890142363533948
889,0.727731227173565
890,0.4392079701613592
891,0.5496316596408998
892,0.4918306585624844
893,0.3118304261900745
894,-0.18604729896176253
895,0.2681489911177682
896,0.4945505864027514
897,0.029531195677399077
898,-0.204006113575736
899,0.074904961639739
900,-0.2254881261640692
901,-0.27953128828585255
902,0.8143479822522476
903,0.5019753709691803
904,0.8059090710353584
905,0.3642355259369999
906,0.6757279074258582
907,-0.6210134727105812
908,2.1690311394790154
909,0.46582180843038656
910,0.4337699276795279
911,-0.6205855345882528
912,2.2019262942865354
913,0.35590518890953693
914,0.4509492234394072
915,-0.48702266417687395
916,2.153650149632915
917,0.36694859317890105
918,0.17244248540155838
919,-0.5815939080139005
920,2.0985575282651796
921,0.35676614925841943
922,0.5008426427930074
923,-0.6497382315112653
924,1.9419219559203016
925,0.38628587506366363
926,0.6026561873302604
927,-0.2745696342005131
928,-0.6771588758994411
929,0.43170217035277647
930,0.2943033384842153
931,-0.41731648711919833
932,2.161876510738487
933,0.5653763203460288
934,0.624745485968204
935,-0.43391648140901895
936,2.129886648207302
937,0.46674928133952365
938,0.8974372006647495
939,-0.7022675311354758
940,2.3131243739981566
941,0.5243241834959496
942,0.3648163846469373
943,-0.5670608276769477
944,2.2152248316796737
945,0.40358560160657125
946,0.1772655932844924
947,-0.5625157754447846
948,2.243221363153413
949,0.32713548353908795
950,0.8321807344176531
951,-0.6675362390202287
952,2.193414343061554
953,0.4630350517931931
954,0.9291916163891958
955,0.08650680930670558
956,2.0988076768481836
957,0.5112593912192975
958,0.5074837473185692
959,-0.4456218562242982
960,2.1759854603075914
961,0.5019582588756324
962,0.0649440993104238
963,-0.4565645279933124
964,2.2035370570129147
965,0.5249827423034996
966,0.15391125913591838
967,-0.6239966861290727
968,2.1248426188203875
969,0.45282214075670335
970,0.9819598109537044
971,-0.6906857409892153
972,1.9980333611537437
973,0.37510415804376385
974,0.6840406552191828
975,-0.5302961303034734
976,2.1733428763121503
977,0.354938761351868
978,0.15059820688803421
979,-0.43167466211723887
980,2.2029347581105063
981,0.26857209114511016
982,0.18689763813409105
983,-0.45484325307034285
984,2.2437174619116034
985,0.4731231163524608
986,0.4344552618666783
987,-0.40348475293376695
988,2.1917143849351737
989,0.5508964050569013
990,0.42621977521534155
991,-0.22235990834994754
992,2.2261243490145493
993,0.5619778402314003
994,0.7327642413825672
995,0.17142025291746546
996,0.5697609066066619
997,0.36720607721572734
998,0.8808265390648103
999,0.030873125690133608
1000,-0.048326723824276614
1001,0.5634678044706323
1002,-0.20896282297864696
1003,0.09829513795854258
1004,0.13448267878326223
1005,0.25685384940394757
1006,0.36649757989848153
1007,1.025336885487352
1008,0.33351610244490154
1009,-0.24515712331609632
1010,0.7310863037731962
1011,0.7693395268888855
1012,0.2856157769439867
1013,-0.3508379969303334
1014,0.3115960813649638
1015,0.47328123283755497
1016,0.6056634731497642
1017,-0.35586291043767615
1018,0.6156216936991392
1019,0.38145617324669917
1020,0.27378382963583725
1021,-0.37332863973538455
1022,0.826665332626057
1023,0.42696084124197964
1024,0.26278583521750565
1025,-0.3184917013216984
1026,0.8240306820206661
1027,0.6827170939710175
1028,0.24244608867197054
1029,-0.2886307467971217
1030,0.37603807232219916
1031,0.715140727539983
1032,0.19848591822171918
1033,-0.26639579722701395
1034,1.1662351243660123
1035,0.4301447045361565
1036,0.3690425126116363
1037,-0.2631501749373191
1038,0.6383519414010059
1039,-0.49840512654339275
1040,0.8523063556542259
1041,0.3754635020339524
1042,-0.3314854679174132
1043,0.3456739811330231
1044,0.8481152545288361
1045,0.22697475379733123
1046,-0.31366445039117563
1047,0.5684465934669747
1048,1.1564143542192373
1049,-0.3365556599707995
1050,0.37049103564982605
1051,0.8603688185409982
1052,0.601643831261423
1053,-0.402551815024968
1054,0.28901064846279295
1055,1.1414551873818548
1056,0.45779613985020595
1057,-0.3092511436604241
1058,0.3833319316696263
1059,0.7464965426190222
1060,0.5006885316306293
1061,-0.36385477881568606
1062,0.5244535837565847
1063,0.7465888563849553
1064,0.2621189384959146
1065,-0.4100974258152973
1066,0.3008932310949562
1067,0.7705417789263627
1068,0.22718062855914573
1069,-0.3790253248267935
1070,0.2984353187068084
1071,0.7400195214496582
1072,0.2332706667373031
1073,-0.35464396838864537
1074,0.25518753980194625
1075,0.7711155771386474
1076,0.18563812003965552
1077,-0.36837851651617365
1078,0.3135061838924518
1079,0.7293147345811422
1080,0.30711183577006423
1081,-0.3432255697596334
1082,0.03622157048371704
1083,-0.4749321737319213
1084,1.9833049642336582
1085,-1.3038128356335703
1086,0.014248384668531209
1087,-0.08987550978110583
1088,2.040945575125661
1089,-0.7063447099122768
1090,0.29693161534306917
1091,-0.09780483386566653
1092,1.914829724397496
1093,-1.3183687686648582
1094,-0.01667599259873123
1095,-0.7130094328477362
1096,1.902109587831473
1097,-1.204214961253315
1098,-0.006636624083954776
1099,-0.020944431461370466
1100,1.9902916287628276
1101,-1.0884814799117832
1102,-0.36748735843516994
1103,-0.5026661687072107
1104,1.9115738224360468
1105,-0.8015170925860351
1106,-0.12923199817270156
1107,2.1324291045137107
1108,-1.0741983579504084
1109,0.4866964180533447
1110,-0.6769717016693962
1111,2.0885014308803123
1112,-0.9921887961126307
1113,-0.6034919459332747
1114,-1.0583263774095786
1115,-0.1317744258953669
1116,-0.5825044163884419
1117,2.005965676880545
1118,-1.3648086187558535
1119,-0.4183317598934155
1120,-0.05960251521830499
1121,2.01613182363263
1122,-1.2413765033274033
1123,-0.021235618449952778
1124,-1.1638203500211817
1125,1.9741392049217172
1126,-1.2738476980202678
1127,-0.40654237165527274
1128,-1.0766111707694757
1129,2.177563483447551
1130,-1.2640664318565522
1131,-0.14203869289515844
1132,-0.43890787114030844
1133,2.1552083317789887
1134,-1.0019586748439175
1135,-0.3306508656488846
1136,-0.555925153670721
1137,1.9425288453335416
1138,-1.3698971629235444
1139,0.1326353469528531
1140,0.10655485995526237
1141,-0.7175899157739396
1142,1.9972715002230337
1143,-0.9894735641231269
1144,-0.046910967353277454
1145,-0.2432640019204333
1146,1.94494933255956
1147,-0.9516726047229804
1148,0.1218882334459287
1149,-0.6521616034274572
1150,1.9051829605106565
1151,-1.229180286535994
1152,-0.013023382977984298
1153,-0.17003621406005248
1154,0.734415102206694
1155,0.47574561514444413
1156,-0.3942780746494581
1157,0.4991436653545905
1158,0.2276857776074348
1159,-0.06171316018622351
1160,0.718036948666648
1161,0.25780932245426513
1162,-0.0076881444514745
1163,0.5384914126678293
1164,0.1480754475509717
1165,-0.11589730539659047
1166,0.2902870433182148
1167,0.18686741073920782
1168,-0.1681721903742826
1169,0.47454288957239493
1170,0.13477783287523754
1171,0.8186385797482996
1172,0.24958222349017353
1173,0.4276691703850514
1174,-0.21490262904297927
1175,-0.0979070088647877
1176,-0.17805689309329573
1177,0.05783432713174413
1178,-0.053048449816352136
1179,-0.041165268251753664
1180,-0.08484893487721067
1181,-0.070719607133666
1182,0.6461279567988082
1183,-0.08436458144574085
1184,-0.31578897026952607
1185,-0.37755040404002854
1186,-0.11223103723740513
1187,-0.11293139353684849
1188,-0.09942035051604602
1189,-0.21016921511144082
1190,-0.04848092829637624
1191,-0.15542076298331986
1192,-0.03168068315183212
1193,-0.26304626390475644
1194,-0.21026890110805938
1195,-0.03247281417409757
1196,0.11502745591579897
1197,-0.1502983699376096
1198,-0.07910714610120814
1199,-0.22731686135736026
1200,-0.1673859804927592
1201,-0.1773737073896034
1202,0.042455787668708334
1203,-0.16732097576551969
1204,-0.10881436992296484
1205,-0.11650174438099434
1206,-0.11077145255806436
1207,-0.07754396331345288
1208,-0.38204065701106954
1209,-0.09032167825514728
1210,-0.1147136829352504
1211,-0.0974311549524029
1212,-0.11240201937515922
1213,-0.11430745121828252
1214,-0.22290130719484566
1215,-0.1615749877632155
1216,-0.045431318168297354
1217,-0.08107600342569991
1218,0.03413470225679764
1219,-0.02032066387198779
1220,-0.12433793857594573
1221,0.07025883243927644
1222,-0.3348640468417381
1223,-0.056030520868965206
1224,-0.04056398928703406
1225,-0.14985857613529213
1226,0.08731811440552668
1227,-0.057290933739593375
1228,-0.18820374913382867
1229,-0.12517263257933883
1230,-0.06055301347437988
1231,-0.11521717047898082
1232,-0.9703369835848142
1233,0.4508094392867256
1234,0.15294012945031196
1235,0.2671114281141318
1236,0.04287728315310433
1237,-1.3243031176818327
1238,0.29020138143549806
1239,0.2743797013596469
1240,0.1376063137443972
1241,0.39340263823775384
1242,0.20396182104146698
1243,0.22333629520511222
1244,-0.7586376691370933
1245,0.3976884291050621
1246,0.27530643264149596
1247,-0.6735316475671261
1248,0.28582007699370615
1249,0.12873615621572929
1250,0.4974427740717009
1251,0.030894135740859797
1252,-0.30700366624569264
1253,-0.3571346768899332
1254,-0.5478552012301052
1255,-0.2720615978531746
1256,-1.0625242932196735
1257,-0.3795290584396982
1258,-0.06989789570362309
1259,-0.2843404733210676
1260,-0.5389453913017853
1261,-0.3018126348609802
1262,-0.05183980660722671
1263,-0.2648110190319902
1264,-0.5351592090526618
1265,-0.27901378072569244
1266,-0.10542907234290036
1267,-0.39248103645109483
1268,-0.5406354120586623
1269,0.04448868050161982
1270,-0.3381284930174192
1271,-0.6226155682635582
1272,-0.5600953560875405
1273,-0.09945071377877081
1274,-0.2923064180323774
1275,-1.1255620368831878
1276,-0.36951672341991326
1277,-0.3648431866449417
1278,-0.7752626014768793
1279,-0.23994948802347463
1280,-0.010075191523907557
1281,-0.34257626359120735
1282,-0.6849214991913668
1283,-0.23278503556600189
1284,-0.05593365179398565
1285,-0.3656369988772709
1286,-0.5344026184145603
1287,0.18300567785473013
1288,-0.72097574199977
1289,0.1675436753016588
1290,-0.8189958864773181
1291,0.48726724230812446
1292,-1.1100869025800715
1293,0.17097635412106826
1294,-0.8562955805465
1295,0.34824737360546376
1296,-0.6965903999637877
1297,0.19591753313562274
1298,-0.9087653901968368
1299,-0.04523296690172251
1300,-0.8880702709059174
1301,-1.00814301871509
1302,-0.6013779851969022
1303,-0.6107512924910604
1304,-0.8228468293536808
1305,-0.20064807306929047
1306,-0.6195078691647227
1307,-1.1493267538390233
1308,-0.38301368126532315
1309,-0.4711307736655144
1310,0.5490404484517878
1311,-0.8982042975490757
1312,-0.1152672347143201
1313,-0.7296846721728469
1314,0.6152934111139482
1315,-0.8221605334704651
1316,-0.14666343118439007
1317,-0.8651868977159792
1318,0.7212621736778116
1319,-0.8602814703233725
1320,-0.23805961388541025
1321,-0.9496619930518038
1322,0.2566246667236697
1323,-0.8777569082588009
1324,0.1628105875749598
1325,-0.832701810545844
1326,0.2681929966131334
1327,-1.5830624364584898
1328,-0.18578204729743747
1329,-0.5189992211569259
1330,0.3537485579975997
1331,-1.0798759453783657
1332,-0.31702613787375183
1333,-0.6950487718901124
1334,0.2986971204635563
1335,-0.9598827267198656
1336,0.04112846239552768
1337,-0.9009884253663591
1338,0.2253932148882719
1339,-0.8321204202165657
1340,-0.10489993016328636
1341,0.2631739905525495
1342,0.048229689195353156
1343,-0.017707982424340553
1344,0.11621618967629117
1345,0.18295377052322498
1346,0.20265397991461995
1347,0.08371597082882265
1348,-0.3061516041513441
1349,-0.595163141153185
1350,-0.0784249329034916
1351,-0.11801237806625864
1352,-1.0786247408842384
1353,-0.419721227734236
1354,-0.07030023185274238
1355,-0.29876094110499296
1356,-0.77287755609424
1357,-0.3444963902282979
1358,-0.18232773189129442
1359,-0.3470142250456067
1360,-0.9009432081736635
1361,0.24310876846278381
1362,-0.04491186361966085
1363,-0.016965280649727174
1364,0.20449547559427303
1365,0.2166111200796453
1366,0.048522383577725516
1367,-0.03439932570015426
1368,0.1403945969520126
1369,0.1863338281976844
1370,0.07455235417190598
1371,-0.14970281227588603
1372,0.1677727903953324
1373,0.12338171673995987
1374,0.0009016573430115165
1375,0.014222223171695334
1376,0.21459449271079056
1377,-0.0207115628391767
1378,0.05540536149992301
1379,0.08452626064725699
1380,-0.8211669760619467
1381,1.3484081367482204
1382,-0.23984829608191574
1383,-0.7818563763230779
1384,0.8438084515845355
1385,-0.6646814410541357
1386,-0.23115318552518957
1387,0.17606848848206239
1388,-0.7160460136379444
1389,0.8124537877978477
1390,0.17080733658286873
1391,-0.7099815049284814
1392,0.613879751301635
1393,0.10325291764023231
1394,-0.7350297798802699
1395,0.9987746736674731
1396,0.10328223121634443
1397,-0.8062490249231423
1398,1.3456608077818162
1399,0.423791825351044
1400,-1.0337670956016571
1401,1.0055259962897558
1402,0.17275471363884567
1403,-0.9531704084508164
1404,0.9181287707840277
1405,0.10481088781760009
1406,-1.013861625990012
1407,1.1515757107447633
1408,0.030765895134866713
1409,-0.776649626877355
1410,0.8622664030334112
1411,0.055231935344567384
1412,-0.8478122571983274
1413,1.41026910882495
1414,0.2903316655395399
1415,-0.705915688219936
1416,1.9179571173257335
1417,0.18146690717286354
1418,-0.9500326926724986
1419,1.170852153690637
1420,0.039880215774197036
1421,-1.0611853522494394
1422,1.021516879705433
1423,0.18514565147674675
1424,-0.735414562851452
1425,0.8800389264577303
1426,0.32828756616330934
1427,-0.7590095798791926
1428,0.7624449767051447
1429,0.09856145289597491
1430,-0.7243611882586795
1431,1.3509420380032757
1432,-1.0092069283002225
1433,-0.31141281821225897
1434,0.21434007022733306
1435,-0.8841328004622794
1436,-0.3476901023979575
1437,-0.07825488940038589
1438,-1.1074760247527742
1439,-0.2890699529040528
1440,-0.05573170562683011
1441,-1.2269182290679694
1442,0.05833386424821275
1443,-0.24710166079125553
1444,-1.2796723821970193
1445,0.2764157868230608
1446,-0.3887761407206941
1447,-1.25237529564477
1448,-0.3768919497732113
1449,-0.0071516174500098105
1450,0.32874125255585157
1451,0.45495680287404183
1452,0.19755377180018083
1453,1.9391634425123092
1454,0.5556067717690725
1455,0.18057897464015843
1456,-0.6274999832951911
1457,2.143939871051134
1458,0.4837368511986779
1459,-0.061061966528584775
1460,-0.6067288581092652
1461,2.1618988794265923
1462,0.32456907398892426
1463,0.5038064101576324
1464,-0.3841441096662102
1465,2.21767352327374
1466,0.36009478000175904
1467,0.5414058834843086
1468,-0.711248235985429
1469,2.08703747125577
1470,0.452409698844165
1471,-0.7443318832588113
1472,-0.11367166539680508
1473,-0.12578146199360626
1474,0.16779320603258116
1475,-0.5693787642444149
1476,1.8755572210311386
1477,0.23066058309216028
1478,0.526157540235832
1479,-0.4353243262923978
1480,2.0956762886836833
1481,0.522591167886983
1482,0.7039766871349508
1483,-0.6233561089996967
1484,2.1608687010104557
1485,0.38553391249392155
1486,0.5143839972828851
1487,-0.5457994906664074
1488,2.2479679729801756
1489,0.40744003549086155
1490,-1.0840169332125067
1491,-0.10888760688978535
1492,-0.17300515094805546
1493,0.2507401574721081
1494,0.0626965963482401
1495,0.14121445161505528
1496,0.24220894989886385
1497,0.3035699896353723
1498,0.2226067293004124
1499,-0.25049273203580597
1500,0.28328715939468696
1501,-1.2217857328271338
1502,0.03374736302000537
1503,-0.14450869182538725
1504,-0.07205898655444617
1505,-0.7758975254897869
1506,-0.12536890307793952
1507,-0.18876117327265093
1508,-0.08394518530929909
1509,-0.8317797132913354
1510,-0.1111885062530405
1511,-0.23994567129236588
1512,-0.04342115491250581
1513,-1.0616243130003642
1514,-0.059829426882671156
1515,-0.06698266592096978
1516,-0.07335594625400557
1517,-0.8317797132913354
1518,-0.20024478606009105
1519,-0.2578066977762287
1520,-0.15079357927081885
1521,0.4734322980453235
1522,0.3592158698289373
1523,0.46395812815676696
1524,0.5024148123758044
1525,0.32761758473477626
1526,-0.4329364032846859
1527,0.46872180060111823
1528,0.29133227382612237
1529,-0.7887233632465137
1530,0.31514230983054864
1531,-0.7749254942719621
1532,0.434137322175273
1533,0.26572404561317586
1534,-0.8812989242463923
1535,0.47179326311274156
1536,-0.5090419755752296
1537,0.28377771954959796
1538,-0.8179212908969967
1539,0.4068337668590667
1540,-0.7916389490927052
1541,0.30339505636714487
1542,-0.8481116818752958
1543,0.42170568172308504
1544,-0.7984134254258559
1545,0.3014749687809893
1546,-0.842207989116446
1547,0.4442470451722231
1548,0.2835894373103357
1549,0.5441059388186394
1550,0.9671707671150628
1551,0.24833262676820153
1552,-0.2901076288719033
1553,0.3505554137158494
1554,0.3987781535467336
1555,0.4480716375985928
1556,-0.45080509607391317
1557,0.4136399116977444
1558,0.9124167405927961
1559,0.5618885349502268
1560,-0.013185586251094786
1561,0.07815656528375114
1562,-0.0013599366193208483
1563,-0.04214048654669762
1564,2.0663113900983334
1565,-0.8647217989532946
1566,0.01772198755994222
1567,0.03846874596951116
1568,2.0773662496511873
1569,-1.2792102381579158
1570,-0.057765163685115445
1571,-0.6248893686280447
1572,2.034168793862896
1573,-1.15308187450704
1574,-0.16177963380890784
1575,-0.21705394163564448
1576,1.9706848605996283
1577,-0.8151038483492866
1578,-0.08897903901423206
1579,-0.9414555037536244
1580,1.9877614837839215
1581,-1.2010135836546383
1582,0.03431716726006507
1583,-0.03013485598047065
1584,1.9952543335111201
1585,0.0978431591384487
1586,0.1149398186697538
1587,2.020730154076943
1588,-0.8099539655434922
1589,-0.060999662602660376
1590,-0.4994276061506732
1591,-1.1209188479153538
1592,1.9240977179811511
1593,-0.9381285021863005
1594,0.017197387037425148
1595,-0.024337188651553925
1596,2.0335363432642013
1597,-1.2188589699970074
1598,-0.1425950055723775
1599,-0.04958556003136454
1600,2.0490698893865744
1601,-1.142633312292092
1602,0.06304940956559248
1603,-0.09951724908579859
1604,0.10805552331398655
1605,0.02840177258346281
1606,-0.0117045820513701
1607,-1.1118372210821457
1608,2.0086639002713786
1609,-0.8070892741784589
1610,0.062493495397631216
1611,-0.07659395317674986
1612,0.054366074795770575
1613,-0.1911727777100773
1614,-0.0918113010295433
1615,-0.08526069373902422
1616,-0.06700696522111561
1617,0.09071916704040997
1618,0.33679089161235526
1619,-0.1516642708718419
1620,-0.047783283421259475
1621,-0.23578542691763174
1622,0.5503177228476923
1623,-0.13865221043403836
1624,0.01725638565358153
1625,-1.0517171756678925
1626,0.5349940604839869
1627,-0.2014150791245903
1628,-0.0103844564280779
1629,-0.24926436380173425
1630,0.5567502413343316
1631,-0.19971819320859763
1632,-0.04379148491471871
1633,-0.17543643890869431
1634,0.3744783709094901
1635,0.014324067927194515
1636,-0.1355530487878476
1637,-0.030954844486058355
1638,0.5028582092467401
1639,-0.19965489939329412
1640,-0.030482300824086633
1641,-0.9878611299697817
1642,0.42212951906440915
1643,0.0482674382868905
1644,-0.027571307566722228
1645,-0.006492773667959503
1646,0.33971114955939535
1647,-0.1226957359295923
1648,0.014949814311528404
1649,-0.5354517072103782
1650,0.3523419813742985
1651,-0.0053907392963524915
1652,0.07883703052279434
1653,-0.19011959467882708
1654,0.2033624518591168
1655,0.10733727042744322
1656,-0.04874153175443154
1657,-0.22816030527713305
1658,0.37596956326419667
1659,0.33249762519259035
1660,-0.15170849044017964
1661,0.9713683446219762
1662,0.5730412379789742
1663,0.041370220279631026
1664,0.6501512830983788
1665,0.5129980396365764
1666,-0.13461924866236885
1667,0.9033384408422338
1668,0.21658016916292516
1669,0.038151165984443534
1670,0.8760830889071682
1671,-0.1237668772331432
1672,0.23142695197849084
1673,0.34909324526711816
1674,0.884539926933846
1675,-0.11374717407346156
1676,0.3596079816312946
1677,0.5943630605228283
1678,0.8917222798515511
1679,-0.6163467505310435
1680,-0.1484025406447972
1681,-0.9623962650022315
1682,0.4623695581940166
1683,0.24285260090830607
1684,-0.599728296626797
1685,0.6269226695606852
1686,-0.3136618370962385
1687,-0.7514966676509979
1688,-0.6706122723981969
1689,-0.9026164689777597
1690,-0.35896855185068816
1691,-0.7158644616348567
1692,0.616892795397371
1693,-0.3101708450483576
1694,-0.9960279616697113
1695,0.6963328576390548
1696,-0.3878775391074757
1697,-0.9687156682890534
1698,0.660152973019231
1699,-0.44645158065696683
1700,-0.7144594534842764
1701,0.40495866182013984
1702,-0.02024205810909075
1703,0.5304612001129975
1704,0.7270586364537507
1705,-0.16937692669300258
1706,0.19611508880053558
1707,0.19858363348367833
1708,-0.14630881741960733
1709,0.24794379248236909
1710,0.5613222145031078
1711,-0.06634537585434686
1712,0.16553162209354413
1713,0.17644734688898636
1714,0.1502921336235476
1715,-0.990155394767172
1716,0.009201344006061377
1717,0.18428561578461986
1718,0.20804970687740237
1719,-0.16605608722043605
1720,0.1395191567601872
1721,0.2487424177176362
1722,-0.12239049300811365
1723,0.1403945969520126
1724,0.1969299581169403
1725,-0.06959722374579763
1726,0.06344426044469917
1727,0.22899786439540062
1728,-0.23451336060554084
1729,0.034065731543469785
1730,0.2685351589721355
1731,-0.1829049371928077
1732,-0.8421107321244669
1733,0.11940542625077862
1734,-0.8833157646675044
1735,-0.17379908617681816
1736,-0.05385630953272104
1737,-1.248493655416083
1738,-0.23710216058585626
1739,0.12096834710812113
1740,-1.6074694671747372
1741,-0.10382597216522257
1742,-0.2751856825976219
1743,-0.1265293730562442
1744,-0.3086891852439955
1745,-0.304828142965767
1746,-0.20285352241393595
1747,-0.04000458559130421
1748,-0.2552169759526681
1749,-0.14198745420937428
1750,-0.002901664120680759
1751,1.902506522146968
1752,-0.9373750725169322
1753,-0.10242099219119867
1754,-0.05222895383701461
1755,-0.1707030252874057
1756,-0.04898892522084239
1757,-0.22290702382038466
1758,-0.007376977854301865
1759,-0.9388444762878483
1760,-0.1470055745767888
1761,0.13971505490868885
1762,0.04727494395137127
1763,0.16992095943670804
1764,-0.9113858423411658
1765,-0.15272506941793113
1766,0.04565024315014032
1767,-0.10231888007195958
1768,0.10643703649846321
1769,-0.8807596026959573
1770,-0.21767725581576353
1771,0.1369717780747438
1772,-0.7236538247346646
1773,0.0008530102149811568
1774,0.024323399053155375
1775,-0.16251047548458256
1776,0.12479796315203463
1777,0.07930564573505415
1778,-0.0646961951364909
1779,0.006907726490042573
1780,0.04242087219575288
1781,0.8965948526536512
1782,-0.21656880647731583
1783,0.1699774666483528
1784,0.9643518144032813
1785,0.07424393817022736
1786,0.4441086422793244
1787,-0.292676340904342
1788,-0.45968757782049396
1789,0.18972759864135214
1790,-0.13079620706032385
1791,-0.01817509587797618
1792,-0.5498217625416785
1793,0.02872891152191023
1794,-0.3583081205053979
1795,-0.5355858269675658
1796,0.3730320363926786
1797,-0.010795301749259717
1798,-0.2384310037578332
1799,-0.5826015496473985
1800,-0.13669717674364865
1801,-0.02059806345313587
1802,-0.3272128526448527
1803,-0.4804814863272772
1804,-0.23943213869782667
1805,-0.049842611362872026
1806,-0.25216952986242097
1807,-0.5606870104471787
1808,0.10111770263216523
1809,-0.11282839575452598
1810,-0.2983267852888747
1811,-0.5446894822091264
1812,0.07849222740245762
1813,-0.11629299640485984
1814,-0.3736025057964429
1815,-0.6997745601593373
1816,-0.30484185420249
1817,-0.08809066271743435
1818,-0.3163856687331958
1819,-1.1406025488833202
1820,-0.09670466718615395
1821,-0.06345822181110937
1822,-0.13988009830188097
1823,0.4472610322227362
1824,0.6815566915588377
1825,0.17255567612089337
1826,-0.16988914853225054
1827,0.1803922756649136
1828,0.15949942289766578
1829,0.031091310340970856
1830,0.13353894252995532
1831,0.15881472158306756
1832,0.16905585050818178
1833,0.1403022829328673
1834,-0.3661718565079699
1835,0.19320358218713
1836,0.21045355117456352
1837,0.1206495018464474
1838,-0.25028321459189995
1839,-0.5876860270084543
1840,-0.37946485968874255
1841,-0.06916535323927368
1842,-0.2852131906295403
1843,-0.5362763305397409
1844,-0.3094503382487622
1845,-0.017124084984838528
1846,-0.3574667041128659
1847,-0.5136898361375226
1848,0.1304995418890251
1849,-0.03958886539817836
1850,-0.26956877152279063
1851,-0.5724632024285936
1852,-0.3062916649399392
1853,-0.0018518074408090462
1854,-0.31970285179582586
1855,-0.5329996620560327
1856,-0.28715911482279444
1857,-0.052808752283421856
1858,-0.38006849189984565
1859,-0.5518769782453284
1860,-0.23261257348320613
1861,-0.034388889547557144
1862,-0.0942200385645046
1863,0.20292430888574886
1864,0.1603917311797573
1865,0.1091163486886087
1866,-0.399789127678802
1867,-0.5107670326864953
1868,-0.2099173154266401
1869,-0.04081105164199193
1870,-0.013169912121460816
1871,0.14475760502837504
1872,0.25103288106759475
1873,-0.15501319879570227
1874,-0.15344719922480232
1875,0.17667694154187083
1876,-0.4536055269900294
1877,0.05113436537613318
1878,-0.6451487317444379
1879,-0.17609795522456806
1880,-0.8819413301154665
1881,0.17959636936079545
1882,-0.5897188943509091
1883,0.6318907270322484
1884,-0.8877447460412927
1885,0.07357347733584528
1886,-0.867414134281171
1887,0.17065960485161571
1888,-0.6571153831519556
1889,-0.9441968634543584
1890,0.012708497683162996
1891,-0.008787991278981866
1892,-1.2800095518885626
1893,0.256547815370979
1894,0.33952319624081945
1895,-0.8209369813949704
1896,0.2711780488895637
1897,-0.3317157593991895
1898,-0.8346514455409387
1899,-0.008805133370679199
1900,-0.36183439271121143
1901,-0.6112836491048165
1902,-0.01097960938970968
1903,-0.15851526008026787
1904,-0.5213307649439426
1905,0.48001931987734914
1906,-0.25000357441846577
1907,-0.47498383724717025
1908,0.35170177768956695
1909,-0.051489184084946314
1910,-0.5213706997429473
1911,0.29731819925537073
1912,-0.9029650361039869
1913,0.015327913845034874
1914,-0.6450624116881187
1915,0.3740821488898622
1916,-1.0280081221720718
1917,0.2977375558737922
1918,-0.6535074072287598
1919,0.26758274624108547
1920,-1.079134736495489
1921,0.8998210800063606
1922,0.5448888461980588
1923,-1.0237766875005452
1924,0.4196310820829082
1925,-0.668434319670677
1926,0.4083822777642186
1927,-0.9179462837443829
1928,-0.020443586493532718
1929,-0.5254496966896921
1930,0.32716460606755016
1931,-0.924625704102841
1932,-0.15227482941302745
1933,-0.7978893100025634
1934,0.6062963282762728
1935,-0.8164880737423736
1936,0.37938501098456534
1937,-0.9260395904583942
1938,0.3122552137134682
1939,-0.9144939162825059
1940,-0.02597597161803124
1941,-0.7846069226312178
1942,0.40714450737012764
1943,-0.9882932162966438
1944,0.016308222643747813
1945,-0.5992567803357856
1946,0.43121123154830193
1947,-1.6344405507143462
1948,0.09967470977716517
1949,-1.0546637011789004
1950,0.04921863431361412
1951,-1.5293443948398961
1952,-0.015182102339030206
1953,-0.95558928301301
1954,0.1189133056172475
1955,-1.1073777986199143
1956,-0.2813473712679268
1957,0.33814732731639685
1958,-0.9667094308547568
1959,-0.2022002997577777
1960,-1.5971398215593209
1961,-0.02031846429435415
1962,-1.2134436257846153
1963,-0.035611795035967696
1964,-0.9556308997803992
1965,-0.2981829247435852
1966,-0.8825531000063268
1967,-0.5007866694069675
1968,-0.9450196001302286
1969,-0.40970542736274396
1970,-0.9542688026200478
1971,-0.15071997448358146
1972,-0.704603430258061
1973,0.337857170366067
1974,-0.813287353763693
1975,0.05745679492592857
1976,-0.7168292336821658
1977,0.49650899648047586
1978,-0.9091203778978876
1979,-0.31331644013835114
1980,-0.725541269318125
1981,0.2680586710682781
1982,-0.9536081639757645
1983,-0.16058212787967943
1984,-0.8035718966498965
1985,0.2901186582249425
1986,-0.8158509947682147
1987,-0.36455400266984894
1988,-0.47832505404848913
1989,0.3763816781405498
1990,-0.8875944804736807
1991,-0.09135447387040488
1992,0.13086982341857908
1993,0.19785330597311548
1994,0.11563840937966337
1995,-0.31591076302139476
1996,0.18939275343312706
1997,0.21014819471005003
1998,0.2730741924524593
1999,0.18673859489886133
2000,0.2809251288607558
2001,0.06855150116455007
2002,-0.34426066211614165
2003,0.16540530578347126
2004,0.2304011034523697
2005,0.1421457788678267
2006,-0.09037212092922842
2007,0.16573821550013756
2008,0.21954020275344982
2009,0.26138491247839507
2010,-0.21611035166844914
2011,0.12641270702841803
2012,0.11523689729329721
2013,0.12851030111525463
2014,-0.17568906003867304
2015,0.13190975778976344
2016,0.25591496980695116
2017,0.22797069697000258
2018,-0.15436372622884115
2019,0.19990123173814175
2020,-0.3719259729446387
2021,0.012877677404639815
2022,-0.2147132550483416
2023,0.1883323298538525
2024,0.2025379191779264
2025,0.04836454692005281
2026,-0.13267907964253758
2027,0.12525079729814756
2028,0.06957908588737662
2029,-0.019091942883211085
2030,0.19131070265812863
2031,0.18915632595627607
2032,0.10666996142716373
2033,-0.1088415613298419
2034,0.6017784035267252
2035,0.06459380053042442
2036,-0.08088680296575605
2037,0.15184490634828024
2038,0.14110936053732553
2039,0.07005787632637293
2040,-0.06043146351817342
2041,0.2033308544353739
2042,0.17187817834468586
2043,0.1655952183475013
2044,-0.17995146033783105
2045,0.17407411970271397
2046,0.26219461840837177
2047,-0.29212419157745767
2048,0.16048484955494277
2049,0.05285164793084836
2050,-0.09469931633801379
2051,0.13855481433083225
2052,0.16792926954326537
2053,0.04669363399111651
2054,-0.1655775500296078
2055,0.18472414646059188
2056,0.19532695911498166
2057,0.11343616298164577
2058,-0.1399083572901855
2059,0.17844373106255423
2060,0.2821931338783158
2061,0.049561852816076016
2062,-0.12438274168430011
2063,0.19978573590184193
2064,-0.034758366621774964
2065,0.11265397215704279
2066,0.14968489298894103
2067,-0.7360638180463249
2068,0.9762713079906672
2069,0.20190128572426888
2070,-1.114184326481511
2071,0.8586879647357152
2072,0.04896022599089154
2073,-1.2448386869212018
2074,0.8383813394027395
2075,0.18263684166051378
2076,-1.2163679627571964
2077,1.0984785992871342
2078,0.17802069687112346
2079,-1.0627645560179273
2080,1.1392105348307535
2081,0.1645155388100142
2082,-0.7994716473386534
2083,1.1393476953607968
2084,0.43325458382382515
2085,-0.7844073521384582
2086,0.9286422382774582
2087,0.47229467225532423
2088,-0.8581905391664955
2089,0.9512837822032412
2090,0.17375374391650883
2091,-0.5731171494435958
2092,1.8121145416544433
2093,0.185909541010325
2094,-0.6363775681279976
2095,0.7624499568921052
2096,0.1679058426459915
2097,-0.4293529666092973
2098,0.5957900320368779
2099,0.2627923738552635
2100,0.16802143080426932
2101,-0.6825698915988787
2102,0.6216359459924254
2103,0.15632670276840518
2104,0.8361664540506739
2105,-0.5227098302923064
2106,0.5770277922843199
2107,0.10147840536852301
2108,0.4216479955693839
2109,-0.5841696928428224
2110,0.3160957883750763
2111,-0.011191031866440873
2112,0.3381566246680748
2113,-0.6066527098800822
2114,0.253995518639295
2115,0.22204312791075073
2116,0.4154362481090276
2117,-0.5570687876527735
2118,0.5718458996305589
2119,0.15583423916095981
2120,0.28199468769754316
2121,-0.42639886762102497
2122,0.7213907190806215
2123,0.07363524161515571
2124,0.16551889508583428
2125,-0.5489883434917607
2126,0.5960633672225051
2127,0.18793351153739268
2128,0.09738477924158152
2129,-0.5401622168135732
2130,0.5601621657393654
2131,0.4061826550846968
2132,0.09179770039796842
2133,-0.5860828485254438
2134,1.0038264265267585
2135,0.17348271630939205
2136,-0.11294383445577426
2137,0.18468141880813846
2138,-0.4800305822211493
2139,1.6859324727324625
2140,0.17364285759061585
2141,-0.682416679784511
2142,1.0079495768726618
2143,0.18069134500115067
2144,-0.7256142548381177
2145,0.9646445554881083
2146,0.140209129563216
2147,-0.8462748038765113
2148,0.8857809313382246
2149,0.030850454317225058
2150,0.42319045233673563
2151,-0.15565557733977836
2152,0.7127431764389256
2153,0.3441445948436862
2154,0.6534688556207474
2155,-0.04500171561833096
2156,0.6332924910004851
2157,-0.26082420976865245
2158,0.6028447724633957
2159,-0.20911430273604195
2160,0.03965427625342854
2161,0.2860455453192504
2162,0.3543919458190872
2163,0.5019569686393668
2164,0.14798709743565466
2165,-0.17430023287274396
2166,-0.20738985627328071
2167,0.021911773304941356
2168,-0.1551197798946646
2169,-0.10658824560326259
2170,0.6552256518722056
2171,0.5016882157696282
2172,0.6611766711336755
2173,0.30622353209076575
2174,0.4584270729230777
2175,0.452845016697604
2176,-0.8480993140513905
2177,-0.117988315770606
2178,-0.0313098237256108
2179,0.16426286386109673
2180,2.159774775110623
2181,0.5248547174399313
2182,0.8382348603515822
2183,-0.20562108651898298
2184,0.5090952373481092
2185,0.2049470804193094
2186,-0.36562878693356965
2187,2.276337846941425
2188,0.4005814188745316
2189,1.6921679008436257
2190,-0.9863009530844798
2191,0.45465554075236086
2192,-0.7171491209270193
2193,2.1766854981655936
2194,0.5508622656013012
2195,0.3005060185205442
2196,-0.687765311295385
2197,2.1565918877612553
2198,0.27847588547930496
2199,0.6030313714958951
2200,-0.3924384067389529
2201,2.190044082172034
2202,0.2609514263888656
2203,0.5223054662938124
2204,-0.7232747840006427
2205,2.065027282736854
2206,0.3752888409601634
2207,0.6117086485383777
2208,-0.5899064683926412
2209,2.0282468900948305
2210,0.3352689633356433
2211,0.8562719392285224
2212,-0.5771069378984215
2213,2.2630062072578334
2214,0.5216977273311154
2215,0.765977474257138
2216,-0.5196155531269144
2217,2.228411280908506
2218,0.5472435434671846
2219,0.9102576903910677
2220,-0.3892204246254425
2221,2.208726222555173
2222,0.5578386052991816
2223,0.4420669861783451
2224,-0.3740201862648713
2225,2.2966018405688247
2226,0.38591801624455013
2227,0.42944686057052744
2228,-0.5418770657156409
2229,2.1922277046232654
2230,0.342577291809258
2231,0.17769044036684054
2232,-0.7194496987344181
2233,1.9009287510822328
2234,0.31541424834737997
2235,0.48931454238769906
2236,-0.697564358512877
2237,2.1523416584480883
2238,0.5646415751988004
2239,0.4501373461111525
2240,-0.5657353290947819
2241,2.243690615660205
2242,0.526410110598415
2243,0.7074693557745633
2244,-0.5137783272449664
2245,1.872124781592881
2246,0.36606638169093686
2247,0.46079482547815204
2248,-0.5365627800013553
2249,2.155028464946999
2250,0.5524415388511212
2251,0.5387400028988389
2252,-0.44289836965962415
2253,2.0522633860503445
2254,0.5859173976078637
2255,0.5002288107173803
2256,-0.3621136201559154
2257,2.1290561112514546
2258,0.5396176328460536
2259,0.482696644681755
2260,0.10405769778937475
2261,0.7372903879427293
2262,0.36790875248030697
2263,0.6069677781267635
2264,0.4070854844421464
2265,-0.9093281925441185
2266,0.5680926651233947
2267,-0.1778645209781863
2268,0.2220182930660262
2269,0.004964079801881253
2270,0.23151434944483057
2271,0.2767317917536474
2272,0.8145633008241551
2273,0.5828828218829467
2274,-0.35249422829431515
2275,1.2530447690110038
2276,0.8824828731090077
2277,0.40961098130631796
2278,-0.2639950232039087
2279,0.5580254045913056
2280,0.5358416174269024
2281,0.3074861871709023
2282,-0.4529360480347072
2283,0.3624001537034619
2284,0.6820223666918597
2285,0.3307001871589993
2286,-0.32805005124856534
2287,0.28162069995025996
2288,0.9335247683252144
2289,0.26278713245078994
2290,-0.3012424268086907
2291,0.3578330415774447
2292,0.7617326098148585
2293,0.2956775188390285
2294,-0.24855124521699645
2295,0.3341854581566565
2296,0.5508264188423622
2297,0.25369295338528014
2298,-0.2611826965911491
2299,0.389896354851924
2300,0.6637869220085502
2301,0.5076041803253465
2302,-0.30252909331673133
2303,1.1131890201116443
2304,0.22026344941009157
2305,0.5107312280987182
2306,-0.3457767931803824
2307,1.0594976333917012
2308,0.9264387137325661
2309,-0.3877972148209432
2310,0.39459170798108767
2311,0.9870942239505938
2312,-0.2978240805160327
2313,0.37379652182818063
2314,0.9330774015148693
2315,0.21480247900360697
2316,-0.47166374853110876
2317,0.31442862352353673
2318,0.6617030822794147
2319,0.4001080974180875
2320,-0.4041289399886982
2321,0.6444141178325795
2322,0.7462559499589559
2323,0.3347988305743665
2324,-0.4665886971481587
2325,0.39077897147740676
2326,0.7104822255207348
2327,0.27033434293079966
2328,-0.4631831253012532
2329,0.3815986355716669
2330,0.6889026373066475
2331,0.1971492774920491
2332,-0.3167451801923247
2333,0.4178627577413963
2334,0.678898927434179
2335,0.28264636897103024
2336,-0.37804096269282195
2337,0.3969330745457082
2338,0.6801016759601678
2339,0.32821946284720027
2340,-0.3711923607106778
2341,0.23307598467391097
2342,0.9716680825108531
2343,0.3545898733927326
2344,-0.16389228250939375
2345,0.3235595872903821
2346,0.5729618550498491
2347,0.49354929387017177
2348,-0.20317133491433945
2349,1.720373675908661
2350,-1.2543382931942164
2351,-0.3153665118495039
2352,-0.6708188451143254
2353,2.0037996190422844
2354,-1.2048163949790496
2355,-0.02472175808731649
2356,1.9416862885826038
2357,-1.201540943384649
2358,-0.19382926632497705
2359,-0.6618253156777932
2360,1.9440984891908726
2361,-1.2163297575596173
2362,-0.5323334371919013
2363,-0.9133475486619593
2364,1.9431931025364777
2365,-0.8661615172241143
2366,-0.13463566825248224
2367,-0.6720932647578205
2368,2.1398067435536423
2369,-0.8971721861168364
2370,-0.3651568937136643
2371,1.9703723540684088
2372,-1.109319745320554
2373,0.04690364691045483
2374,-0.6422061399198767
2375,1.96631295707695
2376,-0.8034176987729033
2377,-0.8090854503379128
2378,-1.1766080253372944
2379,-0.391080429151049
2380,-0.5118032458197858
2381,2.035071547734984
2382,-1.2227904469966353
2383,0.017231503760719
2384,-0.633898244526024
2385,1.9818417299516158
2386,-0.8976715481801474
2387,0.011337954615903052
2388,-0.039528131683332204
2389,1.939177109971475
2390,-0.9080976589579624
2391,0.11556741629781174
2392,-0.04635266178739715
2393,2.0400518869973503
2394,-0.005228752937853734
2395,-0.008312358869379569
2396,-0.5736422509520056
2397,1.9515593842917183
2398,-1.32193706668233
2399,-0.005137063933954784
2400,-0.5672729356019469
2401,1.991085081657784
2402,-1.2967430872161696
2403,-0.25797089164720455
2404,-0.006719975793621318
2405,1.8806128082568978
2406,-0.8863212790746976
2407,-1.0222522054952725
2408,-0.12355181255044988
2409,-0.11660285148762656
2410,-0.07230877000859917
2411,-0.35079714059790995
2412,-0.6723199935805017
2413,1.9415863962007704
2414,-0.7093362086115569
2415,-0.0016472675597057522
2416,-0.6968642133159714
2417,1.876585952093931
2418,-1.0577866106896727
2419,-0.009494968772601284
2420,0.32140982833041143
2421,0.23128978829199984
2422,-0.04647601053398215
2423,0.9660926318404055
2424,0.6081029272147668
2425,-0.11463444832515936
2426,0.9427293417642197
2427,0.31418634977608256
2428,-0.3943898620426121
2429,0.3445703850649204
2430,0.32662595524601207
2431,-0.07914646767937382
2432,0.4259311787863652
2433,0.485693059628858
2434,-0.39660709066688554
2435,0.7760835010065799
2436,0.4258489594371238
2437,-0.14652686259472938
2438,0.47882794927912337
2439,0.5642605880634017
2440,-0.1316001416449971
2441,0.4245495913103007
2442,0.3358972515832793
2443,0.05724043035895341
2444,0.3644981972581865
2445,0.3102195248566896
2446,-0.11475986492196255
2447,-0.0923749237398854
2448,-0.1504929569193789
2449,-0.15722776780801848
2450,-0.12165412543098669
2451,-0.23600863669433092
2452,-0.20109973843278095
2453,0.05715019547448456
2454,-0.20650861180280633
2455,-0.23852904806398864
2456,-0.06220609369151146
2457,-0.08171691891110593
2458,-0.19610765530368154
2459,0.03822945429920614
2460,-0.13881990076774225
2461,-0.18613851767650078
2462,-0.37578970722927224
2463,-0.1452769435048627
2464,-0.13901739243945566
2465,-0.4720651081796342
2466,-0.06853605909393347
2467,-0.1292343347870105
2468,-0.07884233300258751
2469,-0.10412677814156301
2470,-0.20197300620988282
2471,-0.18715965966024062
2472,-0.07189816005909848
2473,-0.03750012923213276
2474,-0.07991332586056668
2475,-0.07451012599014871
2476,-0.11044985378745423
2477,-0.24569883953060725
2478,-0.07649007061490443
2479,-0.07325195840746936
2480,-0.1482557403569168
2481,-0.06739980524504949
2482,-0.05657607212781223
2483,-0.07802388733634925
2484,-0.12939249680537865
2485,-0.6013323181641075
2486,-0.16138561665128673
2487,-0.06739980524504949
2488,0.012274244739446463
2489,-0.4505162306103752
2490,-0.06715723081809996
2491,-0.07160179996105985
2492,-0.09468153933139158
2493,-0.06967037944101451
2494,-0.10146702655597184
2495,-0.2771367638541036
2496,-0.1391141878936228
2497,-0.08327288718373428
2498,-0.21821454618262578
2499,-0.19326831324583946
2500,-0.11341327052964963
2501,0.013984607968576458
2502,-0.17038818919708978
2503,-0.14321857960446308
2504,-0.12910678251966437
2505,-0.08521859060685644
2506,-0.1419863696534931
2507,-0.1468005628033395
2508,-0.0003127342716309705
2509,0.2855434220251524
2510,0.127584716139537
2511,0.2828178305140574
2512,0.1468861743999433
2513,0.33033482119454033
2514,0.1753890333805539
2515,0.40747564699522487
2516,0.21374054349847674
2517,0.2003509571974009
2518,-0.9202173829977254
2519,0.27164468823313204
2520,0.13839437181856137
2521,-0.6446019928548814
2522,0.2712894399686986
2523,0.22342849861953978
2524,-0.37773009897775944
2525,0.10341377685787767
2526,0.625823385937509
2527,0.2838073535043937
2528,0.2647223849981339
2529,-0.4469060829657546
2530,-0.5705821656266811
2531,-0.21401464056994302
2532,-0.08436743336397594
2533,-0.20410327686279375
2534,-0.7697054327786592
2535,-0.2075401816900303
2536,-0.04873029710446637
2537,-0.29998605874392154
2538,-0.6201583336946905
2539,-0.13034108796568297
2540,-0.014733736681412363
2541,-0.3787230248311098
2542,-0.5021261950564602
2543,-0.09890907425764034
2544,-0.034673840335867984
2545,-0.023648700721221584
2546,-0.5544241424879102
2547,-0.1322731266430726
2548,-0.047954661298105175
2549,-0.3603335722077932
2550,-0.795483736683167
2551,-0.2751514459788441
2552,-0.040602386437823684
2553,-0.3564305729343311
2554,-0.6975657269693843
2555,-0.02471394370557101
2556,-0.04219120515287978
2557,-0.36621624582789625
2558,-0.5048340721779351
2559,-0.26031519934158903
2560,-0.0529140548109657
2561,-0.3549795476199573
2562,-0.3105130690780842
2563,-0.2524104374368273
2564,0.010511156824435163
2565,0.4160027856044936
2566,-0.973329758630839
2567,0.13501747480262385
2568,-0.8209236569727391
2569,0.2897514113282
2570,-0.8763729487954497
2571,0.15941943904192954
2572,-0.6292720504395158
2573,0.1747793665021804
2574,-0.576078797720645
2575,-0.2582543282318489
2576,-0.5668383149326328
2577,-0.8600579972802883
2578,-0.07149111233981438
2579,-0.46323063172912815
2580,-0.8115290784634682
2581,0.2852563238852674
2582,-0.7630115450648907
2583,-0.8574472801395714
2584,-0.13634863009614015
2585,-0.5498131821237534
2586,-1.2687929025470666
2587,-0.5666987829587072
2588,-0.426149619278138
2589,0.7429784846196992
2590,-0.7912698924965716
2591,-0.2361593482367251
2592,-0.4432570938452581
2593,0.4259691119229615
2594,-1.04687683366272
2595,0.012660191463068888
2596,-0.969235459981072
2597,0.6492289123758704
2598,-1.5665303270367297
2599,-0.2472474769349105
2600,-0.6472515456599752
2601,0.4050590613741281
2602,-1.0009857544667689
2603,0.18467814588525558
2604,-0.6024393719297041
2605,0.28696367895362934
2606,-0.7988235137364769
2607,-0.35174320115485525
2608,-0.7692174810291741
2609,0.13566425153295864
2610,-0.9256593980643937
2611,0.18322613236725255
2612,-0.7412986611618576
2613,0.32802160662410795
2614,-1.1573592400988715
2615,0.14839176478678218
2616,0.5018030019178107
2617,-0.9720031833772454
2618,0.009454423980475973
2619,0.32865479410073045
2620,0.12309977693422121
2621,0.07409805268093986
2622,0.21754517835377946
2623,0.16841660188783464
2624,0.14068922984404705
2625,-0.35709902340556804
2626,-0.5561095012708505
2627,-0.10570893190710311
2628,-0.16682358089358498
2629,-0.2917242342386069
2630,-0.6671437276924291
2631,-0.31566315163433273
2632,-0.034673840335867984
2633,-0.2677109341806064
2634,-0.7521816536996715
2635,-0.3172022717958079
2636,-0.05802205780820827
2637,-0.32963845256146895
2638,-0.46466750842243915
2639,-0.07976473362476243
2640,0.01159908297638881
2641,-0.2044619539912889
2642,0.15587081389425128
2643,0.28338167053156155
2644,0.03933451162985255
2645,-0.17276306975997877
2646,0.1855977714505507
2647,0.20203652874458644
2648,0.08454768763563979
2649,0.10770349520049881
2650,0.059087167156429095
2651,0.220039637336627
2652,0.1692938532681644
2653,-0.05578195810826959
2654,0.1585801405913049
2655,-0.15597733809903425
2656,0.10247770749537893
2657,-0.003400688932815621
2658,0.16171207278524316
2659,-0.014856833057492835
2660,0.0076864793874491365
2661,0.1585096561168496
2662,-0.847398874669535
2663,1.6551609017580966
2664,0.16432854948409575
2665,-0.7402957254897422
2666,1.4744296159221486
2667,0.17292486205926888
2668,-0.76352817124466
2669,0.6784949897918592
2670,0.16880389028031936
2671,-0.7242412298419328
2672,0.9432212136739874
2673,-0.02955471767217542
2674,-0.717463300831126
2675,0.6047744811647928
2676,0.15879514965180117
2677,-0.8933606299338657
2678,1.0227725351293186
2679,0.21460767891397758
2680,-0.7799793250136332
2681,1.5753857328286693
2682,0.20335470051956422
2683,-0.8887958963727021
2684,0.6799605990267724
2685,0.21565754097529308
2686,-0.8694140443606132
2687,0.7302111810585579
2688,0.17362196778696612
2689,-0.7665729988486696
2690,1.2280077010425026
2691,0.5390295261515136
2692,-0.8273700311355227
2693,0.835945674697763
2694,0.06753819263866649
2695,-0.9126652090548812
2696,0.8808020332682809
2697,0.4274362067272762
2698,-0.8129376866422915
2699,0.6999756662352311
2700,0.2037500514472703
2701,-0.7613997424851684
2702,0.7741804415923594
2703,0.2773326375873102
2704,-0.8491714018006502
2705,0.7958756996310664
2706,0.1611850408560409
2707,-0.634952933125738
2708,0.14378857495776792
2709,-0.6787423813972979
2710,1.0856614308100025
2711,0.1879908962639503
2712,-0.9802052146009379
2713,-0.8635509642862766
2714,-0.21815426425310386
2715,-0.2250997532808244
2716,-0.8970641380652488
2717,-0.35459863451644696
2718,0.09759688905144856
2719,-0.45420028710931976
2720,-0.15835492620110422
2721,-0.38209617599158374
2722,-1.0537715250735136
2723,-0.3037239221805286
2724,-0.012392853360108215
2725,-0.8470518182380425
2726,-0.2502348918525244
2727,-0.20082627145769663
2728,-0.8832545191639438
2729,-0.2580397933805429
2730,-0.2254659966969312
2731,0.784668429331173
2732,0.3353197843788446
2733,0.3355423832441813
2734,-0.5384542297880303
2735,2.0425392259069244
2736,0.4743267928729503
2737,0.5618494448756486
2738,-0.7297586025062164
2739,2.3179432429550846
2740,0.4786955406284448
2741,0.15193305558855993
2742,-0.5353692143235975
2743,2.124918187006254
2744,0.5626076255527871
2745,0.5141818528092541
2746,-0.554044963735043
2747,2.1802444767552522
2748,0.48249249388473414
2749,0.7239638698868144
2750,-0.7006411858748753
2751,2.11101705808393
2752,0.24256179073952036
2753,0.8679054078153148
2754,-0.637344597558226
2755,2.184847772463538
2756,0.502188186203185
2757,0.9103393374742583
2758,-0.5197489602207908
2759,2.127706653247606
2760,0.47896821533929607
2761,0.5122966140805519
2762,-0.7014088932713415
2763,1.9104233564829693
2764,0.5234753747918722
2765,0.41949487925420265
2766,-0.6934855527677894
2767,2.045153874093388
2768,0.48946614048558185
2769,0.4139758650858537
2770,-0.6830282830463009
2771,2.1480855856306578
2772,0.551891028673384
2773,0.2186707438290056
2774,-0.3704960415047119
2775,2.1302440492725587
2776,0.5494970892794445
2777,0.7059462727484898
2778,-0.6371664240154863
2779,2.234814580426038
2780,0.54461302141691
2781,0.25324577700585704
2782,0.24686844274228104
2783,0.2772677881918348
2784,0.04538023523878694
2785,0.22490102093798525
2786,-0.25723014580368364
2787,0.25844866556620133
2788,-0.20636214701475694
2789,0.2739464768151
2790,-0.9148207981189547
2791,-0.07116582331675783
2792,-0.2280200320561262
2793,-0.08487175252877174
2794,-0.9051641390868257
2795,-0.06009425438669804
2796,-0.22492209127917745
2797,-0.026661113219326977
2798,-0.8839307611151775
2799,-0.11948873104209647
2800,-0.21788645786638478
2801,-0.03852772153158645
2802,-1.096878227404041
2803,0.11733745625262303
2804,-0.24661350717728237
2805,-0.29976651177931385
2806,-0.6573887778306774
2807,-0.06405980637445566
2808,-0.1369749043297174
2809,-0.2710215822962267
2810,0.324991770356685
2811,0.3775616986950865
2812,0.87722182036785
2813,0.5968808903072045
2814,0.35116102393917464
2815,0.4416455585820235
2816,-0.9095575068975145
2817,0.40126619661638424
2818,-0.7934822844794662
2819,0.39432795600048726
2820,0.39567116845457
2821,-0.7549763048149483
2822,0.28682783497332864
2823,0.16510167670085096
2824,-0.2861305352245936
2825,-0.6780906371202937
2826,0.3338073210575562
2827,-0.7948693351739153
2828,0.36568438887804366
2829,-0.5987304165264493
2830,0.4211481930626534
2831,-1.441032894001888
2832,0.4272242526470514
2833,-0.8765613990009621
2834,0.5975156922154718
2835,0.37129640563715527
2836,-0.6864413210752877
2837,0.2820257229587608
2838,0.34245343409242135
2839,0.740121168001391
2840,0.2808959138568399
2841,-0.2537118897350378
2842,0.3496364073186927
2843,0.41360828669971306
2844,0.2782420677029937
2845,-0.3069308492222381
2846,0.3768620753524204
2847,0.7746568861136718
2848,0.41059381396298694
2849,-0.23350998128904646
2850,0.3106272477441701
2851,0.7322840254559186
2852,0.3295222756273183
2853,-0.29175257478025424
2854,-0.5802533839804916
2855,-1.0665878566898048
2856,0.05372255319438211
2857,-0.181407612914342
2858,2.073830795488767
2859,-0.9239693897526671
2860,0.05678787066117442
2861,-0.541961104904036
2862,1.972362842554973
2863,-1.2033983751103179
2864,-0.5791567802364062
2865,2.072024057657881
2866,-0.8434675250206644
2867,-0.49332207831855024
2868,-1.0250723285278858
2869,2.0031113461851566
2870,-1.067245965346208
2871,-0.24879309868765354
2872,-0.4801684861530075
2873,2.0276776722173997
2874,-1.0450650299377173
2875,0.4691950790525441
2876,-0.671839475209932
2877,2.087619188902544
2878,-0.8358201697439589
2879,-0.013713418939190874
2880,-0.5056550174036218
2881,1.4567739494293512
2882,-1.2276585526266226
2883,-0.022866411657120257
2884,-0.6933379320897048
2885,1.9216923803629307
2886,-1.2868707814636264
2887,0.06924948771722152
2888,-0.5392140040350483
2889,1.924978275532728
2890,-0.9009254057792275
2891,0.09909329546314327
2892,-0.28559610055323237
2893,1.7822423056753507
2894,-1.2253920782762562
2895,-0.13812778755153954
2896,-0.5817589920492985
2897,1.9096304225021112
2898,-1.2811703617589356
2899,-0.28061071642229324
2900,-0.37127544581968275
2901,-0.0648021275515729
2902,0.05225809467237854
2903,-0.2305797916294405
2904,-0.13401592480901423
2905,-0.06158615428802931
2906,0.03673441259519188
2907,-0.07377902469360664
2908,0.3931818745102448
2909,-0.18395416557525818
2910,-0.022095389951106652
2911,-0.9716077958466313
2912,0.36404906248893776
2913,-0.177886828155731
2914,0.08166960872741755
2915,0.33950110228988173
2916,-0.08315840518659266
2917,-0.1665323056788777
2918,-0.5172806007455437
2919,0.42127161721392736
2920,-0.1733110913331417
2921,0.007109035338424851
2922,-1.0570160081678468
2923,0.3618065055529608
2924,0.08310319845805374
2925,-0.14327821244487146
2926,-0.8338427746944117
2927,0.30484359695372754
2928,-0.0620092367942232
2929,-0.28286319620823325
2930,-0.1097318611795157
2931,0.5638365127180205
2932,-0.0615788037225171
2933,-0.1969741649704803
2934,-0.5121711141792652
2935,0.5760498794930003
2936,-0.3025155440568184
2937,-0.37883052161205805
2938,-0.4513402317947353
2939,0.4573155974104679
2940,-0.15498397892997492
2941,0.1837914874878444
2942,-0.11015423446141459
2943,-0.19704547767005984
2944,-0.19361956849561338
2945,-0.10991530012016025
2946,-0.1844308720515659
2947,0.46683124812337246
2948,0.13655462828511683
2949,-0.07454974519643207
2950,0.4956970320740642
2951,0.147436146026899
2952,-0.07150089285121086
2953,0.4163162081713737
2954,0.27066530738503697
2955,-0.11761654100307313
2956,0.6415345207679537
2957,0.31448493044964115
2958,0.010466916191334599
2959,0.8513245136558496
2960,-0.20034766452487443
2961,0.017756506058429416
2962,-0.07661220399552506
2963,0.8398964550363164
2964,-0.19407909822487343
2965,0.019721891790742102
2966,0.9392599443700251
2967,0.937959649236037
2968,-0.17398213091926523
2969,-0.40718449608632346
2970,-0.8868743053766244
2971,0.5668931729196539
2972,-0.10893871216085976
2973,-1.1637871193828802
2974,0.614362446248596
2975,0.16722514100042596
2976,-0.976814031442108
2977,0.1382277629434441
2978,-1.1804229513174176
2979,0.31867148457675615
2980,-0.3677103469378888
2981,-0.5164931079263536
2982,0.698797857355659
2983,-0.18052482192925612
2984,-0.97588014482471
2985,0.43542738058916386
2986,-0.7460814338499934
2987,-0.7652965149806699
2988,0.7535247657966138
2989,0.2530363614896043
2990,-1.131547693253309
2991,0.7210575289282602
2992,0.053370253998768005
2993,0.6437232697634806
2994,0.6555738071453813
2995,-0.10633832171289477
2996,0.20939635425933573
2997,0.1871974381897086
2998,-0.05540313163042365
2999,0.1793191761424515
3000,0.2785339572882187
3001,-0.14149823687486368
3002,0.18736793444590505
3003,0.4379760050844606
3004,-0.09194818813746528
3005,0.12586540372908972
3006,0.20082621985913535
3007,-0.14613470023180408
3008,0.12012850607912878
3009,0.1546165481207558
3010,-0.10098272677378947
3011,0.4309507969597608
3012,0.21558139679280505
3013,-0.12185729646523752
3014,0.20552167975837068
3015,0.2371402862037745
3016,0.09872744285103513
3017,0.15393626460515314
3018,0.11560479290052318
3019,-0.17387991770279368
3020,-0.10538985939037705
3021,0.980896117734358
3022,-0.11579931400072686
3023,-0.731648231671861
3024,0.14260127618461116
3025,-0.988976512772402
3026,-0.2227344113356339
3027,-0.04248097610878901
3028,-0.7860952612085221
3029,-0.012214138321211513
3030,0.054535535662831904
3031,-0.8172942746267731
3032,-0.21589591093961594
3033,-0.2229056605121264
3034,-0.17844973290005342
3035,-0.35902434032955266
3036,-0.0844395281496089
3037,-0.16706179797741025
3038,-0.17091848897388534
3039,-0.20294980589639727
3040,-0.1625563200614008
3041,-0.19079479502408966
3042,-0.10286070732795691
3043,-0.2639428498675407
3044,-0.23459497518204142
3045,-0.27157049581941173
3046,-0.10319839725773843
3047,0.11694556227985556
3048,-0.9778300120757835
3049,-0.05761193706851132
3050,-0.0060678564128672
3051,0.05831441471500652
3052,0.33893983151999696
3053,-0.8055944684348952
3054,-0.07845127448720918
3055,0.1688804779657067
3056,-0.8952991716088543
3057,0.2231913626655745
3058,0.36143709901812854
3059,-0.014444993791575144
3060,-0.7894851704855333
3061,-0.20020612409545302
3062,0.02252125700373228
3063,0.3177863735558601
3064,-0.15682125148415502
3065,0.026570292601745413
3066,-0.007093336187409369
3067,-0.18241554078996142
3068,0.03706320435940127
3069,-0.006774079479145309
3070,-0.20484680570946173
3071,0.03435871726337631
3072,0.8548476113337947
3073,0.07977303512332513
3074,0.6419857986829455
3075,-0.3298288820860006
3076,-0.5025371449742462
3077,-0.2894605939765135
3078,-0.03573877871993862
3079,-0.33460451354458176
3080,-0.4998253937708106
3081,-0.041751298049308265
3082,-0.017285495521361886
3083,-0.3257172802475372
3084,-0.5696236858554947
3085,-0.13090112112522112
3086,-0.044148430306873834
3087,-0.3684105625728876
3088,-0.10489530826277971
3089,-0.040883643463749675
3090,0.006896157632378257
3091,-0.36328216792102297
3092,-0.46123809851507636
3093,-0.14286688670557698
3094,-0.2467875925703149
3095,0.09783320755951566
3096,-0.10960300368222312
3097,-0.30199574120583744
3098,-0.47463067843760104
3099,-0.24597880832481292
3100,0.00792299745921808
3101,-0.3337737684987384
3102,-0.4700391788331642
3103,-0.042786439084962824
3104,-0.044148430306873834
3105,-0.32929506739179204
3106,-0.5861697738439784
3107,-0.224069072780732
3108,-0.017491058142044713
3109,-0.2998079606960107
3110,-0.7601121316122802
3111,-0.4096138701062124
3112,-0.03808814253637828
3113,-0.20753511544745318
3114,0.4469632603242674
3115,0.23430016753525235
3116,-0.11395141207250423
3117,0.23336843008858282
3118,0.048645200419989584
3119,-0.20342000356650783
3120,0.15581652866114495
3121,0.20381526137229175
3122,0.1797763397164442
3123,-0.3327342070837449
3124,-0.5973020505034996
3125,-0.40619983294263357
3126,-0.05230104905189331
3127,-0.32161073962777914
3128,-0.68379784029004
3129,-0.0007220946221271237
3130,-0.05230104905189331
3131,-0.31459036011661135
3132,-0.4858817382091618
3133,-0.0720837671097809
3134,-0.22352607503338634
3135,-0.3054586457313859
3136,-0.9143709910628963
3137,-0.007643782938896592
3138,-0.03743025836975701
3139,-0.8115848337292427
3140,-0.18857651062977765
3141,-0.047018670196206626
3142,-0.7929521577875748
3143,-0.3578313189824436
3144,-0.003638366723506813
3145,0.17170259528226017
3146,0.19464049650408974
3147,0.09058412669230034
3148,-0.3416075543826957
3149,-0.5187905538109647
3150,-0.2004694869317031
3151,-0.06244767629317061
3152,-0.16595301600640747
3153,0.14868377015736028
3154,0.309124431931968
3155,-0.3559731123597477
3156,-0.1091535535402496
3157,0.19053447877566895
3158,-0.30488790702424917
3159,0.48651134926678735
3160,-0.754822215496653
3161,0.09726036018331195
3162,-0.6174384239893252
3163,0.10646546934289756
3164,-0.6252807663284315
3165,0.18425835715314268
3166,-0.7020383525305042
3167,0.16612109317340779
3168,-0.7912820160329139
3169,0.21144337327083207
3170,-0.8143199166421232
3171,-0.5496814182973377
3172,0.15822570465419175
3173,-0.056234348522075865
3174,-0.5154618340557096
3175,-0.12027685138125013
3176,-0.3084108835950711
3177,-1.0196824793109236
3178,0.12777957147370322
3179,-0.36329263220848157
3180,-0.8027511074493731
3181,0.6274150568155036
3182,-0.0027060653069878367
3183,-1.0598437568957906
3184,0.3705350532628115
3185,-0.2854330037163255
3186,-0.7640619224665308
3187,0.5195941958331749
3188,-0.04059480735471446
3189,-0.6858148484654777
3190,0.543795826095006
3191,-0.93021586532843
3192,-0.377177005110848
3193,-0.7410669296997178
3194,0.27380991077519706
3195,-0.8349974986499691
3196,0.20440816485636457
3197,-0.5736882900275753
3198,0.3410929715994471
3199,-0.9567516941070354
3200,-0.5336906569437103
3201,0.23870437974659184
3202,-0.8573935387705466
3203,-0.015393681931343885
3204,-0.8739051881854418
3205,0.29027416594653743
3206,-0.8561142503361284
3207,0.11758841961621039
3208,0.4381339960991621
3209,-0.1616100653636047
3210,-0.10542099444023781
3211,-0.8116657430472097
3212,0.2753511191951092
3213,-0.9952748126046785
3214,0.026678907800991806
3215,-0.6334782171353206
3216,0.3144638301346972
3217,-0.9002692752565639
3218,-0.023149706614765713
3219,-0.6152180060022964
3220,0.30081070585382325
3221,-0.8316950507050512
3222,-0.004045687544201404
3223,-0.3929013015310369
3224,0.1187727312310018
3225,-1.2752784671129598
3226,-0.4565478380903219
3227,-1.1184186394060147
3228,0.03779760694927808
3229,-1.4938809580525412
3230,-0.250886006486429
3231,-1.6040991843276915
3232,-0.011158550439754469
3233,-1.6401622322939853
3234,0.3265947663202645
3235,-0.9563599776389629
3236,-0.07877655007799945
3237,-1.260571777401009
3238,0.22722084074156115
3239,-0.8682066922115527
3240,0.5782948138228332
3241,-1.335905500857177
3242,-0.47310372271121287
3243,-1.0155793228805765
3244,-0.27233351255076804
3245,-1.7710900778558996
3246,-0.7790245125526369
3247,-0.9184751616930947
3248,0.03870092899249754
3249,-0.8558046741062966
3250,0.7147919604160422
3251,0.42236458863075327
3252,-0.12230776197295298
3253,-0.9349289287538616
3254,-0.15142823565515903
3255,-0.8155214233368515
3256,0.4048411960838619
3257,-0.8394499825274471
3258,-0.26069376002510103
3259,-0.7980881209575805
3260,0.2433011675251115
3261,-0.9627109844352503
3262,-0.2004244599729317
3263,-0.7364061187960876
3264,0.2861563284976868
3265,-0.9770883054415043
3266,-0.09054383049282262
3267,0.13826063301521824
3268,0.14815171253580306
3269,0.0487328777175949
3270,-0.2694986929541571
3271,0.06460564880543004
3272,0.1954459833630492
3273,0.13682044392747228
3274,-0.14515442837524195
3275,0.15113841113812773
3276,0.17884060259935017
3277,0.08138971316462214
3278,-0.13989764639676283
3279,0.13632198299524018
3280,0.18224540041484014
3281,0.1297610068530136
3282,-0.13957920868076587
3283,0.14888275616764107
3284,0.17655801945304428
3285,0.12531758610961824
3286,-0.14283971707802648
3287,0.11956941624650953
3288,-0.7682000176579642
3289,0.3257661705845083
3290,-0.024190249650284906
3291,0.15373202161889143
3292,0.13742221114506417
3293,0.15778958255110007
3294,-0.18289723331935817
3295,0.14888275616764107
3296,0.10592020176327888
3297,0.16284158569371912
3298,-0.14083957106619788
3299,0.16184616954160352
3300,0.1871368080711852
3301,0.14014614136951062
3302,-0.12198724311295207
3303,0.15268603018574678
3304,0.0815419975915434
3305,-0.14593378811678276
3306,0.20708891757131517
3307,0.2564076184661475
3308,0.12273527917810673
3309,-0.2045366789536154
3310,0.09817640399470763
3311,0.23579678453964867
3312,0.21637896452791563
3313,-0.010456203050558771
3314,0.23447570687828173
3315,0.1775612128956462
3316,0.1486631394197283
3317,-0.12256876557510052
3318,0.1634036727215639
3319,0.1319319427631834
3320,0.007802109837403268
3321,-0.09583554708824635
3322,0.1552363783136374
3323,0.04703371080514568
3324,-0.1797419082090291
3325,0.15568430784304738
3326,0.06793643152096938
3327,-0.028780761328225078
3328,0.1622319629916901
3329,0.1576079497623665
3330,0.05513220661194584
3331,-0.12161608940760436
3332,0.14966291753882408
3333,0.07331783995258603
3334,0.10164845898483688
3335,-0.15007461902937227
3336,0.13410815381990193
3337,0.17412984971894943
3338,0.050841064200267044
3339,-0.2722553730542094
3340,1.9938565797938965
3341,-0.052136506110025176
3342,0.2849266333188202
3343,0.18573304935712417
3344,-1.3314787142773452
3345,0.9451771895646274
3346,0.17069039487773138
3347,-1.2108298551769587
3348,0.7024667904460364
3349,0.11929830391931669
3350,-0.9389741489842319
3351,0.7452729175878611
3352,0.34152575584591616
3353,0.1392088641494029
3354,-0.11302228429347749
3355,0.1825571430237146
3356,0.17059688991880562
3357,0.4318778557413242
3358,0.19026718566776535
3359,-0.8681914738372984
3360,0.5933566619907986
3361,0.18405614048688337
3362,-0.8142837531664189
3363,0.882590248836012
3364,0.18412917267093834
3365,-0.7362290863312331
3366,0.68250244575324
3367,0.18045719366948001
3368,-0.8268269399706687
3369,1.4404562505510818
3370,0.17386678580653914
3371,-0.5843393770888361
3372,0.5429995455968939
3373,0.08047154452754328
3374,0.18394833334143504
3375,-0.15578430498052273
3376,0.47875334354138305
3377,0.06928525591909891
3378,0.6184847326762256
3379,-0.5549773930627321
3380,0.5716889121569655
3381,0.21351597096335284
3382,0.10693352878884343
3383,-0.7162439534873354
3384,0.5428789615764974
3385,0.08214715748779744
3386,0.7468554868622875
3387,-0.598061752097934
3388,0.6324478768352263
3389,0.24777395737868924
3390,0.543398998896437
3391,-0.1836330171405344
3392,0.6807693845331592
3393,0.02578053196430303
3394,0.07368516447312794
3395,-0.3667939355181208
3396,0.5729165936294988
3397,0.09505931599326951
3398,-0.42975304641338535
3399,0.43204813020307536
3400,0.11438966303575103
3401,0.18592032604258127
3402,-0.3786754074137302
3403,0.15444250938804202
3404,0.006494667239953935
3405,0.17414661242072657
3406,-0.30466081256457694
3407,0.5778088161302493
3408,0.17806387645166258
3409,0.18094312378251615
3410,-0.649660217217509
3411,1.198495978237001
3412,-0.1148014237780153
3413,-0.9204521815444656
3414,1.2342404870864392
3415,-0.11848971135683391
3416,-0.6569647304024027
3417,0.9057744435482923
3418,0.3618495328686849
3419,0.17373847811013354
3420,0.11801110385166842
3421,0.1303053164794726
3422,-0.8623467627279693
3423,1.4265692019264105
3424,0.16231821850066272
3425,-0.7919102211985235
3426,0.845560939075601
3427,0.7303495424237118
3428,-0.26361761118861055
3429,0.3664540326140474
3430,-0.06122725403965546
3431,0.051320723240460796
3432,0.6502799581416787
3433,0.6350286310750476
3434,0.45718299958814324
3435,0.21866594115323515
3436,0.7261424763127057
3437,0.5126794075099668
3438,0.6225438933222578
3439,0.05870694972642515
3440,0.5453045298012774
3441,-0.0648903745782038
3442,0.5247086929297594
3443,0.004260089928634972
3444,-0.17051522779431239
3445,0.00013734490065038952
3446,-0.2863808011111475
3447,-0.2522401918586212
3448,0.5439150593416426
3449,0.5709624134871605
3450,0.5868776106401256
3451,0.6631171307378645
3452,0.7023050298769743
3453,-0.5126069291473386
3454,2.2073291902358134
3455,0.41397869349848804
3456,0.47258969818047
3457,-0.4356320487576001
3458,2.1437621980611
3459,0.6212050340708792
3460,0.8307754544058539
3461,-0.511602460559611
3462,2.147894335148835
3463,0.4214410332546398
3464,0.4316332200760095
3465,-0.6918622496336451
3466,1.9134990354539896
3467,0.4021003180278447
3468,0.14448524495655582
3469,-0.5795017940676794
3470,2.15606034978547
3471,0.5453215928454814
3472,0.26114606831354686
3473,-0.15658659450342616
3474,-0.18916631308732082
3475,0.20365093060819744
3476,-0.34735691356357373
3477,2.1477621571780277
3478,0.551891028673384
3479,0.4856216775685498
3480,-0.47216266068786944
3481,2.1578314381066503
3482,0.5444799257284125
3483,0.17762348548761864
3484,-0.6522052213885653
3485,2.1169726515539544
3486,0.44685171045732897
3487,0.4310467752863214
3488,-0.6835761967139736
3489,2.169435082640906
3490,0.5605329828581792
3491,0.8228174177629067
3492,-0.6185240974955831
3493,2.196211503906835
3494,0.568179905472131
3495,0.46416628663328907
3496,-0.4623959924420438
3497,1.8818602479156887
3498,0.4999619628306715
3499,-0.5837864963455851
3500,2.214742469027582
3501,0.5362967089702058
3502,0.4282303688907151
3503,-0.46501049607058825
3504,1.9049904796104118
3505,0.38511736051199175
3506,0.4211739915665533
3507,-0.639934551560994
3508,2.1841209068152168
3509,0.3683476200793379
3510,0.7226724319089312
3511,-0.529356104604144
3512,2.1575605409550094
3513,0.5486920396176774
3514,0.5856496566439177
3515,-0.427473569230981
3516,2.1396352340845413
3517,0.6211251456042823
3518,0.42165533537938704
3519,-0.6118507621136473
3520,2.046179421554515
3521,0.43221395839834637
3522,0.6579842855030038
3523,-0.3691884013824566
3524,2.122831151566078
3525,0.4633638571962394
3526,0.19110979079570184
3527,-0.4950433348024493
3528,1.9932061792034408
3529,0.43110180433204826
3530,0.4822254922548469
3531,0.05496019165134387
3532,0.47371533263851784
3533,0.19108118750125053
3534,0.5336369916835242
3535,0.11851418266206167
3536,-0.3071953970305623
3537,0.2827009874195475
3538,-0.984214586541477
3539,0.18389327823846308
3540,-0.3213939019970932
3541,0.22425483184669753
3542,0.3534111463429943
3543,0.9985576461751855
3544,0.3260102942079258
3545,-0.36996567700697897
3546,1.0741470297473767
3547,0.4444067368393148
3548,0.39423454604519537
3549,-0.31143094706673424
3550,-0.06591496645732324
3551,0.27918924251802335
3552,0.25729917425148097
3553,-0.011764104650648432
3554,1.135462198084237
3555,0.46001720759783477
3556,-0.2530027601348668
3557,0.3189265432031621
3558,0.7076534823651334
3559,0.31103763658524647
3560,-0.3180946905308486
3561,0.2457592877208952
3562,0.16867417213977784
3563,0.503076199831963
3564,0.34115994214414014
3565,0.6995567868108588
3566,0.32597109859270923
3567,-0.2841445929485423
3568,1.047919398538126
3569,0.4333347808938187
3570,0.39103353849084943
3571,-0.36816073940930544
3572,0.8584632230794829
3573,0.6032940353186792
3574,0.6160266009027336
3575,-0.3133038866968369
3576,0.860112649357362
3577,0.5318713092554674
3578,0.5673188778786129
3579,-0.3349811950097072
3580,0.34337817021845546
3581,0.6982450649024446
3582,-0.3104434753640337
3583,0.4252884856528138
3584,0.545304954654284
3585,0.3364300361918398
3586,-0.4306737440804988
3587,0.3116150016165096
3588,0.4966673379964922
3589,0.5050429552787986
3590,-0.5925929204016167
3591,0.3802252616328431
3592,0.6956640121962941
3593,0.3540862264234959
3594,-0.445290537714764
3595,0.9198293443365988
3596,0.29283716659513703
3597,0.431853263342958
3598,0.07383434938712839
3599,0.30509940465526697
3600,1.0330986827708937
3601,0.26310374142946136
3602,-0.24925553666097083
3603,0.5718693524558197
3604,0.8055987569691986
3605,-0.3435217980899981
3606,0.40582106866552387
3607,0.6961838930379649
3608,0.26755956537684916
3609,-0.35491154814758963
3610,0.2592723128461485
3611,0.7628398787013075
3612,0.4519290441071267
3613,-0.5849296018388669
3614,0.8065106288819114
3615,1.072979985160178
3616,0.3177095444385609
3617,-0.45421118786473125
3618,-0.039943653386261685
3619,-1.0065540325811935
3620,1.995320828165527
3621,-0.8087492991216606
3622,-0.09324034775829251
3623,-0.6139251711994486
3624,1.9320964477233475
3625,-0.8365256187279776
3626,-0.12383892898476026
3627,-0.49013611310018695
3628,1.928636740761161
3629,-0.3856510134269139
3630,0.016074358500818786
3631,-0.07023079671458966
3632,1.9028920085353158
3633,-1.2649374391013997
3634,-0.04171754616015445
3635,-0.018599369242650116
3636,0.07995892969978673
3637,0.25767008352523385
3638,-0.0023738301330418644
3639,-0.670113969516646
3640,1.982030284791636
3641,-1.2059720369446192
3642,-0.6806148409069174
3643,1.9302017065946377
3644,-1.1042243733282757
3645,-0.5069895341993123
3646,1.9722432016096165
3647,-1.018306344152315
3648,-0.45334716165383643
3649,-0.6420264811808986
3650,-0.054402547750778255
3651,-0.5861599482278836
3652,1.9771524327188403
3653,-1.1922464176957694
3654,-0.09647543419126256
3655,-0.3968685230149708
3656,2.0674155692957332
3657,-0.8937221344050434
3658,0.05032609100480756
3659,-0.07638785783555116
3660,1.9374242933273484
3661,-1.2087325288888626
3662,-0.355921581170912
3663,-0.6135039641376335
3664,1.9994116890775413
3665,-1.2838986152428853
3666,-0.3687304483300471
3667,-0.47612351286481913
3668,1.976531234228843
3669,-1.2667717569230257
3670,0.08473170738655268
3671,-0.5648395166023209
3672,2.1442484513686875
3673,-0.9396890674740843
3674,-0.09848522390670987
3675,-0.995113143906578
3676,1.964268896665242
3677,-1.2369625218800537
3678,-0.013200388167660539
3679,-0.062008886921799775
3680,1.975752579514134
3681,-1.2683749120005419
3682,0.08848867351972066
3683,0.025615650499300254
3684,-0.0780756768654515
3685,2.0357501124280764
3686,-1.1425686173304017
3687,-0.013594353037432477
3688,-0.7180685630094037
3689,1.9350305635758682
3690,-1.0444726600741223
3691,-0.20754218095228275
3692,0.43151474849378013
3693,0.2814414439266862
3694,-0.05195242152255743
3695,0.2974006282236813
3696,0.2662699125485905
3697,-0.635381528919813
3698,0.5011378291437062
3699,0.2671505924553878
3700,0.012184022566803027
3701,0.41893547131183984
3702,0.560528648546584
3703,0.38308385331348493
3704,-0.48891911268148536
3705,0.22832514484652
3706,0.3632935682145638
3707,0.6457548786344246
3708,0.1762156183722354
3709,-0.17434366690061195
3710,0.4845123291382543
3711,0.1800233942058749
3712,-0.08600945434922813
3713,0.4924069198812619
3714,0.32516321051423835
3715,-0.06209906265220864
3716,-0.20972143164558082
3717,-0.12111196544963494
3718,-0.07701206409959763
3719,-0.12548284383975244
3720,-0.05903710167157079
3721,-0.23402114884814146
3722,0.2210228283303266
3723,-0.269400704207793
3724,0.18782680071525296
3725,-0.22515876149573644
3726,-0.09921683098402309
3727,-0.09522216136293561
3728,-0.4168350421804821
3729,-0.1878739789924204
3730,0.14530492777351373
3731,-0.5135761644355504
3732,-0.07528539634755302
3733,-0.15868354484382247
3734,-0.14211153035590213
3735,-0.17307136761189834
3736,-0.3913603148215964
3737,-0.4856759063997162
3738,-0.0966487214154183
3739,-0.24982620156171811
3740,-0.13941202561423457
3741,-0.047246739918172576
3742,-0.1530880263661852
3743,-0.3826244350333676
3744,-0.07848556113385989
3745,-0.38419713252719634
3746,-0.8427185275331182
3747,-0.07138415706592012
3748,-0.08815792647587037
3749,-0.08717355332875884
3750,-0.1536246727135573
3751,-0.10791944093243885
3752,-0.13460803154290824
3753,-0.4250466825322385
3754,-0.16929224912430246
3755,-0.04901709720812849
3756,0.10974861918321603
3757,-0.10781898822616837
3758,-0.2602264877080783
3759,-0.15585690553398104
3760,-0.11498618564107015
3761,-0.21328935155608267
3762,-0.10729162348469769
3763,-0.06427745797735925
3764,-0.08297324893964284
3765,-0.07189078922943312
3766,-0.05751973925670968
3767,-0.08638787708984078
3768,-0.07263493720671843
3769,-0.11617942052093531
3770,-0.0484810091601293
3771,-0.18945007694896251
3772,-0.13312133496028358
3773,0.08516174551783585
3774,0.2861501455683526
3775,0.10730683036098408
3776,0.45550972111450105
3777,0.17407795339871346
3778,0.13770023547915403
3779,0.4375447140841009
3780,0.08860840673458414
3781,0.13403514727878366
3782,-0.9103117966066764
3783,0.273278955421887
3784,0.07330200227826872
3785,-1.6138443479964744
3786,0.47365356983821394
3787,0.18920251026788484
3788,-0.012201398807631615
3789,0.22381770342289578
3790,-0.016399406844374638
3791,0.3953159945450796
3792,0.1325140179363066
3793,-0.26019388922971026
3794,-0.6895011326953271
3795,-0.17026150475764268
3796,-0.27338527333308166
3797,-0.5501922120670775
3798,0.029876450372499246
3799,-0.05140142646130301
3800,-0.336525103709033
3801,-0.5309919015320798
3802,-0.45983989721881985
3803,-0.08626581013100906
3804,1.2153586579896514
3805,-0.14680000960095832
3806,-0.2181376327546252
3807,-0.14460408400239202
3808,-0.7061593525046879
3809,-0.31117511818718896
3810,-0.18775638404531256
3811,-0.2801135504240288
3812,-0.90397999741842
3813,-0.32195983494909225
3814,-0.020263289198738602
3815,-0.27338527333308166
3816,-0.5557525552090823
3817,-0.2854658603618935
3818,-0.015397968792557351
3819,-0.3490895332451602
3820,-0.5361779505869871
3821,-0.08965873345220074
3822,-0.05598853642346831
3823,-0.26761489385552123
3824,-0.47806619302886433
3825,-0.12004906722041868
3826,-0.07018190119796949
3827,0.19248828788313538
3828,-0.7766243674024047
3829,0.09926999369716338
3830,-0.7935299670200879
3831,0.4489488518415181
3832,-0.8331098478166236
3833,0.1481980943961742
3834,-0.7808904285677795
3835,0.5611952676362495
3836,-0.8291828626233131
3837,0.28170324441788447
3838,-0.9096198491620041
3839,-0.3370074341820823
3840,-0.8994207796029814
3841,-0.20976774218808997
3842,-0.4747031408505839
3843,-0.9782505748509979
3844,-0.2360690686354257
3845,-0.789846346843422
3846,-0.9099240996151212
3847,-0.324639919144985
3848,-0.7756994863272891
3849,0.41062851954453294
3850,-0.9036264678766278
3851,-0.31562578033720523
3852,-0.7004323232102493
3853,0.316884890694679
3854,-0.43004689290348547
3855,-0.058487109011852986
3856,-0.7802200282263968
3857,0.4764102958443118
3858,-0.94625723726138
3859,-0.2962449447262612
3860,-0.700433673580374
3861,0.4881079008150406
3862,-1.3762486228662971
3863,-0.03129321475278255
3864,-0.8287722307410225
3865,0.27317709537786034
3866,-0.9034193339672998
3867,-0.4801133928378704
3868,-1.0421623383384697
3869,0.32307746705523355
3870,-1.23696739488121
3871,-0.19610669282163806
3872,-0.6130971429789106
3873,0.1438849252250822
3874,-1.0766335901683732
3875,-0.41892740717121946
3876,-0.3175311630783489
3877,0.3174880984150525
3878,-0.17517274736583716
3879,0.22214242554162647
3880,0.11140595070736041
3881,-0.25051601961728864
3882,-0.3374088687427482
3883,-0.7557046216124057
3884,-0.3956008825998136
3885,-0.052397665977953534
3886,-0.3210992432080468
3887,-0.5161015119023196
3888,-0.2986652407408363
3889,-0.016021621008387613
3890,-0.11317418869689379
3891,-1.249773380031006
3892,-0.32488149427852936
3893,-0.07029230501038573
3894,-0.2570080084993982
3895,-1.0883505869071723
3896,-0.2447904530795918
3897,0.12661427541266138
3898,-0.14500430918320853
3899,0.1028402336387657
3900,0.24208935865658038
3901,0.05215820777136565
3902,-0.17759986927300672
3903,0.16640271726394718
3904,0.1908097703201017
3905,-0.13086846040316033
3906,-0.22870950041692706
3907,0.12957976460010337
3908,0.17843854580441623
3909,-0.047523687331737084
3910,-0.02545281395301689
3911,0.17579790547302962
3912,0.11506272544197006
3913,0.15277501370441599
3914,-0.16510978671527013
3915,0.13726388439816015
3916,0.020394219756620844
3917,0.0992437341825013
3918,0.49478921827411276
3919,-0.8811100812546061
3920,0.15970851586094129
3921,-1.244840534528897
3922,0.8761007896340289
3923,0.1484307091709431
3924,-0.8079857414545877
3925,0.8364202603312204
3926,0.16260414187372188
3927,-0.7964506877533142
3928,0.8084110009757906
3929,0.1385713965766694
3930,-0.9123113641785843
3931,0.7836886082640426
3932,0.596540210455515
3933,0.22253709660528975
3934,0.1508673731474275
3935,0.1878883911159963
3936,-0.837131961779072
3937,0.851687827206297
3938,0.20028199922715473
3939,-0.8374231305951115
3940,0.8431171389099209
3941,0.1762580356487782
3942,-0.8395617518595716
3943,0.9179042990700491
3944,0.1807361009756407
3945,-0.8355047392847672
3946,0.7561497862652169
3947,0.08863949366900897
3948,-0.8157100569079255
3949,1.0456580781485076
3950,0.19979316634015937
3951,-0.8322351880616045
3952,0.8594651593014708
3953,0.11740826185704709
3954,-0.9746050830201212
3955,1.5213131422557475
3956,0.15603493721032308
3957,-1.1104162711165897
3958,1.1910432543294964
3959,-1.0217166489036633
3960,-0.18398347305697726
3961,-0.1742384434317035
3962,-1.1468956179457677
3963,-0.17129552749731528
3964,-0.25707362691519614
3965,-1.4520986267482303
3966,-0.4823005254684864
3967,-0.24850733315104057
3968,-1.369840010420867
3969,-0.2137103535995944
3970,-0.3431203836306899
3971,-1.52164197593343
3972,-0.19259861545414922
3973,-0.25290520890501067
3974,-0.7811981244464327
3975,-0.20723006761007617
3976,0.16762715276365553
3977,0.5521792684653989
3978,2.2035790484935975
3979,0.5379885695045195
3980,0.0007449479736484814
3981,-0.49361124684427676
3982,1.8423799095965105
3983,0.455435230062273
3984,0.9807134248522912
3985,-0.12135227663394409
3986,0.6442696720222316
3987,-0.3645583677119939
3988,2.299515946088877
3989,0.47215958748952414
3990,0.4233778316782455
3991,-0.5374820273792308
3992,1.9341804905232525
3993,0.1911645579011131
3994,0.8362047886904967
3995,-0.7462575402277516
3996,2.190980039411631
3997,0.4499952071625795
3998,0.8086202876789921
3999,-0.2659660286175989
4000,2.122759505342331
4001,0.5543100914366433
4002,0.6335483544777665
4003,-0.6464693002248859
4004,2.1396677661520256
4005,0.4279735633465876
4006,0.5648949903933327
4007,-0.41808616815896593
4008,2.218856671686034
4009,0.49711151034096723
4010,1.8952732804145298
4011,-1.2955166313067432
4012,0.7095065246017842
4013,-0.2111491242961423
4014,0.10396482351852887
4015,0.2173515966272242
4016,0.48068467665200193
4017,-0.6808693634921905
4018,2.064505410981949
4019,0.5428301610896372
4020,0.36714023390899997
4021,-0.14682455686602874
4022,0.16500074662022746
4023,-0.021248840546548322
4024,0.34661209186110536
4025,0.26360575016047816
4026,0.39730370352194067
4027,-0.7013050138921723
4028,0.19099178975062356
4029,-1.113978163999979
4030,-0.12731986103178541
4031,-0.26153596072851854
4032,-0.1449259173443835
4033,-0.6149450979676971
4034,-0.10421523368528623
4035,-0.17193474239298612
4036,-0.20554561366155708
4037,-0.9421373920677075
4038,-0.18467894391305179
4039,-0.2020798509398901
4040,-0.03509847354261195
4041,-0.6961009714091008
4042,-0.06586670587896892
4043,-0.24345016852898171
4044,-0.11805133893471928
4045,-1.2062115057088731
4046,-0.06119217839405209
4047,-0.17208904674318815
4048,-0.22874344610827907
4049,0.41446173827475424
4050,0.7054039678859898
4051,0.5425541645693894
4052,0.25934675961191805
4053,0.3180547344552316
4054,-0.6813208703460528
4055,0.3430359746896819
4056,-0.9379313209006719
4057,0.3208924305888359
4058,0.2922130812853658
4059,-0.8575508576881006
4060,0.31191804879413465
4061,-1.0248465066888017
4062,0.4784255031392827
4063,-0.6079276233842721
4064,0.44804445582707714
4065,-0.8912933525514186
4066,0.283481347054186
4067,-1.3180321089248506
4068,0.34720647834238
4069,-0.9944981313918144
4070,0.41716966481608786
4071,0.6381243965671962
4072,0.9290268491249067
4073,0.2687750219196636
4074,0.366220515118606
4075,0.3256261342646813
4076,1.187287824998388
4077,0.5151811336344176
4078,0.025312230327260557
4079,0.7646764247942207
4080,0.5040502528430724
4081,-0.3855638571955457
4082,0.17786725365835454
4083,0.14240408720249706
4084,0.3234679398538428
4085,-0.4350214096578283
4086,-0.34340510688928505
4087,-1.0399295530648658
4088,0.0872914416259439
4089,-0.19455342324665206
4090,2.0674911287409565
4091,-1.2070176149759977
4092,0.8223681992793017
4093,-0.49231602128189506
4094,-0.07666302247659859
4095,-0.6471901848968546
4096,2.0157796775353702
4097,-0.9927530794656295
4098,0.2196576718355929
4099,-1.222603556071437
4100,1.992532610823025
4101,-1.167460095890666
4102,-0.06825519072524162
4103,0.03989340234706433
4104,2.0153044228007504
4105,-1.278989552916666
4106,0.16696431789334712
4107,-0.290836837494378
4108,2.020423624421102
4109,-0.932504397748464
4110,0.03958139239419288
4111,-0.005336611031691808
4112,2.025106021332824
4113,-1.2336537607497902
4114,-0.0014856542547774221
4115,-0.6434901653272309
4116,2.0569032193465673
4117,-1.172733682141755
4118,-0.019608628916871332
4119,-0.2446950981734259
4120,1.9663904822631941
4121,-1.195034851455096
4122,-0.05283562002891275
4123,-0.21488709341553855
4124,2.01649498811317
4125,-0.8129822107930667
4126,-0.43825637241516535
4127,-0.6221899421988238
4128,2.0176841037594286
4129,-1.1085220926509483
4130,-0.5186732358388146
4131,-0.2602346949731153
4132,0.015696994520073462
4133,0.5532594954801896
4134,0.6262120595355579
4135,0.687019096294123
4136,-0.379876373054737
4137,-0.5420600261626833
4138,0.33643341720366
4139,0.11040700627190306
4140,0.14440924929373916
4141,-0.30401512376067574
4142,0.3335330965326069
4143,0.6028888691570166
4144,-0.10579203853748763
4145,-0.3386686994483602
4146,0.49794686801390314
4147,0.04664685922196729
4148,-0.14042984607669226
4149,0.1472905145981028
4150,0.321888463834493
4151,-1.5587800591653735
4152,0.44829717543963776
4153,0.49110987649445437
4154,0.18017243896638807
4155,-0.9998837020395018
4156,0.5233562938568455
4157,0.4733111264555174
4158,-0.09393240216150708
4159,-0.23895216576778194
4160,0.5425519698398097
4161,0.5220873186502737
4162,0.14189595678503522
4163,-0.09218740055313047
4164,-0.08279631054504683
4165,-0.12516984849433616
4166,-0.14809622988175117
4167,-0.06445400952105304
4168,0.7826183518702651
4169,0.6048184876612099
4170,0.38847175018914853
4171,1.0247361247452043
4172,0.31471774538822367
4173,0.3955059292539361
4174,0.493531167436737
4175,-0.12657761585493896
4176,0.2762152743912707
4177,0.1610565984051011
4178,0.1400282101185662
4179,0.7311425207265442
4180,-0.1989852575320517
4181,-0.061640207841648816
4182,0.7713548448875334
4183,0.9588548082676032
4184,-0.4455478165622951
4185,-0.004003070751306233
4186,0.6264142440436404
4187,0.745983395288135
4188,-0.12499353741258644
4189,-0.8764331057580276
4190,0.490481610877598
4191,-0.40456592012297576
4192,-0.6651667867610214
4193,0.5162454644544282
4194,-0.5844086760430979
4195,-0.6228130925643701
4196,-0.5143351453866716
4197,-0.6543730057071796
4198,0.5424784641584116
4199,-0.27303853288098306
4200,-0.13560981107744802
4201,-0.058992464916223446
4202,-0.640273956610088
4203,0.408903761712865
4204,-0.10592724997629811
4205,-0.6857360003064655
4206,-0.09762502007494595
4207,-0.8948977746582683
4208,0.6238150290520995
4209,0.3264256465887879
4210,0.6876140386796824
4211,0.7331027288210193
4212,-0.8088274307200287
4213,0.16524539973611926
4214,0.33345238758815043
4215,0.010437719971217955
4216,0.177811459960007
4217,0.24856402539675007
4218,-0.08365958920063418
4219,0.20102716284751976
4220,0.28695783891137494
4221,-0.009413557595094308
4222,0.22983666073432485
4223,-0.023966463054828767
4224,-0.37912136015004416
4225,-0.42602234178944975
4226,-0.1375886758560996
4227,0.322701493328012
4228,0.2560619050615817
4229,0.02424716792937884
4230,0.1523367801920002
4231,0.10510664053384464
4232,-0.13510061946093213
4233,0.13171849680175574
4234,1.1525496232628485
4235,-0.26553029922270205
4236,-0.9252019577198313
4237,0.3423400541487236
4238,-0.8948951768827077
4239,-0.19021239427898815
4240,0.13090746266776263
4241,-0.9417314863684366
4242,-0.22629257547137788
4243,0.3556602516923954
4244,-0.4965620423679075
4245,-0.11244001528252584
4246,-0.3150528729517331
4247,-0.10351748126657928
4248,-0.3384967639380775
4249,-0.34390310611576297
4250,-0.18825056134739473
4251,-0.11721045243557252
4252,-0.12176895910020902
4253,-0.04625098156530172
4254,-0.11068402330396525
4255,0.15172837580242396
4256,-0.6697008595796387
4257,-0.2477118154604263
4258,0.37813971575624816
4259,0.554798652133853
4260,0.08789368994647216
4261,-0.8502575455218523
4262,-0.2912005616478986
4263,0.03869192652816495
4264,-0.8267268366511219
4265,-0.05798337312760928
4266,0.10399913079141522
4267,-0.9891104867455162
4268,-0.22630316641618695
4269,0.08344727738815144
4270,-0.8515529377699766
4271,-0.2526825376659384
4272,0.12286578182856113
4273,-0.008772106073674138
4274,0.008011090275491359
4275,0.013221482377938383
4276,-0.10213857235971896
4277,-0.22453164026040442
4278,0.11459240574615552
4279,0.10678904872251269
4280,1.2476759415372263
4281,-0.05706427973868828
4282,-0.036466139129539006
4283,0.710850267553968
4284,0.08803996343198835
4285,0.4106103534759259
4286,-0.24201437527947595
4287,-0.4713729838920293
4288,-0.18926277006864362
4289,-0.08484993940908905
4290,-0.0009936199473542808
4291,-0.4643339826855496
4292,0.29013080845938505
4293,0.002058243912169074
4294,-0.18464809482185965
4295,-0.4596170529907898
4296,-0.10104836629902662
4297,-0.0551989802951487
4298,-0.32380570138454356
4299,-0.43672013425253364
4300,0.11199287043790773
4301,-0.05082667864915055
4302,-0.2720156096634179
4303,-0.5832471387215536
4304,-0.010927000738088001
4305,-0.003907362355862114
4306,-0.3176139771570727
4307,-0.501114991546972
4308,-0.11410707290887342
4309,-0.02357581714480116
4310,-0.36208883409927806
4311,-0.44824969763984773
4312,0.00524891325289733
4313,-0.0863634452350135
4314,-0.22637523432517598
4315,-0.5339474764037844
4316,-0.12826181205763942
4317,-0.042849235837505134
4318,-0.22621276376375304
4319,-0.9566044479317589
4320,-0.2012895966613171
4321,-0.07648780339047884
4322,0.023689913536826007
4323,0.1472474387363544
4324,0.4726699186651987
4325,0.01665773802690164
4326,0.02932963514436803
4327,0.22394120118861546
4328,0.1690977278246179
4329,0.30443592964855326
4330,-0.13997050273189007
4331,0.15423391804656908
4332,0.37980457636630716
4333,0.12185271907146877
4334,-0.01825801986051278
4335,0.09836720090260988
4336,-0.23375479813555056
4337,-0.6495766567044302
4338,0.06908712622043332
4339,-0.09993306379710479
4340,-1.3624957058461937
4341,0.2107947443388756
4342,-0.8905164509018048
4343,-0.3898018644823692
4344,-0.08649356306445045
4345,-0.9595056638543791
4346,-0.3285879493546053
4347,1.8719941575287753
4348,1.9244599714763335
4349,-0.3291270782817516
4350,0.1204544068010801
4351,-0.9036518752257042
4352,0.18717317361991498
4353,-0.52390658129095
4354,0.27398440554355025
4355,0.16342468637238475
4356,-0.46583712118315673
4357,0.14706610742561102
4358,-1.2357285866598762
4359,0.16479604067721482
4360,-0.6954444968327709
4361,-0.5416414615323538
4362,0.31692573735160007
4363,-0.1812909566171121
4364,-1.371143535845579
4365,0.248796276821573
4366,-0.2470995732225637
4367,-0.603051716587332
4368,0.16768345033215848
4369,-0.336847188486706
4370,-2.085761577576191
4371,0.3451301419835798
4372,0.09646611013790075
4373,-0.5789520423225726
4374,-0.1004919585911897
4375,-0.8951463885589109
4376,0.09312551121954012
4377,-0.613832635601034
4378,0.3914879350289431
4379,-0.933577447973534
4380,-0.20377361622151474
4381,-0.4223450335701705
4382,0.2963465162450485
4383,-0.8191995700161392
4384,-0.1401992408194475
4385,-0.6107260712435084
4386,0.3222259317306455
4387,-1.0005118487858113
4388,-0.20076084235782024
4389,-0.8090553536091786
4390,0.18125531033215814
4391,-0.9585706396450827
4392,-0.11955566092374141
4393,-0.5548797238367756
4394,0.42199842464286386
4395,-1.0281765125230713
4396,0.006576766068009416
4397,-0.7417138466399039
4398,0.47220307613661233
4399,-1.248825234732155
4400,-0.13163830570947874
4401,-0.6296505781164037
4402,0.317004401142661
4403,-0.8752638642184957
4404,-0.017124006516759886
4405,-0.5315033265743114
4406,-1.169890145122549
4407,0.01642318857657946
4408,-0.9368887686269816
4409,-0.1462967892405402
4410,-0.9644604989119286
4411,-0.27656275201761443
4412,-1.2179429059064515
4413,-0.31619585255964666
4414,-0.8598399946721513
4415,0.3564445829286264
4416,-1.9645331604778025
4417,0.3231803412851784
4418,-1.469408129313072
4419,0.7378371347466126
4420,-0.8563267677591498
4421,-0.3276626069387401
4422,-0.9463809659404256
4423,0.05329894102192903
4424,0.342058842613886
4425,-0.9586938151016353
4426,-0.8917268618286177
4427,-0.5330880664015706
4428,-0.8487837938982097
4429,0.5242088103826149
4430,-0.8947125772014456
4431,-0.569005212355789
4432,-0.5747738773188752
4433,0.24703870328322705
4434,-0.8891870362195928
4435,-0.1350927031199123
4436,-0.8098843837257766
4437,0.40715588089740923
4438,-0.7880975168641776
4439,-0.35022412503993444
4440,-0.7605752361139574
4441,0.08221833346481258
4442,-0.8755396339641449
4443,-0.05072506450025796
4444,-0.6350403588754773
4445,0.2796960024978851
4446,-0.7571269919368696
4447,-0.0984023404378056
4448,0.16504633550943368
4449,0.1709531039385828
4450,0.24021876971539205
4451,-0.09908125358274067
4452,0.2141915282060341
4453,-0.006636216132664499
4454,0.40849615256025856
4455,-0.09294867476910118
4456,0.15621732561468357
4457,0.2022227563291091
4458,0.1884472537734955
4459,-0.11273608165945562
4460,0.3226719119648346
4461,-0.1891579295523609
4462,0.12610159131168963
4463,-0.14093676962646245
4464,0.16097485946192866
4465,0.265520047394668
4466,0.07864296727817158
4467,-0.10153242666434846
4468,0.15025355459295836
4469,-1.5847141433491528e-05
4470,0.13357993973929044
4471,0.07502379229470332
4472,0.16969664645975505
4473,0.1345827026255539
4474,0.11964029279764997
4475,-0.14480784536256955
4476,0.130629941480599
4477,0.20078433299769466
4478,0.02638802254697085
4479,0.16097485946192866
4480,0.2620684262720574
4481,0.1325605558846183
4482,-0.18497840640177127
4483,0.13349955199443309
4484,0.07955494392587749
4485,0.0706868728434833
4486,0.1434788724319463
4487,0.20403917402055644
4488,0.0409368813257933
4489,-0.16654704791634428
4490,0.16531174943007743
4491,0.11650806179464154
4492,0.1110851278025647
4493,-0.017111977740390482
4494,0.06702021048099445
4495,0.04634066543522384
4496,-1.3340437939477734
4497,-0.22711951977876602
4498,-0.00850298901306614
4499,-0.8240462969004019
4500,0.2550414067635774
4501,-0.06741105662506412
4502,-1.1826055998607607
4503,0.12722794214935623
4504,0.14712431106450727
4505,-0.9621034620200771
4506,0.8860168394513119
4507,0.17534468688425064
4508,-0.6303829114197876
4509,0.9059251647958348
4510,0.1730598620887846
4511,-0.7924170664602397
4512,1.5402798025145261
4513,0.1673669822192215
4514,-0.6659856269554555
4515,1.1705795286287346
4516,0.1746144716824389
4517,-0.7179095173654796
4518,1.5872519151752957
4519,0.12091057009801896
4520,-0.8629128415875611
4521,2.006157953906933
4522,0.19546003683951685
4523,-0.6053285349092226
4524,1.4934434068617217
4525,0.12700288700061238
4526,-0.45648704157881764
4527,0.5177068639627411
4528,0.12915293580498344
4529,0.04990920390833362
4530,-0.5341383263205487
4531,0.5182120973082976
4532,-0.007588506041944467
4533,0.18029165653119622
4534,-0.46004843946800766
4535,0.6207488419326515
4536,0.22459583589254203
4537,0.16236052649450228
4538,-0.6629737142502736
4539,0.715062308098932
4540,0.26103686343956206
4541,0.031185496142604303
4542,-0.20860216796670628
4543,0.4311226633555815
4544,-0.03751128537930174
4545,0.39938119343426937
4546,-0.32533963381879843
4547,0.4556509114268017
4548,0.03964489759848881
4549,0.16727176255727838
4550,-0.32467273162388877
4551,0.23459050050043254
4552,0.26864249863296114
4553,0.11626766997753459
4554,-0.786323387582173
4555,1.3154746032124098
4556,0.15397035407032234
4557,-0.6567296505432322
4558,1.3073380848818403
4559,0.2219246544402504
4560,-0.8182853602404198
4561,1.1482721537480518
4562,-0.3932803766960125
4563,0.589467096888632
4564,0.022466813698889865
4565,0.6856528432907931
4566,-0.10574703655671007
4567,0.4847259501243191
4568,0.19676619796823633
4569,0.3445812140805432
4570,0.3038690834720781
4571,0.3129978518266157
4572,-0.12700823107202144
4573,0.5814350131571185
4574,0.3285983673810663
4575,-0.2930074303363509
4576,-0.16967315158301294
4577,-0.5845421045294409
4578,-0.2734722210961528
4579,-0.3447467431570275
4580,0.003481380477836616
4581,-0.2617471589551413
4582,0.7513125311224329
4583,1.5772606181460984
4584,1.0319537962591507
4585,0.7413130034981278
4586,0.45556108290986236
4587,-0.42172292347963314
4588,2.342495034423138
4589,0.45404987078336445
4590,0.5585104826202912
4591,-0.5214064766821382
4592,2.1530544587012175
4593,0.556788482860554
4594,0.1976649402894064
4595,-0.6548248619342328
4596,1.915844811687964
4597,0.47830017291164767
4598,0.2031854451190351
4599,-0.4977165439002478
4600,2.1720110438514113
4601,0.452080946834135
4602,0.2831133677122594
4603,-0.6646435732778717
4604,1.880190259176045
4605,0.5520988342729068
4606,0.16368952715449153
4607,-0.28854320244010817
4608,2.34702111246907
4609,0.5430712199525422
4610,0.3000679580508602
4611,-0.558492056803878
4612,2.218517400235094
4613,0.3350726923363724
4614,0.7538540602632344
4615,-0.5146647065225203
4616,1.929679747820393
4617,0.557456644577186
4618,0.6683760635141046
4619,-0.6765055416605544
4620,1.9600773861506893
4621,0.44919314732517485
4622,0.1495641777099444
4623,-0.3318848431772266
4624,2.192047739055871
4625,0.5353833357517712
4626,-0.48501303728015094
4627,0.586849016593592
4628,-0.7437817237246239
4629,0.4900502010685835
4630,-0.5895413669401403
4631,1.9489681084803783
4632,0.6294730160491268
4633,-0.44049459691004533
4634,2.3057475712815028
4635,0.870815420871342
4636,-0.5555009350600119
4637,2.0803619073669743
4638,0.14979030169769844
4639,0.6356519301825934
4640,-0.6072427577758445
4641,2.0413865148726686
4642,0.38467532770058405
4643,0.1764208752998738
4644,-0.44705727127797407
4645,1.888214332828275
4646,0.5346593263171733
4647,0.6466248134882586
4648,0.3498064253918073
4649,0.5185093327342862
4650,0.6710146882667174
4651,0.2849839402272746
4652,-0.12127747154617904
4653,0.4468660277119527
4654,-0.010548150397173614
4655,0.191252787570037
4656,-0.21380537812833775
4657,0.40557062993109505
4658,0.338283480174252
4659,0.27201520315357774
4660,0.4766131728251335
4661,-0.5586346496939156
4662,1.008558110973974
4663,0.36507029030738725
4664,0.3278386180471194
4665,-0.49363415404194755
4666,0.3594540316910431
4667,0.6878935195213282
4668,0.41304410810459535
4669,-0.38183892405522113
4670,1.0958921479175887
4671,0.5878904357833438
4672,0.28982579935747466
4673,-0.2830545492508997
4674,0.34553490561407874
4675,0.6888724445981903
4676,0.26161841675210706
4677,-0.26392500257264356
4678,1.0486442326502317
4679,0.42015783179427363
4680,0.2755289510312499
4681,-0.32659909605141973
4682,0.35608966943124404
4683,0.8217874758778831
4684,0.25032145167576614
4685,-0.3284879342535329
4686,0.8929978078249211
4687,0.7269125319121406
4688,0.4046538162485241
4689,-0.44816368563148123
4690,0.9199104504686328
4691,0.3933701595383607
4692,0.5140774021835344
4693,-0.40001135947189553
4694,0.8950349679255625
4695,1.1657742722744797
4696,-0.1362838480425649
4697,0.6493425521089905
4698,0.44790197010317245
4699,0.49806190673828
4700,-0.5328633320421391
4701,1.151131151991872
4702,0.6768750461906048
4703,-0.07026407780316049
4704,-0.43820700664541584
4705,0.8856381751195217
4706,0.4590096816704822
4707,0.4601861314618752
4708,-0.5297849220387498
4709,0.6448101960909738
4710,0.4343754515437793
4711,0.25957972495392256
4712,-0.5394590742180148
4713,0.16719969765302548
4714,0.752271099475781
4715,0.30666289496050697
4716,-0.5051318456792471
4717,0.01825288466679924
4718,0.4978930393805491
4719,0.3116211168527003
4720,-0.4114118980227868
4721,0.6492896193241351
4722,0.9316729705076359
4723,0.577053082324839
4724,-0.3606747942573184
4725,0.22762397459221498
4726,0.38999180261472527
4727,0.25961412356098573
4728,-0.33305237697242757
4729,-0.4000166241279294
4730,-0.4437364455274245
4731,-0.05512554668526153
4732,-0.21033747192709254
4733,-0.13308682703257177
4734,0.041045913162625784
4735,-0.47499772688820824
4736,1.9715577211328845
4737,-0.9043162125143702
4738,-0.0035328218034438572
4739,-0.6424499187444724
4740,1.9393890744275006
4741,-0.8406285751403085
4742,0.025790794609272274
4743,-0.5991117908754615
4744,1.9695083514464806
4745,-0.8359852698550845
4746,-0.0038041376040853195
4747,-0.6084497361779534
4748,1.9421694016774103
4749,-0.97969717191815
4750,-0.0022433550182972216
4751,-0.10492653805200462
4752,1.9768208728004808
4753,-1.29321196789291
4754,0.01062859445032599
4755,-0.3238590043320968
4756,2.0147344552332465
4757,-1.0920919052892868
4758,-0.9464711240974212
4759,1.9960241689392904
4760,-1.2960154987157915
4761,0.005507432768564972
4762,0.2686914030478991
4763,-1.2157560912883418
4764,-0.1116431683069236
4765,-0.8217446657609782
4766,2.0543495464509944
4767,-0.7444287955475791
4768,0.03361206998542408
4769,-0.7304816244178816
4770,2.060654406213992
4771,-1.0610202473325698
4772,-0.009433188741051523
4773,-0.279625054443339
4774,1.9580787114343643
4775,-0.05498111689617004
4776,-0.9984942251547032
4777,2.070390900329917
4778,-0.10967529754847727
4779,-0.9767778505646113
4780,2.164094432067279
4781,0.07111383993145518
4782,-0.14636750454127967
4783,1.9737343642849032
4784,-0.26785224188667245
4785,0.47667144512144155
4786,0.3161812688095235
4787,0.03230883748168777
4788,0.46111148595494694
4789,0.30672322447460537
4790,-0.16083386185063445
4791,0.7948583463683007
4792,0.5737967814661012
4793,-0.1433151719918182
4794,0.5213118910887544
4795,0.14708516569780242
4796,-0.3087380302389018
4797,0.4078016389110247
4798,0.27426508895153573
4799,-0.17497720119240537
4800,0.8414697838392151
4801,0.14265507294178462
4802,0.017923242039122565
4803,0.4174132302319981
4804,0.601404177520174
4805,-0.23650906825767856
4806,-0.42056122380292404
4807,0.053571947332053164
4808,-0.1568350380123704
4809,-0.21276156023006468
4810,-0.025895470607152922
4811,-0.18798162681928174
4812,-0.19330473258659644
4813,-0.0869101129765593
4814,-0.28888259422461104
4815,0.022389423489178405
4816,-0.17922586206688768
4817,-0.14713554846829438
4818,0.07189540325247591
4819,0.0013120191306694453
4820,-0.4194405578328425
4821,-0.16648066413052182
4822,-0.1289477721308277
4823,-0.13017748427581324
4824,0.36167272670420736
4825,-0.6911800103233354
4826,-0.03754617572073897
4827,-0.14530014702120528
4828,-0.1066073477712386
4829,-0.05557912756475016
4830,-0.2300644998489613
4831,-0.14777699597886595
4832,-0.06231498677419102
4833,-0.14802791722097852
4834,-0.0745111274493181
4835,-0.10528728867108014
4836,-0.23529059199332558
4837,-0.05867845517700332
4838,-0.11277890235385889
4839,-0.8998126110518319
4840,-0.03899950922909576
4841,-0.22335387690706118
4842,0.10778290208202831
4843,-0.06139496944838338
4844,-0.06265851577714783
4845,-0.5747986177897089
4846,0.049235067713552884
4847,-0.06367958591848778
4848,-0.032228396628632666
4849,-0.7796121746452958
4850,-0.10899812679362858
4851,0.04095179032847167
4852,0.4663345059411426
4853,0.053767806201980094
4854,0.378219692151779
4855,0.12829441055537377
4856,0.2811781200204869
4857,-1.0203466933343754
4858,0.5211101532114791
4859,0.26538577538028674
4860,0.2568999948633875
4861,0.6831065410480367
4862,0.0009533212376430494
4863,0.3943762206042877
4864,0.12237077542574631
4865,0.16133673699632192
4866,0.2706925194820672
4867,0.3238862395542557
4868,-0.2605234223531477
4869,-0.5505139915160286
4870,-0.2727206477271528
4871,-0.10100941783643305
4872,-0.25544046419699806
4873,-0.3337250958326974
4874,-0.2032170587705237
4875,-0.3857660845048174
4876,-0.2849226645221934
4877,0.03397810287455353
4878,-0.31080717084132126
4879,-1.2312204110595542
4880,-0.16279717963610432
4881,0.03916489000028084
4882,-0.3597673310334889
4883,-0.5167640361637869
4884,-0.20583377309424
4885,0.04119727507599079
4886,0.05572879688044272
4887,-1.7026342716593714
4888,-0.18390268531653026
4889,0.09964900928589533
4890,-0.2794027137002739
4891,-0.4302150015703578
4892,-0.28556836562563676
4893,-0.0154478963080188
4894,-0.2978735397207706
4895,-0.547299705801743
4896,-0.21492553862620062
4897,-0.059077401350289355
4898,-0.2379893384519507
4899,-0.337817754272505
4900,-0.1711191714207399
4901,-0.05590750899199247
4902,0.07296537654231386
4903,-0.6617442082760765
4904,0.15272615880654505
4905,-0.712768560945705
4906,0.12532821424729126
4907,-0.7967593935681201
4908,-0.8290281019746535
4909,-0.9533760810027351
4910,-0.41486554083640015
4911,-0.6140133182633348
4912,-0.9254053324509237
4913,-0.2278942219919986
4914,-0.5433667024666682
4915,-0.9737887269161484
4916,-0.36093847517732097
4917,-0.7022179680307615
4918,-1.3530840151442163
4919,-0.5616112640356593
4920,-0.5038130240922721
4921,0.5247082344354594
4922,-1.4379433104486168
4923,0.09015990044152027
4924,-0.7587493240845737
4925,0.303253759372654
4926,-0.9988709359361011
4927,0.2356719635692401
4928,-0.7368082160823752
4929,0.41422892733404254
4930,-0.8423359894456248
4931,0.13605578995628884
4932,-0.7906502965492307
4933,0.3592767992324983
4934,-0.9737100787001358
4935,0.3087777868715473
4936,-0.5512825399533429
4937,0.4096357713418629
4938,-0.7898357003795491
4939,-0.0683340281632081
4940,-0.5777815952004104
4941,0.24584473956367864
4942,-0.8836100373004231
4943,-0.00019070279560455105
4944,-0.5992375218790414
4945,0.3416740470366139
4946,-0.3569913560286557
4947,-0.5590333951373408
4948,-0.1794677714011082
4949,-0.17045730865664258
4950,-0.08160510728922278
4951,-0.2725559235618775
4952,-0.4018599114789745
4953,-0.040141883459602706
4954,-0.32331312520554306
4955,-0.5321962703443242
4956,-0.19509518185817792
4957,-0.009881132996484776
4958,0.04638314301950515
4959,0.14048234902883225
4960,-0.046236598712294665
4961,-0.06192846953286913
4962,-0.03662646445348147
4963,-0.1027963237636795
4964,0.16400593104300035
4965,0.05903512413381624
4966,-0.14897937450167595
4967,0.15424309391223787
4968,0.15328791004391304
4969,0.07134841091726978
4970,-0.1013089499733264
4971,0.09258692814647175
4972,0.14153036511121872
4973,0.11554627450437813
4974,0.18842236737709095
4975,-0.7187830228775967
4976,0.1549456856759082
4977,-1.0482034386225902
4978,1.321059890716851
4979,0.18235205435456892
4980,-0.9007044987266207
4981,1.1785927192150254
4982,0.1859159042407271
4983,-0.9531884675881837
4984,0.7793136999615463
4985,0.1519778192916263
4986,-0.9301560660314794
4987,1.1330620689242001
4988,0.42463785091113293
4989,-0.847047485314548
4990,1.3621605490698525
4991,0.13099894241074056
4992,-0.7569083544756406
4993,1.520773141583301
4994,0.5645103318397751
4995,0.17588980812280813
4996,-0.7359922735224833
4997,0.7915447874337703
4998,0.15597465920573653
4999,-0.853358534810422
5000,0.9207869342918391
5001,0.6779571044378924
5002,-0.9643203741394217
5003,0.8774300059526645
5004,0.43623928243237414
5005,-0.8055401339174975
5006,0.7746656571316552
5007,0.17701678461054385
5008,-0.8830748735679509
5009,1.1583625003851863
5010,0.1506358837393751
5011,0.06842704865512782
5012,-0.7323978585450754
5013,0.9696524979788699
5014,0.20092230896345373
5015,-0.7708230505382344
5016,1.420319697914217
5017,-1.0821364930292618
5018,-0.38995716947763887
5019,-0.20363761249555548
5020,-1.4467539469655295
5021,-0.46203720633006956
5022,-0.1780385591180908
5023,-1.102310837927988
5024,-0.6704870099819812
5025,-0.37972606609024057
5026,-1.0896476447623062
5027,-0.20316097256859
5028,-0.2256623656910341
5029,-1.6051149926713157
5030,0.6110147954918309
5031,-0.3133945424814764
5032,-0.04623257754444881
5033,0.07591603635718848
5034,2.1600609667718427
5035,-0.7922674568450956
5036,0.7349634767590716
5037,-0.622431892213454
5038,2.0723917333763797
5039,0.5520476567473334
5040,0.41337278113550613
5041,-0.6317731101658717
5042,2.2235539250698366
5043,0.4268825313913824
5044,0.8023603252010792
5045,-0.5369190110781116
5046,2.1297918235503372
5047,0.5647529283970082
5048,0.6652521064788827
5049,-0.19769222324011654
5050,1.9049710072966084
5051,0.4591695939042582
5052,0.46424565000561513
5053,-0.5271206710900679
5054,1.9229653386255643
5055,0.4197824142451718
5056,0.4745239460350756
5057,-0.6805709653463007
5058,2.133065916769411
5059,0.5172062002944702
5060,0.7995192246060658
5061,-0.5611421052296716
5062,1.8844647365320288
5063,0.4499092276343966
5064,0.23998564285955726
5065,-0.4730406821448105
5066,0.41180255484525996
5067,0.09520123319556624
5068,0.48950370875589805
5069,-0.20270579343448739
5070,0.32334984197247985
5071,-0.838221164686854
5072,-0.32114145889071094
5073,-0.23186205976890012
5074,-0.049448204978064576
5075,-1.010416021093171
5076,-0.18470552098737
5077,-0.23160380587953844
5078,-0.055716109633668985
5079,-0.699555144759098
5080,-0.01008849850160764
5081,-0.24355420813391365
5082,-0.07041970999172456
5083,0.28584811489628936
5084,-0.2912895787734391
5085,0.36963040239399425
5086,-1.4880435677893866
5087,0.4665756806690362
5088,-0.6984889924235721
5089,0.4501451796281017
5090,-1.160141412271302
5091,0.4357213780163412
5092,-0.24688752276701081
5093,0.3409781920366893
5094,-0.8446712184327577
5095,0.34903781179914234
5096,-1.1214023797798256
5097,0.24291131807342348
5098,0.3047621204498436
5099,0.7772997837562691
5100,0.26394276634665503
5101,-0.2566965401384852
5102,0.36908128029428855
5103,1.08716480988163
5104,0.38302347095497574
5105,-0.2384111658990889
5106,0.40736471275721314
5107,0.7312108858257754
5108,0.6061513036559506
5109,-0.2550403882876253
5110,-0.08208725237212923
5111,-0.4962573370391678
5112,2.0692571084971183
5113,-0.8537862604311008
5114,0.0342552425467863
5115,1.5390110971775124
5116,0.6985680840833438
5117,-0.6162237132900739
5118,2.033506979142148
5119,-1.1532415977249653
5120,-0.5413961003235688
5121,-0.4059852097317906
5122,2.0061735316553184
5123,-1.1244465595947144
5124,-0.26051084365542715
5125,-0.04696137546792912
5126,1.9863113561349572
5127,-1.0841923201677193
5128,-0.022276241669756072
5129,-0.42208578555941795
5130,1.9952826544827826
5131,-0.8484717043253048
5132,0.1322488450536139
5133,0.0692662297496893
5134,-0.5814979180336323
5135,1.8649016765650541
5136,-1.265163312151496
5137,-0.03736865605948092
5138,-0.38425077434264804
5139,1.9976197220524372
5140,-1.2835921334791374
5141,-0.1721863135619498
5142,-0.9176964057951322
5143,2.0458703420489712
5144,-1.061313957172336
5145,-0.2595743738503532
5146,-0.4534800782610197
5147,1.9548288589606435
5148,-0.8066476391586875
5149,-0.22509216064877988
5150,-0.01194222375362778
5151,-0.0711415537078539
5152,-0.18441945470118962
5153,-0.24645251381084607
5154,-0.9400656112742014
5155,0.3579940562548657
5156,-0.11073455628426561
5157,-0.44762561101243925
5158,0.028644343542107032
5159,0.4383777725926341
5160,-0.1546222282434407
5161,-0.06702651792708439
5162,-0.24295046717550095
5163,0.4013004471272555
5164,-0.3559465322906158
5165,0.1316822953753595
5166,-0.6819334233748013
5167,0.3562000751339625
5168,-0.057192495394641094
5169,0.024523026984607968
5170,-0.4402064596693976
5171,0.5852493475520854
5172,-0.15207807585343197
5173,-0.20225303435307623
5174,-0.12449002090109275
5175,0.5598077473215338
5176,0.03481148090745401
5177,0.11058270694855755
5178,-0.03865896082908183
5179,-0.05987958289432961
5180,-0.5152854121972524
5181,0.7028003391548421
5182,0.3680124413992732
5183,-0.0030666241973729587
5184,0.4253309005866723
5185,0.23041213401975405
5186,-0.08733337566871552
5187,0.4552023983395378
5188,0.6415275571490746
5189,0.0803274538970332
5190,0.8663251641219969
5191,-0.19946790673983011
5192,0.006413866250492538
5193,0.2645677474211663
5194,0.835620879913672
5195,-0.5818045567678105
5196,0.3454748857848488
5197,-1.1199499822590326
5198,0.14476581858227702
5199,0.5519730206019737
5200,-0.68753281133402
5201,0.49019402001345524
5202,0.3624181846983887
5203,-0.6593806120876418
5204,0.544428647367193
5205,0.09518457718294548
5206,-0.7260160236690508
5207,0.020767977721976638
5208,-0.6420200260039736
5209,0.6202614967636759
5210,-0.2938465862010151
5211,-0.7376716869528394
5212,0.6935036027362955
5213,0.24316201844253757
5214,-0.7107961684538536
5215,0.41978233113210284
5216,-0.9824902128257973
5217,0.5453052821502569
5218,0.6494657921727152
5219,-0.27565028342848985
5220,-0.7822672459649311
5221,0.15751966973114873
5222,0.24280183679965467
5223,-0.03006910057109129
5224,0.31160982415341243
5225,0.16102040448319765
5226,-0.15959644850408
5227,0.5063541375906592
5228,0.12205119183430915
5229,-0.06641389430513685
5230,0.12992962097444966
5231,0.31119648584147586
5232,0.018676649835598563
5233,0.14693536521709114
5234,0.25904282860044814
5235,-0.11775872886589074
5236,0.16948531665807562
5237,0.3454536631471495
5238,-0.1747290251347839
5239,0.05624075625345562
5240,0.2789303810582824
5241,-0.11613051749235674
5242,0.05700527545474951
5243,-0.1356318240967544
5244,0.23699843760332506
5245,-1.070016061748357
5246,-0.21186646874739568
5247,0.15741958963398958
5248,-0.7298785010985827
5249,-0.2064546047479778
5250,-0.12219018511593885
5251,-0.2611175673911578
5252,-0.25000609204144975
5253,-0.19432128466784174
5254,0.27254553422387906
5255,-0.20486550532141976
5256,-0.30568200421007385
5257,0.3285938124050075
5258,-0.8513551393520215
5259,-0.24100284434238542
5260,0.30030615301757835
5261,-0.8158855620725323
5262,-0.20869418886167002
5263,-0.21796605097332905
5264,0.03762386506061412
5265,-0.7148429935917373
5266,-0.2909093604834873
5267,0.1170414350837311
5268,-0.30001065765188606
5269,-0.2214482579951175
5270,0.16395981844867988
5271,-0.719566430026426
5272,-0.2920473922279916
5273,0.06974061992158108
5274,-0.06656315575474878
5275,0.5457797663772702
5276,-0.07499327787264186
5277,0.04690340089597578
5278,0.27237307374831154
5279,1.0548917637101463
5280,0.016236841589113326
5281,1.0134182992942464
5282,-0.31342772347889536
5283,-0.5316921570143206
5284,-0.27934033364981
5285,-0.025698051157977596
5286,-0.2877041852603242
5287,-0.5322886224366762
5288,-0.15246624784965018
5289,-0.07607234759085821
5290,-0.36778048898412324
5291,-0.8281168033590875
5292,0.13551880385701562
5293,-0.30765642917857244
5294,-0.33997231794739025
5295,-0.6135110956623955
5296,-0.21483343065827562
5297,-0.01160332296411195
5298,-0.2368708336634125
5299,-0.530813397579322
5300,-0.1340808059827863
5301,-0.05494906275987489
5302,-0.334044948805892
5303,-0.4648103465926989
5304,0.09139113108189496
5305,-0.01755025977102573
5306,-0.09970283027287508
5307,0.18038913878975743
5308,0.16980208307647215
5309,0.16344363184436642
5310,-0.10109527515683932
5311,0.19729855348781578
5312,0.21583595515384238
5313,0.03269178139645917
5314,-0.11020048422557865
5315,0.08179017826975464
5316,0.2201218380619103
5317,0.0003669872083285809
5318,-0.4021326595246834
5319,-0.43822008283623853
5320,-0.25104489486822923
5321,-0.04713262554308477
5322,-0.34773931410986136
5323,-0.5986762847274385
5324,-0.33531827505861417
5325,-0.041382121540031916
5326,-0.3371195675778903
5327,-0.5081972625798704
5328,-0.36438934786091276
5329,-0.024119920143914335
5330,-0.16790044250335973
5331,0.15536862108739422
5332,0.1978617693312284
5333,0.1092985949684984
5334,-0.2068808611362237
5335,0.15315625833149296
5336,0.18184020087640546
5337,-0.09143735880207353
5338,0.14328236617224577
5339,-0.376004579711805
5340,0.4336592403759493
5341,-0.8041050976030244
5342,0.14149383315146305
5343,-0.7768043422994616
5344,0.15629394536138239
5345,-0.7749468918106429
5346,0.15865169806363555
5347,-0.552172258016418
5348,-0.1552037594834494
5349,-0.1615197328021926
5350,-0.7368567804949852
5351,0.14401243937239502
5352,-0.24533650428639198
5353,-0.5322608446588984
5354,0.7042438995297825
5355,-0.15641132878053388
5356,-1.278593322222109
5357,0.10662130754667863
5358,-0.2572881414041773
5359,-1.107542134198292
5360,0.07658565328831793
5361,-0.760371523331482
5362,0.36796776681417254
5363,-0.452046281564304
5364,0.3214593911223189
5365,-0.8605332597890788
5366,-0.08496849789821277
5367,-0.4074534454165139
5368,0.29579099425188776
5369,-0.7817272797262688
5370,-0.02286781916249066
5371,-0.8069777546213489
5372,0.29628955883399705
5373,-1.0668322372094992
5374,0.1014668975537736
5375,-0.27495915793219317
5376,-0.8986379104062937
5377,-0.1668619364507972
5378,-0.4879811971554975
5379,0.7100763112858818
5380,-1.030622894141179
5381,-0.22184866424438324
5382,-0.9007993699185981
5383,-0.018163574191988476
5384,-1.555157995245427
5385,0.020220398153190378
5386,-1.0329534350951888
5387,0.4762878540414431
5388,-1.4973002294687554
5389,-0.22084426531842605
5390,0.6624483021415026
5391,-1.5464211004640607
5392,0.018999924452834674
5393,-1.2477217456990206
5394,0.07712050564325734
5395,-1.1451387829668445
5396,-0.25699432412730255
5397,-1.0332421761637953
5398,-0.22875034973965927
5399,-1.0269351651853096
5400,-0.009735346297356513
5401,-1.1621168949838832
5402,0.4446505657367204
5403,-0.9822608147879802
5404,-0.16668697826043263
5405,-0.8479389248831811
5406,0.26359655320494213
5407,-0.8538329264781173
5408,-0.5354281553199091
5409,-0.7369876199434382
5410,0.24972636091639897
5411,-1.1619727321169495
5412,-0.04674649371421251
5413,-0.729601419840884
5414,0.24936379826047123
5415,-0.8969635863269231
5416,-0.1787640114427593
5417,-0.8019482996126212
5418,0.3812676789664694
5419,-0.9813434444057887
5420,-0.20242077320199003
5421,0.2071129289301698
5422,-0.13660399074956317
5423,0.33272630264234504
5424,0.11037952942640225
5425,0.1501923081090237
5426,-0.1005612765165411
5427,0.1563366327497576
5428,0.21243750477836784
5429,0.052356734796341356
5430,-0.17498691149258508
5431,0.1893593123261781
5432,0.19557939771502283
5433,0.1427033688097148
5434,-0.16454076681496152
5435,0.16651389776893877
5436,0.11615337741312423
5437,-0.20229936710090188
5438,0.12890671563140318
5439,0.48206018696215336
5440,0.18686054427467094
5441,-0.16461874153024153
5442,0.15434937477901317
5443,0.043335466465523304
5444,0.2126523409361055
5445,-0.10931064689020649
5446,0.5320125612735478
5447,0.14027477489672346
5448,0.10558721379887125
5449,-0.2526267197500448
5450,0.19140791030047452
5451,0.07861191693183342
5452,0.05354822168581076
5453,-0.07533284052492173
5454,0.15592286669759597
5455,0.280122331164065
5456,0.0672114299728748
5457,-0.09448318397657252
5458,0.13595750014183447
5459,0.26224380896043137
5460,0.02338514452346687
5461,-0.09395659658607139
5462,0.17866172025146548
5463,0.18169837106467615
5464,0.12370385562516806
5465,-0.16348893490475486
5466,0.09228692814647171
5467,0.20370854236539193
5468,0.14117120299573077
5469,-0.11540141294234549
5470,0.17419691134562482
5471,0.396073886227089
5472,0.0988030852506201
5473,-0.09619662803407639
5474,0.1547066873151411
5475,0.20353554541851246
5476,0.33564868077342647
5477,0.17975216707449457
5478,-0.6798317102508997
5479,0.9990160788543907
5480,0.1795686992553511
5481,-0.9226645582776246
5482,0.9697670656528888
5483,0.2022556942207446
5484,-0.6680968081748027
5485,1.3103717894514564
5486,0.2159383447819167
5487,-0.6442355690346424
5488,0.7733742809069266
5489,0.17783533342127794
5490,-0.8742103286201314
5491,0.8318985027125275
5492,0.1508374252410634
5493,-0.7971735058225571
5494,1.7860014372011812
5495,0.21042984156449002
5496,-0.7066430661848709
5497,1.1866948153775647
5498,-0.2351454663356534
5499,-0.6204920780110545
5500,0.5127435888912527
5501,0.05806359737835429
5502,0.16376507409332328
5503,-0.34121592855298694
5504,0.3588532519393459
5505,0.11975005383010442
5506,0.4190605326110999
5507,-0.15801300607983948
5508,0.510063095955683
5509,0.23155560286946225
5510,0.15714206220633792
5511,-0.26928159047660355
5512,0.5860544511544004
5513,0.3439984262616634
5514,0.38678765016910527
5515,-0.375681471930599
5516,0.5583448950930754
5517,0.15563670313419142
5518,0.2864247273121938
5519,-0.5953545953378097
5520,0.7454991807723246
5521,0.030606217951195197
5522,0.051739719253035096
5523,-0.5670563662995672
5524,0.6161523664389252
5525,0.3155323446550373
5526,0.16517232031938578
5527,-0.658846464479161
5528,1.017973295108219
5529,0.14594259106555396
5530,-0.7087384363541978
5531,1.4556486006193587
5532,0.09525446454985567
5533,-0.6530292977009564
5534,1.0066840820311114
5535,0.08078583915702599
5536,0.6088233917910878
5537,-0.0031025781915064604
5538,-0.04427383591418475
5539,-0.035459059741044206
5540,0.6376362685894348
5541,0.31145609513830025
5542,0.08704383222895966
5543,0.3646218783099456
5544,-0.10795289470729649
5545,0.3939375462875232
5546,0.5642150492127052
5547,0.6196137856936456
5548,-0.19739411003280738
5549,-0.1704491496568863
5550,0.7246213225283795
5551,0.6336533573617641
5552,0.41645375082980685
5553,-0.42415781954786136
5554,2.1411904082788187
5555,0.32152658676059004
5556,0.45609409399582335
5557,-0.33874932263230295
5558,2.33303807854418
5559,0.4087354740970041
5560,0.4249629136952108
5561,-0.5252379507141461
5562,1.8871279583798455
5563,0.4289106585630962
5564,0.14653664299415048
5565,-0.6960357740322585
5566,1.5455760497917357
5567,0.440426501382365
5568,0.7969796103249164
5569,-0.6066903898687677
5570,2.1519504791384385
5571,0.5407735506148288
5572,0.46975142919657015
5573,-0.6413566785677174
5574,2.3033666556496986
5575,0.4580174495900696
5576,0.669201018361472
5577,-0.7191462459292557
5578,2.1115631342471515
5579,0.5036829999120035
5580,0.8315154319317488
5581,-0.5985695701811711
5582,2.2335653433274754
5583,0.2984632364917979
5584,0.7815514350334043
5585,-0.7128632048141927
5586,2.0736961592922762
5587,0.3877417884047761
5588,0.7507594933566946
5589,-0.5073523583558128
5590,2.2597948889134085
5591,0.3845476285919383
5592,0.8937406196254251
5593,-0.56646671231786
5594,2.147140486243869
5595,0.454356468671182
5596,0.889416856401609
5597,-0.31978473142862
5598,2.2009482251130583
5599,0.525060030114642
5600,0.15977848012639337
5601,-0.6060523230230589
5602,2.0765509605585812
5603,0.41596096433963264
5604,0.4437002389618934
5605,-0.2825404823675758
5606,0.09095966491708164
5607,-0.5300749793763158
5608,2.141425034967157
5609,0.42328877551296606
5610,0.4935268069906677
5611,-0.3042726195150978
5612,2.218498206043321
5613,0.5571178598824313
5614,0.44980357101504104
5615,-0.391409261025488
5616,2.2080196598357045
5617,0.5294820095546867
5618,0.5322450177687946
5619,0.10046067981759493
5620,0.5693941469850383
5621,0.21583014897993769
5622,-0.06641482010331581
5623,0.39273964232774816
5624,-0.12250383470418501
5625,0.4414959078443356
5626,0.24678279003959874
5627,0.4782979841591303
5628,0.3897388376761409
5629,-0.38827991253284533
5630,1.0427849315712985
5631,0.48328282064551614
5632,0.35853363287644846
5633,-0.31003673886283367
5634,1.0768878491122338
5635,0.9447635895440804
5636,0.4245626232780881
5637,-0.3008701790888808
5638,0.5115755522800923
5639,0.9525893220236302
5640,0.4027567080902946
5641,-0.3214474829721845
5642,0.4208750171473183
5643,0.5249090878208729
5644,0.23369023886967139
5645,-0.3479042378311364
5646,1.0326378204528879
5647,0.4122055758998463
5648,0.3092347597068745
5649,-0.27681399634776255
5650,0.2725721468965925
5651,0.6196206908464282
5652,0.5471010288745882
5653,-0.3665556076396844
5654,0.8853933930870356
5655,1.3447370219458197
5656,0.43636181792830164
5657,-0.25727736620422703
5658,0.3608217707105508
5659,0.858321837492143
5660,0.5289150145593948
5661,-0.2911176567586741
5662,0.36427133894867825
5663,1.0855278774404868
5664,0.32009079198908297
5665,-0.4500015837949931
5666,0.90621404272888
5667,0.3148051572159256
5668,-0.42985173072307103
5669,0.4032104243536929
5670,0.8625962302578801
5671,0.3611308047866258
5672,-0.4846793937248399
5673,0.40753247459973574
5674,0.7209700862216087
5675,0.4009298154190083
5676,-0.48608000076031804
5677,0.8789470464037489
5678,0.4569369449357079
5679,0.5199653555976403
5680,-0.595487673287686
5681,-0.11117091051898242
5682,-0.6237806990074023
5683,1.96937623603389
5684,-1.156908361095865
5685,-0.01843413906063642
5686,-0.6042074235217063
5687,1.9430802155143896
5688,-1.1785772337585112
5689,-0.2272826559105527
5690,-0.5339523251053344
5691,2.0068730761579747
5692,-0.8208860607863782
5693,-0.023191755608134263
5694,-1.0705995124775989
5695,1.9275185851717138
5696,-1.1571901144580659
5697,-0.06456577385658475
5698,-0.21396381973289041
5699,1.9435724939396768
5700,-1.3467657299861326
5701,-0.30658236894616253
5702,2.0506910672795127
5703,-0.8215106467639226
5704,-0.46107750232233347
5705,0.2561284715721036
5706,-0.015438580931647804
5707,-0.18859368872599547
5708,-0.6706834601234876
5709,1.9261002966233236
5710,-1.0798107539804875
5711,0.028817464814254
5712,-0.30599414447617224
5713,1.9114994402827414
5714,-1.0132878467826951
5715,-0.2385600862386393
5716,2.1367150974929845
5717,0.3018531163847965
5718,-0.28391431746321105
5719,-0.6224473656740689
5720,2.063932426966841
5721,-1.2869204351391184
5722,0.4439810274155284
5723,-0.9889425132349141
5724,2.07246261283082
5725,-0.8348529386148873
5726,0.006756981167143886
5727,-0.6466925198894053
5728,2.120166255504417
5729,-0.7917129145017022
5730,0.03877323203187838
5731,-0.874450636371721
5732,1.8857818499220207
5733,-0.8794134490849563
5734,-0.330552429316193
5735,-0.4915896489355611
5736,1.9144727784354718
5737,-1.117395574486342
5738,0.06271928689990962
5739,-1.0528982872321455
5740,1.956865639940806
5741,-0.9226667312553897
5742,-0.0769973145919656
5743,0.48617126387774545
5744,0.4255698119813859
5745,-0.012448298827873327
5746,0.4657617892848442
5747,0.5208336767210229
5748,0.3331335035764853
5749,-0.11069036521164118
5750,0.33547607828708687
5751,0.6926010565792474
5752,-0.15552167750268053
5753,0.5138065148416394
5754,0.651149157195049
5755,-0.0994628194071668
5756,0.4261157903915429
5757,0.27654237357323314
5758,-0.06402245225476469
5759,0.42227945232008735
5760,0.31914972862420443
5761,-0.31224055842203574
5762,-0.08749430404615709
5763,-0.12888237913142128
5764,-0.15134113973993468
5765,-0.22584267799014518
5766,-0.05322768563394463
5767,-0.2274479514707405
5768,-0.005849682074070099
5769,-0.18468541767332533
5770,-0.07872934941244548
5771,-0.1679396522679172
5772,0.08144473254362529
5773,-0.030127210711786197
5774,-0.2164934611366468
5775,0.010240091313130317
5776,-0.11666006551850103
5777,-0.06854052042914922
5778,-0.07220382532839935
5779,-0.17535177882549863
5780,-0.10219522600679125
5781,-0.0742505092300542
5782,-0.22270613352892496
5783,-0.062014704412008376
5784,-0.014353740049998705
5785,0.07121946238353709
5786,-0.09171532822895746
5787,-0.07814514497842287
5788,-0.10044094517531951
5789,0.0233454658705846
5790,-0.2131410190649637
5791,-0.24419435011691862
5792,-0.15102364830426107
5793,-0.07800581824396474
5794,-0.09346463449870382
5795,-0.08093668005462597
5796,-0.10432040937955814
5797,-0.1337559210677813
5798,0.09934478676113837
5799,0.27297194338371206
5800,0.059761847844065366
5801,-0.8783548311289947
5802,0.4829521656927707
5803,0.12926982464894665
5804,-0.9369929874537662
5805,0.41127846148397224
5806,0.1429366199625621
5807,0.05279113598755938
5808,-0.9413770079787622
5809,0.2687603462395056
5810,0.5835273944438644
5811,0.5273415087291995
5812,-0.2848927924626473
5813,-0.7179751563210238
5814,-0.24349044938900954
5815,-0.057689867738522485
5816,-0.26624807823262414
5817,-0.5726849891127239
5818,-0.2258032331192693
5819,0.013910643687748513
5820,-0.24208137011602807
5821,-0.5120803397320489
5822,-0.2555581192295416
5823,0.014053025735295323
5824,-0.3348746238435582
5825,-0.5342575261753268
5826,0.2133211576450888
5827,0.038677780957957396
5828,-0.2858098210526478
5829,-0.20785134976094619
5830,-0.12402970887464906
5831,-0.24336569475449593
5832,-0.3381231405019108
5833,-0.28704372371691717
5834,-0.1136080071612884
5835,-0.020506617594492488
5836,-0.4730709560120792
5837,-0.2426272346203989
5838,-0.1992456836635043
5839,0.16500046910861105
5840,-0.9769655853892006
5841,0.12989712353040067
5842,-0.8025115188712968
5843,0.17207940718968084
5844,-0.6761595208332762
5845,0.03530844053190563
5846,-0.8244053473270454
5847,0.27407898029130723
5848,-0.346015621023287
5849,-0.33579066192801915
5850,-0.9131915557015886
5851,-0.8859917701187181
5852,-0.460917263203295
5853,-0.43496005020546463
5854,-1.016593663706389
5855,0.12854207763812872
5856,-0.45385878459561174
5857,-0.9179099131052824
5858,-0.6295453667738309
5859,-0.483838448562508
5860,0.38167312797395514
5861,-0.8745698950576032
5862,-0.5356549773657002
5863,-0.8019279408194739
5864,0.3355322340742352
5865,-1.2541647538778293
5866,-0.028088467443636196
5867,-0.6378449081546347
5868,0.24360698525360297
5869,-0.9769579805513988
5870,0.019352057847025653
5871,-0.6052567167275127
5872,0.1990655301914825
5873,-1.4449909191709123
5874,-0.2668146296846622
5875,-0.7761423127837266
5876,0.33376255270197014
5877,-1.0528543343392154
5878,-0.18881636257271886
5879,-0.826311485460379
5880,0.25774643968543565
5881,-1.0809035791712864
5882,-0.2979737089253585
5883,-0.599917088873332
5884,0.376829052308811
5885,-0.7891244419950475
5886,-0.00263835042768451
5887,-0.9722654160254547
5888,0.3028957068076488
5889,-1.0796216660290108
5890,-0.18885047114204428
5891,-0.45371908373156933
5892,0.32823296748152564
5893,0.044620587967266555
5894,0.0762391892442745
5895,0.0730522759005556
5896,-0.3144263274577181
5897,-1.050905278715513
5898,-0.2938690414699184
5899,-0.04980152107168064
5900,-0.33802909084038596
5901,-0.5268560720579991
5902,-0.10846403642714894
5903,-0.11009841152977555
5904,-0.0990256330356123
5905,-0.546162663000787
5906,-0.3239150261889294
5907,-0.7508583697920445
5908,-0.09493840941177692
5909,0.036895731414717
5910,-0.10060883233139481
5911,0.15209573139993024
5912,0.17166024076732556
5913,0.19088345943230978
5914,-0.10328925667863639
5915,0.09425375425591527
5916,0.34223253377868607
5917,-0.055738811715006734
5918,-0.07395522860408324
5919,0.17239140843010822
5920,0.2042554855816206
5921,0.03164468021976207
5922,-0.07545522860408324
5923,0.14535412191014876
5924,0.38140600262790647
5925,0.03969467096878302
5926,-0.13484837946562803
5927,0.19308487603657054
5928,0.2004543251838699
5929,0.19578454175218657
5930,-0.8436752352196188
5931,0.20056888272845996
5932,-0.8051255691879358
5933,1.1379939540248092
5934,0.12445148725863531
5935,-0.7675468017095028
5936,1.1751233895148625
5937,0.20424957302061938
5938,-0.7961141748742997
5939,1.6117815931785127
5940,0.290374865257827
5941,0.10878544946435964
5942,0.23375360215844881
5943,-1.1506727779588872
5944,1.5672016831017594
5945,0.3255382370346432
5946,-1.0480530458673398
5947,1.7429645447171287
5948,0.4749976625797837
5949,-0.830216259200922
5950,1.186442775766396
5951,0.45253998875423923
5952,-0.9775609822299831
5953,1.7873774731324403
5954,0.08185030815937165
5955,-0.8571930517014562
5956,1.2497252621590846
5957,0.13492137720114813
5958,-0.8544546361166643
5959,0.8644375016193228
5960,0.06305198792701674
5961,-1.0369226500492046
5962,0.16588568591316424
5963,-0.8260110644088045
5964,0.9159847600717875
5965,0.5964987540247126
5966,-0.884912607162727
5967,1.705493880680235
5968,0.146489967549703
5969,-0.6681804917164137
5970,1.0586040634462814
5971,0.8408164419618639
5972,-0.7586433330481579
5973,1.0166253460630812
5974,0.17435968790386122
5975,-0.5994939836296623
5976,0.9754697152281199
5977,0.1586870842650863
5978,-0.7849006238892713
5979,1.2141833064137075
5980,-0.8512667318833104
5981,-0.33457511446799026
5982,-0.08042719416600842
5983,-1.001872226698107
5984,-0.5602450021526504
5985,-0.2298092204919942
5986,-0.8514902763658823
5987,-0.7130097326449752
5988,-0.6818951275475135
5989,-1.220522116149469
5990,-0.260600093032477
5991,-0.32296899826309217
5992,-0.9809233510151117
5993,-0.26871793875988087
5994,-0.4467074506355499
5995,-1.4247454078107116
5996,-0.12837961695941846
5997,0.17870010508527948
5998,0.14050251293138447
5999,0.17514488426205088
6000,-0.4899777534796474
6001,2.227211775192885
6002,0.5652623327585824
6003,0.48357264334754335
6004,-0.5662941192389908
6005,2.223176421022188
6006,0.3224691177326795
6007,0.4532245112666756
6008,-0.3899166103417738
6009,2.1610128011770513
6010,0.5812231782393088
6011,0.5738137976963311
6012,-0.36168530510895247
6013,2.253474487273198
6014,0.4237300328777962
6015,0.22324685948236928
6016,-0.49967673055131145
6017,1.938528211629222
6018,0.5029417086674076
6019,0.19270036192047138
6020,2.268107234901833
6021,0.49350094623384333
6022,0.49528198669075313
6023,-0.3073093789208905
6024,2.162279910611995
6025,0.41602003297597573
6026,0.38984064720920103
6027,-0.8322830411143007
6028,0.00499482936804593
6029,-0.3900465592044925
6030,0.022328129889318222
6031,0.09181553297981758
6032,0.04361751504258094
6033,-0.8669927085738182
6034,0.08330298089252969
6035,-0.9335395422393781
6036,-0.1453666658779493
6037,-0.1724611923101512
6038,-0.03009537497160059
6039,-0.7726244548669621
6040,-0.06160001719729095
6041,-0.30970170611547576
6042,-0.018248690765645788
6043,-0.6481570890929584
6044,-0.07065046332576808
6045,-0.245027613738314
6046,-0.04594138140253302
6047,-0.5705227471761557
6048,-0.11922500804183324
6049,-0.218021301858678
6050,-0.07340563070003571
6051,-0.8509745374349938
6052,-0.1182552230452353
6053,-0.11092251873514733
6054,-0.027230611926279454
6055,0.2874416682243696
6056,0.5424421865346816
6057,0.25294217795942486
6058,-0.6782002484643652
6059,0.3133182573277649
6060,-0.9069121132774929
6061,0.33142519739836224
6062,0.19396848257830968
6063,-0.8148375744779524
6064,0.3269839034971613
6065,-1.2711982073449273
6066,0.3188614730918973
6067,-1.0391502707284839
6068,0.3181512526815721
6069,-0.5842569424688496
6070,0.4045748318420391
6071,-1.4638626688865664
6072,0.46481330923804465
6073,0.3273848229345531
6074,-0.7158113241097611
6075,0.30647931259486805
6076,-0.8832620474325165
6077,0.4600896542068962
6078,0.940570339377629
6079,0.681585538209301
6080,0.30414127413089725
6081,-0.3341439464414507
6082,0.3827968985372757
6083,0.9094883073323146
6084,0.5319637175610282
6085,-0.3552874725854588
6086,0.30034732976096945
6087,0.5839805181579869
6088,0.4488300896961338
6089,-0.39931393851967006
6090,0.3321546797382493
6091,0.7671903743715339
6092,0.16142970905313767
6093,-0.34059620387744954
6094,-0.2678271794555272
6095,-1.0778544325375923
6096,0.08522042830475333
6097,-0.3140297301076936
6098,2.0446546086368396
6099,-0.9227828642424202
6100,0.009449276009191815
6101,-0.09891501818507319
6102,2.0011939762360877
6103,-1.044184749941252
6104,-0.014839791131518112
6105,-0.23710920667203897
6106,1.9276997185872482
6107,-0.8847573264853092
6108,0.5223786342904969
6109,-1.0628380856112383
6110,2.031722114447567
6111,-0.8321721495236575
6112,0.21803151452532785
6113,-0.38616571143365563
6114,1.9963333548222368
6115,-1.2201321269524472
6116,0.7664760253162217
6117,-1.162823619600616
6118,2.038960360498065
6119,-0.1030267540055306
6120,-0.6759364101427329
6121,2.063774935339407
6122,-0.9013001228166184
6123,-0.00863504402012421
6124,1.0211082533526927
6125,-0.011172970955834203
6126,-0.4369213025699219
6127,2.01630820162734
6128,-1.2101687152847516
6129,-0.13255752065396637
6130,-0.6568641707328703
6131,1.9562910027518832
6132,-0.8460353857964101
6133,-0.4949360793965161
6134,-0.48963784207695976
6135,2.0198464854360956
6136,-0.7067608443501537
6137,-0.5571002155377395
6138,-0.07062216406735056
6139,-0.3101134128484115
6140,-0.4055971105030934
6141,-0.1264705293494324
6142,0.4178641973270127
6143,-0.06170543700931138
6144,-0.006809019137045723
6145,0.3292322955320888
6146,-0.1455392494292245
6147,0.0598963782001372
6148,-0.44684425738096256
6149,0.29342694939642416
6150,-0.4509487616065063
6151,-0.21083288341347897
6152,0.05487891002703886
6153,0.6426430281230392
6154,-0.19838757101771795
6155,-0.21409987220085974
6156,-0.020537748476052848
6157,0.23500899697032468
6158,-0.10389545136959742
6159,-0.35804100515659837
6160,0.22000115588129313
6161,0.5051002224251168
6162,-0.40386449064499813
6163,0.005032187832501732
6164,-0.45949992005724
6165,0.33223426473548245
6166,-0.39938189480610325
6167,-0.2940486182363525
6168,-0.22278793183619242
6169,0.3472762443376559
6170,-0.4266721007324817
6171,0.1953752070241305
6172,-0.9668398068582905
6173,0.39611450698794154
6174,0.25349145040868526
6175,-0.07795922990422442
6176,-0.6102445778985636
6177,-0.1494036159160908
6178,-0.08555946959216547
6179,0.04411288252538887
6180,1.2811037268691996
6181,0.4143343744709642
6182,-0.19066282834534246
6183,0.4075456746559581
6184,0.3735246234434028
6185,-0.052268613549207796
6186,0.4192410498022146
6187,0.3947800232898518
6188,-0.4199377789025423
6189,0.4693471247964601
6190,0.48030103568461413
6191,0.04565949216957669
6192,0.7414049280863065
6193,-0.6050677480714308
6194,0.0336826255524542
6195,0.04569869783420319
6196,0.8324599833068984
6197,-0.2956644758297677
6198,0.04754982907609948
6199,-0.9156729447857322
6200,0.5518701522434415
6201,-0.07221246860505762
6202,-0.06532437291367083
6203,-0.14387303366577545
6204,-0.7014232694990674
6205,0.7042635377756669
6206,0.19484275983229488
6207,-0.9871451908919215
6208,0.6156070279471493
6209,0.11945246354644046
6210,-0.9194672990367931
6211,0.7060752494638922
6212,0.14955849471891874
6213,-0.8444004856306038
6214,-0.06822740836065777
6215,0.692330038952029
6216,0.5752792697378663
6217,-0.12973218778390097
6218,0.25354926132929795
6219,0.26450118436501546
6220,-0.1436441251846199
6221,0.13941307770974684
6222,0.17106099667673275
6223,-0.10055526090282338
6224,0.16542800767718716
6225,0.258523405256117
6226,-0.1682378596268631
6227,0.03901494752879281
6228,0.23774815122757367
6229,0.11277711921549098
6230,0.2763255957571558
6231,0.29595158286602813
6232,-0.13746253126853547
6233,0.13757846851435818
6234,0.10240791579892204
6235,-0.13649906992003946
6236,0.202466278202054
6237,0.31575915273383237
6238,-0.17158787948160523
6239,-0.22490108829382582
6240,-0.11649278142646535
6241,-0.7172317896383524
6242,0.2633139114139172
6243,-0.9506513010374757
6244,-0.10571602009222236
6245,0.17311490590419226
6246,-0.6949104273579374
6247,-0.1528781820041678
6248,-0.00011679125387546751
6249,-0.7560048727562562
6250,-0.09002976742459493
6251,-0.353335606234741
6252,-0.27376050125793694
6253,-0.034263218245209545
6254,-0.2682589763801795
6255,-0.2033454984642019
6256,-0.1752494145433506
6257,-0.028244794855729494
6258,-0.25683404762147005
6259,-0.03500662299025106
6260,-0.23927119592851945
6261,0.17712498714371808
6262,-0.18735667766781966
6263,-0.14057179066153913
6264,-0.17734037330494679
6265,-0.24054819563959526
6266,0.11041950051112712
6267,-0.8712589734549497
6268,-0.2014036206220829
6269,0.14187259632818694
6270,-0.6442243676121351
6271,-0.0768089173551589
6272,0.12525147121073008
6273,-0.8715400438398436
6274,0.005375324685714293
6275,-0.11984521095280493
6276,-0.7184854630830422
6277,-0.2156765330043451
6278,0.1776396758473458
6279,-0.7420038373987522
6280,-0.2692350973182011
6281,-0.16049278742443646
6282,0.010642145980860593
6283,0.05734776594804166
6284,-0.19544337470473122
6285,-0.05737125621276119
6286,-0.1925904163593925
6287,0.3317425172821306
6288,-0.26986272924283966
6289,0.020543889222346647
6290,-0.08606442410016264
6291,0.3023320949508566
6292,-0.13959283174281129
6293,-0.07721126817661063
6294,0.6389717410144792
6295,-0.00079137094686048
6296,0.6752721281150861
6297,-0.37437944616187535
6298,-0.46803058202693537
6299,-0.24371471467268077
6300,-0.04018373336171539
6301,-0.3120133190410766
6302,-0.4751355075575056
6303,0.01088852463643711
6304,-0.057969267287067916
6305,-0.3325785857898809
6306,-0.5027757436544463
6307,-0.22040172728254223
6308,-0.00895901049380446
6309,-0.011555588510986616
6310,-0.7177811235437367
6311,0.24739472233511514
6312,-0.30695311229335664
6313,-0.527414399609162
6314,-0.23982104103863208
6315,-0.03696153718306773
6316,-0.31282565462547307
6317,-0.4938181844672095
6318,0.09854829989314808
6319,-0.039796702112041775
6320,-0.3123412360716592
6321,-0.4593225813874896
6322,-0.12719970383060836
6323,-0.043512146046152916
6324,-0.3262613246499009
6325,-0.6174386909509411
6326,-0.25089306157927194
6327,-0.16779586227923537
6328,-0.31137264431516404
6329,-0.5349543013506118
6330,-0.2571725904068755
6331,0.00693874123743551
6332,-0.09537019765176914
6333,0.10989832071934635
6334,0.19612575050533515
6335,0.286159982279513
6336,-0.1345647998983085
6337,0.22267506042569782
6338,0.17904166794977458
6339,0.1912269659407153
6340,-0.1182420729424122
6341,0.1278891571748291
6342,0.31926865151391787
6343,0.11127990104947492
6344,-0.22353623352541363
6345,0.17492716145031498
6346,0.10072984286466062
6347,-0.033462813887442315
6348,-0.17593677560387933
6349,-0.6994338047065103
6350,-0.4051606991362366
6351,-0.01905402414845799
6352,-0.29872545475135576
6353,-0.4915451504873594
6354,-0.2083915114686665
6355,-0.06814736458244075
6356,-0.3068493064191552
6357,-0.5493123680920003
6358,-0.22329269289380346
6359,-0.020487874810141984
6360,-0.3448976951853508
6361,-0.3510022594386781
6362,-0.11294402537459068
6363,-0.02011415928455972
6364,-0.3487790112303447
6365,-0.598108782459733
6366,-0.31333459822983833
6367,-0.019787407260839596
6368,-0.2758952640811325
6369,-0.4971632353135872
6370,-0.22780288408499755
6371,-0.059218557742099345
6372,-0.2820489314420579
6373,0.1438869527775266
6374,0.20302220043818658
6375,0.05531170875930036
6376,-0.33347810390582044
6377,-0.4637135661391466
6378,-0.1956977674562396
6379,-0.028361150032842203
6380,-0.08840797377792588
6381,0.2017159538943647
6382,0.23231288812133935
6383,0.2706534045445837
6384,-0.15759530223819646
6385,0.1960965261755324
6386,-0.2864260350346615
6387,0.17831670674166852
6388,-0.8326947209557516
6389,-0.12258943100367505
6390,-0.8092481280127556
6391,0.12172983755429116
6392,-0.5682225178857763
6393,0.17681898212082378
6394,-0.9075889802676089
6395,0.05126377646013464
6396,-1.0879061176754883
6397,0.17711270306142848
6398,-0.7986653334568231
6399,-0.23287629861500844
6400,-0.27283292641879486
6401,-0.541248159130903
6402,0.2920221408998458
6403,-0.2488449799556403
6404,-0.7214374004801021
6405,0.6089958756079372
6406,-0.10068838864917605
6407,-0.6387377052330643
6408,0.3277970925756388
6409,-0.2875563364146981
6410,-0.537275927269435
6411,-0.13596186413347197
6412,0.1982081199755084
6413,-0.5855584402318107
6414,0.8772358905597584
6415,-0.24324556336451347
6416,-0.84196970291904
6417,1.2578469167475443
6418,-1.199849837757104
6419,0.4287856336916709
6420,-0.4505048286088067
6421,0.3977779920927733
6422,-0.8279070767053871
6423,-0.01975770530592904
6424,-0.4961688793099707
6425,0.2949142877547292
6426,-0.8518556722608771
6427,-0.37934180928240024
6428,-0.5843499562662229
6429,0.26634107752940617
6430,-1.079626338163346
6431,-0.0668503289213267
6432,-0.604187773972516
6433,0.3855787801608923
6434,-0.9539516609303597
6435,-0.1436373959934003
6436,-0.8305465414996918
6437,0.26706728385203554
6438,-0.9860762173289621
6439,-0.1437628204180895
6440,-0.8068599647554078
6441,0.29047926433161053
6442,-0.9386571587129583
6443,-0.2900020735198001
6444,-0.6325388552696756
6445,0.2754120593144056
6446,-1.041164234680762
6447,-0.27924320005513437
6448,-0.5697955337949798
6449,0.36403560692863807
6450,-0.8214790127698477
6451,-0.14998906313525248
6452,-0.955784994263693
6453,-0.14743826639291452
6454,-0.8984071681901412
6455,-0.26618486722004653
6456,-1.0691198425138198
6457,-0.09127769238453905
6458,-1.049428948360403
6459,0.23949815070107022
6460,-0.060567716213680275
6461,-0.9922985373749145
6462,-0.043486808728594846
6463,-1.0573048627297978
6464,-0.3028754752750348
6465,-1.2244727988292408
6466,0.45761202798330636
6467,-1.2121481316245348
6468,-0.6553056872098958
6469,-1.2759206726163224
6470,-0.6664658603465756
6471,0.42486181191250066
6472,-0.9231105986102544
6473,-0.23118109155912892
6474,-1.1677434301244995
6475,-0.37387720104409244
6476,-1.2204709753803036
6477,0.5128179799576347
6478,0.5610312343763184
6479,-0.02537689866295
6480,-0.02566670028566504
6481,0.10306586414759604
6482,-0.3636099781004843
6483,0.19866853828451506
6484,-0.9383887636833396
6485,-0.2119194651314524
6486,-1.1563867078486632
6487,0.16636548961485687
6488,-0.13409570082640754
6489,-0.3226767085554171
6490,-0.9650918650373415
6491,0.4188738807566925
6492,-0.8514902763658823
6493,-0.10131057450156787
6494,0.13757846851435818
6495,0.21224848900317875
6496,0.05457387103580822
6497,-0.13912655807063817
6498,0.15496105553700576
6499,0.20533059708948662
6500,0.04389088821623109
6501,-0.09501027756807996
6502,0.1549729695940081
6503,0.10294566719934964
6504,0.2346128241979414
6505,-0.10064523999171743
6506,-0.4690787985176746
6507,0.22429471767858705
6508,0.04378070580550826
6509,-0.1414884292784538
6510,0.18637212129149977
6511,0.10084656118089703
6512,0.09098220404883363
6513,-0.16276024299941325
6514,0.15574677911781765
6515,0.176396106011842
6516,0.024999490001431104
6517,-0.10327809550859546
6518,0.19290370843043508
6519,0.19058375721487297
6520,0.20694064157757475
6521,-0.13934723504822633
6522,0.15623673627859774
6523,0.2557820618840173
6524,-0.007069677754212344
6525,-0.052732047346936685
6526,0.1549729695940081
6527,0.17961919166783513
6528,0.04210159737570943
6529,-0.08962198414846419
6530,0.12046287173067446
6531,0.0878326341309777
6532,0.01564619219967802
6533,0.18596790297492385
6534,0.27918806415434844
6535,0.02700612780806892
6536,-0.03834908773385979
6537,0.1683168779915275
6538,0.3166155988498557
6539,0.23385810276077737
6540,-0.11829796751793062
6541,0.26030171299740046
6542,0.2750925018994916
6543,0.04080578207989414
6544,-0.18382652863296864
6545,0.21921751676389767
6546,0.5333420616964492
6547,0.2748641988565049
6548,-0.16345035249498477
6549,0.1387574679490079
6550,0.17538989170072294
6551,-0.1507203376023412
6552,0.15834481833350392
6553,0.008747785487476158
6554,-0.11377755571077869
6555,0.16930668411056096
6556,0.15806569113002436
6557,0.07167600683353853
6558,-0.09394851555600732
6559,0.17052043446221538
6560,0.21247594033314898
6561,0.0017896600119032943
6562,-0.1428085407335218
6563,0.15217088268449475
6564,0.52784804259505
6565,0.043882956670758866
6566,-0.13336285804466028
6567,0.22029271229191322
6568,0.23134509776952267
6569,0.057792328847683254
6570,0.17900896824096235
6571,-0.9640807895234447
6572,1.7330254269029468
6573,0.17550596994412582
6574,-1.0544727836932832
6575,1.7729209794783567
6576,0.17070627839028008
6577,-1.0249838623565721
6578,1.0796493715002748
6579,0.036280959455461795
6580,-0.6758453924601403
6581,1.468997599624139
6582,0.17178540582403784
6583,-0.8175508114488356
6584,0.893058713378705
6585,0.175559733194339
6586,-0.8156789761828316
6587,0.8707875330291636
6588,0.16893588716068458
6589,-0.7274372963469747
6590,0.8285679550424346
6591,0.17262660716109982
6592,-0.7239970604192033
6593,1.4556508460090836
6594,0.08947686311758499
6595,-0.725542853274922
6596,1.2848667943866467
6597,0.12689131793463132
6598,-0.7165600992728858
6599,0.7716936202007338
6600,0.09085239699900523
6601,-0.4129317647949514
6602,0.5303095610569268
6603,0.15732353963929666
6604,0.18197709806082643
6605,-0.33902910640490624
6606,0.45778527735491215
6607,0.08720074721201058
6608,0.15549087069026096
6609,-0.41807186855601675
6610,0.6534572923063359
6611,0.05713929673886186
6612,0.14316492148555468
6613,-0.33402938517856345
6614,0.5936020336019213
6615,0.04918188400994914
6616,0.1532661905503311
6617,-0.6036534523921447
6618,0.2216657320893095
6619,0.13916890560040884
6620,0.16767612441108765
6621,-0.3723775540669539
6622,0.49504726024260925
6623,0.035844869535639756
6624,0.1819806777412283
6625,-0.17456917719206502
6626,0.7682176959433696
6627,-0.01549086413407357
6628,0.1698024814434865
6629,-0.2641653818541975
6630,0.12375420087368964
6631,0.06585815089997717
6632,-0.22377105847283105
6633,-0.4403435196375081
6634,0.44106616110603747
6635,0.3359832912364246
6636,-0.011217995157876935
6637,-1.0471077168824678
6638,1.153897354309021
6639,0.12206752289107664
6640,0.08701113550011204
6641,-1.0188333688400637
6642,1.3860131810448966
6643,0.7233138300135015
6644,-0.6607090913871858
6645,1.140254720361379
6646,0.12386435251442646
6647,-0.6094885805742751
6648,1.9982607347425878
6649,0.17516773527703
6650,-0.8976701386752721
6651,1.1318264976712806
6652,0.18770412923059737
6653,-0.7581632911274336
6654,1.307406413579024
6655,-0.1335539283491986
6656,-0.2735434196347388
6657,0.42917161191280645
6658,-0.3552478327767954
6659,-0.34247204450321617
6660,0.04018714904882576
6661,-0.08238355001789191
6662,-0.002901977368879967
6663,0.37541061252411173
6664,0.049024278296572334
6665,-0.5874525687760815
6666,0.4570807675928011
6667,0.7010449230118285
6668,0.11917253284960092
6669,0.08940765846264795
6670,-0.0032318499074739477
6671,0.1412142186163611
6672,-0.3162980186681868
6673,-0.25151131467456
6674,0.29618168560269836
6675,0.25199866527495396
6676,0.9626561516271386
6677,0.3880996967294718
6678,1.094449048083418
6679,0.5268280689433634
6680,-0.4527306319922256
6681,2.1667725193093377
6682,0.43322732542483816
6683,0.5419755737458385
6684,-0.5215943496447945
6685,1.8912181354720798
6686,0.3269411809843855
6687,0.2144133013323534
6688,-0.42786706277030045
6689,2.0877296373221936
6690,0.47736768744929303
6691,0.4510671638047529
6692,-0.6261826133344836
6693,2.262815624626986
6694,0.5572949284378811
6695,0.4413507974731366
6696,-0.3543941373431656
6697,2.2216670941762926
6698,0.4248920190588436
6699,0.4714405920161785
6700,-0.5305598051363476
6701,2.2995311736876327
6702,0.5975960879816187
6703,0.29931215000298894
6704,-0.6714748649396105
6705,2.178181737614626
6706,0.3224174302408253
6707,0.3350507043144724
6708,-0.18799848990724152
6709,0.9553234156425772
6710,-0.35523182152844773
6711,2.0715150846840897
6712,0.5026503329202259
6713,0.9763186382743665
6714,-0.6604259883236292
6715,2.037474973386199
6716,0.294574486745164
6717,0.9215853798119172
6718,-0.3517855915890409
6719,2.0807471115547793
6720,0.4671114285023939
6721,0.6059564395638144
6722,-0.35360902264643773
6723,2.3005261194949314
6724,0.5084893033120101
6725,0.6300800128463093
6726,-0.36484644760126633
6727,2.1834812661267744
6728,0.38435712624191665
6729,0.6689491888717694
6730,-0.5200768851596184
6731,2.2375153058642505
6732,0.3770195227228525
6733,-1.1241579007424498
6734,-0.06305585725450216
6735,-0.22661696465245718
6736,0.1456168187954421
6737,-0.6216050330694372
6738,1.9811032513331956
6739,0.15166489951444465
6740,0.45074037509094816
6741,-0.6816915204163299
6742,2.2711284071856874
6743,0.384405295057291
6744,0.19704401072715313
6745,-0.6014623607844178
6746,1.9195467899938445
6747,0.41111886695709926
6748,0.15990166345075335
6749,-0.3207462301868309
6750,1.8984407018837406
6751,0.4372681598962111
6752,0.7091964696938501
6753,-0.07215527284781928
6754,2.2294160560699843
6755,0.5584888147935085
6756,0.6196402895050265
6757,-0.4307588284265899
6758,2.2836589906789873
6759,0.5486674263843087
6760,0.6166204474746038
6761,0.44653831811059336
6762,0.5960635858443453
6763,0.22598628032127022
6764,0.5407581789798721
6765,0.13194299225371417
6766,0.04450464428638425
6767,0.29875442472376207
6768,0.034240041863887405
6769,0.22021966749895572
6770,-0.3258492421194237
6771,0.22537036527221324
6772,0.37283691154420157
6773,0.7146146226894458
6774,0.4894772200097701
6775,-0.33148137150950857
6776,0.7959595614015142
6777,1.2073753767312974
6778,0.38549922308596013
6779,-0.3164155808317849
6780,0.40250337829011634
6781,0.6087843484683473
6782,0.36184776534522806
6783,-0.2659718395780218
6784,1.026333410842326
6785,0.528201217792025
6786,0.3139852645555749
6787,-0.29281774119341103
6788,0.24703484643063023
6789,0.7486752144423865
6790,0.2617712261944142
6791,-0.3356453483471678
6792,0.19402220214778146
6793,0.7294504865362954
6794,0.34681833544973834
6795,-0.25667688810108075
6796,0.2215662199765602
6797,0.7169306061759886
6798,0.26240827118716975
6799,0.06301417343492546
6800,0.3915000321277603
6801,0.49095932340944687
6802,0.423537473192242
6803,-0.3271464320849595
6804,0.34920096362806674
6805,0.6969425125387182
6806,0.5742812043924898
6807,-0.28860889716655436
6808,0.38491149897741606
6809,1.0361626593693076
6810,-0.34111338836041005
6811,1.0410546668173362
6812,0.7432677981442095
6813,-0.37034381554487844
6814,0.09731239966671215
6815,1.1059724449774615
6816,-0.40283149103890314
6817,0.8052111348420495
6818,0.43367182448736846
6819,0.1820166698701339
6820,-0.41235211894517415
6821,0.8218538763805543
6822,-0.2430346646330286
6823,0.255757559733321
6824,-0.47718953645499956
6825,0.19149748324870355
6826,1.097554430858951
6827,0.23975398057272282
6828,-0.16608289594277562
6829,0.06846348996190268
6830,0.7789191477625671
6831,-0.46164062469659917
6832,0.3969414312926961
6833,1.025970079931864
6834,0.2456327175440898
6835,-0.3175844545924312
6836,0.7231601612768902
6837,0.3974770879589127
6838,0.2170911940406373
6839,-0.364207065504178
6840,0.28871229821729166
6841,0.9321947778211331
6842,0.2548370474092102
6843,-0.23364644281841085
6844,-0.1232204385248002
6845,-1.0631465246449476
6846,2.0306810395591977
6847,-1.2894042734302835
6848,-0.11113063284852562
6849,-0.6212660550798624
6850,1.9637741711500296
6851,0.7915291138573914
6852,-0.019607103341964225
6853,-0.4936751027806844
6854,2.0154407121587212
6855,-0.1519076284522743
6856,-0.5808207400398911
6857,2.041604934093909
6858,-0.8594030605671354
6859,-0.048958305400423556
6860,-0.6285631142399138
6861,1.9931021859253164
6862,-0.8120935064912019
6863,-0.3867184683735198
6864,1.9631633806793973
6865,-1.151098904933755
6866,-0.19769198219824732
6867,1.9610268004229787
6868,-0.888128093748452
6869,0.06924373723977963
6870,-0.9631703676285832
6871,-0.020999956655414882
6872,0.12834680749872368
6873,2.020330995391095
6874,-0.8954049009916316
6875,-0.00669248073307269
6876,-1.0588218428241856
6877,2.0601831790270095
6878,-1.0652786938189132
6879,0.06430597960762786
6880,-0.698090499271914
6881,2.020529577034712
6882,-1.233192639882324
6883,0.005671032388014546
6884,-0.5250308077007978
6885,2.009573269416886
6886,-1.2587052781321328
6887,-0.17511949858251877
6888,-0.11022388512738883
6889,2.013822618243275
6890,-0.9162589614810359
6891,-0.28732269233902424
6892,-0.6443377263032307
6893,2.0750005145893997
6894,-0.8839651335406034
6895,-0.20654504475931978
6896,-0.26780484565184914
6897,2.024641363302693
6898,-1.0285550863779425
6899,0.05506875315557557
6900,-0.20515687259738472
6901,1.9965088369866737
6902,-0.9773086996385829
6903,0.28590030721479814
6904,-0.2380964084853082
6905,1.9608058765052552
6906,-0.8734074771243734
6907,0.023732290471974244
6908,-0.1192167562551509
6909,1.6382034702729786
6910,-1.0781565977921428
6911,0.601300556764763
6912,0.4014991403593667
6913,0.45477585356340355
6914,-0.3880311243298811
6915,0.41400398675616196
6916,0.4668679525652791
6917,0.006058422556226057
6918,0.4104412921319302
6919,0.5143598631265912
6920,-0.08100642256709675
6921,0.47957428474624775
6922,0.5539394317009042
6923,-0.09349679149341356
6924,0.3889676619450242
6925,0.29719139620323604
6926,-0.0704375383727617
6927,0.574398425390807
6928,0.26044280163214834
6929,-0.07210013545872165
6930,0.49202070110450846
6931,0.1507151411510599
6932,-0.19830085512471338
6933,0.46813753424760124
6934,0.4400147978145111
6935,-0.07639798952609114
6936,0.49535270167109313
6937,0.3806008373449119
6938,-0.313397790094068
6939,-0.17502780846083993
6940,-0.07478063012645653
6941,-0.10166843013775662
6942,-0.1715068531770695
6943,0.03117443188135184
6944,-0.1757940952034898
6945,-0.08041744777225869
6946,-0.12290229803878759
6947,-0.2784277108274626
6948,-0.09024726882708417
6949,-0.3451943445221913
6950,-0.010448055668301825
6951,0.09478620116886638
6952,-0.19345098333118055
6953,-0.09546008133721287
6954,0.44553774583501066
6955,-0.3115571977941897
6956,-0.1670345499037509
6957,-0.07036610541045271
6958,-0.1935295832170752
6959,-0.1126838866714594
6960,-0.09533931527021172
6961,-0.050113886123950846
6962,-0.2216801350345522
6963,-0.8075538815030313
6964,-0.05778992949128902
6965,-0.12720258065538437
6966,-0.06566037642421471
6967,-0.14230379883943697
6968,-0.2874368501237271
6969,-0.5247462517800358
6970,-0.44305120741814324
6971,-0.057694168632642914
6972,0.6415477541786075
6973,0.11576608193092076
6974,-0.08219413679296289
6975,-0.1951952100545903
6976,-0.0703653935143151
6977,-0.07335466403352219
6978,-0.4801725591659452
6979,-0.25591960826909316
6980,-0.08848406668637913
6981,-0.4836985068814965
6982,-0.2228903579003378
6983,-0.06278918594870764
6984,-0.05461340019928442
6985,-0.1462256143671536
6986,-0.15278773655106428
6987,-0.14447293079018703
6988,-0.3232644015742812
6989,-0.2137800829768519
6990,-0.04389346854555285
6991,-0.2238053876345867
6992,-0.019134841923991633
6993,-0.07007359139794532
6994,-0.01532229282616619
6995,-0.24685058907650875
6996,-0.16388686322337148
6997,-0.10999269344754418
6998,-0.14498174847350914
6999,-0.18870276984533968
7000,-0.0865061022507209
7001,0.10528340265630386
7002,0.283943303920112
7003,0.032172302277264114
7004,0.5328982537829534
7005,0.2505672525442155
7006,0.32731042605774535
7007,0.1881115836756652
7008,0.17410902472981482
7009,0.39484451311870833
7010,0.042205113950958974
7011,-1.2975898594677646
7012,0.43675012587421735
7013,-0.1773260148522465
7014,0.25108070746791716
7015,0.2357679850316137
7016,0.4247153209165933
7017,-0.32888530622758655
7018,0.07013879567973869
7019,-0.2871349156751299
7020,-0.6736579666514878
7021,-0.216530926081563
7022,-0.018089933772157833
7023,-0.32840013658310013
7024,-0.45908123416090146
7025,-0.3087209693364386
7026,-0.03797995887408706
7027,-0.26841571488820837
7028,-0.5419395833903466
7029,-0.2622267014346937
7030,-0.07518358321199897
7031,-0.2660389185864005
7032,-0.7634046591447716
7033,-0.45838132313818736
7034,0.018622695937330687
7035,-0.2788449299222211
7036,-1.1023865784410596
7037,-0.24108648937052637
7038,-0.14978438978913944
7039,-0.38550398962235755
7040,-0.46214619225058
7041,-0.17345823602680807
7042,0.009944805323010666
7043,-0.4008700144152737
7044,-0.45354749665310545
7045,-0.2989351660611603
7046,-0.02334422905128506
7047,-0.28634552343805875
7048,-0.694509768390259
7049,-0.11657070263832763
7050,0.07712584539593917
7051,-0.24099403619925125
7052,-0.5196828875658475
7053,-0.21444925432933015
7054,-0.025833139434882593
7055,0.17483302351017863
7056,-0.8990057577064816
7057,0.12173346849734726
7058,-0.9806157917322303
7059,0.48518168036186105
7060,-0.8399920110476677
7061,0.09792631046591024
7062,-0.6358777389979926
7063,-1.0045165660155844
7064,-0.32757616289607233
7065,-0.7505072684145568
7066,-0.9840376236327265
7067,-0.3287258782677083
7068,-0.7006285864862781
7069,-1.2945404825106543
7070,-0.4751790313733735
7071,-0.732208863799674
7072,-1.0332895765024355
7073,-0.4775963463385034
7074,-0.7096876399677476
7075,0.49231233807345803
7076,-1.759255704447848
7077,-0.2839563972112998
7078,-0.7833029056076465
7079,0.4664887806996844
7080,-1.5247939308966456
7081,-0.1389449453539922
7082,-0.7378217732787128
7083,0.2578608935789426
7084,-1.556187928897763
7085,0.11986126095777015
7086,-0.786695302631023
7087,0.3779164421323252
7088,-0.7948162524051042
7089,-0.062221064596785086
7090,-0.6360180988877377
7091,0.3364208079159099
7092,-0.8954093619541573
7093,-0.10638987178920938
7094,-0.9240465089829843
7095,0.33201642753663213
7096,-0.8752823828101973
7097,0.02543052811673216
7098,-1.038513504832868
7099,0.325355350800558
7100,0.11498612913950142
7101,0.18370639186177196
7102,0.09992011038151656
7103,-0.35130769482226165
7104,-0.5873201302405142
7105,-0.04978518164068975
7106,-0.03653268501306174
7107,-0.25163506123958657
7108,-0.60162792889999
7109,-0.304182400105697
7110,-0.1351331606526846
7111,-0.28755165535472177
7112,-0.7492721432160655
7113,-0.013304648088043141
7114,-0.08011688538052532
7115,-0.23124566395517934
7116,-1.3851728417452667
7117,-0.1455647964180884
7118,-0.08513635736797856
7119,-0.22806969570397007
7120,0.2330956818034879
7121,0.4074698308599939
7122,0.3011842293010061
7123,-0.269373384522628
7124,0.21629808895577052
7125,0.16911416641212873
7126,0.013638048031765406
7127,-0.10001089920973674
7128,0.04333232557079128
7129,0.17910181347364806
7130,-0.07830471946483744
7131,-0.13946467861224712
7132,0.16096717989840548
7133,0.15782027158941317
7134,0.23790955405992661
7135,-0.1629592799114471
7136,0.1242987411380125
7137,0.24228569086310414
7138,0.23620299083305576
7139,0.19774186953044195
7140,-0.7449151056315918
7141,0.1610834921974843
7142,-0.8809890906501534
7143,1.749517618635128
7144,0.16962848164568778
7145,-0.7381272024540512
7146,1.0143113329342441
7147,0.1886414979684262
7148,-0.8519954085381855
7149,0.906297868840501
7150,0.14553388887432994
7151,-1.0722331494583368
7152,1.4915672629465444
7153,-0.0754230890264883
7154,-0.8565971637626255
7155,1.5235673684274365
7156,0.17926147482811083
7157,-0.8184140612467127
7158,0.8182138612135139
7159,0.1687595976344335
7160,-0.9096305605454038
7161,0.9631917325242159
7162,0.16618972742290766
7163,-0.7905522641033083
7164,0.755860065709886
7165,0.14921866409939227
7166,-0.905937702681461
7167,1.2399986040761009
7168,0.3776629911430259
7169,-0.7948585799271775
7170,0.8788903732033205
7171,0.276698629595684
7172,-1.160266583339088
7173,1.5071419681160103
7174,0.17346669696699465
7175,-1.18279230221854
7176,0.9040790326127265
7177,0.7057914238040276
7178,-0.9667314505518693
7179,0.6476152464370105
7180,0.19689975607896712
7181,-0.8548718641965626
7182,0.8739920586694349
7183,-0.936681914042723
7184,-0.5422800847366394
7185,0.048774627564778926
7186,-1.6090433340567127
7187,0.3799176479494087
7188,-0.2296610311691238
7189,0.039001338582214745
7190,-0.12076003101020412
7191,-0.5155603593320743
7192,-0.37832279334440166
7193,-0.278906462200096
7194,0.14089414169559925
7195,0.20728176974152762
7196,2.2421026413179312
7197,0.5542376350348044
7198,0.44820257773878247
7199,-0.6749741314396692
7200,2.0526874087646103
7201,0.3937000729800929
7202,0.7225716191821568
7203,-0.058816645096678326
7204,2.2144108036187484
7205,0.33256702379444825
7206,0.7726328452995523
7207,-0.6040292885314504
7208,2.123634595527265
7209,0.2747771049823619
7210,0.5348444458835216
7211,-0.30853182952239766
7212,2.2631291521211656
7213,0.34497712767366284
7214,0.4810437697323411
7215,-0.49998218415405454
7216,2.086758508691118
7217,0.5587690529850312
7218,0.7785530969368744
7219,-0.3292069379600658
7220,2.164753808835969
7221,0.4982752082507443
7222,0.5029463057127042
7223,-0.4489642247419239
7224,1.8856316814455085
7225,0.4773398483893506
7226,0.3989291913658096
7227,-0.014734819434755205
7228,0.24359409057248124
7229,-0.11082135941073577
7230,0.24495274393934086
7231,-0.11825104065939729
7232,0.2643637284106546
7233,-0.16552853576408788
7234,0.2478661628983214
7235,-0.8853687372521324
7236,-0.12571907633795987
7237,-0.2341275430320216
7238,-0.10340687083749198
7239,-0.9941178897819081
7240,-0.11665137394107804
7241,-0.3121602752931065
7242,-0.0691873910447828
7243,-0.8443630545467048
7244,-0.18634318912633985
7245,-0.18496077699015925
7246,-0.15635734185287598
7247,-1.2428353596631505
7248,-0.19100254292251936
7249,-0.2313900409225733
7250,-0.214874033047696
7251,0.831337763316889
7252,0.21824031504746141
7253,0.4017533959653905
7254,0.4412287827445244
7255,-0.8132517718229773
7256,0.4413885933009579
7257,-0.9600538478673823
7258,0.4663080027040561
7259,0.1749172833272953
7260,0.24870336791670836
7261,-1.5955398536409773
7262,0.41650622902516893
7263,-1.475001808744194
7264,0.5587067541960036
7265,-1.125895625911085
7266,0.3015811607083858
7267,-0.7185500095039253
7268,0.29635810062919554
7269,-0.9619979499612366
7270,0.508010601852502
7271,-0.9473957715461812
7272,0.34242893924885714
7273,0.9049260155526659
7274,0.43752445013306235
7275,0.29837819067999466
7276,-0.2988039521501574
7277,0.47343247177692527
7278,0.5188485889197665
7279,0.2604193008883406
7280,-0.2188954343991424
7281,0.9121933959789261
7282,0.821997457699317
7283,0.6748415071289647
7284,0.5912224803633855
7285,-0.1948708565581332
7286,0.019070780058477177
7287,-0.3991505989646267
7288,-0.10256275660945488
7289,-0.5722396518545754
7290,1.8316166697894516
7291,-1.2686223713236893
7292,-0.044459737809529255
7293,-0.2419968628080523
7294,1.990368448692258
7295,-1.1736658630124865
7296,0.13298458559292686
7297,-0.4661907745140418
7298,2.0038799737001622
7299,-1.3182467648854244
7300,-0.013253594681567372
7301,-0.42113952595777243
7302,1.9957858982124308
7303,-1.2310337144160255
7304,-0.36331469566029145
7305,-0.21108856469842122
7306,2.022290430072302
7307,-0.8373231052940998
7308,-0.28638667162254505
7309,-0.0006822058524417839
7310,2.0421560745211345
7311,-1.0616154275948462
7312,0.04599046296196943
7313,2.009210729098874
7314,-0.7303303694562974
7315,-0.046334084812341296
7316,-0.13706179825256132
7317,2.049705658873462
7318,-1.233808491913368
7319,0.027488991962159936
7320,-0.5629645839097541
7321,1.9778881186266801
7322,0.23035820806997806
7323,0.036748215064334906
7324,-0.1360282344932452
7325,2.0123509323742073
7326,-1.2748279273874723
7327,-0.023215730563326868
7328,-0.5333495606992201
7329,2.041754362601717
7330,-1.2146658664179781
7331,0.046682227359966806
7332,-0.7085221983887967
7333,1.9691285560246856
7334,-0.8061029914602259
7335,-0.05106316147468442
7336,-0.08272204390282786
7337,-0.08420272650097195
7338,-0.1991940371276876
7339,-0.1286510738094487
7340,-0.14318163779560392
7341,-0.13447447022758788
7342,0.0850486762066022
7343,-0.8845799312024702
7344,0.3127226784636046
7345,-0.2531062506975665
7346,0.17084897659284
7347,-0.46947453656072985
7348,0.3028292091098069
7349,-0.06694751928177488
7350,-0.0018050625740349288
7351,0.13173633916181857
7352,0.3878636887932407
7353,-0.11946069015076945
7354,-0.1293924778798366
7355,-0.19082336108154316
7356,0.45644780501052046
7357,-0.5408193891918557
7358,0.08719599636826537
7359,-0.5612544848243408
7360,0.48615098514607674
7361,-0.6204975359089967
7362,-0.41023831864848326
7363,-0.9766907626407338
7364,0.3622936521272761
7365,-0.542585228221445
7366,0.13534263866327367
7367,0.6059148879383057
7368,-0.47227589313954776
7369,-0.3374667482724889
7370,0.20065684839124523
7371,0.5050255941084381
7372,-0.44655084111839705
7373,0.15145498098099827
7374,0.027949646131177074
7375,-0.2037061202356548
7376,-0.11656584514448165
7377,-0.06429233885522401
7378,-0.05836173860670898
7379,-0.23575760492934444
7380,0.40700710029298703
7381,0.4702149665344213
7382,0.08072225893541377
7383,0.7169108467959641
7384,0.3085801248585984
7385,0.696525079661123
7386,0.45167278587665616
7387,0.479249233215883
7388,-0.043863046393465985
7389,0.32568456173859206
7390,0.8879006076435969
7391,-0.1283749763659443
7392,-0.009471722930477176
7393,0.5754383848544986
7394,0.9271500892244068
7395,-0.6458202851754228
7396,-0.1693573656987516
7397,-0.543551711965746
7398,0.4359787496128389
7399,-0.09027806136802093
7400,-0.6927646656908727
7401,0.06563339358617094
7402,-0.8849665230792587
7403,1.0731307454998205
7404,-0.010351168144500598
7405,0.6130425012289213
7406,-0.7177865298442928
7407,0.8585961734749142
7408,0.06036502694550939
7409,0.41282581133798946
7410,0.5720599217217797
7411,-0.13375230493850068
7412,0.1074185449684173
7413,0.21237141492846526
7414,-0.2245604335585426
7415,0.11896840170246838
7416,0.08387181815514667
7417,-0.10103009065040713
7418,0.14959222504702105
7419,0.2631441853896978
7420,-0.2152982091877384
7421,0.33808265115933933
7422,0.029493960657975583
7423,-0.10204681995571657
7424,0.11905950623629658
7425,0.22016575952958126
7426,-0.0760340585457971
7427,0.13554311717415585
7428,0.21598847853907152
7429,-0.2152982091877384
7430,0.2178797570418636
7431,0.07150826676120124
7432,1.2440739747558014
7433,0.1162922115896503
7434,-0.03679678803450884
7435,-0.9027962943887322
7436,-0.15915635868531408
7437,0.11878990775333932
7438,-1.3901516578648268
7439,-0.17455070318910776
7440,0.11271177619519232
7441,-0.8708935437234872
7442,-0.3218474666833843
7443,-0.2812786469308219
7444,-0.1619832318068714
7445,-0.27073384496312725
7446,-0.10389731555609197
7447,-0.2622531050595289
7448,-0.24917501795137292
7449,-0.18931253218712618
7450,0.15078119058649106
7451,0.18081780668609168
7452,-0.9413096322059973
7453,-0.1959684597844493
7454,0.11406385463978623
7455,-0.7419779299723397
7456,-0.10764621806397968
7457,0.1180961493338381
7458,-0.8569837248197707
7459,-0.12186540518141535
7460,-0.09636978611707711
7461,-0.7619308934714863
7462,-0.2619788548393634
7463,0.11326933090557877
7464,-0.7972788181090951
7465,-0.20511549796288195
7466,0.21873796728669045
7467,-0.956888009438178
7468,-0.12654105277379094
7469,0.01658600455490586
7470,0.041029867665415096
7471,0.03816519401696735
7472,0.7873240068301659
7473,0.09272424869948502
7474,0.35316026863887606
7475,-0.18029892597759883
7476,0.09571962893355722
7477,0.686791086450755
7478,0.08281415502317328
7479,0.3990742489489739
7480,-0.31497046704410037
7481,-0.4482286286492323
7482,0.04903008592514352
7483,-0.17583852115308865
7484,-0.32929418478974776
7485,-0.4469670565655462
7486,-0.10760322678601998
7487,0.007420701076088251
7488,-0.3681582464681261
7489,-0.5116337883361954
7490,0.13457455296553397
7491,0.020795062859530616
7492,-0.17861373128262528
7493,-0.5044190336891256
7494,-0.3104987471142164
7495,0.12818827183501627
7496,-0.20583565599694925
7497,-0.5716332723060173
7498,0.08316921025868618
7499,-0.003427757099874815
7500,-0.2761233979391974
7501,-0.32577956536703623
7502,-0.12830015321266824
7503,0.03398069483509588
7504,-0.2846645721490226
7505,-0.50057345050068
7506,-0.39801739680470655
7507,-0.005536151190342126
7508,-0.22828385209583563
7509,-0.5465523116985614
7510,-0.2573729657071101
7511,-0.08199120251329814
7512,0.030709255756668417
7513,0.6523773268824894
7514,0.1967893467778197
7515,0.1735228011108071
7516,-0.18014434130175455
7517,0.1303848364032483
7518,0.04470962516517458
7519,0.18922216004011935
7520,-0.09471950861449287
7521,0.14247302795176403
7522,0.3681212980805314
7523,-0.07014513568328995
7524,-0.160706431244959
7525,0.1933048050731064
7526,0.1282319789412782
7527,0.11458210302912081
7528,-0.35407007168434784
7529,-0.4508854720012721
7530,-0.0635068487990285
7531,-0.2960160081368219
7532,-0.5398348214855848
7533,-0.2891219337982946
7534,-0.15240440992663942
7535,-0.3327224909919128
7536,-0.49637566200262256
7537,-0.1443590577083064
7538,-0.12413462430957742
7539,-0.33813563147085934
7540,-0.5287773823884884
7541,-0.27968314154172086
7542,-0.0653696776503533
7543,-0.007039375527858589
7544,0.11670615202602026
7545,0.13713099693773126
7546,-0.1455279010845532
7547,-0.28740316969774665
7548,-0.35266130260073697
7549,-0.04237014063118983
7550,-0.08811302698777017
7551,-0.048827189079703404
7552,0.12101607006222247
7553,-0.03493759327872703
7554,-0.3266562052697476
7555,-0.11924349773338139
7556,0.14283061927286544
7557,-0.3311045951555806
7558,0.13871139478104696
7559,-0.8887491664461904
7560,0.09790899692141221
7561,-0.9296745792985808
7562,0.11219298920307119
7563,-0.8076373831208911
7564,0.06890780388879902
7565,-0.7676686233177722
7566,0.17405648026346118
7567,-1.2001406698756953
7568,0.2748602705042504
7569,-0.9393853523592989
7570,0.2565244388636251
7571,-0.27347130571665884
7572,-0.5309856668236513
7573,0.26459166875161044
7574,-0.25872250827058024
7575,-1.2599279436892614
7576,0.6781007042726558
7577,-0.18667660304889022
7578,-0.6835509691152891
7579,0.7364072965093182
7580,-0.28211027263381605
7581,-0.7244403979306916
7582,0.48845194109434303
7583,-0.9049866186457448
7584,0.1508554726251386
7585,-0.796221901006376
7586,0.4215729457039674
7587,-0.7679522254720857
7588,-0.21634214240518632
7589,-0.7226854813196001
7590,0.44688998886541353
7591,-0.9259644417422109
7592,-0.3609840606855622
7593,-0.4506810080928503
7594,0.5541831930746552
7595,-0.8248119323215893
7596,-0.1980814671716225
7597,-0.5139555599514705
7598,0.3578958078853316
7599,-0.93236525082606
7600,-0.3397943664343314
7601,-0.8078538702436225
7602,0.4305381188576867
7603,-0.992145864970366
7604,-0.22479292594472222
7605,-1.0521097322057968
7606,0.2559446623829672
7607,-0.8928364502982084
7608,-0.09027182621088545
7609,-0.6125279478150837
7610,0.25668681884126027
7611,-0.9651945520075246
7612,-0.3420347280010441
7613,-0.9683619362772611
7614,-0.2646623063656499
7615,-1.5066211718803657
7616,0.08030533951508306
7617,0.9414284546195874
7618,-1.003844116920192
7619,-0.0880636143894302
7620,-1.285624024706765
7621,0.22021982930504572
7622,-0.8334174215268972
7623,-0.21404084336478638
7624,-0.9467561506553772
7625,-0.16482754494548982
7626,-0.9002049023138148
7627,-0.4218594818444615
7628,-1.0143181459726118
7629,-0.36759050516849057
7630,-0.9656060910805021
7631,-0.2003255329735413
7632,-0.6861585984523892
7633,0.6977463008069328
7634,-0.960908856141394
7635,-0.09698682492977062
7636,-0.6000379457982907
7637,0.23740889879233726
7638,-0.9720846433387285
7639,-0.10170694439744432
7640,-0.789372978083029
7641,0.27789648691045693
7642,-0.4642153833655388
7643,-0.16475327820793081
7644,-0.8399957430696618
7645,0.2874271955229743
7646,-0.21153432268033096
7647,-0.168852636172356
7648,0.16652138435470093
7649,0.19686396348590873
7650,0.1376011847661208
7651,-0.1861996687705002
7652,0.09501222784961597
7653,0.16790464890687862
7654,0.12981676761074415
7655,-0.1700127215517401
7656,0.128647064612409
7657,0.18085967125928876
7658,0.1185831784508685
7659,-0.11879873827058765
7660,0.03573101580329616
7661,0.14102778681452988
7662,-0.1868758510243823
7663,0.15491036171658734
7664,0.17626069321012472
7665,0.04273036159745743
7666,-0.09115783584992267
7667,0.14017640450890792
7668,0.18206729359625143
7669,0.123382012158822
7670,-0.28242540420090434
7671,0.13805802314502508
7672,0.0912862271755148
7673,0.22592970431173823
7674,-0.1629771625992696
7675,0.1744624810930217
7676,0.17430926360202886
7677,0.1654690178077605
7678,0.05523648511552043
7679,-0.027642821812642437
7680,0.4554530329934024
7681,0.14092468067567715
7682,0.05671752508834334
7683,-0.0930054688385369
7684,0.1799133779035709
7685,0.0038151851118314655
7686,-0.06777304060225196
7687,0.13554893582819083
7688,0.20070669107752062
7689,0.02273210084158185
7690,-0.1864009756742741
7691,0.13864439438858525
7692,0.2301302055230267
7693,0.14914161812384996
7694,-0.1040191051706996
7695,0.19035277017131183
7696,0.37426545162077557
7697,0.21264129126354006
7698,-0.09928712026858826
7699,0.1596813952988158
7700,0.1898248642505407
7701,0.2155847277412858
7702,-0.3512224333817015
7703,0.19404409078739213
7704,0.17409289482057458
7705,0.1631644590545835
7706,-0.17994723857470324
7707,0.16972625326855859
7708,0.06242422556753652
7709,0.031314859874957884
7710,-0.39621260096206357
7711,0.17739531120123456
7712,0.17756797808541977
7713,-0.2035421585980913
7714,0.0965115721038422
7715,-0.8876635957150288
7716,1.9535319745176705
7717,0.17345300902387556
7718,-0.731873824940097
7719,1.118394794831478
7720,0.1737787912593555
7721,-0.7718199958976806
7722,1.1908954506946452
7723,0.15610725358259916
7724,-1.0859865928714056
7725,0.9387721430963388
7726,0.16471719257756098
7727,-1.1521555516549262
7728,1.1233572985971925
7729,0.17176891294055793
7730,-0.886147058956513
7731,0.9774705849163147
7732,0.20259437324772644
7733,-0.9352719871437162
7734,1.5226700485272666
7735,0.17488766010165732
7736,-1.1051529107674467
7737,1.995470828613021
7738,0.15258888159369377
7739,-0.4905638141591058
7740,-0.13055513443901848
7741,0.18075579283318072
7742,-0.45792926092849795
7743,0.1061375668652048
7744,0.6224314050429157
7745,-0.1538530815674476
7746,0.38321549508572444
7747,0.20656544381989914
7748,0.1683288876880327
7749,-0.09371003016839341
7750,0.6054896400797463
7751,0.03894594810874418
7752,0.29608679166827795
7753,-0.7507628901091645
7754,0.5001638157136492
7755,0.23403807719147188
7756,0.13952360189897905
7757,-0.7262412583825413
7758,0.8945203553232435
7759,0.09595622785700374
7760,-0.8816596661296103
7761,1.1834114800007278
7762,0.19952005881429277
7763,-0.8699259890409314
7764,0.8459639224757258
7765,0.05309628829031581
7766,-0.8458061069263143
7767,0.7939625329644902
7768,0.16595983496302802
7769,-1.310626598534771
7770,1.5074771506292879
7771,0.17383654942621615
7772,-0.8048212278518948
7773,0.8290753032844318
7774,0.33565682357157495
7775,-0.004882248146429031
7776,0.5382277664027515
7777,0.3408912838887336
7778,0.40099302967430317
7779,0.5751013986896566
7780,0.32839009854610907
7781,0.6173970569539422
7782,0.3427668813877798
7783,0.5993655387470431
7784,0.3124371496170736
7785,0.41878077868004976
7786,0.6845159084238542
7787,-0.06639043583814827
7788,0.006290166433233573
7789,0.32956485740789554
7790,0.5486589722247099
7791,0.2958771391650725
7792,0.6140772837417552
7793,-0.5746105138332792
7794,2.1113037717696193
7795,0.4883719919363238
7796,0.2057846750702574
7797,-0.4891087680997246
7798,2.062934827332927
7799,0.41479137595915444
7800,0.177886214111272
7801,-0.49570694496076745
7802,2.1515047719101816
7803,0.42769940300245385
7804,0.15722337108233173
7805,-0.45762895104082524
7806,2.2053259379044894
7807,0.5475066623001464
7808,0.4699693003986782
7809,-0.6621462956587801
7810,2.227227304410201
7811,0.5439787502481975
7812,0.4604323608436167
7813,-0.41209885448130046
7814,1.8830325361463633
7815,0.4384118198405483
7816,0.5886540410307511
7817,-0.5087039009384099
7818,1.3168222149855027
7819,0.4419785097890411
7820,0.5874642106113102
7821,-0.6854747934120152
7822,2.265795638562108
7823,0.3952849050644046
7824,0.8086696728888448
7825,-0.6030544487895567
7826,1.8828300941989689
7827,0.5242053435198181
7828,0.8323278055267601
7829,-0.1722762434445188
7830,2.2376667844164024
7831,0.5446027559360801
7832,-0.13421833989243026
7833,0.3802445962788729
7834,0.23605460637527495
7835,-0.8651674721222752
7836,-0.11366670128998464
7837,-0.18897446836914747
7838,0.681013180134032
7839,-0.36174329399606664
7840,2.2481541159143883
7841,0.5572431698244225
7842,0.4439392632340855
7843,-0.514007899011278
7844,2.1631228837245353
7845,0.4893190504049335
7846,0.44826757727842265
7847,-0.5762838889061359
7848,2.119166987005772
7849,0.4842166779679346
7850,0.17285559704526374
7851,-0.6269282008165283
7852,2.317886615493049
7853,0.5977761507825564
7854,0.1581002576641362
7855,-0.3365037822832398
7856,2.318739744135419
7857,0.5444195883682754
7858,0.6482438747933958
7859,0.17082277147185476
7860,0.6111539053412037
7861,0.13407990775333306
7862,-0.20489831937244293
7863,0.26086044261290575
7864,-0.1862474663768332
7865,0.33734058337573763
7866,0.4961192669138711
7867,0.41946034109389135
7868,0.39721505453401407
7869,-0.28920908346121693
7870,0.850066954973406
7871,0.3872259097412198
7872,0.266527391673992
7873,-0.3357715965890242
7874,1.0227343949102885
7875,0.4008912554029167
7876,0.2671760662541569
7877,-0.34282887574548987
7878,0.33635433803701276
7879,0.40690291714652016
7880,0.2602422860833014
7881,-0.4040537601060606
7882,0.863528582698466
7883,0.24870963650821742
7884,0.34655222019592546
7885,-0.3231030068877167
7886,0.9231268245861872
7887,1.0442398842079381
7888,-0.06040710621125003
7889,1.030923601985262
7890,0.9398730519458611
7891,-0.37826714652385324
7892,0.4128319967577854
7893,0.3357015708221439
7894,-0.05597013553597628
7895,0.3873640465705102
7896,1.0573240683236047
7897,0.3388584750497982
7898,-0.12028046927394502
7899,0.66098905936555
7900,0.8925624643337218
7901,0.4630235286536656
7902,-0.5078476334580279
7903,0.29286787136456355
7904,0.7109841239652136
7905,0.5085033089474675
7906,-0.25131982206635234
7907,0.891804110952418
7908,0.4838586884394522
7909,0.35868785761335914
7910,-0.012112940793683169
7911,0.9498991355079592
7912,0.8036961580760356
7913,0.5040328364057803
7914,-0.2686410066492721
7915,-0.04961288874368216
7916,-0.5425019932017682
7917,1.9045447018316104
7918,-0.45754162749818633
7919,-0.8392302288920122
7920,-0.2398701939589702
7921,-0.16741648252144609
7922,0.08918136864037296
7923,-0.16874294751919292
7924,-1.0077367048040031
7925,1.9487988239210083
7926,-1.2130799865065514
7927,-0.01701699923385106
7928,-0.1481338312090845
7929,1.9849879599080291
7930,-0.8442470252671924
7931,-0.20879506672837944
7932,-0.6707499585942839
7933,1.959178214315409
7934,-1.2344060033452673
7935,0.0037635919328625816
7936,-0.6000229169252375
7937,1.9766905391393665
7938,-1.2629468173175034
7939,-0.8560422710746797
7940,-0.6986713847444601
7941,-0.47218358162986895
7942,-1.061345955703272
7943,1.9320247110708386
7944,-1.2441546769569916
7945,-0.3615289147983707
7946,-0.12266886595866254
7947,2.02742937222629
7948,-1.055568653600518
7949,0.4809590512205953
7950,-0.02027329067932792
7951,-0.884902387199057
7952,-0.15955365037804844
7953,-0.4976140636531673
7954,1.9652036823507164
7955,-0.8318982853564566
7956,0.01677974335551461
7957,-0.4566543493771693
7958,1.9576397414681137
7959,-0.9162964478416405
7960,0.8832589127805033
7961,-0.3265306044551782
7962,0.12584918983978516
7963,-0.4589054202284527
7964,1.899964535316093
7965,-1.1937512378144708
7966,-0.16808632089439007
7967,0.3946653073858402
7968,0.39716400512736766
7969,-0.19026137181056732
7970,0.44604087801595227
7971,0.3927141316726429
7972,-0.17891126420659154
7973,0.468175194122308
7974,0.17769526173140487
7975,0.40287335737478214
7976,0.4796897166478875
7977,0.3471533246947225
7978,-0.1180473642741847
7979,0.33055696872510476
7980,0.4636703021888795
7981,-0.10916935574559151
7982,0.42014122696261064
7983,0.4675930729438338
7984,0.11527700583161361
7985,0.38568117132703117
7986,0.4938347879150122
7987,-0.08984909648926075
7988,1.1727812095212369
7989,0.3055331618191981
7990,-0.02702680523933012
7991,-0.056436513255221574
7992,-0.08890964649795896
7993,-0.21201963925271727
7994,-0.10826413860980946
7995,-0.1282836427425523
7996,-0.1957156733575121
7997,-0.10335666160578413
7998,-0.05156781907680446
7999,-0.12507745417731395
8000,-0.02226204310191217
8001,-0.14414156071280448
8002,-0.1608400739729721
8003,-0.20127573883053562
8004,-0.2523652305216131
8005,-0.2273012750013211
8006,-0.22415748052333456
8007,-0.054712903130543444
8008,-0.18836548159600133
8009,-0.2733247832250429
8010,-0.11046412430974495
8011,-0.31809515465694516
8012,-0.30283720834551403
8013,-0.10360393042583857
8014,0.1651442320956931
8015,-0.09333739620712458
8016,-0.1861538124013468
8017,-0.0796758118255574
8018,0.6073059536060346
8019,-0.16841803841349265
8020,-0.20821105688996308
8021,0.005973378537260338
8022,-0.08294118210961152
8023,-0.20011899571087569
8024,-0.13014184150651523
8025,-0.06797708242759484
8026,-0.2340706982006406
8027,-0.11405218174830734
8028,0.1325696754018966
8029,0.3853152569884058
8030,0.18524680382231276
8031,0.3024382173831474
8032,0.05335840105357379
8033,0.40596079829324333
8034,0.0713280218535029
8035,0.12047578043011643
8036,-0.9560159996383722
8037,0.271876196247217
8038,-0.102093065548182
8039,0.24880207223172363
8040,0.6560894334901761
8041,0.1933435017431001
8042,0.38289256325381726
8043,0.09985133932184029
8044,0.4364621367697986
8045,0.5844908096662829
8046,0.10264941530464437
8047,0.6427968327694029
8048,0.34555055835699283
8049,-0.3138918718749988
8050,-0.6913955170447909
8051,-0.2207406828357899
8052,-0.041617416672189156
8053,-0.2536778328582921
8054,-0.5368754593067979
8055,-0.034863138600640005
8056,0.009202533041997816
8057,-0.34529456549103704
8058,-0.7406882625829454
8059,-0.3956377832035609
8060,-0.10012670014174152
8061,-0.26808205680789576
8062,-0.5406416271489348
8063,-0.3331751169476478
8064,-0.0366221763056364
8065,-0.3636465690737874
8066,-0.9582791449617044
8067,-0.23678918094346244
8068,-0.09392141688144476
8069,-0.2271513837441402
8070,-0.9002900753136099
8071,-0.42253339418928365
8072,0.19326535044527882
8073,-0.3797390183070638
8074,-0.5465937861925427
8075,-0.12455373118314142
8076,0.008854023034540845
8077,-0.3187037530657536
8078,-0.5960057205605315
8079,-0.08668548110413542
8080,-0.010678186182306353
8081,-0.3595400710693637
8082,-0.5952371001030019
8083,-0.28619572033847124
8084,-0.040459130513902986
8085,-0.35076501591072695
8086,-0.542258624063776
8087,-0.3136604588793435
8088,0.018443176782047745
8089,0.6441318196972982
8090,-0.7019012995857483
8091,0.38711596877808413
8092,-0.8774135041034634
8093,0.1436928809850807
8094,-0.38995545585458563
8095,0.16731497252950722
8096,-0.6700094016094237
8097,0.20395141436223346
8098,-0.8455196388843446
8099,0.24219988142598095
8100,-0.8668158514698674
8101,-0.2847732671846517
8102,-0.5174208430179379
8103,-0.825387692286561
8104,0.196812710251441
8105,-0.7191794858413304
8106,-1.3800935260577083
8107,-0.3635811813431853
8108,-0.6485942356186255
8109,-0.8441655158765634
8110,0.04400969163214591
8111,-0.6878794446866003
8112,0.20128115232619906
8113,-1.1951753029110637
8114,-0.03939171844920557
8115,-0.805771286038264
8116,0.19483024369805527
8117,-0.8097759608204205
8118,-0.32807007171974617
8119,-0.5864892303569716
8120,0.32633489861688947
8121,-1.2247855688883054
8122,-0.30492476875107666
8123,-0.5286895391220191
8124,0.19946516823369329
8125,-1.1175265970706298
8126,-0.1419280435933755
8127,-0.624777366407839
8128,0.21323939633266945
8129,-0.9079918504476191
8130,0.07962314562089537
8131,-0.6192584286297051
8132,0.36722195606708713
8133,-0.9512464589298544
8134,-0.27148741492860895
8135,-0.6463551817397596
8136,0.3039490754239561
8137,-1.1166272348300978
8138,-0.028407483080555535
8139,-0.6665897217713096
8140,0.4368909906397331
8141,-1.3394257860908352
8142,-0.22028355461089155
8143,-0.79532998301513
8144,0.2884110235946438
8145,0.011258551566230237
8146,0.16876498802973944
8147,0.1257266979175547
8148,-0.29579925569578386
8149,-0.45050245770743924
8150,-0.11428389570749511
8151,-0.050713883153665984
8152,-0.2438941819871627
8153,-0.547738101650825
8154,-0.0019018491176093601
8155,-0.1285640936917141
8156,0.4958363022025446
8157,-1.1178167844717215
8158,0.10455510360378005
8159,-0.5154205130565316
8160,-1.070881107161162
8161,0.04541888067685594
8162,-0.1914956919077184
8163,-0.09605222602661849
8164,0.15009156863428946
8165,0.22282523433511373
8166,0.20042951746246898
8167,-0.15503724153483803
8168,0.09724113310961052
8169,0.11919172626870037
8170,-0.044184670025320116
8171,0.025147670817229434
8172,0.14596803309906092
8173,0.15966246666055947
8174,-0.014619890914271816
8175,-0.1612387704919604
8176,0.13427749062574518
8177,0.04756496977404618
8178,0.13227891875166747
8179,-0.07555406678784637
8180,0.14495771563874346
8181,0.12423143674779556
8182,0.20992427477405232
8183,0.1435090764834674
8184,-0.8553872660743885
8185,1.1042944633782747
8186,0.04908426788553885
8187,-0.7796990347048377
8188,0.685808881119104
8189,0.043306273505731886
8190,-0.8534362666483767
8191,0.9462482745162005
8192,0.18122045620711194
8193,-0.7703488888249665
8194,0.9435181401601946
8195,0.17927964444959738
8196,-0.8361959927532738
8197,1.6607397936467398
8198,0.1907695424818675
8199,-0.950075773776327
8200,1.1383615901831685
8201,0.12160455235325583
8202,-0.7844298466610968
8203,1.304180793902466
8204,0.30394496892189304
8205,-0.7856085392124676
8206,0.6383385292365821
8207,0.18325736927925315
8208,-0.8330820140219563
8209,0.7758075849675914
8210,0.14124213541143213
8211,-0.943977684306139
8212,0.7955916798451038
8213,0.17747930736336098
8214,-0.8470144130504942
8215,1.6161730314963492
8216,0.1680493526908
8217,-0.8215651561152769
8218,1.022448621268806
8219,0.1998469469136661
8220,-0.6960265745175097
8221,0.791615264542067
8222,0.16213398107651283
8223,-0.8493958686890228
8224,1.3387070531389296
8225,0.124246613631945
8226,-0.7536797119884631
8227,0.6633487785574349
8228,-0.8662302323755962
8229,-0.36410784926047984
8230,-0.17400551655020244
8231,-1.0340437342889701
8232,-0.02829767745634338
8233,-0.10692678454862362
8234,-1.0461904504332087
8235,-0.6179432500778881
8236,-0.23297432710832042
8237,-1.254320460020748
8238,0.26169758929128806
8239,-0.24167489635390907
8240,-1.1357122652843157
8241,0.1775904150385034
8242,-0.15369483106666287
8243,-0.8050981985302261
8244,-0.03697252204246569
8245,0.1133711694032291
8246,0.23138564278191007
8247,0.7160736381988941
8248,2.2165221961005264
8249,0.4756693406164034
8250,0.5668302332999496
8251,-0.5713053683270921
8252,2.1871468065504085
8253,0.5524310000811273
8254,0.929432141920844
8255,-0.03230355231400204
8256,0.5991454002432881
8257,0.31182060586937116
8258,-0.5634624664233326
8259,2.2518348972277864
8260,0.47283823866414065
8261,0.7638817238370963
8262,-0.5890197022020657
8263,2.0780510348328343
8264,0.5897674033829077
8265,0.8275209445807303
8266,-0.6058422426515886
8267,2.1330239641102655
8268,0.5870695164438331
8269,0.8580353935719306
8270,-0.528558833355275
8271,2.01941740743063
8272,0.4413184792418786
8273,0.5246819327871914
8274,-0.6117179782532737
8275,2.079364897199142
8276,0.4750663613703838
8277,0.5979389107286159
8278,-0.6846257576757142
8279,2.1826948892854996
8280,0.43051958794377443
8281,0.4784668004836211
8282,-0.708446927646148
8283,2.115867933914812
8284,0.4737569074369517
8285,0.4695371699010423
8286,-0.3403520367441322
8287,2.1505269915923466
8288,0.37509976259162153
8289,0.2689877137440772
8290,-0.13746321676290826
8291,0.2424176256975131
8292,-0.8578335201714734
8293,0.20465906650905777
8294,-0.13576284783080844
8295,0.277658408884182
8296,-0.26646759036964174
8297,0.42758183084066725
8298,-0.8943781175409397
8299,-0.06137898986571416
8300,-0.11728521752489161
8301,-0.7474299193202326
8302,-0.050175881688893094
8303,-0.22373584228983595
8304,-0.18278627891367516
8305,-1.0480799362973656
8306,-0.0977232414393724
8307,-0.12798329483077825
8308,-0.06053427186262293
8309,-1.094497088203099
8310,-0.22661931386879713
8311,-0.23399677326884216
8312,-0.08167332287038293
8313,-1.0302591559877932
8314,-0.16007994655211355
8315,-0.14151593703336937
8316,-0.08046037721389938
8317,0.4625181349937572
8318,0.16949281032723654
8319,0.4189972951961391
8320,0.4872929897070012
8321,0.3048608419740991
8322,-0.8123530855740364
8323,0.4211460315301889
8324,-0.910565141716371
8325,0.47333474286128996
8326,0.25585998574332613
8327,-0.8682321422774958
8328,0.49557508380866316
8329,-1.3691776325398572
8330,0.4058411419190602
8331,-0.9034922294575337
8332,0.45112651315477653
8333,-1.261802650351289
8334,0.5793633085627192
8335,-0.752804874908683
8336,0.4213812289644002
8337,-0.574603446874471
8338,0.3472589407212726
8339,-0.5965395570828348
8340,0.4051652250571643
8341,0.36275253361067017
8342,0.9390050110207921
8343,1.1877782957855232
8344,0.3881403319406894
8345,0.024608150664065895
8346,0.5405512243602223
8347,1.0405592399515158
8348,0.4754904116841089
8349,-0.2722816651276135
8350,0.8128958192916558
8351,1.0806535880008643
8352,0.6716338533348035
8353,0.032360410617918965
8354,0.5858516476030203
8355,1.138673002440998
8356,0.4437727862819765
8357,-0.3039053670515051
8358,-0.6221895653483495
8359,-0.004095029419654398
8360,-0.6497896247041633
8361,1.7934174628130326
8362,-1.1286611633341068
8363,-0.048866340039180535
8364,-0.23701091983024075
8365,1.9760950780045141
8366,-0.8751562022236405
8367,-0.003853043648785631
8368,0.009451750421435513
8369,1.9846082002841607
8370,-1.2796478538389635
8371,-0.003999609126345159
8372,-0.9075212581096693
8373,2.0059906169614203
8374,-0.8158910712957861
8375,-0.6428111616246731
8376,2.001245484458062
8377,-0.7515623013277366
8378,0.030058086642286416
8379,-1.104487206003022
8380,2.039826596718293
8381,-0.8451647587830284
8382,0.24488504252672647
8383,-0.29936844264330575
8384,1.7416953918223157
8385,-1.1521270469691733
8386,0.038854899948249186
8387,-0.5737560380293556
8388,1.931253928154575
8389,-1.2464259568143794
8390,-0.3833176930988856
8391,-0.04554560883682807
8392,1.9917450794005156
8393,-0.7970781548822282
8394,0.11789676549188172
8395,-0.11085223532505725
8396,2.0242206359592188
8397,-0.8982347960471856
8398,-0.3695498542750231
8399,-0.6507621336528892
8400,2.1008784228480346
8401,-1.1954747146925229
8402,0.06285414145452674
8403,-0.6456851492787093
8404,1.998657567579064
8405,-0.19647491150373322
8406,-0.06238613086830096
8407,0.018392121007604033
8408,-0.25777261183277234
8409,-0.07360871874859133
8410,0.12046584378433929
8411,0.03497030385317011
8412,-1.0928779706588008
8413,0.3528347597002302
8414,-0.13101895260361224
8415,-0.16358446196396403
8416,-0.044465582210631065
8417,0.44294567248188105
8418,-0.07331682183472049
8419,0.12783137118853644
8420,0.17106905903992792
8421,0.5160661587467877
8422,0.10205997399323782
8423,0.03932520022053773
8424,-0.5250603348299766
8425,0.33626441599972684
8426,-0.12747146354786795
8427,0.08313094446962475
8428,-0.41765589470555137
8429,0.4672228289381396
8430,-0.36143698616460634
8431,0.07404471540038832
8432,-0.2606086123730545
8433,0.36840034446107567
8434,-0.026440825126861554
8435,0.45303481367213655
8436,-0.24649813779553043
8437,0.6407365370577226
8438,-0.012725962756007833
8439,-0.1541540783875368
8440,-0.05953867679724572
8441,-0.1964517695957748
8442,-0.20060728483636497
8443,-0.07317771106792931
8444,-0.10919733005907394
8445,0.2925271471528537
8446,0.5568899582749081
8447,-0.1412870423001173
8448,0.5100315075521527
8449,0.40765741424797763
8450,0.22030169061323218
8451,0.5289325773871792
8452,0.5676302182203171
8453,-0.046281294812070495
8454,0.430525051613359
8455,0.5016316820363814
8456,0.043177737903795546
8457,0.8355848040438053
8458,-0.14016684400791893
8459,0.09044675735162568
8460,-0.25564440267417576
8461,1.0510998557754139
8462,-0.429424704826952
8463,0.5632316822520739
8464,0.019324481081804203
8465,0.7657633429348344
8466,0.9599152487344521
8467,-0.23805379672589197
8468,-0.7401401468736594
8469,0.4411421867125405
8470,-0.5369269370581239
8471,-0.694409715251772
8472,0.6014031563110744
8473,-0.06887477967832746
8474,-1.010991764411259
8475,0.6254857429655848
8476,0.20301977757320577
8477,-0.7591850795905833
8478,0.7460203729447211
8479,-0.6040052309292744
8480,-1.1393434829555975
8481,0.5378901695022547
8482,-0.16959227386461564
8483,-0.9660444018637065
8484,0.5173062201436414
8485,-0.3507916617366385
8486,-0.9470874785379191
8487,0.6319273387042107
8488,0.23145948273329234
8489,-0.7641706125328409
8490,0.05197864062741285
8491,0.6863614048645514
8492,0.5972704678459898
8493,-0.19617334305231676
8494,0.20465754186977114
8495,0.17568035112901134
8496,-0.08342641837907956
8497,0.15643195251149547
8498,0.2700888512841732
8499,-0.12670555128572838
8500,0.1713023384075067
8501,0.19638287794179038
8502,0.06959569068658912
8503,0.1561104652982977
8504,0.16255389108387713
8505,-0.009163627059665783
8506,0.47020680745548576
8507,0.19469608391716656
8508,-0.20466568299637952
8509,0.41057152850358564
8510,0.3282267142596572
8511,0.026042178705101247
8512,0.13160217583200653
8513,0.2569897888105433
8514,-0.13517769373890165
8515,0.1304568137817545
8516,0.20332683074529712
8517,-0.13520278981548697
8518,0.015017202652789888
8519,-0.1537581066196056
8520,-0.9984918847933278
8521,0.25269630383787917
8522,-0.5666761416820291
8523,-0.10535175845152867
8524,0.10778860673439625
8525,-0.7933351021076045
8526,-0.14921449521499686
8527,0.03788272426943299
8528,-1.1011962394306491
8529,-0.13105561247487524
8530,-0.17270048194355772
8531,-0.1651826193115068
8532,0.001023177068281805
8533,-0.16964139905939415
8534,-0.273224869933218
8535,-0.1845466852877011
8536,-0.21213261856006993
8537,0.40843513202868437
8538,-0.0866315042006429
8539,0.12085311656279155
8540,-0.10858435402640984
8541,-0.1796893802447442
8542,-0.13204389054436624
8543,-0.1901024654553389
8544,-0.2528819172938772
8545,-0.11148719857614599
8546,-0.9231545381242844
8547,-0.23745967761049538
8548,0.02756602460901311
8549,-0.9517588698469063
8550,-0.12510948788799886
8551,0.10693258614113267
8552,-0.9552344151016321
8553,-0.22511524818850007
8554,0.07676474695965871
8555,-0.9337981606303726
8556,-0.21664663032789394
8557,0.10801616852424983
8558,-0.7586170796889687
8559,-0.216197358344775
8560,0.15691946320453223
8561,-0.8972158900840986
8562,-0.21873071379304754
8563,0.04087128790736672
8564,-0.15473506504287676
8565,0.2331284233329874
8566,0.834102727567259
8567,-0.048234109093351914
8568,0.03648764813033862
8569,0.0526347312600376
8570,-0.2567931696989803
8571,0.0582649104267035
8572,0.6648861055784657
8573,0.005478362651078541
8574,0.3299507267666655
8575,-0.35470567426268085
8576,-0.43511166458736494
8577,-0.09755123604491894
8578,-0.009711529207092706
8579,-0.3214628270091897
8580,-0.5393677041824463
8581,0.05428917504906342
8582,-0.06457360816247992
8583,-0.04061924918914317
8584,-0.6820630894864742
8585,-0.260467705494883
8586,-0.279056598980271
8587,-0.47643082253586183
8588,0.11987754634236059
8589,0.010627212889508611
8590,-0.03154784314992638
8591,-0.9369859325916894
8592,-0.36360610779832003
8593,-0.4933983016017528
8594,-0.02046297407731591
8595,-0.041799431860858605
8596,-0.2868926982588794
8597,-0.49889445801493737
8598,-0.2737501340708469
8599,0.20722117410101498
8600,-0.29948386687589346
8601,-0.603577334287834
8602,-0.09185875046155392
8603,-0.02081953927780769
8604,-0.3551278964849031
8605,-0.5417673576167737
8606,-0.24033239941115972
8607,-0.054315130368196206
8608,-0.35369320008048477
8609,-0.614333465508842
8610,-0.10769712569296368
8611,-0.022177838904917164
8612,-0.18818851651684038
8613,0.12336673956522658
8614,0.14495413966665
8615,0.302571048591283
8616,-0.16833632373314827
8617,0.18227954842243393
8618,0.3116096957137899
8619,0.22104623730154951
8620,0.010714591083548523
8621,0.1777001905313041
8622,0.08648530185278439
8623,0.14821652450935935
8624,-0.3269714478786586
8625,0.1811731393879859
8626,0.23910980384850553
8627,0.05514944817096011
8628,-0.24354085898024935
8629,-0.6820630894864742
8630,-0.10212151976286113
8631,-0.05598758913174312
8632,-0.39156543202865246
8633,-0.5756885532626745
8634,-0.31082861519002625
8635,-0.3759520687692723
8636,-0.25044950682379574
8637,-0.6603094639187462
8638,-0.23092424547424034
8639,-0.018030007206880624
8640,0.21299310781700273
8641,-0.5726937748920761
8642,-0.18675853530103986
8643,0.01337575878805451
8644,-0.2549318901143501
8645,-0.6827179450840036
8646,-0.12391694631768008
8647,-0.03285916237878235
8648,-0.3205598218576973
8649,-0.4073939759104235
8650,-0.05616262607358623
8651,-0.10362242758228968
8652,-0.18546206846983457
8653,0.18252954842243393
8654,0.15605126604107203
8655,-0.26830178958402046
8656,-0.2158781458648813
8657,0.18229132795997868
8658,-0.33639080904381574
8659,0.14895282430115295
8660,-0.7963670894080176
8661,0.08797895528947815
8662,-0.8007125618049397
8663,0.05824669162353062
8664,-0.7000184453718442
8665,0.15324611126896262
8666,-0.8057148493978701
8667,0.15289489040498097
8668,-0.831390670962491
8669,0.16077291252347664
8670,-0.6530258133188105
8671,-0.2702379290500276
8672,-0.7350205605715191
8673,0.1783403786972423
8674,-0.3211009580164232
8675,-0.5790730386697407
8676,-0.10123731252984548
8677,-0.2868926982588794
8678,-0.90822612205311
8679,-0.0865325054034507
8680,-0.32429063325023577
8681,-0.5508897694599832
8682,0.5843455788931747
8683,-0.3245480556676554
8684,-0.4766676190726585
8685,-0.0190437241727352
8686,-0.27064292809646623
8687,-0.5702916766456004
8688,-0.20085050844876381
8689,-0.30564534780686886
8690,-0.5405438444861613
8691,0.09746337519173236
8692,-1.212445748905721
8693,0.16499624674319216
8694,-0.7542269482045533
8695,0.39375194137752084
8696,-0.9483058286091616
8697,-0.0813647319853019
8698,-0.7566022090636064
8699,0.33862818493534413
8700,-1.0280712114204922
8701,-0.1738819353207158
8702,-0.815599269241533
8703,0.3123363975335961
8704,-0.9221423049586513
8705,-0.043466700096571324
8706,-0.8477017212451577
8707,0.28627585395038324
8708,-0.8895110328035841
8709,0.1950766534320578
8710,-0.5910511394562522
8711,0.33167616212920564
8712,-0.8441185978014438
8713,-0.15966306859758883
8714,-0.7861731466672852
8715,0.3262825574858458
8716,-1.0124683396401513
8717,-0.15135950521208305
8718,-1.188001231200296
8719,0.3383817073601016
8720,-0.9275776628760208
8721,-0.06419229040089694
8722,-1.0889936658756458
8723,0.3306970371187577
8724,-0.8844427557497567
8725,0.3264208139048954
8726,-1.048190474385204
8727,0.031452531198330684
8728,-0.9342063865278769
8729,-0.13505398413367634
8730,-0.9892900383598922
8731,-0.1880668282280876
8732,0.26044042755883146
8733,-1.0192969772985971
8734,-0.0550454141587858
8735,-1.0679745769688103
8736,-0.15742343910516204
8737,-1.1202414062079216
8738,-0.338159055168607
8739,-0.7806929396038977
8740,-0.19767476809779017
8741,-0.913657647898466
8742,-0.4051211351907338
8743,-0.9612265399958156
8744,-0.2799112476664206
8745,-0.9464391630956032
8746,-0.21333021731239926
8747,-0.870941394943542
8748,0.30518947805263447
8749,-1.0891594408918757
8750,-0.27321289475109123
8751,-1.0463073293319034
8752,0.14476099277940405
8753,-0.8851011058984901
8754,0.005759229740433262
8755,-1.0590145777939062
8756,0.2875945433496688
8757,-1.0688723050714457
8758,-0.04369944067196675
8759,-0.9389233295836426
8760,0.25020579724075503
8761,-0.9056231043007039
8762,-0.026818366912541334
8763,-0.834223560136109
8764,0.35333669765118536
8765,-0.9612265399958156
8766,-0.11039752115380029
8767,0.15591728316432532
8768,0.2144624331682724
8769,0.12099893673998183
8770,-0.15694439513335207
8771,0.16532284022588764
8772,-0.03521083335719243
8773,0.07261616528384368
8774,-0.15397058675207745
8775,0.1711948483377162
8776,-0.03912800244718695
8777,0.11388223223211943
8778,-0.11821829033782995
8779,0.2247092959293471
8780,0.1910165729025555
8781,0.12156567541562717
8782,-0.17341613047370466
8783,0.10898334031336523
8784,-0.02209510349245381
8785,0.16160118205805962
8786,-0.35146752815404825
8787,-0.39412731569729154
8788,-0.2588990942429323
8789,0.02807145319395203
8790,-0.1152778839858077
8791,0.10004127540584024
8792,0.1395321715353596
8793,0.11378516381254394
8794,-0.08085810544616273
8795,0.1673374748543138
8796,0.2407731705676977
8797,0.10763757890237746
8798,-0.13706968810485406
8799,0.1189207424722313
8800,0.007325922566857237
8801,0.0751724346232545
8802,-0.08694042019585593
8803,0.15409994081245154
8804,0.2609029760528821
8805,-0.12359150753578733
8806,0.019521833075992548
8807,0.2357557447561954
8808,0.34560386642760754
8809,0.26435281327166804
8810,-0.18274836618893292
8811,0.1236279743403912
8812,0.07399070687134511
8813,0.06317002307906139
8814,-0.14147532002721028
8815,0.10167941047834933
8816,0.19088119185880265
8817,0.1739209483916753
8818,-0.12850547879522628
8819,0.1261983763008936
8820,0.23254141635336642
8821,0.10515872504079503
8822,-0.1937386320248472
8823,0.1603187255001392
8824,0.17244989586608922
8825,0.09796246472588283
8826,-0.11880248476783027
8827,0.14484347981800838
8828,0.1259564340158285
8829,0.08318128922759528
8830,0.11914883729554421
8831,0.21062915250777428
8832,0.07333637735495417
8833,-0.06818067022641781
8834,0.16033619441202743
8835,0.2491577344253243
8836,0.06700420167869381
8837,-0.09436923843106115
8838,-0.11011438052377813
8839,0.2794750840987259
8840,0.0446797200189621
8841,-0.16261636962174883
8842,0.18100730598366022
8843,0.1643706277620402
8844,0.13771110062706848
8845,0.1581435078536349
8846,-0.7175100152160325
8847,0.9960810230665837
8848,0.06815165450615623
8849,-0.8856390271316416
8850,1.3038944817019937
8851,0.16989897583899988
8852,-0.8829693075458074
8853,0.9384565105519378
8854,0.16921874581556254
8855,-0.7493506748086005
8856,0.8955983212891067
8857,0.17503347303183697
8858,-0.7826114694509139
8859,1.0678961032494594
8860,0.07555749383558366
8861,-0.5812290312717291
8862,1.284025666127475
8863,0.08237020604525082
8864,-0.5749267064773039
8865,1.051769043483628
8866,0.15219440177343802
8867,-0.5848806416378945
8868,1.8602820091647527
8869,0.18008840978141602
8870,-0.3289327128880545
8871,0.34706794762346654
8872,0.17980472576158227
8873,0.18590733849098712
8874,-0.3840187518530098
8875,0.5035362570514419
8876,0.12823800143881264
8877,0.1784620167697717
8878,-0.38358861673948946
8879,0.5341005648474406
8880,0.20718371368706978
8881,0.1484479601281567
8882,-0.6231538010368938
8883,0.6184568908373048
8884,0.17860148277985927
8885,0.15517130494029882
8886,-0.5240373108341921
8887,0.676534461580194
8888,0.1257577077526816
8889,0.08582380756715711
8890,-0.5919252588407378
8891,0.5226613308394407
8892,0.10811081155424793
8893,0.12369997007827056
8894,-0.6245394765633833
8895,0.7368707769919597
8896,0.24414786679891412
8897,0.3480226597961361
8898,-0.6198991969170994
8899,0.5990831241320614
8900,0.1190225677776783
8901,0.17658953152944912
8902,-0.5162956917941957
8903,0.6146967349067102
8904,0.36911401301691477
8905,0.18274916335555794
8906,-0.7877727377582837
8907,1.0437912637588491
8908,0.12107625667029459
8909,-0.8921584491963505
8910,0.9195129897879528
8911,0.1966265764528335
8912,-0.7146546802883031
8913,1.5380594693215826
8914,0.10467051748380328
8915,-0.7786409741751332
8916,0.7157618816706576
8917,-0.05488056574717815
8918,0.6463696503813409
8919,0.3992484927017069
8920,0.27056491690580736
8921,0.7403501512375669
8922,0.38634690721248544
8923,0.49561983807296517
8924,0.25171413229783407
8925,0.03825058492659695
8926,0.000451393398804985
8927,0.01467234077799222
8928,0.3274650562734423
8929,0.021454113772240293
8930,0.6239307748192556
8931,-0.12758504927401676
8932,-0.2090203621804997
8933,0.09970839784139165
8934,-0.18099026618303332
8935,-0.14615984679991845
8936,0.2629075750453669
8937,0.7380084640589611
8938,0.4064763846082338
8939,0.46873057844369503
8940,0.46082002163998353
8941,-0.6351846914451102
8942,1.6940508515351955
8943,0.42845989907280524
8944,-0.732610309084292
8945,1.9184162245864447
8946,0.4564828389051522
8947,0.44342327605740517
8948,-0.5286701428634336
8949,2.2583718046943315
8950,0.3802037334150376
8951,0.42753392597026635
8952,-0.7069659079222396
8953,2.0744714254544045
8954,0.4242173909610161
8955,0.4768862949603721
8956,-0.6016803622731035
8957,1.9118515300564787
8958,0.4232040460567573
8959,-0.958892199176334
8960,-0.08342963538837467
8961,-0.1792670573826108
8962,0.46006299871385903
8963,-0.6547708013736572
8964,1.8478643440463642
8965,0.43766091238579746
8966,0.622383679364897
8967,-0.5255276372052569
8968,2.192422414425106
8969,0.5505549650103451
8970,0.5998499562561991
8971,-0.6864034293111682
8972,1.871222534450855
8973,0.5792948718578921
8974,0.15565551735557487
8975,-0.6091360546068812
8976,1.8884820373398028
8977,0.5312517593152731
8978,0.892527085348454
8979,-0.6762760289990644
8980,2.0460994628302953
8981,0.5581822092606047
8982,0.7741916326991772
8983,-0.6915904523710057
8984,2.2462071236129035
8985,0.39164795152142096
8986,0.7575074249549253
8987,-0.5570606111277232
8988,2.0580050254806745
8989,0.5616734173236528
8990,0.5690621546317766
8991,-0.383504530312343
8992,2.0458350572044415
8993,0.6680600502960787
8994,0.4355228879696053
8995,-0.44242401892996935
8996,2.2486930669673573
8997,0.6310536591891739
8998,0.43711294451741123
8999,-0.7696628356438162
9000,2.161322555518465
9001,0.4661181789861458
9002,0.6268161869016226
9003,-0.5023444424722725
9004,2.1464135176726558
9005,0.424429688529469
9006,0.46579569450962066
9007,-0.453599691144964
9008,2.183024304095685
9009,0.41137100496946194
9010,0.47843415978237536
9011,-0.3862638724868078
9012,2.2449174285329723
9013,0.44836776698574465
9014,0.5741411589607809
9015,-0.5220878312536044
9016,2.2957752707624417
9017,0.5089675722084599
9018,0.4262084835285128
9019,-0.38791360232047367
9020,2.1526325542828277
9021,0.5191971125194434
9022,0.46181339542130256
9023,0.14771743022310588
9024,0.7070669098966772
9025,0.1284463345979584
9026,0.6136518344431806
9027,0.2074018201866168
9028,-0.2830816733339242
9029,0.3141900256103317
9030,-0.03745929401535259
9031,0.2847906560793946
9032,-0.011585612393440609
9033,0.237213746398613
9034,0.9905671716694622
9035,0.71223671207596
9036,0.6874425330918618
9037,-0.37103128548707764
9038,0.9543374779508965
9039,0.4534415852649506
9040,0.3530287743987568
9041,-0.20764391039289262
9042,0.27513274157486095
9043,0.5757386499771333
9044,0.264921645136652
9045,-0.4255261097688036
9046,0.8571328863467497
9047,0.6886474105950782
9048,0.31934036068885463
9049,-0.35067993791572794
9050,0.6889593487619432
9051,0.6761280296034707
9052,0.4625181349937572
9053,-0.3849104105728418
9054,0.47090368484625994
9055,0.623586257507572
9056,0.25780698159553916
9057,-0.26340760608520186
9058,0.39256824909824417
9059,0.7516347268777517
9060,0.24488589056435975
9061,-0.26814719895854944
9062,0.5598988237051596
9063,0.7144365675335601
9064,0.3084530328668781
9065,-0.25573843171604044
9066,0.3635375761792074
9067,1.0087090189608452
9068,0.5049885521349834
9069,-0.3032681547502027
9070,0.629779508848879
9071,0.4520878524717295
9072,0.21399425077748618
9073,-0.3193982383225247
9074,0.5504740595679707
9075,1.008667540862677
9076,0.5966137116177486
9077,-0.23993426410664911
9078,0.35414317290069397
9079,0.7637782891913514
9080,0.5011876322047571
9081,-0.4300841924388255
9082,0.7555071195769087
9083,0.7217421803689501
9084,-0.3967807841571893
9085,0.2990468460574968
9086,0.7247286610367438
9087,0.26622703968171485
9088,-0.3194429411750277
9089,0.7788090129881204
9090,0.9733266625995479
9091,0.5944206100414707
9092,-0.23182007563218784
9093,0.5821030912830635
9094,0.8818442359390831
9095,0.4281797363561235
9096,-0.3269912754399042
9097,0.36827664445111
9098,0.7250833616223764
9099,0.260308322580137
9100,-0.2859530220676565
9101,0.5189709679662596
9102,0.7441852937561291
9103,0.26622703968171485
9104,-0.3591969742048322
9105,0.37276372387856727
9106,0.7727227679821892
9107,0.3526428423259654
9108,-0.36754941404152325
9109,-0.06009291922389671
9110,-0.6299379295314075
9111,2.0974706804408005
9112,0.02420634990445501
9113,-0.18376837189164758
9114,-0.574590312134658
9115,1.9712026556838345
9116,-1.216291100177977
9117,-0.04100364064496397
9118,-0.6234094878171758
9119,1.9553081187475996
9120,-0.007068189889069935
9121,-0.5752762837877299
9122,2.002670922607108
9123,-0.9013599520750851
9124,-0.014039884721892267
9125,-0.6409068423920088
9126,1.98431155925718
9127,-0.9343924924662356
9128,-0.2305539625333872
9129,-0.5819698041761702
9130,1.93564160182126
9131,-0.9039444874011565
9132,-0.6189704483334768
9133,1.97847193083761
9134,-1.2032120381447287
9135,-0.817640597067031
9136,1.9938334126057726
9137,-0.783207128966462
9138,-0.6059046459324244
9139,1.9535222740605611
9140,-1.1892375589067679
9141,0.21709294475958543
9142,-0.2008726095703433
9143,1.9232192557603796
9144,-0.818824462975673
9145,0.3732612160808328
9146,-0.2374878026752562
9147,2.102883857782321
9148,-1.0983893916686231
9149,0.024778259325989434
9150,-1.0660027637732779
9151,2.0095742412795112
9152,-1.2208073145838476
9153,-0.021702071517138398
9154,-0.5944771497622856
9155,2.0167676341902046
9156,-0.9179523652311566
9157,0.026417626055954792
9158,-0.04969133658915393
9159,2.1098088740112733
9160,-1.2272708828498478
9161,0.045113897599191224
9162,-0.5808267054030143
9163,1.9218627681401321
9164,-1.370970247958765
9165,-0.09172127893386493
9166,-0.6441086999651019
9167,1.5746996856151654
9168,-0.8240214854142495
9169,-0.12931725746079265
9170,-0.5206097984842382
9171,1.9405063515818395
9172,-1.1465785356621336
9173,-0.04934253051537102
9174,-0.44947436623341697
9175,1.904409753789095
9176,-1.3327096224537924
9177,0.04526180597629846
9178,-0.7428643751917252
9179,2.04560789702348
9180,-1.267031018925428
9181,-0.09006278305549688
9182,0.48866647822123815
9183,0.33161911022372814
9184,-0.06551001986590801
9185,0.45659555774735333
9186,0.25532006657816764
9187,-0.11084841116636954
9188,0.41946063880486595
9189,0.31386130748322527
9190,-0.007172661581762881
9191,0.5033721731124715
9192,0.2522798532200971
9193,-0.18303236691804783
9194,0.6579076205975135
9195,0.39658902876662616
9196,-0.12788271389345224
9197,0.43480581023159476
9198,0.39794669410048455
9199,-0.04615572369380548
9200,0.5521625407529359
9201,0.4815050918127977
9202,-0.10236233056140709
9203,-0.21890333519769709
9204,-0.11779518196725994
9205,-0.1796898410737819
9206,-0.16006627760098277
9207,-0.1147344126801624
9208,-0.1594674225094269
9209,-0.0636879781956054
9210,-0.051436193749809574
9211,-0.20216278439358493
9212,-0.06204995707292415
9213,-0.2944730862083407
9214,-0.2268531171248122
9215,-0.06071716001564971
9216,-0.13116399771630022
9217,-0.2867998358067606
9218,-0.06393984700157337
9219,-0.11717643149284891
9220,-0.2229330907362761
9221,-0.08791617176434804
9222,-0.1027428118363441
9223,-0.1646389649283229
9224,-0.06867146555564868
9225,-0.2325013582255014
9226,-0.0037203146114741835
9227,-0.053883845712189675
9228,-0.09888327443733251
9229,-0.006410868832658376
9230,-0.08346224641764445
9231,-0.0245273966525534
9232,0.040947969983991084
9233,-0.35326550072916013
9234,-0.12873447716339106
9235,-0.08157911316945975
9236,-0.22148231912063934
9237,-0.07213827326821237
9238,-0.018201947154183617
9239,-0.2890698105403066
9240,-0.05498139830576632
9241,0.03734720138464156
9242,0.09233768065499234
9243,-0.06372731596468008
9244,-0.19832181876196942
9245,0.012359696142768424
9246,-0.174327455049728
9247,-0.06928882666675977
9248,-0.1963146926882366
9249,-0.016307067503292846
9250,-0.07253663678386675
9251,-0.14793482512351122
9252,-0.171845171994833
9253,-0.18416863728879046
9254,-0.06174761541624371
9255,-0.10154517097539281
9256,-0.2620216463321558
9257,-0.08808657195022987
9258,0.107802364504404
9259,0.2791069413661858
9260,0.11558608234640261
9261,-1.437664233033549
9262,0.2786695226064038
9263,0.14500635261722486
9264,-0.8455603861325173
9265,0.28637162617095124
9266,0.200117615546542
9267,0.10905525220805445
9268,-0.8671797533255892
9269,0.3739791587331308
9270,0.0912417892943296
9271,-0.9208949952070279
9272,0.39212684286449695
9273,0.23962099687496022
9274,0.12999570859703302
9275,0.22898819408979096
9276,0.449245638411355
9277,0.13299204348810992
9278,0.3385707202300701
9279,-0.16501955860966508
9280,-0.5776446838379792
9281,-0.1580614062554969
9282,-0.00023304362778001907
9283,-0.2541543542237162
9284,-0.4457962187884432
9285,-0.31394753712946
9286,-0.1662136844138007
9287,-0.3135398640452356
9288,-0.549495741612489
9289,-0.18312593237100305
9290,-0.021970162248076255
9291,-0.21515361340716807
9292,-0.9717528190715924
9293,-0.21449787766823533
9294,-0.045370818872662186
9295,-0.3356696008028787
9296,-0.5373455604601303
9297,-0.31981121411499264
9298,-0.020330607664905694
9299,-0.24153588006467197
9300,-0.5386277802124703
9301,-0.2639626408606672
9302,-0.06967827004005393
9303,0.34046043033517165
9304,0.2983105288041467
9305,-0.18736881954169443
9306,0.2249868953470853
9307,0.31112128304785963
9308,-0.08602068987788368
9309,-0.25956074521909556
9310,-0.6109704103948035
9311,-0.2939441030858894
9312,0.134603009834304
9313,-0.3411739044555197
9314,-0.3163019957655226
9315,-0.05148822736204252
9316,-0.10649410046253836
9317,0.1669521398864848
9318,-0.9078094142438609
9319,0.13700737200786892
9320,-0.7001547627143452
9321,0.11035648025713259
9322,-0.7772912546071798
9323,0.124615935816487
9324,-1.0474447667894144
9325,0.1566070271870751
9326,-1.0073618549115793
9327,-0.9271858146614789
9328,-0.15719944565606556
9329,-0.5975946420777511
9330,-0.11304093535626927
9331,-0.9996995549282812
9332,0.5943521653226596
9333,-0.33369705136379385
9334,-0.9587831465302867
9335,0.09463560832814112
9336,-0.381905501423043
9337,-0.9693005847650183
9338,-0.5666639389796801
9339,0.28284172310184696
9340,-0.9030084751314761
9341,-0.11919210575327915
9342,-0.7939744325284133
9343,0.2982265740093535
9344,-1.1333097417276548
9345,-0.30289885407946193
9346,-0.5991789506996077
9347,0.2851837249986456
9348,-1.055003126075803
9349,-0.2098988896495522
9350,-1.000958734109183
9351,-0.6527559926147083
9352,-0.3303497385858435
9353,-1.0222359828002352
9354,0.23618384108321813
9355,-0.8972933099175353
9356,-0.29685313818647874
9357,-1.1791594913219356
9358,0.23041200635304812
9359,-1.0266345036571616
9360,-0.30578299378564167
9361,-1.0630832872399787
9362,0.5219256648009772
9363,-0.8797646816359699
9364,-0.48643681195108107
9365,-0.4874097783717757
9366,0.12127097833698762
9367,0.06159568030456272
9368,0.21109239398555718
9369,0.20014993480253904
9370,0.12656000705710185
9371,-0.3160203448851134
9372,-0.4865030239742459
9373,0.012079569620880073
9374,-0.1436725793921505
9375,-0.24812844806355952
9376,-0.761499978143095
9377,-0.3638630917858544
9378,-0.052372785327747785
9379,-0.06689274059492588
9380,-0.559582458088952
9381,-0.26435260155289236
9382,0.04989651985811264
9383,-0.31317533173881235
9384,-0.9484098184660908
9385,0.05378787888840216
9386,0.015122811280305114
9387,0.02972304336727346
9388,0.11821621569807096
9389,0.3781075220134118
9390,-0.12396897425850167
9391,-0.020519288750423314
9392,0.1722613454173816
9393,0.14406930086550798
9394,0.1515975423550495
9395,-1.6400055606812547
9396,-0.019313346975271473
9397,-0.6431908619132095
9398,0.2580219979952693
9399,-1.5953969385924494
9400,-0.0670199140288382
9401,-0.6921172175407115
9402,0.03149435156516072
9403,0.02048168921896833
9404,0.1754836857663116
9405,0.1796149366268266
9406,0.12781970001186793
9407,0.17150194417563538
9408,0.21652480776472402
9409,0.1550737126304243
9410,-0.21481909825050668
9411,0.20816251396071223
9412,0.004034074204337942
9413,0.15286157647640913
9414,-0.22290446947859466
9415,0.08496038664458247
9416,-0.8281652870840428
9417,1.1805081838935836
9418,0.1606799066131352
9419,-0.929465334995654
9420,1.1149809755010542
9421,-0.07902285565329373
9422,-0.6127424045081136
9423,1.1242529408709159
9424,0.2109899431608881
9425,-0.8338606494092432
9426,1.2434602456054804
9427,0.11748695267681832
9428,-1.0241186555829853
9429,0.9197874595671942
9430,0.017168032422814984
9431,-0.829563664277881
9432,0.9341061170031281
9433,0.7564106004774684
9434,-0.8185117801413412
9435,1.158360000479652
9436,0.17957138513363563
9437,-0.7374361163002858
9438,1.397310781765685
9439,0.1793410007080198
9440,-0.9283027425826681
9441,0.941211695563614
9442,0.16261286069557687
9443,-0.8340820648053845
9444,1.597976773231036
9445,0.16992169402327229
9446,-0.8859661644131803
9447,1.1186895259049876
9448,-0.8824263564001132
9449,-0.5335008316871951
9450,0.9916284375604204
9451,-0.9635842757883119
9452,0.10011762294748831
9453,-0.4059607882563421
9454,-1.036488671948575
9455,-0.1763591114128068
9456,-0.3809720985457883
9457,-1.5208396162816944
9458,-0.3776299765024188
9459,0.09133980164209177
9460,-0.9903852806235429
9461,-0.011118593523052313
9462,-0.2563782457071513
9463,-1.2149250402731047
9464,-0.2083016091407807
9465,0.07726009814267826
9466,0.1796465515569222
9467,0.4640141358564371
9468,-0.4768719737561863
9469,1.898964931358162
9470,0.496003922974385
9471,0.23105998271521663
9472,-0.6065449123115679
9473,2.1689903789346694
9474,0.5856442480646588
9475,0.4224037317457436
9476,-0.6239182152680033
9477,1.9440802674237114
9478,0.37726517924715935
9479,0.8562599790071889
9480,-0.5122997829514286
9481,2.0239715995462686
9482,0.36998850479268347
9483,0.4294167274786826
9484,-0.7289771989005444
9485,2.166408297231336
9486,0.4405584308352014
9487,0.608127465688474
9488,-0.5422561499928552
9489,1.9055864635046467
9490,0.519632479126676
9491,0.7922056860258055
9492,-0.5458017198545037
9493,2.268747490123841
9494,0.5369319564469401
9495,-0.38423500201963834
9496,2.2509517530186067
9497,0.16574367300860995
9498,-0.5419776788123674
9499,2.2116137774068703
9500,0.5434903661191777
9501,0.40364585143934845
9502,-0.5949710440808466
9503,1.9123189485125243
9504,0.4223610855574455
9505,0.6723139900349309
9506,-0.5014126448159416
9507,2.1315579141827308
9508,0.39893570573934406
9509,0.5823502028214511
9510,-0.3818379986235637
9511,1.8953031801975397
9512,0.43974962782022886
9513,0.2079612727323174
9514,-0.214590080900766
9515,0.1406226106593517
9516,-0.6478886776572891
9517,0.20621275012616627
9518,-0.9431926507139703
9519,0.235481916027511
9520,-0.9477551902615335
9521,0.24148555428067417
9522,-0.3746095176203557
9523,0.07715428186158292
9524,-0.1630066939911256
9525,-0.07724365192751925
9526,-0.8980006464652182
9527,0.014979799106793068
9528,-0.1729254648383595
9529,-0.07320402756026913
9530,-0.6668418175730118
9531,-0.18857304373233044
9532,-0.18331150397315402
9533,-0.06496598274400114
9534,-0.9668870737479571
9535,-0.10924807968093296
9536,-0.23599453951926075
9537,-0.10804570292862857
9538,-1.230023384130444
9539,-0.1250610106782198
9540,-0.2539958001009822
9541,-0.12563223034094262
9542,0.324922177343716
9543,0.3596416601462191
9544,0.4250698473785082
9545,0.25073859127014697
9546,-0.6878992783588437
9547,0.31973667161380026
9548,0.2880968243326206
9549,0.6617179628876083
9550,-0.7892229879579528
9551,0.4748556118839239
9552,0.3045297224386798
9553,-1.6581161157205784
9554,0.26137325856948823
9555,-1.0870046686622403
9556,0.3070587344607014
9557,-0.9548516525190504
9558,0.31373216643095214
9559,-0.7240307595933277
9560,0.3205831347164347
9561,-0.7757886866097705
9562,0.3194951430946316
9563,0.9190621299481376
9564,0.6396910780618588
9565,-0.9821330726889025
9566,0.2469327631977652
9567,0.776358646795897
9568,0.6356469337595888
9569,0.23136128899655237
9570,-0.26452029789890774
9571,0.9389182873046542
9572,0.7152054179577358
9573,0.5099493553800958
9574,-0.2840972667358008
9575,-0.005312640862964097
9576,-0.5297858988166694
9577,0.7090323361793088
9578,0.6158666146795198
9579,0.596709109162229
9580,0.4902871398111545
9581,-0.5924562705481978
9582,-1.0358277395915898
9583,-1.3265144650107406
9584,-0.049436747827773665
9585,-0.5738933407408361
9586,2.0580682163853976
9587,-0.8987705867589916
9588,0.023698865853881892
9589,-0.25937470870468743
9590,2.0153884005425176
9591,-1.2632566864973396
9592,-0.04788189195604523
9593,-0.46855385621804263
9594,1.9815991954729122
9595,-0.8933394250711941
9596,-0.003486669245160349
9597,-1.0866638078635706
9598,2.0922551929350766
9599,-1.1998184173230724
9600,0.029694276065525126
9601,0.01522578276238544
9602,2.0656195189291604
9603,-1.2552113893742969
9604,-0.035124952505089645
9605,-0.9998406216556116
9606,1.986502573513758
9607,-0.35305330567855964
9608,0.5484757071701366
9609,-0.5740908585806433
9610,1.978424632060982
9611,-0.29559112997639553
9612,0.27842673054929556
9613,-0.6203029168602665
9614,2.0143469298880134
9615,-0.9299645457259733
9616,0.037759158757463385
9617,-0.6186677152713794
9618,1.9525543188689798
9619,-0.9578674792864653
9620,-0.09784828800281514
9621,-0.4366388517708812
9622,2.0734218624596705
9623,-1.1932178589452727
9624,-0.043839825671470586
9625,-0.6658862641817582
9626,1.9881816289693934
9627,-0.8624510858547343
9628,-0.008594043420526137
9629,-0.0342088933946344
9630,1.9862373629483765
9631,-1.1103348563590387
9632,-0.16458217841239017
9633,-0.07429925058403937
9634,-0.20832110998913775
9635,-0.2473108126748037
9636,-0.06302169864416249
9637,-0.5299744963058456
9638,0.6015791025103826
9639,-0.09451893225117763
9640,0.16093178221487173
9641,-0.17290875049077478
9642,0.5768110335997071
9643,-0.305418895816268
9644,-0.14246397665324878
9645,-0.29307047717982204
9646,0.24209493575271568
9647,-0.05351900134436891
9648,-0.2679263661887417
9649,-0.8276660395497678
9650,0.49684854667945816
9651,-0.06393829564974511
9652,-0.47381855976377735
9653,-0.15443942517593603
9654,0.3138261899513986
9655,-0.40433445718003813
9656,0.12526088554886336
9657,-0.42581738088064425
9658,0.36115301702121483
9659,-0.3853490915040027
9660,-0.749580658621603
9661,0.5699935856081715
9662,-0.23126146509056456
9663,0.3021564336380614
9664,-0.137428430170618
9665,-0.13801979110014426
9666,-0.22885121386928617
9667,-0.07782991569104318
9668,-0.20653385228246057
9669,0.4711645818198315
9670,0.2674341123923513
9671,-0.14884371119552464
9672,0.40754900179330056
9673,0.2029180159291102
9674,-0.05250413392422269
9675,0.3958027749549842
9676,0.23005645924704018
9677,-0.07361506780209
9678,0.4204749231308349
9679,0.25434444606733897
9680,0.9693955243344614
9681,0.46923898978021295
9682,-0.4494788358817628
9683,2.1891805315332515
9684,0.46335689908451644
9685,0.1189659298831618
9686,-0.19532967360231493
9687,0.843897974389629
9688,-0.3349547713534621
9689,0.029963690404116845
9690,1.067051024244222
9691,0.9286089825043585
9692,-0.2647943246518839
9693,-0.14196108680410627
9694,-0.9105727782701017
9695,0.7041304652671445
9696,-0.059940504898031
9697,-0.07043016140114061
9698,-0.007561219119252311
9699,-0.5894306217760227
9700,0.5962318889455589
9701,-0.2886934792178189
9702,-0.7860348800264118
9703,0.5211506564371873
9704,-0.09280199131228542
9705,-0.7657013757788602
9706,-0.7898547138475094
9707,0.45724883620937373
9708,-0.20642274892117393
9709,0.21571661644647994
9710,0.04678303154553892
9711,-0.8926646478533844
9712,0.5261083728503191
9713,0.07223014557198217
9714,0.5106808678205348
9715,0.6952359328995061
9716,-0.005309744032596916
9717,0.25668408559886685
9718,-0.36473612394990096
9719,-0.1388710341404362
9720,0.15228649213540488
9721,0.22335578041898368
9722,-0.06996502999691662
9723,0.14232475748951365
9724,0.18783310632134864
9725,0.038344590683911224
9726,-1.1089864846302098
9727,-0.45242210483423057
9728,0.2024435606786569
9729,0.31339774589795955
9730,-0.13271940284624484
9731,0.11805986042564565
9732,0.22067465618778195
9733,0.01715762442045193
9734,0.1482965789694627
9735,0.2717599370540215
9736,0.2906591890456918
9737,-0.9203551644669724
9738,0.1414684105057334
9739,0.38994386392435976
9740,-0.08998650249917903
9741,0.469305968148059
9742,0.3688931014335661
9743,-0.22952278883492383
9744,0.20088139533746005
9745,-0.10778193920825982
9746,-0.33383097681970075
9747,-0.03688772372546461
9748,-0.23204844691143933
9749,-0.15409431618524666
9750,-0.21656254844813233
9751,-0.11582818379263339
9752,0.0026454608466600373
9753,-0.026544307347083358
9754,-0.09490438086586396
9755,-0.2877036010615356
9756,-0.09782887275509065
9757,-0.021572268464294102
9758,-0.18839835971555075
9759,0.2980086975737546
9760,-0.253044283779481
9761,0.046465658367905234
9762,-0.14541621821928874
9763,0.2015175521843012
9764,0.7117347825653157
9765,-0.0689796664321779
9766,0.12153889501810247
9767,-0.8132010172917641
9768,-0.14307011173641793
9769,0.23205901723017572
9770,-0.9246681983394553
9771,-0.19830182321410908
9772,0.20187684031740233
9773,-0.864275380436838
9774,-0.12738348065495766
9775,0.222104054593399
9776,0.7161624264785914
9777,0.06362140144743202
9778,0.3608770513668119
9779,-0.06708077459782372
9780,0.23240722449634885
9781,0.015601443787960799
9782,-0.24181187900429849
9783,0.18112714347419878
9784,0.4281840680282208
9785,-0.20393956096950192
9786,0.7199721335896189
9787,0.29045437963864346
9788,0.8620053668032928
9789,0.2745549390453769
9790,0.9141319168339038
9791,-0.3365029341362121
9792,-0.5016563722439872
9793,-0.12099440885359111
9794,-0.03819363728180474
9795,-0.37217481275736447
9796,-0.42330780468133417
9797,0.07398261570175577
9798,-0.06015591352291137
9799,-0.36696911322761144
9800,-0.5202929267160916
9801,-0.25557420515962714
9802,-0.12122396217691897
9803,-0.14560475353523855
9804,-0.7616446077547389
9805,-0.00959931228762639
9806,0.011824157094922374
9807,-0.3173662065035725
9808,-0.4978013678870057
9809,-0.038434908558662655
9810,0.029220607148546136
9811,-0.2518096646728088
9812,-0.5515455214526631
9813,0.17206510201885028
9814,-0.0540190123387519
9815,-0.366554437500063
9816,-0.4796620125575369
9817,0.09578853324700917
9818,-0.0569880473747875
9819,-0.33919866444535585
9820,-0.5560378992564727
9821,-0.24552275018114691
9822,-0.0770648060772086
9823,-0.3215219891593701
9824,-0.7116586325262814
9825,-0.18156718877581235
9826,-0.045185031720035025
9827,-0.23163674176073168
9828,-0.549495741612489
9829,-0.2597544680532323
9830,-0.027552499113145775
9831,0.011287489885136948
9832,0.13013781259692667
9833,0.2923063110137785
9834,0.04184915300814738
9835,-0.09972510992137093
9836,0.1800573519772686
9837,0.15789918572297723
9838,0.05193719727859014
9839,-0.186600251541665
9840,0.2633797977659172
9841,0.1315681890685005
9842,-0.04164987568937773
9843,0.16178140850936032
9844,0.06159289474865101
9845,0.06159568030456272
9846,-0.32641339664287455
9847,-0.5575521713264091
9848,-0.1816540238998333
9849,-0.007956683293366691
9850,-0.28462528521731306
9851,-0.5817481802972138
9852,0.05036632472688862
9853,-0.0555541360479874
9854,-0.3326473357904549
9855,-0.5627741636560124
9856,-0.2130683460336551
9857,-0.0006947415994679753
9858,-0.31953111508841187
9859,-0.33280047587456035
9860,-0.24296479346535402
9861,-0.2799287544167759
9862,-0.2921455672908065
9863,-0.7554230898374128
9864,-0.12538714448163832
9865,-0.11624265077760457
9866,-0.11386895304969485
9867,0.11481326593251232
9868,0.24351797603245545
9869,0.0754739995714569
9870,-0.31582362299392047
9871,-0.5324414358256093
9872,-0.2549571483540684
9873,-0.0555541360479874
9874,0.03157034716835052
9875,0.11586742999865751
9876,0.11921138583346874
9877,-0.3117077063130674
9878,-0.22842001378009055
9879,0.12004918236220449
9880,-0.27002331172933586
9881,1.089751363899313
9882,-0.8239516008604117
9883,0.18693737019911932
9884,-0.8942910642964127
9885,0.14355003845177663
9886,-0.7050792498572491
9887,0.16275685214473198
9888,-0.8291937887928301
9889,0.1604907724632251
9890,-0.8107608737147695
9891,-0.06363147218508057
9892,-0.7802436407471073
9893,-0.7117268013713894
9894,0.3666569968966491
9895,-0.544598644329052
9896,0.5439982753300858
9897,-0.31203009315440206
9898,-0.538497272850753
9899,0.39620348615956225
9900,-0.27200408324581715
9901,-0.4857943021517423
9902,-0.20040036751973556
9903,-0.19764167694919355
9904,-0.4846003238421024
9905,0.020466582643451525
9906,-0.3113790881192308
9907,-0.5396923359926075
9908,0.23606114744182086
9909,-0.28617896334008097
9910,-0.7341322275686633
9911,0.11788462723883958
9912,-0.27045270807262684
9913,-0.49311351875641724
9914,0.1046585443313163
9915,-1.0473300271753576
9916,0.22224414550043392
9917,-0.6501009020310188
9918,0.4317536763563537
9919,-0.8575610511758549
9920,-0.3612100211403232
9921,-0.5553197917762036
9922,-1.0525983978730622
9923,0.009815768941245352
9924,-0.891199476439125
9925,0.4546908823769365
9926,-1.0747645883936519
9927,-0.162914252127687
9928,-0.5441248937002054
9929,0.3059611098497804
9930,-0.8675665621533539
9931,-0.1658728256327535
9932,-0.5606944578812537
9933,0.25330479765742814
9934,-0.8432249472346494
9935,-0.018854329891704925
9936,-0.8236105993456093
9937,0.311902734813049
9938,-0.9621934873971494
9939,0.24060366776150996
9940,-0.9365253257546161
9941,0.19560844224947005
9942,-1.2784641107018666
9943,0.15577292603695475
9944,-0.6705128177303514
9945,0.27590668668371965
9946,-0.959325966029628
9947,-0.3365562465828588
9948,-1.0086622223810013
9949,-0.20567207190810705
9950,-1.163679848141059
9951,-0.31567840150366805
9952,-0.9523082911114276
9953,-0.2452255601046456
9954,-0.8717659779518404
9955,-0.3083744759336067
9956,0.3670186637645836
9957,-0.7960704345684939
9958,-0.7133882280715307
9959,-1.0964963599167914
9960,-0.321112128259116
9961,-0.8468384081745808
9962,-0.24482846978394793
9963,-0.9049546736151367
9964,-0.015082065527921344
9965,-1.5415873111594383
9966,-0.198667902651873
9967,-0.9620133895265467
9968,-0.26592249387251554
9969,-0.9023213850353098
9970,-0.25652350920295497
9971,-0.6365013862634166
9972,-0.8858148661016882
9973,-0.18101690119298144
9974,-0.6879800786726163
9975,-0.8360126983702907
9976,-0.17936554293300894
9977,-0.7934207607561639
9978,-0.8052133280951942
9979,0.5405022061902345
9980,-0.7869893312463252
9981,0.3048501190210756
9982,-0.8097458694049444
9983,-0.04206945909061356
9984,-0.9227847436253294
9985,0.2747307930310507
9986,-0.3198382811866704
9987,-0.17014218480758492
9988,0.08636854927806893
9989,0.15740089512468664
9990,0.26959535900304404
9991,-0.14635029600883848
9992,0.19666304463999432
9993,0.17773811348522536
9994,0.06925784650392323
9995,-0.14544953087942822
9996,0.11079386885150044
9997,0.1676875820303898
9998,-0.00043359915167193543
9999,0.022646762844856682
10000,0.15582884071298808
10001,0.19346401727315504
10002,0.0779357971869095
10003,-0.18202417803188706
10004,0.14572402202426207
10005,0.1698932579341994
10006,0.11560157355563114
10007,-0.17912868650005312
10008,0.15723103529344554
10009,0.19314249815434684
10010,0.11658919618940915
10011,-0.10000012268891079
10012,0.12849025838879388
10013,0.08579706203554338
10014,0.12774340567318068
10015,0.05255103166820066
10016,0.12258151565065022
10017,0.17551913355890425
10018,0.11568281138319589
10019,-0.12140058229312022
10020,0.16009764390167905
10021,0.17742969231613367
10022,0.12666588831503783
10023,-0.1696155122350531
10024,0.17566100555002973
10025,0.08469640006995731
10026,-0.1941077255254288
10027,0.16064283342195815
10028,0.17765276842839645
10029,0.031676247648555055
10030,-0.10362555607675561
10031,0.16812753880431805
10032,0.3051962172449623
10033,0.28980493807267205
10034,-0.14333401098820542
10035,0.18113240602548877
10036,0.18653397435240635
10037,0.05274526096880897
10038,-0.26529236174476745
10039,0.18513318560310224
10040,0.2138287314517446
10041,0.07015732917067967
10042,0.07261445935851753
10043,0.1300667782456015
10044,0.17957901745648053
10045,0.12501011262897727
10046,-0.19086071118615766
10047,0.1697215914979777
10048,0.3939772117233777
10049,0.0865973556862843
10050,-0.04290220666669244
10051,0.11614560195106939
10052,0.20259914299908124
10053,0.08959510766440416
10054,-0.34416761466420687
10055,0.16885426113119473
10056,0.1492552853501519
10057,0.08676980596944561
10058,-0.1216385595743613
10059,0.0713781276456552
10060,0.15099026896748743
10061,0.0027733230850309695
10062,-0.14447505589824675
10063,0.16532590288934554
10064,-0.21807746875471368
10065,0.08246458196088469
10066,0.147881565940061
10067,-1.3507345069392274
10068,1.331442844451019
10069,0.16971338100078046
10070,-1.3817142764809276
10071,0.9643437411469225
10072,0.1738258400614013
10073,-1.2302919531063556
10074,0.9432039927796165
10075,0.12363777118437158
10076,-0.9270109406478158
10077,0.6641445322264425
10078,0.1708272590554906
10079,-0.7745749556508883
10080,1.30558074098436
10081,0.17957138513363563
10082,-0.8613375600175741
10083,1.634598527386229
10084,0.16824007786165615
10085,-0.7704855006609983
10086,1.3712652010860418
10087,0.1314719255075626
10088,-0.6189880472515759
10089,0.9439304474193962
10090,0.028869811892571883
10091,-0.4137851503207798
10092,0.5354761373173563
10093,0.07780874041667642
10094,0.154495263918301
10095,-0.5662747304733491
10096,0.6148169887148355
10097,0.040867893899302725
10098,0.1769320778051323
10099,-0.6082951194215248
10100,0.4934665360736645
10101,-0.005597350411587628
10102,0.18275519371438545
10103,-0.5275833817807193
10104,0.6073135410097529
10105,0.008250497647477465
10106,0.1738577900535294
10107,-0.336311492818198
10108,0.5907823057997159
10109,0.20384683843991158
10110,0.17090227582659528
10111,-0.6067946686276218
10112,0.5855170097615933
10113,0.17992868608974605
10114,0.4456151884903444
10115,0.3644393396902094
10116,0.1854219362593738
10117,0.18356263669280556
10118,-0.3807541642179302
10119,0.6681651869960255
10120,0.17715881605696923
10121,-0.06833224419661499
10122,-0.5580950668687328
10123,0.8132570722714932
10124,0.1871282376202634
10125,0.14059442561438582
10126,-0.6695409368015904
10127,1.2962569844012035
10128,0.07320631019882008
10129,-0.8448904377012708
10130,0.8077424624214988
10131,-0.3207678015959846
10132,-0.8078048854759856
10133,1.2531189145282229
10134,0.149025007521956
10135,-0.7539522133189562
10136,0.9220838816536221
10137,-0.06503181727682271
10138,0.502397071133796
10139,-0.09343531862581753
10140,0.6271890514713475
10141,-0.05492690761372013
10142,0.5216982605407255
10143,0.6317590776173598
10144,0.29393345734064064
10145,0.18405605577284048
10146,0.41136383292747747
10147,0.14935884108993833
10148,0.6928170255908015
10149,-0.30734686109284415
10150,0.5042532656572396
10151,-0.13558649024609437
10152,0.5267863224685354
10153,-0.13474773889262948
10154,-0.2959025548734169
10155,-0.08934891771858504
10156,-0.08768524777230055
10157,-0.13574625940746826
10158,0.7870977554131281
10159,0.7982530078598081
10160,0.41149512126990917
10161,1.0980962927954347
10162,0.6334077938562396
10163,0.40142787134882457
10164,-0.6935236463474719
10165,2.2384715046404184
10166,0.42444198210509393
10167,0.17362529750065278
10168,-0.52068316247495
10169,2.037390915068394
10170,0.5745017463939492
10171,0.25828326672694324
10172,-0.4944076906776239
10173,2.0571092779980145
10174,0.5590632771848966
10175,0.42867138567341684
10176,-0.5555494295290655
10177,2.058076120736971
10178,0.4180133297789961
10179,0.4524426697695625
10180,-0.6190946273012141
10181,2.166864528079282
10182,0.43917459718206264
10183,0.440696811405401
10184,-0.6697957234556229
10185,1.825330818175752
10186,0.3728271755608363
10187,0.4261944792451234
10188,-0.6072306027448887
10189,2.2140022541522004
10190,0.5775069715376604
10191,0.6986466339898257
10192,-0.6623361582246453
10193,2.2518288519155822
10194,0.5847531170340756
10195,0.16804508795996603
10196,-0.7172358199474195
10197,1.8259736992158184
10198,0.572613931548499
10199,0.8352339053262448
10200,-0.5543131065803836
10201,2.1019082263126023
10202,0.4243546561022572
10203,0.477075142678477
10204,-0.6753937352315993
10205,2.033994462875359
10206,0.5315307981594524
10207,0.8618009326223413
10208,2.1640199592403357
10209,0.5543886600023324
10210,0.49832407311837534
10211,-0.4361953091933623
10212,2.1902961082084054
10213,0.5302503603972947
10214,0.3999217910496681
10215,-0.6430603609520044
10216,1.9121182917285466
10217,0.5410103596507384
10218,0.20131605525274138
10219,-0.4802052679446746
10220,2.1587760995497565
10221,0.448721785532688
10222,0.3500504710067429
10223,-0.6024987609109321
10224,2.0873221943771196
10225,0.4309407385371854
10226,0.47198342332557713
10227,-0.6089501280651414
10228,2.1829874422180864
10229,0.5814612382826048
10230,0.573439205233758
10231,-0.5134963249188748
10232,2.143448715716441
10233,0.43676258547531793
10234,0.381837806458958
10235,-0.46834273418000394
10236,2.2649135538849534
10237,0.46206728822870907
10238,-0.08612620395976571
10239,-0.5082664864457364
10240,2.228244268383894
10241,0.5506608958486878
10242,0.4510502410165846
10243,-0.37290642305591976
10244,2.192159866953303
10245,0.398330923961169
10246,0.16432802113868264
10247,-0.3954145004453428
10248,2.1596106662123984
10249,0.48123124322029576
10250,0.4789284696243491
10251,0.35278408983164905
10252,0.7514949018969695
10253,0.07833296769442856
10254,0.4802814108008197
10255,0.16049783632850317
10256,-0.6633941400821083
10257,0.4082133291054558
10258,-0.28447875058729516
10259,0.1699073274434367
10260,-0.9607464074899121
10261,0.15419294078606333
10262,0.597429379681624
10263,0.4068092474187756
10264,0.5812203812906102
10265,-0.40284168366469564
10266,0.8369498400654813
10267,1.0306045347954989
10268,0.4998420613206851
10269,-0.351531954592338
10270,0.24313463987889364
10271,0.65050325961478
10272,0.2600634001733755
10273,-0.30517004559293065
10274,1.1765227343029894
10275,0.5852884043522842
10276,0.4437288604399277
10277,-0.31792084533623727
10278,-0.048122698143346056
10279,-0.7236614410849339
10280,0.4831459156596013
10281,-0.16160016791171178
10282,-0.6802836252777882
10283,0.6293450908184094
10284,0.09304557939848726
10285,-0.7283229482016751
10286,0.5989004870429377
10287,0.8290473811815999
10288,1.0015194915301
10289,0.3353097577431437
10290,-0.3554955573280768
10291,0.8966437092100191
10292,0.4458161541182511
10293,0.5357535368701274
10294,-0.4570123846267538
10295,0.18125254732910334
10296,-0.4788710540367427
10297,0.29674903798067886
10298,0.47138840727143355
10299,0.4163963020426635
10300,-0.21358226744632278
10301,-0.1303844760362006
10302,-0.7273824349934864
10303,0.4970810179194215
10304,0.9036032617183489
10305,-0.5174510512991436
10306,0.2667903973147973
10307,0.4609070749279336
10308,0.32190902075064
10309,-0.40756152424162123
10310,-0.07521378977533215
10311,-0.8252926593760322
10312,0.4300981353236023
10313,0.8997455336022422
10314,0.7890972765677206
10315,0.299969780675522
10316,-0.4131493158979045
10317,0.3583900984991039
10318,0.3778657319991011
10319,-0.06105295429140771
10320,0.25690412946002733
10321,-0.3513531661640375
10322,0.057093282811831236
10323,0.003169688122386081
10324,0.39816973897235186
10325,-0.012569825269863787
10326,-0.5329418003007665
10327,2.016475121125169
10328,-1.241985994433806
10329,-0.3499859926920201
10330,-0.12521949894404383
10331,2.046460757698534
10332,-1.3103957593781033
10333,0.08344130306219158
10334,-0.6167076675413613
10335,1.9573709630260923
10336,-1.2155621871038638
10337,-0.11150598357295785
10338,-0.585761166711783
10339,1.8977545754174323
10340,-0.8968721970271862
10341,-0.25803951454541035
10342,-0.5255495709871549
10343,2.004788438721946
10344,-0.8798455368476669
10345,0.014951418044090678
10346,-0.6198679705295457
10347,1.9342598214253457
10348,-1.0858092406944408
10349,-0.0013446439756055553
10350,-0.6938830836817377
10351,1.9881816289693934
10352,-1.045356790615301
10353,-0.6497927150857311
10354,1.956501929447563
10355,-0.9006506917007487
10356,-0.4251207030864181
10357,-0.9581535966060489
10358,-1.2133192042990242
10359,-0.25542749037942336
10360,-0.9474560654024261
10361,1.9402737245580461
10362,-1.2516941642250616
10363,0.4430089277734728
10364,0.10264694089431528
10365,1.9482764279911127
10366,-0.1439225464688197
10367,-0.0024754359157263144
10368,-1.051802794530104
10369,1.9683288927516196
10370,-1.220562167301148
10371,-0.0018438692309307766
10372,-0.24502409262945185
10373,2.02608193707786
10374,-1.3190018619711041
10375,-0.013062953572431927
10376,-0.6423216579122857
10377,2.0413719740461618
10378,-0.8951727254377397
10379,-0.5337235860322747
10380,-0.19838228243493825
10381,1.9524911886475096
10382,-1.0179025459005546
10383,-0.01427445481211182
10384,-0.578513606851205
10385,2.0248295891476213
10386,-1.3167425964182349
10387,0.14683600377181813
10388,-0.2119057488073551
10389,1.9579812994962993
10390,-1.113528791426451
10391,-0.009615724653381659
10392,-0.16638377814361993
10393,1.5780815852383823
10394,-0.9308081405969405
10395,-0.028576467749481284
10396,-0.14352075761404054
10397,1.9455728861118815
10398,-0.8726473155103571
10399,-0.30346647787724923
10400,0.8712384611398504
10401,0.46320676815284006
10402,-0.262167933034766
10403,0.4474703744159347
10404,0.31049578251621207
10405,-0.010414943069312618
10406,0.4337056431885974
10407,0.13492584506371216
10408,-0.1305809852149526
10409,0.49083612396184617
10410,0.25374437001781436
10411,-0.12075141287673709
10412,0.41932775471273415
10413,0.484257680654727
10414,-0.19389718723870997
10415,0.4527347592705695
10416,0.41693493240319984
10417,-0.0806011954820634
10418,0.5658435743242808
10419,0.5962785391950408
10420,-0.05179914436608219
10421,-0.06904665100845085
10422,-0.358397602023145
10423,-0.21058548374442496
10424,-0.06629026392313132
10425,-0.17912969537146267
10426,-0.1693406234279934
10427,-0.12435353617940954
10428,-0.07544142568787122
10429,-0.08933581457331302
10430,-0.23872297324523784
10431,-0.23098516306260214
10432,-0.06242788083303124
10433,-0.03415789278244404
10434,-0.0013103125146153585
10435,-0.11633822598077714
10436,-0.0019300978112599774
10437,-0.3311086947964695
10438,-0.19316377667735332
10439,-0.38571948496255987
10440,-0.1014424798398556
10441,-0.08926053910763956
10442,-0.23139756398047354
10443,-0.16086005110802334
10444,-0.06761353127756885
10445,-0.08061142121526717
10446,-0.60365090561483
10447,-0.0725727912965124
10448,-0.11896171844725995
10449,-0.3677408085334123
10450,-0.11916501331205978
10451,-0.11953020198245268
10452,-0.21142969433848752
10453,-0.04560228139691727
10454,-0.061639895427335875
10455,-0.1860628869764916
10456,-0.0990524612048528
10457,-0.009396553501163944
10458,-0.19186472872920815
10459,-0.052455404593578406
10460,-0.07306250251661622
10461,-0.24658896143222692
10462,-0.11798705332368147
10463,-0.0005428606893548356
10464,-0.14783229047480828
10465,-0.22247774081629493
10466,-0.07078347552086774
10467,-0.09911468315100436
10468,-0.24745747836412788
10469,-0.07564839640506006
10470,-0.0672578973298332
10471,-0.2851953624748306
10472,-0.10765357425773657
10473,-0.21746881015810862
10474,-0.21556387917483763
10475,-0.06653538619094991
10476,0.12370348585551023
10477,0.25879080139427124
10478,0.18487632156029696
10479,-0.3005003036817171
10480,0.6706956415481466
10481,0.08852945518226651
10482,0.35108676684939477
10483,0.707433545659127
10484,0.12563750340943214
10485,0.4039595266548727
10486,0.0991846757351429
10487,0.4067607557921767
10488,0.7158477045102033
10489,0.11665074151921087
10490,-0.7936388500566435
10491,0.1860675628220359
10492,0.08030089405263335
10493,0.17553318654372152
10494,0.3409095209543313
10495,-0.3011588238655639
10496,0.1188277155322662
10497,0.3046004355897661
10498,0.31903360724534785
10499,-0.2568418577483886
10500,0.03545268883597547
10501,-0.7496911912189649
10502,0.0990110760884858
10503,-0.3382529924530825
10504,-0.5081743338705343
10505,-0.4066282053657138
10506,-0.0035886002805113034
10507,-0.4578797353019926
10508,-0.5465570240372969
10509,-0.41529014549034987
10510,0.008645450171231634
10511,-0.5528288398601142
10512,-0.485905608517338
10513,-0.3201342801690931
10514,-0.06616678931562
10515,-0.3329391579313018
10516,0.2727935185553022
10517,-0.11518845263613811
10518,-0.3221324642805615
10519,0.33877178334490915
10520,-0.08737100238000059
10521,0.34505664029341265
10522,0.007943952958810906
10523,-0.1872638049348582
10524,0.1982024525205145
10525,0.7361048358930623
10526,-0.8985701023564705
10527,0.05006389619291167
10528,-0.7528543174148502
10529,0.15886170233054375
10530,-0.665064758874294
10531,-0.9337866060400531
10532,0.2709965443035804
10533,0.19934999939941567
10534,-0.8044299192669332
10535,0.22294850151574153
10536,0.35613031148025454
10537,0.050330630084145456
10538,0.5564201580405007
10539,-0.9573861669348284
10540,0.2746814395725553
10541,-0.4991880901280925
10542,0.1851015844592229
10543,0.2376679079293021
10544,-0.9951556556668929
10545,-0.47060599128963027
10546,0.4124944879706152
10547,-1.5550624049739463
10548,-0.31167926715814864
10549,0.23900871885673897
10550,-0.9994396988052527
10551,-0.29170235467469097
10552,-0.3373635522883729
10553,0.5518471235142416
10554,-0.9830594555245452
10555,-0.3154602279437853
10556,0.2632413288551421
10557,-1.5267930829358574
10558,-0.09112280382974772
10559,0.2515818046386865
10560,-0.9914448572618836
10561,0.9445737106176985
10562,0.39445276263289397
10563,-0.9324743452311467
10564,-0.21762596952183413
10565,-0.6489202251767782
10566,0.2513414642145601
10567,-0.767119256063733
10568,-0.23118083509509196
10569,-0.7922088417834657
10570,0.29511722666526596
10571,0.05205054921102305
10572,0.08675169951707949
10573,0.6093538272866008
10574,-1.0762539505443476
10575,-0.1782237724122039
10576,-0.47463806784473284
10577,0.3875095339757457
10578,-0.3159433715607855
10579,0.6008553099176612
10580,-0.8744812799434585
10581,-0.055277537731346825
10582,-0.20156547153395576
10583,-0.9591571490747591
10584,-0.13728652611969583
10585,0.14521235498668839
10586,-0.17157749399479144
10587,-0.7096489926744769
10588,-0.2236764302494471
10589,-0.06921381755630542
10590,0.28576593805128864
10591,0.3306194607756663
10592,-0.33766856905485404
10593,-0.21924833765103424
10594,1.0556411006287616
10595,-0.18369422574289376
10596,0.0917873085968547
10597,-1.406228043255525
10598,-0.6263285570378887
10599,0.12563003734452655
10600,-1.0521515278419902
10601,0.10815134568823596
10602,-0.6878875169142409
10603,0.0963797056034726
10604,-0.18556692803549665
10605,0.41863649492507776
10606,0.18927303865936962
10607,0.030238863954748216
10608,-0.03470816310994156
10609,-0.0637474636386485
10610,-0.7739514593507208
10611,0.0766672363699118
10612,1.0581449860910432
10613,-0.05807430999196201
10614,-0.05367566489632929
10615,-0.23326348101602276
10616,-0.006105336773949376
10617,-0.8724586455540883
10618,0.1335004416316811
10619,-0.0707766587266285
10620,0.1173003740401103
10621,0.3115846644212326
10622,0.10630604906507714
10623,0.20683423430086628
10624,0.34410926995201224
10625,0.16361640983178008
10626,-0.660048538040445
10627,1.2664164179477413
10628,-0.13821069948096787
10629,0.04624928244704948
10630,0.4410678489290556
10631,0.4762597160664
10632,-0.7976749897973091
10633,1.2976599821929249
10634,0.17128570588956474
10635,-0.054734851155721374
10636,0.29947456955183094
10637,0.21525115485062377
10638,-0.9134209625803552
10639,1.005521322312752
10640,0.17383977565972253
10641,-0.7722340869811594
10642,1.9608517764035747
10643,0.4533844489851499
10644,0.3433970376651698
10645,0.8321578011736875
10646,0.10969273619919456
10647,0.05090983558039671
10648,0.5561389434350507
10649,0.4777176233711492
10650,-0.0039716918040847435
10651,0.37245393157725637
10652,0.23612615959180508
10653,0.17147519747714468
10654,0.47087689616223066
10655,0.16959987855240144
10656,-0.7492602351583972
10657,0.9831659960302865
10658,0.34497776049613527
10659,0.17124508714820152
10660,0.13403618004956896
10661,-0.006576461896176069
10662,0.061098327482551555
10663,0.5683414932934197
10664,0.5644293131480699
10665,-0.8261084043875764
10666,1.7438215971825546
10667,-0.0883414739906062
10668,-0.37779999085338467
10669,0.035140140625004215
10670,0.3072171884310031
10671,-0.04553378062620094
10672,0.06738943943776485
10673,0.5804690896179558
10674,-0.9471085821372649
10675,-0.6113043514239237
10676,-0.29708959268871515
10677,-0.8644208938185789
10678,0.02022837066777907
10679,-1.7149062374503552
10680,0.09954243672221111
10681,-0.11756513994182638
10682,0.17987426958782587
10683,0.40994079981509196
10684,0.2048809606184434
10685,0.48739229538315065
10686,2.025034315478008
10687,-1.050187801266438
10688,-0.17741979841120287
10689,-0.6627829965851664
10690,0.269076054622638
10691,-0.45581416729189267
10692,2.191161424717923
10693,0.639324092983182
10694,0.6224471460375884
10695,-0.20290622537023656
10696,0.5356098322973185
10697,-0.3899853057948103
10698,1.9190988052945857
10699,0.5765959251445745
10700,0.7112648127501596
10701,-0.4411071556241019
10702,2.176251376686144
10703,0.5826773183042202
10704,-0.8161402226590665
10705,2.136674939099755
10706,0.07771417930326291
10707,-0.8069476817576076
10708,-0.23727746925657864
10709,-0.2335297271206338
10710,0.4365214699812235
10711,-0.533618941821391
10712,1.903283798228601
10713,0.43023406612365955
10714,0.606000123927489
10715,-0.5382212183428934
10716,1.8422866826967428
10717,0.49369638961984214
10718,0.3997906295702512
10719,-0.45193637033554507
10720,2.197294901151249
10721,0.42303280543504246
10722,-0.18251214019605652
10723,0.4279524267417773
10724,-0.1918521985170597
10725,-0.11381844979681267
10726,0.34923009180387377
10727,-0.13385095754725143
10728,0.26542677209717835
10729,-0.9720505742587835
10730,-1.117245989334722
10731,-0.0010109013827315349
10732,2.223615940679553
10733,-1.1931238861708102
10734,-0.38754645780719094
10735,0.22201150823898141
10736,0.2858172828388974
10737,-0.15119775027896226
10738,0.15222919795998818
10739,-0.030096091931834556
10740,0.8710766507331964
10741,0.023436947483657405
10742,0.5763268156511642
10743,0.022366655712530124
10744,0.6596366208856757
10745,0.44082550324416225
10746,-0.46147806958126597
10747,0.7643881948663923
10748,0.3889621874681142
10749,0.21807475748123814
10750,0.696219962688006
10751,-0.8605449308816869
10752,0.372035575716443
10753,0.31069921668606715
10754,-0.5256376122854372
10755,0.433883980913402
10756,-0.6424835447181082
10757,0.36307144928621865
10758,-0.4686455924298587
10759,0.36680660162581463
10760,0.2933031715950067
10761,0.7353676608284877
10762,0.6425115821891358
10763,0.7112239670458603
10764,0.560086292677214
10765,-0.39699603378260206
10766,-1.3685340305799438
10767,0.4246123967948699
10768,-1.102781626270365
10769,0.4750774640645423
10770,0.22623604020569937
10771,0.5950967008577681
10772,0.9050875285079961
10773,0.9569927594191174
10774,0.4634773025911214
10775,-0.2568656596123181
10776,-0.08816925106560507
10777,-0.7417191919666025
10778,0.37755644500528324
10779,0.5720790592959628
10780,0.7955620621072064
10781,0.8913124543990609
10782,0.5084631631099831
10783,1.0279525221055208
10784,1.1119427235622776
10785,-0.1837726235513843
10786,0.24573864000627393
10787,-0.9608496326458931
10788,-1.4399530776491618
10789,-0.07268952067085456
10790,0.025370759463438898
10791,2.0905095587409477
10792,-0.8288611463660907
10793,0.02020214943914675
10794,0.09505728757076182
10795,2.0348449052027404
10796,-1.157173318157473
10797,-0.05712167639865454
10798,-0.1150473773471411
10799,0.23450703406820456
10800,0.018895211018081937
10801,0.05978711572204335
10802,-0.17406935293010142
10803,0.15644883645859753
10804,0.2003560745165926
10805,-0.11508940574825509
10806,-0.10946379153940416
10807,0.30696548250746963
10808,0.01645061874348642
10809,-0.3881122901120554
10810,0.555656623016376
10811,-2.49537035706239
10812,-0.012545282063935417
10813,-0.6354534806267195
10814,2.1184011239747846
10815,-0.2783378388968536
10816,-0.22194549579080675
10817,-0.49642525976634133
10818,1.9775238319571795
10819,-0.9559150832520432
10820,-0.01587479351740091
10821,-0.9112245208625787
10822,1.9457715348317857
10823,-0.05190005885095383
10824,-0.10630984400069583
10825,-2.436070699858945
10826,0.37656427927962105
10827,-0.16280694584683614
10828,-0.12900461264818358
10829,0.36212123767890375
10830,0.10192969290681478
10831,-0.24058634358413145
10832,-0.07363602615245388
10833,-0.7319271079536418
10834,0.44618436741190276
10835,-0.11468699427663727
10836,0.12152702111582694
10837,-0.5105653482359179
10838,0.3319085678340956
10839,-0.0017170218435985202
10840,-0.122452128557431
10841,-0.08385342990427913
10842,-0.08731947302653227
10843,-0.16746955235193464
10844,-0.18984966668721964
10845,-0.21103720876335405
10846,-0.07570667972641207
10847,0.0770121420861725
10848,-0.06609207171274578
10849,-0.09289605240544531
10850,0.052221615504722
10851,0.2506657147857164
10852,0.5857670387847124
10853,-0.009804934147664831
10854,-0.225547436365247
10855,0.44694363295811607
10856,0.20061601927018768
10857,-0.19963058447915788
10858,-0.06520123085877311
10859,0.2917844755837306
10860,-0.31145574176430085
10861,-0.34602017318313016
10862,0.44417766334596914
10863,0.08159117479748536
10864,0.8420661205378344
10865,1.1623387768905362
10866,-0.3635575251422829
10867,-0.7661032779698455
10868,0.4221379740471918
10869,-0.07252033820266081
10870,-0.3808925899561025
10871,-0.16473865794213682
10872,0.5210657463168761
10873,0.5608408648184409
10874,-0.07327282189885924
10875,0.4118531554478101
10876,0.2253467615120886
10877,-0.07731891381672884
10878,0.4539770942032468
10879,0.542571474099565
10880,0.07421974965897979
10881,0.9584781611713462
10882,-0.33641172227859123
10883,0.014743929209566351
10884,0.40250172100668596
10885,0.827791209619023
10886,-0.3148537305713389
10887,-0.3321527074498233
10888,0.42842319619771285
10889,0.39557815565757243
10890,-0.7985297823178129
10891,0.4192350393483403
10892,-0.06701953512853803
10893,-0.3634465537999074
10894,-0.29739071126473826
10895,-0.9369912109182352
10896,-0.5627153943310647
10897,-0.951574225643221
10898,0.5853396167425465
10899,-0.33315556102154015
10900,-0.7174705923108935
10901,0.4476080550289848
10902,-0.21030867193951122
10903,-0.45789585221522083
10904,0.5275844888417177
10905,-0.24748264127716427
10906,-0.24737730061488847
10907,0.028117020950705524
10908,-0.813318735612676
10909,0.6035272843989458
10910,0.17325476094690964
10911,0.3834881865413026
10912,0.4101435481793749
10913,-1.0810237184961413
10914,0.10149158800363345
10915,0.7477804360565418
10916,-0.38278563538677296
10917,0.16965282244948895
10918,0.1875856382916295
10919,-0.21213707716716185
10920,0.10034451210366516
10921,-0.6246269391616461
10922,-1.6607212085485248
10923,0.008196290392697684
10924,-0.09908299197486829
10925,-1.3981315052364924
10926,0.11186815603153018
10927,-0.6954837675626294
10928,-1.2253645961665829
10929,0.5509648126741543
10930,-1.2187878599249238
10931,0.010508041107181485
10932,0.3369976217755804
10933,0.3674515334672588
10934,-0.147419064327506
10935,-0.1199212968613394
10936,0.28049178987560375
10937,-0.2449344209329107
10938,-1.221082782952855
10939,0.1215343863961976
10940,-0.8528480707552771
10941,-0.17774029414269288
10942,0.14820057211601895
10943,0.7707573006313391
10944,-0.22470681612042814
10945,-0.16151242183025752
10946,-0.2728536138753582
10947,0.5957992395436646
10948,-0.25617018846593337
10949,0.9701439704479156
10950,-1.127171172721932
10951,0.4075324277473722
10952,-0.20785757594462656
10953,-0.3874878312571083
10954,-0.16614273996992146
10955,-0.8327346475915278
10956,-0.2931397631232231
10957,-0.0394162739365
10958,-0.8180643712451946
10959,0.06425144343083473
10960,0.1070570017176265
10961,-0.7751685391298613
10962,-0.20001053431868548
10963,-0.21072000968566298
10964,-0.7888200787181536
10965,0.524580182719076
10966,0.15873024514390838
10967,-0.8468957287923963
10968,-0.07140519119545077
10969,0.36920158693160005
10970,-0.7353871686030257
10971,0.011674532349776553
10972,0.1847423372179834
10973,0.38031082123838905
10974,-0.2097485915023457
10975,0.002593846403719914
10976,0.0532561347709432
10977,0.7013396206648584
10978,-0.09752928599978729
10979,-0.058683511052842585
10980,0.015068424159061306
10981,-0.05158961109689541
10982,0.07304246503034195
10983,0.09607502337206873
10984,0.534201684229164
10985,-0.32301037100993796
10986,-0.5785349031575239
10987,-0.2560770050804586
10988,-0.0067702094930003065
10989,-0.3347293071326357
10990,-0.48991534577212353
10991,-0.03801644387516417
10992,-0.053352907006968486
10993,-0.12331679030439098
10994,0.30598041559402744
10995,-0.1429354400165762
10996,-0.31579494882272197
10997,-1.2949769874728776
10998,-0.16262491063231324
10999,-0.10847304940082556
11000,-0.32610709043746905
11001,-0.5014813170451421
11002,-0.24264249134274263
11003,-0.03264542501459012
11004,0.3954474182029414
11005,0.30942730823644277
11006,0.2898779045498973
11007,0.08855782104457244
11008,0.2758288262866016
11009,-0.27858149589120823
11010,-0.5333951358691478
11011,-0.3974835288864234
11012,-0.12961276224807483
11013,0.20128075422634042
11014,0.3021968886773921
11015,0.16526267885067672
11016,0.015648485807400803
11017,0.1288136244057333
11018,-0.6231474987254345
11019,0.1964200080728106
11020,-1.8825906737033657
11021,-0.1567005319657056
11022,-0.539179060010832
11023,-0.22259123373964676
11024,0.06762542672793707
11025,0.1418743165698691
11026,0.06310193324181959
11027,-0.3056977253074965
11028,-0.7638876180499258
11029,-0.13591501552720378
11030,0.05006035041976334
11031,-0.3445515825942952
11032,-0.14598906195207706
11033,-0.05665608068866969
11034,-0.29882769513271684
11035,-0.03263685499776222
11036,-0.05499063147231931
11037,0.3109867127906887
11038,-0.0801997027179179
11039,-2.2151219237669073
11040,0.004194342026433358
11041,-0.6660880865244463
11042,0.10567620482502106
11043,0.23221674164540157
11044,0.19029906205584055
11045,0.0850753836095584
11046,0.5671762380563127
11047,-0.03801793830041613
11048,0.3971622115649543
11049,-0.2895488135517693
11050,-0.6902314910510639
11051,-0.2820537632774528
11052,0.13154615581329968
11053,-1.0549259782853766
11054,0.11700556083828162
11055,-0.7794120520385437
11056,0.29572916312961584
11057,0.17078488452728
11058,0.16844110841675355
11059,-0.6774523339431279
11060,0.17233532601101056
11061,-1.0211374089020264
11062,-0.7619576817434786
11063,-0.14735240719264947
11064,0.38252903196242793
11065,0.6000333915081055
11066,0.5284536227005012
11067,-0.3559357758818712
11068,-0.3800305772731206
11069,0.05457527978388842
11070,0.3751194316054537
11071,0.42120460821018657
11072,0.010369603455954302
11073,-0.1263764326702322
11074,-0.5860339960587826
11075,-0.08286514383100045
11076,0.24676775548056307
11077,-0.20411000132374152
11078,-0.3456281535193924
11079,0.3087723139568825
11080,-0.006432667311752478
11081,0.0539008254568014
11082,0.0009265086479311801
11083,-1.0220817553113015
11084,0.4116515824784896
11085,0.7947138781440244
11086,-1.101081827964812
11087,0.4289868079090657
11088,0.5438551562452176
11089,-0.985868677714041
11090,0.1371144170018284
11091,0.3235459475823861
11092,-0.9509106367673007
11093,-0.34830135055458983
11094,-0.6730876037912298
11095,0.3392728420857239
11096,0.15152270177496258
11097,0.1006965149863557
11098,0.6561532778226205
11099,-0.026386909457492145
11100,0.828215003248638
11101,-0.9183160261436752
11102,0.06948577702320309
11103,-0.13123718675116888
11104,-0.9012389667846894
11105,-0.032977306749933426
11106,-0.9138400298333639
11107,0.35267530635280503
11108,0.11036740796142737
11109,0.12844305899534184
11110,0.3365374248595479
11111,-0.8055780460118086
11112,-0.30246005035860285
11113,-1.5648297175891042
11114,0.09287196155236276
11115,-1.196376418075988
11116,-0.32257343225224494
11117,0.18685297821483127
11118,-1.268832869021981
11119,0.2789730132573963
11120,0.1584625383122336
11121,-1.1088833645478893
11122,0.394091664652981
11123,-0.8591564485978732
11124,-0.32593709730415327
11125,-1.4942934751058403
11126,0.06309771322245282
11127,-0.7882757239159692
11128,0.1598070685925653
11129,-0.7626162147167037
11130,-0.29365106016949516
11131,-0.9031325618385468
11132,-0.024862219412301035
11133,-0.6040167594616598
11134,-0.5012274578996397
11135,-0.5054435423536477
11136,-0.45307641188926534
11137,-0.539752165908817
11138,0.37014030297775985
11139,0.34438608508727897
11140,0.08225463531395029
11141,1.055571333408141
11142,-0.77467839518603
11143,-0.07450152155525402
11144,-0.5207838063173479
11145,0.3745263165582342
11146,-0.32402480122168076
11147,-0.0627414517262088
11148,-0.689264524319174
11149,0.26647220040133923
11150,-0.7544406869393603
11151,0.011656771601350237
11152,-0.7797746015342535
11153,0.34147689713407525
11154,-0.1312280389084188
11155,-0.10982900160224272
11156,0.17515180450276205
11157,0.19096423388572434
11158,0.05875193148148576
11159,-1.8473412133645455
11160,-0.11709412963923815
11161,-0.3118087458485059
11162,0.1598502013675588
11163,-0.09162544167041585
11164,-0.047445256053756886
11165,0.4155192054516744
11166,-0.33900297630268683
11167,-0.18499400295333868
11168,0.0877477520380729
11169,0.36305807610027946
11170,0.06394968641923622
11171,-0.1321328280003087
11172,0.14910889842594066
11173,-0.7020453376896075
11174,0.017988620287279267
11175,-2.0196966693523657
11176,-0.015378941356823215
11177,-0.08557613872700597
11178,-0.31095275771024466
11179,-0.11977321403627517
11180,0.15667416031660455
11181,0.21287359259769725
11182,0.35206869389378
11183,-1.6931302297821167
11184,-0.01556233733796403
11185,-0.7188850113939358
11186,0.17470650186730768
11187,-0.14907702635556785
11188,0.13208952155071088
11189,0.1966048519510141
11190,0.14847264754140715
11191,-0.3612367955305481
11192,0.11739881702844703
11193,0.047728104530718046
11194,0.2287492830309064
11195,0.16653292839801725
11196,0.16563144487052522
11197,0.10162240138806677
11198,-0.2962854485281375
11199,0.13088914141248756
11200,0.22234175148868562
11201,-0.12974846226285075
11202,-1.0360730004850793
11203,0.5521917337849284
11204,-0.057218796602610526
11205,-0.29980496491188086
11206,0.5233736539151695
11207,-0.1888590001902783
11208,0.154285992453221
11209,0.0744390598802663
11210,0.08932917701270009
11211,-0.11135521563548978
11212,0.11959704098015961
11213,0.21429217826394217
11214,-0.3399195685339979
11215,-0.09209787274811007
11216,0.1260396580216668
11217,0.11940427938985804
11218,-0.07601857431223485
11219,-1.5918480500930536
11220,-0.23554332148278975
11221,0.049328132190879226
11222,-0.3288946946592342
11223,-0.1613795615478049
11224,0.09200677695758172
11225,0.16707289074584272
11226,0.15218108118367352
11227,-0.16221341798428246
11228,0.13052077932775638
11229,-0.6954749785448087
11230,0.16288078790615917
11231,0.17991189944871122
11232,-0.6967036738322612
11233,1.1018404589127055
11234,0.21248321607123616
11235,-0.7155541360485043
11236,1.1370984390924
11237,0.16943572576476437
11238,-0.8346409685806385
11239,0.7382849498618368
11240,0.6659954778809796
11241,0.3831410350691676
11242,0.37978768564833554
11243,0.16860239243143105
11244,-0.828673006887579
11245,0.5663277343067814
11246,0.16578652617988246
11247,-0.8992037018595938
11248,1.4711694987412889
11249,0.1683023881459465
11250,-1.0175039000841217
11251,1.604389407948309
11252,0.4670407007618588
11253,0.12227348390895176
11254,0.5879117497513249
11255,-0.6941644705670404
11256,0.7730051000404784
11257,0.16694290874718887
11258,-0.35047698058561144
11259,0.6394900964002327
11260,0.2328952494179738
11261,0.19865108491702183
11262,0.8909458639161156
11263,-0.7068784653064244
11264,0.8699570089784678
11265,0.15780948446371484
11266,-0.8029520644327195
11267,0.8870273629592542
11268,0.3446882685155635
11269,-0.5647562037611012
11270,0.9072435896347263
11271,-0.746457443273835
11272,0.24759193472115992
11273,0.33300203578924686
11274,0.16529952622418892
11275,-0.6370676101608633
11276,0.6433175756450142
11277,0.08559060583533226
11278,0.16839681700067582
11279,-0.8542261994919113
11280,0.918559480309823
11281,0.4901422210288777
11282,-0.5796943715855025
11283,0.5552121381021633
11284,0.19558364160126035
11285,0.12479593513875914
11286,-0.7414282699965188
11287,0.6072005253786966
11288,0.16556424572931164
11289,-0.7368477971964177
11290,0.8513107391336309
11291,0.1755888018209114
11292,-0.6848462404616322
11293,0.6554351643511585
11294,0.15021321283182318
11295,0.17200526625763696
11296,0.7001303673046254
11297,-0.0010816914569625328
11298,0.569604176468692
11299,-0.2556476635155842
11300,0.6563503502282725
11301,-0.09237794142933249
11302,0.46059086543453737
11303,0.34578696226933714
11304,0.5336167090257113
11305,0.3449614356071702
11306,0.41516246569058246
11307,0.4445834560931237
11308,0.6545241794914012
11309,0.5717888449796871
11310,0.41341886445290116
11311,0.5353404514876238
11312,0.04044559769858133
11313,0.7534681780047746
11314,0.1962857225528005
11315,0.6360278014588483
11316,0.0034308470812240703
11317,0.7683273652191214
11318,0.6370446015610789
11319,0.2665497597460725
11320,0.21099609392298105
11321,0.38768524305940616
11322,0.5170374188763789
11323,-0.39180460954510893
11324,-0.1913195257198341
11325,-0.8102432601399085
11326,-0.14968504035573113
11327,-0.12145654170727932
11328,0.2584291769804873
11329,-0.6969141589342437
11330,2.2079264302920665
11331,0.43916472903779985
11332,0.2822412250670548
11333,-0.496691103389904
11334,0.03837956111774875
11335,0.17209523569535773
11336,-0.16873988246878388
11337,-0.17963626565214297
11338,0.23777737245585434
11339,-0.5139335323407827
11340,2.2390823578609065
11341,0.5425205109730625
11342,0.6197556195202664
11343,-0.24818789897766289
11344,2.260597192142911
11345,0.3974998099059985
11346,-0.22649632119824836
11347,-0.11311361277852068
11348,-0.3312864810813671
11349,0.9593971534044518
11350,-0.6998489556394182
11351,2.2641822831809795
11352,0.44486530974777144
11353,-1.2582583515494505
11354,-0.10935917680719662
11355,-0.6865659905390107
11356,-0.758954279159454
11357,2.173048095382585
11358,-1.2256487658107964
11359,0.4256907341042152
11360,-0.4609182457186744
11361,2.2487139660615805
11362,0.376871134904106
11363,-0.8351861159344129
11364,-0.08070354878887613
11365,-0.19816648762081449
11366,0.010732553020926126
11367,-0.1994936840044813
11368,-0.24531390709828352
11369,0.457509228956656
11370,-0.6946030593639814
11371,1.9301236987103905
11372,0.5956649452394455
11373,-0.4378305160597211
11374,-0.11300211076481236
11375,-0.7513037480666831
11376,-0.09205948109266177
11377,1.9350685702094603
11378,-1.254370749987523
11379,0.2681656631094257
11380,-0.5289203650755013
11381,-0.2540183964822133
11382,0.5967760716623773
11383,-0.1749687457604983
11384,-0.31493083624601237
11385,0.4161944099654006
11386,-0.4616603563938167
11387,2.2963834664502247
11388,0.48601344250248785
11389,0.48580061131137564
11390,0.6161132088334415
11391,0.15562358840991491
11392,0.5026015921828565
11393,0.10778133830144725
11394,0.10162430778892448
11395,0.4869307673055005
11396,-0.24526946294225566
11397,0.1905788255507941
11398,-0.6515170102925758
11399,0.3093453466043712
11400,0.5545681741459461
11401,0.5544010924925206
11402,0.33142583438077533
11403,0.6411636342290525
11404,-0.6857054943542626
11405,0.36528650276022373
11406,0.6102203795767007
11407,0.2975195648039299
11408,0.23012841308548773
11409,0.9571863669079872
11410,0.42632043028198313
11411,0.27124228367610725
11412,0.07351685701813061
11413,0.6502920488170966
11414,0.5662941779408092
11415,0.1592868446838844
11416,-0.2961980484314963
11417,-0.04023588333314001
11418,0.7637506115808106
11419,0.2649959514643956
11420,-0.27091237715268557
11421,0.2929172770616463
11422,0.6303264181518345
11423,0.30594489919419704
11424,-0.42789039759044445
11425,0.5974796367153338
11426,0.2714371214994099
11427,0.4962601746682178
11428,-0.3825484855751036
11429,0.35011133996453964
11430,-0.5523984928932233
11431,0.37740037976205343
11432,0.40377826959709573
11433,-0.6331735778881026
11434,0.5664050810717852
11435,-0.8216775760227206
11436,0.5705217664112817
11437,0.7450754371648347
11438,1.0590949647337515
11439,0.7083761166975129
11440,0.610153766805529
11441,0.2974037535719962
11442,-0.4045522844683902
11443,0.43402488647482784
11444,-0.5016870765984242
11445,0.5080577197055498
11446,0.9588499656717793
11447,0.30678345263485085
11448,0.37125903749197026
11449,-0.5237737846487445
11450,0.6981052486439607
11451,1.101077005695827
11452,0.3978482952937937
11453,-0.3259559163963954
11454,0.9169080186901497
11455,0.7965512794386936
11456,0.6232659980336132
11457,-0.38355865358543906
11458,1.0069790300554702
11459,0.3199952096142143
11460,-0.15285102360739392
11461,0.24231997887026113
11462,0.718539224477791
11463,0.27304873000755364
11464,-0.32047646813490827
11465,0.880389970135579
11466,0.04017868245412978
11467,0.6069107683978999
11468,0.09499600146933321
11469,-0.5260808358616355
11470,2.054720420493089
11471,-0.8823697522883059
11472,-0.13860314849147926
11473,-0.043675914259558704
11474,0.15148422165433367
11475,0.23917752163219586
11476,-0.21875784553299418
11477,-0.4360467427040957
11478,1.9492072059263494
11479,-0.8975403369180899
11480,-0.05739362766894363
11481,-0.07517757436637146
11482,0.04570631842140839
11483,0.22572865176878082
11484,-0.017834210166111027
11485,-0.12233574357917634
11486,0.029399619342044228
11487,0.23846151873735952
11488,0.04503602031120149
11489,-0.20635190480366208
11490,-1.5481839404222473
11491,1.4016579289871978
11492,-0.5647823015690143
11493,0.24599794405913844
11494,1.0808474419120933
11495,-0.4343032673732317
11496,0.39148830402895785
11497,0.28665672009089666
11498,0.02330411724659653
11499,-0.37109400688477145
11500,0.2944471162425668
11501,0.07689758772133266
11502,1.2230827523790335
11503,0.00777699263369665
11504,-0.03829311570619197
11505,0.2613257068367305
11506,0.18098949139767712
11507,0.09458624179255665
11508,-0.07152738443438561
11509,0.25408998003637356
11510,0.20399186073629538
11511,-0.22719688431929935
11512,-0.1666753791866937
11513,0.14300424024915595
11514,0.1743627969054237
11515,0.016245942497305998
11516,-1.0776593389792004
11517,2.0800739330411737
11518,-0.9251758198554635
11519,0.037922318885678416
11520,-0.14499850836072947
11521,0.14223039186620476
11522,0.1397821352256035
11523,-1.04099663069063
11524,0.5277745115718026
11525,-0.33772544560618406
11526,0.5418838424081335
11527,-0.058874567721507724
11528,-0.5033643697363627
11529,1.940276445147618
11530,0.3502241398028289
11531,-0.1736982822187519
11532,0.14571535172747044
11533,0.05369614506610154
11534,1.1409436151090884
11535,0.31317298012090383
11536,-0.3039285804246382
11537,0.22836193771381005
11538,0.14322042072457708
11539,-0.16429582490982908
11540,-0.48462534884069075
11541,2.0044425587801795
11542,-1.1914418740949384
11543,-0.28878019187360493
11544,0.5470249733195368
11545,0.5646460860234437
11546,-0.5199743924307534
11547,-0.7667162094716603
11548,0.5887050791007886
11549,-0.2701995947079184
11550,-0.7375931970083459
11551,0.411648032569795
11552,-0.10065064919715974
11553,0.6771301994228215
11554,0.5016506783924997
11555,-0.1947175865958129
11556,-0.7749285312151161
11557,0.6584239280342562
11558,-0.15527935372686894
11559,0.38388318940141364
11560,1.007914209610025
11561,0.1120228782413143
11562,0.4832482059655698
11563,0.3009548901126277
11564,0.7120030886417862
11565,0.5263015945988614
11566,0.5432683063419689
11567,0.1859726484095515
11568,0.5840346567892305
11569,0.2298395401944439
11570,-0.24297781925407325
11571,-0.23299987794515445
11572,-0.06350274020697547
11573,-0.12225612807844737
11574,0.2263683579024578
11575,-0.03456661290751072
11576,-0.8534493324774267
11577,0.3372277812623788
11578,0.060321078622535836
11579,-0.851557493516948
11580,0.2537084557146461
11581,-0.061001776272165985
11582,-0.8390139286005268
11583,0.2961524924549856
11584,-0.33589937693038946
11585,-0.8781298835754368
11586,0.4451545104256113
11587,-0.18185216748446345
11588,-0.16225422277709706
11589,-0.16669414995906356
11590,0.17983725356985863
11591,0.14994500459419058
11592,-0.14355456233918373
11593,-0.4881478642860595
11594,0.22541968704380208
11595,-0.03461148714849588
11596,-0.06182899533554646
11597,0.0009512517084981927
11598,-0.8168345482528411
11599,0.5892557285001088
11600,0.2136688271405815
11601,-0.09622938573877865
11602,-0.24054023237696937
11603,-0.18286109841270215
11604,-0.3938963937389851
11605,0.2669576702436429
11606,0.6308715762925815
11607,0.1306451596243556
11608,0.3987788736730025
11609,-0.17545142791541612
11610,-0.48642847692247676
11611,-0.3401179341757776
11612,-0.1773673526426458
11613,-0.2315137093200138
11614,-0.3727419510148939
11615,-0.0612415484405008
11616,0.3870424662007695
11617,0.10190378180594221
11618,0.55557266017494
11619,0.3569270085232227
11620,-0.4738748360768234
11621,-0.45240930987113476
11622,0.2591205019292127
11623,-0.08170231856174752
11624,0.2911248001062672
11625,-0.02359939500001684
11626,-0.17267393928452615
11627,0.7321847595404911
11628,0.09915602883014257
11629,0.6738188386887652
11630,0.353275731754073
11631,0.3429208511282111
11632,-0.8345338134627563
11633,0.4765798525179985
11634,0.1336291385467561
11635,-0.8747908798949198
11636,0.27317906169758194
11637,-0.44073648983182284
11638,0.17617349925881465
11639,-0.5204465807172243
11640,0.28255339526116013
11641,0.055466548459454146
11642,-0.2989102493259963
11643,-0.13368178859182997
11644,-0.6195462584388597
11645,0.048945968276846656
11646,-0.2511788236369245
11647,-0.02664532275538882
11648,-0.9722928432305249
11649,-0.5415238050880395
11650,0.46489732138751344
11651,-0.5247070469198968
11652,-0.025906361390344267
11653,-0.40719825396284287
11654,0.38478982735816886
11655,0.23029809519228683
11656,0.21306356207896024
11657,-0.0943279513950261
11658,-0.15464610473370338
11659,-0.9833657934458431
11660,0.005390105496032343
11661,-0.13327778012783828
11662,-0.07446291066052994
11663,-0.029006390454522954
11664,0.03885911084613092
11665,-0.050854422660204485
11666,0.09380246130208333
11667,0.18086862828559153
11668,-0.45821486234718295
11669,-0.01998976935257224
11670,-0.6237009107288856
11671,-0.33374465218180904
11672,0.5326368972508339
11673,-1.0283029459681778
11674,-0.461891669472512
11675,0.5142908619883089
11676,0.5408136103306622
11677,-0.4557253220202726
11678,-0.9011667663201959
11679,0.21096309762253315
11680,0.0680391557470431
11681,-0.4971383044229043
11682,0.645729967421168
11683,-0.26295756096977135
11684,0.5865455039398308
11685,-0.03199297552255349
11686,-1.0625354027513487
11687,0.27331209074068746
11688,0.07889919696734503
11689,-0.8463212832952957
11690,0.40109596979035483
11691,-0.40734843655611547
11692,-0.3554417714463041
11693,-0.289272355803686
11694,0.31865851200905043
11695,-0.034153284652821816
11696,-0.15516792049766676
11697,-0.2731715301643848
11698,-1.1249706816871554
11699,0.0775933098539598
11700,-0.24812546427143561
11701,-0.19107643809413394
11702,-0.05545885996035891
11703,-0.38605629992510854
11704,-0.05364297447788357
11705,0.17468234421082393
11706,0.9381019669856191
11707,0.7334205422464979
11708,0.4239497816275387
11709,0.30159321738757605
11710,-0.07379699381654889
11711,0.683154365777374
11712,0.36484254900093044
11713,-0.05008603179979868
11714,0.02117111733618006
11715,-0.08243236189251557
11716,1.3282410568243794
11717,-0.05595394299309318
11718,0.2314498657252515
11719,-0.2577836354283137
11720,-0.5213115885458953
11721,0.4527497333727948
11722,0.22497138104193812
11723,0.11543065850528789
11724,1.1803536633127847
11725,-0.8718132276906929
11726,0.18528732834808356
11727,0.035298097391563
11728,0.32455199739229246
11729,-0.28435368736349004
11730,1.2202549764220763
11731,-1.1909418502181723
11732,1.1370031172964958
11733,-0.7587530751957515
11734,0.3357124049475014
11735,0.5856640223206233
11736,0.7175270997667319
11737,0.5206231834210499
11738,0.6505782744741482
11739,-0.011765912245488825
11740,0.8882317232112374
11741,-0.05473623360567713
11742,0.8893980702780192
11743,0.09421159976508917
11744,0.23812192890979486
11745,0.6664668726672434
11746,0.12717273088836278
11747,0.2725563370201315
11748,-0.09479564685873637
11749,0.77703327979602
11750,-0.16200356819024453
11751,0.6081935802626721
11752,0.14194311697374662
11753,-1.33330786278521
11754,-0.7606101794201745
11755,0.14841859274224983
11756,0.06277872836436901
11757,1.1085997016959834
11758,0.20374270746135384
11759,0.22007571525343866
11760,-0.9145392134868706
11761,-0.2512047486464286
11762,0.38108163995895866
11763,0.7981733073554323
11764,0.9697282770828861
11765,-0.8455305420020895
11766,-0.07442450797431219
11767,0.2527042454637442
11768,0.23597611244766317
11769,-0.3736332583519673
11770,2.170223396177772
11771,0.7823508407321625
11772,0.1699653392257271
11773,0.017023699870269297
11774,0.3469373262974497
11775,0.2879125580871839
11776,0.17087424435549192
11777,-0.3852988022881908
11778,0.03732605548764128
11779,-0.520669304011433
11780,-0.07033822613990132
11781,0.6631802102392945
11782,-0.22773602922482442
11783,-0.13777953949764604
11784,0.7289029525982115
11785,-0.3995533589844626
11786,-0.016805472715439043
11787,-0.08003007845957345
11788,-0.28537028723984226
11789,-0.8058124840806716
11790,-0.22319172047675917
11791,0.9585534639752514
11792,1.171129182685517
11793,0.42546022915037357
11794,0.7895743596143824
11795,1.0708667535749938
11796,0.4563487811869877
11797,0.11377648832714901
11798,1.3013388302116002
11799,0.08944747499511665
11800,-0.5152003013007305
11801,0.44284393409225536
11802,0.6002275639384879
11803,0.7389525062788358
11804,0.05884117603523216
11805,0.31468122587208125
11806,0.5508786081941817
11807,-0.13512474533652838
11808,-0.08466469947466934
11809,0.12252835990927582
11810,0.20121321460590413
11811,0.14221673936457344
11812,-0.6650551391297618
11813,0.33238229289681165
11814,0.06901283608744052
11815,0.0659156190364339
11816,-0.6863656570432599
11817,0.9169011368562504
11818,2.0472652651596768
11819,0.48967113377911003
11820,-1.2453466410842524
11821,0.22674673590192126
11822,0.314025784425266
11823,0.20824402308514442
11824,0.518049859508625
11825,0.10736142088101693
11826,-0.3409729843358312
11827,1.9326296119003616
11828,0.3040705030850886
11829,-0.15516474279373066
11830,0.45146321221363545
11831,0.0034986209718949244
11832,-0.010085125999889252
11833,-0.18037739967809097
11834,-1.500515507008328
11835,-0.648428572779773
11836,-0.18854874761527693
11837,-0.8582405270069349
11838,0.12422689621848748
11839,0.6474540578022688
11840,1.2343754437819208
11841,0.6516776700423512
11842,-0.4318046165823747
11843,-0.5245626988844667
11844,0.26267565072697885
11845,-0.0771891869284994
11846,-0.8173310388632282
11847,0.5106916870520352
11848,0.3675092063804571
11849,0.3817082024493153
11850,-0.3018609048606464
11851,-0.5047130576127976
11852,0.3912403002732269
11853,0.5416513856345677
11854,-0.4763565725825916
11855,-0.6873128205217148
11856,0.37669488828074627
11857,0.41888988849501196
11858,-0.9061983929768843
11859,-0.8700544354863275
11860,-0.028527237390710294
11861,-0.21192157337139025
11862,-0.07143448551673719
11863,0.23495422771274077
11864,0.12123006506835816
11865,0.2867161801073878
11866,0.30285090439852524
11867,0.3190548534441862
11868,-0.07818751686447681
11869,-0.0864345029182492
11870,0.42510562400329677
11871,-0.8354389199435266
11872,0.13745235695482408
11873,-0.30122183455370427
11874,0.19674099802460365
11875,-0.15609546362216348
11876,-0.3053327384234178
11877,-0.5876864665872057
11878,0.8571590218402715
11879,0.26793406925283186
11880,0.5288427177185607
11881,-0.4323104174859549
11882,1.210148166782349
11883,-0.11793394888058684
11884,0.34578250515274883
11885,0.32740118647978467
11886,0.5695043644047997
11887,0.14222296951776706
11888,0.24103544864227402
11889,1.1020552132872732
11890,0.14711952235409442
11891,0.4434952311492801
11892,-0.26122542379393027
11893,-1.098493744270223
11894,-0.05149099957680079
11895,0.2653548001143187
11896,0.3329518168376448
11897,0.22702861517886394
11898,0.8939921771047055
11899,0.7871154797956945
11900,1.759232296116134
11901,-0.5400565113536214
11902,1.0387310234549285
11903,1.8887937482856114
11904,-0.5099854878542797
11905,1.4953734500044933
11906,-0.40525999587577666
11907,0.4193066410629028
11908,0.3911640549807777
11909,0.3854309875606024
11910,0.07681342415954069
11911,1.0001238559762502
11912,-0.11178288180650552
11913,0.1949891024378771
11914,0.03640137266807004
11915,-0.09854067148457601
11916,-0.08438625787618305
11917,-0.5360859228738992
11918,-0.8709032374577864
11919,0.001354939359024388
11920,0.17784380004813308
11921,-0.3317576486370801
11922,0.15173995127819964
11923,-0.43138374696027465
11924,0.06277557325647073
11925,-0.012200618850661794
11926,0.03446877318951986
11927,-0.6356049078164572
11928,-0.22081494624460554
11929,0.5827757339752107
11930,0.9149910894679517
11931,-0.03327534238317398
11932,0.1250219518935868
11933,-0.6412810157612765
11934,1.2040488523996957
11935,-0.01093677969290337
11936,0.08005275665549466
11937,-0.6780439580108414
11938,-0.16607055325944498
11939,-0.44755508249336645
11940,0.29960922424221786
11941,0.041071704713929374
11942,0.03436042872620485
11943,-0.37641649090735024
11944,0.31919743301609244
11945,0.6516340139496204
11946,0.0073409326288766666
11947,-0.0206804501908968
11948,-0.13919187044556758
11949,-0.28563446346426546
11950,0.5853238714624641
11951,0.247014605639443
11952,0.02212704522883453
11953,-0.2510565411425929
11954,-0.912533648401261
11955,0.14545416519231116
11956,-0.6388688714131274
11957,0.3567548986061428
11958,-0.8723476915395129
11959,0.10827517875149388
11960,-0.16662479615159037
11961,0.16835320052591896
11962,0.005773594167692463
11963,0.0161228649807112
11964,-0.5791809430194133
11965,0.1611102035639592
11966,0.01704085643574521
11967,-0.18233392071342433
11968,-0.09499863283211546
11969,0.2104179378058672
11970,-1.0422224021867221
11971,0.36661860455723455
11972,-0.11798306443131168
11973,-0.5591000173394671
11974,-0.14801086659266688
11975,0.5844768121153707
11976,0.10204155565303011
11977,-0.28759861156366534
11978,0.27557421888955247
11979,0.0963872631461522
11980,-0.7447345412188849
11981,-0.3813718095056388
11982,0.24736566677461475
11983,-0.7233254004768519
11984,0.24114721976300915
11985,0.7940236404173298
11986,0.21712005739326493
11987,0.16523310740810607
11988,-1.09511365478195
11989,0.22009344034210077
11990,0.2176575649858195
11991,0.2679112858637138
11992,-0.04408400172093677
11993,0.3320620618902929
11994,-0.39995992906741706
11995,0.18825499421619493
11996,0.47652903456785867
11997,-1.4038673261052619
11998,-0.13496685233598252
11999,0.6714520307418378
12000,-0.20083798571825412
12001,-0.39594311762744516
12002,0.1360263244856688
12003,-0.3406751642114309
12004,0.6515545534559101
12005,0.7240007819120695
12006,-0.8093266340147894
12007,0.6540765874859086
12008,-0.12651338245230453
12009,-0.9895692026668099
12010,0.38257836485684055
12011,0.371471295271902
12012,0.8058869192113902
12013,-0.19460738755909168
12014,-0.5726649984345518
12015,0.4500091153241009
12016,-0.234585743934731
12017,0.16783459215096394
12018,-0.06293847315382245
12019,-1.8940213772000758
12020,-0.2114268748616283
12021,0.35024308065492693
12022,0.4219934964118434
12023,-0.5910064682179667
12024,0.9764974136955122
12025,-0.4186582343759595
12026,0.040006950011559204
12027,-1.8082310473879948
12028,-0.19839559263302906
12029,-0.13960721384788471
12030,-0.1647755459532755
12031,-0.028210408842357107
12032,0.17702080800620518
12033,-0.2000269727733469
12034,0.2871817984383849
12035,1.8607271013583326
12036,-0.523517139805261
12037,0.35971245124334966
12038,0.1767441055156124
12039,-0.42607326360480563
12040,0.4533849872625451
12041,0.0784452169487655
12042,-0.1298005671865441
12043,0.609272770242835
12044,0.3820599952060409
12045,-0.24004737628455625
12046,-1.7656575440047686
12047,-0.3692988646527839
12048,0.37155045195112263
12049,0.023720344908076493
12050,0.7875031636477664
12051,0.0826158314104772
12052,1.1068351742051754
12053,1.1771941570312587
12054,0.5039802730112822
12055,-0.1402185235510885
12056,-0.10193362093323773
12057,-0.4657839474983163
12058,0.2346361886918928
12059,0.46499695226344095
12060,-0.13260995471094503
12061,0.31444321642513107
12062,0.42554441648097296
12063,0.04790188812856358
12064,0.10525753493041805
12065,0.39513562647667483
12066,0.3087573319547187
12067,0.45380549124117847
12068,1.3281996496070347
12069,0.3323374042025576
12070,0.6518112093795695
12071,0.184343830675022
12072,0.6511874267722128
12073,-0.22752034849630934
12074,0.009628144922963718
12075,0.10360780972455107
12076,0.06152495347287392
12077,0.9207710293770982
12078,-0.16603632492046294
12079,0.602250215065326
12080,-0.7199443570449414
12081,0.801789706576138
12082,0.053503413921326064
12083,0.3431914890680597
12084,0.017874254686667236
12085,1.3485810494595611
12086,-0.41476197929484554
12087,1.3773866848688618
12088,-0.11318389086553535
12089,0.6340454457655084
12090,-0.45993550450789866
12091,0.06904509209510454
12092,0.315997292246934
12093,1.2594133258670355
12094,-0.572499289148278
12095,-0.13981835939486995
12096,0.07278465205270812
12097,0.050062118023200694
12098,0.21609496406663994
12099,0.3210954088859607
12100,0.05968379528398657
12101,0.08291358151037152
12102,1.0282163764085395
12103,-0.33819779134110267
12104,0.00031619051799338304
12105,-0.3762500608302349
12106,0.3385621704822954
12107,0.9273943187369832
12108,0.1500324643600604
12109,0.3064713519480635
12110,0.7027196583805843
12111,0.11257380157678992
12112,0.24011802559976925
12113,-0.1058819653432604
12114,0.3048378321640684
12115,-0.36998154164998176
12116,0.15425393885134217
12117,0.26991558866872073
12118,0.1055779989981559
12119,1.0259401715870653
12120,-0.05837376790493794
12121,1.6090690332415363
12122,-0.2424846098925779
12123,0.10455618748933893
12124,-0.143903856703086
12125,0.29634229317301386
12126,-0.24755359233865892
12127,2.0263260071990135
12128,-1.0238716423363141
12129,0.5347693126227412
12130,-0.12001955866039062
12131,-0.16454054090723547
12132,0.0004740318370717627
12133,1.2472749482581762
12134,0.6919331701222327
12135,0.5068066660048476
12136,1.0767595334838664
12137,-0.08349910921404856
12138,-1.5191272636112394
12139,1.0245802439460587
12140,-0.05459478960968032
12141,-1.7010940228722813
12142,0.4186799151417773
12143,-0.3979314864834883
12144,0.36763809195209113
12145,-0.449693272062958
12146,0.3004396397482594
12147,-0.15413159183550182
12148,-1.0365543478232824
12149,0.4114047249849039
12150,0.9563878636434892
12151,0.6435226719849158
12152,0.579915589248219
12153,1.1023571221912691
12154,0.5062039741719417
12155,-0.3326657074756439
12156,0.33748462338662233
12157,0.8854614030903248
12158,-1.1424393716933339
12159,0.7073756400655113
12160,-0.31675235022827497
12161,-0.18776635159858546
12162,-0.657820075581579
12163,-0.0019908179699161593
12164,-0.16553535197744645
12165,-0.9106319723890041
12166,0.26473523530401
12167,-0.1468181156800929
12168,-0.20449422484629998
12169,0.3955505440673652
12170,-0.590632699593786
12171,0.35864615658727333
12172,-0.6983724625885502
12173,-0.2502368762188573
12174,0.2662356083421253
12175,0.7334888008847918
12176,-0.060824422262066795
12177,0.015458383563562317
12178,0.419844191082876
12179,0.74737114609243
12180,0.921676873033582
12181,-0.2893879831173343
12182,0.02764055505680856
12183,0.16015799552454973
12184,0.2287393441972455
12185,-0.7277830670385845
12186,0.11782761185721749
12187,-0.4146235721265528
12188,0.10613237537796241
12189,0.6455138949968908
12190,0.13099170606652524
12191,-0.6851867857009144
12192,-0.3846772853009912
12193,-0.11653541874755477
12194,-1.1762619274232013
12195,0.5021417112436096
12196,0.034391391813893224
12197,0.849884627845769
12198,0.015192213869719775
12199,0.5470691919160273
12200,-0.05325964778115759
12201,-0.14486179788834502
12202,-0.280185075702261
12203,-0.7301246899126438
12204,-0.3765134837560927
12205,-1.5671568229410249
12206,0.21764078188665437
12207,0.4593509365283249
12208,1.95733303855006
12209,1.0762167657562005
12210,-0.1766031565218284
12211,0.8997282234655422
12212,-0.5802017454402889
12213,1.6971106740343995
12214,0.9369717591347909
12215,-1.0267004256266477
12216,0.3245062586863877
12217,1.4046014026424685
12218,-0.17938909658799657
12219,-0.44085480346680206
12220,0.4284893397573056
12221,-0.2444852267686434
12222,-0.18750902732211563
12223,1.2569578423033452
12224,0.40213185403006363
12225,-0.19381036702851753
12226,0.9498159784649446
12227,1.8632594702571759
12228,-1.2471503112286808
12229,-0.01072810941693447
12230,0.17713646564360405
12231,0.014201134065550507
12232,1.1134527990805283
12233,-0.7718143350203368
12234,0.31894365724933543
12235,-0.8758669338585016
12236,0.1058568646323554
12237,0.03303554621530455
12238,-0.24350408554506717
12239,-1.1015793122095543
12240,-0.10341219113853899
12241,-0.5534715749869618
12242,0.38010536711982235
12243,0.20940038036935293
12244,0.8185912445212147
12245,-0.25433859382743434
12246,0.8619753756657723
12247,0.049794299258064716
12248,0.7896535565624616
12249,0.053051236002331525
12250,-0.35015091966638284
12251,0.6817206608976561
12252,-0.6959795179130189
12253,0.9191446700845136
12254,0.16466905542575958
12255,-1.0326121348650696
12256,0.18503740832281726
12257,-0.056540883417392024
12258,0.2950221607993672
12259,0.45823924678129385
12260,0.5446226335375912
12261,-0.37520214301689553
12262,-0.3055282230810603
12263,-0.2479528165351204
12264,0.5758065475781756
12265,0.8832479968220357
12266,0.3612695887676532
12267,0.1553382834909368
12268,0.33129877409041264
12269,0.2454380915844059
12270,0.08869056703326583
12271,0.566818693180954
12272,-0.2685207283006275
12273,0.002619051995581013
12274,-0.2941489591295985
12275,-0.5922466372582467
12276,0.04030731821740742
12277,-0.25156966689640137
12278,0.24559363591358144
12279,-0.6923849662690663
12280,-0.3650462494624545
12281,0.22432562026853278
12282,0.5176105761753945
12283,0.836592735280143
12284,0.07313188951842252
12285,0.49065143877400746
12286,-0.1811879503761358
12287,-0.00812863979060419
12288,-0.1318845224544597
12289,-0.49241999296573363
12290,0.2510559356836664
12291,-0.594091930343809
12292,-0.1963533278705297
12293,-0.01471975289682912
12294,0.13502762667597878
12295,-0.28713915949760443
12296,-0.3637671313421615
12297,-0.9850377897898396
12298,-0.1704280742043616
12299,0.24862904751548517
12300,-0.03523192062361319
12301,0.013381121851838334
12302,0.3616741972666002
12303,0.5314358984452792
12304,0.5871801500120356
12305,-0.2975571078584864
12306,-0.6883748790870717
12307,-0.24882847403556813
12308,-0.03459352614830939
12309,-0.2096893517724752
12310,-0.6248535614585546
12311,-0.30308003737502015
12312,-0.057776119796291284
12313,0.21360591213062313
12314,0.32896440955379597
12315,-0.15513371446045565
12316,-0.2124870060818144
12317,-0.9417873897946218
12318,0.02731317735284897
12319,-0.022451052328641908
12320,-0.43435248386305064
12321,0.278859413357174
12322,0.07678330704892755
12323,-0.22971628460028784
12324,-0.5568789968341268
12325,-0.12750284485521787
12326,-0.01962917606933492
12327,-0.31682982007276705
12328,-0.48963071094313304
12329,-0.08412026195166421
12330,-0.012292397292769316
12331,0.19311296869682945
12332,0.10795256906652155
12333,-0.8615081656840294
12334,0.17079160541495023
12335,-0.8075871483038268
12336,0.12952205514259862
12337,-0.6941020109079745
12338,0.17894832218508983
12339,-0.7731396778749628
12340,0.04719249142502823
12341,-0.7664351600010462
12342,-0.8380105877201302
12343,-0.8638565285230222
12344,-0.2880802916706869
12345,-0.8769572865489328
12346,0.16149469622735016
12347,0.049300803682587366
12348,-1.0016915885594757
12349,0.6379514504313353
12350,-1.745867281463241
12351,-0.8893892023489908
12352,0.5081238726927046
12353,0.16447958983815106
12354,0.43836902773890896
12355,-0.950620846457628
12356,-0.45947302722506755
12357,-0.9627074898927578
12358,-0.06049152949814332
12359,0.20054965142502285
12360,0.15060044465190509
12361,-1.471670237573271
12362,0.1777691954998689
12363,0.09097473218952448
12364,-0.19311810011262384
12365,-0.5744340458988567
12366,-0.08146378800385844
12367,0.10683923226956558
12368,0.002264414421141046
12369,-0.6274274980002599
12370,-0.1344558662166165
12371,-0.004174312895387689
12372,0.19248637963485316
12373,-0.44572200480982355
12374,-0.13961752473348432
12375,0.03102508450099444
12376,-0.1796752652461661
12377,-0.6389111619381617
12378,-0.2239038189848721
12379,-0.05555728724490669
12380,-2.162655271316708
12381,0.012615419725476345
12382,-0.6667466992696112
12383,0.4955430419473766
12384,-0.17729115336954593
12385,0.35172331476258356
12386,0.2072290013922707
12387,0.016748533190116707
12388,-0.21468442371944238
12389,0.16304595255980708
12390,0.11710971228000866
12391,0.07209279593803347
12392,-0.17793469981458102
12393,0.1365023047894585
12394,0.18476996194757672
12395,0.03839049891710094
12396,-0.4354521022795519
12397,0.17403263840562588
12398,-0.7720689249480635
12399,0.10785430298704121
12400,0.17167300110044356
12401,-0.6755576095752733
12402,1.2273938458240514
12403,0.02504105682904031
12404,-0.818232741181903
12405,0.8728723536678791
12406,0.14984052525556585
12407,-0.9400860768693385
12408,1.3792430391677177
12409,-0.7904481647104129
12410,0.19267115470164822
12411,0.22581567526959478
12412,0.11509170477548514
12413,-0.9594770857003909
12414,1.2538557995566937
12415,0.08756957479601053
12416,0.1008997714996253
12417,0.4189723237543241
12418,0.14176572219341368
12419,-0.6314423846683009
12420,1.711353710568329
12421,0.4223971008821913
12422,0.16647424718094278
12423,0.4475633866085892
12424,0.16605626984767216
12425,-0.722632699742318
12426,0.7893947592406433
12427,0.06153816650704596
12428,-0.7231393618190003
12429,0.9805516839171213
12430,0.1065791348663696
12431,-0.8517306910704554
12432,0.9681746402039481
12433,0.9613485238226394
12434,0.14388555131105765
12435,-0.7497295213032462
12436,1.6397461036090344
12437,0.3749992526968973
12438,-0.8283017826240212
12439,0.7662125915843471
12440,0.20968067322805423
12441,-0.8060768433238901
12442,0.8727885004551538
12443,-0.9195929822212113
12444,-0.92268589444194
12445,-1.0507780545369012
12446,-1.0903583927735823
12447,-0.4556025613772331
12448,0.5813848655282603
12449,0.10388172918028618
12450,-1.040436702784314
12451,-0.09156671621019237
12452,-0.18862441794267032
12453,-0.055515257019054416
12454,1.5591734403708233
12455,-0.7133256240826288
12456,0.6044574668606425
12457,-0.40614603844235403
12458,2.045459267355347
12459,0.4602572542813694
12460,0.7217415064020036
12461,-0.34512993544145415
12462,1.9817169295481867
12463,0.5980475305169499
12464,0.6642047557804454
12465,-0.3219314570325361
12466,-0.24974407899798595
12467,0.4663975483351412
12468,-0.5834772242244579
12469,1.9372519839417852
12470,0.4389846524301174
12471,0.8600061555843632
12472,-0.3560350285435735
12473,2.2297247003385974
12474,0.4363934503173305
12475,0.42005906727289705
12476,-0.3225288956198732
12477,2.2289302214382505
12478,0.42284690782357964
12479,0.6363794964076894
12480,-0.4144972331145683
12481,2.186754836540989
12482,0.490901880388027
12483,0.27784368739122606
12484,-0.8741251150396296
12485,0.2532684415582396
12486,-0.9615270294484141
12487,0.25143583037385897
12488,-0.16400971675570405
12489,0.258611279101766
12490,0.6568142303446044
12491,0.21816878577993867
12492,0.00900260960638125
12493,2.1155865043051203
12494,-1.2471448809783001
12495,-0.6075459731310308
12496,-0.1803482356903427
12497,-0.18436252044276838
12498,-0.11612399915026868
12499,-0.641290447850249
12500,-0.11242984292003051
12501,-0.240714319033182
12502,-0.023044784534087554
12503,-0.4173714589636332
12504,-0.23031527678026997
12505,-0.10757126289860293
12506,-1.5742545569540376
12507,-0.2353751824970243
12508,-0.17061447947678585
12509,-0.0744659207721883
12510,0.5815425052425854
12511,-0.7134316514490592
12512,0.5380843095082127
12513,0.65004081865556
12514,0.708587778521662
12515,0.5701248946802834
12516,0.6972386808756313
12517,0.624670961105772
12518,0.5770028100566903
12519,0.3785937031060011
12520,-0.2918932720129556
12521,0.507391274253247
12522,-0.10954833365919488
12523,0.5755705587381478
12524,-0.8346138050626134
12525,0.512501504147466
12526,-0.8500537224466711
12527,0.4525316501470026
12528,-0.4745365471413977
12529,0.3627002993828599
12530,0.1006590113431462
12531,-0.16694620459473902
12532,-0.6203061024923447
12533,2.00677634888705
12534,0.04140563650796598
12535,-0.5279727772342856
12536,-2.462405931824184
12537,0.38825211535588416
12538,-0.08701122008809657
12539,0.009610018445519106
12540,0.01989079474726567
12541,-0.02146717579358808
12542,-0.45424948056860004
12543,2.2075819288910394
12544,-0.9550725202039426
12545,-0.15762788305902237
12546,0.08544316207174381
12547,0.02582129590665947
12548,-0.2521688186198401
12549,-0.03037484491913647
12550,0.5514722578671865
12551,0.1344793111431237
12552,0.024745950598477333
12553,1.997839485263046
12554,-0.8233216350566204
12555,-0.2025120978632093
12556,-0.49366582482873794
12557,1.5778024270615165
12558,-0.24894395537601752
12559,-0.49826514531491817
12560,1.945710540979457
12561,-0.9155614482118131
12562,-0.20758682320751215
12563,-0.495827698590343
12564,1.9506128873558526
12565,0.05537244514097625
12566,-0.15436719055853873
12567,-0.6720647822790123
12568,2.009476870240404
12569,-0.8447052350552583
12570,-1.5395328874096155
12571,0.5142065096092945
12572,-2.4328717278424454
12573,0.08227204975203849
12574,0.8178398653955659
12575,-0.10524490583166395
12576,-0.10574909624620603
12577,-0.06924439580175458
12578,-0.08569637219131855
12579,-0.15767947621874243
12580,-0.05018041606271629
12581,-0.02106299664503805
12582,-0.32794660896566374
12583,-0.0939024560102708
12584,0.033871442909751984
12585,0.12618174426365522
12586,-0.12856643994630412
12587,-0.42099820287747625
12588,-0.038776285615921405
12589,-0.45910720292431245
12590,0.6817731370005629
12591,-0.1634587082262459
12592,-0.11595950358058461
12593,-0.4481010270398567
12594,0.3625166701085558
12595,0.2523997738067881
12596,-0.08688019603030876
12597,-0.0330342090262355
12598,-0.0969232980461483
12599,-0.12213379842104516
12600,0.5717821546486107
12601,0.6184817929278132
12602,0.4190461717222903
12603,-0.10616382552704827
12604,-0.9576629455685346
12605,1.556193110717278
12606,-1.1934552188810126
12607,-0.2966003010140074
12608,-0.22572060081463574
12609,0.04109052594797099
12610,0.011271320815844105
12611,0.38254249473066654
12612,0.016112838705917017
12613,0.49676016871575995
12614,0.11653459331887607
12615,0.14852016629616346
12616,-0.0033037741565706755
12617,-0.23113310212271948
12618,0.17392694026881722
12619,0.2294097028977508
12620,-1.3909527360694438
12621,-0.0219083362021415
12622,-0.8414842714973181
12623,-0.04533944025166156
12624,0.1216285543843589
12625,0.30176107326446644
12626,-0.12881747966730028
12627,0.13406992178028415
12628,0.05527088840515374
12629,-0.15834564085352418
12630,0.7272581827384699
12631,0.11107661617734384
12632,-0.1044402244979555
12633,-0.18430543671805585
12634,-0.051618298760262145
12635,-0.18838054434213972
12636,-0.8665621099588393
12637,0.38379500554090124
12638,-0.20991541768108254
12639,1.5356528340857603
12640,-1.3280909008281245
12641,0.4825030031551462
12642,0.18938743816476697
12643,-0.2587524175081668
12644,-0.3027290295696829
12645,-0.31637288086066384
12646,-0.4694783211256607
12647,-0.12136266629689926
12648,-0.06544024729030626
12649,-0.32803589389968846
12650,-0.5909167121542591
12651,0.015521516456775106
12652,0.028047595915585335
12653,-0.2801362425169082
12654,0.3034509663384346
12655,-0.10532816371765737
12656,-0.24327231074763686
12657,-0.46913546398280354
12658,0.08092639152008542
12659,-0.039905246199054625
12660,-0.1280933478566787
12661,0.6001392077986054
12662,0.03252505163582159
12663,-0.516848136263477
12664,-0.16264602897489858
12665,-0.33039103365030875
12666,0.013207823988984773
12667,-0.2495255995594041
12668,0.12771037790711356
12669,0.32991172397033175
12670,0.012941609292980218
12671,0.09451813363854447
12672,0.03804154241108513
12673,-0.33169741527360086
12674,0.5645927619190767
12675,-0.05593573104143845
12676,-0.284816117069168
12677,-0.43206265395405397
12678,-0.04712508971909019
12679,-0.05591850176858529
12680,-0.2788484614444791
12681,0.45727793186990856
12682,-0.23664947304001566
12683,-0.3861299614695037
12684,-0.5263220159325074
12685,-0.24884238286163646
12686,-0.1634666497302744
12687,-1.6052550819058766
12688,-0.06559736915640567
12689,-0.4043912249367916
12690,0.19379769677202383
12691,-0.7126771497094224
12692,0.11206855751733975
12693,-0.6504475179888377
12694,0.06694136990265825
12695,0.19410663785353247
12696,0.330001954365145
12697,0.21111192126464828
12698,-0.8143394734607347
12699,-0.7654038086740578
12700,0.2590987039937659
12701,-0.6637702490221343
12702,0.2059093569437591
12703,0.23456300342371217
12704,0.3101491820169432
12705,0.7387591159375817
12706,0.17939820155797223
12707,0.47574806550612403
12708,-0.023273341034817777
12709,-0.6421140577064991
12710,0.15712207284928875
12711,-0.2710139183932823
12712,-0.5017616912886582
12713,0.7554279401677133
12714,-0.35535269865119196
12715,-0.6449621864939079
12716,0.20384264285135736
12717,-1.173039437075695
12718,-0.3164764513451277
12719,-0.8658550281625541
12720,-0.18374161832357858
12721,-1.0093790015025768
12722,-0.25421482589506716
12723,0.12678555219291618
12724,0.18116690603268243
12725,-0.7226899391937947
12726,0.07344701095152735
12727,-0.9749584520206743
12728,-0.3278817443495752
12729,-0.854553822201342
12730,-0.1316439484253305
12731,-0.9185492501592507
12732,0.11114260681490597
12733,-0.9266949738737006
12734,0.10763050274361674
12735,-1.2341519723997858
12736,-0.3123100138590543
12737,-1.0020647157882911
12738,-0.19908983685908654
12739,-0.9344062513922986
12740,0.23720596737352054
12741,0.0645923106425508
12742,-0.994898009208058
12743,-0.29008119841534175
12744,-0.9214342268948791
12745,-0.1151294844585934
12746,-0.9015931980476618
12747,-0.8326503892905789
12748,-0.5203049407855028
12749,-0.9019692312634915
12750,-0.36430107761005287
12751,0.4314507909900239
12752,-0.9463555776466196
12753,-0.024806854575789822
12754,0.14826983487910372
12755,0.32348039306901233
12756,0.1410140352034624
12757,0.17373820037539184
12758,-0.8979696449108547
12759,0.2479970290485306
12760,-1.141190055137286
12761,-0.12374931402116925
12762,-0.8397712719768344
12763,-0.011925431072703144
12764,-0.6801109365308302
12765,0.29984421561232544
12766,-2.207508665009655
12767,-0.02774570901120108
12768,-0.7430004554776966
12769,0.21103006496799787
12770,-0.18523905123275888
12771,0.12395151032056062
12772,0.230549699808214
12773,0.07179302027743474
12774,-0.21103367638156498
12775,0.17721081991457466
12776,0.11835635389927016
12777,0.14876902312425877
12778,-0.1594441998848454
12779,0.10998887022478282
12780,0.20697171427848798
12781,0.20956370760642237
12782,-0.18675418756693343
12783,0.1694128507072167
12784,-0.8267922539204857
12785,-0.10465347210931894
12786,0.15672547796925215
12787,-0.7153348011496549
12788,-1.357633818723283
12789,0.21147335276952406
12790,-1.055215306658862
12791,0.30819361416009583
12792,-0.3200306340281765
12793,0.1199758382378194
12794,0.2842219793409023
12795,0.02092359097595645
12796,-1.350195151084876
12797,-0.008466761420844026
12798,0.35174008301462034
12799,-1.4905690316395113
12800,-0.026141030151281396
12801,0.016698783996046313
12802,-0.219840308381342
12803,0.02318315594273796
12804,-0.6447415509770603
12805,0.14219853849949263
12806,-0.23907832736934007
12807,0.414113382841301
12808,0.2010374554220811
12809,-0.03654217355819054
12810,-0.20882713650050916
12811,0.15574643827616672
12812,-0.014241504995068325
12813,0.24050182247124324
12814,-0.3233202861907675
12815,-0.1683665208080287
12816,0.15405172100237347
12817,0.19210548035435407
12818,0.11342792766859604
12819,-0.3543841995029723
12820,0.14334281633116702
12821,0.11343125872875101
12822,-1.970289277254398
12823,-0.022235571229192775
12824,-0.7105765898542704
12825,0.14400561500372555
12826,-0.42837459145583073
12827,0.11816261734466334
12828,0.11591388350746389
12829,0.04597925307304655
12830,-0.3222618306996832
12831,0.12150895484429368
12832,0.2645419421271501
12833,0.23745841652046923
12834,-1.6817837566702032
12835,-0.024454462650717948
12836,0.07316855644650323
12837,-0.10496261425505975
12838,0.17625912334440316
12839,-0.8761284460295344
12840,1.382061710009835
12841,0.16918581967888074
12842,-0.8790742324801054
12843,1.4950550663179627
12844,0.045211994651756286
12845,1.1488645023579576
12846,0.17396425437418234
12847,-0.917029188448615
12848,0.8949359139810263
12849,0.084193863379063
12850,-0.7057241736070807
12851,1.3117977254282565
12852,0.1282300589761609
12853,-0.7008773806707075
12854,0.8872943758955828
12855,-0.0425780825988981
12856,-0.6835859922348332
12857,0.5648532834939827
12858,0.3930345132093607
12859,-0.8092580740118774
12860,1.1619222750109532
12861,0.16645087327518135
12862,-0.6269643831716591
12863,0.8763677202662218
12864,0.6952053982140367
12865,-0.3035093950778517
12866,0.6075655995340311
12867,0.0530622166198363
12868,0.44097222664345676
12869,-0.6625418719445949
12870,1.051077145110527
12871,0.12783856140043023
12872,-0.43157952890653284
12873,0.31190239701014816
12874,0.06540696727887037
12875,-0.4927021767238893
12876,0.42204898379659267
12877,0.27785271742633955
12878,0.20277624778208092
12879,0.10230668647793653
12880,0.25401196911184265
12881,0.21658337888739182
12882,-0.8116500092460177
12883,0.3791378800732019
12884,-0.8170889488518781
12885,0.33261184880690414
12886,0.16233255660839227
12887,0.11600050448756796
12888,-0.9735240175248392
12889,0.8427009158183301
12890,0.16447722005501447
12891,0.6085435857806868
12892,0.3663943447508392
12893,0.5309251789973953
12894,0.5859561474241888
12895,0.5240248153315739
12896,-0.4060348979211046
12897,-0.49410365141494755
12898,0.3655207437147989
12899,-0.3614474868487808
12900,-0.4820544397782499
12901,0.1310355750024032
12902,0.20599185034789116
12903,0.6085210207674348
12904,0.1940113128650759
12905,-0.5349605691450229
12906,0.07092337869266718
12907,-0.6086789700247852
12908,-0.1340554870240572
12909,-0.22434632217927591
12910,0.30190135604265544
12911,-0.5526546294241036
12912,2.1774978208548648
12913,0.4283586555823594
12914,-0.5022132189734522
12915,-0.12376281481236466
12916,-0.25173509962802276
12917,-0.8338935726754969
12918,-0.8234279427572568
12919,0.6270566026492284
12920,-0.6946770329257415
12921,2.274800684248578
12922,-0.20412220446639007
12923,0.6173207374626951
12924,-0.39618631111650976
12925,2.3402005905984704
12926,0.4761007557515209
12927,0.788169295314056
12928,-0.5445025690869655
12929,-0.17482574229095965
12930,0.4253311814304237
12931,-0.30639261208411295
12932,2.0660830807333403
12933,0.5351842639080086
12934,0.45622056984030585
12935,-0.48256700506774225
12936,2.2911983667722824
12937,0.4825608964355139
12938,0.4330495965218532
12939,-0.3355457423395874
12940,2.2294594270141945
12941,0.5752388268149102
12942,0.46742098725818587
12943,0.14090006515907572
12944,0.45170015175161365
12945,-0.13054323183688707
12946,0.4984054991037502
12947,-0.7791806029284317
12948,0.6374187732532737
12949,-0.8296128368213164
12950,0.435112854434427
12951,-0.01833417776531853
12952,-0.22751743053741522
12953,-0.6231843550701225
12954,0.6513438203346276
12955,-0.801812711763573
12956,0.5216483334722719
12957,-0.8079075429334638
12958,0.38614300653632017
12959,-0.14101138999069324
12960,0.10670522314678912
12961,-0.6713996781579111
12962,-0.7892851004902157
12963,-0.5666549908643954
12964,1.0943269292876283
12965,-0.912605792226415
12966,0.4622299524478099
12967,-0.8663493555391232
12968,-0.8783182375675079
12969,0.5137912956462681
12970,-0.862462376505414
12971,0.557395040017518
12972,-1.0172635324713475
12973,0.7441001313011957
12974,-1.0905302995212498
12975,0.43424205633600005
12976,-0.977237843469813
12977,0.49378404285878696
12978,-0.03536049520499117
12979,-0.4407232103785318
12980,2.007240000846291
12981,-1.1100214165617677
12982,-0.015363910062528281
12983,-0.5636595471731187
12984,0.7753651156447224
12985,0.012818054421030851
12986,1.36217779911022
12987,0.03971833808693055
12988,0.16313117560134344
12989,-0.43943082806496514
12990,0.44510312111697226
12991,-0.15340459428650602
12992,-0.46847871667343394
12993,1.9114408238726261
12994,-1.0737712067502705
12995,-0.1542780851401213
12996,-0.0812124230294055
12997,0.16925068138456498
12998,0.11594770281323093
12999,-0.044277664556439264
13000,-0.031180199614451388
13001,0.24568686624781386
13002,0.19716580941169123
13003,0.08006445930937575
13004,0.5164761993999103
13005,-2.135472696946372
13006,0.039303637336867495
13007,0.8509606241976686
13008,-0.6762678768407396
13009,2.0691302536103207
13010,-0.8400985585593017
13011,0.06916470000762026
13012,-0.990498325282774
13013,-0.9726330527646588
13014,-0.24109517079823403
13015,-0.24781343234129227
13016,1.9811087527777884
13017,-1.2216216444655938
13018,-0.10291574290546303
13019,-0.4444069342308367
13020,0.6994169390626104
13021,0.2212300454777746
13022,0.13600915917189468
13023,-0.006903166024114835
13024,2.157515821696978
13025,-0.8155612421786516
13026,-0.0640053977633625
13027,-0.052825377950122175
13028,2.013033845559465
13029,-1.0503422469237653
13030,0.0014541661035994905
13031,-0.5732178037515087
13032,2.0279223640146915
13033,-0.07182720975006035
13034,-0.6942957840517935
13035,1.984436835648792
13036,0.2851849244484137
13037,-0.07239387641672702
13038,-0.18444303723369695
13039,0.25730870980020304
13040,0.2515451236678042
13041,0.017272953577628626
13042,-0.5119470969403542
13043,1.9163714067529714
13044,-0.8509453239404299
13045,-0.17732499414851505
13046,-0.10695994630548225
13047,2.1045155681315206
13048,-1.0676682386068324
13049,0.24116983311070195
13050,-0.14808539602460938
13051,2.0974600954131843
13052,-1.3041565535384916
13053,-0.22767714506410075
13054,-0.7641228009032164
13055,0.43459915759956746
13056,-0.12399183450597487
13057,0.39988796312164787
13058,0.41123180718443947
13059,-0.2880483794533951
13060,0.411197868252306
13061,0.40629412627968303
13062,-0.0914057007270951
13063,0.49875274365843897
13064,0.29324726237336374
13065,-0.13636244051631635
13066,-0.7201587589912998
13067,0.642822220621815
13068,-0.07974235286776726
13069,0.46443686801157763
13070,0.3028405902312573
13071,-0.050686202355443674
13072,-0.13843998677398323
13073,-0.2646817550142569
13074,-0.4087241594360974
13075,-0.14846086287968693
13076,-0.0943205071935656
13077,-0.18787282418747173
13078,0.480456609613752
13079,-0.1686948159958593
13080,-0.2865168130289303
13081,0.7599595032016395
13082,0.3006650455595779
13083,-0.34247351642826107
13084,-0.2433323648694042
13085,-0.12521536406088846
13086,0.0057919999836529654
13087,0.3819313050208649
13088,-0.09403583863896153
13089,-0.9133384759088166
13090,0.1809789427162221
13091,-0.5733634026387449
13092,0.6615083600115458
13093,0.717795288281596
13094,0.19541105136976655
13095,-0.29863325895599707
13096,-0.7332316893473405
13097,0.2869126915167889
13098,0.12202985163833178
13099,-0.8931922374219469
13100,0.4105277463995755
13101,-0.10532467429137422
13102,-0.3349795321783634
13103,-0.23804235936106938
13104,-0.13802066131563023
13105,-0.27876903979384426
13106,-0.0880681018483078
13107,0.1573517412115122
13108,-0.20484471918275574
13109,-0.06884213157392481
13110,-0.0009721673131964141
13111,-0.2722591134753729
13112,-0.13152459249249046
13113,-0.15562433104150178
13114,-0.2454236561479575
13115,-0.3122744837718324
13116,-0.14427007877025347
13117,-0.9338761856178286
13118,-0.026180627641516574
13119,-0.23976615655008418
13120,-0.0683845283554288
13121,-0.8327570147363718
13122,0.7265922655983451
13123,-1.1792885792862975
13124,-1.2727756515585456
13125,-0.7937722321100961
13126,0.3709778093122012
13127,-0.9693590877390007
13128,0.5095235193823657
13129,-0.856490981821878
13130,0.23206240797505504
13131,-0.29243719880324337
13132,0.12425885637671166
13133,-0.17534169790574858
13134,-0.13515945394707565
13135,-0.06663703521657564
13136,-0.08818423993083171
13137,-0.09531974900414182
13138,0.3280730563084815
13139,-0.16942879146441375
13140,-0.20049038109052938
13141,0.1830964082284076
13142,-0.010049817999342507
13143,-0.06999022856429248
13144,0.182221774637615
13145,-0.8864737255048342
13146,-0.04609482311795035
13147,-0.009063079904986308
13148,-0.0926068800437286
13149,0.04773891673074654
13150,1.0173509290162448
13151,0.5342790694212508
13152,-0.16905764059380982
13153,-0.8097190591498088
13154,-0.41398768489965887
13155,0.0903185593831122
13156,0.256759966909638
13157,-0.14964154266508592
13158,0.284347662445496
13159,0.1588650639367215
13160,-0.9092246290176141
13161,0.08313550076383536
13162,-0.21106315387323732
13163,-0.11691224638733935
13164,-0.15768046858948306
13165,-0.1025700729183976
13166,0.3910832615343299
13167,0.22182925900446598
13168,-0.9650526115655443
13169,0.4706479345856543
13170,0.7064393096029872
13171,0.3546964951278273
13172,-0.3152497190275462
13173,-0.034712373076669044
13174,0.07404129994657203
13175,-0.5821009733986848
13176,0.6860580295842943
13177,-0.011178418369974855
13178,0.018034925039605864
13179,0.3113061534660255
13180,-0.28583153516906673
13181,0.7969018517639307
13182,-0.303631469007833
13183,-0.23946568918270864
13184,1.6138666349836
13185,-0.13107218616620464
13186,0.7764374524289891
13187,1.11988623828044
13188,-0.7132224883693804
13189,0.21190820302765492
13190,0.07163590855641727
13191,-0.40778311090770275
13192,0.117273116598714
13193,0.37177581143556315
13194,0.3232857596537595
13195,0.5158627004796872
13196,0.3766976469073741
13197,-0.11955344722401055
13198,-0.2908704322168148
13199,-0.19586214685785439
13200,0.9141818603889292
13201,-0.1189779062485835
13202,0.09360505762350595
13203,0.449013913321778
13204,-0.6270318189434003
13205,0.42053640679207127
13206,-0.05817552743476977
13207,0.28724875708852377
13208,-0.0037566746655330646
13209,0.13363649168067823
13210,-0.10243722567257264
13211,-1.6091632923178627
13212,-0.7782618987300557
13213,0.13770357369556901
13214,0.19358413918788242
13215,-0.18675538235827835
13216,-0.3367479675543798
13217,-0.49754287091127103
13218,0.15970343145111301
13219,0.5569820155458793
13220,0.39632893958138643
13221,-0.30318718672567757
13222,0.5998295547897242
13223,1.1324526422173609
13224,0.37884784136243954
13225,-0.1839429939107073
13226,-1.4219741678728124
13227,0.03261298579391709
13228,0.06390608001672589
13229,-0.5169362263665925
13230,-1.3487986888597616
13231,-0.16105770273701941
13232,-0.6369998529749643
13233,0.08840160879374248
13234,-0.8323517819213273
13235,0.029222963861017064
13236,-0.9811135287334094
13237,-0.10330980127405484
13238,0.12724532729514057
13239,-0.07756223836344664
13240,0.23860042174892093
13241,-0.03720890817425638
13242,0.9100268536638608
13243,-0.15243645556630372
13244,-0.355768625239571
13245,0.12687733507407334
13246,0.8674288129203176
13247,-0.032905850223257135
13248,0.20771006820810547
13249,-0.024537787555390864
13250,-0.07226649730052516
13251,0.112374738517244
13252,-0.44441058717725185
13253,0.08742024457929251
13254,0.1437193895642842
13255,0.42402632936646717
13256,-0.028654848006177274
13257,0.1598123726433987
13258,-0.20355401204966617
13259,0.8023334801549008
13260,0.006368885358752731
13261,-0.630815771619412
13262,-0.1554142081269506
13263,-0.01915543517490863
13264,-0.045264231225686694
13265,-0.48482932580739263
13266,0.23496355776383976
13267,-0.2411009364176349
13268,0.052646850760026724
13269,-0.40041585062739826
13270,-0.8943670450937775
13271,0.33741510057750757
13272,-0.8042905968816856
13273,0.28154083614879355
13274,-0.8876538671162442
13275,-0.020421161552067094
13276,-0.0701784106508876
13277,0.06948629006290624
13278,0.017465375379723293
13279,0.40245128041590045
13280,-0.7714902263563612
13281,-0.2901734626990436
13282,-0.048838826162379306
13283,-0.1517461319293768
13284,0.35888755347607726
13285,-0.2485087479178686
13286,-0.0022600805954808745
13287,-0.34824163030645583
13288,-0.12981956923715604
13289,0.13301942706708025
13290,-0.5557617497336129
13291,-1.1708612494569381
13292,-0.07296870788607294
13293,0.04964246365961271
13294,0.3402424425672775
13295,0.2378627783306255
13296,0.06632369890624379
13297,-0.15419074751587944
13298,-0.12905071708247562
13299,-1.0690353480245913
13300,-0.8622164441115887
13301,-0.4732754051486677
13302,-0.12201143842339197
13303,-0.020536107660392752
13304,-0.3642008900946762
13305,0.2986065445945282
13306,-0.44182894772032383
13307,2.0481795218710594
13308,0.5694955400298782
13309,1.223483272686018
13310,1.6132657066001461
13311,0.08235562585163939
13312,0.955694403798704
13313,0.19999541101673932
13314,-0.7872701478966083
13315,0.3355110844032614
13316,0.23359153610023722
13317,0.8595935393414924
13318,0.020248116825423275
13319,0.15536845615169292
13320,-0.13483573535555674
13321,0.09634006639858164
13322,-0.4036244945135715
13323,1.5117427907404004
13324,-1.4982349066691074
13325,0.4361214943302973
13326,-0.36345597268512875
13327,-0.05626667068279
13328,0.5252284225057265
13329,0.42412573610436
13330,-0.08610495478235784
13331,-0.49634007101458577
13332,-0.4534556872304098
13333,0.15695028516125745
13334,-0.3197922667147914
13335,0.04199740092577731
13336,-0.3652444054966432
13337,0.3319549812802669
13338,0.48945069626307897
13339,0.3433048807161389
13340,-0.35513654445166953
13341,0.20622859338397803
13342,0.06111664368890765
13343,-0.39209702263854423
13344,-0.1312967651049164
13345,-0.6034497491939828
13346,-0.0699680421725456
13347,-0.4603788875245819
13348,0.07271837579963743
13349,0.7185729214475403
13350,-0.09289527115201941
13351,2.0908456757856673
13352,-0.04545034499205817
13353,-1.6738334867328126
13354,-0.12694026754568677
13355,-0.29593674182032903
13356,-0.4388400707697113
13357,1.867169788804304
13358,1.5476859353565824
13359,0.19532963917351243
13360,-0.5351894277198872
13361,-0.27702689425168264
13362,1.337949420394205
13363,0.8772361388381776
13364,-0.3606566067800007
13365,0.0671599101142605
13366,0.7732065104579603
13367,0.8158881331939991
13368,0.0523755649637222
13369,0.06775193249577181
13370,0.1188614326055405
13371,0.5310026329171645
13372,0.4957366468297647
13373,0.6148263959397101
13374,0.23400581124062772
13375,0.03193865797908659
13376,-0.013761576795719573
13377,-0.1325420718082355
13378,0.06164992382637464
13379,0.25980364390940547
13380,0.4438304219145992
13381,0.1676436734108289
13382,0.356730885978514
13383,-0.6491368492179616
13384,-0.19500324262965396
13385,-1.5842550952490446
13386,0.14455981866653722
13387,-0.007259393696394376
13388,-0.8603565355448316
13389,0.22013728844223224
13390,-0.4576070193042196
13391,-0.04190808598461275
13392,-0.061250787631119734
13393,-0.35761978896760804
13394,-0.1258604225975722
13395,-0.29676334401778276
13396,-0.12194614935343692
13397,-0.9606732332207248
13398,0.1417767340554546
13399,-0.0996286691554637
13400,-0.10712629666397053
13401,-0.3978191920639145
13402,-1.746930426537
13403,-1.6665581560358853
13404,0.05367981560157684
13405,0.2960829619176918
13406,0.024446810887577386
13407,-0.812661130767103
13408,0.06607040764278406
13409,-0.0007531000325841866
13410,-0.49338208047651433
13411,-0.17056342579011066
13412,-0.7949274234904302
13413,-0.6207264960894517
13414,2.0516470896248493
13415,0.120221184379006
13416,0.0785080522633604
13417,-1.4939911539854902
13418,0.253597517423244
13419,-1.9907029525870785
13420,0.3835248976523658
13421,-0.4108370315549975
13422,0.47143850183925634
13423,0.25774647347044255
13424,1.40582332956487
13425,-0.017596468577111536
13426,-0.09367121184664252
13427,0.5569536753827748
13428,-0.018417915294875367
13429,0.3014242603014228
13430,0.9145423625199744
13431,0.5912560853642834
13432,0.1464780647024803
13433,0.05011393190684926
13434,1.4714029408874505
13435,0.8438982112151445
13436,0.2758647276012769
13437,-0.25599748551841683
13438,0.4949584044445331
13439,-0.18628910155620995
13440,0.17043785881361903
13441,-0.048481869949449356
13442,0.38473737570196836
13443,-1.5589658615893918
13444,0.43562328592592997
13445,-0.7341109664056317
13446,0.1597716214386438
13447,0.2636896759959127
13448,1.3962376319671999
13449,0.4522471889551744
13450,0.884535513604928
13451,-0.1919401268027372
13452,0.6917901261792008
13453,-0.3165605956307622
13454,0.07644788974084349
13455,0.4950996161700784
13456,0.8530747166057376
13457,0.486243165293884
13458,0.05248378439949176
13459,-0.2992703288959221
13460,-0.8633980915912111
13461,0.5724086204616129
13462,0.15170359453012255
13463,0.6357149547983157
13464,-1.198406704285047
13465,0.09834713705006305
13466,-1.765393311436072
13467,-0.30580727110788736
13468,0.17276100021172736
13469,-0.8785158043852285
13470,-0.33257143478254125
13471,-0.39378903254818864
13472,0.36643802712593165
13473,-0.4854484473857233
13474,0.08387400782956128
13475,1.115451620673774
13476,-0.514297368879667
13477,0.9158987858842503
13478,-0.604113964440698
13479,-0.9551775693318812
13480,-0.2969540846530246
13481,-0.416675701196851
13482,-0.37539127399265304
13483,-0.04135894305272797
13484,-0.27514982858573156
13485,0.26627218147942544
13486,-0.47958209043879774
13487,0.21968113945248463
13488,0.07743473959036534
13489,-0.031040564919087684
13490,-0.011207145402208202
13491,-0.17370960732247034
13492,-0.6431270326636512
13493,-0.39997819120045686
13494,0.1312811794948919
13495,-0.36384887964006773
13496,-0.5122309250178233
13497,-0.03974397671355922
13498,0.0332452914322567
13499,0.5896166750138984
13500,0.10466081772276623
13501,-0.036341448683867475
13502,-0.05721623644364336
13503,0.05180605367095573
13504,0.09700878567729464
13505,-0.03380442288600412
13506,0.0738778731378517
13507,0.1068410421338627
13508,-0.2810049753549829
13509,-0.018726119548963773
13510,-0.8366576913611145
13511,-0.03372353141202971
13512,-0.11609250233329434
13513,-0.7959143962815138
13514,-0.9297995914532176
13515,-0.6497894556041862
13516,-0.15542255077616796
13517,-0.13387813457468445
13518,-0.572609112967732
13519,0.42589183449138945
13520,0.8991147601108563
13521,0.5216655436808089
13522,0.15094334864498327
13523,1.2373812179426666
13524,1.2773932731295308
13525,0.09242097143092176
13526,0.15205472817657717
13527,-0.22698781104204233
13528,-0.0556010481626469
13529,0.08065693774939632
13530,0.08055366709764003
13531,-0.9906672344718509
13532,-0.22698127379408167
13533,0.4148649897538151
13534,-0.01536956437800259
13535,-0.3499909824033229
13536,0.0011774796769529962
13537,-0.4512742103377251
13538,0.014850955476734455
13539,0.12047423584459194
13540,0.41925988458571406
13541,0.29049002533099505
13542,-0.7257121318715276
13543,0.5033943798403621
13544,-0.3875189923274141
13545,-0.8006496653530425
13546,-0.05707272720808688
13547,0.10390868413030281
13548,0.3256293589593566
13549,0.18274196686746413
13550,0.6655711410759487
13551,-0.5870036006802362
13552,0.1443046819081091
13553,0.10419841454201494
13554,0.04933825016888101
13555,-0.9790872113150765
13556,0.0122864058025275
13557,-0.12699951015647487
13558,0.3801527001151009
13559,-0.2036814447592718
13560,0.10224357514754703
13561,-0.4031722314599072
13562,0.05072492946538855
13563,-1.1670516334213605
13564,-0.23060787883223163
13565,0.18324727688677317
13566,-0.09364290236609407
13567,0.27872194035298237
13568,-0.15636491159921823
13569,0.1694167130718553
13570,-0.021514927682616942
13571,1.3057623801237617
13572,-0.8629128812864122
13573,-0.03951571765187576
13574,-0.27740574164111403
13575,-0.10673973938248175
13576,1.2945057277460603
13577,-0.036351601213909145
13578,0.12912794240736547
13579,-0.349772025979555
13580,-0.907027926890311
13581,-0.800526624111195
13582,0.17402383662492485
13583,0.20190516612650847
13584,-0.44632280675370734
13585,-0.1263039806234368
13586,0.6475268380770877
13587,0.0798961792027948
13588,-0.41874737245656035
13589,0.033571408208510366
13590,0.32128264972491805
13591,0.11599216017965124
13592,0.42605691319629857
13593,-0.41707570638735175
13594,0.052142046517836334
13595,-0.0316698428622268
13596,0.9024138086022114
13597,0.16380564567902875
13598,0.43543678829868093
13599,0.8014084641309588
13600,-0.7677375622560327
13601,-0.1648756624268176
13602,0.18889357391877376
13603,1.011138985188258
13604,0.48323458426737176
13605,-0.5694154405810755
13606,-0.2696742380646765
13607,0.3013228719143262
13608,0.4245331949993862
13609,-0.3840122396663372
13610,0.1860156609457297
13611,0.5979418270653802
13612,0.4001975910325679
13613,1.0717469814061682
13614,-0.6375784034077997
13615,0.9977463519774915
13616,0.7102738142940146
13617,-0.04314240883488304
13618,-1.212208954158275
13619,0.35646019813278873
13620,0.10898005943734503
13621,-0.0012930545491264263
13622,0.17826327415978466
13623,0.547334181788347
13624,0.5243228800423203
13625,0.683153671305856
13626,0.5129978737574173
13627,-0.44616207762123955
13628,0.6100462669025492
13629,-0.05051302155773212
13630,1.2181842272224093
13631,0.6746317272000781
13632,0.02353786525049661
13633,0.13290510220313997
13634,0.40231805069688625
13635,0.14482421300010542
13636,0.25721584440066636
13637,0.0513931362120779
13638,-0.13470778144121617
13639,-1.0059851838838862
13640,0.17828901262732028
13641,0.9011150815327595
13642,-0.0999995981744274
13643,-0.12904158551117986
13644,-0.8008963719948055
13645,1.0278419724296404
13646,0.8365110662824046
13647,-0.235930831432109
13648,-1.203308444528657
13649,1.151157753327173
13650,-0.19147870757696223
13651,-0.08638986058277094
13652,0.751181250907665
13653,-0.21055432904836013
13654,0.7586786910118379
13655,-0.1818475229831578
13656,0.9171086890800904
13657,-0.17955111148020955
13658,0.19070760945376106
13659,-0.2474495658779917
13660,-0.3670953063724727
13661,-0.04576609714735785
13662,0.9565283172951609
13663,2.0842116750599207
13664,-0.14224059835238334
13665,1.647465855864668
13666,0.8237339946085461
13667,-0.3622914289046275
13668,0.21303028947267022
13669,-0.5508200343753658
13670,0.33128131914321923
13671,-0.020445660529881157
13672,0.6558190398552343
13673,0.217773420339457
13674,0.21970281727298172
13675,0.8423353558497639
13676,0.7226237300794603
13677,1.3479080165697108
13678,0.4016777672087864
13679,0.33687985307688717
13680,0.2760218988155809
13681,0.1259312014992524
13682,0.5230826551647866
13683,-0.31103718878750863
13684,0.6321466452158409
13685,0.46573034906645217
13686,1.252116066814549
13687,0.36351248527788776
13688,0.16024294384823956
13689,-1.4645355084033447
13690,0.2779918055846652
13691,0.25350729346451195
13692,-0.9754520252906316
13693,-0.25556531321629905
13694,0.23971393063947602
13695,-0.29441653807490753
13696,0.2640145488140301
13697,0.07936130459252298
13698,0.30806149950272305
13699,0.41491594273455357
13700,-0.5911936128140826
13701,0.2757561099339221
13702,-0.34616781545986974
13703,0.6450545314801369
13704,0.6203691465346293
13705,-0.7724533146101423
13706,-0.9512952929156703
13707,0.017643966577996398
13708,-0.2713061899595308
13709,0.08674879074003304
13710,0.10063155256794398
13711,-0.5600388575941239
13712,0.2762539399543246
13713,-0.5180322986385721
13714,0.22174604662355568
13715,-0.030426094230578214
13716,0.3656096826693236
13717,-0.11174206518943476
13718,-0.2749813423878961
13719,-0.22874233634185814
13720,0.04309262353681788
13721,-0.27173075217837
13722,0.18033268493101498
13723,-0.13258145417776201
13724,-0.1684036631785478
13725,0.3401539004999238
13726,-0.7292233398815716
13727,1.7289190324259625
13728,0.01501614427340743
13729,-0.39256058641694613
13730,1.7672078094106538
13731,1.0588434691365387
13732,0.8513933132779353
13733,-0.5244890231210089
13734,0.34227464727869444
13735,-0.28193590125892193
13736,-0.3846322414964254
13737,1.0092644458104658
13738,0.4336208751728704
13739,-0.06490450694721324
13740,0.29973350798575715
13741,0.3789157006915387
13742,-1.0065279629629555
13743,-0.4686949888351341
13744,-0.8856658551371269
13745,0.16656498303950162
13746,0.11404334470081615
13747,1.2956817782069836
13748,0.35115477155042363
13749,-1.0336258517656682
13750,-0.047885619650862986
13751,-0.16054015610900882
13752,0.19661468518684144
13753,0.43445933878436355
13754,1.198002371117037
13755,0.48589436661957014
13756,0.39116043170413267
13757,-0.6111569323650625
13758,-0.0011133697672613592
13759,-0.1502693349201791
13760,0.3221171221875038
13761,0.3171000192799979
13762,0.4978251811582599
13763,0.23652813103578754
13764,0.24515069769829984
13765,-0.015939156495232396
13766,0.1836099043911974
13767,-0.10912763957839688
13768,0.02903996008866533
13769,-0.08443142264943303
13770,-1.343762246289605
13771,0.05723550579767085
13772,0.12285254226675248
13773,-0.36392231703719446
13774,0.33589960739224783
13775,0.18280358758504403
13776,-0.5704356924275139
13777,-0.42212808602004603
13778,0.2621259006091624
13779,0.06680686186383446
13780,0.18551733646905413
13781,0.18548930536038405
13782,0.6705484332399724
13783,-0.016892814163207814
13784,-0.003960463894821429
13785,0.5892378079126351
13786,-0.10740673189746712
13787,0.12602149926027417
13788,0.15094404741196818
13789,-0.07770868088924865
13790,-0.002238791393482023
13791,-0.16592617221394523
13792,-0.7593129389614643
13793,-0.8585648412505928
13794,-0.8840150542724294
13795,-0.17391672802051822
13796,-0.3972386688994941
13797,0.0955773026583869
13798,0.12417711980209135
13799,-0.28233853684523436
13800,-0.11791392520375625
13801,0.20017244730892794
13802,0.44079428084170125
13803,-0.05338951208414262
13804,0.2877439346343704
13805,0.12391636439812063
13806,1.053566854176257
13807,0.5634396983676303
13808,0.03975018956278232
13809,-0.04929632394120737
13810,-0.28697900382246416
13811,0.08505084684074282
13812,0.6171159325637476
13813,0.287348312048039
13814,-0.08575984414126421
13815,0.3500584650692228
13816,0.1621991585575326
13817,0.6825274090542072
13818,0.46176358654694327
13819,0.3809952194254503
13820,-0.9186454095785358
13821,-0.5545569588376911
13822,-0.8034965755100645
13823,-0.3287126571014473
13824,0.5789843323680169
13825,0.17843104278367586
13826,0.04747278441947992
13827,0.08016477580904266
13828,0.1348189818955242
13829,0.18752291679191652
13830,0.5026763305992809
13831,-0.4517797644876495
13832,0.06182039118488233
13833,-0.6495213043635474
13834,0.1847837322323146
13835,0.37564032980038037
13836,-0.3796405777304258
13837,-0.6866477271092247
13838,-0.23495071235152426
13839,0.4572211408339137
13840,0.0932679920099951
13841,0.26248023574619733
13842,-0.17748951793106532
13843,-0.11275712906561919
13844,-0.1577310558593087
13845,0.060932820866641424
13846,0.18612463536821927
13847,-0.33645656389740003
13848,-0.8150374549722088
13849,1.4108423119945241
13850,-0.10255061713137023
13851,-1.8947687722321818
13852,-0.13144553605255205
13853,-0.24477935899062409
13854,0.10325634263261323
13855,0.05971427538348311
13856,-0.32941244356808835
13857,0.03685972833233963
13858,-0.5204928738578248
13859,0.02755359988808609
13860,-0.03583793239975435
13861,0.12235272858113129
13862,-0.09949451092382236
13863,-0.18618437821392986
13864,0.3757005545216953
13865,0.2485423136058065
13866,0.019709105984070083
13867,-0.3622039700367723
13868,-0.11836157288619363
13869,-0.0018967123646066626
13870,0.09506436342389205
13871,0.49374055939323647
13872,-0.17727745834565603
13873,-0.477868180545102
13874,0.363053856568594
13875,0.4153056429544957
13876,0.9604148802875615
13877,0.8182011027359698
13878,0.6845109652870447
13879,0.03230820734337561
13880,0.2661573630115043
13881,1.6679128651362223
13882,0.9073659596856333
13883,-0.050917344609081046
13884,0.06372723927696879
13885,-0.24122869765180233
13886,1.0387016793873065
13887,0.3806153541073195
13888,1.173265456931591
13889,0.575608894754668
13890,0.24209281368309737
13891,0.37579653553196385
13892,0.16133285796621988
13893,0.7463930765256318
13894,-0.05088570796741343
13895,1.8793019990389161
13896,0.611372741720818
13897,0.1680125987996255
13898,-0.6053460685525414
13899,0.451969651620095
13900,0.6317838336716407
13901,-0.11247268508611542
13902,-0.022427658806418747
13903,-1.3926268058603182
13904,0.002839777779100946
13905,0.6937019123674594
13906,0.391431978053402
13907,0.6484737308158084
13908,-0.3817875874988796
13909,0.26531575123465895
13910,-0.2038797764659912
13911,0.8383300584665823
13912,-0.21662444540860706
13913,0.06698627551305737
13914,0.689822011192313
13915,0.7815717135623212
13916,-0.6145604872237929
13917,1.0530298917498637
13918,0.587937677763401
13919,0.14325177699780847
13920,0.5602037612523644
13921,-0.11996287097206323
13922,-0.20977111041162003
13923,0.3531936362263672
13924,-0.13989223679820967
13925,0.24701403477381575
13926,1.4590522603166025
13927,0.16936055185634907
13928,0.07710484907468679
13929,0.42895671910619126
13930,-0.22499012131129606
13931,0.13257017213368608
13932,0.45385461782371334
13933,0.15759929768984363
13934,0.10866781231107427
13935,0.1250971234958972
13936,0.627325000107226
13937,1.1322705655728178
13938,0.2815164463377866
13939,0.4656961903018972
13940,0.92525967085799
13941,0.24002003098660854
13942,-0.11901172307661344
13943,0.5259086712451203
13944,-0.04335475550005883
13945,0.501601029193319
13946,0.3799187735967262
13947,-0.6134792556782687
13948,0.07438250149150276
13949,-0.3878202959524346
13950,-1.1074899991910903
13951,-0.3106550495805477
13952,0.09220356823235623
13953,-0.20201268734822342
13954,-0.9985340999346934
13955,0.059455751589860745
13956,-0.24485036053058007
13957,-0.49048901227650665
13958,-0.33309895313260773
13959,0.00222177845467853
13960,-0.4952103637702306
13961,-0.26803260432951825
13962,-0.3094826814620324
13963,0.7102881565660836
13964,-0.20626728523839186
13965,0.24991561509503357
13966,0.7578296824056077
13967,0.0675584263012653
13968,-0.11364888383884819
13969,-0.015222685699107119
13970,-0.4409661216482713
13971,0.4021386883893741
13972,0.15900680306011078
13973,-0.3003713614185197
13974,0.07999867810561316
13975,-0.10522891998274006
13976,-0.6643396548112178
13977,0.16715152582651055
13978,-0.4225215158886912
13979,0.1622790994587472
13980,0.07817674799103978
13981,-0.14048223174602406
13982,0.0708227765201485
13983,-0.42807931969089164
13984,0.0030178058736460888
13985,-0.4235968203073783
13986,0.4710136076496478
13987,-0.6269730483284616
13988,0.16245647903747812
13989,-0.3784783665230099
13990,0.1669312032232313
13991,-0.40295464514206414
13992,0.1818204631584263
13993,-0.38828242894140763
13994,0.076878595557476
13995,-0.40315635739905076
13996,0.206779437513358
13997,-0.410522235178988
13998,-0.062470659720586755
13999,-0.4526051637995244
14000,-0.08552906785388677
14001,-0.6002072726545289
14002,-0.032783953050765584
14003,-0.5101363878561175
14004,-0.811029447319371
14005,0.23247639625582267
14006,0.1819767654139105
14007,-0.5969413726578271
14008,-0.5367852500062077
14009,-0.7647031072510817
14010,0.022359485832381266
14011,-0.9517473987049491
14012,-0.7283483655001203
14013,0.17283071358001303
14014,-0.18667157478388802
14015,0.6076894773421416
14016,-0.3368208538227798
14017,-0.7240041428091967
14018,-0.3017157641333241
14019,0.374004098681901
14020,0.21908617075539677
14021,-1.0629824623092554
14022,-0.19018056236133735
14023,0.06057729500898581
14024,0.37101838844225465
14025,0.16113051132025405
14026,0.0048640737566178
14027,0.17168553403097167
14028,-0.48868102908144617
14029,-0.21576898039719666
14030,-0.013933432583477444
14031,0.09137850670748705
14032,0.91414977105806
14033,-0.39681876771045455
14034,0.08153142975803983
14035,-0.2905735925388822
14036,-0.5419149390146701
14037,-0.24391750276701604
14038,-0.03213278266026632
14039,-0.25927045791217274
14040,-0.37017468960486594
14041,-0.5151888435391033
14042,-0.2129493287725167
14043,0.4293616790225467
14044,-0.5967134507331939
14045,-0.2616740873403521
14046,-0.27084046645410864
14047,0.06311531725815234
14048,-0.11344090129550757
14049,-0.09970014682168798
14050,0.2663570899625628
14051,-0.17005433285173924
14052,-0.10694807877633619
14053,0.12353449692558806
14054,-0.5078354080900603
14055,-0.9028563143006066
14056,-0.8659518373529033
14057,-1.287627037448219
14058,-0.9672740491536399
14059,-1.728926627045539
14060,-0.6128728283610193
14061,-1.1092529917053666
14062,-0.49546938059986007
14063,0.46744598956644673
14064,-0.3584159455849097
14065,-0.9415514847320123
14066,-0.406529442405812
14067,-0.11231225150259214
14068,-0.1086933122957811
14069,-0.38247866790127083
14070,-0.060058394024876505
14071,-0.2014460159246634
14072,-0.6643609062351282
14073,-0.08461986998797437
14074,-0.18482027028180173
14075,-0.32929964499504527
14076,-0.03623604074782466
14077,-0.32052613500485927
14078,0.4145286342667708
14079,-0.3805091621668182
14080,2.2100752461171633
14081,0.45744196543405186
14082,0.6434875314444349
14083,-0.4722384998548229
14084,-0.07795908320607176
14085,-1.2025839477999478
14086,-0.09409684610372351
14087,0.11140855276576618
14088,0.7661167441902983
14089,-0.41654073261549185
14090,1.9524499471705916
14091,0.18416516538149566
14092,-0.46267417894070395
14093,2.277396731535001
14094,0.4291109712120423
14095,-0.8514229051512447
14096,-0.12109437531158332
14097,0.43762329373914277
14098,-0.4026697515871382
14099,2.1672751664841994
14100,0.5356262147693229
14101,0.25406456494419577
14102,-0.46144403165327
14103,0.44532312113694716
14104,-0.3660356769916881
14105,0.2687121886370688
14106,-0.08845736632135823
14107,-0.8151779333451924
14108,0.3326229482259392
14109,-0.8165644466409285
14110,0.25762264097566206
14111,-0.6673254828177448
14112,0.4798556679341871
14113,0.2510942383779643
14114,-0.055503785680524005
14115,0.28884226855971723
14116,0.14546404308980046
14117,0.30314098835016307
14118,0.17014037401114135
14119,-0.24606891539783077
14120,0.2641076537027427
14121,-0.49077047927155143
14122,-0.7523733815632656
14123,0.6178544654855656
14124,-0.8882411305523706
14125,0.011355932187516429
14126,0.2680886130301843
14127,0.12999839613685615
14128,0.13299483251972985
14129,0.21295621959152408
14130,-0.9695346246284321
14131,0.11802379146750945
14132,-2.221794046994597
14133,0.6895554781809246
14134,0.6333359264998942
14135,0.6934241044620345
14136,1.7468305504246489
14137,0.22944896890555358
14138,0.4391311171511618
14139,-0.6432020260561925
14140,0.26548801909648956
14141,-0.6913190261230404
14142,0.3814366455896945
14143,-0.12998274199056312
14144,-0.005231735370102649
14145,-0.07526818535327359
14146,0.5810657791520075
14147,0.2247690046620171
14148,0.7529750757427958
14149,0.37091356120531155
14150,0.18498145420367704
14151,0.23738037185413724
14152,-0.07693447179658426
14153,0.6327157227377327
14154,-0.22118393145669502
14155,0.18982707897799606
14156,0.0038298638152982896
14157,-0.3224359718285424
14158,-0.021037513666363226
14159,0.19468090219118014
14160,0.13568497215167158
14161,0.6875763963779237
14162,0.2402282289388422
14163,0.46503782887216394
14164,-0.5245477580907867
14165,-0.01372475689001955
14166,-0.07477078816906355
14167,-1.520435852650418
14168,0.03774138683855477
14169,-0.5734228003618252
14170,0.22967053003259547
14171,0.1519482963853536
14172,-0.020827575014164143
14173,0.17499718534240416
14174,-2.443158042769297
14175,0.006721613734606943
14176,-0.6191076974989976
14177,1.9040176692789352
14178,-1.3584453613891083
14179,0.5022064193941627
14180,-0.050749733541554314
14181,-1.7215573684930694
14182,0.046462360994674906
14183,-0.4688954774476559
14184,-1.0158830681895958
14185,2.01767496455993
14186,0.24944425779449053
14187,-0.018434556297854243
14188,-0.6101050053813135
14189,2.0066058885188083
14190,-0.93788424413112
14191,0.5629249734294943
14192,-0.42577520307150624
14193,2.0141185707520988
14194,0.8195719019633037
14195,-0.24655136335741457
14196,0.15941583133420464
14197,-2.2381113886304345
14198,0.6095186563388851
14199,-0.5493297715883102
14200,0.781520322066022
14201,-0.030862226470293623
14202,-0.042533807777723164
14203,0.43950421629849645
14204,-2.1621288473420512
14205,0.09738189134116525
14206,0.8712258363968107
14207,-0.13440801279265097
14208,0.19696584561340502
14209,-1.2202271783156988
14210,0.9030792359281593
14211,-0.012766552959826141
14212,-0.0976747940276467
14213,-1.285217667109159
14214,0.2219322818939642
14215,-0.8166053153062902
14216,-0.013018794662116138
14217,-0.06454978950821161
14218,0.15894465367588786
14219,0.5385597988696919
14220,-0.18905301615725487
14221,-0.8675886373192782
14222,0.5781002497055291
14223,-0.6030073574854586
14224,0.2251753924201675
14225,-0.6358209920298766
14226,0.5763207992190883
14227,-0.10936086629935236
14228,0.550177311819403
14229,0.37273076775838704
14230,0.3448461773506177
14231,-0.6355998641874813
14232,1.1766454123132528
14233,0.4256079449772765
14234,0.6664693387175213
14235,-1.2920838744633143
14236,0.508915596545319
14237,0.7242969727977285
14238,-0.18127640780804888
14239,0.23760736132246293
14240,-1.618375895310831
14241,0.16309884093820515
14242,-0.2501733559511326
14243,-0.1688455463405529
14244,0.04698171279581814
14245,0.27451677230395644
14246,-0.2372557205128317
14247,0.13323997261558135
14248,-0.7610349653615499
14249,-0.12897068011500462
14250,0.1434781946376219
14251,0.219779913881655
14252,-0.16264758505603838
14253,0.2500600559529813
14254,0.24539589262679845
14255,-1.3060416751235222
14256,0.482301280192438
14257,-1.3525104439669835
14258,-0.17456021244735523
14259,0.20108653257705297
14260,-0.7252758868821133
14261,-0.14353379771090127
14262,-0.13778643001542448
14263,-0.2763575648551222
14264,0.04227155147250923
14265,-0.08309334313804496
14266,0.01139304171838118
14267,-0.15300208289619943
14268,1.2651663556383665
14269,-1.2563087725196411
14270,-0.10659650959493162
14271,-0.22662875482124367
14272,-0.1059211821837794
14273,-0.1049517263721139
14274,0.0724768662881265
14275,-0.2648526031139177
14276,-0.2821138777022763
14277,-0.16729152809556452
14278,-0.7446414947496643
14279,-0.08956060720897882
14280,-0.17736421913585784
14281,0.8696936582961194
14282,-0.02818621006750567
14283,0.05883306044906103
14284,0.02929096187875114
14285,-0.5554050248471126
14286,0.8347151467609456
14287,-0.033181053125542995
14288,0.09687746751130334
14289,0.03349856417007401
14290,-0.09992437930945702
14291,-0.7508722537833701
14292,0.3272038318802419
14293,-0.22367198670261668
14294,-0.37338480596568174
14295,-0.11396532100210939
14296,0.2940868953463238
14297,-0.05212605914519496
14298,0.3850794680342635
14299,0.18801739797868397
14300,0.2955293861888147
14301,-0.2707675380392306
14302,0.33223937637379786
14303,-1.240541736120742
14304,-0.05114421017515018
14305,0.23264562660934507
14306,0.2222395398937426
14307,-0.01304726606970603
14308,-0.6670557253387068
14309,0.3188139819812137
14310,1.3499886194724455
14311,-0.10571865200129156
14312,-0.4497569226789918
14313,0.4223632865355959
14314,0.021755114971152578
14315,0.15910413903335946
14316,0.1669089649676676
14317,0.15945987759839897
14318,-0.19061300677925652
14319,-0.4288667469553884
14320,-0.25028664616823626
14321,-1.1091254443048473
14322,-0.013812119957814244
14323,-0.2505996408707055
14324,-0.2962836758658631
14325,0.2723993722009538
14326,0.05651865089253147
14327,0.10902369086452736
14328,0.6681441128778405
14329,0.023775301748803913
14330,-0.38273453295958737
14331,-0.5433424693484186
14332,0.19779903613407637
14333,-0.33742505940299206
14334,-0.7353886680787016
14335,-0.3282483539406909
14336,-0.06874211820965315
14337,-0.21237822168150336
14338,-0.009482618088499097
14339,-0.05592955029461918
14340,-0.06861347794501095
14341,0.24120470257663976
14342,0.12237606699675051
14343,-1.1645710369594364
14344,-0.011634588014155628
14345,-0.615725944561744
14346,-0.20262598947130173
14347,-1.7740119967146297
14348,0.34597346082035363
14349,0.17974744266897977
14350,0.16708186366900765
14351,-0.10494459640067084
14352,0.18301958613062083
14353,-0.42986195410353417
14354,-0.6883488765412719
14355,0.18579887335834597
14356,0.17237457322913582
14357,-0.03480714254621019
14358,-0.25928714561632077
14359,-0.275450677659527
14360,0.1453273111500748
14361,-0.658211352144838
14362,0.17689946795541034
14363,-0.9603438338688359
14364,0.10845843409426388
14365,0.011311577454914323
14366,-0.45171710348788024
14367,0.2602200069225365
14368,0.17805012349292823
14369,-0.6286931233994761
14370,0.17724485014673153
14371,0.3064302464166323
14372,0.5152479187995939
14373,0.12902773101234874
14374,-1.0803569632265193
14375,0.37802215456222155
14376,-0.9040530522946972
14377,0.483131245807911
14378,-0.4983155989470326
14379,0.18135437400263624
14380,-0.37712973515651793
14381,0.18122104734912287
14382,-0.6297707379533465
14383,0.1636515392115552
14384,-0.5929022788205788
14385,0.1510289474447701
14386,-0.43361135500963793
14387,0.12237606367042604
14388,-0.4930427717586162
14389,0.1677858609111234
14390,0.1641957262874519
14391,-0.5654306886806147
14392,0.0720053328250866
14393,-0.09521456500608268
14394,0.15726952008195577
14395,-0.7261490399137034
14396,-0.2783835486155853
14397,0.06769082705184312
14398,-0.0734552629528535
14399,-1.2039741078683293
14400,-0.11453238060561977
14401,0.14807423118849863
14402,-0.33243662510532
14403,-0.09332285417961393
14404,0.19036667361846085
14405,0.3471919068142662
14406,-0.011729669143365802
14407,-0.9465983281533937
14408,-0.1345664457395607
14409,-0.02666945382095471
14410,-0.5039818687376096
14411,0.21193686091501693
14412,0.245321805358951
14413,0.571202725649142
14414,0.10242068770197586
14415,0.1561269252172669
14416,-0.29971238057043753
14417,-0.5600365092307508
14418,-0.2569073884829269
14419,0.1902274830482971
14420,-0.2558513902360521
14421,-1.2391820255076387
14422,0.09225059709694618
14423,0.0486699618860317
14424,0.7761137046924368
14425,-0.42985518025481945
14426,-0.5017091926306305
14427,-0.7694375133636109
14428,-0.721359027256262
14429,-0.8306412515203663
14430,-0.28145314109421976
14431,-0.4528309657651824
14432,-0.47963059433611943
14433,0.7463676173244139
14434,-0.8623477094273293
14435,0.028588100105806563
14436,-0.05740802044566765
14437,0.46945744974113873
14438,0.4784607376225813
14439,-0.4610296007162711
14440,-0.13837853757321233
14441,0.1784372490120473
14442,0.038944702868103205
14443,0.6541139696304855
14444,-0.21024931697408522
14445,0.2092636061489891
14446,-0.17400519600528602
14447,-0.8186862741847907
14448,0.6420722898882479
14449,0.4898199121369389
14450,0.4801791798813531
14451,0.1074071976771152
14452,-0.6666445277744977
14453,-0.012789739675523146
14454,-0.952121085982172
14455,-0.03880000608514505
14456,-0.8379004568727653
14457,-0.04930173066559564
14458,0.6116360494961133
14459,0.3033864551763301
14460,-0.5003550994588013
14461,-0.13409239640332907
14462,-0.1399876378562803
14463,-0.1809912929754201
14464,0.07295296335441845
14465,-0.6570532855158512
14466,-1.976900026770783
14467,0.16278660664198905
14468,-1.2614169959128425
14469,-0.057103866518499795
14470,0.4935991870743095
14471,0.17064230286672788
14472,-0.0949664210212292
14473,0.14598411114235854
14474,0.1492406230521131
14475,0.20400207858844166
14476,-0.11450634897946227
14477,0.14825951650380031
14478,0.08895445281799792
14479,-0.17420771031174892
14480,0.8064681557089044
14481,0.06333244231968946
14482,0.09415330993255455
14483,-0.3140007475128438
14484,-1.4660023989404687
14485,0.5248223135751142
14486,-1.327230086525941
14487,-0.1665440042861185
14488,0.10807245427862938
14489,0.28013540743722637
14490,-0.09202457381570053
14491,0.10611733800093413
14492,0.15902264135095243
14493,0.03552148620067324
14494,-1.0078922519989875
14495,0.02148424107082888
14496,0.7295748877553359
14497,-1.814851188863141
14498,-0.013820947652445108
14499,0.42312537075181117
14500,-0.18201736659227036
14501,0.1436558315674482
14502,0.39815127219590424
14503,0.059135619062617974
14504,-1.8340448406046748
14505,0.016250821686031706
14506,0.046844638216929885
14507,0.039633556137421054
14508,0.19883328090285107
14509,0.09895671405394717
14510,0.057739179364670094
14511,0.6651746518627892
14512,-0.2234341840874042
14513,0.3376496185141631
14514,-0.3782680512728066
14515,0.0023766535451239064
14516,0.20581126335871142
14517,-0.6977041893849623
14518,0.2259693017387671
14519,-0.008336456259689928
14520,0.9727433042711455
14521,-0.6214516968882877
14522,-0.10349935784388213
14523,-0.1886526252999371
14524,0.13756246619340726
14525,0.15870263914798907
14526,0.11170819444986572
14527,-0.4542348510112578
14528,-0.12447664898824219
14529,0.08872488542229706
14530,-0.8012068417455582
14531,-0.7900338237048208
14532,-0.4920703357104067
14533,-1.4335520034592744
14534,-0.43066242756039147
14535,-0.9474005044292655
14536,-0.37234142050812274
14537,-0.9142241750889806
14538,-0.20302729211024895
14539,-0.9121282050061034
14540,-0.24965520777385475
14541,0.1922553329590417
14542,-0.5975783629232833
14543,-1.0985415126420985
14544,-0.0632593291456476
14545,0.1126877819917586
14546,-0.5999324983438452
14547,0.5529320929632353
14548,0.45412729449162675
14549,0.21768504691919813
14550,0.3556559167098679
14551,0.19128931474256433
14552,-0.7156114607623191
14553,-0.04759043029187244
14554,-0.34779167409392464
14555,0.19084863451844072
14556,0.016235764389832867
14557,-0.095508355817287
14558,0.5317350256964101
14559,0.19678608682816293
14560,-1.5251701134463447
14561,-0.03578547391271455
14562,-0.3737951403563159
14563,0.029090463645171042
14564,-0.26465169024747004
14565,-0.2825352163769433
14566,-0.7387932774997414
14567,-0.07937635441922353
14568,0.5155974289705741
14569,-0.576929793133833
14570,2.1268244088953145
14571,0.6023584033392009
14572,0.5942055006572677
14573,-0.4116106627727846
14574,2.190938499426638
14575,0.5876650475978064
14576,0.38520032046558106
14577,-0.5342313970503674
14578,2.1421653159951304
14579,0.5901061125901631
14580,0.059840835795868956
14581,-0.5223885446668771
14582,-0.2321675642087692
14583,0.07527866960022943
14584,0.5409075843856193
14585,0.2318380224963737
14586,0.3324122141824213
14587,0.7156458306753295
14588,-0.4872417050388543
14589,2.1918347176590522
14590,0.6031219771645082
14591,0.39448888850823216
14592,-0.08930159384426477
14593,-0.24748479210122104
14594,-0.1064881306783995
14595,0.6734538989288087
14596,0.19564584130246884
14597,0.13604775611784262
14598,-0.4162730724608692
14599,-0.13713656162280932
14600,-0.7913274556091034
14601,-0.18752634038170407
14602,-0.153966815270355
14603,0.5306144334811712
14604,0.16742374208816926
14605,0.47214656801302274
14606,0.18020201510585981
14607,0.6227964211991446
14608,0.15837402864366704
14609,0.13313337959332433
14610,0.6015440336435213
14611,0.10139850213147394
14612,0.37405218228149123
14613,0.21999439009492266
14614,0.4179233641249954
14615,0.11485885253476551
14616,0.4254482972890435
14617,0.2669711125661995
14618,-0.9973967170613407
14619,0.6004433906201253
14620,0.04989436205153065
14621,0.3354537378759408
14622,-0.1665632043481129
14623,0.3474335419070457
14624,-0.8590858339889769
14625,-1.1286676009992385
14626,-0.6105865244308151
14627,0.39471250201217606
14628,0.12596384598501434
14629,0.2724457381346569
14630,-1.410837644135313
14631,-0.7361778764212459
14632,0.24511918550825484
14633,0.12590053172595622
14634,-0.2186834908159314
14635,-1.0902688003326928
14636,0.37967581528473376
14637,-0.8304610858166793
14638,0.2347572185193341
14639,-0.7864321807087619
14640,0.21085244933367384
14641,-0.2996161720773483
14642,-0.14547068447005146
14643,0.2288959998528126
14644,-0.011354704766182848
14645,-0.8752817291508906
14646,-0.1316563777484709
14647,0.23545344472638982
14648,-0.8937667426127636
14649,0.49532857264309255
14650,-0.15528940994680562
14651,0.37073839033308614
14652,-0.6754535200762719
14653,0.6336724423286065
14654,-0.8737061278760516
14655,0.33046421561020284
14656,-0.26482259165798305
14657,0.06257480621331425
14658,-0.937622222738806
14659,0.2870528385491542
14660,0.4257406611686882
14661,0.25419825238513205
14662,-0.22872767759488258
14663,0.06394652337074236
14664,-0.11462075727914837
14665,0.41954641056830916
14666,0.5995450300229256
14667,0.5438178344832377
14668,0.7122222241955716
14669,0.4202955915825986
14670,0.10385468931897415
14671,-0.36262467103367657
14672,-0.38649151544864035
14673,0.08387701664759913
14674,-0.05599976875309598
14675,0.1491619484515036
14676,0.534658202259619
14677,0.18633702289147738
14678,-0.05561168451945159
14679,0.4555178324310491
14680,-0.9385498332925035
14681,0.31331832886183797
14682,-0.8215995659527668
14683,0.4045721444769972
14684,-0.04755769259669913
14685,-0.6466829078884291
14686,-0.9275158642246725
14687,0.4262754795248741
14688,0.024494446709483662
14689,0.02327083856233751
14690,0.4173146327216439
14691,-0.03819380369916554
14692,-0.09813065428618326
14693,0.26894331962506474
14694,0.1552285763704262
14695,-2.1852410953331654
14696,-0.17067223685352556
14697,0.18385576100622059
14698,-0.13195834428857287
14699,-0.08607476067703904
14700,0.27904326626216014
14701,0.7429563149007319
14702,0.3030925134616418
14703,-0.5518937393949014
14704,1.9759262700363698
14705,-1.09890056583126
14706,-0.2953318438819448
14707,0.12941915349850008
14708,-1.9935437455312508
14709,0.8518167604984569
14710,-0.2988306099668625
14711,-0.5487805753367373
14712,-0.2992951717554515
14713,-0.31645718420675945
14714,0.4821402240086133
14715,-2.4596481192238246
14716,0.028004950048015908
14717,1.1718485526266866
14718,-0.25020470851558696
14719,-0.5053052227570868
14720,2.04350334103486
14721,-0.7216976453090252
14722,0.052513976033788726
14723,2.167262673777844
14724,0.40649961693071446
14725,-0.4861083938297329
14726,2.0905618142215245
14727,0.583952694078142
14728,-0.016066150338533782
14729,0.4309808260109419
14730,-2.0508129155076977
14731,-0.3746443485894478
14732,0.5367934295118754
14733,-2.39488639757341
14734,0.05295030847427681
14735,0.8130538583782375
14736,0.01499243891159506
14737,-0.24066128891951763
14738,1.9606839421578506
14739,-1.2024815274015277
14740,-0.013845178933085154
14741,-0.6162116473408521
14742,2.0226862211529144
14743,-0.952252789461628
14744,0.8715253310905758
14745,0.012286422929370147
14746,-0.11521730409654543
14747,0.0660528165910839
14748,0.0741498429543302
14749,1.1046895933043368
14750,-1.1086737182587312
14751,-0.08491713065129397
14752,-0.0988545200267617
14753,0.10324552535309409
14754,-0.10943125682162616
14755,0.2437354550378489
14756,0.2204257794796915
14757,-0.0600430572904533
14758,-1.0195406214232159
14759,2.0006157561429134
14760,0.012400597607873296
14761,0.7972216262300454
14762,0.028503865825871423
14763,-0.1115613917448961
14764,0.0569888803314402
14765,0.33551024110342037
14766,-0.029848695982303764
14767,0.005533163860810721
14768,-0.12019123657323255
14769,-0.16458656366333543
14770,-0.012592285795382099
14771,-0.001973194354840314
14772,0.07902260150794127
14773,0.6331759860196535
14774,0.584205398246813
14775,-0.059982512145789896
14776,0.29613840644834527
14777,0.6390811081301497
14778,0.514965110252951
14779,0.24024944148255523
14780,0.21963927090120824
14781,0.2427142540152424
14782,0.12693167806241634
14783,0.2845925993719647
14784,-0.09791631917936103
14785,-0.2893157914052298
14786,0.216332087646449
14787,-0.18078157009049844
14788,-0.21345321918358104
14789,0.29704265425687
14790,-0.20921448387675098
14791,0.960096486398406
14792,-0.4414420358729632
14793,0.3267746280462165
14794,0.5820112104272861
14795,0.3474814552687619
14796,0.3102798698105171
14797,0.2790343786523366
14798,0.6511097830845066
14799,-0.08176339735098381
14800,0.31810806413544956
14801,0.2753961340110143
14802,0.027016478118214216
14803,0.08407073364419786
14804,0.24065006871318959
14805,-0.8966900109491783
14806,-0.0008153966582304207
14807,-0.8995077850888045
14808,0.5977473006994173
14809,0.1478122412344885
14810,0.17544215662603402
14811,-0.7690025413099285
14812,0.5825893172135588
14813,-0.12209194845302979
14814,0.5797590402414257
14815,0.8126938326826506
14816,-0.5721273506256817
14817,-0.8147771651006193
14818,0.05554626046350028
14819,-0.41345918073732063
14820,0.2620559031811714
14821,0.6274223819759811
14822,0.7358426640794228
14823,-0.40913181572799473
14824,0.10479653755702596
14825,-0.6273460203827792
14826,0.1276990556386134
14827,0.446838253192292
14828,0.3179735134103888
14829,0.1701737740473455
14830,-0.43717818677823883
14831,0.026261789959964116
14832,0.1827985243298013
14833,-0.824695241278253
14834,-0.10996025243976357
14835,-0.7684356866295653
14836,0.20821217715141332
14837,-1.2019335275825929
14838,-0.4131160235524548
14839,-0.38524369302730327
14840,0.16383169214356147
14841,-0.1639785120980084
14842,0.2442708768191737
14843,0.706738910977716
14844,0.5567851816465622
14845,0.7037113509249243
14846,-0.11468683076041068
14847,0.734182403078527
14848,0.15746301486656528
14849,0.18323143023719143
14850,0.3898836729157775
14851,0.4786474643130155
14852,0.2731882334223441
14853,-0.5338508248341606
14854,0.11465046905102672
14855,0.17784647141332036
14856,0.14215479914121723
14857,-0.27309049295596705
14858,0.82123660374213
14859,-0.008769342211050678
14860,-0.32636157615862105
14861,-0.4832354564248446
14862,-0.08098295709036459
14863,0.6432506895779386
14864,-1.0864654374531357
14865,0.4271602373519898
14866,0.26098574252250606
14867,0.8572387807555446
14868,-0.020314972839605126
14869,-0.09119916783929394
14870,0.7660991461052418
14871,-1.2910258656464548
14872,-0.2950550158527542
14873,-0.17968272318127076
14874,0.12472526409635894
14875,0.7703332134626756
14876,0.04133384541848518
14877,0.7178372549843829
14878,-0.6486388417856251
14879,-0.018814115127238296
14880,-1.7060146140557446
14881,-0.1644749962440562
14882,0.03896836271818858
14883,-0.02168506831873663
14884,-0.13796396603933384
14885,-0.0970592680402411
14886,0.30995867566374535
14887,-0.007644657029843056
14888,0.3101361637401244
14889,0.1042237313717744
14890,-0.0968444629926265
14891,-0.8802555364549117
14892,-0.5620018430607938
14893,-0.19702450458403767
14894,0.13769111765120673
14895,-0.2851940118654488
14896,-0.2603273456884244
14897,0.39639570380911565
14898,-0.08099472915526056
14899,0.6588432489012982
14900,-0.4730149691380218
14901,-0.07262106146433174
14902,0.32967907423273596
14903,-0.7914881520413347
14904,-0.8957726614317428
14905,2.140982045615275
14906,-1.19221370929462
14907,-0.05163938905815485
14908,0.7097869850367654
14909,-0.07994291206335673
14910,0.24866778958211666
14911,-0.19940618102080715
14912,0.37550730774499325
14913,0.13288185932569885
14914,-1.2781972894567801
14915,-0.01098982757988089
14916,-0.6797298372341215
14917,-0.4394687274611545
14918,2.0882829185560756
14919,-0.9775121574911083
14920,0.5799322809279234
14921,-0.5191596727235475
14922,1.9072366545570927
14923,-0.20061692710236378
14924,-0.014956964470754815
14925,-0.8636715277471158
14926,0.46340137375234847
14927,-0.6146649141008345
14928,1.9049182163613527
14929,0.4349307370663374
14930,-0.05566746790590074
14931,-0.18334271398858254
14932,0.04637799668797992
14933,-0.04528595645270213
14934,0.5420688913687778
14935,-0.48381263208443087
14936,0.34802254436448227
14937,-0.6494032159930292
14938,0.2472623534525461
14939,0.25774039061743154
14940,-2.163482011039
14941,-0.18651192437654115
14942,-0.6659680394398274
14943,0.12451309637787289
14944,0.015485754293822644
14945,-0.5140584050883237
14946,-0.4887235346879328
14947,-0.17989123081620284
14948,0.26595397321268305
14949,-0.045547956944142674
14950,-0.01113962293139795
14951,0.41039588039414965
14952,0.1681641045055805
14953,0.6223790613922641
14954,0.2593126455094552
14955,0.27936644675170486
14956,0.1623139129887484
14957,0.1455335044855021
14958,0.8105860071530404
14959,0.05562473598004988
14960,0.8611993431829504
14961,0.8814942434566967
14962,0.3734702978628638
14963,-0.826787488263724
14964,0.3008074426345091
14965,0.14826503771362606
14966,0.2602117229857656
14967,0.24633627544811276
14968,0.2795899175921952
14969,-0.7574835267175953
14970,0.3187957575189696
14971,-0.9984528515268561
14972,0.24372257977920322
14973,0.6867620291827886
14974,-0.6689761467656956
14975,0.9106129560098998
14976,0.7335017297890835
14977,0.38434777510033813
14978,-0.8510877999910367
14979,0.10442214066268393
14980,0.3006525358171985
14981,0.8505703823478952
14982,0.7950588625979413
14983,0.4157675697890488
14984,0.578408426204492
14985,-0.9339120329189963
14986,0.3636067184950776
14987,-0.7271511538916218
14988,0.4396409621389224
14989,0.34329602368442225
14990,1.041433816772288
14991,0.8621030558354313
14992,-0.03362745402768766
14993,-0.1907191044611551
14994,-0.8211635476817378
14995,0.3118599227169557
14996,-0.205360108613122
14997,1.7972483956751182
14998,-0.35277011047983764
14999,0.39281307020445017
15000,1.328934547608996
15001,-0.006724498187735137
15002,0.20616072495025425
15003,-2.4343118625384577
15004,0.29148334993889596
15005,0.729414565669751
15006,-0.3653925810255402
15007,-0.0019644917763689674
15008,-1.1447915536194397
15009,1.6336962573511054
15010,0.20665486133242633
15011,-0.13903608259994674
15012,1.8505313047695007
15013,0.49461479454265095
15014,-0.9172813412685105
15015,0.7146183240066373
15016,1.7875359334674608
15017,0.003677850144009294
15018,0.8329975383792959
15019,-0.2858552697437191
15020,0.43360511519902045
15021,-0.0111306485089182
15022,0.26102112741254174
15023,-0.03586101197464873
15024,-0.03707425621902301
15025,-0.628780829293674
15026,1.7765981499183487
15027,-0.9272176968746141
15028,1.1136855273198996
15029,0.3246698656763012
15030,-0.4629588848076958
15031,0.4982539461477587
15032,2.2433196463919574
15033,-0.048071967946677174
15034,0.5391960777504833
15035,-0.2430365730123752
15036,0.13515153842059174
15037,1.2789711581251204
15038,-0.09658016975822357
15039,-0.3534141737083494
15040,-1.2801249234995806
15041,0.03206343293688873
15042,2.0000612504038036
15043,-0.2135158196922462
15044,-0.021877890390559124
15045,-0.7362757730046611
15046,-0.14326456976385435
15047,-0.30949825851150486
15048,0.3581907109960872
15049,0.2512895929155333
15050,0.20538540728145938
15051,0.5168994380905734
15052,-0.5243371982714382
15053,-0.42333812060135695
15054,0.44193139787738733
15055,-0.4307079401666552
15056,-0.16682708989781417
15057,-0.9741218641249788
15058,0.4568332360673329
15059,1.0459606974892781
15060,-0.2054978603494327
15061,-0.07833692297875045
15062,-0.17334039616218272
15063,-0.3339799481105066
15064,-0.7510482920524421
15065,-0.2255595241290799
15066,0.25802108625772346
15067,0.39591785737402585
15068,-1.1142493196093028
15069,-1.6272041455191224
15070,0.3613322415401137
15071,0.5087501726824021
15072,0.2793422780065507
15073,0.06346604815661828
15074,-0.04401438783645176
15075,0.03064552221095264
15076,0.24142258151989243
15077,0.5460335491238854
15078,0.2574828392893594
15079,-0.07915823063355819
15080,-0.14520785629690303
15081,-0.24090665056028207
15082,-1.1921728504862865
15083,0.694047680789538
15084,0.019543928560803853
15085,-0.7595576329760554
15086,1.6695083992453834
15087,1.6995155742864925
15088,0.18598216394797898
15089,-0.06680616036635259
15090,-0.1898483625550412
15091,-1.774763130402336
15092,0.3473127675552058
15093,0.2390608882833854
15094,0.037006312497641095
15095,0.616985511678231
15096,0.35631775584060726
15097,-0.04254624664596558
15098,0.8880950154651777
15099,-0.1662961425376689
15100,0.021904740458710648
15101,0.8109923902682523
15102,0.03954859949695329
15103,-0.035911054709522
15104,-0.16921143193016402
15105,-0.30169402607759543
15106,0.21191264216083439
15107,0.30197948201819075
15108,0.19965742716616677
15109,0.27753127793692534
15110,0.2705627172259978
15111,0.07609343131674434
15112,0.18518866664470002
15113,0.1976161986685602
15114,0.024671823043840583
15115,-0.10462818068072548
15116,0.6043596871372832
15117,0.27583057649716863
15118,0.23856070847194144
15119,0.19386020059069398
15120,-0.09952351058977445
15121,-0.022907703139855243
15122,-0.05705076449185193
15123,0.2176395433686364
15124,-0.27590711806422075
15125,-0.1734097036294739
15126,-0.1978608423095963
15127,-0.14256766148629826
15128,0.2557316800146933
15129,0.6617640586231354
15130,0.15017302693398976
15131,0.8470524854380097
15132,-0.10260896792478962
15133,0.5118356583220968
15134,-0.9495784181552396
15135,-0.08388632839273454
15136,-0.16181107694434407
15137,0.5185214375499899
15138,-0.1458195758475297
15139,-0.36377171319722307
15140,0.5250637494062811
15141,0.051338474917901535
15142,-0.10917475966781254
15143,-0.04090042260184991
15144,-0.1596477387899746
15145,-0.3340509754797004
15146,0.2751848586962907
15147,-0.4255960358838415
15148,-0.3193644391791719
15149,-0.5129307581923219
15150,-0.2704709302247124
15151,-0.12068221117048748
15152,-1.766818565103096
15153,-0.1905762520721344
15154,-0.3077197832480595
15155,0.2753563763177805
15156,0.28872109762185705
15157,-0.009144861080040463
15158,0.5500166456526469
15159,-0.5689837116451234
15160,-0.27709464577176435
15161,-0.007141016517184789
15162,-0.7685121123968564
15163,0.11075435658358196
15164,-0.7378185638830832
15165,0.36838214351257387
15166,0.001418824747934681
15167,0.16746970169936182
15168,-0.6065332093841982
15169,-0.8839073871763502
15170,0.07456224816004829
15171,0.014295160460209722
15172,0.037588219915311416
15173,0.31876194485821757
15174,0.02031362072720698
15175,-0.9036942054654383
15176,0.41967069018095227
15177,-0.09047387515810701
15178,0.133070027717402
15179,-0.47341225888025423
15180,0.22552961537878355
15181,0.4539726845636019
15182,-0.2182897226968985
15183,0.16161998739664307
15184,0.16845694560637686
15185,0.20538223959412985
15186,0.09195900278740936
15187,0.17757470423935529
15188,-0.4371133131767955
15189,0.3140139516571699
15190,0.2483515072384137
15191,0.4365779616385071
15192,0.005550731286927594
15193,-0.7259591007998494
15194,0.10650654762987513
15195,-0.872309360919256
15196,-0.006155178008001689
15197,-0.5322340358078773
15198,-0.18200093566871903
15199,-1.03428714393251
15200,-0.14395496440688874
15201,0.2661919697528156
15202,0.17459634901358145
15203,0.19184854874084353
15204,0.18765302258993388
15205,0.8711703947910256
15206,0.2930483517924556
15207,0.17243194909282838
15208,-0.9153424777566344
15209,-0.11105571853406761
15210,0.33000207992748043
15211,0.42088324011427997
15212,-0.04949665520496044
15213,0.13085212895103507
15214,-0.08630661173645779
15215,-0.4374459391163701
15216,0.05997167030205373
15217,0.1153084280425348
15218,-0.7303728753359566
15219,0.1354571702904888
15220,-0.06733306642483125
15221,0.17655681882095198
15222,0.33656554456509846
15223,-1.3526391264254256
15224,0.06897643340529262
15225,-0.582236258735865
15226,0.08367452874057021
15227,0.06989822199213644
15228,0.3999445646138558
15229,-0.20331858873853573
15230,-0.989966155550754
15231,0.030834648525186917
15232,0.1070642538447913
15233,0.821804390521675
15234,0.18723909070786768
15235,1.0597449205943272
15236,0.3503540943512793
15237,-0.023638157643035923
15238,0.5800376451563276
15239,0.11739094510846258
15240,-0.029524058277257403
15241,0.5153299480457042
15242,0.16671970271000955
15243,-0.1483286159269255
15244,0.811743301573296
15245,-1.3906981037580397
15246,-0.16370585237811155
15247,-0.008703911554707707
15248,1.1661193670473204
15249,0.1089757746193937
15250,0.5054585781228818
15251,1.0275498130265435
15252,0.02691001661896133
15253,0.5836354973323974
15254,0.5849613395438215
15255,0.39567701196906446
15256,0.056175012712260185
15257,0.5621791737737473
15258,-0.09408706566473432
15259,0.7363715041442235
15260,0.12900053842601222
15261,-0.04450237072549349
15262,0.8855976925702352
15263,-0.650877044722484
15264,0.13244901890187516
15265,0.49504298414460474
15266,-0.9745807021376285
15267,-0.010200252287065815
15268,0.7668944394554625
15269,1.197418137172268
15270,-0.09365181414477272
15271,0.10642020022404187
15272,0.15527459310538966
15273,-1.1065751630737641
15274,-0.1362258597010762
15275,-0.20701902489374222
15276,0.10088241366628521
15277,-1.6628786699050173
15278,-0.3279737455422121
15279,0.03690765399161743
15280,-0.3011851085824854
15281,1.5069175351717092
15282,-0.29560719905631855
15283,-0.2025108335431744
15284,0.10157728725542699
15285,-0.6707574443879005
15286,0.20896017624275984
15287,0.40788706974679884
15288,0.28179168322349163
15289,-1.3075695075714975
15290,-0.7155325664241942
15291,0.30260748836622564
15292,0.11635847543801361
15293,-1.1998935544678693
15294,-0.164510601276453
15295,0.11342605578917953
15296,0.0540315715732093
15297,-1.2728169474413318
15298,0.10876266999836114
15299,0.06474555126696993
15300,-0.18718913006214216
15301,0.13855756956401943
15302,0.236254746488241
15303,0.14372678414239298
15304,1.2877903332354295
15305,-0.05435152254721681
15306,1.2700945940064097
15307,0.2854754020742163
15308,0.3237200831831704
15309,-0.19957671591720266
15310,0.1076972287964034
15311,1.0935315165826052
15312,-0.055762328455875504
15313,-0.3504519143283715
15314,0.12825757853941266
15315,0.4163525043085638
15316,-0.1617752828358827
15317,-0.25796121830539437
15318,-0.08309138628270599
15319,-0.19869337777454613
15320,0.1452628028126813
15321,1.3820991857210252
15322,-0.29593999612473515
15323,-0.11793580051924206
15324,0.8527785106502649
15325,-0.2007063686269617
15326,0.005916141348290347
15327,0.2480627355903693
15328,0.13029749133179966
15329,-0.6240776629673577
15330,-0.2151770652192588
15331,0.29197032900928116
15332,-0.6114691239046208
15333,-0.15153039129666074
15334,-0.15648549613372278
15335,-0.1495683879088909
15336,-0.1402039680546875
15337,0.12985229669874235
15338,0.3701801400498534
15339,-0.27213463583881764
15340,0.2427115959028096
15341,0.1875636280576868
15342,0.1593817639036202
15343,-0.16241478763552786
15344,0.27976227626511885
15345,0.5978919345038962
15346,0.1508798752472848
15347,-0.19308235646294955
15348,0.4646874838676644
15349,0.7798784197498999
15350,-0.04557161783171939
15351,-0.8882441957709941
15352,0.26570806646749445
15353,-0.2270559220879351
15354,-0.051233330773208206
15355,0.22394356536217494
15356,0.6272779733386932
15357,0.08771138139662375
15358,-0.2865929236463981
15359,0.6417516670362471
15360,0.16368950648191974
15361,0.4968189686213582
15362,0.42547031087881815
15363,0.28409266953058937
15364,-0.8737948883917487
15365,-0.07272213852739774
15366,-0.1443269513125571
15367,-1.002384520516199
15368,-0.06235442576269339
15369,-0.303989882851601
15370,-1.0231246323834942
15371,1.2836562172565609
15372,-0.09382184696889755
15373,-0.8766000506590178
15374,1.126525917438819
15375,-0.45457810359609035
15376,-0.07891447165274465
15377,0.437962284539268
15378,0.016174801709054526
15379,2.0620640581130845
15380,0.21455825227541156
15381,0.41418414580670365
15382,-0.5518972143124208
15383,-0.09162818760379983
15384,-1.0973424824818108
15385,-0.09417069467089523
15386,-0.7462492978466915
15387,-0.9021904738187834
15388,-0.9033738018712819
15389,0.707775690591949
15390,-0.6470704998440417
15391,0.2749223404100764
15392,0.10333553715543231
15393,0.9489455106303482
15394,0.40320346765733606
15395,0.09389762770200492
15396,-0.6316787454638738
15397,0.62835322594649
15398,-0.9760932094679698
15399,-0.052546186794253685
15400,-0.902395057619107
15401,-0.061554463447961
15402,-0.14682839654401886
15403,-0.6615197844530313
15404,-0.021255049436501375
15405,0.025732847063862106
15406,0.1869601608917628
15407,-0.5654406198054074
15408,1.9429444575665666
15409,0.4068878182925553
15410,0.7321721290359765
15411,0.010518898483857123
15412,-0.20062606513790296
15413,0.051561693391931576
15414,-1.2976928892736148
15415,0.33675982868054694
15416,0.7268977042105575
15417,1.4386628687716163
15418,0.33266193590778537
15419,1.0972954263676336
15420,0.14296786820721086
15421,0.33004948677803975
15422,0.5471799939073462
15423,0.2961745298085173
15424,1.5187701631158637
15425,0.1411154233016207
15426,0.5039947831740809
15427,0.22467235081131356
15428,-0.482705375107287
15429,-0.09918599280362099
15430,0.1405965378474987
15431,0.1376386913132863
15432,-0.15622527596741279
15433,0.31695902012516936
15434,-0.378885638666881
15435,-0.10262806013512024
15436,0.11950639401344973
15437,-0.3318755010684848
15438,0.23501288806392392
15439,-0.8855498867847938
15440,0.4551810355991894
15441,-0.7453142737028164
15442,0.31152279408276307
15443,-0.7182270740986558
15444,0.32812646502951404
15445,-0.7976884449588402
15446,-0.35532695825459776
15447,0.26930701868802176
15448,-0.636206048848438
15449,0.4406517779526763
15450,0.3996180368128245
15451,0.03774501395759223
15452,0.31090012099550546
15453,-0.9383091370606816
15454,0.3452084931773592
15455,-0.14788046406709418
15456,-0.19379103682782145
15457,0.2773807146838747
15458,-0.13462812918603576
15459,-0.12596955418736647
15460,0.18009721441641324
15461,-0.6036617832639106
15462,-0.00493002818987155
15463,-0.35384168978131864
15464,0.37406422449600724
15465,-0.9147062054528581
15466,0.6191657647933382
15467,-0.14008595346396563
15468,-0.043541677638245596
15469,1.3788410244054634
15470,-0.30965258214237373
15471,-0.6860049382667632
15472,0.39409878181956504
15473,0.8890735750708423
15474,0.18829739337141677
15475,0.2000855451327926
15476,0.41751030765414043
15477,-1.2915375827064262
15478,0.5565552753537878
15479,-0.40163002890073535
15480,-0.1270889096607462
15481,-0.4604465169751573
15482,0.44429709278451524
15483,0.6864474446398232
15484,0.4326249458229563
15485,-0.0757251060778445
15486,-0.557453940279929
15487,0.42640409510566957
15488,0.6102924088351936
15489,0.6646794465769936
15490,-0.46762725223522783
15491,0.2987305360756018
15492,-0.03383293208914272
15493,-0.0882140711812708
15494,-0.3862542860254104
15495,-0.3824187632465624
15496,0.17762008798981344
15497,-1.2186787188140074
15498,0.48582979212904703
15499,0.5653207969903611
15500,0.47444293067325793
15501,0.36689655691666523
15502,-0.07845990181246922
15503,-0.06533972912184788
15504,-0.14259536397902095
15505,-0.12722439849433995
15506,-0.034409341271505384
15507,-0.8864584094088608
15508,0.42516428955033225
15509,0.04994778127119027
15510,0.5048170813685036
15511,-1.5915453955903516
15512,0.12153895629072935
15513,-0.2123612042961489
15514,-0.6029340839740169
15515,0.07315465827797972
15516,-0.047829710445647745
15517,-0.011273660908463223
15518,0.25938995309052604
15519,-0.08505015352929463
15520,0.05278717171503311
15521,-0.19932447031620473
15522,-1.779308872517961
15523,-0.07385960605326938
15524,0.931903696049805
15525,-0.6797166193680559
15526,-0.2570197859961714
15527,-0.1561904352373188
15528,-0.07679254557634944
15529,0.28342476215213785
15530,-0.09995962053028296
15531,-0.4628049597133025
15532,-0.058994750592778825
15533,0.4324897761981434
15534,-0.6425430635370255
15535,-0.03906427835662008
15536,-0.0651359384489394
15537,-1.289046418476929
15538,-0.06546443941018022
15539,-1.2224354580260122
15540,0.40267018148322564
15541,-0.9185583196604006
15542,0.5511427431656598
15543,-0.30641782220776953
15544,0.46583853757073923
15545,-0.6491105399327827
15546,1.8994783793246732
15547,0.604335983699559
15548,-0.8128249959865641
15549,-1.1001022864131738
15550,0.7009752963064501
15551,-0.5724656624594382
15552,0.514198048490446
15553,0.10603337683982651
15554,-0.7835470224362505
15555,-0.0191141639391432
15556,0.010444008343845967
15557,-0.13465565286934394
15558,0.3179664188686432
15559,0.031155386763616358
15560,1.4265884139996754
15561,0.19305296659301172
15562,0.7858970384955355
15563,-0.20003604140657946
15564,-0.0627165056796529
15565,-0.13405992114170245
15566,0.5173020531456786
15567,2.112348377445378
15568,-0.13570874599952326
15569,0.6236749925269199
15570,-0.17879352343876775
15571,-1.994283280866429
15572,0.03160364211667901
15573,0.23569257194170368
15574,-0.5688256788026261
15575,0.09140347223433698
15576,0.2875755837801251
15577,-0.22398109961146775
15578,-0.0006089970592510805
15579,-0.0008167334246964501
15580,0.5889331372162451
15581,-0.09365274757351928
15582,-0.4505764936340076
15583,-0.29423968459364397
15584,0.2981801393276919
15585,0.6934044863189714
15586,0.07786602226832584
15587,-0.10073640787692353
15588,0.6320322101762925
15589,-0.37289557962609915
15590,0.21998683277144018
15591,-0.6557700586833214
15592,0.4282898110277847
15593,-0.04098458745006698
15594,0.6724927167898296
15595,-0.33388702418671834
15596,-0.5472059674195938
15597,0.010970961993456672
15598,-0.2626105848123646
15599,-0.48130301970582334
15600,-0.05745911908076796
15601,-0.06543263977777534
15602,-0.559494368143384
15603,-0.294827031226087
15604,-0.13956507782331104
15605,-0.08162519245189175
15606,-0.4792524557405662
15607,-0.13003939879198323
15608,-0.02662042109530205
15609,-0.16800828034877935
15610,0.5776076295337516
15611,-0.17495247069383893
15612,0.16213900442640145
15613,-0.5566898596475711
15614,-0.20311293377890835
15615,0.03771127312832366
15616,-0.28286993672492744
15617,-0.5112730056329295
15618,-0.23461934433220297
15619,-0.024269938605369176
15620,-0.2860016177873771
15621,-0.49941721694624436
15622,-0.09295779654079832
15623,-0.6592342912243736
15624,0.19876405050920598
15625,-0.4941288533750742
15626,0.16121500995095864
15627,-0.3915089079944996
15628,-0.9555401585729452
15629,-0.7285827669807998
15630,0.24241152919775902
15631,-0.6227422864165962
15632,0.16914745152525537
15633,-0.6713891664399273
15634,0.04908461308085198
15635,-0.6443128529541384
15636,-0.7057918754275091
15637,0.6370879224671505
15638,-0.4425028289196774
15639,0.09756083660608172
15640,-0.7792289409184803
15641,0.3850519133466362
15642,-0.3518307875903442
15643,-0.011202008872467464
15644,-0.5219776088472144
15645,0.1599687935367468
15646,-0.8805658987401864
15647,0.17024830720179585
15648,0.1793752104367809
15649,0.26798876181094433
15650,-0.5974414059028513
15651,0.17258645628973524
15652,-0.6336828895259047
15653,0.14528531045424908
15654,-0.537506647454053
15655,0.1389779090386492
15656,0.17900851252141894
15657,-1.1801857079343017
15658,0.029582102839495555
15659,0.43771218747725643
15660,-0.8403223101219323
15661,0.9000113403288764
15662,0.27955126374620887
15663,-0.7692570055558855
15664,-0.26030490238131043
15665,-0.4923071071599868
15666,0.07654384224759772
15667,-0.06043043069571494
15668,0.3794716221580705
15669,-1.1055399275371007
15670,0.1052653729254186
15671,0.2849011843162052
15672,-0.9117550660734942
15673,-0.42725204354033186
15674,-0.6130534427027661
15675,0.2810316219060297
15676,-1.3238265229004123
15677,-0.28237677362143554
15678,-0.6379923657502033
15679,0.303121486933164
15680,-0.8600724014723842
15681,-0.21294154529206144
15682,-0.7638234903663755
15683,0.32387332421654996
15684,0.5020751393114063
15685,-0.0025672080834966814
15686,0.6499997997513929
15687,0.18255155225536776
15688,0.0970969047847153
15689,0.6500652914528214
15690,-0.7735114568216483
15691,0.07249053342183046
15692,-0.6679279427130568
15693,0.29398130165865655
15694,0.07726745410908481
15695,-0.25902636855202815
15696,-0.041191328052747646
15697,0.03281825401834935
15698,0.28034211216505606
15699,-0.32897215930536317
15700,-0.3678119671609242
15701,-0.11116667571707665
15702,-0.009885620457008224
15703,-0.2765102870244438
15704,-0.5413461271845661
15705,-0.0762068578769785
15706,0.08119014685467382
15707,-0.1847878331188787
15708,0.7218591128181933
15709,-0.4116539831232495
15710,0.11029478771903731
15711,0.234378838262576
15712,0.6559284073106852
15713,-0.4727312194951661
15714,0.16546064305283525
15715,-0.044468175398454005
15716,0.8063457648641548
15717,0.19839960854939553
15718,-0.40531954164472006
15719,0.20466356129731877
15720,0.20174252187619138
15721,-1.8965551177998223
15722,0.009096429890122541
15723,-0.6807161771805782
15724,0.07046919718077499
15725,0.0858500518231903
15726,-0.36536193508835163
15727,-0.14831493104472648
15728,0.037435988882595396
15729,-0.4835986377618542
15730,0.18960734507938296
15731,0.06365567317005023
15732,0.004395476729499713
15733,0.07578197876274656
15734,-0.8491791366591552
15735,0.13813051297708503
15736,-1.5820382610022214
15737,-0.3069004554498433
15738,-0.10118461147434811
15739,-1.0615503005997413
15740,-0.36144537500247553
15741,0.028787358544829587
15742,0.26708341261726576
15743,0.01052037361972682
15744,0.13669320080977695
15745,0.051758980559156495
15746,0.41976680600804345
15747,0.027721582450392534
15748,-0.3897894783814625
15749,0.21636902658992724
15750,2.1694335690630946
15751,0.41493663784500234
15752,0.4713604526467917
15753,-0.7237900548519731
15754,1.95325791374327
15755,0.17343088649415866
15756,2.0818607314889697
15757,-0.7956393361288361
15758,-0.17665994209961444
15759,-0.20854118735449623
15760,-0.6691563090029338
15761,-0.14339020318049292
15762,-0.15583318044917382
15763,0.8157206616973885
15764,0.12566284382577747
15765,0.059572580783581595
15766,0.8109296413991209
15767,-0.693269409782196
15768,-0.35020584747386097
15769,0.35689489545519987
15770,0.5817024923192332
15771,1.5366908492715632
15772,-0.8449270428411324
15773,0.24371808906293518
15774,-0.5475445936386673
15775,-0.3047193602460278
15776,0.3561264136409493
15777,-0.750582428375622
15778,0.46318539225836813
15779,-0.9071491548091306
15780,0.3396102301223918
15781,-0.8029163345494664
15782,0.47770446264907385
15783,-0.28833727824954314
15784,0.23630914070080739
15785,-1.029311393548456
15786,0.4313370225086127
15787,-0.7933374999899254
15788,1.9314972611851013
15789,-1.2770102635079112
15790,-0.43813275166979204
15791,0.357155262624105
15792,-0.8652264333199158
15793,0.48703569287522236
15794,-0.41054908158111536
15795,-0.037237967866028204
15796,-0.09080233613018847
15797,0.16975237690670947
15798,0.2156980451102845
15799,-0.7976965754638232
15800,-0.8057860203147049
15801,0.39963180448874314
15802,-0.8646490386320077
15803,0.48898996883413237
15804,-0.9163520239506765
15805,0.44209223921102
15806,-0.9015613010691594
15807,0.5321384370785082
15808,0.2685693548238708
15809,0.22031848171739993
15810,0.236400435000609
15811,0.21827041295862168
15812,0.21744711312540171
15813,-0.8856328835474606
15814,0.47616264012264076
15815,-2.1429741440085386
15816,-1.0178397700538602
15817,0.5813872218395456
15818,-2.175499345345885
15819,1.0097522151838787
15820,-1.0470508370563927
15821,0.26794753507276825
15822,0.27052254081565724
15823,0.30163973859453175
15824,0.4910236638321911
15825,-0.29110883016365
15826,0.60489637260149
15827,0.35266483724801967
15828,0.06304843648827306
15829,0.38494584588944386
15830,0.1553496639708551
15831,0.5043622414793179
15832,0.18305642126220975
15833,-0.5765918158477645
15834,0.6226879595026782
15835,0.41670485735228313
15836,-0.8553695906787406
15837,0.3927964960134068
15838,0.5760872230945433
15839,0.2211159539456722
15840,0.5931121658082531
15841,0.7163628178040309
15842,0.8508602551786288
15843,0.7878610657724455
15844,0.2555782977255581
15845,-1.2240730890653058
15846,0.2974754435330893
15847,-0.9736339132123116
15848,0.3121862552299555
15849,-1.1415782855898464
15850,0.5128711407743173
15851,0.3609461507175993
15852,0.9337774868659869
15853,0.72442420968652
15854,-0.042908954113415915
15855,0.3967207084936727
15856,0.34046945654577077
15857,0.2984547768552307
15858,0.5782387536259004
15859,0.0002887705729219298
15860,0.3439130532177855
15861,1.0973495829337534
15862,1.185291596454551
15863,0.30706295468423467
15864,0.5549647146152535
15865,0.0075655993742208836
15866,0.07569124847127737
15867,0.09278034220824642
15868,0.051913003580693284
15869,-0.06806971702057381
15870,0.3378785539070352
15871,0.00903507267087052
15872,-0.020265123361430996
15873,-0.5592379348612638
15874,1.3103223062902043
15875,-1.03077557711717
15876,-0.07406801326761685
15877,-0.1265663923050329
15878,-1.437344004771783
15879,-0.013837816644248142
15880,-0.008078735166539579
15881,-0.6865572120770836
15882,0.8436642685250971
15883,0.27491445275335025
15884,-0.5257523171363409
15885,-0.09283568767093009
15886,0.11045747077477001
15887,0.31168189595532897
15888,-0.4439438319327683
15889,-0.06658645215652893
15890,0.16768082035624235
15891,1.1151083435809517
15892,-1.563607112051735
15893,0.5549259051583244
15894,-0.1612808773779406
15895,-0.051495611391131096
15896,-0.1909673461647214
15897,0.22988665278225345
15898,-0.039763576420679035
15899,-0.005316287988332421
15900,-0.6463840695243636
15901,-1.1735391972327722
15902,0.3611305002122305
15903,0.9604230722235804
15904,-0.048118043657982064
15905,-0.14415813074843592
15906,0.0123325542049092
15907,1.9925543078304468
15908,-0.8337939147919369
15909,-0.18234444056966445
15910,-0.22264631819249395
15911,-0.10231268451096509
15912,-0.6616098372749553
15913,0.7667144369715405
15914,-1.0080355045885514
15915,0.2509818472610371
15916,-0.33136981556360307
15917,1.6314451371440881
15918,0.4535835917232645
15919,-0.05951410636157825
15920,-0.6881409989829136
15921,0.35714976207505733
15922,-0.07625878567148375
15923,-0.5041599115302494
15924,0.431365379432783
15925,-0.1359382725041566
15926,-0.7470165240737281
15927,0.2073061497998472
15928,-0.07403890203396948
15929,-0.011536877714391302
15930,-0.10102566390136404
15931,-0.20587038953811654
15932,-0.4402982450446149
15933,-0.6864251730726479
15934,-0.5249989178805674
15935,-1.0366380426456663
15936,0.527359261538785
15937,-1.5946059304147375
15938,-0.11786763643580125
15939,-0.29714011401892787
15940,-2.2722821811504925
15941,-0.2513088255060807
15942,0.32650939659425543
15943,-0.12016976566268155
15944,0.22792583628599253
15945,-0.15735430517225127
15946,0.1475276580138156
15947,0.2258334218106753
15948,0.05368532095355567
15949,0.17313560784670437
15950,0.23718986964503694
15951,-0.07502141137450674
15952,0.517776081907359
15953,0.123510010071754
15954,-2.0743459189013347
15955,-0.032020582699909914
15956,-0.8078376762725038
15957,-0.12588804679923485
15958,0.5142402627050946
15959,0.033186844602339956
15960,-1.807175454537194
15961,-0.19463254931209198
15962,0.2561034829952239
15963,0.2519258414294635
15964,0.1537608877222125
15965,-0.10438181479895149
15966,0.13831980592312043
15967,-0.764159718403846
15968,0.03200808292160882
15969,-0.010153318058155291
15970,-0.8183521125697788
15971,-0.062253581417774886
15972,1.7135380192573886
15973,-0.9174198152668734
15974,-0.09745767366972885
15975,-0.2520931263352989
15976,-0.21634081679781436
15977,-0.2328798009463178
15978,-0.16921526550793167
15979,-0.09564476550895992
15980,-0.09653880787162335
15981,-0.3138759202825863
15982,-0.20784968248209384
15983,-0.23254990706953949
15984,0.8685829808856466
15985,0.1710046319487223
15986,-0.13073931110614942
15987,0.11790341575365614
15988,-0.9150357779575357
15989,-0.1463812758572707
15990,0.17432714567735486
15991,0.1973962038866576
15992,0.17911124824705457
15993,-0.12067133089438725
15994,0.16725253997222753
15995,-0.8435751899298971
15996,-0.10791681758334905
15997,0.005945841584599945
15998,-0.9027144014585421
15999,-0.11919661809798936
16000,0.09752492095637383
16001,0.45288209661661627
16002,0.16877503891023724
16003,-0.8841067521927082
16004,-0.14003847513795967
16005,0.10584267981627342
16006,-0.017019947618932395
16007,0.45517292903625833
16008,-0.050718853850763364
16009,0.08607858311017792
16010,0.03217294713773876
16011,0.05584224579341995
16012,0.21319231295978025
16013,0.3639432912687481
16014,0.049588223579937384
16015,0.6963259465356266
16016,-0.1022533775195129
16017,0.5650623413420859
16018,-0.2839378935604243
16019,-0.7251602595472546
16020,-0.003492627132098602
16021,-0.2268056432231482
16022,0.306150713402292
16023,0.10861056305448258
16024,-0.32511578870333063
16025,-0.7834194403143155
16026,-0.2108322291569167
16027,-0.3310481335871819
16028,-0.6021784366323643
16029,0.10173554376459469
16030,-0.020853805906475963
16031,-0.32556957026742633
16032,-0.28226683371219635
16033,-0.2353015574327918
16034,-0.024394078999805884
16035,-0.34140161232000266
16036,-1.1142491785280877
16037,0.18414914232917273
16038,-0.030312461407794145
16039,-0.352789292151335
16040,-0.4589224980924596
16041,0.004201012871878301
16042,-0.13030901078154575
16043,-0.2895329754830424
16044,-0.5657694009929548
16045,-0.24854855459056852
16046,0.056707543620325374
16047,0.06929222035377881
16048,0.11628131341614782
16049,-0.3277479982802723
16050,0.2520536252809315
16051,0.22575574973483656
16052,0.16411601593561617
16053,-1.3494193095696403
16054,0.061956936972699904
16055,-0.6212227154855675
16056,0.13098654273794522
16057,1.118866021039606
16058,0.22207394468181726
16059,0.17639019315956014
16060,0.05597493420031447
16061,-0.33742626783928487
16062,0.23116491148705814
16063,-0.23190539107523805
16064,0.07052488026373471
16065,-0.310419323074726
16066,-0.33600055495485337
16067,-0.5046318664534559
16068,-0.2255196906898872
16069,-0.18133284203739305
16070,0.373256776488077
16071,0.03841581344262165
16072,0.16551117002479548
16073,0.3145285743230602
16074,0.017051019184112927
16075,-0.1891454621638327
16076,0.20151142034047725
16077,0.004902389725725412
16078,0.0937657122137779
16079,0.8508995425926698
16080,0.04268173059497549
16081,0.3428160742840463
16082,-0.16994448401257314
16083,0.15680219420671002
16084,-0.29808938576604066
16085,0.2414880756803156
16086,-0.7815829509903798
16087,0.16856321678455072
16088,-0.4704883078601025
16089,0.11934536669324859
16090,0.16677344849365913
16091,-0.5851363243929107
16092,0.14819422098309112
16093,-0.6933312933568148
16094,0.11836937272058419
16095,0.16696712436026567
16096,0.19036474653381966
16097,-0.33291091700967473
16098,0.05353616522268539
16099,0.18428085584549786
16100,-0.806922005754148
16101,0.11542833978373489
16102,-0.7346474272285773
16103,0.6573464938814205
16104,-0.717896161585045
16105,0.1423219465347385
16106,-0.8617751244301545
16107,0.15661217551558887
16108,0.14600334354630856
16109,0.46896999602423106
16110,-0.6783623841144809
16111,0.2565628486798447
16112,-0.5596177905494285
16113,-0.7884316726461202
16114,0.08201720821769512
16115,-0.31934020730214635
16116,0.177630820633193
16117,-0.8303488778220178
16118,-0.7360953349433713
16119,0.18208656257353334
16120,-0.5140749275903308
16121,0.1567784987119296
16122,-0.4293194496320137
16123,0.010145613606862265
16124,-0.9886194289105018
16125,-0.3906354652055464
16126,-0.15475659149183912
16127,-0.010643373546215742
16128,-0.5898074844166661
16129,-0.0938542190124133
16130,0.3401629508987095
16131,0.3439699117014725
16132,0.559483622814707
16133,-0.07090362361722663
16134,0.2404873888610299
16135,0.2719054727955447
16136,0.5412103155210013
16137,0.10884244995781875
16138,-0.5863954900229099
16139,-0.35101517120598136
16140,-0.7577756040663882
16141,-0.37525879752524144
16142,0.19278465122348343
16143,-0.2302778745117626
16144,-0.5360594106850848
16145,0.2564867010269558
16146,-0.011713045402115626
16147,-0.24185287541950085
16148,-0.3056810534266509
16149,-0.43815697590755665
16150,0.5145147879847128
16151,-1.0315265838568226
16152,-0.012208938510821924
16153,-0.7167737239482905
16154,0.19631506375353353
16155,-0.846985501355134
16156,-0.21535999198138012
16157,-0.8532607860893068
16158,0.27430628875114005
16159,-0.9508785241896974
16160,-0.060566867899797656
16161,-0.5692520623139643
16162,0.3615547189561781
16163,0.7141371729512987
16164,-0.14624590091889483
16165,0.5534185380862972
16166,0.16401915252279364
16167,0.3942453279299603
16168,0.19579568564369573
16169,-0.9463189542840108
16170,0.20708835407826867
16171,0.6790402341825008
16172,0.21161147210317058
16173,1.1052571998344074
16174,0.38282595967727795
16175,0.17779696974948228
16176,0.15340143832266429
16177,0.3803596192250548
16178,-0.8544587497411316
16179,-0.20989462553116642
16180,-0.6494813710913219
16181,0.26053086558517236
16182,0.5698495504166895
16183,0.7942990277893367
16184,0.34502207927767514
16185,0.7210674574863427
16186,0.5842476172110196
16187,0.5558585762195416
16188,-0.4247489622159795
16189,0.9081280452076606
16190,1.1017373941215234
16191,0.5677169146052358
16192,1.1025754153077685
16193,0.37066143567633303
16194,0.9186000769905065
16195,0.16494272785340963
16196,1.1165788683018676
16197,0.07588359592539742
16198,0.30088875790956576
16199,0.5554054596642318
16200,-0.9605078236976151
16201,0.5971049505832814
16202,-1.1111450962548353
16203,0.4569632395134163
16204,-1.1322914486348294
16205,-0.48389433189989844
16206,0.40273822825648314
16207,-0.8932038681745919
16208,-0.15444651109307908
16209,-0.5216473279716358
16210,0.5007490801107153
16211,-0.8857281841451443
16212,-0.0005341680970504674
16213,-0.38137904283669066
16214,0.3729420125255886
16215,-0.82042511533947
16216,0.1492794906260258
16217,0.37738097057589404
16218,0.10487677165162379
16219,0.11925082587023715
16220,0.4332518620232398
16221,0.8819731708802835
16222,-1.8192655720547641
16223,0.01963032343332329
16224,0.04488207233052449
16225,-0.4087491189799761
16226,-1.4517075717783463
16227,-0.12196423292031587
16228,0.17965378071387678
16229,-0.19363374364559782
16230,0.17169857751007006
16231,-0.6454771401773904
16232,-1.2831869400005007
16233,-0.011457738182276887
16234,-0.6880248808945011
16235,-0.36998835116573936
16236,-0.1443726614812369
16237,0.12526451973212235
16238,-0.6053139731433212
16239,-0.2767818302533218
16240,0.013864309783504829
16241,0.1980601714682598
16242,-0.6169860692160772
16243,0.1624214662689753
16244,-0.07516677236920938
16245,0.14835333525593025
16246,0.3752062118471372
16247,-0.1530820488306932
16248,0.1288680671656557
16249,0.1979466786663879
16250,0.07336693234813144
16251,0.16426302685009608
16252,0.23085496728702026
16253,-1.54717662672611
16254,0.12962861156698055
16255,0.09291396095577077
16256,-1.829334973926583
16257,-0.07572176990230055
16258,0.49572909217059363
16259,-0.06748037382339481
16260,0.14309215873730935
16261,0.23872910554007173
16262,0.14515568272067633
16263,-0.06987118088328287
16264,0.16999650353015563
16265,0.2298937594992889
16266,-2.0063642054652204
16267,-0.010817561904441178
16268,-1.1996228866696372
16269,0.07950106581166304
16270,-1.367208534568452
16271,0.01702097614789866
16272,0.3176527792038829
16273,-1.8585143805221116
16274,0.007366271159963808
16275,0.45175268318760137
16276,0.13427346591307826
16277,-0.08328743321974472
16278,-0.19610092947316998
16279,-0.08546728930798697
16280,0.1856838394522126
16281,0.18842643326634917
16282,0.1453495888557208
16283,-0.18946634703652412
16284,0.23737301514967354
16285,0.18741588350556324
16286,-0.07195846432560563
16287,-0.6055658036293212
16288,-0.11040699862039867
16289,0.3509763754207014
16290,-0.47877418753226314
16291,-0.6655780966378775
16292,-0.30539523547124053
16293,0.49255066686349863
16294,0.11389636608368708
16295,-0.6291175485581619
16296,0.48682334692327667
16297,-1.4955227818186068
16298,-0.36968502155038113
16299,0.34065129279769146
16300,-0.8201002769420724
16301,-0.521042817931558
16302,0.32764326098481633
16303,-1.3326552438901438
16304,-0.3294163930702323
16305,0.968396329269794
16306,-1.2782504168035793
16307,-0.2757505099017599
16308,0.9115779665244225
16309,-1.269581993145918
16310,0.963019148132422
16311,0.15778909726006501
16312,-0.8686522244402289
16313,-0.9568936914566563
16314,0.054337235771478185
16315,0.6862784668815805
16316,-0.7032519650459963
16317,0.6711670874278579
16318,0.8366590031640306
16319,0.15189483623798591
16320,-0.6763120160725576
16321,0.3294383217186499
16322,-1.3438335448492662
16323,-0.041934566438997595
16324,0.4662947879819218
16325,0.4553265645072418
16326,0.3229280958093447
16327,0.341232375584619
16328,0.6386124420465091
16329,0.20458794241111106
16330,-0.4263300165710363
16331,2.1654736446347282
16332,0.4889229684176994
16333,0.4752272639539934
16334,-0.4996044227156966
16335,-0.8832416863153704
16336,0.1988182629926663
16337,-0.5194716906884165
16338,2.2451947664850405
16339,0.36962498647078423
16340,-0.05418403664203397
16341,1.9606003140459662
16342,-0.7951577187151943
16343,0.44505669437308365
16344,1.4249112225653044
16345,-0.8072568792004438
16346,0.574475336454647
16347,-0.5544262344706381
16348,-0.019076674707566837
16349,0.3173944813563695
16350,-0.6609682953318989
16351,2.1005371395256915
16352,0.4266710340908427
16353,-0.06363116627673072
16354,-0.06104399175923286
16355,-0.4850608033337329
16356,0.02219838826095137
16357,-0.10069263118598039
16358,-1.2416833799872602
16359,0.05381521497028706
16360,0.0806640779761307
16361,0.46197473624874247
16362,-0.4951011603711709
16363,1.8675182960810441
16364,-0.10976319648365744
16365,-0.4611425706070004
16366,2.2371412963990616
16367,0.4302651840633437
16368,-0.9497467358532226
16369,-0.11219898996565127
16370,-0.4293883223752596
16371,0.26506946741609616
16372,-0.06925204257965961
16373,-0.22403972145724346
16374,0.422296078655459
16375,-0.6266995146834973
16376,1.7109659842162697
16377,0.06223705364934405
16378,1.9234336724506855
16379,-0.7003508157773777
16380,0.16779964460404168
16381,-0.7079974976165366
16382,-0.27714136843564485
16383,0.25774337323043023
16384,-0.6946668362960184
16385,2.2169356032752097
16386,0.6064968795395844
16387,-0.9649689570982809
16388,-0.08163357191095519
16389,0.23390978153924422
16390,-0.8411655521464447
16391,-0.09986224283232127
16392,-0.036040522165640895
16393,0.21766952580789256
16394,0.34126419451797324
16395,0.4183752839221055
16396,0.25999327180024795
16397,0.20471821433746387
16398,0.3328415923807994
16399,0.5193649725515805
16400,0.1750756373405057
16401,0.13506931703637537
16402,0.25999327180024795
16403,0.09536124424013377
16404,0.40810540807463586
16405,-0.8903627581679944
16406,-0.9671153049215812
16407,0.5207977190907522
16408,-1.0139421069510213
16409,-1.0741683138488043
16410,-0.9627810165874715
16411,0.43068517925517563
16412,-0.6581480652465747
16413,0.6337103468536089
16414,0.37638497155479267
16415,0.32765418181800127
16416,0.2517315930805394
16417,0.038427526179520326
16418,-0.14249733404705378
16419,-0.9804413467105628
16420,0.28980405298707695
16421,-0.22110402343420416
16422,0.20055281293520158
16423,-0.9007417260855823
16424,0.20485534866659633
16425,-0.7951479606429303
16426,0.3661573141200339
16427,-0.8135401327266816
16428,0.3286422305209962
16429,-0.8738731166907979
16430,0.3311422787810106
16431,-1.0696867862967367
16432,0.32832621918851107
16433,0.045941310175861574
16434,0.21333176850258811
16435,0.1793386207771733
16436,-0.2735811643845935
16437,0.5362426679548684
16438,0.27639987791254134
16439,0.5855719148702966
16440,0.5608202631282793
16441,-0.0845990292634581
16442,0.41672429334176636
16443,0.6030780988773515
16444,0.326027936136104
16445,-0.019572662992111637
16446,-0.5531253173937839
16447,0.44940626386447197
16448,0.3669798352878851
16449,0.3488765675479905
16450,1.1726342795183804
16451,0.1564475942709103
16452,-1.164862206900348
16453,0.5448950194106769
16454,0.31974773793122235
16455,-0.40734592714818424
16456,0.49537088824172715
16457,0.9828996532849535
16458,0.4298116923486286
16459,-0.09858553548778774
16460,0.2859141079917995
16461,0.8978599259204602
16462,0.6022542782273212
16463,-0.36295491256620954
16464,0.6495621728353084
16465,0.6204275089722632
16466,0.43593930043095575
16467,-0.24788394213026918
16468,0.3569422223297642
16469,1.0316450260826884
16470,-0.05748608027553721
16471,-0.6248363865271506
16472,0.914236305448886
16473,0.3517077400484946
16474,0.7461530236292012
16475,0.27551644982517165
16476,-0.35834983432113776
16477,0.3199475407361509
16478,-0.5007430109978991
16479,0.2578646993246851
16480,0.3996639384639795
16481,0.2735354206564334
16482,0.33608151505893624
16483,0.9234116058421965
16484,0.2656898949916404
16485,-0.3136396149616479
16486,-0.09238904279277156
16487,-0.11983353501101635
16488,0.47417851583079945
16489,0.14690319531322357
16490,0.5373627436443434
16491,0.32501131706108405
16492,0.1881530278681
16493,0.864694169141507
16494,0.624078665700763
16495,-0.14724701472660917
16496,-0.6413958318182743
16497,1.0251802518038597
16498,-0.1366203301324359
16499,1.019090874466451
16500,-0.06725838285974081
16501,-0.5536211178665899
16502,1.0738772181543237
16503,0.06840750616764693
16504,0.9346464651450488
16505,-0.04820309491814805
16506,-1.112018979648981
16507,0.841705294664696
16508,0.2198504299431719
16509,0.06074646451062341
16510,-0.61937716675026
16511,2.0368516609857115
16512,0.16294027766515742
16513,0.026135664797246407
16514,0.6773842106807184
16515,-0.6476102249402178
16516,-0.2477323631841168
16517,2.1398592972379893
16518,-0.8051769860712884
16519,-0.002665998582737619
16520,-0.10304495027924
16521,-1.8522877246119664
16522,-0.23783989391029603
16523,-0.04064135857386654
16524,0.27483619566136497
16525,0.1756113754453352
16526,1.0905858189049562
16527,-0.017366989082803475
16528,-0.03454098091326215
16529,0.15731910418472775
16530,0.809893173713657
16531,0.13415080201586108
16532,-0.1318397276935241
16533,0.12558796470185282
16534,0.1845194041891803
16535,0.9266429677516587
16536,-0.017541147851900727
16537,-0.6222892201353495
16538,0.2507431482690474
16539,0.00047074988768814095
16540,1.1304356567952352
16541,-0.11553880124453221
16542,-0.03397466739217005
16543,1.9756281006156993
16544,0.03775046567400837
16545,0.449530219172384
16546,-2.2206929440391368
16547,0.0049171880052430615
16548,-0.11158193806868592
16549,-1.6577025267508327
16550,0.9540703644630658
16551,-0.13055610356887737
16552,-0.11892661269009891
16553,0.20800514637464032
16554,0.14371174895613734
16555,0.051499344420724985
16556,-0.07068853571823074
16557,0.25067884377853694
16558,0.1878651578177414
16559,-0.0028399548539454226
16560,-0.07387182026425555
16561,0.7778357922611003
16562,0.05169611434342171
16563,-0.02567275961001206
16564,-0.11948520588727356
16565,0.2937987860144411
16566,0.15489074939716402
16567,0.4112194637026786
16568,0.10884976574161545
16569,0.7103834497741237
16570,0.21360096689076524
16571,0.32318305891055266
16572,0.5251555508884552
16573,-0.23768394026212136
16574,-0.05140129518929306
16575,0.31440737448945705
16576,0.7399512886480467
16577,0.17906950047363118
16578,1.5385573229020477
16579,-0.05321125759679904
16580,-0.8162842707587957
16581,1.5159141923702768
16582,0.06454180330170817
16583,0.3978101145136345
16584,0.3718689829846393
16585,0.041882540286078386
16586,0.26627054981492343
16587,-0.2536540643070678
16588,-0.5331133833117916
16589,-0.12943526353675713
16590,0.08217536724534077
16591,0.001259654529808337
16592,-0.8922065862972894
16593,0.3546530083561337
16594,-0.1916387919687577
16595,0.2723201722182607
16596,0.11452164503953102
16597,-0.3458328145543657
16598,-0.7904474643040479
16599,0.3803304616249452
16600,0.23667579460670846
16601,0.35743775027425256
16602,0.03297546681860349
16603,0.07993173279937177
16604,0.3699402213734539
16605,0.10410463597578003
16606,-0.20635035836855642
16607,-0.5169761026441003
16608,-0.40144091464081827
16609,-0.22544926551793315
16610,0.3037003230919188
16611,-0.2051482977161911
16612,-0.3226746696643475
16613,0.308399357144786
16614,0.05213051319283752
16615,0.12140040554936239
16616,-0.42335383878119837
16617,0.1529294199536515
16618,0.14411070690052052
16619,0.17493494374492413
16620,-0.7460541848042165
16621,0.24311155314773808
16622,-0.10293933320277758
16623,-0.5127159516438314
16624,-0.8332975447296267
16625,-1.2571116185745352
16626,0.1258685234460082
16627,-0.4364247273868907
16628,-0.8222544357505264
16629,0.27819226407856584
16630,0.43982933306094574
16631,-0.6788556752407221
16632,0.9027611809838678
16633,-0.6914679924478361
16634,0.21006905304256263
16635,-0.7043778346803748
16636,-0.0020150334616498775
16637,-0.8889739573433789
16638,0.378362337632054
16639,0.1578539802161349
16640,-0.5870130826279218
16641,0.17348475895282495
16642,0.14554539217873405
16643,0.0968241809542571
16644,-0.5289029847527867
16645,0.7236480158741233
16646,-0.9176424587469213
16647,-0.01645427165151116
16648,-1.0118306825637464
16649,0.014248371647615462
16650,-0.9499419903247616
16651,-0.03443954358956786
16652,0.4613790619250161
16653,-0.9482087199375022
16654,0.043954194025810515
16655,0.17136088192724536
16656,-0.0009378135783355157
16657,0.46176865574960674
16658,0.09208208479623778
16659,0.3266261465898608
16660,-0.4178109219133925
16661,-0.8368267155788799
16662,0.021910423777072693
16663,-0.8864347079096734
16664,-0.1968583303016746
16665,-0.8485686925577914
16666,-0.1130739446226927
16667,0.33199398131298336
16668,-0.7629204922534213
16669,0.20232055567406215
16670,0.1897991889243581
16671,-0.6796509022157433
16672,0.10663218046269965
16673,0.3458824371511622
16674,-0.7013870642904061
16675,-0.3080464607197528
16676,-0.472789454358404
16677,-0.1635968964926284
16678,0.06104159038296197
16679,0.3171970345260219
16680,0.912431194971897
16681,-0.332415311808572
16682,0.14560403669258512
16683,-0.11431300923790266
16684,0.33666367868723446
16685,0.031547290420803835
16686,-0.7055160139160891
16687,0.4155762470081811
16688,-0.9216660199285838
16689,0.41938072239346036
16690,-0.2092510429852722
16691,0.10036895628082096
16692,0.13435739030695482
16693,-0.09097185345989996
16694,0.18227830192857616
16695,0.25575857408243113
16696,0.8070236974747895
16697,-0.05584048786595307
16698,0.10762610394307713
16699,-0.11743985724622397
16700,-0.10494697603081658
16701,-0.41865778280961347
16702,-0.13875787691883926
16703,0.17416262711309974
16704,0.6946018393335347
16705,-1.08406669608628
16706,0.09039630135074077
16707,-0.0818806292341737
16708,0.391597415904513
16709,-0.06745401995426858
16710,-1.0586947113834835
16711,0.3432959248974039
16712,0.3550385836867559
16713,-0.07403082197045081
16714,-0.9686892431598161
16715,0.15757302786982322
16716,-0.8508801299272447
16717,-0.2588377264350999
16718,0.28441969037241893
16719,-0.8872971517033431
16720,0.21590336214764747
16721,0.4335101559599795
16722,0.6339427595704181
16723,-0.33332056307932917
16724,2.070439140043628
16725,0.06400868020480269
16726,0.39602820213380274
16727,0.27342556818788005
16728,-0.9632252073382814
16729,-0.055896602006043315
16730,-0.22502031238762374
16731,0.8391963691921531
16732,-0.11525854103953256
16733,-0.43541983161785247
16734,0.4433094285876254
16735,-0.42466943353383674
16736,2.0591877510099508
16737,-0.7671779955169
16738,-0.0643210283164578
16739,-0.7607996551853418
16740,-0.09540053785720176
16741,0.48675972269845674
16742,0.4447714900371155
16743,-0.6241369806831294
16744,1.9209126404469223
16745,0.3547598932556119
16746,0.3935144708799936
16747,-0.1558514296821235
16748,-0.9418811864298541
16749,0.02123770682375683
16750,0.012724967109784203
16751,-1.531235447053368
16752,0.0936189187396095
16753,0.25761175488760385
16754,0.23780575786366975
16755,0.02255217532399835
16756,-0.8527903877449649
16757,0.1614520235424088
16758,-0.5683475893045926
16759,0.4966699466653403
16760,-0.027082093015677752
16761,-0.8108150804448873
16762,0.7135202260602136
16763,1.2469679061805108
16764,0.6415200882083466
16765,0.2035499166170123
16766,0.3276396402499588
16767,0.3023476832904943
16768,0.2548732344647344
16769,0.16394773482443709
16770,-0.9995529557068209
16771,0.3341807050003535
16772,-1.935757921254201
16773,0.24812061927985232
16774,1.7925611663887435
16775,-0.8149291578271434
16776,-0.14251295017175336
16777,0.46234288865200424
16778,0.2453993310166134
16779,-0.040996653756945264
16780,-0.08109824070486588
16781,0.6721772370256209
16782,0.39106953889085583
16783,0.5483724310226151
16784,-0.7239609669393137
16785,0.40791902057101953
16786,-0.23116119032177573
16787,-0.03921367492736228
16788,0.3820555908497534
16789,0.04859517063853302
16790,-1.0050737272691619
16791,0.35581232055093015
16792,0.1043526446854222
16793,-1.346899504058112
16794,0.04767680684177037
16795,-1.126752791214946
16796,0.4217538887773543
16797,-0.31242112254341453
16798,-0.01654541530170086
16799,-1.0847435246977555
16800,0.5533849636020208
16801,0.07688102957086505
16802,-0.3053412237620297
16803,0.18396357892114804
16804,-0.9917548041632273
16805,1.3040966984430065
16806,-0.8958946396911858
16807,0.4340763340240394
16808,-2.5328190574253147
16809,0.2001652386044173
16810,-0.9581590403114364
16811,0.7140694779563136
16812,-0.24383757852368285
16813,0.3113927945603804
16814,-0.2342138102024758
16815,-0.040690020239758484
16816,0.3966344573844923
16817,0.37383312623414366
16818,-0.15249455225286393
16819,0.5284966374857317
16820,0.9579253984562337
16821,0.3957897986253729
16822,0.36732785907653775
16823,-0.1435024897590879
16824,-2.0422768718182676
16825,0.24716570032721247
16826,0.11061758670760737
16827,0.4731388742810946
16828,-2.4399541289472904
16829,0.034526690464966356
16830,0.5772174943709485
16831,0.6568215048853151
16832,-0.6693207580202157
16833,-0.07850330959299662
16834,0.5952109620553768
16835,-0.12755984236435616
16836,0.3622188464088073
16837,0.15506274570182646
16838,-0.9075159750689717
16839,0.516792909817683
16840,-0.0408478200764482
16841,-0.06920830244029388
16842,0.020565812701826336
16843,-0.03059125419406845
16844,0.14095896649275563
16845,0.16902026324228772
16846,0.8646586677793148
16847,0.04143405163669099
16848,-0.12382821398876635
16849,-1.8134176269597242
16850,-0.006976320306744455
16851,-0.44074506982054734
16852,0.9763313376855598
16853,-0.009691494010959381
16854,-0.5931472041140765
16855,2.0007668414177835
16856,-0.8220831153598576
16857,-0.064105454371806
16858,2.143577533522536
16859,-1.077866512415335
16860,-0.6831431587209542
16861,2.0970403720715494
16862,-1.2662294969055772
16863,-0.27116047799128323
16864,0.35077927158116934
16865,0.7180200699022526
16866,-0.3595847848291513
16867,0.7620113942879096
16868,2.238676787962445
16869,0.5205666017653845
16870,0.2159041702622337
16871,0.5463816677619279
16872,0.3150950775809513
16873,0.9219221614558457
16874,0.46678828700473696
16875,-0.832141394314124
16876,0.9125208321464839
16877,0.5198821236340714
16878,0.1582111230732777
16879,0.9773786049633125
16880,0.563489889652627
16881,-0.07376386669389451
16882,0.1344479177341323
16883,0.6833063170140858
16884,-0.11743097714263946
16885,-0.7133217872468597
16886,-0.058484796616849036
16887,0.5795310486246856
16888,-1.7365705028332739
16889,0.0517510197179257
16890,0.3906708077487629
16891,-0.16631157276526967
16892,-0.2370783107637645
16893,0.8424169101751585
16894,-1.003144658540065
16895,-0.7650264384532821
16896,-0.21129829511808862
16897,0.5661686772581458
16898,-0.8696795755256701
16899,0.09080496847734945
16900,0.0016644924374167123
16901,0.09614371628926555
16902,-0.02209923611307272
16903,-0.8430169151460309
16904,0.20419166379362202
16905,-0.11414718965744697
16906,0.06908689245602465
16907,0.8148725543811064
16908,-0.7078083304986226
16909,0.7256079644895563
16910,1.616790744324116
16911,0.04614813043121812
16912,1.9261144962907637
16913,-0.7579083551550931
16914,-0.10841295954058452
16915,-0.1761089949166957
16916,-0.18161740740038218
16917,-0.27941936244112764
16918,1.6690087866644707
16919,-0.7901953951337123
16920,-0.022656876580211392
16921,-0.0028762475071787263
16922,0.2887049692512635
16923,-0.17869227783773411
16924,-0.2166854299405511
16925,-0.13833891089340206
16926,-0.7803766464201889
16927,-0.12853450684087997
16928,0.3038510777959068
16929,0.34809544219794186
16930,0.5848927331059854
16931,0.4718444564868799
16932,-0.05052593372245519
16933,-0.01082556434996104
16934,0.044863063094833455
16935,0.22945205275652558
16936,0.6088078906472004
16937,-0.28887924969545975
16938,0.2859744528205479
16939,0.6401341164579777
16940,0.3510898691768054
16941,-0.2818091292550757
16942,-0.7324893020428934
16943,0.17313993223023416
16944,0.25269609415643396
16945,-0.327000495740852
16946,-0.5793509371690443
16947,-0.028987126956971056
16948,-0.09333722708609289
16949,-0.3406826186233627
16950,0.3150655329372822
16951,-0.1698241890639581
16952,0.49193276426634996
16953,0.20569596827728223
16954,-1.703917366976621
16955,-0.3424957116506675
16956,-0.21068617786619814
16957,0.33671550970325564
16958,-0.11430789670638512
16959,0.22687062647426703
16960,0.6752431132417804
16961,0.5550432075426697
16962,0.16624549760908958
16963,-0.08284069532669161
16964,0.28067766714783554
16965,-0.35044320191951217
16966,-0.0065093453054836
16967,0.29018524287756825
16968,-0.4293253176193956
16969,-0.060001661372447834
16970,0.6109794239172028
16971,0.0852793657648475
16972,-0.2801203862634449
16973,0.31843945092492726
16974,0.1451555506924912
16975,0.09006955723072176
16976,0.048208854291851545
16977,-0.11395624646176802
16978,-0.05329128719737623
16979,0.11828991734575206
16980,-0.15669650184098505
16981,0.06617896171273625
16982,-1.106866298442757
16983,0.129224694939828
16984,0.36526178279044025
16985,0.2500592997118206
16986,-0.1989461614332793
16987,0.25271001869767146
16988,-0.1359272510624937
16989,0.15753982148464266
16990,0.23405294418223022
16991,0.09416506817470939
16992,0.16417290242216398
16993,-0.38519255162885024
16994,0.06436329490880985
16995,-0.666019142769142
16996,0.3875895692461889
16997,0.650129243793479
16998,-0.6787944681151029
16999,-0.8263092467566406
17000,0.11130612109023634
17001,-0.5657913595133288
17002,0.022686272896440738
17003,-0.4144886504336567
17004,0.2242572914668793
17005,0.16225351339400018
17006,0.07163599679043983
17007,-0.8524390174845563
17008,-0.6884399491036634
17009,-0.1793592481475108
17010,-1.0925241427504913
17011,0.46589671096909374
17012,-0.9086704673229034
17013,0.2952170848329647
17014,-0.017691665725810247
17015,-0.9747036871785332
17016,0.034361790507865
17017,-0.9487277476249805
17018,0.3795696416281539
17019,-0.4869727875567183
17020,0.2742945396067441
17021,-0.2508103048399358
17022,0.2484697136365342
17023,0.2572082627677358
17024,-0.23845152846830198
17025,-0.17233346087170678
17026,-0.33855705469644226
17027,-0.3071990496208275
17028,-0.3149605249216827
17029,0.0021995734907633195
17030,-0.3275623710696928
17031,-0.4440659184235172
17032,-0.35383897782328366
17033,0.308786171448499
17034,0.23826263911682663
17035,0.6080769020068612
17036,-0.5320535666928788
17037,0.2704247236269045
17038,0.2558326331335575
17039,0.2602625249976509
17040,-0.014610142424027882
17041,0.3054276519119893
17042,0.022529092169333433
17043,0.28765316069724706
17044,0.16410290240362563
17045,0.17012582940425564
17046,-0.8512738527735281
17047,0.2242743610472486
17048,-1.0014004347400471
17049,-0.11875918635507796
17050,0.31175012984850914
17051,-0.8959489649805951
17052,-0.3807380234391659
17053,-0.5624725817778641
17054,-1.3216739714931922
17055,-1.0887004530337865
17056,-0.05243653379729244
17057,-0.7957931131687888
17058,0.15045161883060829
17059,0.4896436350940773
17060,0.6436407756433813
17061,0.2309540864839532
17062,0.4579525917010653
17063,0.35383257875419916
17064,1.0631269560109882
17065,-1.5248079462145379
17066,0.00755265535088255
17067,-0.6960018500680394
17068,0.11151238542302029
17069,-0.06034974208410316
17070,-1.077564480140236
17071,0.10613123781917404
17072,-1.3372519134685883
17073,0.18441833928068602
17074,0.46323452772133883
17075,0.18297344307707228
17076,-0.2520851169150545
17077,-0.7993651586843671
17078,0.16335300557942117
17079,-0.5405821897117934
17080,-0.16932682072269062
17081,0.056380951387554924
17082,-0.641267054612871
17083,-0.352751037179848
17084,-1.839888872389131
17085,-0.6159100203587484
17086,-0.3181004042684184
17087,0.07388685682564816
17088,-1.5234870289749862
17089,-0.28393923159161844
17090,0.4193537502502053
17091,-0.3284865074480221
17092,-1.694586129059074
17093,-0.04255630596513214
17094,-0.04092722051749684
17095,0.9553589471527649
17096,-0.2422161740331744
17097,0.1491510251452135
17098,0.16880558360763304
17099,0.9196418095264955
17100,0.6676632547492909
17101,-0.06909624786715245
17102,1.3952676641956958
17103,-0.48490630392238715
17104,-0.24494838675550307
17105,-0.026671080716309883
17106,-1.5378643298219212
17107,0.06400963807405662
17108,0.31844039031668603
17109,-0.020402759079894937
17110,-0.015936279816188753
17111,0.007927611156330913
17112,-0.13279255913638957
17113,0.5958418466384828
17114,0.3224918239994504
17115,-0.32850709743702233
17116,-1.4980741823825126
17117,0.0027878018146498358
17118,0.45023947409789566
17119,-0.39536955920728023
17120,-1.351090136848485
17121,-0.08109023221410565
17122,0.4261584077905659
17123,0.08626361542599265
17124,-0.3471038539558222
17125,-0.05856839751263098
17126,-1.0606524870514238
17127,-0.09350448463892531
17128,-0.15258442541799805
17129,0.3789355264012669
17130,-0.40230421687444623
17131,-0.10458077555557813
17132,0.1946227301758045
17133,0.30288845571359757
17134,-0.17078910346919404
17135,-1.7500849351820649
17136,-0.17385034688902168
17137,0.7177327484610578
17138,-0.09213113723754318
17139,0.14934319747314573
17140,-0.4598478115282527
17141,1.0700176978501408
17142,0.32120171378757545
17143,-0.19289742992364442
17144,0.14528940768254275
17145,-1.0721109681466952
17146,-0.015068708616183441
17147,0.1878824689078852
17148,0.22172176550586656
17149,0.15703982148464266
17150,-0.6958926945790991
17151,0.6058202068217098
17152,0.7264055125059186
17153,0.3734667486918415
17154,0.9640752086982057
17155,0.21592580650765
17156,-0.29835443160649444
17157,-0.05417712598831138
17158,0.2423186258844986
17159,0.5789504499834822
17160,0.33194443915242866
17161,0.18287046236714644
17162,0.5962151487477615
17163,0.16982846546031838
17164,-0.1775809357361807
17165,1.8796562639219319
17166,0.2705850257859161
17167,-0.9596701944119024
17168,-0.11790938998501733
17169,0.24645823536815833
17170,-0.032105213520432184
17171,2.074023221247721
17172,0.15717179152081945
17173,0.13591146052851907
17174,1.725742282447012
17175,0.08668860586613374
17176,0.13307081130720952
17177,-0.5542238280409335
17178,1.9184905348267163
17179,-0.8695395725528785
17180,0.34313972848630375
17181,0.38315826475141884
17182,-1.2413390640331528
17183,0.015887873387650943
17184,-0.22465097787540078
17185,-0.06124001003840799
17186,-0.5856235714156321
17187,0.24798622615424276
17188,0.14195788458295297
17189,-0.6295928906505945
17190,0.17385736948306607
17191,0.2348974705516622
17192,0.27667792583088
17193,-0.4516301341070401
17194,0.1493636564715545
17195,0.5649752562731624
17196,-0.6619614243029229
17197,2.297546321986841
17198,0.4367608056907838
17199,0.5658636916863322
17200,-2.43054125097992
17201,0.07774228326210793
17202,-2.0787472516804475
17203,0.32840894151315053
17204,-0.15868361986086757
17205,-1.4479886285430612
17206,0.03829836752931421
17207,-0.31699184553432225
17208,0.37456969061740436
17209,-0.26886418196692796
17210,0.5313568337305042
17211,0.22912089700172586
17212,0.3863035293738744
17213,0.26702366399572086
17214,0.2553772161545652
17215,0.1313883649950602
17216,0.6719337725854763
17217,0.1459676349820341
17218,0.9184404288467091
17219,0.2538510579193784
17220,0.27080308205914133
17221,0.3333281010268847
17222,0.485547862068302
17223,0.20295309556023325
17224,-0.18980874127745573
17225,-0.9096488364558074
17226,0.7098755654899844
17227,-0.025604010190788368
17228,-0.39360093893258574
17229,-0.3442729202020795
17230,0.4818537592368499
17231,-0.37167833911781784
17232,0.45338613447320636
17233,0.30686838231478153
17234,-0.7758428077070829
17235,-0.36299162053904827
17236,0.3436608780652322
17237,-0.31093909548813464
17238,-0.04975315058804649
17239,-0.7381986339549117
17240,0.7237804312190055
17241,-0.1477244996617436
17242,-1.1284786497260093
17243,-0.17361155970522393
17244,0.22473840249692817
17245,-0.4034593986773396
17246,-0.9482244727452829
17247,0.4131652503614656
17248,-0.835458628895832
17249,0.47062786236053655
17250,-0.30332208822174395
17251,0.15348662894064158
17252,-0.1800463606318433
17253,0.17394222673265916
17254,0.2324946096424805
17255,-0.24397030468783862
17256,-0.27210450286598314
17257,0.3205405789602913
17258,0.24899295819875414
17259,-1.020932398394853
17260,0.4343217920937604
17261,0.45221283583845734
17262,-0.2846545442422924
17263,0.25165892703616816
17264,0.08594461469658168
17265,-0.9494522189147719
17266,0.4368510449340444
17267,-0.10031491913323051
17268,-0.6379752835378919
17269,0.5594438483256037
17270,0.45747924198812195
17271,0.6113411681452311
17272,-0.02846346775450574
17273,-0.6904660580043375
17274,0.6331037380309272
17275,-0.37000086257431036
17276,0.1857879731038714
17277,-0.8955547700538948
17278,0.6419375085841504
17279,-0.30395260044156946
17280,0.6187428301877804
17281,-0.00783786117851077
17282,-0.14703396614399597
17283,0.10434989514951346
17284,0.046357747742337564
17285,-0.14569026507968033
17286,0.4024976893650117
17287,-2.43159958075511
17288,0.5261190705746441
17289,-0.01744146222463451
17290,0.4072337463014891
17291,1.9914264381271432
17292,0.4531739162197638
17293,-0.050692081251133454
17294,-0.5766877325196211
17295,1.9979839780035071
17296,-0.8868314414118612
17297,0.3548198582796308
17298,2.04353586817306
17299,0.4939830419003124
17300,0.023475911673395425
17301,-0.6012940310490951
17302,0.9021745339430148
17303,0.3504197369795414
17304,0.07985247222391939
17305,-0.06234244224457014
17306,0.25690188519268387
17307,0.1714184050753761
17308,-0.350963209819452
17309,0.4535041752912812
17310,-0.17375147505419888
17311,0.6074115908875862
17312,0.034396200788682205
17313,0.27677338177867106
17314,-2.444994329038681
17315,0.5407967522856961
17316,2.2857706800423636
17317,0.6002665375858254
17318,0.7790637593135245
17319,-0.24290110151568628
17320,-0.10693813404349603
17321,-2.124757719240596
17322,1.4388917591381232
17323,-0.05119079220024539
17324,0.1113892690863802
17325,1.1376746854480009
17326,0.4671714250575442
17327,0.8817195503330765
17328,-0.3759230068385183
17329,-0.20811450576926013
17330,-0.5311217428277722
17331,2.027182131491716
17332,-0.9441365329891627
17333,0.5118732222752094
17334,0.2268628043742257
17335,0.18302218441369886
17336,0.005133882810115271
17337,-0.38607720795564604
17338,-2.0744412419741787
17339,0.04541284608057849
17340,-0.5365061351470338
17341,-1.8965903613142183
17342,0.11368629895751252
17343,0.8305651992111063
17344,-0.16014056991080827
17345,-0.06652478996845256
17346,-0.3029834400456912
17347,-0.0858693706551236
17348,0.5769690089250791
17349,-0.07633414487817165
17350,0.8352298912046185
17351,0.6811797351687247
17352,-0.8978286239127927
17353,0.5760263246380268
17354,0.0057727583461102145
17355,-0.24965640952313012
17356,0.6672830765379656
17357,0.38897523432143377
17358,-0.27582395421339895
17359,-0.145367694907042
17360,-0.38514632983212793
17361,0.0006298152962294119
17362,-0.35908769931595225
17363,-0.4897795856439617
17364,-0.031758673592243776
17365,-0.15604338018866673
17366,0.12060575456338399
17367,-0.3163918305777286
17368,0.07948231649296662
17369,-0.5211657324180793
17370,0.16208092233376697
17371,-0.6261160164140348
17372,0.1731949212060225
17373,-0.8757390595496054
17374,-0.14162136849007884
17375,-0.5227097117831722
17376,-0.9565954273000326
17377,-0.4386948442142658
17378,-0.46237132452111324
17379,-0.9844816819719536
17380,-0.21994756608447832
17381,-0.5319689472052125
17382,-0.19225481099431788
17383,-0.23013864494187397
17384,-0.5668184061297058
17385,-0.13472233348671364
17386,-0.039690668278607455
17387,-0.5216643726529472
17388,-0.11461250023579295
17389,-0.418396479705461
17390,0.14213923579964027
17391,0.09675783490088177
17392,0.5004864664244538
17393,0.22181305330001516
17394,0.019923592318514215
17395,-0.15171955467683101
17396,0.20748930333556764
17397,0.2206091115410409
17398,0.07985239736879617
17399,-1.4967887809002665
17400,0.015491842476591973
17401,-0.12500663010104812
17402,-0.8274186593171796
17403,-0.4414166229878508
17404,-0.18655911556381005
17405,0.8519256541783563
17406,-0.6167301093828854
17407,2.082319650821201
17408,0.44709028511217924
17409,0.11651107815293173
17410,-0.596236498981014
17411,2.1156567512431637
17412,0.5690469390944592
17413,-0.8321441012144754
17414,-0.06903548090309898
17415,-0.2326540952870448
17416,-0.022205830942000244
17417,-0.6854715344903378
17418,0.5606722075263847
17419,-0.9033557616470805
17420,0.46617804663302426
17421,-0.33008676375392676
17422,0.23399869130971854
17423,-0.6733542560329461
17424,0.21405128980116905
17425,-0.9797924176573809
17426,0.49945488343589484
17427,-0.824336609072265
17428,1.02715764802479
17429,0.24133209389625682
17430,-0.046241222030030456
17431,-0.9197727209215767
17432,0.4517393403365592
17433,-0.7974265450301037
17434,0.2961137847358738
17435,-0.9292236029638443
17436,0.43209538635521966
17437,0.6435400019241384
17438,0.41926898057317896
17439,0.524482728031977
17440,-0.291072791620905
17441,-1.0086321081934038
17442,-0.09932695946733244
17443,-0.08376890940820789
17444,2.0482187499076527
17445,-0.834634341391942
17446,-0.07520202270809868
17447,-0.6051402785773505
17448,-0.2725525807627011
17449,-0.0804940336693897
17450,1.8579083777000691
17451,-0.9525414329249978
17452,0.01013564910625918
17453,-0.7158880749233336
17454,2.0249588890655352
17455,-1.0782419258786322
17456,-0.008561994428604551
17457,-1.0175220019076003
17458,1.9776548315592761
17459,-0.9741669511995269
17460,-0.6129396318266915
17461,-0.03343437252409284
17462,-0.3289354309680879
17463,-0.02966956973467768
17464,-0.7939271197280945
17465,-0.29871170158666244
17466,-0.2598379334352747
17467,-0.19294242167007047
17468,-0.4472102506513778
17469,-0.23438351368350463
17470,0.22351014919530546
17471,0.11263654526764584
17472,-0.10005981199559026
17473,0.7291125875948806
17474,0.30433605320069346
17475,-0.10132180852081171
17476,0.07586728518248856
17477,0.2592593376775816
17478,-0.7990006707064929
17479,-0.23165909751398092
17480,0.18238342992301465
17481,1.7378130253297515
17482,-1.253762699008544
17483,-0.18806424671816133
17484,-0.2668918793296684
17485,-0.16807801844284057
17486,0.31267541586773007
17487,-0.17548750651119957
17488,0.13691168136085108
17489,-0.7343994563293209
17490,0.11985071157088027
17491,-1.0006082209493172
17492,0.0835618533145834
17493,0.025478089252829395
17494,0.8713783558458733
17495,-0.356238035247969
17496,-0.49693267987498974
17497,-0.20340782094907175
17498,0.03554261944324208
17499,-0.3153785407733062
17500,-0.5611715994897639
17501,-0.09684846456355005
17502,0.25402746665896064
17503,0.14138874392722345
17504,0.03950438776228761
17505,-0.3381966653155333
17506,-0.4865436215438754
17507,-0.20259907228309237
17508,0.05099473580222459
17509,-0.3096675843104576
17510,-0.6336115418711072
17511,-0.3951658602101199
17512,-0.007171595117197441
17513,-0.32062985265175525
17514,-0.16530406732912659
17515,0.1999327210285225
17516,0.178496232831882
17517,0.17948450229105806
17518,0.1445615196959696
17519,-0.5664933999015566
17520,0.19402165782137226
17521,0.1617185987144821
17522,-0.32431601823069967
17523,0.033963684099122524
17524,-0.48978580423461954
17525,0.15904288748248868
17526,-0.21174211692662742
17527,0.14507275742023143
17528,-0.41531058622294414
17529,0.167493480857274
17530,-0.4781161041862723
17531,0.18169050605859716
17532,-0.4673940298959758
17533,0.1740680796761129
17534,-0.5319938655052956
17535,0.1639087966059667
17536,-0.6405900959705964
17537,0.18275271766006085
17538,-0.4691311074953639
17539,-0.25085404494687497
17540,-0.43970286022604443
17541,-0.2387969837409385
17542,0.2020394593771358
17543,-0.32408750933762615
17544,-0.5243012175920552
17545,-0.23933898940690695
17546,-0.027502586026907642
17547,-0.8433072167975224
17548,0.058543343689791666
17549,-0.7147545618419479
17550,0.4065821357006074
17551,-0.8634353235067007
17552,-0.06641486635052118
17553,-0.6164073934366956
17554,0.3875978880894754
17555,-0.8586496165174888
17556,0.2043785956368842
17557,-0.6970583563369692
17558,0.3685830738231181
17559,0.785069652226306
17560,-0.2269632339423741
17561,0.7409437928448166
17562,-0.9073933032566742
17563,-0.11462355612730889
17564,-0.8134128564111425
17565,0.38162618619866157
17566,-0.052076683865875155
17567,0.1755978518407355
17568,0.04808376639260381
17569,-0.0952228906684056
17570,0.13633232191324768
17571,0.1844345351809954
17572,-0.11085577570352094
17573,0.17925068809272948
17574,0.3292982103824687
17575,0.011681282243085485
17576,-0.099729495099426
17577,0.1422208130587518
17578,0.20721728294830022
17579,0.04693180146669966
17580,-0.16400269361986503
17581,0.1565098874775854
17582,-0.11461691890169415
17583,0.1746660811563941
17584,0.27431177231564835
17585,-0.16187942059912505
17586,0.1751497917569171
17587,0.21070236009007864
17588,0.09514211025323387
17589,-0.15856234240280015
17590,0.17624820941490862
17591,-0.0743412038340232
17592,-0.09222184942702025
17593,0.17773112905122576
17594,0.16725076237597725
17595,-0.058019283176389526
17596,-0.8517574024060113
17597,-0.06668191689246872
17598,0.6903632899937601
17599,-1.0562861239719188
17600,-0.031898593057691604
17601,0.9541527628013922
17602,-1.0949953688717895
17603,1.040975568825071
17604,-1.1669027973931767
17605,-0.6250402197555908
17606,0.8752784239777002
17607,-0.8885847827616432
17608,-0.7232425355973199
17609,0.6330462924028795
17610,-0.8412976071056913
17611,-0.13451830598983272
17612,0.6530603835318356
17613,0.4363750506549358
17614,0.469796397356753
17615,-0.28685007157014747
17616,1.7573703380932424
17617,0.3383970925518296
17618,0.2631193443969812
17619,-0.6097999036866201
17620,2.3129515021209595
17621,0.5849352882659494
17622,1.726080056477115
17623,-0.9605270693851095
17624,0.6097711784554471
17625,-0.5843323399713035
17626,2.2243723918410256
17627,0.5513765167784662
17628,0.1847928979973853
17629,-0.4819072076438927
17630,2.2434400148193694
17631,0.5303524755576803
17632,0.4347692088985819
17633,-0.7671816149459605
17634,2.126387416255189
17635,0.44905765703150696
17636,0.17837553039548817
17637,-0.5884206768145593
17638,2.213978504459397
17639,0.44849015973930345
17640,0.140035559716877
17641,-0.6361768951044595
17642,2.177425989920886
17643,0.5140830436476442
17644,0.23762921392292405
17645,-0.2629229597905173
17646,0.2629169525389997
17647,0.23406435855035204
17648,0.2161152626169254
17649,0.24009074968596833
17650,0.3583957226639407
17651,-0.9663396985188574
17652,-1.0838661080967495
17653,0.36054244387709494
17654,-0.8802438860858094
17655,0.5204610772171173
17656,-0.9590042371284034
17657,0.3489838072039596
17658,-0.8813874273242142
17659,0.5733201781608437
17660,-0.9923079736377676
17661,0.6946649940120895
17662,-0.9634446425040079
17663,0.3269323728647878
17664,-0.7472067655158118
17665,0.5023089308170229
17666,-0.8901929544998395
17667,0.3436515149594659
17668,-0.8756502293207092
17669,0.4998587627490036
17670,-0.9071684657911263
17671,0.3515525096309762
17672,-0.8942434475466773
17673,0.4855910932988123
17674,-0.883723737940508
17675,0.35400650747070567
17676,0.3777932732262486
17677,0.5841876933579108
17678,0.46951739013653365
17679,-0.29635708810453126
17680,0.3136658876304274
17681,0.5880510490074191
17682,0.3437624264635659
17683,-0.3510214853854869
17684,0.3641251627638847
17685,0.4071029816078327
17686,0.3180493748290678
17687,-0.33317185915802944
17688,0.49774506044499756
17689,0.3026095977168715
17690,0.26333296961284663
17691,-0.2757593307590384
17692,0.3206713514580529
17693,0.812475439599088
17694,0.435888487092667
17695,-0.44167080323664054
17696,0.38785878894637993
17697,0.5727678326672417
17698,0.4888413054993757
17699,-0.39027498313441633
17700,0.39708090168606613
17701,0.2548791813520553
17702,-0.4086581679846855
17703,0.6442037547339242
17704,1.1093617662399475
17705,-0.37937694274650174
17706,0.1297717154264767
17707,0.3099613799086041
17708,0.2630249388847771
17709,-0.4255575120476684
17710,0.32372262949698344
17711,0.7204883582514835
17712,0.35116001176670325
17713,-0.4687883008302037
17714,-0.044960271645063575
17715,-0.4549502127270866
17716,1.92249237595739
17717,-0.7246281931173808
17718,-0.06592167052888845
17719,-0.003501103249686464
17720,1.6792788808734653
17721,-0.8685359329168713
17722,0.006869132704388281
17723,-0.31979351393411687
17724,2.0001793314447727
17725,-1.3111182122057783
17726,-0.14779355801254918
17727,-0.48988337024694323
17728,2.0055063409245615
17729,-1.2304498404373558
17730,0.009248317262520218
17731,-0.1440520984056701
17732,2.0084441404236344
17733,-0.8845760972177152
17734,-0.007983861190348444
17735,-0.516065685301309
17736,1.9752300542507042
17737,-0.7019292324627361
17738,0.0009208328693054909
17739,-0.5455650415320836
17740,1.7434277046122688
17741,-1.2434036055282014
17742,0.15671280722520134
17743,0.3896991848445035
17744,0.13482307707572266
17745,0.45795154138212857
17746,0.30214977135418053
17747,-0.8312393420297765
17748,0.3617623979105637
17749,0.3724994001180506
17750,0.14515315021795966
17751,0.6471956413713763
17752,0.620531979877653
17753,-0.2914324488531708
17754,-0.5587458695527981
17755,-0.03523661643905596
17756,-0.04022535748005517
17757,-0.35658804697623503
17758,-0.5483918046978415
17759,-0.24812465551666552
17760,-0.03710705596239217
17761,-0.35070558477054503
17762,-1.0250015556277787
17763,-0.12111534575181584
17764,-0.07428397393917963
17765,-0.3197021908057002
17766,-0.5925516549441856
17767,-0.2881838937714185
17768,-0.03840770270144034
17769,-0.3557777933396074
17770,-1.2327587478803543
17771,-0.0071629474531081415
17772,-0.08973627440499041
17773,-0.23529470893717808
17774,-0.6217031605923202
17775,0.06017668058578351
17776,-0.018364197039309943
17777,-0.2792860936984602
17778,-0.4794897161541599
17779,-0.05980814606599302
17780,-0.04203420166579807
17781,-0.1984023664067037
17782,-0.5569338404143557
17783,-0.2559298317089399
17784,-0.021311713618385113
17785,-0.36728553873719766
17786,-0.7464294748680527
17787,-0.08913872786509595
17788,0.0533431382552472
17789,-0.3090446013782779
17790,0.1386193822243259
17791,-0.35999975017022134
17792,0.096587453301633
17793,-0.3009861522528993
17794,0.17444931786136197
17795,-0.4137859705222136
17796,0.03975953266611998
17797,-0.4001902970914179
17798,0.09832928514720904
17799,-0.27860138068390433
17800,0.04377244252313279
17801,-0.508594529570822
17802,0.12121916762799342
17803,-0.40180993774731294
17804,0.17028566559777808
17805,-0.4905554190067571
17806,0.09783474874384405
17807,-0.41482515742245046
17808,0.16854218221839468
17809,-0.5028168402482847
17810,0.1497748212455749
17811,-0.37151317570918574
17812,0.1727743723786821
17813,-0.3091539613484917
17814,0.5616220258409846
17815,-0.6263934528326307
17816,0.6856796356980425
17817,-0.5711741145047395
17818,0.2994257081121882
17819,0.03365059047520628
17820,-0.5816485689793958
17821,-0.017384205244780834
17822,-0.3428660837594034
17823,0.16959850697223974
17824,-0.48640129960910483
17825,0.09010221733715582
17826,0.17808628717269015
17827,-0.4850916247361998
17828,0.15327270185725295
17829,0.1730310600402385
17830,0.11101900404242479
17831,0.16567274842309965
17832,-0.9757764307184204
17833,-0.3588536916977926
17834,-0.7681248551732335
17835,-1.0819359587790096
17836,-0.29748170141148855
17837,-0.6350779513792442
17838,-0.7124265660608156
17839,-0.48510168007283877
17840,-0.4922494134944457
17841,-0.9664283699365622
17842,-0.13360809833540763
17843,-0.3974926884289623
17844,0.3981227203623498
17845,-0.9097234379461143
17846,-0.4442766299298852
17847,-0.48909396189167
17848,0.3506441888074398
17849,-0.8863244130062501
17850,-0.20237014669231113
17851,-0.6105789091882093
17852,0.3963064065651127
17853,-0.9790039855732606
17854,-0.25605323412421
17855,-0.49876422763337674
17856,0.4414771277440146
17857,-1.5002495589683016
17858,-0.5856641319303827
17859,-0.3281470878700863
17860,0.3092251584537193
17861,-1.4748879801497587
17862,0.17332025032398096
17863,-0.4803175789864855
17864,0.46249745128008035
17865,-0.7825502972434107
17866,-0.17366270384813687
17867,-0.9213322130526056
17868,0.3204060846659304
17869,-0.8762567913505155
17870,-0.3256810267810127
17871,-0.7823217681203855
17872,0.3487812388346327
17873,-0.8939466855610291
17874,-0.03957522680321984
17875,-0.5795895004868773
17876,0.32214782191658164
17877,-1.0240154660624967
17878,0.1552866369290025
17879,-0.7710471576689258
17880,0.36044245093836236
17881,0.15656060424347826
17882,0.030768891562188115
17883,0.014995057845129691
17884,0.13438942842310314
17885,0.12046933912696886
17886,0.09336404603666063
17887,-0.23350302390952293
17888,-0.5274580846726941
17889,0.04180852376579128
17890,0.0086730923023462
17891,-0.20382801884615898
17892,-0.5615979512265016
17893,-0.3302309384479142
17894,-0.05645598942063578
17895,-0.14174872818616827
17896,-0.40640471803258066
17897,-0.3122684940911502
17898,-0.01075554316090034
17899,-0.2852551548111306
17900,-0.6349063341406018
17901,-0.4399178775426069
17902,0.06539263246034285
17903,0.038042617057364676
17904,0.23173529456242148
17905,0.17608208716754986
17906,-0.02151279621388721
17907,-0.16738801720433708
17908,0.14568161758763062
17909,0.27497674748521833
17910,-0.03828937023763861
17911,0.08290547397432298
17912,0.17061877841540807
17913,0.18777065763151682
17914,0.1238751886604107
17915,-0.1754722328501489
17916,0.17367831592749938
17917,0.18315950113805649
17918,-0.09381813619166258
17919,0.13593355674772922
17920,0.20721048738511497
17921,0.0050636960361573995
17922,-1.0535241280136098
17923,-0.38819166851255765
17924,0.05117462777737815
17925,0.18366341345499956
17926,-0.14805966356543568
17927,-0.10015416244285877
17928,-0.9667818215902777
17929,0.05033538682659148
17930,-0.2537789545956991
17931,-0.9439829354907959
17932,0.304247808373151
17933,-0.8987480289266405
17934,0.2623400318792335
17935,0.07539008593658741
17936,-1.3000286105228032
17937,0.1734801896900164
17938,-0.1479369307296576
17939,-1.0873078514759384
17940,-0.3326739280073708
17941,-0.2515736845143328
17942,0.40603952387375764
17943,0.41757782113340897
17944,-0.5501930526509935
17945,2.0944582561064906
17946,0.477443209183847
17947,0.5336689757199498
17948,-0.6111274443861386
17949,1.920252553136672
17950,0.49465357181463926
17951,0.455096137436652
17952,-0.6893716165764292
17953,2.0976912627477007
17954,0.44868710114398036
17955,0.6570444480544244
17956,-0.579480459471635
17957,1.8705230400274813
17958,0.5474491626667819
17959,0.7912850605453768
17960,-0.4219293325386143
17961,2.1034985974013587
17962,0.4487176757657188
17963,0.6844440019018768
17964,-0.5232649917903879
17965,2.016712801622186
17966,0.31841242823768423
17967,0.49495589350655295
17968,-0.44468538960171433
17969,1.9216859676489106
17970,0.582441073875265
17971,0.5364766338944534
17972,-0.6843795525827314
17973,2.051218933496053
17974,0.42343894812554017
17975,0.18941562656058047
17976,-0.05619882788124493
17977,-0.2783186130315399
17978,1.1249910975324875
17979,0.4968322654474365
17980,-0.8190980406190458
17981,0.40856228326616717
17982,-0.8878497037001631
17983,0.97244991663673
17984,-1.0003503153083775
17985,-0.8922502257759465
17986,0.37247294359361904
17987,-0.7851733037291846
17988,0.3844140191253623
17989,-1.1597459867993158
17990,0.49628691148672277
17991,-0.8322548986103121
17992,-0.2550982923295827
17993,-0.2711348966535097
17994,-0.06022794749571833
17995,-0.6760378505177049
17996,0.33781609001773966
17997,-0.7800682146899492
17998,0.48438743418629165
17999,0.15610310809962136
18000,0.07461177898751649
18001,0.20829584833246031
18002,-0.8073602495223576
18003,-0.6202058948955812
18004,0.34541067333768233
18005,-0.9995807601294254
18006,-1.0994253539337318
18007,-1.0899360581725832
18008,1.4041979834952065
18009,-0.7909548788212355
18010,0.31112351686414563
18011,-0.8876694619123805
18012,0.6971218942968128
18013,0.3475422271301307
18014,0.3763343843681008
18015,0.1421045335279782
18016,-0.9591956813627793
18017,0.3873530899939032
18018,-2.1656958902278043
18019,0.6345888578032555
18020,-0.9523584668281889
18021,-0.06435655915980915
18022,-0.16300906274415744
18023,-0.032562425719113115
18024,-0.014150703416401017
18025,0.01928406581495156
18026,0.010467847637587105
18027,-0.29747713786206514
18028,-1.4855787581565927
18029,-1.0037568528639522
18030,0.39301853976196593
18031,0.5976275336519328
18032,0.48733992954119
18033,0.59518605781037
18034,0.2745428964916075
18035,0.4389168785966916
18036,-0.6315053519427334
18037,0.6632472741199518
18038,-0.7899719654657147
18039,0.4446169909290787
18040,0.5717683747992599
18041,0.5810344548441073
18042,0.5912955250099933
18043,-0.8328039664644553
18044,0.32825477004849163
18045,-0.7345804986183699
18046,0.44466893809416896
18047,-0.9099402719299081
18048,0.4488061548178181
18049,-0.7743494185785548
18050,0.43756416929683156
18051,-1.1407270647647896
18052,0.3700718584299257
18053,-0.7951476933309195
18054,0.38534253062473756
18055,-0.8604168439711517
18056,0.45043761229789914
18057,0.09652507462649436
18058,0.37918503221264616
18059,0.4224927732510682
18060,-0.36236135890510346
18061,0.35619916236690236
18062,0.6931546542185453
18063,0.16066090172163197
18064,-0.32398355510477395
18065,0.25661117203892175
18066,1.245053811390535
18067,0.553449148822237
18068,-0.32680918933349834
18069,0.3716240763622353
18070,1.027346554927373
18071,0.5697384264207064
18072,-0.07894053772699963
18073,0.6572452969880225
18074,0.8965002042065741
18075,-0.2692710917570302
18076,-0.5473403501534991
18077,-0.947212419680975
18078,-0.05614916526905335
18079,-0.5993471195887182
18080,2.009697861033047
18081,-1.2857433200542971
18082,0.09396608142020527
18083,-0.08757860959387385
18084,1.9704513700382564
18085,-1.254479015119701
18086,-0.12296404581480104
18087,-0.010433961765880078
18088,1.4827095376282562
18089,-0.6931736635516634
18090,-0.10283609968649834
18091,-0.6458229660170223
18092,1.9804741292696262
18093,-1.0735473288547475
18094,-0.1213781502045844
18095,-0.039277917735221206
18096,1.9529607194159184
18097,-0.9116158393213865
18098,0.04256788829094711
18099,-0.10729293497065956
18100,1.979638599796719
18101,-1.1990233439738214
18102,-0.0027842032354112593
18103,-0.05210866836279503
18104,2.0187960783410603
18105,-1.1373533317816975
18106,0.02311052211903706
18107,-0.37883945736828306
18108,2.1061191074089662
18109,-0.9682824303743863
18110,-0.12644689052539654
18111,-1.0892170521261115
18112,2.0205381583844226
18113,-0.8245183563960491
18114,-0.24232670366495737
18115,0.000526067973052686
18116,2.0232772367587266
18117,0.046478371731809465
18118,0.041937598739924406
18119,1.949573922146408
18120,-1.0313077188843534
18121,-0.38068323183625496
18122,-0.04158728356525131
18123,2.0176420775355757
18124,-0.4802554186578587
18125,-1.0921407475533083
18126,-0.10569294940769677
18127,-0.22256696369196308
18128,-0.1351852269643
18129,-0.9172042518596608
18130,-0.11758524610159587
18131,-0.30418762178245956
18132,-0.0808244411819092
18133,-0.8529548454693306
18134,-0.09154585768178229
18135,-0.22591754502100048
18136,-0.2180818112697259
18137,0.7621425861277982
18138,-0.1605452885383
18139,0.2561090345251199
18140,0.2702484827242836
18141,0.8192893782277385
18142,-0.2059580214859851
18143,-0.2982634360373382
18144,-0.8363921428381808
18145,0.40214367350925756
18146,-0.1878210138294126
18147,-0.8248535380340443
18148,0.6752359170747115
18149,-0.16486608372981323
18150,-0.7653331640370433
18151,0.5818108789048623
18152,0.13076052753814868
18153,-0.9345977180332511
18154,0.46304698206509265
18155,0.07896192009941888
18156,-0.6211647828991107
18157,0.4932038012647055
18158,0.1863675954550393
18159,-0.6224453434276409
18160,0.09702803883231988
18161,-1.2160263980567303
18162,0.5152664873407117
18163,-0.03516721434294845
18164,-0.5992936337156505
18165,0.7089109405845432
18166,-0.21840555453954466
18167,0.16517659785262956
18168,0.26387865645502984
18169,-0.13578713074613347
18170,0.21907178848316994
18171,0.05589008530067916
18172,-0.15776495754816536
18173,0.1162285493974795
18174,0.2851594170823957
18175,-0.11290500020910715
18176,0.054288549992707505
18177,0.18201118271136005
18178,-0.17045464221935028
18179,0.09728212873944754
18180,0.1596430095732945
18181,-0.12505255885301533
18182,0.1443019840152369
18183,0.21401588637089264
18184,0.019476163939791517
18185,0.5634268271184218
18186,0.19316433524526014
18187,0.31642140494843735
18188,1.322955453745291
18189,-0.022046890468556526
18190,0.17703095092164262
18191,0.8318875967116056
18192,-0.12331863525593746
18193,-1.193651883180893
18194,0.25366996109200163
18195,-1.0746262539586189
18196,-0.0002801541391393919
18197,0.14074399112683134
18198,-0.12619738290551874
18199,0.12553227310499313
18200,-0.12966667193207906
18201,0.2750270757083339
18202,-0.6038825578686923
18203,-0.20490385340608347
18204,-0.19032422216030037
18205,-0.10609713848940494
18206,-0.20623230197992506
18207,-0.13350959082034675
18208,-0.20689620373774814
18209,-0.16907458125121663
18210,-0.1725521408550343
18211,-0.15695441737994872
18212,-0.11094632071056929
18213,-0.18309314353487127
18214,-0.16018995569000688
18215,-0.12763149977123
18216,-0.19627333600948285
18217,-0.09873229155807779
18218,-0.3338087543983602
18219,-0.10769911794233342
18220,0.08683995728219158
18221,-0.3514588488141943
18222,-0.06165459822346851
18223,0.10853104174768713
18224,-1.3746486900326162
18225,-0.11228715115695984
18226,0.04693689072321362
18227,-0.5382604887360228
18228,0.040371587309963965
18229,-0.024890498977947817
18230,-0.9902660031102178
18231,-0.027070902887756303
18232,-0.11854145174524895
18233,-0.7671616353305417
18234,-0.16457139356817005
18235,0.14103112808241894
18236,-0.7844230973324597
18237,-0.13658416409822308
18238,-0.1336174142002159
18239,0.1536420492886985
18240,0.05614420662262012
18241,0.6150901664657281
18242,-0.184303102980266
18243,-0.10257667376957433
18244,0.059804950294346244
18245,-0.09998027660103706
18246,-0.24075801707316916
18247,0.7047684712905006
18248,-0.030904266622573257
18249,0.6160227977815715
18250,-0.3248672162602005
18251,-0.5407282817869556
18252,-0.2427977819061324
18253,-0.06273201347465997
18254,-0.018663066552653696
18255,0.32255986987783974
18256,-0.285330985485256
18257,-0.4289664146567768
18258,0.0423717236913376
18259,0.041890604450697304
18260,-0.3291596832844812
18261,-0.45895371635898413
18262,-0.303643736678433
18263,-0.32196853052854724
18264,-0.454083550251276
18265,0.12387775826618623
18266,-0.0030223869444501255
18267,-0.33232253376280735
18268,-0.3729433381543721
18269,0.05082306175350246
18270,-0.021119571841992615
18271,-0.30113034129496996
18272,-0.6129369613909859
18273,-0.11832847900253193
18274,-0.056322327462560516
18275,-0.18452979751260312
18276,0.09114079789444246
18277,0.24853093589262187
18278,0.02761568814380332
18279,0.11746022752581124
18280,0.1562714882648779
18281,0.22681609912694858
18282,0.10659079812537392
18283,-0.2222282527313154
18284,0.17323834130561383
18285,0.31164157772630025
18286,-0.1627952964747998
18287,-0.2771510911703598
18288,-1.4492563788828723
18289,0.016524512323578242
18290,-0.30778268197504643
18291,-1.279199313172893
18292,-0.08709647770944845
18293,-0.05458608731708768
18294,-0.3241113860169668
18295,-0.6309607028844789
18296,-0.25517494162908455
18297,-0.08725222927823113
18298,-0.20985230833319338
18299,-0.5569338404143557
18300,-0.10970748161854814
18301,-0.00792858067142484
18302,-0.2961952992573684
18303,-0.533161725779104
18304,-0.40308194203759884
18305,-0.06934037334347552
18306,-0.031233201402573827
18307,0.17004839121389004
18308,-0.055320101443772335
18309,0.06697726048563461
18310,-0.3027113098873226
18311,-0.5262210315879547
18312,-0.23193896133486827
18313,-0.03933450169105345
18314,-0.09969386121280309
18315,0.12026042631379136
18316,0.14700186728136447
18317,-0.27881443080852075
18318,-0.13388824643184907
18319,0.17024894807606855
18320,-0.2781425104124553
18321,0.10424318830060231
18322,0.09152788581834269
18323,0.16778244025685946
18324,0.15705402580875608
18325,0.1444973147137374
18326,0.28101587423716223
18327,0.10504797303692551
18328,0.15362793215847484
18329,-0.4839907347089538
18330,0.16972971183662267
18331,-0.47713808236361394
18332,0.15024669443952168
18333,-0.5500945170340366
18334,0.16396459412975303
18335,-0.814884120642586
18336,0.6077645436589217
18337,-0.5359366661269119
18338,0.1444973147137374
18339,-0.7363706931458904
18340,0.0428914663609196
18341,-0.9173286862580807
18342,0.1661283368198115
18343,-0.783465272223753
18344,0.622497080565028
18345,-0.9809734378168846
18346,0.3315630174206082
18347,-1.0253676047517168
18348,0.04995815403903532
18349,-1.1496476388466659
18350,0.10370529625009939
18351,-0.9575562947581145
18352,0.1797555837957412
18353,-0.20306545931739048
18354,0.5383909615713499
18355,-0.36155350739132464
18356,0.6275033753084178
18357,-0.5857676228734229
18358,0.15069460176502306
18359,-0.6125256126505323
18360,0.1639999479264916
18361,0.1664967011732449
18362,-0.28662451865704236
18363,0.22572945243683834
18364,-0.5525838628201905
18365,0.1648783473617295
18366,-0.5527653000940691
18367,0.14851945586358756
18368,-0.5542983635631376
18369,0.17525088356698998
18370,-0.495105859514352
18371,0.17535391381896642
18372,-0.33587180152359764
18373,0.0766776214434926
18374,-0.5755997526088821
18375,-0.10132359962670558
18376,-0.04306553122496347
18377,-0.21919193998605332
18378,-1.0130763819457573
18379,-0.3465972268257513
18380,0.45864949388464465
18381,-0.32233084169371873
18382,-0.5940402842056671
18383,-0.47175317717061277
18384,0.5000208024963876
18385,-0.32965540309722746
18386,-0.45984974738215384
18387,-0.3986976006621015
18388,0.38588789131345025
18389,-0.23166073770484003
18390,-0.7361146514846
18391,-0.36276840522095954
18392,0.4391558372295865
18393,-0.36466558572807517
18394,-1.3584371988111046
18395,-0.42892940709878563
18396,0.4983055663259442
18397,-0.19861702505752368
18398,-0.614947607948524
18399,-0.3243049294773982
18400,0.550832635164962
18401,-0.10667767511895382
18402,-0.49349889295310184
18403,-0.33062571678965275
18404,0.5421021269548303
18405,-0.9033261274145615
18406,-0.3702749160917116
18407,-0.7433723683571621
18408,0.3524253230128929
18409,-1.3436441125823209
18410,-0.08073347939968387
18411,-0.6260010938930655
18412,0.45272611363384324
18413,-0.8311160280027757
18414,-0.3219694752730648
18415,-0.5810925006284766
18416,0.4558766330489769
18417,-1.1906929610255377
18418,0.10805679760274889
18419,-0.6062232620146109
18420,0.5280101307904282
18421,-0.9733558690184253
18422,-0.019174082496397227
18423,-0.7950913686295465
18424,0.3978228664777984
18425,-0.8261645584840521
18426,-0.011752615431646138
18427,-0.749500467140333
18428,0.5147560047667271
18429,-0.9655477986575847
18430,0.049514237947041
18431,-0.7129008741990468
18432,0.3480211645133558
18433,-0.9746124600689279
18434,-0.05781826464219676
18435,-0.4503147827238699
18436,0.4080982025269356
18437,-1.0996725948477315
18438,-0.07424858481058699
18439,-0.73146158161974
18440,0.33057884743662846
18441,0.6343124003093366
18442,0.9245388370780572
18443,0.08185630178178986
18444,0.5065703868822645
18445,0.5766679830292917
18446,1.0429035307089152
18447,0.6381881478658232
18448,1.0940223930785509
18449,0.3375985241180301
18450,0.9925547914399108
18451,1.0019201549671815
18452,0.3019351546547856
18453,1.014174523782286
18454,-1.4937702553328929
18455,0.39548068845526585
18456,-1.696731613115813
18457,-0.22764888611460155
18458,-1.3300305994855226
18459,0.35879703582555966
18460,-1.192439933162774
18461,-0.46479973551349296
18462,-0.6269184509351253
18463,0.4914782644725735
18464,-0.7689141372343202
18465,-0.25203972355823545
18466,-0.41964001342511326
18467,0.5735977642786274
18468,-0.8632309442808797
18469,-0.060087726353092806
18470,-1.0903290771804963
18471,0.4664440788530167
18472,-0.8871258575845049
18473,-0.07975837638447264
18474,-0.8923680140188749
18475,0.38397635338283104
18476,-0.07736707099006976
18477,-0.07353561336686147
18478,0.49550941239979984
18479,-0.09854284950327324
18480,0.12705786359261165
18481,0.3329584430926752
18482,0.12366579044849191
18483,-0.4148133709640923
18484,0.18216644605306923
18485,0.18425318773931904
18486,0.20373480872288324
18487,-0.015210623201501341
18488,0.09574561184747384
18489,-0.07639075893432201
18490,0.12292466657085278
18491,0.17935141764962995
18492,0.0361848677285447
18493,0.07417279004270443
18494,0.06692816617981577
18495,-0.10105160466884112
18496,0.12941021085334722
18497,0.17987173000834308
18498,-0.06917517422677617
18499,0.1451712521087896
18500,0.19802030220703587
18501,0.06124524022886542
18502,0.12863260983343838
18503,0.2019244992416599
18504,0.06760738672415142
18505,0.007025155870385812
18506,0.17632418281016707
18507,0.1644946519485855
18508,-0.001928188078041412
18509,-0.12618209362860547
18510,0.14944838347415623
18511,0.15824531767066727
18512,0.05096410406999301
18513,0.1269214490765632
18514,0.0980437449010637
18515,0.1904767265564591
18516,0.09562568156967706
18517,-0.07463611528385605
18518,0.05731054795616886
18519,0.14387385028447666
18520,0.24363761177942067
18521,-0.3303150591880382
18522,0.16681951430815237
18523,0.15776677202376063
18524,-0.20587333789017007
18525,-0.09644575229950733
18526,0.19249999674472434
18527,0.11740233904771392
18528,0.07918446767565018
18529,-0.18392143855203322
18530,0.17004839121389004
18531,0.29020666209430573
18532,-0.2950395807569895
18533,0.038503594149350354
18534,0.18347990416358614
18535,-0.1692175969077374
18536,-0.2861088083403952
18537,-0.16266534476571076
18538,0.1526436821397058
18539,0.0458972204833435
18540,-0.12204395857393346
18541,-0.061210585157082775
18542,0.09107092448592323
18543,0.10114007974234564
18544,-0.16217233623830457
18545,0.16163043297513843
18546,0.15815190246641656
18547,0.06575837021616719
18548,-0.5575254863042546
18549,-1.510476732259725
18550,-0.26786921909886596
18551,0.9252821836299348
18552,-1.0974155682762197
18553,0.8319858006810482
18554,-0.9023395056898326
18555,-0.45238848200605825
18556,0.8609506104637755
18557,-0.9783515423262383
18558,0.8460034462008231
18559,-1.7480285172008538
18560,0.7920955931904956
18561,-0.8114050671156685
18562,-0.24328955569159152
18563,0.8642461613671055
18564,-1.0075733752110498
18565,-0.4978911667358957
18566,1.0389748985883467
18567,-0.9609482477021281
18568,-0.39608619447609655
18569,1.0760059705194291
18570,-0.8559856305882181
18571,-0.10184069111450761
18572,0.9144176780878546
18573,-1.9420860707546304
18574,0.2068696004731969
18575,0.8810616922402276
18576,0.6834297800849317
18577,0.36923447926610303
18578,0.33510182556571244
18579,0.32034280967083256
18580,0.13536438595401873
18581,-0.5883848503513069
18582,1.8738788748397393
18583,0.4032670364595471
18584,0.3651440124772999
18585,-0.5312483209414066
18586,1.8962277949438395
18587,0.4957646829257504
18588,0.14669925462862113
18589,-0.5870050906129832
18590,2.2843566073825494
18591,0.5648426353168439
18592,0.4428332139061059
18593,-0.6753911466681438
18594,2.058012770799175
18595,0.5678741284212359
18596,0.42935533165732964
18597,-0.48263147978484944
18598,1.88001255800839
18599,0.43738793409071225
18600,0.5184886461117798
18601,-0.6599715147767236
18602,1.8192088257214731
18603,0.4380582731761532
18604,0.2674755484871993
18605,-0.49862271006853137
18606,2.1718318670216523
18607,0.5448064927843882
18608,-0.9662776112192487
18609,-0.12663858677898748
18610,-0.2357478122641063
18611,-0.06371067727402917
18612,0.4322306641913429
18613,-0.5328701363606785
18614,2.217567018569243
18615,0.5483249627038608
18616,0.26419505864706627
18617,-0.7010846704683312
18618,1.8834517183613124
18619,0.4041325148909155
18620,0.3726208873622611
18621,-0.5119514836024819
18622,2.2015636531228653
18623,0.512888894200661
18624,0.26372695919116584
18625,-0.5539515718681978
18626,2.201971767990061
18627,0.43850125966114234
18628,0.14114800074235828
18629,-0.5644208333860906
18630,2.1393920199083314
18631,0.3322012283422406
18632,0.005844396750455816
18633,-0.4940883522336806
18634,2.2407666138024367
18635,0.5449640809349136
18636,1.6725605921423456
18637,-1.196884426449147
18638,0.23828323684800862
18639,-2.539010943967124
18640,-0.8854518571155857
18641,-0.05216285358607085
18642,-0.2620357409894463
18643,0.1684942702908025
18644,-0.40796543280343245
18645,2.18344840818281
18646,0.469299167904035
18647,0.1619668563290063
18648,-0.3870709000745592
18649,2.134336936008378
18650,0.5762467212653839
18651,0.23309623542715038
18652,0.2688574781895878
18653,0.23345718954297062
18654,0.4254043230124906
18655,0.16701986149570622
18656,0.3070701355686696
18657,0.22437094639959232
18658,0.3406276289591024
18659,0.3967139356312853
18660,0.23345718954297062
18661,0.2140916884783277
18662,0.27175233731815873
18663,-0.8792706516160473
18664,0.5141371411882938
18665,-0.7766897021991168
18666,0.3765422620858803
18667,-0.8872209195810565
18668,-1.3514627428653418
18669,0.3780221970117156
18670,-0.9141813373767558
18671,0.32967989663309055
18672,-1.0088623350307309
18673,-0.7397698730860037
18674,1.0667513746092054
18675,-1.3733523216647079
18676,0.5622366795313503
18677,-1.0691451263812803
18678,0.5725145569215488
18679,-0.6364923295570782
18680,0.5996497827099226
18681,-0.7767737894819849
18682,0.33048923701086436
18683,-0.980766859349003
18684,0.4002292756442144
18685,-1.471160078596671
18686,0.36351319430029283
18687,-1.4605696123698015
18688,0.7041366810857466
18689,-0.9928507187200925
18690,0.6726841862747305
18691,-0.6260888019699477
18692,0.7728196948848661
18693,-0.8351730081458203
18694,0.5528995110599415
18695,-0.6367709724936613
18696,0.5197955766977667
18697,-0.868737076973156
18698,0.45321965264962394
18699,-0.8354900655650062
18700,0.3461735071433584
18701,-1.2122153858563884
18702,0.331168757398862
18703,-0.8980013235259711
18704,0.3382788537287942
18705,-1.1205478161493725
18706,0.34795475412830446
18707,-0.8556453133354779
18708,0.25639472898379906
18709,0.3692614222820642
18710,1.100171277843559
18711,0.26231586906529886
18712,-0.2080518285929884
18713,0.40065158643247406
18714,0.9697009976325207
18715,0.7257104102659843
18716,-0.210734814737152
18717,0.2979060753303052
18718,0.9805986379625882
18719,0.4228192098355155
18720,-0.43267060480767916
18721,0.32970392911064644
18722,0.6352375516815951
18723,0.5532724011297
18724,-0.4960088130516693
18725,0.27497430831294073
18726,0.3360733020849235
18727,0.4453936115531477
18728,-0.4115033262463925
18729,0.4001877706430004
18730,0.577384111491008
18731,0.49397431510929946
18732,-0.22693518538785323
18733,0.8911721308810227
18734,0.46119775274815833
18735,0.3543138986662204
18736,-0.350533120470781
18737,0.3231226894296104
18738,0.580501991141031
18739,0.1974755058659066
18740,-0.38417260408527953
18741,0.8863643388494047
18742,0.4805142434454548
18743,0.4316055227431505
18744,-0.33352739218446414
18745,0.3657853800111714
18746,0.5489694472970806
18747,0.5052922987078587
18748,-0.2544802430627541
18749,0.3586135255253456
18750,0.7055385835215249
18751,0.5041935325244834
18752,-0.22418756672851659
18753,0.6132031854549161
18754,0.2868517193110529
18755,-0.313063471745229
18756,0.33798394550225014
18757,0.32741210544812793
18758,0.35184668985988815
18759,-0.5679671631565276
18760,0.34122280988549064
18761,0.3122562204362363
18762,0.5096915126594235
18763,-0.263976245456195
18764,0.18618437859214768
18765,0.6235484724098923
18766,0.2694027965068481
18767,-0.4394184967727567
18768,0.19475138064682768
18769,0.20969963386903132
18770,0.2209468204389072
18771,-0.4549944061023921
18772,0.1578653362718098
18773,0.45278344662677256
18774,0.26171076890718276
18775,0.030036229826339363
18776,0.14437180540359731
18777,0.4317017198215108
18778,0.2360678878760389
18779,-0.10881951596660913
18780,0.9346455814761939
18781,0.5354258528135497
18782,-0.06535794076548315
18783,0.2610627037801057
18784,0.13439078655340847
18785,0.27627551357870284
18786,-0.22644095088944155
18787,0.008829829553796558
18788,0.1021973630068353
18789,1.9981422029306768
18790,-0.5178995874501531
18791,-0.4341983151573491
18792,-0.6307117958681098
18793,1.976722508027869
18794,-0.12442707817345132
18795,-0.2736224886567195
18796,1.9623566885463455
18797,-0.8062427728584279
18798,-0.2083638672670462
18799,-0.7171885720714255
18800,2.024746386781435
18801,-0.8760294748841482
18802,-0.04301996534379227
18803,-0.45116449013162235
18804,1.9475432300202373
18805,-0.8144111616998548
18806,-0.00858988293088374
18807,-0.6206114819102173
18808,1.9900899163559487
18809,-0.86145162062669
18810,0.26912048895263596
18811,-0.5714304224752533
18812,1.974829355837534
18813,-0.9040501632460738
18814,-0.1691334972474715
18815,-0.4944579787557962
18816,2.005276596192168
18817,-0.9148088485348281
18818,-0.09958894743231494
18819,-0.5266134163058266
18820,-0.8076382765769865
18821,0.03823903455698449
18822,-0.0040231430444055164
18823,2.001399717913754
18824,-0.9037279914021416
18825,-0.014396961681660277
18826,-0.5703933451298601
18827,1.8972889077129516
18828,-0.8555160957410658
18829,0.008443139861928677
18830,-0.05905803128571795
18831,1.9839068546434675
18832,-1.279634197099661
18833,0.0431656557413397
18834,-0.348797836083127
18835,2.0450373926309395
18836,-1.2121183770571418
18837,0.4936079204194538
18838,-1.0093124348358744
18839,2.041351041228128
18840,-1.1962500757730536
18841,-0.07687174137748601
18842,-0.709434886390753
18843,1.9882000871763947
18844,-1.280545145937425
18845,0.08576890898353054
18846,-0.3474355903188235
18847,1.753200292873231
18848,-0.8806406400916994
18849,0.012833663160277925
18850,-0.5751634620031976
18851,1.9448352612113133
18852,-0.9183845221968717
18853,0.12889883555337803
18854,-0.19072266942121932
18855,1.968943262170334
18856,-1.2724575649726648
18857,0.0039822073254434385
18858,-0.1496835465089261
18859,1.9968429858984433
18860,-0.9097322965463794
18861,0.11641859023988751
18862,0.2814071061281634
18863,0.2445029394651927
18864,0.25253458060920264
18865,0.18787258688559313
18866,0.3762870948781498
18867,0.049942271281099966
18868,0.4027047672071128
18869,0.09931217605253845
18870,0.4259468535795341
18871,-0.09531525840917916
18872,-1.0041587635609976
18873,0.455579178916811
18874,-0.2380548481558504
18875,-0.9425384368421665
18876,0.27410346824059306
18877,0.23701595950220658
18878,-0.017810580140641463
18879,0.5336422015686262
18880,0.3681422478945144
18881,-0.22295760043852758
18882,-0.44436210874002424
18883,0.01822253912750209
18884,-0.3292203524884203
18885,-0.8060546216045443
18886,-0.13894813427062244
18887,-0.12447645244718979
18888,0.01884603368208407
18889,0.6385519161584766
18890,-0.2719137264573634
18891,-0.31977118858402914
18892,0.24930553195909616
18893,-0.35218475755905837
18894,0.09924779916592504
18895,0.16702605059639064
18896,-0.15033237330478244
18897,-0.3168440177156819
18898,-0.4630145462390592
18899,-0.3253654380518605
18900,0.04567041542323793
18901,0.1187555484151521
18902,-0.18177404661128402
18903,0.2749929376686176
18904,0.3775933206729681
18905,0.12392339995339974
18906,-0.6706381580294394
18907,0.09013815541602067
18908,0.20666669471093052
18909,-0.2850065439365571
18910,0.26285330019077185
18911,-0.4633850885481191
18912,0.1741601126261031
18913,-0.38261050187746865
18914,-0.29206319388930213
18915,-0.7540889329756153
18916,-0.06904107889866629
18917,-0.19557093779996976
18918,0.6315518613753356
18919,-0.26736981275123756
18920,0.14831063176451256
18921,-0.33642997944833797
18922,0.19930360328056004
18923,-0.44101338880410834
18924,0.15141857083275687
18925,-0.30708226719782983
18926,0.16120458417188527
18927,-0.6743346242690319
18928,0.08509369540704383
18929,0.17859714792661566
18930,-0.3724499457268351
18931,-0.021678758003320375
18932,-0.8512469446470232
18933,0.11342550736226807
18934,-0.3955842210226596
18935,0.35625411578138555
18936,-0.7791492658314861
18937,0.1998459030221399
18938,-0.42671751897560317
18939,0.04681678310364195
18940,-0.6051349568881249
18941,0.20617977305169677
18942,-0.011116958416147975
18943,0.15048576001614866
18944,0.006195520237877412
18945,-1.362387342500496
18946,-0.13287944817345
18947,0.519747814580166
18948,0.2585041888664519
18949,-0.0777034374179523
18950,0.6905842924482436
18951,-0.89937342790909
18952,-0.16161556282696876
18953,0.3351848041966755
18954,0.13890127493551696
18955,0.0483549449786434
18956,0.5142668089172343
18957,0.4085183862914859
18958,-0.12350332830467098
18959,0.3978715199133133
18960,0.06442102292427436
18961,-0.1630283427952817
18962,0.20687684967627287
18963,0.4761647442198858
18964,-0.08858069325489527
18965,0.4309268353704166
18966,-1.1893165044995855
18967,-0.09466662179838385
18968,0.355330983942039
18969,0.1630801079873413
18970,-0.07836486267532614
18971,0.7012580474999291
18972,0.16996027565166538
18973,0.05616228025784349
18974,0.3857519691153104
18975,0.16536343174098794
18976,0.9322339875097044
18977,0.6293016391943426
18978,-0.9176718523382809
18979,-0.0566881601609988
18980,-0.7417393023799752
18981,0.2780207389046567
18982,-1.0508682624158032
18983,-0.20648700777633494
18984,-0.8735844479081298
18985,0.8763971801723113
18986,-0.00438737117315464
18987,0.12960167055184843
18988,-0.07705321728782147
18989,0.4363422731952098
18990,-0.11534310967893568
18991,0.05774325132490574
18992,0.3346809275900827
18993,0.18961281705799157
18994,0.23274129288494563
18995,-0.18909954598220896
18996,-0.23556743830987206
18997,-1.160213253093806
18998,0.24160935502045147
18999,-0.3713139390260811
19000,-0.4810768057077381
19001,0.13135373328251704
19002,0.008321555489550634
19003,0.16543001920146927
19004,0.43293700115725914
19005,-0.11782748537460706
19006,-1.2814419933277699
19007,0.0072983255559248535
19008,-0.9709830828630116
19009,-0.20982670594588274
19010,0.019446254189911007
19011,-0.6769388355909233
19012,-0.12004028123891056
19013,0.18725021288356827
19014,0.16469358648556048
19015,-0.1311984299997237
19016,0.11275424453099056
19017,0.1309314197467915
19018,-0.12480733739027247
19019,0.15083350601108372
19020,0.13636749980812313
19021,-0.8528051679695784
19022,-0.095789538398322
19023,-0.1717835058430742
19024,0.5766752627377287
19025,0.609798624029827
19026,0.05946959956931538
19027,0.5899872690103978
19028,-1.5410604693727739
19029,0.3027888377424038
19030,-0.22596674983284024
19031,-1.0773628455844153
19032,0.034988292374527726
19033,-0.2230549429474354
19034,-0.8168959352129052
19035,-0.33144448866916015
19036,-0.1919049080699307
19037,0.30592315342213516
19038,-0.25057665238713767
19039,0.021032903120324083
19040,0.5538147509938857
19041,0.2422807120132159
19042,-0.2807226390203307
19043,-0.0202192617692412
19044,0.3302942513069112
19045,-1.2717825198174149
19046,1.2355909625003099
19047,-0.9274358760172935
19048,-0.007603813810231601
19049,1.897305057349722
19050,-0.8666164651818439
19051,0.6716771066186213
19052,-0.6497681232835214
19053,2.1479939454338792
19054,0.45546744296149905
19055,0.1674458049806771
19056,2.102114622435219
19057,-1.2256479474314286
19058,0.20736502676916901
19059,-0.45312951570431886
19060,-0.19656732409047012
19061,0.4019939031354104
19062,-0.6316094558938807
19063,2.1825333001277283
19064,0.3929454063282211
19065,-0.8743695319443832
19066,-0.10839811509043118
19067,-0.017446232696277854
19068,0.43264418669015003
19069,-0.5452435175231375
19070,1.818446834655374
19071,0.37054591010327453
19072,-0.8407111408812247
19073,-0.16707235960920763
19074,-0.23265440027272694
19075,0.35600340578952866
19076,-1.0591302537825285
19077,0.37092988112014136
19078,-1.0925259088917076
19079,0.36222845458469444
19080,-0.7848203971346368
19081,0.3283761626366146
19082,0.041494367465401034
19083,0.22376848325694218
19084,-0.8351538638105814
19085,0.4746567453822457
19086,0.21776293856792173
19087,2.0805867240144984
19088,-1.299155682883411
19089,0.11693733239444486
19090,-0.8797127088920432
19091,0.27170672025876846
19092,-0.07325644044832405
19093,0.19526319319152985
19094,0.028790908833492345
19095,-0.2932042394061502
19096,0.3900614620530577
19097,-0.019051349042266467
19098,0.06760089917573335
19099,0.2564736125736926
19100,-0.9178454317606771
19101,0.07648512852738674
19102,-0.8000587425041423
19103,0.5304310284431447
19104,-0.5587974583365218
19105,0.5430261868387469
19106,0.524680953944965
19107,0.15650881446342546
19108,0.34610133953269423
19109,0.3356519841837517
19110,0.26093336857872396
19111,-0.9247544236332027
19112,0.5077627488264969
19113,-0.1890515686061084
19114,0.1644762681329017
19115,-0.5415535201487058
19116,2.150161726515232
19117,0.5755187754245683
19118,-0.473658461609981
19119,-1.081136714471927
19120,-0.5975307535181709
19121,1.204625076571225
19122,0.15478317214790857
19123,-0.030956999762552402
19124,-1.2393659022110373
19125,0.5042311776680747
19126,-0.21504572452097154
19127,0.522759864751448
19128,-0.17185731921958083
19129,0.2116984855870625
19130,0.02298649539834371
19131,-0.07200337230087868
19132,0.5189703338478883
19133,-0.9300571745710703
19134,0.48354342111383486
19135,0.24492475609830897
19136,-1.2667085373633862
19137,0.32527975729765185
19138,-1.7281859047142691
19139,0.4626668319947644
19140,-1.7514011991676948
19141,0.6458253536013888
19142,-1.4650173374842876
19143,0.4099545215360086
19144,-1.6832952744935246
19145,0.1945285297884203
19146,0.46616283990703844
19147,-1.0562021639216772
19148,0.3614835659093253
19149,-0.9188843515792489
19150,0.4224493594915179
19151,-0.18592451837997992
19152,-1.2268761403686328
19153,0.6995967011440781
19154,-0.01634609041270912
19155,-0.5510207391889643
19156,0.2626752523761617
19157,0.5817900148999353
19158,0.6574954960936624
19159,0.27917681729660476
19160,0.5332457551466191
19161,0.2660649852828638
19162,-0.17964542587656895
19163,0.3284666318866597
19164,0.5568821246030591
19165,0.4953335320753089
19166,-0.33200383041039294
19167,-0.72479792807791
19168,-0.336333427759599
19169,-0.61367984464255
19170,1.9145014719868734
19171,0.17318964136942586
19172,-0.008707009585459398
19173,-0.5780186241175771
19174,2.026976696405748
19175,-0.8331366719427359
19176,-1.4248120987016768
19177,0.5555318246717146
19178,-2.1760412128991176
19179,0.38687452010860074
19180,-0.06908090644383987
19181,0.27722222833270355
19182,0.15951635529492456
19183,-0.5675990784709286
19184,-0.08174111680618541
19185,-1.7697884037380422
19186,0.2239372797464313
19187,0.3601247221933743
19188,-0.07005170824741525
19189,2.055749789749021
19190,-1.0338780124463565
19191,0.15634143076345322
19192,-0.004366674634650615
19193,0.373158628862687
19194,0.03188723096247659
19195,0.05120493126008208
19196,-0.6286690013017386
19197,0.8566177484794316
19198,0.047784486650086604
19199,-0.005155560340959822
19200,-0.42505447563505444
19201,1.8644833023516358
19202,-0.7978873843236369
19203,0.16100600103871135
19204,0.43654378926875137
19205,-2.1974800324956365
19206,0.04162282218788454
19207,-0.5156728594311772
19208,1.854529603948171
19209,-0.8877418955005091
19210,-0.08587200890019273
19211,-0.05693007706968931
19212,1.9211446091425204
19213,-1.2385315464546118
19214,-0.8986466643731951
19215,-0.134214190194928
19216,-0.17032819841856534
19217,-0.16994693097773686
19218,-0.8490817292028867
19219,-0.10582658252987079
19220,-0.2281140061868925
19221,-0.0674397409298754
19222,-0.7214635817180821
19223,-0.10913940435021838
19224,-1.167248240054978
19225,0.6896112608723481
19226,-0.6192401481601797
19227,2.1875423258071764
19228,0.4332335458035677
19229,0.7713193681958346
19230,-0.6138903984697441
19231,2.13870976158253
19232,0.41822328856910024
19233,0.08281634205351263
19234,-0.37082326914179997
19235,0.5792719864600807
19236,-0.5025431146273208
19237,0.27624358250271563
19238,0.7734195965952306
19239,-1.217832220004671
19240,0.5201234426857477
19241,0.5170176524005421
19242,-0.7783152469119062
19243,0.3633426084906409
19244,0.1911503906005976
19245,-0.7359472858212271
19246,0.5150730626578397
19247,0.5840477990635707
19248,-0.6482463567872581
19249,0.40984022051453184
19250,-0.8383747774413245
19251,1.0741149734470297
19252,-0.041065802709502844
19253,-0.5808795867057569
19254,-0.37820903561511343
19255,0.005696763179865502
19256,-0.1312328536239552
19257,0.1596389204222591
19258,-0.9643394804105568
19259,0.5017184158732652
19260,-1.5063714856702644
19261,-0.019035084543573545
19262,-1.080519199839915
19263,-1.857017053174661
19264,-0.24217364926102133
19265,0.026064305934446478
19266,-0.8956947000096501
19267,-0.006166829952731773
19268,-0.6312846762038935
19269,-1.6897198629048258
19270,-0.06406573122406065
19271,-0.7157762786234645
19272,-0.034989713747941985
19273,0.3949751132616084
19274,0.047899827310497224
19275,0.17477569701163054
19276,-0.9606241575423852
19277,0.12946803338091178
19278,-0.7967354168521814
19279,-0.14616404219259985
19280,0.1291055709973968
19281,-0.924469234485689
19282,-0.06471376129094382
19283,0.12099540638121081
19284,-0.16230204101482615
19285,0.12465875095291706
19286,-0.11641450651751561
19287,-0.8697760730647758
19288,1.6608677369890716
19289,-0.8712638174784705
19290,-0.09070485817387669
19291,-0.3003233666773029
19292,-0.12671942496702915
19293,0.10933941858101566
19294,-0.8246806813865541
19295,0.25772521417268807
19296,0.015012848012035682
19297,-0.12244730071843019
19298,0.11463158132598282
19299,-0.9108227546042612
19300,-0.14681295768800295
19301,0.11606553718941938
19302,-1.2086019140716255
19303,-0.06746754819347661
19304,0.12098025076906566
19305,-0.8419866865939405
19306,-0.042521464776369845
19307,0.07887558304895961
19308,0.8684135046581722
19309,0.3610155394840514
19310,0.11940544908098547
19311,-0.9804806451290669
19312,0.03586302020082381
19313,-0.020530836626337444
19314,0.4941625733465839
19315,-0.040600355877313275
19316,-0.012043088194508812
19317,0.2671021410668031
19318,0.9087671638990843
19319,0.026708898521277377
19320,-0.06660733604866972
19321,0.6814589154270244
19322,0.01887058623072138
19323,0.5539798995604303
19324,-0.41403979322977974
19325,-0.5916937326042498
19326,0.09300565647408295
19327,0.1553067419016992
19328,0.2700631806142061
19329,-0.31793475761100565
19330,-0.591208832534333
19331,-0.11857495073156686
19332,0.1505461254085146
19333,-0.2866624326754719
19334,-0.6280833606146645
19335,0.12422906847135681
19336,-0.028872505000311192
19337,-0.40707310268689634
19338,-0.5148786201073053
19339,-0.11949445380329193
19340,-0.007339028726625443
19341,0.18457852268915975
19342,0.2776941531198331
19343,0.17228267139945588
19344,-0.28236423728448634
19345,-0.4742391099794885
19346,-0.2871163416451788
19347,-0.037373613439166994
19348,-0.031666101095209974
19349,-1.0675052721696552
19350,-0.28458482763659315
19351,-0.07447206518969474
19352,-0.3976427063728863
19353,0.1982131015207851
19354,0.1967882873144037
19355,0.019311128748165155
19356,0.039712281941818355
19357,0.16982053570160904
19358,-0.20482282348957384
19359,-0.20612475034491784
19360,-0.3080162299317233
19361,-1.526384867866227
19362,0.197041822923053
19363,-1.674348444978417
19364,-0.09293048192910193
19365,0.3603015540537088
19366,0.09500969496020227
19367,-0.009109681386118163
19368,-0.3206024896382751
19369,-0.25680382925164663
19370,0.049691289625717755
19371,-0.03709958405178973
19372,0.7685113339249361
19373,0.270028926533084
19374,-0.3597804990269229
19375,-0.44277387344590646
19376,-0.22497233753832926
19377,-0.2717300835211831
19378,-0.08388636994586256
19379,-0.06581348023282635
19380,0.1400270819319842
19381,0.1133884641881243
19382,0.1251849212670163
19383,0.8548109446487011
19384,-0.09686435877592033
19385,0.5669843330058079
19386,-0.3633686924037961
19387,-0.18179639641475587
19388,0.11506707740222924
19389,-0.19871824010601963
19390,0.43410690048306255
19391,-0.6045214785611026
19392,0.16432569024697027
19393,-0.5798479416011764
19394,0.5072300598785976
19395,0.041746113896529935
19396,0.2033707599383879
19397,-0.571178520112704
19398,0.14037178124067817
19399,-0.5376012669224796
19400,0.11133615862006918
19401,0.01219124201017777
19402,0.27644366643138973
19403,0.15321779965875185
19404,-0.7815727954306432
19405,0.6009882906321955
19406,-0.7906013658078892
19407,0.02417167057311208
19408,-0.8959687306537361
19409,0.18205175098961163
19410,-0.7796243124833464
19411,0.2449129455641831
19412,0.48516346146043443
19413,0.14902340484070675
19414,-0.6441773842570074
19415,0.7836105340222567
19416,-0.975503622818685
19417,0.11885011814088038
19418,-0.6713048486034827
19419,0.44936612914353213
19420,-0.6985693377224967
19421,-0.5790170904418555
19422,-0.4725647138453152
19423,-0.274429052186317
19424,-0.6899537215256014
19425,0.16489440474034048
19426,-0.11193019342530583
19427,0.10445498835899077
19428,0.19210621472236608
19429,-0.6596181468358012
19430,0.182837153890804
19431,-0.6054718606785787
19432,0.06876691641409206
19433,-0.21309006751598442
19434,0.20876720162652465
19435,-0.4780784516446726
19436,-0.21400732405805184
19437,0.33252860784344473
19438,-0.043336909296752955
19439,0.6054329024287475
19440,-0.23497026919916686
19441,-1.7894055257275685
19442,0.04259780165024291
19443,0.4999158829622844
19444,-0.88744499387098
19445,0.17161060741913942
19446,0.15002234621873678
19447,-0.8837865881741744
19448,-0.15360109418239778
19449,-0.728066368952407
19450,0.2917812828069777
19451,-0.9577352461868779
19452,0.1283287527033943
19453,0.35284626171981676
19454,0.14889991214046608
19455,0.3407673050407605
19456,0.5338437051431865
19457,-0.8982081435724781
19458,0.07789178683842145
19459,0.35773770248713954
19460,-0.9398022511923981
19461,0.35447065195428384
19462,-0.7289955655523401
19463,0.30449190723487707
19464,-0.7041794154224778
19465,-0.03795877384253646
19466,-0.801759920787068
19467,0.30287133375700404
19468,0.1749316434440162
19469,0.7336718920559263
19470,0.7343206246438692
19471,-0.8794823029608277
19472,1.0526271020928981
19473,0.8035165932550163
19474,0.6112453994375061
19475,0.7747274194163108
19476,-0.764758251271973
19477,0.23272673334580232
19478,-0.0018104169820170669
19479,0.3888555355903053
19480,0.5593960275795788
19481,1.1665327443247018
19482,1.0757750356563622
19483,0.4253920303279565
19484,0.31597020668015785
19485,1.1796892216673505
19486,0.611499779906576
19487,0.9812424553885342
19488,0.18923239976602824
19489,-0.6703792491295861
19490,0.13119820760339604
19491,0.26713537006421245
19492,0.4360555049245257
19493,-1.88249420368405
19494,-0.3833752412136505
19495,-0.6667117791581645
19496,0.20259141491249694
19497,-1.2201508859351455
19498,0.4326798821136
19499,-0.8153720952743128
19500,0.5083992668041714
19501,-0.919303342534487
19502,0.12677439296555454
19503,0.4669716830935099
19504,-0.056212277478670636
19505,0.17686259593764606
19506,-0.5433806581861902
19507,-1.3160985341173619
19508,-0.021523400893627274
19509,-0.6840288935624665
19510,-0.761005067686576
19511,-0.019096491430105052
19512,-0.6876048711546603
19513,-0.34562862123373134
19514,0.07270609240931585
19515,0.13397699437870964
19516,-0.7132381498586646
19517,-0.17334625707494897
19518,0.17549684930216808
19519,0.16089665463543285
19520,-0.44228678537396837
19521,-0.08422438450585595
19522,0.16938342083310529
19523,0.006374705676235084
19524,-0.23543778034243512
19525,0.87956043683999
19526,-0.08907225107507402
19527,0.13042377802738891
19528,-1.2904378848788565
19529,0.1029851030896379
19530,-0.6141097455289631
19531,-0.041467497511177724
19532,0.17831414158048886
19533,-0.025450968026063954
19534,0.07291822745632588
19535,-0.11497574144520967
19536,0.823219447270642
19537,-0.07169487007873575
19538,0.24026583208090402
19539,-0.19040519890424232
19540,0.12176554532713864
19541,0.2019005622586027
19542,0.10727269604751892
19543,-0.1629735410752412
19544,0.1841580489667416
19545,0.01256728389578267
19546,-0.2103223545412227
19547,0.17838543947532048
19548,-0.18404074690969424
19549,0.045107980926956316
19550,-0.33038214795418314
19551,0.3248191153998513
19552,0.1768725565797652
19553,-0.16522712477612778
19554,-0.13096670946157918
19555,0.8337381858430567
19556,0.15369845899961862
19557,-0.30618325819465225
19558,-0.04726141944627627
19559,0.2826216494011963
19560,-1.2487272757727976
19561,0.4313661906645552
19562,-0.2008284928554457
19563,0.635361649643647
19564,-0.30951663131495716
19565,0.02948119741613108
19566,-0.11242256167995932
19567,0.2157194640859735
19568,-0.2609478657834331
19569,0.15273009287287675
19570,-0.04492685940436624
19571,0.4265400373071849
19572,-0.633927498620283
19573,-0.014286704538158952
19574,6.35693976954258e-05
19575,0.13662487460950767
19576,0.20284487788888272
19577,0.03628345367010137
19578,-1.1115455647188626
19579,-0.05681578148948095
19580,0.6724697436844945
19581,0.2529323900986954
19582,-0.2904673156746629
19583,0.5577182329045376
19584,0.07248624703493972
19585,-0.5390871798678396
19586,0.5129545113772679
19587,0.32670849742515395
19588,-0.5019588412486218
19589,0.5324226055842529
19590,0.6641063117672558
19591,0.003172510327760311
19592,-1.6357127114076715
19593,0.29062756064770634
19594,-1.0498314094506782
19595,0.4739229362366976
19596,0.8562648929606983
19597,-0.9784539599463536
19598,-0.4915065926307848
19599,1.0461270194927514
19600,-1.2847371078582994
19601,-0.1934767057743363
19602,0.873846795746768
19603,0.7031173436301892
19604,-0.5587003986981968
19605,0.12086110932986507
19606,-0.27691185249850425
19607,0.5550931790094036
19608,-0.22499784754888175
19609,-0.15312987668294514
19610,0.41652071883937086
19611,0.7718013490046358
19612,0.5209166826869466
19613,0.3141481401108118
19614,0.4174818535932206
19615,-0.7088414174927006
19616,2.2918015501944504
19617,0.6001001960913301
19618,-0.7422133269497894
19619,-0.05735519658644922
19620,-0.8002426480268944
19621,-0.9014680367717086
19622,1.8911753738614392
19623,-1.229666491230204
19624,0.43412762474741945
19625,-0.5841445693581316
19626,2.209190310612597
19627,0.4473802129561003
19628,0.48736136068174385
19629,-0.5580392473241137
19630,2.173338179020131
19631,0.49175854217597353
19632,0.5544685573469902
19633,-0.4781913065579691
19634,-0.15955604779832958
19635,-0.13959691635310514
19636,0.2810931315527089
19637,0.2627303058377503
19638,-0.7517308843250048
19639,-0.05651544979441919
19640,-0.27445307237500666
19641,-1.1765440703341647
19642,1.9837550448977288
19643,-1.2860634958082346
19644,0.6703261653281273
19645,-0.5523383154150202
19646,1.866390668168989
19647,0.5524460548357872
19648,-0.27685979614252915
19649,-0.45504445300791957
19650,2.0188168240523896
19651,0.5753043899328811
19652,-1.2787862777562415
19653,1.9442541666394553
19654,-1.1809475390803565
19655,0.6950939807536032
19656,-0.1982143323526581
19657,0.3793545852599803
19658,-1.9415623170458103
19659,-0.18137355925619286
19660,-0.17136014691033605
19661,-0.3388658287877727
19662,-0.62662523073319
19663,2.070501449598469
19664,-0.07076389605992207
19665,2.160137517744012
19666,0.3802217552969739
19667,-0.13524284242409165
19668,0.34012142764193
19669,0.4275160801221571
19670,-0.7318244980250075
19671,1.8597518238350033
19672,0.47811230574849534
19673,-1.0105768220819333
19674,-0.06996639521986424
19675,-0.19139184985865634
19676,0.4283022196155423
19677,0.10655264669004125
19678,0.20696286730049715
19679,0.5805802529538182
19680,0.10482176636746365
19681,0.3460752025765071
19682,0.21207995122103873
19683,0.43620500390045036
19684,0.42089037008367175
19685,0.3082530735319458
19686,0.15091799013710272
19687,0.7008825016643024
19688,0.1990786470381493
19689,0.3509530421638109
19690,0.34073026359530667
19691,0.3042456832695833
19692,-1.081614907362671
19693,-0.9828934074053532
19694,0.6964414054764589
19695,-1.2990562196031195
19696,0.3737221665989568
19697,0.004407186947398756
19698,-1.2641033680678346
19699,0.34220287282712597
19700,-1.3275087453734697
19701,0.2855571549781848
19702,-0.2264054874563972
19703,0.2635072549115402
19704,-0.8951773369731725
19705,0.050271754928320894
19706,-0.7399918468340406
19707,0.56253925902605
19708,-0.20417132641568397
19709,0.21944690109375187
19710,0.09120816827088153
19711,0.0963556571449544
19712,-1.8191011381493616
19713,0.5934111976330216
19714,-1.8458244115080809
19715,0.6174893394521273
19716,-0.6183915298390288
19717,1.009202916538443
19718,-0.336538223326698
19719,0.2957933018525648
19720,-0.8153985335703694
19721,0.3655711186713
19722,-0.16615050921941793
19723,0.2115349085284798
19724,-0.1683338263215433
19725,0.15466481343180882
19726,-0.8233044161940648
19727,0.26767916214165416
19728,-0.8544027537081369
19729,0.6284093792750999
19730,0.7497209992682005
19731,0.4126253319578465
19732,0.2690146231151872
19733,0.3923742927690883
19734,-0.48063265297450336
19735,0.4141665002514585
19736,0.3690345941760696
19737,0.4300475748105215
19738,0.6543025793802779
19739,0.20592601531335653
19740,0.4142762951259941
19741,0.8400601541166935
19742,0.32114879905448646
19743,0.6809740467013291
19744,0.6271064231062065
19745,0.6828664454015079
19746,0.28907322105024325
19747,0.4504562747978821
19748,-0.2707977332176922
19749,0.35022358329903586
19750,0.6615503600680921
19751,0.17733562213679685
19752,0.2879892544933695
19753,0.5708684605158885
19754,0.3053158722247452
19755,-0.44397172809289936
19756,1.0069798993574273
19757,0.5753317623141757
19758,0.3248630847687722
19759,0.33054669070256315
19760,0.5383966202901006
19761,0.40404100723813885
19762,0.2559409449327174
19763,0.3646291026788914
19764,0.35057211780668196
19765,-0.5904239530884469
19766,0.30376327499703243
19767,0.4930901859019372
19768,-0.528060136235283
19769,0.5483113121590832
19770,0.22284124541438785
19771,0.3323131276597258
19772,0.18590995861671164
19773,-0.36440175624447013
19774,0.15871914917454857
19775,-0.6469742783514445
19776,0.43056702881854786
19777,0.3655229666596533
19778,0.39087561127965204
19779,0.5792671512916345
19780,-0.11787124229146455
19781,0.2789522761475661
19782,0.34286820841718235
19783,0.21722117296889157
19784,0.1391469813370265
19785,0.4322376914878231
19786,0.26528564510027164
19787,0.3685502430194402
19788,0.244309774140601
19789,0.26482399833059544
19790,-0.2810744731903357
19791,-0.04343766462211102
19792,-0.45105288357969836
19793,2.0044287369410436
19794,-1.1986230089491663
19795,-0.1808252001698863
19796,-0.6308233714024996
19797,2.0192036642879776
19798,-0.9410086033632745
19799,-0.006953725253915419
19800,-0.5009812178426457
19801,1.987575694292473
19802,-1.2099245759829558
19803,-0.14263211394351075
19804,-0.5737424024084008
19805,1.9887982646532802
19806,-0.807770374612374
19807,-0.0007821947410955323
19808,-0.5452161922055251
19809,2.014578415414661
19810,-0.8892940978038918
19811,-0.2141110852052891
19812,-0.028850764621769828
19813,-2.1766784608384313
19814,0.7243095569716158
19815,-0.15429534545016235
19816,-0.6189686345711115
19817,1.8985932669140768
19818,-0.9818691973493764
19819,-0.03462905476751678
19820,0.39442079014908926
19821,-2.127303642932008
19822,0.8150617523405482
19823,-0.031283147650974154
19824,-0.25697130888459135
19825,2.001745672109956
19826,-0.23159356618456792
19827,-0.01570291525075531
19828,-0.0953625718832934
19829,0.2597496761136213
19830,0.18168848154999967
19831,-0.09898712430420138
19832,0.024376160636821662
19833,1.9214791471275534
19834,-1.2956901599676258
19835,0.0535110340396555
19836,-0.6326290509899042
19837,2.0545340177656883
19838,-0.8988644301436088
19839,-1.14385891513197
19840,1.646322545491971
19841,0.005229331030026894
19842,-1.0267078186357323
19843,2.0018213412716945
19844,-0.12549047970658866
19845,0.013122368603682467
19846,-0.6483093818614614
19847,2.0277792054595136
19848,-0.5508339473291459
19849,-1.5708227354773263
19850,0.3792958222962304
19851,-2.51516957669878
19852,1.3924438653681614
19853,-0.05771062848180327
19854,-0.08328504811440623
19855,0.2812632029599734
19856,0.01859846236318861
19857,-0.05926024750198369
19858,-0.12182421439302536
19859,0.35616902352903246
19860,0.018786808980562664
19861,0.8716855579505831
19862,0.004961646998686716
19863,-0.11796814350218233
19864,-0.4469466181747616
19865,0.11179015720643844
19866,0.3945478077883195
19867,0.04414583034160195
19868,0.4408764767766937
19869,0.1076536801162863
19870,-0.6866429432517179
19871,0.4187636716528968
19872,0.05786411403710444
19873,0.4012461509939781
19874,0.14141965391059363
19875,-0.9386059258239763
19876,0.45788364059146286
19877,0.11458956590384181
19878,0.23115777194109738
19879,0.8751963258701307
19880,-0.025587745115433207
19881,0.7694376224684624
19882,0.25002037314749365
19883,0.05068070984926049
19884,0.019356200584952105
19885,0.09190933833133233
19886,0.272152091101037
19887,-0.1810176576829075
19888,-0.07113377457008702
19889,-0.4755118022965869
19890,0.08442382084328402
19891,-0.12638845217064676
19892,-0.9949188082945762
19893,0.005965594772042074
19894,0.4758270278457812
19895,-0.17752382848109652
19896,-0.025376619217396257
19897,-0.354366811185382
19898,0.15893508975644624
19899,0.11872539879126963
19900,0.2526482418172079
19901,0.0621575664439431
19902,-0.10130763591619972
19903,0.3569559330542023
19904,0.49280550893813074
19905,0.06978108884429084
19906,0.3763425141034698
19907,-0.800759485852854
19908,0.15210104864781623
19909,-0.007748569399986962
19910,0.07042045655924675
19911,0.26485128121910806
19912,0.25267555796077823
19913,-0.06855997076724742
19914,0.4374898189363794
19915,0.15640815600266175
19916,-0.07379816216227872
19917,0.3309034982294554
19918,0.5055440139237188
19919,0.23046554312159023
19920,-0.3308302379357533
19921,-0.04635551336776704
19922,-0.9120465060292455
19923,0.5068941018388547
19924,0.6294696220319397
19925,-0.22274701488045637
19926,0.2068460371103375
19927,0.1052769743773772
19928,-0.7392757682584548
19929,0.1791200274125955
19930,0.06537989674827828
19931,-0.9334576683944458
19932,-0.022232212328773225
19933,0.13370683070759073
19934,-0.09573971983110137
19935,0.12520186108998518
19936,-0.6308998438748916
19937,-1.1224787676091645
19938,-0.298438764414146
19939,0.00738997809042875
19940,-0.3587722288821148
19941,-1.4848458876949235
19942,-0.02673574474838615
19943,-1.4576376891341019
19944,0.028515436044437875
19945,0.38718158570946043
19946,-0.03892843056268708
19947,0.13409260884638094
19948,0.09073488488140004
19949,-0.05564602763953948
19950,-0.012372358750450545
19951,-0.9108402458133783
19952,0.12623595367288393
19953,-0.6121887322555597
19954,0.3636356281508253
19955,0.015319014277502525
19956,0.1363113997537366
19957,0.21892108067740726
19958,-0.24432754923440092
19959,-0.2592709712534008
19960,0.5423995436053795
19961,-0.13794883565291
19962,0.18313598618702942
19963,-0.8499433263472724
19964,-0.38224430104915513
19965,0.1092972629078303
19966,-0.03489332147353157
19967,-0.09909352849240884
19968,-0.49869696276308706
19969,-0.16199903986246564
19970,-1.6713243112344767
19971,-0.020961508754681918
19972,0.4417303227046684
19973,0.30195751524727266
19974,0.05397676387835305
19975,0.12177525335400938
19976,-0.1827420453475643
19977,-0.08402769284929672
19978,-0.17440139656165043
19979,-1.2492135825831734
19980,-0.31992205700411186
19981,-0.3776068519499298
19982,0.2719019372255539
19983,-0.5150132218317373
19984,-0.7445924352148625
19985,-0.971796397977562
19986,-0.10735503904393683
19987,-1.4554381689374132
19988,-0.16707639569478291
19989,0.161176862308928
19990,-0.1690437984911505
19991,-0.13198003507448278
19992,-0.000286177285945012
19993,0.8697723239794181
19994,0.7042399477938246
19995,0.07375587978610282
19996,0.09123764106975926
19997,2.0784266695250113
19998,-0.041864421544746254
19999,-0.1561386433420796
20000,-0.19106862628156737
20001,-1.1563475152250646
20002,-0.036495508330932146
20003,2.1079452801126553
20004,-0.990484985855202
20005,-0.01844647831188658
20006,0.9208673994853565
20007,0.050472399700910435
20008,0.5419706315469224
20009,-0.22032736024816457
20010,-0.05310709848510557
20011,0.13453451631400892
20012,0.1273235466189255
20013,0.6674561404308366
20014,-0.07899928022066913
20015,-0.02036410672973738
20016,-0.7527665084242199
20017,1.1866984254046042
20018,-0.7820167711664393
20019,-0.18230110487885295
20020,-0.010560269454225796
20021,-0.13441839247713652
20022,-0.03582805846799881
20023,0.17298247295789523
20024,-0.32094367073259644
20025,0.1441570414334435
20026,-0.521831657446753
20027,0.6709350024027836
20028,0.5771800649529749
20029,-0.34795518391535635
20030,-0.0024125156458671545
20031,-0.9225477730285336
20032,0.53498763161919
20033,0.06772720414208146
20034,-0.661349135179872
20035,0.02758769782326688
20036,-1.1397850952000113
20037,0.35096576303013516
20038,-0.8055522681082092
20039,0.5332395067093854
20040,0.3362618651167284
20041,0.3597281058750553
20042,0.24220700662676214
20043,0.43607993505312714
20044,-0.04430723149643367
20045,0.6181716712522388
20046,2.0522903477610437
20047,0.11718106331073709
20048,-1.6577392053199507
20049,0.25591718692391807
20050,-1.077724188125898
20051,0.8496908001648089
20052,-0.8599962181126524
20053,0.32433356624273646
20054,0.03894509639104255
20055,-0.7793354877126613
20056,0.4418450514547477
20057,-0.3556271967031483
20058,0.40468150276732706
20059,-0.8557478033772029
20060,0.40612745427003977
20061,0.41110881183218084
20062,0.2931547692756251
20063,-0.23943799974596805
20064,0.6155209496908044
20065,-0.025290820757446594
20066,0.08379121478143259
20067,-0.7342264389773351
20068,0.268371333562386
20069,0.04590221839765461
20070,0.04678534529710847
20071,0.060876240701630245
20072,0.04964287806735213
20073,0.1503864279123949
20074,-0.19364049988769752
20075,0.2600627513948414
20076,0.1694373274041969
20077,0.5724925419734415
20078,-0.7824288577435639
20079,0.50637544437532
20080,0.012007315187744625
20081,0.48657969761176467
20082,-0.1663951461438959
20083,0.1362738222372223
20084,-0.5555266226669419
20085,-0.9744363290802639
20086,0.5418458030240489
20087,-0.1666570710843316
20088,0.29144036196390016
20089,-0.7646580333858894
20090,0.5670000275559872
20091,-2.376505090212051
20092,0.26991512308058146
20093,-0.14783683689397342
20094,0.4766525599256017
20095,-0.47464413660717686
20096,0.4608202125720231
20097,-0.8650760751285571
20098,0.20606056004681575
20099,-0.12903901762147035
20100,-0.07224195295538396
20101,-0.05184451785994677
20102,-2.417854909640949
20103,0.08725458374194943
20104,0.7832887326463945
20105,-0.03218958718098294
20106,-0.2566722659158195
20107,-0.24516534927802536
20108,-0.8505820872050643
20109,0.10994766260714912
20110,2.0070507529714297
20111,0.5630668708696986
20112,0.4787164637609913
20113,0.9858440328061329
20114,-0.053914997299142293
20115,-0.939410720928493
20116,0.391803107732181
20117,-0.20357109191500103
20118,-0.008509960540668375
20119,0.18058468067642036
20120,-0.2912875996851876
20121,-0.006022289177572661
20122,-0.11408394100306966
20123,1.8105541732602137
20124,0.4281361192015142
20125,-0.8887743376798037
20126,0.08952533071768953
20127,-0.037796328922953135
20128,0.15726176312507953
20129,0.2201075207864926
20130,-0.0026964157530698428
20131,0.7951706908540184
20132,0.39806872466797166
20133,-2.237070373671824
20134,0.23986184208608763
20135,-1.1896868568825016
20136,0.045737260895253186
20137,0.4874547636465636
20138,-2.452838229102199
20139,0.21372820914899182
20140,-0.4639860159298658
20141,-0.7933980639198601
20142,0.8348465863189564
20143,0.9741888851871316
20144,-0.17533248630991777
20145,-0.4573532500537744
20146,0.42447226748029115
20147,-0.9298597058080416
20148,0.2940892051376565
20149,-0.24724437601759366
20150,0.16834820495419944
20151,0.6627252801612378
20152,0.3194910778162109
20153,-0.35437726274736053
20154,-0.5863189500786851
20155,1.401373968557425
20156,-1.3781911763705006
20157,-0.17346705593893483
20158,0.37605079699435473
20159,-1.6030952347272622
20160,0.12737638675661656
20161,-0.5648487614293196
20162,1.0292143449758866
20163,0.09570281046396702
20164,0.3047403935767669
20165,0.793954864299545
20166,0.32852907026031586
20167,1.2706306254040434
20168,-0.4314572952446074
20169,-1.8332017222480839
20170,-0.8680988317164475
20171,0.12075713743819874
20172,-0.8325970036054217
20173,0.5390467141703039
20174,0.021174917345655186
20175,-0.04972524593195385
20176,0.4421421415641488
20177,-0.9464436504487149
20178,-0.8305860781467277
20179,0.2613583701014753
20180,0.4521832077262652
20181,0.17633895833610205
20182,0.07995557501892153
20183,-0.2797247406729807
20184,-0.2015494027532704
20185,1.7850126760115068
20186,-0.7225487702547336
20187,0.33472138526585704
20188,-0.1253975736829701
20189,0.07493716640495628
20190,0.829260872898444
20191,0.3757304042813487
20192,0.04790496393012694
20193,-0.1766507029429403
20194,0.09915491982211329
20195,0.06901768549774505
20196,-0.07255381216466203
20197,-1.0311869938366665
20198,0.2248730746464655
20199,0.4754953356127328
20200,0.4672736549970061
20201,0.062180431685726616
20202,0.014696373790472313
20203,0.268373517890477
20204,0.33283578026339805
20205,0.3027722136541202
20206,0.19238179441667427
20207,0.15017493244422125
20208,0.12248916242905847
20209,0.6408616349128184
20210,0.041463209673432116
20211,-0.2963738568204742
20212,-0.43091678802163297
20213,0.09806519267784275
20214,0.028824437279189995
20215,-0.13000151235875285
20216,0.24222965570113997
20217,0.17589029909468298
20218,-0.11986554850373671
20219,-0.009139989342238393
20220,0.24848755345062878
20221,0.526951954390739
20222,-0.4146961509501548
20223,-0.16506391633766357
20224,0.01203802765518541
20225,0.4212366187605826
20226,0.3116708228122229
20227,0.2690304110624532
20228,-0.17530652218985474
20229,-0.03079219305821725
20230,-0.011878721767779779
20231,0.11883954307883195
20232,0.169830888981149
20233,-0.31221306374539337
20234,-0.6871862646381003
20235,-0.15564688141995361
20236,0.7391123013658216
20237,0.2148430320230445
20238,0.05265086212836513
20239,-0.1208624529906955
20240,-0.13485565649524645
20241,0.24805781077229822
20242,0.09787520839766979
20243,0.22379767377638748
20244,0.12146224518295835
20245,0.24955690818976492
20246,-0.21091435446060566
20247,0.02721214990575989
20248,-0.5137035682710697
20249,0.384280496759955
20250,0.017306347848968368
20251,-0.8840152019580223
20252,-0.9902124246631839
20253,0.13775786340332205
20254,0.018362934378679335
20255,-0.7550902610779442
20256,0.05971535280212958
20257,0.1700147604725258
20258,-0.6498147341728008
20259,0.26336382409350273
20260,0.02208333593634068
20261,0.1703343914348486
20262,0.17937729678472666
20263,0.6183224973066368
20264,-0.071869497360946
20265,0.44795808495343675
20266,0.11306989084774415
20267,0.33142198059261063
20268,-0.15119683219118507
20269,0.09876649222349954
20270,0.048965987769491626
20271,-0.8637001495571603
20272,-0.03617526664116437
20273,0.4350031044190299
20274,0.4832673145355346
20275,0.16872304168991117
20276,-1.1702562805111028
20277,0.016193455816453844
20278,-0.2723056043923311
20279,-0.41916872859339566
20280,0.28698776003333737
20281,0.28482693308189966
20282,0.1310338793011393
20283,-1.083395529786873
20284,0.05391602378555703
20285,-0.46098385422238397
20286,-1.0294335383033848
20287,-0.17235144003746647
20288,0.2101020914898821
20289,0.7425911006434427
20290,0.32307270730132787
20291,0.227992100277082
20292,0.03857130882126143
20293,-0.06715899340464117
20294,0.12364639962400387
20295,0.17099706657807107
20296,0.017812956370876515
20297,0.030215032835723788
20298,0.006999916311354549
20299,0.17653592723817918
20300,-0.8182960289352083
20301,0.10448965680896959
20302,0.5753646389023476
20303,-0.4305257488174872
20304,0.42161489403764474
20305,0.6436770592021821
20306,0.054533423840172686
20307,1.1224998174575094
20308,0.3522769134228268
20309,0.005382989646079818
20310,0.4657564086748216
20311,-0.28973997462657475
20312,1.0290550099447087
20313,0.3414335977907511
20314,0.42485559910165765
20315,1.1587215642287954
20316,0.8509655692567988
20317,-0.8901291180677062
20318,0.37259792105478023
20319,0.31636325293723666
20320,0.2966432793328577
20321,0.4766733031438459
20322,0.04635202566855499
20323,0.044718634109930884
20324,0.3009870818196491
20325,0.061671553668681274
20326,-0.012966056997731156
20327,-0.34470551924518383
20328,-0.014469493353516919
20329,-1.5677558450234537
20330,-0.10524068974754183
20331,0.0024256004444716196
20332,0.059158674721691895
20333,-0.0008476251265791213
20334,-0.5815390539721595
20335,0.016102188608019152
20336,1.0809743546037263
20337,-0.10909197039358719
20338,0.16280881930193677
20339,0.09002513984955365
20340,-1.303113551461259
20341,-0.05864233216753051
20342,-0.17198489627698896
20343,-0.037402708356659896
20344,0.8196976720491351
20345,-0.23664053667863286
20346,-0.316816630914102
20347,0.17108768999371413
20348,-0.13021652674038464
20349,0.164260918976896
20350,-0.6395261926772141
20351,-0.32178837565648916
20352,-0.10134255709831357
20353,0.04084795997353791
20354,0.3835812196645682
20355,0.1360038642250756
20356,0.05499977309688631
20357,-0.20631455608322813
20358,-0.035022018367237055
20359,0.5915079127568861
20360,-0.10405203566747374
20361,0.30610549732151526
20362,-0.44355380620695906
20363,-0.4642847159423512
20364,-0.07284747214590526
20365,-1.805389700207796
20366,-0.6922444817767104
20367,-0.35274178147619567
20368,-0.16662272776511924
20369,-0.09429228182620103
20370,0.5464067019317611
20371,-0.1997251201840209
20372,-0.7987085858498992
20373,0.21137398106264338
20374,-0.21902688480976143
20375,0.18612262136671415
20376,0.30369286720481753
20377,-1.2269585252983501
20378,-0.07755967379596632
20379,0.6027147999270169
20380,0.014947947979791605
20381,0.1687439425524167
20382,0.29558710633395885
20383,0.5760378342081921
20384,-0.20013065744386696
20385,0.05688395366714061
20386,-1.0851800309704271
20387,-0.2467774693089198
20388,-0.0954242957136354
20389,0.1779951406541174
20390,0.6521761161587853
20391,0.07161566777805843
20392,-0.1407116007854334
20393,0.6222817342734199
20394,0.01807300756980501
20395,-0.16354162860019986
20396,-0.8287777966764722
20397,0.16788135662265738
20398,-0.2399855837892558
20399,0.1604806687105812
20400,0.24209185537042419
20401,-0.8958434144508415
20402,-0.3001260795262325
20403,0.17968036000861867
20404,0.5015771242802238
20405,-0.5099794355742983
20406,-0.19661902603597675
20407,0.5704254995172927
20408,0.4679850684356966
20409,0.6632250093594653
20410,-0.8143035676413489
20411,-0.013124828754610688
20412,0.14810925834617583
20413,-0.16842850976866203
20414,0.111516406272873
20415,0.5266422733080532
20416,-0.6168056486150957
20417,-0.8706315582380609
20418,2.108297631723406
20419,0.5249619094695493
20420,0.367896611266835
20421,-0.4127466129512671
20422,0.5265763846638181
20423,0.08697554980815242
20424,2.086488210690411
20425,0.6469882198591581
20426,0.7499421477488021
20427,0.18305994007029502
20428,0.5528638033841783
20429,1.1749607629532768
20430,0.5680899811409023
20431,-0.8919250874200549
20432,1.0861163330250017
20433,0.7450298068230939
20434,-0.004535562087406205
20435,2.1028144290146105
20436,0.37663112342693006
20437,1.1916544455514215
20438,-0.08763522023651661
20439,-1.245700981572621
20440,0.5293912014363401
20441,-0.10832669048074926
20442,0.4503610421225293
20443,-0.4631465892172478
20444,0.8335888313187834
20445,-1.0026827555926738
20446,-0.22414054632537447
20447,-0.12334485140820367
20448,0.15035438919888994
20449,0.3805179824652193
20450,0.15853502505510936
20451,-0.07098267251731033
20452,-0.21969217831075075
20453,-0.8309877674888649
20454,1.0128525430228654
20455,0.24241815427633376
20456,0.4028055708412006
20457,0.4732565111444871
20458,0.2387328553799015
20459,0.6640501326405248
20460,0.09570612531176136
20461,0.6739937165387153
20462,0.6790069375315932
20463,0.8071419436439474
20464,0.2616131080007824
20465,0.6662489415519067
20466,0.17881192674869065
20467,0.23103133801441042
20468,-0.28240634906883316
20469,0.030253239171935516
20470,-0.3408953251221293
20471,0.3763456994986948
20472,0.2303404716131265
20473,0.17559117576845928
20474,-0.38654495764523683
20475,0.014517142351108335
20476,0.19434880758725895
20477,0.3254430685971099
20478,0.3390769673948729
20479,0.4998388953233702
20480,-0.338154554118099
20481,-0.07540231215161582
20482,-0.321934322617359
20483,-0.058892026741905794
20484,0.3392245445010976
20485,0.186406332320068
20486,0.17079075069165367
20487,-0.9588567495784839
20488,0.45031595212313164
20489,-0.02919670260355468
20490,0.1906614110125495
20491,-0.8637130090248564
20492,0.4329347948302071
20493,0.4829647250899765
20494,0.17620063755291132
20495,0.1629610542863762
20496,0.5031888519824096
20497,0.26151264754844805
20498,1.1548975686908705
20499,-0.07736118802780345
20500,0.47730178085824465
20501,0.08983002770960372
20502,-0.029778515909959412
20503,0.09620179625983322
20504,-1.4603580556256042
20505,0.33668664770521456
20506,0.00945974291237689
20507,0.2276831621017001
20508,0.5461290113854885
20509,0.169919985829797
20510,1.3789658984315663
20511,0.12725800748336238
20512,0.65215948707325
20513,-0.959259934486563
20514,0.9216552750927537
20515,-1.1388775552359043
20516,0.851358319702799
20517,0.28906572524278434
20518,-0.7081571498440212
20519,0.7535110330601864
20520,-0.12117757793292647
20521,-0.4228266397787569
20522,0.10754632813076449
20523,0.441361429129567
20524,0.6155188650465394
20525,-0.1486465901727528
20526,-0.6210486128550118
20527,-0.174915326820496
20528,-0.00661489580676355
20529,-0.17968554455137067
20530,0.15581409076848013
20531,-0.008641092458939242
20532,0.005666928218835458
20533,-0.06192984284852769
20534,-1.7303016842194576
20535,0.06872497676766928
20536,0.7025661062175355
20537,0.17841750154586894
20538,1.2851152937589754
20539,-0.7629854982245462
20540,0.03696477714027099
20541,0.40641893641781857
20542,-0.1805034709077056
20543,0.4068819891082282
20544,0.12560897995331438
20545,-0.08112152108238499
20546,-0.6911158990386919
20547,0.35909962521881483
20548,1.2489447987031979
20549,-0.12673324565401456
20550,0.12068575620113232
20551,0.1229190282433311
20552,0.635318238008577
20553,-0.01301890139250497
20554,-0.2766032181086046
20555,-1.858742299435324
20556,0.5410664383275644
20557,-0.507743168685882
20558,2.113143877301817
20559,0.44985433790739643
20560,0.42831031794815916
20561,0.06045757822801914
20562,-0.14850572086363154
20563,-0.013736928498146493
20564,-0.06965670889248393
20565,-0.1558612642030566
20566,0.2036938167167582
20567,-0.2330615958587787
20568,1.8846412736935598
20569,1.2478745853070894
20570,-0.8060414805740462
20571,0.7504445146297068
20572,2.256751214120343
20573,-0.9501560422804309
20574,0.6948289040390501
20575,2.1787446329051336
20576,-0.12114579976656863
20577,0.1985024525766813
20578,2.253140746717546
20579,0.1509090180624141
20580,1.2609694150333532
20581,0.1717522908938425
20582,0.8514025594092105
20583,-0.2488223569193273
20584,-0.9220430164452943
20585,0.3747981368884384
20586,-2.203469157563748
20587,0.08877071263421071
20588,0.8241402603564543
20589,-0.33706411151307225
20590,-0.6137679954162585
20591,0.509714587499597
20592,0.47657741030080253
20593,0.22125368583052848
20594,0.8256838995918302
20595,-0.6165178291240874
20596,-0.7619523327896587
20597,0.03981917845668423
20598,0.4377541216715972
20599,0.7451277174182634
20600,-0.854156383490196
20601,0.11190450939275437
20602,-0.23867752350133437
20603,0.2974000903571183
20604,-0.6964095791090317
20605,0.3527230345494468
20606,0.04079684718536038
20607,0.6678150298270508
20608,-0.1550461231877501
20609,-0.2706950215230809
20610,0.14834025912183024
20611,-0.1884350193480909
20612,0.20088982597929203
20613,-0.04916692181892024
20614,0.04857473588127239
20615,-0.831131279439808
20616,0.1785052895489577
20617,-0.8851790232318887
20618,-0.7518918579417958
20619,0.17749824202254535
20620,-0.21889611658184463
20621,0.1717141750790272
20622,-0.18502835497629988
20623,-0.33056787512303015
20624,0.5203751305075318
20625,-1.1890458926102447
20626,0.35905139155365035
20627,0.7779215539212658
20628,0.3995533264589429
20629,0.6534745565180952
20630,-1.0764302061163362
20631,0.1338872598455072
20632,-1.2184275863220675
20633,0.40732230524909535
20634,0.17063962786921835
20635,-0.8223033818198193
20636,-0.25034551152460505
20637,1.0862282872068934
20638,-0.20012055897062564
20639,0.5554695073327055
20640,-0.8895630022336656
20641,0.2512397259768378
20642,0.9288676082443079
20643,0.40726121753591993
20644,0.2706472037995866
20645,0.5835538853828967
20646,-0.26129341221193786
20647,0.2072785153809333
20648,0.5397564187938336
20649,0.6709468172816541
20650,-0.22411742148900313
20651,-0.024500289021340344
20652,0.2949632765127819
20653,0.135170802199049
20654,-0.9034388261825829
20655,0.3992637113458549
20656,0.16087246928974924
