,p0q0
0,-0.3373992305823263
1,0.34682008729420716
2,0.1682164367262257
3,0.17010660390166019
4,-0.42462386412713193
5,-0.5768456987064166
6,-0.353424713573983
7,-0.10905484116424342
8,-0.35146136630425545
9,-0.7544035429659312
10,-0.27784366545323225
11,-0.09614721365307477
12,-0.5201699474085228
13,-0.9003078319477562
14,-0.4638541547109813
15,-0.11551976063330159
16,-0.39738142861033543
17,-0.8130119051905326
18,-0.4640953029611407
19,-0.11524461596410622
20,-0.32738805292414347
21,-0.8046975318257797
22,-0.3909029136128622
23,-0.11088367551092504
24,-0.24821483204860675
25,-0.7627848190250837
26,-0.06107860789369528
27,-0.12020779687366222
28,-0.5023321123140454
29,-1.1109973478433701
30,-0.19858593828895613
31,-0.012634185790649807
32,-0.4375212590711457
33,-0.519246521637938
34,-0.34207545110235943
35,-0.11083148511600638
36,-0.45296435869315166
37,-0.6470956984006465
38,-0.4169881545999839
39,0.0013018001931646536
40,-0.4438070890677735
41,-0.5456919750802562
42,-0.43899865461152804
43,-0.06448335015381342
44,0.14586770799376142
45,-0.8418168747087187
46,0.12565237187540748
47,-0.9725124807257522
48,0.24860875881518968
49,-0.7568540649634965
50,0.10311230405771163
51,-0.8365804154660147
52,0.13222449966574235
53,-0.758371881874143
54,0.2799862950233031
55,-0.8793729729287161
56,-0.15529757294556407
57,-0.898927234853719
58,-0.8479034347111835
59,-0.2831277564125671
60,-0.7526002414592073
61,-0.9272809657726157
62,-0.2554270289942702
63,-0.6703320943111615
64,-0.9162061445334906
65,-0.2803815830233737
66,-0.7374733158758442
67,0.5872169217350919
68,-1.171118202433997
69,-0.2121313518267296
70,-0.6165532458461249
71,-1.1424894900718456
72,-0.25248493264284655
73,-0.8999923149276499
74,0.5594504602461777
75,-1.0366072450738735
76,-0.42633603085321764
77,-0.5513140300106065
78,0.3668606148184472
79,-0.9163686255797443
80,0.03643100964606166
81,-0.8592154409644179
82,0.22099260112892846
83,-1.5970867145864232
84,-0.020238222424479584
85,-0.9051796380306331
86,0.4156122992694061
87,-1.1532923604983882
88,-0.37899655982572206
89,-0.6880367656822792
90,0.3568048213937271
91,-1.0548950919042508
92,-0.2919064317023638
93,-0.7505757907814716
94,0.43741855791261675
95,-1.036533710001479
96,-0.29068011558348167
97,-0.8294185185345391
98,0.23018873587893907
99,-0.9897877567434327
100,-0.23642296482636033
101,-0.9222389776069905
102,0.2850169787201623
103,-0.0645524520999326
104,-0.09403021409194297
105,0.14506996236663475
106,0.054803239941047854
107,-0.034727910559556714
108,-0.3244022081238477
109,-0.6399594067367615
110,-0.28980812842427306
111,-0.11184766146514577
112,-0.44632653205688816
113,-0.9245753838550815
114,-0.3285450044895927
115,-0.09482002588208055
116,-0.4608720251195926
117,-0.5358960771914452
118,-0.2236661408277855
119,-0.09631227520392596
120,-0.3558075998572374
121,-0.905699023769248
122,-0.22416310796457312
123,-0.15158239970660603
124,-0.10306532296263773
125,0.6081123064118991
126,0.3617830619681973
127,-0.1419974223388938
128,-0.15161186445218336
129,0.15031810998006764
130,0.15361380558713103
131,-0.02817146887058283
132,-0.13048748328648532
133,0.16528071272612976
134,0.3159183519402837
135,-0.21596129072967493
136,0.150571565893316
137,0.11350931312934998
138,0.11286689855865958
139,-0.17023232384966505
140,0.14536734798754974
141,-0.2521202614108813
142,-0.045686045630740905
143,0.15376308704398473
144,-0.7235807422965302
145,1.1223701029510664
146,0.11879403882096012
147,-0.7587226014092532
148,1.209934567579469
149,0.1265017228946659
150,-0.7706127318920151
151,1.0825708435947536
152,0.14921373280150804
153,-0.7684314249110591
154,0.7336248244416851
155,0.08287384785277074
156,-0.7624799940318222
157,0.6479148180892784
158,0.11607409777705657
159,-0.9151892953783511
160,1.1955388595056997
161,0.09112327931871068
162,-0.8345531904974925
163,1.0355891059888287
164,0.14307698624691034
165,-0.8932575233727196
166,1.1092581758665379
167,0.09281547601090738
168,-0.8234946714489099
169,1.921066640898707
170,0.0952480116572732
171,-0.8003182988322486
172,0.8870661108063543
173,0.1444769862469103
174,-0.9657107841729353
175,1.2881773733591761
176,0.1273775219885793
177,-0.7407121986789097
178,0.7529417377760134
179,0.2454043897579754
180,-0.8616715950972464
181,0.37779811313442996
182,0.14639227360524346
183,0.13433627249650948
184,-0.9400018375323834
185,1.4018493069238218
186,0.13538247641335696
187,-0.7787216114115395
188,1.1296703615013246
189,0.026049978403636202
190,-0.7343950865203279
191,0.7855300819018318
192,0.14092496505539828
193,-0.76877588687095
194,1.1052055337395659
195,-0.9302791342707843
196,-0.5393009072778909
197,-0.3401740970642238
198,-0.9161510769592106
199,-0.43231346729718495
200,-0.14000719881648976
201,-1.2748639024295698
202,-0.3267762471393827
203,-0.16305149328112864
204,-1.5334677718438143
205,-0.49205302710320303
206,0.12407202461264419
207,-1.236613736386073
208,-0.4298743172079434
209,-0.34356975513620147
210,-1.3009218507484908
211,-0.10209818159259551
212,-0.30088384524909817
213,0.36060051276488986
214,0.2715765000338617
215,0.4780940302356754
216,-0.5664198816720605
217,1.941806251673841
218,0.40331620073064284
219,0.7203865847245406
220,-0.8099025575756874
221,2.269969794281846
222,0.4319796492971321
223,0.45381295495199986
224,-0.3667306471014003
225,2.2083941106995173
226,0.39740973765759496
227,0.3621119597225374
228,-0.4738543370060495
229,2.1811260035788713
230,0.3430213101945012
231,0.3606397087354155
232,-0.5836846059051312
233,2.190124961817651
234,0.49413806986357206
235,0.6531477748579968
236,-0.7047348424971445
237,2.206053617628832
238,0.32106183083094153
239,0.6092228526114716
240,-0.4185097199350066
241,2.1640364604206312
242,-0.030797482892158612
243,0.6246975013961796
244,-0.5712001130322091
245,2.325275009072166
246,0.4844653200961621
247,0.655646568047762
248,-0.4530434846949386
249,-0.19139619335693936
250,0.3707368227721135
251,0.41930007090209925
252,-0.6604104131266282
253,2.23002239620132
254,0.4543512086101975
255,0.39476734521921125
256,-0.6396427362929233
257,2.191775246924271
258,0.3513844782249205
259,0.7450723445528322
260,-0.062167748885785565
261,2.210494112019211
262,0.30777320910702743
263,0.21540958395066664
264,-0.05324858558574972
265,0.4674896549214147
266,-0.26151527602857716
267,0.22857939127597593
268,-0.9258359163321216
269,0.2932060585393457
270,-0.9437010773059868
271,0.2827503369353023
272,-1.154158389595576
273,-0.1884592796707812
274,-0.23483767493315166
275,-0.07351424057694611
276,-1.0597176847427967
277,-0.14421708391920565
278,-0.0657508007520222
279,-0.1676257912496524
280,-0.9869157443702603
281,-0.21164057516443147
282,-0.19102713515740266
283,-0.15725455727628046
284,-0.988771541023715
285,-0.16467585806690255
286,-0.19359759226647388
287,-0.12447920190828377
288,0.2987160400331066
289,0.26621467295956347
290,0.5609210387277549
291,0.1990995868872946
292,-0.8349663398823729
293,0.1833036437713198
294,-0.9974805060486774
295,0.2452121899298298
296,-0.8728711476486506
297,0.28199619180710883
298,0.21465451192778207
299,-1.0382630966889024
300,0.24449952467268762
301,-0.7015419750339729
302,0.2602375929608979
303,-0.776121365262712
304,0.2439028783339213
305,-0.6450935070773164
306,0.15279197427958077
307,-1.3083042253514416
308,0.42853439375132496
309,-1.431303617528678
310,0.3822320848992969
311,-0.850192131327583
312,0.2998726031977137
313,-0.9581789769948931
314,0.196980832746988
315,0.4309987889149865
316,0.7883281908491306
317,0.37059782661581936
318,-0.3910808726267789
319,0.37421437559260723
320,0.9002835222052153
321,0.266617009242717
322,-0.3119935272711541
323,0.2925629666077301
324,0.6316197452779002
325,0.2668493541802698
326,-0.3809388292601812
327,0.7541264922221058
328,1.0367480649338703
329,0.3917655987660412
330,-0.34450034880031966
331,-1.0625979732549427
332,-1.3540341690385154
333,-0.151242654170172
334,-0.9837651402933235
335,2.1237913864985973
336,-0.8498238035826687
337,-0.10472158722501701
338,-0.5157881788827692
339,2.103007694187581
340,0.05360999575920368
341,-0.20499101795548477
342,-0.14822872948641658
343,2.0819904596130336
344,-1.3030668403306738
345,-0.34213220327815175
346,-0.23940046708907997
347,1.9795276372250592
348,-1.3061201846600858
349,-0.3225658386888233
350,-0.06929946896101691
351,2.100009516026185
352,-1.2660543880572863
353,0.09539080374204556
354,-0.9408778751674777
355,2.071076576047921
356,-0.9078084108235436
357,-0.06430486275284167
358,-0.45239784249635323
359,2.0433444024147223
360,-1.3723181315628934
361,0.08597574107542198
362,-1.0312415338805385
363,2.05190206741018
364,-1.4132578322890272
365,-0.10720843757225755
366,-0.24761947226981093
367,2.0107819250446797
368,-0.952605579757679
369,-0.23384357833083572
370,-0.21142755190613022
371,-0.19726915003158688
372,2.007940720910104
373,-0.878008244241827
374,-0.13555291394671545
375,-0.7807595548189289
376,2.0408746484117604
377,-0.9683834158434675
378,-0.12237264356394636
379,-0.1650141952990106
380,-0.20461662802492733
381,-0.34027913801776266
382,-0.0734458812543371
383,0.2699885480596455
384,-0.386650563978393
385,-0.10151901131138154
386,-0.04726654794909908
387,0.28200534605417
388,-0.2822990900822892
389,-0.09050131759738478
390,-0.959604078146346
391,0.300773704222593
392,-0.3167945462884138
393,-0.11468699800145683
394,-0.009279391375268887
395,0.2964516436177975
396,-0.28222833336074404
397,-0.29328014876713926
398,-0.9540757709875671
399,0.27704350648435216
400,-0.37849572906360074
401,-0.4224837904778501
402,-0.5272719347577396
403,0.2907535666856448
404,-0.5374206842204405
405,0.012585958343802826
406,-0.13672825503722005
407,0.30124980012542246
408,0.019208794171371286
409,-0.35193788200118536
410,-0.8671717130539547
411,0.48314383710631087
412,-0.3983955893368858
413,-0.07708034290894167
414,-0.4936907942213847
415,0.38862559574613986
416,-0.053552453203680545
417,-0.08350894330231716
418,-0.14323178302957992
419,-0.3486549289710071
420,-0.10679646851924213
421,-0.07992377837068201
422,-0.1530538863991153
423,0.41972877961586164
424,0.41936672305179296
425,-0.369000541057211
426,0.3772618815140207
427,0.1359343048821044
428,-0.10309017097771926
429,0.5940984409664595
430,0.3770978865767704
431,-0.5309671175529125
432,1.0910981692364055
433,0.37476966525820465
434,0.08465496399437031
435,0.21497926056906808
436,0.779573431450345
437,-0.4207989557229752
438,0.004886988733056937
439,0.9775689847740334
440,0.9115331783587144
441,-0.34339626927242484
442,0.005043962584837381
443,0.5451483957780913
444,0.7452667182574636
445,-0.1882027377838698
446,-0.33342625743310633
447,-0.7673955303988197
448,0.5302312817495808
449,-0.3586672814673041
450,-1.0004904477012966
451,0.6634841947218063
452,-0.6395913892194919
453,-0.790533276614181
454,0.18176267086860134
455,-0.31579492890750727
456,-1.065335510689144
457,0.6433904749932046
458,-0.3117959265256762
459,-1.0883861508892454
460,0.5528838680573813
461,0.018956622216546523
462,-0.8344954810033859
463,0.5745867925686955
464,-0.6823817761006131
465,-1.1294873801643062
466,0.5754709539207546
467,-0.011690351420562201
468,0.6813966454570015
469,0.7666370095070829
470,-0.2515048545517419
471,0.13109126551216135
472,0.12892442723312011
473,-0.013121660125346334
474,0.11848027225923628
475,0.24259564793802252
476,-0.3043929355072593
477,0.0590845106797179
478,0.11006823343367857
479,-0.1732207197551828
480,0.11882948099618779
481,0.13532877882666994
482,-0.2748866205280547
483,0.0701174970647953
484,0.13184147385875766
485,0.051279670788346596
486,0.39566587923351654
487,0.1624324970971324
488,-0.21049899623033952
489,0.14514757406880793
490,0.29231572679112844
491,-0.197479280148611
492,-0.33064884556971164
493,0.4575240612245678
494,-0.3524733047009109
495,-0.947390840633761
496,-0.027552952128182567
497,-0.9203760216196026
498,-0.20260556265387225
499,0.0685023061495814
500,-0.9880926429408565
501,-0.2883487548044243
502,0.084878203329812
503,-1.4260666153663557
504,-0.17731318025691495
505,-0.24155281062497996
506,-0.21001908846358774
507,-0.18727676875892052
508,-0.24225128778650962
509,-0.24711854641807454
510,-0.26521710208947274
511,-0.14462275419870516
512,-0.2420110092995828
513,0.08366114845857503
514,-1.4168198207409681
515,0.1547503895785048
516,0.23486108010610413
517,-0.9763278446739077
518,-0.24905699355844554
519,0.06440729672344195
520,-0.9663787987376481
521,-0.35434156650869286
522,-0.057093650514075237
523,-0.8960676039743402
524,-0.24058646618238164
525,0.0685023061495814
526,-0.8297661346905949
527,-0.2081658368308579
528,0.20577205245302627
529,-0.0864474653785082
530,-0.04138203846735727
531,0.2642456137325994
532,-0.2534781869782229
533,-0.13576631491984134
534,0.07141729926509735
535,-0.09575464259800996
536,-0.03952745808904213
537,-0.22718236161513705
538,-0.027389905916757593
539,0.03315920812440629
540,0.6148533268987368
541,0.15152125120951193
542,0.3400035015142871
543,-0.4285486737617858
544,-0.5152976459543848
545,-0.46055290437488094
546,-0.08699914228101074
547,-0.6325113739699912
548,-0.5854029719776724
549,-0.1062434988145378
550,-0.082123328999588
551,-0.433706451491852
552,-0.6069517243364889
553,-0.20688934117896557
554,-0.11025210850767093
555,-0.25409436958212744
556,-0.7481145401157558
557,-0.26523602238957966
558,-0.09395044004621413
559,-0.44914043055367797
560,-0.5473205383554981
561,-0.40463916318646576
562,-0.19425578345812322
563,-0.4182256864677426
564,-0.4344172139764076
565,-0.35289139945246206
566,-0.16059703015338153
567,-0.4453970136506864
568,-0.6834356644853006
569,-0.2932739150052336
570,-0.33781105570193537
571,-0.39356183054536
572,-0.5768484390815205
573,-0.40738612923623957
574,-0.03161574014050122
575,-0.49635175727490055
576,-0.6394031489708076
577,-0.19728640155367427
578,-0.0796450029995931
579,-0.434811217115697
580,-0.762340969222938
581,-0.3333634039254229
582,-0.10371251457226896
583,-0.00304103464764715
584,0.1369177603381887
585,0.11332166144911833
586,-0.10726471982780932
587,-0.0026168381994145285
588,-0.8675909066045466
589,-0.06599042444226212
590,0.08601594056753521
591,0.08532044585017912
592,-0.09857369595920769
593,-0.19954604231349418
594,0.06890883283590496
595,0.24494167309386375
596,-0.12466786962797474
597,-0.22669798695108348
598,-0.7942451040144268
599,-0.0716667631258325
600,-0.16165271647057675
601,-0.30822818069583363
602,-0.660450319163228
603,-0.4084333032977035
604,-0.0590217688910812
605,-0.4490723049761238
606,-0.6417033911567066
607,-0.3816146282049807
608,-0.11319802024306144
609,-0.40825696424715086
610,-0.5723734648128592
611,-0.4083773250648529
612,-0.08029854585617437
613,-0.38370042955466743
614,-0.6489734026227191
615,-0.32662589794951347
616,-0.08171150661760088
617,-0.30679530397620614
618,0.13696792947634367
619,0.0980642238495266
620,-0.05790764603655585
621,-0.4503100915909264
622,-0.5381529666540181
623,-0.29424949080615054
624,-0.16652822572140585
625,-0.25043357572574604
626,0.09955336772111446
627,-0.22671612303536526
628,-0.4495226965420064
629,-0.12762133260632286
630,0.15046127003127455
631,-0.4836382758838144
632,0.08264918205746288
633,-0.8094499861190715
634,0.13076632129882423
635,-0.955798124969513
636,0.06494947555683603
637,-0.8834947083832496
638,0.09264706163173105
639,-0.8998713985420517
640,0.14566367492530183
641,-0.662659338928273
642,0.09717332500591928
643,-0.9404132661179092
644,0.27469179984028774
645,-0.7580655012768994
646,-0.2848621462686262
647,-1.041399157604917
648,0.13091492587669482
649,-0.3206711520336232
650,-0.6938422830491948
651,-0.25047229093629786
652,-0.08427849816182989
653,-0.675920732597349
654,-0.007815410321566471
655,-1.2726162251779485
656,-0.2820888342883782
657,-0.4202371321881938
658,-0.765090249507671
659,-0.6886558069547886
660,-0.028816064373765937
661,-0.7607300180051886
662,0.3295969584756203
663,-1.0516188022279493
664,0.004008044396156648
665,-0.6829220521852343
666,0.23790135415966016
667,-0.9781945271785089
668,-0.302190610311844
669,-0.985203352208155
670,-1.007023406025602
671,-0.2609433387435337
672,-1.0990325524178852
673,0.3432362764085072
674,-1.0022284660485983
675,0.08272543463349853
676,-0.8060506583007603
677,0.2858846199579869
678,-0.990795504406962
679,-0.2608669771227025
680,-0.7810866985127792
681,0.21786521114214905
682,-0.8222684230738591
683,-0.3973853000290701
684,-0.9265952811290045
685,0.4066162551854694
686,-0.8738905840272688
687,0.021085054714332602
688,-0.7304586084506751
689,0.26604455776539904
690,-1.015241204110017
691,-0.11048403312881684
692,-0.7225471157016281
693,0.3064700581786278
694,-1.222107864106241
695,-0.14266529755618082
696,-1.0847306831837202
697,-0.4523548330543307
698,-1.1454848205677237
699,0.1041353526844174
700,-1.0705102505078803
701,-0.3713142430773435
702,-0.9173962093302476
703,-0.24707565726481834
704,-1.403852493227948
705,-0.3450538557782509
706,-1.4824392842014962
707,-0.27476891423696537
708,-0.9754899679587944
709,-0.3252635441989029
710,-0.9477834976818894
711,-0.6460078737963669
712,-1.135985072433063
713,-0.8141569699654767
714,-1.0141072716545871
715,-0.2402054328053291
716,-1.2517079299989937
717,-0.22638167403980322
718,-0.9587695380842448
719,0.2687163161109575
720,-0.9112370549801897
721,-0.23042340206781842
722,-0.8779212952577072
723,0.37612603116332466
724,-1.0209603298796202
725,-0.3814899482735913
726,-0.6800164458075415
727,0.2223782508770114
728,-0.9541503729851689
729,-0.2021327910456204
730,-0.9615149272921927
731,0.20409498994360928
732,-0.8100552388215793
733,-0.23825159442422167
734,-0.8935063664457943
735,0.34835344429566034
736,-1.1887263909687025
737,-0.19390148297666807
738,0.15800359365841732
739,0.1120729603427782
740,0.08035423935656634
741,-0.1764849079735312
742,0.10155317734673314
743,0.02753122118022568
744,-0.07170148238086195
745,-0.2468999627016607
746,0.1521612683459926
747,0.09143451945383785
748,0.08067067215429768
749,-0.34255843874264025
750,0.09248384579719322
751,-0.12826474763291895
752,-0.39176941801954235
753,0.08642291529805723
754,0.0727092362413001
755,-0.005586350169473241
756,-0.21642707442429396
757,0.11998658968373357
758,0.022065661481823984
759,-0.07850149692554188
760,-0.08651579304767786
761,0.13632336194458247
762,0.15380623049238748
763,0.08624219411775472
764,-0.08760254566318652
765,0.11258958042367619
766,0.0864233565557888
767,-0.09129161543823726
768,-0.1691808625156369
769,0.13961705650151227
770,0.0990439755540229
771,-0.13545035042766715
772,-0.19321361240329782
773,0.12684632827344594
774,-0.024291278931204377
775,-0.061263132069310625
776,-0.2016042578659222
777,0.13940722225545313
778,-0.1086177329693718
779,-0.22418303501442252
780,-0.028894864012783513
781,0.23838463769157658
782,0.04540925543977106
783,-0.2973860457200822
784,0.13255076363430524
785,0.12633565532967994
786,-0.0660960022778902
787,0.17629045025595194
788,0.11387051181774148
789,-0.05584404415483653
790,-0.09944234565378518
791,0.060635055821115884
792,-0.2852591180531829
793,-0.19746894137416898
794,0.13782167797643743
795,0.11566094916694072
796,-0.023478179651362677
797,-0.35690661018697933
798,0.09673204617912204
799,0.10804939000052492
800,-0.047605263506827936
801,-0.1614153593516034
802,-0.18218841091214658
803,0.15835709395541755
804,-0.059531534826583486
805,-0.3396989896434078
806,0.1458534827579237
807,0.18565317472774887
808,-0.04428258593971784
809,-0.3691047432189829
810,0.13352042496921643
811,0.13230788319386197
812,-0.036498960957849866
813,0.042334216675236305
814,-0.8321892993254721
815,1.0105333026682197
816,0.14128027637128449
817,-0.8748615145790561
818,0.8915814507982178
819,0.14390873507496557
820,-1.2179922417674014
821,0.8702594648059898
822,0.10588548236285039
823,-1.0741930732728406
824,1.5900136936216316
825,0.13314058589368516
826,0.15558549057402374
827,-1.0062979619462944
828,1.1662640969073665
829,0.0983732285587159
830,-0.7876456614530392
831,0.7687623812534948
832,0.14307698624691034
833,-0.8214397356365545
834,0.8847756678564637
835,0.11196477013746063
836,-0.8937674944311162
837,0.7354262416544723
838,-0.013423693758189427
839,-0.7514958233856569
840,0.9888618803878899
841,0.12931948077816108
842,-0.08416051546445548
843,0.6506813260848583
844,-0.019626674391083388
845,0.2738781740945321
846,0.4667558265211533
847,0.010379748551498527
848,0.11172851785658074
849,-0.5340114723048219
850,0.5147543741946872
851,0.06766674248739027
852,0.14105148992710315
853,-0.496320880065239
854,0.6350436195998987
855,0.07044389951715016
856,0.5987921736181208
857,-0.7324146418107595
858,0.7216032106300734
859,0.14615259579313875
860,0.6984876391808108
861,-0.6601451943777275
862,0.6888235550428604
863,-0.007672199841524559
864,0.4838404850791019
865,-0.5594031721107454
866,0.6568029087327883
867,0.19982410533539754
868,-0.09622931020829618
869,-0.6514916534886106
870,0.42415263191300034
871,0.007784888788796738
872,0.10845926416807748
873,-0.7994618302261205
874,0.9412007297098978
875,0.1189142028788475
876,-0.7343950865203279
877,0.9090963146684614
878,0.08670319987915483
879,-0.691773414709805
880,0.981200210217848
881,0.12156431255735921
882,-0.8567017300766656
883,0.9333796399468677
884,0.07490964354225274
885,-0.7407625499749056
886,0.9792566399287449
887,-0.27231098599854603
888,0.3665489679314257
889,0.5300662315465697
890,0.44827544630928573
891,0.43341890185666454
892,0.4551106540981442
893,0.23640599432128986
894,-0.20987494234931822
895,0.34469649534960056
896,0.4186169330181223
897,-0.009394424021969256
898,-0.4054380132461319
899,0.00498571519373447
900,-0.3033701296086704
901,-0.3528448492937877
902,0.8201751855891829
903,0.574021384169775
904,0.7826113536662136
905,0.4069755961650123
906,0.6547265325963858
907,-0.7570338103383341
908,2.1668903786489713
909,0.37047062393714947
910,0.36141121554931016
911,-0.6041632805392734
912,2.2200212243151034
913,0.32687799792958444
914,0.3871699037709771
915,-0.5144169555645844
916,2.1128166508371686
917,0.2716054606262957
918,0.08408330447380291
919,-0.6754020718497271
920,2.0863496503631875
921,0.304632261317476
922,0.35111992239263934
923,-0.6917528360060164
924,1.9418444718535626
925,0.38244808434845917
926,0.4939358901153704
927,-0.2530444647587565
928,-0.6931031320832698
929,0.42211683665433847
930,0.24720001637084352
931,-0.5264568379768167
932,2.16598021143658
933,0.4764394817564127
934,0.5084081308672563
935,-0.4978637305771085
936,2.171661953888017
937,0.4612298149738008
938,0.8351448101251527
939,-0.7478483416010199
940,2.2746220046270604
941,0.36926410239807594
942,0.3220707455480958
943,-0.615974332786815
944,2.233381387030182
945,0.3700433912250884
946,0.13829606590349883
947,-0.6505718143311089
948,2.2695295915211697
949,0.2884369052482119
950,0.800880566027636
951,-0.6918325038728135
952,2.2598457333891666
953,0.46188376044583085
954,0.8523761765333535
955,-0.007208306687990007
956,2.1668066229896077
957,0.5173404566933316
958,0.43644630700860526
959,-0.5459828007247906
960,2.2762658415060946
961,0.42792840639404484
962,0.12206361873573521
963,-0.6043428476020953
964,2.177073940410535
965,0.4663378357110981
966,0.14490737231508607
967,-0.6771501110751519
968,2.16856844420042
969,0.5052834369016664
970,0.9898990967468088
971,-0.5895436252403201
972,1.968295894221873
973,0.3768019125603298
974,0.6329292294555705
975,-0.6312154771183573
976,2.1975294197873323
977,0.32012015116799775
978,0.09457968570932758
979,-0.4512205449727733
980,2.1990098475930857
981,0.2160910479671642
982,0.12452480409525601
983,-0.4476089020047243
984,2.28532901528796
985,0.3583900916283104
986,0.31705979980513693
987,-0.3824125710996133
988,2.222368427037137
989,0.4465771352339061
990,0.34819233011003003
991,-0.22680477706583083
992,2.217646438491295
993,0.4638139350483277
994,0.7039975032247644
995,0.04224522026882387
996,0.5778900364596778
997,0.394548682500146
998,0.8380224820575045
999,-0.056368673588172595
1000,-0.06731990279401924
1001,0.5560222315124566
1002,-0.3149314018429989
1003,0.07285082582739516
1004,-0.020575472435848098
1005,0.2180635138946607
1006,0.277147249740792
1007,1.0020588288158654
1008,0.28659335124075846
1009,-0.2630243711288366
1010,0.6108681231978085
1011,0.6659388358259369
1012,0.24587361429818066
1013,-0.4166796487551003
1014,0.32546061067418963
1015,0.4552202185280647
1016,0.5543761041019115
1017,-0.3605591076590942
1018,0.5052494298658387
1019,0.4151883134498488
1020,0.20385335283370845
1021,-0.481164753835963
1022,0.7871641242911502
1023,0.41833727546007143
1024,0.2032111131581262
1025,-0.37513527424407045
1026,0.7737038867185457
1027,0.623217219168429
1028,0.23025343280462082
1029,-0.4066961972276674
1030,0.3116198199602708
1031,0.6303502283826198
1032,0.1679993354403578
1033,-0.3687590383115583
1034,1.0674237737354326
1035,0.4336776556068806
1036,0.33603520242094764
1037,-0.39085896373011975
1038,0.6168959958425951
1039,-0.573750379567495
1040,0.7836889732237943
1041,0.40343290069840737
1042,-0.23973971844694786
1043,0.257474504475854
1044,0.7991676941124182
1045,0.18384742230420922
1046,-0.4506193291717433
1047,0.38188051434100684
1048,1.108624015145195
1049,-0.44803891084251724
1050,0.2603900214644758
1051,0.7177488749042253
1052,0.5974607839677212
1053,-0.48240312632463256
1054,0.24771069590040773
1055,1.0606758505463312
1056,0.44851155745811405
1057,-0.3853245393094922
1058,0.31802060189573483
1059,0.6396081496837163
1060,0.40589212115871504
1061,-0.48606236646723844
1062,0.4319127697814301
1063,0.6395991593047736
1064,0.19328698936226638
1065,-0.4721117210799105
1066,0.22641607373824482
1067,0.673954235653096
1068,0.18971712248707953
1069,-0.5224382048768584
1070,0.2334851209049772
1071,0.641957860567225
1072,0.17339248315804673
1073,-0.46905378717335655
1074,0.2250931362648287
1075,0.6957864527449118
1076,0.1419847149749466
1077,-0.5360600702241264
1078,0.24990657531998087
1079,0.6478069367611554
1080,0.2610721339310331
1081,-0.3837071451755313
1082,-0.07526724481317856
1083,-0.5263365886390831
1084,1.9955985007365535
1085,-1.3411127199326245
1086,-0.08205771971124386
1087,-0.24659929266471825
1088,2.0463091789877725
1089,-0.9043883637280745
1090,0.02924300008560658
1091,-0.1393092969686769
1092,2.0409129144455798
1093,-1.2971056886547336
1094,-0.13550243799898606
1095,-0.7246352975892449
1096,2.0463207286087406
1097,-1.4363515485017544
1098,-0.12367988804086302
1099,-0.16534241147450046
1100,1.9966065525278276
1101,-1.1495195088370935
1102,-0.4382044220998089
1103,-0.6091673734121805
1104,2.0355876525336094
1105,-0.9183985748194546
1106,-0.2854849577807156
1107,2.0442532488563243
1108,-1.2707022217425328
1109,0.40041790110165315
1110,-0.78914927507685
1111,2.1815930380016098
1112,-1.1324008253095272
1113,-0.7165981988029554
1114,-1.1877728167974124
1115,-0.2658099515161052
1116,-0.5740652459391903
1117,2.0399956986643075
1118,-1.4251331588263374
1119,-0.48010554123907695
1120,-0.15270869361434808
1121,2.102117944042879
1122,-1.342058917240633
1123,-0.10425660408704723
1124,-1.137819974200396
1125,2.0301498845648136
1126,-1.303043452596055
1127,-0.49680610342104814
1128,-1.105347278131151
1129,2.293920122137704
1130,-1.3153776661979029
1131,-0.23212142603658356
1132,-0.5304931966175932
1133,2.165390948998861
1134,-1.1822974124726022
1135,-0.4879394165726694
1136,-0.6478802382225264
1137,2.041899697950959
1138,-1.4220934228678515
1139,-0.01700652462702591
1140,-0.09571549102871756
1141,-0.7037531875558679
1142,2.086357824475592
1143,-0.9623925258295146
1144,-0.15896135930930758
1145,-0.3331674226146928
1146,2.045678468873537
1147,-0.9718749636110087
1148,-0.03531412272677109
1149,-0.7818114831279285
1150,2.042007652725053
1151,-1.3011909469079257
1152,-0.10995005557118047
1153,-0.24086181632483455
1154,0.6672363394456853
1155,0.39232641017633757
1156,-0.24640320963630918
1157,0.43454798542978856
1158,0.1874743741113964
1159,-0.13392566940464629
1160,0.5677899717152229
1161,0.20662054382184517
1162,-0.12018635562610172
1163,0.4767065327733125
1164,0.09766095369036125
1165,-0.22399607390853704
1166,0.33724997774312615
1167,0.10985364483442579
1168,-0.22697551184732997
1169,0.4326635442681729
1170,0.16701736082734148
1171,0.7530489990939228
1172,0.1866143182400732
1173,0.3719186002107204
1174,-0.41336045152207923
1175,-0.1586093653947101
1176,-0.28906812665460924
1177,-0.05465620682280623
1178,-0.13640361413417362
1179,-0.17904449651495233
1180,-0.10131151100179175
1181,-0.15896522599699317
1182,0.7184490898658379
1183,-0.2699662606462079
1184,-0.3796624958702155
1185,-0.3404572888523745
1186,-0.19491037059553615
1187,-0.21420784536400364
1188,-0.12191774292190287
1189,-0.3876946513881858
1190,-0.16146548243625403
1191,-0.16523980873749092
1192,-0.0596459377217663
1193,-0.36341998369791273
1194,-0.42154411859730795
1195,-0.13394737272976442
1196,0.002866115069870865
1197,-0.2504019156275833
1198,-0.17911668980495593
1199,-0.2252551267327116
1200,-0.23960898235116154
1201,-0.19013226793718813
1202,-0.1150243564898568
1203,-0.2450988174550391
1204,-0.15939948856963992
1205,-0.17424860470978612
1206,-0.2513116038812514
1207,-0.16088710200095852
1208,-0.5166801598943068
1209,-0.2150314037708629
1210,-0.15498920960006735
1211,-0.18634866452386278
1212,-0.18421845276343982
1213,-0.13825604674895478
1214,-0.32652188957122724
1215,-0.23093167999950878
1216,-0.2642785660713776
1217,-0.18263569972847313
1218,-0.12917505129728235
1219,-0.10890849110755654
1220,-0.17439869355976323
1221,-0.030304679882565907
1222,-0.48921973745814795
1223,-0.13988415318766395
1224,-0.13387903343534352
1225,-0.24739658554863267
1226,0.019294881153992097
1227,-0.11707689775888208
1228,-0.24759378504490367
1229,-0.2769013705227519
1230,-0.1674008256136292
1231,-0.1659623815307526
1232,-0.9473664889816623
1233,0.4390099008933887
1234,0.06760466871744988
1235,0.20562538366880367
1236,-0.004144733217925563
1237,-1.3425218110636472
1238,0.23799962775484468
1239,0.2598251182259266
1240,0.08206085233203156
1241,0.31294709039011454
1242,0.23910217757658234
1243,0.16826518944234467
1244,-0.8859029504964611
1245,0.3409442846157694
1246,0.18896367101587258
1247,-0.7452413868624048
1248,0.2412879685530034
1249,0.07068966526551008
1250,0.35240665220835443
1251,0.01701206462873771
1252,-0.41150381279020315
1253,-0.45830769915286995
1254,-0.5985995033496571
1255,-0.3759134801573322
1256,-1.081309615283722
1257,-0.44893759074349665
1258,-0.18505726921160845
1259,-0.33734283129309034
1260,-0.6128670441847485
1261,-0.40929774395714463
1262,-0.16836379453463107
1263,-0.30310482226019236
1264,-0.613185523118656
1265,-0.2899803749679298
1266,-0.16800347760109008
1267,-0.49175751024697434
1268,-0.6140123436351227
1269,-0.0111779727596269
1270,-0.4109622146243381
1271,-0.7147331952283845
1272,-0.6506753134997658
1273,-0.13659382137182144
1274,-0.41740197080769215
1275,-1.2570223266407885
1276,-0.5071879551350452
1277,-0.4256538833886393
1278,-0.7674105180860417
1279,-0.28786997865092684
1280,-0.11807197396307983
1281,-0.4144272613631646
1282,-0.7901728600490212
1283,-0.31520998879294937
1284,-0.11971234266122643
1285,-0.42823047339116793
1286,-0.6008229408132527
1287,0.1667669365482802
1288,-0.791287084015687
1289,0.1448565095294025
1290,-0.8671938417140352
1291,0.4209735559382123
1292,-1.1733955950513568
1293,0.10562062653149143
1294,-0.9812233630228786
1295,0.253342143719158
1296,-0.8503949646058104
1297,0.16406626071397348
1298,-0.8922877361715833
1299,-0.1229107626940465
1300,-0.9317630937780621
1301,-1.0694320316020198
1302,-0.6827990028484273
1303,-0.7329374659473132
1304,-0.8251980693167372
1305,-0.25377424467441456
1306,-0.6682652265093998
1307,-1.1970266626603516
1308,-0.4271329808915834
1309,-0.6511413167290974
1310,0.5532544128370296
1311,-0.9675861757615661
1312,-0.15749437288052742
1313,-0.8444016153609147
1314,0.6564832284492478
1315,-0.8253678568584986
1316,-0.2613599985033257
1317,-0.9528125388773522
1318,0.6865890764080113
1319,-0.9295953212693528
1320,-0.3850324603154286
1321,-1.0715110780384387
1322,0.22416593674107124
1323,-0.8781389702481973
1324,-0.0006740787712007682
1325,-0.9162460900439584
1326,0.2468373622819136
1327,-1.5774453006198252
1328,-0.24704670879304405
1329,-0.6125629749181043
1330,0.2176074917378701
1331,-1.163568717327791
1332,-0.3664199687588025
1333,-0.8226024351702496
1334,0.2023488424336226
1335,-1.0240118025607405
1336,-0.08792989244054888
1337,-0.9418015225329749
1338,0.23562848170320919
1339,-0.9576229686386859
1340,-0.10216377770077899
1341,0.2146685944475381
1342,-0.021767726884553435
1343,-0.014155958378818887
1344,0.03871232478897969
1345,0.12548675271895463
1346,0.14700460884674746
1347,-0.02713019111389003
1348,-0.417674439300938
1349,-0.6148910832899931
1350,-0.16131124811401815
1351,-0.22166302908874846
1352,-1.1597254304157514
1353,-0.48510674218947486
1354,-0.1791643985016413
1355,-0.3334348442787266
1356,-0.8556534343622726
1357,-0.43359485143636334
1358,-0.28102072414041523
1359,-0.3892524503293944
1360,-0.9160743094975091
1361,0.24125675151074558
1362,-0.1210632819051071
1363,-0.03333418903022587
1364,0.10500889371494267
1365,0.16446364983927453
1366,-0.00039933068327933577
1367,-0.09436751367020764
1368,0.06842986351934846
1369,0.10064208068694301
1370,-0.059335425759782255
1371,-0.2155316625396892
1372,0.11401061784465238
1373,0.09303586381486549
1374,-0.06693732722035664
1375,-0.08795480907267736
1376,0.13607878719631772
1377,-0.12223265422863155
1378,-0.052417799460055294
1379,0.07332061980139358
1380,-0.8512281993461991
1381,1.312239259432396
1382,-0.381094167781642
1383,-0.8692374642829227
1384,0.8868669142359454
1385,-0.7879203846818379
1386,-0.22672301379251847
1387,0.10369149476470121
1388,-0.8122329606982118
1389,0.7953279119610953
1390,0.12677836127870712
1391,-0.7524692195419928
1392,0.5948139056281132
1393,0.08356520614851304
1394,-0.8210076694444541
1395,0.9562067895933928
1396,0.09673730533163306
1397,-0.8386017671912132
1398,1.2439194238522164
1399,0.35272736569594787
1400,-1.0629669128897576
1401,0.8701775212469836
1402,0.12568493937629177
1403,-0.9675042663973595
1404,0.8902544506831256
1405,-0.014500724133357854
1406,-1.013423847305275
1407,1.160666678349743
1408,0.06724696019173138
1409,-0.8269864473748986
1410,0.854758343970772
1411,0.09436905081310613
1412,-0.9804469211705543
1413,1.260068963903528
1414,0.2667947515735473
1415,-0.8336689034510838
1416,1.9495203544663031
1417,0.12250153059535643
1418,-1.0209703095629346
1419,1.0775926897555888
1420,0.05671360003444255
1421,-1.1045769537958159
1422,0.9992634599819035
1423,0.1477147211013685
1424,-0.785991409967814
1425,0.8130762750172512
1426,0.2449709210778479
1427,-0.7919077016470141
1428,0.7628237774430976
1429,0.030927614277671735
1430,-0.7931714888452245
1431,1.312378000358399
1432,-1.0609922380446943
1433,-0.3516674104697616
1434,0.07630795167835139
1435,-1.0202803314105133
1436,-0.5189586521028255
1437,-0.15933607345719267
1438,-1.1882861902938866
1439,-0.3306497405816408
1440,-0.11036832357164766
1441,-1.16475991301154
1442,0.049057599924819305
1443,-0.3765239156813495
1444,-1.2816607001346745
1445,0.16741312115685084
1446,-0.5688147990072265
1447,-1.2095485338584544
1448,-0.38853473109458414
1449,-0.10869873758916038
1450,0.34585711944213365
1451,0.35395666141214127
1452,0.1444108222437926
1453,1.9595420203901548
1454,0.4573566580093865
1455,0.1251091884201755
1456,-0.6319639959687753
1457,2.1579021601199577
1458,0.5109857197931593
1459,-0.05380158764866718
1460,-0.6830089269949942
1461,2.1699159219855257
1462,0.30047730602378214
1463,0.4458207270586838
1464,-0.43711133539726954
1465,2.216902396701791
1466,0.3402678147311799
1467,0.47670968326630864
1468,-0.8038405361899582
1469,2.083085474701421
1470,0.376186271397883
1471,-0.9029091836617886
1472,-0.1887124638174882
1473,-0.17122553641625474
1474,0.13212092817307203
1475,-0.7540115463026913
1476,1.8821954943776118
1477,0.16626875735876573
1478,0.44695041616719366
1479,-0.41898800989312474
1480,2.101916973484104
1481,0.42181282341197274
1482,0.6797656651248444
1483,-0.6337113577835818
1484,2.2488131253764743
1485,0.3337011940424213
1486,0.4249433335567883
1487,-0.6353366159418432
1488,2.2704870377666655
1489,0.3418130255809579
1490,-1.1279682696452138
1491,-0.22070007137573114
1492,-0.1826821179007545
1493,0.2109150158925182
1494,-0.04625692027168078
1495,0.03423112705519418
1496,0.27131744895837495
1497,0.018067284827719913
1498,0.25771910052452085
1499,-0.32635487500135735
1500,0.3252722007119551
1501,-1.2226681600315943
1502,-0.04628860967748796
1503,-0.21610852440702588
1504,-0.1535980332632393
1505,-0.8675532510402042
1506,-0.20285994865834583
1507,-0.2628038595330404
1508,-0.18418588730343327
1509,-0.9541225347823018
1510,-0.2086727276067919
1511,-0.21642232646301127
1512,-0.15088813831656694
1513,-1.0814775622178752
1514,-0.15690384328599866
1515,-0.06625473445980325
1516,-0.12271519916375585
1517,-0.9561305645055012
1518,-0.30561642652232307
1519,-0.25426245176946216
1520,-0.23249186265731236
1521,0.4304683130730018
1522,0.2724749116554007
1523,0.4277603562557215
1524,0.506205036084253
1525,0.33835015970510296
1526,-0.5850115554339518
1527,0.38718130391792815
1528,0.2945287467132794
1529,-0.8183707595520909
1530,0.2719794048181033
1531,-0.8613552412748785
1532,0.40172301489220763
1533,0.26994957412707304
1534,-1.016596369341962
1535,0.47183837020536834
1536,-0.6222386693181493
1537,0.24783322438947214
1538,-0.860908339830581
1539,0.3415211087661173
1540,-0.8315556673411207
1541,0.2655818146341965
1542,-0.9580878400508811
1543,0.39516962129701244
1544,-0.8710000493181614
1545,0.2345456917852317
1546,-0.8961884081353562
1547,0.3744792159918254
1548,0.21955319323935749
1549,0.44555252664386225
1550,1.0147206875811077
1551,0.2185157919864036
1552,-0.3029633463362431
1553,0.3351517491138512
1554,0.3669385146671384
1555,0.3780348702842564
1556,-0.5412656163681246
1557,0.36485015135851584
1558,0.890032812405524
1559,0.5249793580580006
1560,0.10482124104656751
1561,-0.058708058071535583
1562,-0.13511099697888068
1563,-0.1736795893654521
1564,2.0469916637630226
1565,-0.9740500798386821
1566,-0.07878111500907693
1567,-0.07769548792067424
1568,2.128074126329066
1569,-1.3869473697455577
1570,-0.1789232002496006
1571,-0.6891433485460841
1572,2.0579599909339032
1573,-1.3454516445624571
1574,-0.22885387861161124
1575,-0.32629052845625217
1576,2.112952909912199
1577,-0.8623766103849607
1578,-0.19042103354255654
1579,-1.022398987599065
1580,1.9964998417655933
1581,-1.3733337662622338
1582,-0.07750292646777991
1583,-0.21326632597885053
1584,1.9843020974533059
1585,-0.016247070230450723
1586,-0.09365574184086772
1587,2.072706347643155
1588,-0.8871655874534657
1589,-0.10720882138995007
1590,-0.5213753542378636
1591,-1.0949476058103835
1592,2.0036108226463836
1593,-0.9700041646952919
1594,-0.09714708914435548
1595,-0.08304091788612013
1596,2.0573144098206537
1597,-1.4081824216143528
1598,-0.21447131161276467
1599,-0.266618509595117
1600,2.127932384457686
1601,-1.2320875842811208
1602,-0.03741608320735477
1603,-0.1377506148185862
1604,0.07059228817230118
1605,-0.120089893571715
1606,-0.09179783510697083
1607,-1.1083788908937944
1608,2.006566840509219
1609,-0.9167757771922297
1610,-0.0842014462907955
1611,-0.16314735259904023
1612,-0.09922155072402089
1613,-0.2298469857536829
1614,-0.1572183067180201
1615,-0.18373430712625635
1616,-0.10181492924451145
1617,-0.04799657792537856
1618,0.3008750081368832
1619,-0.26603128299727385
1620,-0.14596576029161057
1621,-0.3007299967769297
1622,0.6483853672927259
1623,-0.10800664032589143
1624,-0.07245338553991557
1625,-0.9909014871154039
1626,0.5766531575425067
1627,-0.2957123118369064
1628,-0.08542793299501263
1629,-0.26941762219482435
1630,0.5755178451295601
1631,-0.32727867472793815
1632,-0.11875178417041893
1633,-0.18069664831972296
1634,0.35005136165608114
1635,-0.08634766215516576
1636,-0.21402710400837274
1637,-0.18677901561332103
1638,0.4164590934636924
1639,-0.24076335675038738
1640,-0.13174045231524914
1641,-1.0590877239033898
1642,0.3450541327702362
1643,-0.032512246552327755
1644,-0.12213123540540832
1645,-0.11108150996517802
1646,0.32442810011912226
1647,-0.24897503007769287
1648,-0.0551458189609776
1649,-0.6248707369215433
1650,0.31066205851554196
1651,-0.0739861768293866
1652,-0.11297758864601251
1653,-0.24014821593768843
1654,0.1555410726774789
1655,-0.010180163401118427
1656,-0.12207337486062393
1657,-0.31022585231887445
1658,0.3878673037433641
1659,0.2782756751298984
1660,-0.27982029895101623
1661,0.9198951333441707
1662,0.5181165103553186
1663,-0.14879935221890728
1664,0.5860843131161474
1665,0.4275738999409962
1666,-0.207778480505202
1667,0.8169455863143792
1668,0.17878354236086555
1669,0.037723337098494736
1670,0.8692567921790888
1671,-0.18347798500857182
1672,0.1705148575267322
1673,0.2787783846220163
1674,0.8557050360032058
1675,-0.2106063016547107
1676,0.24476119673359126
1677,0.49295572966689793
1678,0.914426370235404
1679,-0.6647090914887316
1680,-0.28481999712207157
1681,-1.0527853945897354
1682,0.48193041895394445
1683,0.1691457911273554
1684,-0.7251535510826589
1685,0.6379688954349029
1686,-0.4982813053860679
1687,-0.8104647495218453
1688,-0.7088483588582665
1689,-0.9976478216112692
1690,-0.4345469467136998
1691,-0.856859195298133
1692,0.655262828986827
1693,-0.4392398660039099
1694,-1.0789069846972736
1695,0.6320377095089867
1696,-0.5527670951776739
1697,-0.9637613882496506
1698,0.6220188800027978
1699,-0.6013403245362616
1700,-0.7630700379149331
1701,0.34649790787311635
1702,-0.025849808170969078
1703,0.4213440727683361
1704,0.658092199026755
1705,-0.2494370155743462
1706,0.13607122922252168
1707,0.11891932325800249
1708,-0.19848404849601334
1709,0.12902038183860295
1710,0.5395212721821544
1711,-0.17390383025866704
1712,0.11857997193357651
1713,0.16233120473876977
1714,0.11301063505837862
1715,-1.0054710258547883
1716,-0.04777957763884402
1717,0.12413899937401311
1718,0.08702969503268346
1719,-0.23563569432472226
1720,0.07611769396131433
1721,0.2671577709758118
1722,-0.16179199401217206
1723,0.06842986351934846
1724,0.14164816868834107
1725,-0.07528046658136525
1726,0.07629818050101758
1727,0.22996870138991635
1728,-0.28428812982176016
1729,-0.027872250266254582
1730,0.1800642225455316
1731,-0.2723600698598895
1732,-0.9757495735269357
1733,0.04894004973510507
1734,-1.0086886001980528
1735,-0.2197790791457822
1736,-0.11130424376757785
1737,-1.4236919160103714
1738,-0.3311310598524457
1739,0.1435329642850158
1740,-1.6692316177888193
1741,-0.17737281330815022
1742,-0.3156641303489336
1743,-0.14549627430483303
1744,-0.2880335857334254
1745,-0.4092179928049585
1746,-0.3070037750084551
1747,-0.10453015449751274
1748,-0.2477950764045195
1749,-0.20401969907546463
1750,-0.02207266213786076
1751,1.9818398669377417
1752,-0.9149015270977903
1753,-0.18565173568407528
1754,-0.017170727570615472
1755,-0.20999571470426887
1756,-0.12226800705459945
1757,-0.29419852249587863
1758,-0.09814126975667789
1759,-1.0224314062177402
1760,-0.27433235088000263
1761,0.05873861261497147
1762,0.0338352775490805
1763,0.08431037915100849
1764,-0.9631362964685293
1765,-0.23295029282970228
1766,-0.07014890682683603
1767,-0.15776082159858207
1768,0.04103587968054346
1769,-1.0035121317002174
1770,-0.2651278844501665
1771,0.030195310248373325
1772,-0.7717373319305064
1773,-0.04844701371905374
1774,-0.008058162188849697
1775,-0.2325813934005652
1776,0.09627802341704499
1777,0.04822273710279735
1778,-0.1219252769382215
1779,-0.08210174091454758
1780,0.038700153804068334
1781,0.9041848586080775
1782,-0.26962942082012925
1783,0.14166530423982762
1784,0.9732462042546912
1785,0.0882675104215914
1786,0.39909540865526466
1787,-0.41196893049847666
1788,-0.48647708884811636
1789,0.2276765146188856
1790,-0.2656178916522949
1791,-0.05493748548538484
1792,-0.5884749845553768
1793,0.013256087951006678
1794,-0.4461555023626121
1795,-0.6175584391147912
1796,0.41331323692399397
1797,-0.1068902528906998
1798,-0.31469973278431185
1799,-0.6593871624167186
1800,-0.2585440829738128
1801,-0.09924911968251135
1802,-0.40763373947264203
1803,-0.5330854633940183
1804,-0.2725708425559228
1805,-0.13623318232586357
1806,-0.3052605465180831
1807,-0.6029717474265356
1808,-0.013102322772904138
1809,-0.17521354627414784
1810,-0.33814454470455124
1811,-0.5907024428011745
1812,0.08340216507795899
1813,-0.20551640804388158
1814,-0.44521439135820384
1815,-0.7798822181168447
1816,-0.35925880088177314
1817,-0.15159238135611286
1818,-0.3968894775827295
1819,-1.1206782464963894
1820,-0.2571468022482077
1821,-0.10689947890149826
1822,-0.20798642391828906
1823,0.36807011260855205
1824,0.6164128874034693
1825,0.041542707485119984
1826,-0.26703523107675
1827,0.15643575944157773
1828,0.09396266236242845
1829,-0.11385259753209599
1830,0.09816922158805476
1831,0.1234583815766594
1832,0.1090801966050272
1833,0.03506089839095748
1834,-0.43262811045067967
1835,0.1589972834586208
1836,0.14943861067503195
1837,-0.04446126278958412
1838,-0.38042580272506415
1839,-0.677430640649964
1840,-0.45670359393886123
1841,-0.11882472390890526
1842,-0.32269405180739824
1843,-0.6019854825970031
1844,-0.41211355856846427
1845,-0.0987747274457516
1846,-0.4485924584158262
1847,-0.6006424317784586
1848,0.04569656975152901
1849,-0.08521088138245336
1850,-0.3267921352618193
1851,-0.6985100438875552
1852,-0.40497898550219597
1853,-0.01526947198959195
1854,-0.3023751053052208
1855,-0.6082582503913833
1856,-0.3166789529262241
1857,-0.12662871030570272
1858,-0.45220201482445727
1859,-0.6072824236555916
1860,-0.33506103872623655
1861,-0.10444973966297849
1862,-0.21186616701718358
1863,0.1419825069352072
1864,0.16434310552303372
1865,-0.020978677635241375
1866,-0.44667821835914906
1867,-0.49762233948585877
1868,-0.2838451482987709
1869,-0.16365007167435358
1870,-0.04045464287312739
1871,0.07741928022274962
1872,0.12203058872567026
1873,-0.25008377525126135
1874,-0.21995466342083556
1875,0.11418108048400158
1876,-0.5336615312528289
1877,0.09108586596444336
1878,-0.71190936560567
1879,-0.21343868330077098
1880,-0.9549790277966005
1881,0.13199248912739345
1882,-0.6148779825865948
1883,0.48476933557513746
1884,-1.0440863813748862
1885,0.08890686407337056
1886,-0.8496906280280544
1887,0.11276730921442697
1888,-0.7660030091568464
1889,-1.062007253093595
1890,-0.10672376969050146
1891,-0.10799751845023584
1892,-1.2756605085806925
1893,0.12386379490544
1894,0.46333585204504496
1895,-0.8437144137402434
1896,0.15194031597490196
1897,-0.38181719049098156
1898,-0.9120120639762346
1899,-0.09123089746735073
1900,-0.4305718516442368
1901,-0.7819900815444931
1902,-0.09594832589654388
1903,-0.2471433233316165
1904,-0.6105181374908097
1905,0.30444421064232224
1906,-0.29800535623894664
1907,-0.542590983065481
1908,0.2068812570949099
1909,-0.17490786231119188
1910,-0.6021909108462798
1911,0.14869533849492197
1912,-0.9504142227007695
1913,-0.27087950542027955
1914,-0.6953884275794454
1915,0.4142051854377746
1916,-1.1037890629587022
1917,0.18469649861554072
1918,-0.6663127573355504
1919,0.2905610529973229
1920,-1.1656055466308008
1921,0.7741526897320615
1922,0.40485941687372395
1923,-1.1092263899669887
1924,0.3257587104951408
1925,-0.7080411122733485
1926,0.37095522709106366
1927,-1.0640939191043415
1928,-0.15321798047362076
1929,-0.6943539702782959
1930,0.34561840223025014
1931,-0.925639679413117
1932,-0.23186864049659064
1933,-0.8887669756722892
1934,0.45194460179746676
1935,-0.828689682460633
1936,0.1639605244047334
1937,-1.052648340951164
1938,0.22251098835654376
1939,-0.9213344455711214
1940,-0.17053769101048044
1941,-0.824605977678246
1942,0.34556198165840724
1943,-1.0445081007925523
1944,0.07237664465109186
1945,-0.6312581614856013
1946,0.3121140220887187
1947,-1.5833752035582023
1948,-0.02536616921027987
1949,-1.0800510896365951
1950,-0.0589901868250359
1951,-1.4555091296792044
1952,-0.07713397384769162
1953,-1.008667639232369
1954,0.025669522116697634
1955,-1.1752085193084034
1956,-0.17142655578401492
1957,0.23779442751440882
1958,-0.9950391047259848
1959,-0.21726966669664816
1960,-1.625614937261386
1961,-0.25744000363470476
1962,-1.232567128961228
1963,-0.09307362512401632
1964,-1.0626156294751827
1965,-0.3087901785719875
1966,-0.9292372141004519
1967,-0.7497355349591414
1968,-0.9763550623407766
1969,-0.6006053733636818
1970,-1.0054062287690226
1971,-0.16830359860713504
1972,-0.7827856988815551
1973,0.406053632086988
1974,-0.8361164760320333
1975,0.0035654462839870248
1976,-0.7555047987184017
1977,0.4556507378172708
1978,-0.965444645580621
1979,-0.4349158231585596
1980,-0.8149361990474465
1981,0.35167324741866696
1982,-0.999387764115748
1983,-0.28086042115297505
1984,-0.8744259598290683
1985,0.28550597662626387
1986,-0.8581201594886507
1987,-0.4462420096104298
1988,-0.5723917390225502
1989,0.39719687130824277
1990,-1.032489095573892
1991,-0.1926472244031769
1992,0.1137310610098081
1993,0.08435577111046254
1994,0.003284341272691639
1995,-0.3445937904332202
1996,0.15600081655538298
1997,0.10707611386935552
1998,0.2218276485611251
1999,0.08972422178583205
2000,0.2297018663367317
2001,0.018284993338516797
2002,-0.3669778475172985
2003,0.11165340687944679
2004,0.03764271241405627
2005,0.03506089839095748
2006,-0.19242500218095465
2007,0.11890106954941097
2008,0.1798419517231885
2009,0.19400625581251243
2010,-0.2957789778598115
2011,0.07518399890297833
2012,0.08293922564067177
2013,0.01592415570603835
2014,-0.2666734982801815
2015,0.10900318320382767
2016,0.13829420461140143
2017,0.14371238475335713
2018,-0.24196304874969463
2019,0.14451402870057042
2020,-0.4155368693494076
2021,-0.05899833766973814
2022,-0.31220108338759206
2023,0.13744629777073905
2024,0.12451492821542309
2025,-0.027827238375595573
2026,-0.2055956207528553
2027,0.10351319318240736
2028,-0.055249638175213944
2029,-0.08421473455974804
2030,0.14504683449407102
2031,0.09239006643250999
2032,-0.037087774168281226
2033,-0.18084853203400428
2034,0.5560634397291452
2035,-0.07214194994801822
2036,-0.2112060456399604
2037,0.10360909015659472
2038,0.07359919789987193
2039,-0.03843944587333399
2040,-0.15970847179334957
2041,0.137346691223917
2042,0.15247834487656173
2043,0.11203369876478532
2044,-0.22877839797272906
2045,0.13725676994244962
2046,0.11170098531241797
2047,-0.3775937483743488
2048,0.1007423853008316
2049,-0.0542918747531824
2050,-0.15041768730192434
2051,0.0927239866464783
2052,0.11673593326953066
2053,-0.08280301505393498
2054,-0.24851459211724644
2055,0.12461850545631058
2056,0.13039260089715374
2057,-0.025099260483228546
2058,-0.22945709738432943
2059,0.12851042323641243
2060,0.14543149995545454
2061,-0.08928650953018585
2062,-0.19914296548777038
2063,0.1473243569386898
2064,-0.029186003364519333
2065,-0.008942649042241303
2066,0.08109846357246824
2067,-0.8626249865167028
2068,0.8876687934531318
2069,0.1266756153516525
2070,-1.1280421159393021
2071,0.7452365737197748
2072,0.05887740726205302
2073,-1.2592885034773083
2074,0.8325809697858848
2075,0.14549716624243428
2076,-1.1391869587309054
2077,1.033074898811547
2078,0.12945377073811293
2079,-1.055698435140514
2080,1.1805096842213838
2081,0.148157200452799
2082,-0.7613664325683434
2083,1.1011384095172323
2084,0.3264333693141137
2085,-0.9553293124538977
2086,0.8356349137479623
2087,0.3816665864018343
2088,-0.9014441062750762
2089,0.9594119799035077
2090,0.08437207312192518
2091,-0.5915423163669239
2092,1.7510409944725305
2093,0.13715664531982102
2094,-0.7788459050347217
2095,0.8318688512556827
2096,0.07169855418673983
2097,-0.5195081680265222
2098,0.5263860100457699
2099,0.22359253987376643
2100,0.098467941789333
2101,-0.6897329181408296
2102,0.6138159515766521
2103,0.03168200382783016
2104,0.7284157096673088
2105,-0.611085374626218
2106,0.5367448313460522
2107,0.10030915710472933
2108,0.33346067817942354
2109,-0.6790335045782562
2110,0.21892785089890535
2111,0.00041422064167444137
2112,0.24046660811297144
2113,-0.6144670172651332
2114,0.2501879522551773
2115,0.139806167592536
2116,0.3570576777994075
2117,-0.6278464957866337
2118,0.5177635978929921
2119,0.09578313011114356
2120,0.2887762660818499
2121,-0.5358584199799122
2122,0.6938611232653584
2123,0.022885671274331536
2124,0.07394416822182755
2125,-0.6310499739670787
2126,0.5523932317845316
2127,0.17740723977298936
2128,0.09975835270767251
2129,-0.6230943929163515
2130,0.5061397161322128
2131,0.41651300941433994
2132,0.054798641001260355
2133,-0.5284741567795715
2134,0.9784741477054182
2135,0.09760219671460167
2136,-0.23672835250086774
2137,0.13588278412055654
2138,-0.5419616952540698
2139,1.6188572874167175
2140,0.13067316396383696
2141,-0.7245852913263938
2142,1.0195814303640478
2143,0.12582430363296565
2144,-0.7795269203731833
2145,0.9612938528505972
2146,0.11686093263155718
2147,-0.9050783457849019
2148,0.8744130568767755
2149,-0.04437510083790154
2150,0.3477906294955847
2151,-0.2202578515484463
2152,0.594147486657039
2153,0.2668111688782097
2154,0.5592320847047734
2155,-0.21703919681399408
2156,0.47489451326654114
2157,-0.35236407470554637
2158,0.5228602225490319
2159,-0.19967315905585
2160,-0.010687319322358757
2161,0.22941523941792258
2162,0.1503556755986652
2163,0.4002393731048026
2164,0.05886026228694888
2165,-0.19383655851376197
2166,-0.28228149435975575
2167,-0.026669309512447514
2168,-0.2763596265567228
2169,-0.19818741598142037
2170,0.7360988292325621
2171,0.5545667137545446
2172,0.6027907814196978
2173,0.38749941868815474
2174,0.4482478359364004
2175,0.47647581286796964
2176,-0.9251865481593773
2177,-0.19515530956847504
2178,-0.02767150287301603
2179,0.12283404585350166
2180,2.1868125851959985
2181,0.5009102418959815
2182,0.7430705073966645
2183,-0.26513404489904413
2184,0.43295032956221546
2185,0.19491431393320602
2186,-0.21892293372516594
2187,2.2929398716374716
2188,0.3455745418350803
2189,1.6784178031303607
2190,-1.14178053545208
2191,0.3513513961883772
2192,-0.7703526827196753
2193,2.1464577771405007
2194,0.49784822713873084
2195,0.2957102733948024
2196,-0.7802673873881789
2197,2.153375097642047
2198,0.22199682445456279
2199,0.48782336026317846
2200,-0.41900297754661914
2201,2.1928195377478947
2202,0.28175006158761107
2203,0.4282446100084058
2204,-0.7936402594477129
2205,2.0114691692382305
2206,0.3755339110285784
2207,0.5215310544663826
2208,-0.6418358604406524
2209,2.080331201120431
2210,0.33709877196032983
2211,0.7601973050003441
2212,-0.6150860497872613
2213,2.2703231042101986
2214,0.48060581145988346
2215,0.600586517694577
2216,-0.6041666990613053
2217,2.2603330162147697
2218,0.4209143908332321
2219,0.7642615871789022
2220,-0.444635742833061
2221,2.053767215032422
2222,0.5951078760092852
2223,0.38066156027425574
2224,-0.5250445350179773
2225,2.24686994285578
2226,0.35025771031891867
2227,0.3589766755276195
2228,-0.45046005076488815
2229,2.183775741374543
2230,0.2989774216158065
2231,0.10641514056347146
2232,-0.7578357636447413
2233,1.9236254901529648
2234,0.2823406309334299
2235,0.41545156461187677
2236,-0.7066429838621061
2237,2.1431201222513203
2238,0.4603327206302477
2239,0.3547402479144932
2240,-0.5602211667599406
2241,2.2784165075578255
2242,0.4115565896461751
2243,0.5857461078536672
2244,-0.560664165966306
2245,1.8235582041865686
2246,0.31993163194559476
2247,0.3802836940439588
2248,-0.44900451968491323
2249,2.209377493015776
2250,0.45343335654625194
2251,0.48164309872618744
2252,-0.5070097438889666
2253,2.06496364520509
2254,0.46322936406248827
2255,0.36897782786598426
2256,-0.4566340726332738
2257,2.159818419275043
2258,0.5381343734260241
2259,0.4935029324057391
2260,-0.028195868156776844
2261,0.689672339804362
2262,0.4187648131094602
2263,0.6015823440494059
2264,0.3516884893689741
2265,-0.9789624042670448
2266,0.5580379925894411
2267,-0.25533575579810064
2268,0.17470364187032053
2269,-0.10592532532306805
2270,0.2642376306044204
2271,0.2115713083737357
2272,0.7271305393695663
2273,0.531290756838165
2274,-0.5063222007643737
2275,1.211385544395235
2276,0.800980730491987
2277,0.4106560815880897
2278,-0.27779973568741195
2279,0.41244453047907753
2280,0.4066750287287996
2281,0.28474471932720835
2282,-0.596133344760249
2283,0.2983351459976559
2284,0.5565180363898903
2285,0.2600296502476151
2286,-0.34752526047068427
2287,0.20466699435998317
2288,0.9259549785159098
2289,0.23014263961036
2290,-0.3325362557498157
2291,0.3228371956505336
2292,0.6884359997807379
2293,0.275533553295596
2294,-0.16542427945052637
2295,0.25258332618432544
2296,0.4785669658739707
2297,0.22288480327250484
2298,-0.3407685250134595
2299,0.3279821886265999
2300,0.5759750731967248
2301,0.47112059764522735
2302,-0.45335009222606465
2303,1.0784294904485892
2304,0.28211085662268004
2305,0.4773567531464343
2306,-0.49610398488263585
2307,0.9954011686700432
2308,0.7252207213336737
2309,-0.37911601470072026
2310,0.28276934412817206
2311,1.0068836654597377
2312,-0.3225394175583371
2313,0.23802205489488543
2314,0.8879046051022219
2315,0.21894773726815667
2316,-0.6472565727762226
2317,0.26478395561245044
2318,0.5317190028360205
2319,0.32485118572922034
2320,-0.5020913943019641
2321,0.5195323926823905
2322,0.6346743650081267
2323,0.2787820889601519
2324,-0.5675617828425245
2325,0.32246972537324764
2326,0.6057793125777484
2327,0.2088436462897683
2328,-0.6040519957649623
2329,0.32691111050850186
2330,0.607832657598849
2331,0.12595631143986338
2332,-0.3681776546818524
2333,0.31594304331185585
2334,0.5551349195067734
2335,0.24074150662205387
2336,-0.5037692318549237
2337,0.2600353757329955
2338,0.5379013794677452
2339,0.2870800157282903
2340,-0.414939816255192
2341,0.21589625206613156
2342,0.9470191995840834
2343,0.2860626569612931
2344,-0.30396455257392047
2345,0.26621757754958875
2346,0.5078338494735567
2347,0.43010409685069595
2348,-0.31650961775476816
2349,1.7445975579933553
2350,-1.3073627078490704
2351,-0.38945089455919196
2352,-0.7665636932114233
2353,2.0341108166082558
2354,-1.3762052400562381
2355,-0.11122032662508301
2356,1.902281929361377
2357,-1.3503201672834824
2358,-0.263499088886331
2359,-0.6198335035942868
2360,1.8869803118631727
2361,-1.446919822163817
2362,-0.5617366795200348
2363,-1.0499281044521933
2364,1.966532029591051
2365,-0.9401147043535464
2366,-0.18267856907440672
2367,-0.6878646825274615
2368,2.1501480019180828
2369,-0.970162171144258
2370,-0.5721124769383656
2371,1.9821533392927515
2372,-1.2990010644693044
2373,-0.08682492067889806
2374,-0.7517539151871726
2375,2.0257256570948265
2376,-0.8590965609344987
2377,-0.7487570336061462
2378,-1.2949669324727955
2379,-0.45629504403049875
2380,-0.6528664344629235
2381,1.989194800655829
2382,-1.3908594238439258
2383,-0.11693501919975029
2384,-0.7441913761163726
2385,2.0660272222945917
2386,-0.9544047726573575
2387,-0.11951971603664471
2388,-0.13587720942311762
2389,2.0945546861924043
2390,-0.977690647568224
2391,-0.07009941600064828
2392,-0.16413582809597968
2393,2.0975476645299014
2394,-0.09535806186123236
2395,-0.14033508751703017
2396,-0.6542764186622742
2397,1.9580446122349693
2398,-1.3472813391669656
2399,-0.15790490273312555
2400,-0.670664931008847
2401,2.009787038886365
2402,-1.4253065542192775
2403,-0.3738691572618628
2404,-0.1519842873592824
2405,1.9464644823603947
2406,-1.0080681293033344
2407,-1.1411160896205466
2408,-0.21803573604255436
2409,-0.1553638729469057
2410,-0.12082736644554853
2411,-0.47350395082691293
2412,-0.7708421101760228
2413,1.9842732266381
2414,-0.9295769301121628
2415,-0.14514006059824305
2416,-0.7782498587706431
2417,1.9712232810450077
2418,-1.257581915384276
2419,-0.06894476781019607
2420,0.30385340480744916
2421,0.16906691634410853
2422,-0.15230258705831026
2423,0.9639794118702549
2424,0.5774963804118811
2425,-0.22235868314673565
2426,0.9231964822565583
2427,0.25956873596076774
2428,-0.4508211641539588
2429,0.29932242718165125
2430,0.2596243342928332
2431,-0.21248703017569168
2432,0.42341305935050144
2433,0.40616941334008627
2434,-0.48324483979872257
2435,0.6782024475321543
2436,0.35753171367982434
2437,-0.2543997593599485
2438,0.4448629291330561
2439,0.5013411409138174
2440,-0.24516852053280658
2441,0.24331338703236166
2442,0.3215055089634503
2443,-0.036880391175991234
2444,0.29618603789916725
2445,0.2813795039680066
2446,-0.23824509453549755
2447,-0.2449893804680828
2448,-0.22964752390394216
2449,-0.294039168486155
2450,-0.18037128510043327
2451,-0.3905732928727554
2452,-0.29475101658926034
2453,-0.11985687694661341
2454,-0.2563339658284544
2455,-0.41925108350181384
2456,-0.2513354195857241
2457,-0.18186275014366346
2458,-0.266346437880709
2459,-0.0955435673430384
2460,-0.15786928867397756
2461,-0.2653229781870576
2462,-0.4950167511886964
2463,-0.17677772729649238
2464,-0.20957023390440246
2465,-0.6875582364828668
2466,-0.17033957881962433
2467,-0.2560756404854288
2468,-0.24295238365916438
2469,-0.16587602462579265
2470,-0.2758998330025873
2471,-0.2522039484146342
2472,-0.13855327168919454
2473,-0.15051365029603475
2474,-0.24739791415957293
2475,-0.13311535452305673
2476,-0.16221732769139488
2477,-0.30409519210463937
2478,-0.16874134880651295
2479,-0.15576543847487342
2480,-0.2269480220021096
2481,-0.13366113793920223
2482,-0.19878168448863553
2483,-0.21974714624680328
2484,-0.20563421425714362
2485,-0.6404265544813241
2486,-0.2931399644882294
2487,-0.13427458331735348
2488,-0.10496762823399947
2489,-0.6264331631746727
2490,-0.1348212942904132
2491,-0.09427892532603109
2492,-0.20829291660969365
2493,-0.2028050163008261
2494,-0.12053334362637161
2495,-0.37830886412764236
2496,-0.25680934401464267
2497,-0.1828994021536226
2498,-0.3123991430071866
2499,-0.42401883194943163
2500,-0.17470549224637924
2501,-0.060226944802503984
2502,-0.24878062672600584
2503,-0.3276155315805831
2504,-0.2043052179956731
2505,-0.17769471850632423
2506,-0.22323644414311133
2507,-0.2042149926073805
2508,0.0028361587054852003
2509,0.20339248427327933
2510,0.05190709110663735
2511,0.22637945503556992
2512,0.06334147891281335
2513,0.27631405675196025
2514,0.10196723632729479
2515,0.32677370177695275
2516,0.2528073355732635
2517,0.23129792022459428
2518,-0.9976949194254825
2519,0.21212340836003546
2520,0.057950627792427524
2521,-0.7962066050984251
2522,0.21199503324465574
2523,0.13666344929556085
2524,-0.27741801374526337
2525,0.06675430544620234
2526,0.5387270208479343
2527,0.21233261445502516
2528,0.20040270763060375
2529,-0.527083102751735
2530,-0.6647656240201849
2531,-0.282776831834594
2532,-0.14623344063326954
2533,-0.24586020939505088
2534,-0.8002788552550428
2535,-0.3697090587728232
2536,-0.1688459862877725
2537,-0.43059777463209387
2538,-0.7247625235035563
2539,-0.25409174243556315
2540,-0.07684334942659984
2541,-0.454474094261281
2542,-0.5447369131859744
2543,-0.18439074210581946
2544,-0.10324079296206347
2545,-0.031124359589303513
2546,-0.6234025562013129
2547,-0.2670902391786603
2548,-0.09517149565437266
2549,-0.44437850148104624
2550,-0.8392935929963906
2551,-0.3959063477804456
2552,-0.12797018811208935
2553,-0.42737070655224446
2554,-0.7757459709283964
2555,-0.11787148781530929
2556,-0.11854891953637538
2557,-0.42665169155783483
2558,-0.5755710362726969
2559,-0.3775934574718026
2560,-0.15113801086879042
2561,-0.4288332880304399
2562,-0.37182998694189595
2563,-0.3774283781067232
2564,-0.10700555996033578
2565,0.34155352896614316
2566,-1.0661781745432108
2567,0.10675627385143455
2568,-0.816059312966877
2569,0.2555573764255929
2570,-0.9457398297919074
2571,0.09414664107958129
2572,-0.7128795706087492
2573,0.11824766282271339
2574,-0.5191973647977384
2575,-0.32985262678260624
2576,-0.7018849573466958
2577,-0.9191869015450789
2578,-0.2504728188128636
2579,-0.48921088231307874
2580,-0.9636031928436033
2581,0.2760742467804385
2582,-0.9211826905889351
2583,-0.9140337142506981
2584,-0.14118296581463274
2585,-0.7540520260387056
2586,-1.2309386312140471
2587,-0.6937256577138069
2588,-0.5839223986823012
2589,0.6077523401814915
2590,-0.8823542853711954
2591,-0.3301773135689602
2592,-0.5854235402733403
2593,0.39134117238055527
2594,-1.128639890195188
2595,-0.1149904894655561
2596,-1.0709951749807884
2597,0.6044177313418133
2598,-1.4488707022817044
2599,-0.31047837633777736
2600,-0.7459344779132883
2601,0.31774771503381644
2602,-1.1023852912214438
2603,0.02538871095486537
2604,-0.705343940408394
2605,0.2718924556278021
2606,-0.8367716231493146
2607,-0.4133200421277239
2608,-0.9135123760642867
2609,0.14424088487941492
2610,-0.9273867055493015
2611,0.1676741642859812
2612,-0.7608605205940785
2613,0.3634333331443536
2614,-1.1640408282648407
2615,-0.03369932371063817
2616,0.35885538316057786
2617,-1.0748928979728285
2618,-0.15765279591403836
2619,0.24525966347811212
2620,-0.023551458923627006
2621,-0.06758135110547897
2622,0.13873405081963355
2623,0.14204676351231904
2624,0.07928026193025413
2625,-0.4568298614056666
2626,-0.6458853737744905
2627,-0.2512503636885341
2628,-0.24254266348895373
2629,-0.3553382486468556
2630,-0.6919084607032308
2631,-0.368116549286301
2632,-0.10285407408771208
2633,-0.3809870514495153
2634,-0.8260980186892058
2635,-0.4531869100118714
2636,-0.10516548676553776
2637,-0.37223614931173016
2638,-0.5377250287847035
2639,-0.16509744945345672
2640,-0.06551882052379196
2641,-0.29673711958438365
2642,0.11939566325861746
2643,0.1597161624539648
2644,-0.11282637137435252
2645,-0.2391650610292711
2646,0.11923058797857225
2647,0.2143864538489768
2648,-0.05791123025881029
2649,0.08767788392177847
2650,0.07673493841624342
2651,0.1872326237698722
2652,0.0227907651163468
2653,-0.0843496468011364
2654,0.10707689807131163
2655,-0.18724006636617804
2656,-0.035541333251327294
2657,-0.06525266404974803
2658,0.12195981336328499
2659,-0.05538039319835033
2660,-0.06723883800656849
2661,0.10162791239497893
2662,-0.9893644922419488
2663,1.5403187812605745
2664,0.10534955065810767
2665,-0.8038607621824329
2666,1.4504687397690725
2667,0.09856008972258645
2668,-0.7854400037396151
2669,0.6152906358605224
2670,0.1292217308287147
2671,-0.7512065436380568
2672,0.9060149888722134
2673,-0.04574581782683186
2674,-0.8076783615984737
2675,0.5928621257696477
2676,0.13404203670338286
2677,-0.9307522266334559
2678,0.9246625025453467
2679,0.15331588413940297
2680,-0.8269345215591518
2681,1.5307656964607486
2682,0.14842209428549993
2683,-0.9357359735636093
2684,0.6264340756509018
2685,0.15461131672613995
2686,-0.9301068994250905
2687,0.5926726009779218
2688,0.13290268880803058
2689,-0.8547685365065735
2690,1.1422435184867616
2691,0.42445666555239625
2692,-0.8849434285161548
2693,0.7592877306794684
2694,0.10507556072804893
2695,-0.9672919097863442
2696,0.8271988973186947
2697,0.35286253811760415
2698,-0.7925266068832522
2699,0.7062054698769209
2700,0.1510484507753093
2701,-0.8714633647447481
2702,0.7335870072414727
2703,0.2267493713469095
2704,-1.0660158995336508
2705,0.6740519664989572
2706,0.16374970524127347
2707,-0.7297961360786073
2708,0.08990891628444372
2709,-0.7741589279571063
2710,0.9734350851769838
2711,0.12332768488598107
2712,-1.0952228210320691
2713,-0.9104192821975913
2714,-0.3203767961191881
2715,-0.32368850710724956
2716,-1.0185106151823164
2717,-0.43958561865234447
2718,-0.025609661265176685
2719,-0.5057321804183039
2720,-0.27833930307734545
2721,-0.47828118594575525
2722,-1.1218802749408154
2723,-0.26466453302656373
2724,-0.09846456095518766
2725,-0.8490616174824334
2726,-0.26672728409068464
2727,-0.3451608467948403
2728,-0.9439908895197267
2729,-0.35011279182536514
2730,-0.33865713987953927
2731,0.8307152150831545
2732,0.33513747242832237
2733,0.2700977573472483
2734,-0.6591788861509505
2735,2.04595730068779
2736,0.39542772381056085
2737,0.4666889461837166
2738,-0.733204279595939
2739,2.2212740925486196
2740,0.45354480125244895
2741,0.13492050050209586
2742,-0.6140833957334083
2743,2.1591102144711707
2744,0.4850529839986074
2745,0.4378035264641855
2746,-0.6607543976178588
2747,2.2419357774776247
2748,0.36284858429543354
2749,0.6868644374035249
2750,-0.8038532943061629
2751,2.199199874986471
2752,0.16785050535616824
2753,0.8676269575781588
2754,-0.709290906638391
2755,2.191265450321552
2756,0.5043499390469591
2757,0.8544156909215775
2758,-0.5740425552261996
2759,2.1469051792036766
2760,0.4896233039388029
2761,0.4336157158191437
2762,-0.7886638742141374
2763,1.893455829290448
2764,0.4957258329351109
2765,0.3497161188567718
2766,-0.7191365084850184
2767,2.060840714174707
2768,0.3889010910869044
2769,0.33143894715828603
2770,-0.7698992254714577
2771,2.0467960621244505
2772,0.4874919285950828
2773,0.17601252991077132
2774,-0.3452476475265599
2775,2.126592790375011
2776,0.4847240563510477
2777,0.5252209138628894
2778,-0.707260261183274
2779,2.1940759264970073
2780,0.48531983749604374
2781,0.2627814455392559
2782,0.23205601505631704
2783,0.21494145425728406
2784,-0.04311113162146267
2785,0.1832943966849082
2786,-0.28403063445073085
2787,0.22316307478977043
2788,-0.3050557968603003
2789,0.29731276103409005
2790,-0.9707103372797038
2791,-0.1405711663293092
2792,-0.23369763881934424
2793,-0.15679747104498604
2794,-0.9719971534833421
2795,-0.16129186964058242
2796,-0.22307373253154017
2797,-0.04408505209169913
2798,-1.009766846617359
2799,-0.19996354868286295
2800,-0.25839853536467977
2801,-0.1610384848905899
2802,-1.1888824347035274
2803,-0.014276894783287553
2804,-0.19388516571874387
2805,-0.5173284382667989
2806,-0.6755326488021782
2807,-0.13779313915881727
2808,-0.17175569182425626
2809,-0.37526714131619676
2810,0.3150308305651321
2811,0.35003102659346086
2812,0.8252772221451502
2813,0.4556686552456718
2814,0.2700356597236361
2815,0.37978471342914644
2816,-0.9891560187507015
2817,0.3280292216008217
2818,-0.8598599176199562
2819,0.28031228255607754
2820,0.30903963700901893
2821,-0.8516932059417244
2822,0.20789236651637644
2823,0.10830949876392669
2824,-0.3840781301424027
2825,-0.7631405164157482
2826,0.2578493088645311
2827,-0.8523177917222227
2828,0.24917385266075132
2829,-0.671473840074805
2830,0.36530994319418053
2831,-1.4818235983574866
2832,0.3132523107809373
2833,-0.9220434969395643
2834,0.5752089233180137
2835,0.397351362121076
2836,-0.7802690568064854
2837,0.23039683929007765
2838,0.24778712930356714
2839,0.6608138321863304
2840,0.2347793960401145
2841,-0.33052689501549093
2842,0.2872486760803502
2843,0.3582916957366694
2844,0.2285930568026978
2845,-0.35881982602992857
2846,0.30633064048042113
2847,0.6427786689662649
2848,0.32358989870617616
2849,-0.32651250018519096
2850,0.2700436515995486
2851,0.7165530482056423
2852,0.2755125015328912
2853,-0.3246692196364718
2854,-0.5735659029304382
2855,-1.1578925051058788
2856,-0.02671891917064533
2857,-0.3372758010746633
2858,2.1566939044117452
2859,-1.0067205448889263
2860,0.044539811120669084
2861,-0.6041919882910881
2862,1.9922463841615694
2863,-1.4458008382537688
2864,-0.5567536662556942
2865,2.1025612969468
2866,-1.0140091947185559
2867,-0.4843284330097683
2868,-1.1092598463543764
2869,2.029556168808097
2870,-1.2435591976252145
2871,-0.3891860938350301
2872,-0.5908930649478561
2873,2.0805585404450957
2874,-1.2569159902235023
2875,0.36193165157179813
2876,-0.6656071698542566
2877,2.168322430214176
2878,-0.9382372120277614
2879,-0.13087809514376972
2880,-0.6584118805193505
2881,1.4056429815510236
2882,-1.4418941062837236
2883,-0.12021888953529544
2884,-0.6607555255559875
2885,1.9566789489316974
2886,-1.4312329077284394
2887,-0.03896862315449154
2888,-0.6809481003506799
2889,1.9147602243573238
2890,-1.0120525212999658
2891,-0.08062959769834711
2892,-0.41752646345903377
2893,1.7091711273071855
2894,-1.3009095584990111
2895,-0.2412300206625678
2896,-0.5871467739851974
2897,1.8830734713182185
2898,-1.4538845008065324
2899,-0.5178599320535227
2900,-0.478604314288932
2901,-0.16467796069089224
2902,-0.06753862948802475
2903,-0.31488408388157346
2904,-0.25083253985196274
2905,-0.22748455528633862
2906,-0.051350169457437325
2907,-0.1267320393855409
2908,0.316377012912043
2909,-0.39042562585436535
2910,-0.09836525110594126
2911,-1.0617009770563526
2912,0.33977492631890266
2913,-0.4195979612526379
2914,-0.04291656590233937
2915,0.2875158759146865
2916,-0.23907994014144468
2917,-0.19256433441780801
2918,-0.5469528566431273
2919,0.41222779358811007
2920,-0.46611234735912327
2921,-0.05178422103654685
2922,-1.0656801553574824
2923,0.31829282557206107
2924,0.018676886132041704
2925,-0.1615015245741438
2926,-1.043540726828787
2927,0.3222532992894593
2928,-0.12451578514453744
2929,-0.3783405729572803
2930,-0.2905604202151221
2931,0.6691916983152247
2932,-0.20379611820633692
2933,-0.22728352406009947
2934,-0.5524088114082722
2935,0.6370193002725567
2936,-0.3789474475073026
2937,-0.4149088863809728
2938,-0.506603537284898
2939,0.43968648926085074
2940,-0.2484551383465201
2941,0.0033914901018022316
2942,-0.14679220227048134
2943,-0.294508898967295
2944,-0.3006442408105995
2945,-0.1651624304804048
2946,-0.2876123742787542
2947,0.4555263091255437
2948,0.10775866783464515
2949,-0.09657776904908136
2950,0.43926634739785125
2951,0.1150634405808448
2952,-0.19022492096738058
2953,0.4043333521233088
2954,0.21136682260509815
2955,-0.27342829043081746
2956,0.62951384238811
2957,0.26521762139808347
2958,-0.03064350157293228
2959,0.8614142356043285
2960,-0.27938972979943977
2961,-0.019704075105426794
2962,-0.14693614955403933
2963,0.7121135160282809
2964,-0.3301081180200122
2965,-0.03715766517396063
2966,0.9160872100160757
2967,0.9002676419919878
2968,-0.29314247608981076
2969,-0.44379880370203606
2970,-0.9980018979522329
2971,0.5510881147992992
2972,-0.23067621224903784
2973,-1.1798473443893487
2974,0.6426464411125941
2975,0.137762610449806
2976,-0.9855493464489001
2977,0.07137786042236001
2978,-1.3076996654937751
2979,0.39712030042919105
2980,-0.4324922144285193
2981,-0.598794977384109
2982,0.6582323021086495
2983,-0.3276279795148402
2984,-1.0786354429353715
2985,0.38904651595648787
2986,-0.8243267161893977
2987,-0.8481657573914118
2988,0.7001454891091682
2989,0.1303562379203777
2990,-1.2457944808572778
2991,0.7079493206844725
2992,-0.008022880223613917
2993,0.552263027816937
2994,0.5676522484877151
2995,-0.17348858912242582
2996,0.11612774797695809
2997,0.13579853714917067
2998,-0.16758789059187434
2999,0.10923037433958267
3000,0.18280314163170183
3001,-0.23689567430771805
3002,0.11441919140708326
3003,0.3601497703978452
3004,-0.1693326901666447
3005,0.0602749195790184
3006,0.24565403383246837
3007,-0.20899050621603316
3008,0.05125026061307574
3009,0.12678566734639207
3010,-0.21121557200414628
3011,0.32594672715742995
3012,0.0704390716391756
3013,-0.19444194290755035
3014,0.16408976913106874
3015,0.13850003433645333
3016,0.024191696659259947
3017,0.09949573539908722
3018,-0.022036000473122486
3019,-0.2327563458875756
3020,-0.1498698658927318
3021,0.9752350586085093
3022,-0.2345646919965337
3023,-0.8485498172035723
3024,0.057153120822202266
3025,-0.9961540121602145
3026,-0.3524361074448562
3027,-0.05313270358228927
3028,-0.960624562590467
3029,-0.09118217251256938
3030,-0.01860963573198444
3031,-0.9069736609819204
3032,-0.3055736727198052
3033,-0.26221922331546055
3034,-0.2133848452970828
3035,-0.3857282874714989
3036,-0.18894268281171692
3037,-0.26089250461253827
3038,-0.21532779810519578
3039,-0.29887613525342244
3040,-0.18858378347248841
3041,-0.2676053726888364
3042,-0.16151823523093917
3043,-0.22246594649237011
3044,-0.3204558098004052
3045,-0.30804103681157174
3046,-0.150070653602506
3047,0.08526539207917216
3048,-1.0554847359454427
3049,-0.1642293376945877
3050,0.013878959450590218
3051,0.028493249556277363
3052,0.2624403281709559
3053,-0.8458754583398606
3054,-0.20347073006296715
3055,0.2283010350495192
3056,-1.0252020228875205
3057,0.14625371238314597
3058,0.4327767921194571
3059,-0.10024147840090812
3060,-0.9443828397863133
3061,-0.30002376250153234
3062,-0.02046799495850016
3063,0.2433791204880152
3064,-0.2137521440063276
3065,-0.0605997076002038
3066,-0.03824389349751945
3067,-0.242929950535058
3068,-0.02943053166598712
3069,-0.0616909225371541
3070,-0.3619104344312834
3071,0.033998557519398336
3072,0.804829337225059
3073,0.05166243973403352
3074,0.5753655081973063
3075,-0.3885433609031928
3076,-0.5362025426082274
3077,-0.4460995549893407
3078,-0.08689544732476263
3079,-0.3728748719967949
3080,-0.5648851643189456
3081,-0.07345898297445569
3082,-0.09453774081914541
3083,-0.3156514608430841
3084,-0.722409608426032
3085,-0.26401354591637605
3086,-0.07364010702650267
3087,-0.45384683434483897
3088,-0.2072242523669603
3089,-0.07570430160973203
3090,-0.11167265385085873
3091,-0.442825524383523
3092,-0.5020189715557588
3093,-0.25396113020406136
3094,-0.3070554955337916
3095,0.08499436613994844
3096,-0.20295593029175546
3097,-0.30198249948630174
3098,-0.5263149566841896
3099,-0.36435591846878357
3100,-0.10917850338384953
3101,-0.4148763431352771
3102,-0.5431080469000164
3103,-0.11513246691352068
3104,-0.07364010702650267
3105,-0.4233358007471546
3106,-0.653204786132949
3107,-0.4009974294028587
3108,-0.07329734108832449
3109,-0.43708140106820065
3110,-0.7818543870468462
3111,-0.4855137542562812
3112,-0.09020600180296408
3113,-0.30387059516128145
3114,0.33309050702769527
3115,0.20942961062640725
3116,-0.25014524300924673
3117,0.1638791556209514
3118,-0.017111014276261615
3119,-0.2958210063572342
3120,0.07637887178660367
3121,0.10916945727530179
3122,-0.0009046891860035023
3123,-0.41059258809162963
3124,-0.6700541120834992
3125,-0.4400649063568573
3126,-0.12191348249678441
3127,-0.4509960545527818
3128,-0.7588908363468351
3129,-0.15189921187166525
3130,-0.12191348249678441
3131,-0.40087073745613644
3132,-0.5485078402896333
3133,-0.1660207415408756
3134,-0.3703390444574466
3135,-0.44284483158001964
3136,-0.8652697872836621
3137,-0.10856691670558001
3138,-0.10402909638608443
3139,-0.8797000338298766
3140,-0.28339233549595283
3141,-0.12384594468144314
3142,-0.883187349366024
3143,-0.469091611050046
3144,-0.11873728954745906
3145,0.11769996606548899
3146,0.14269909660368807
3147,-0.0359902555413485
3148,-0.41699666589818857
3149,-0.5208241816029172
3150,-0.30467478118486224
3151,-0.12189125025755143
3152,-0.26178620795340257
3153,0.07255569217008248
3154,0.23223532434829428
3155,-0.42343850921293796
3156,-0.21424870251555014
3157,0.1419894566923702
3158,-0.37779372691028024
3159,0.39889429739298093
3160,-0.8054878651874426
3161,0.08326413498073928
3162,-0.7046274365547294
3163,0.04699763634276209
3164,-0.6803648162981816
3165,0.12994273716271956
3166,-0.7589071863281772
3167,0.14349612067842887
3168,-0.886271620410778
3169,0.1332499201454822
3170,-0.8997866612354275
3171,-0.6825496756765888
3172,0.10941685601420295
3173,-0.12737303846641249
3174,-0.5203852626787225
3175,-0.24452411546816427
3176,-0.29482379755195653
3177,-1.014186457454772
3178,0.10152745949889255
3179,-0.4272783088875793
3180,-0.798721082534713
3181,0.5741221684258359
3182,-0.04396092957527406
3183,-1.1062956868008489
3184,0.2500522025934461
3185,-0.4298844664052906
3186,-0.8012878462742418
3187,0.34620465481598006
3188,-0.08273165696346303
3189,-0.7407864409350975
3190,0.47767449818499175
3191,-1.053623711589999
3192,-0.6015169247474954
3193,-0.8445932172214663
3194,0.18459407050916524
3195,-0.8192824452532329
3196,0.16946866926463686
3197,-0.6647167704966724
3198,0.3344433902395225
3199,-1.0023503294025793
3200,-0.5846179952900811
3201,0.24912082127767682
3202,-0.924433480347677
3203,-0.12636880127358102
3204,-0.9388422376029149
3205,0.3111186099660731
3206,-0.9166354684041924
3207,-0.029293154035564668
3208,0.3031751057566032
3209,-0.2268967570313404
3210,-0.2645687701670677
3211,-0.9273175253590504
3212,0.27520171862633047
3213,-1.010910247188942
3214,0.044431169992551936
3215,-0.7065148297457439
3216,0.30028869312423634
3217,-1.0485270542316827
3218,-0.25594156660138473
3219,-0.7428330140676929
3220,0.3107041870595291
3221,-0.8176073374042606
3222,-0.23111489725285497
3223,-0.5290005387305244
3224,0.128638273100571
3225,-1.2275550741644752
3226,-0.5230492875892446
3227,-1.1373164169226764
3228,-0.07542853701997727
3229,-1.530211368191758
3230,-0.31025692734422783
3231,-1.5267906716846704
3232,-0.1350219348319569
3233,-1.63905353921813
3234,0.2811624486604159
3235,-0.9970502649071938
3236,-0.1624738374738979
3237,-1.1934312570051586
3238,0.18998727628328535
3239,-0.9906010440920683
3240,0.5090361871364293
3241,-1.3010550999307215
3242,-0.6117381540920087
3243,-1.1377526867765488
3244,-0.34730066058621645
3245,-1.7183831930339595
3246,-0.9265184905599326
3247,-0.9450488037383111
3248,-0.08876591542719295
3249,-0.8827889381293386
3250,0.7289481039152875
3251,0.36167354984349076
3252,-0.18417254483140577
3253,-1.0480906363484839
3254,-0.26733361778121933
3255,-0.8523511780534232
3256,0.5050811498646484
3257,-0.9588238602781055
3258,-0.38914441607912437
3259,-0.8916301305225366
3260,0.14826070099125818
3261,-1.0072569056052785
3262,-0.31840691099876833
3263,-0.8654953606107922
3264,0.3235550178764736
3265,-1.0795465377610445
3266,-0.17780218411463217
3267,0.13149357397007605
3268,0.1111175287054411
3269,-0.08812663793804276
3270,-0.396868016283113
3271,0.08639386141703286
3272,0.13042904319505744
3273,-0.04880244585861396
3274,-0.2286514049201206
3275,0.09994569620529578
3276,0.10419846061614332
3277,-0.05746544013871171
3278,-0.19774719484532552
3279,0.1101222677602546
3280,0.10186619863609654
3281,-0.050238343523238006
3282,-0.23712815031710818
3283,0.10555255483271153
3284,0.09838808201997212
3285,-0.0039267840743582106
3286,-0.19765761887340552
3287,0.05986276075215092
3288,-0.8015124289162628
3289,0.23009784733269548
3290,-0.08999224885019655
3291,0.07472807813581
3292,0.05510081728441861
3293,0.0355175565972722
3294,-0.2686696596856221
3295,0.10290255483271155
3296,0.001138048538987232
3297,0.05173445848445686
3298,-0.23796330715795957
3299,0.1060551458054506
3300,0.13283765410292347
3301,0.007294101559581613
3302,-0.2026756365653628
3303,0.10016308750964362
3304,-0.03212262743334705
3305,-0.22790727622740267
3306,0.1674990204681735
3307,0.18759695814048394
3308,0.01638236494035069
3309,-0.27716984762313923
3310,0.07788092014084924
3311,0.11281006525610225
3312,0.11732331931064834
3313,-0.04310114632496693
3314,0.13873010195552618
3315,0.10722409105786267
3316,-0.017778878532471173
3317,-0.2270758614161485
3318,0.07549997329251878
3319,0.11210592462218119
3320,0.032643409711967275
3321,-0.1840103886141424
3322,0.07816437830422551
3323,-0.027746880483997264
3324,-0.28324875626180074
3325,0.07334875230433659
3326,-0.09625738749593407
3327,-0.11290386479067926
3328,0.11373381055646223
3329,0.09869171554328626
3330,-0.08586282506614486
3331,-0.20066514175132968
3332,0.10249229842245514
3333,0.07788374383911428
3334,-0.025023403638277566
3335,-0.2032877717868581
3336,0.11206674859532578
3337,0.14612874615278534
3338,-0.0765447169053675
3339,-0.3456195262768545
3340,2.0343955676112757
3341,-0.06531847735964634
3342,0.15652029919321409
3343,0.1359468790846843
3344,-1.292617190721347
3345,0.9928912954615083
3346,0.10353249979453488
3347,-1.2930375678289472
3348,0.5559371516031465
3349,0.09413350565599611
3350,-1.0019196306255027
3351,0.5567692524716676
3352,0.3295274842948671
3353,0.03634110399048285
3354,-0.2618841774931763
3355,0.1107600711200578
3356,0.0802455003679474
3357,0.36765089332022893
3358,0.12998291532184367
3359,-0.9340030704740544
3360,0.5865264252957948
3361,0.13212422684533565
3362,-0.9040677098256408
3363,0.7996363078636436
3364,0.1441731400679513
3365,-0.778306880418281
3366,0.6727860428989727
3367,0.11049857856316883
3368,-0.882457844620071
3369,1.3575132523862588
3370,0.12010577651590267
3371,-0.6264404447374777
3372,0.4846939456010993
3373,0.030218797561104658
3374,0.13523848952394782
3375,-0.39943720110155456
3376,0.439065898442477
3377,0.004084592055241031
3378,0.4535227955237648
3379,-0.627536465985293
3380,0.4617747249331566
3381,0.06614244808128117
3382,0.09359461367492834
3383,-0.641217334482012
3384,0.5252106206161652
3385,0.04030901687228797
3386,0.6814134344531919
3387,-0.6091043927614055
3388,0.6219252434898899
3389,0.23360087457066764
3390,0.4520515033016226
3391,-0.2401187908431282
3392,0.5507980039605745
3393,0.013374227242263137
3394,0.08107501675344532
3395,-0.4032504524715644
3396,0.517287379740546
3397,0.1771270271623786
3398,-0.6261813530817619
3399,0.36057758165158055
3400,0.14795758394047245
3401,0.12691990765104616
3402,-0.4684289230535989
3403,0.2205814842456216
3404,0.03506617250166039
3405,0.13751667553409014
3406,-0.41237118158358627
3407,0.5319998286123669
3408,0.0994497942394748
3409,0.09948974152733071
3410,-0.6946027638453253
3411,1.0581042561044323
3412,-0.21075658169046635
3413,-0.9758658561381067
3414,1.185522995176402
3415,-0.13748392949703123
3416,-0.7107357665629527
3417,0.8071042337460824
3418,0.32666204369487084
3419,0.0054523389883994605
3420,0.08757852081222928
3421,0.12587116118434677
3422,-0.9207982034103775
3423,1.3901174008920871
3424,0.08194439671821274
3425,-0.87325426588484
3426,0.7449627765563368
3427,0.5574130758967368
3428,-0.3515911971672516
3429,0.2449095339773278
3430,-0.1834084745727394
3431,0.050428771663688525
3432,0.5404710241031714
3433,0.5943157179494
3434,0.5055947591561811
3435,0.20807863533041704
3436,0.6591730185762013
3437,0.47586849163665496
3438,0.6498293025581993
3439,0.02381684242151263
3440,0.46804651697285776
3441,-0.07173181198096014
3442,0.3241737042222263
3443,-0.033774848438729174
3444,-0.1750994408079407
3445,-0.07526581197674842
3446,-0.3777833215583913
3447,-0.33847589264563793
3448,0.5814950154707749
3449,0.5684312904137194
3450,0.5777186519536915
3451,0.7172052996914109
3452,0.6396849458656007
3453,-0.4661335587906053
3454,2.2416686975670888
3455,0.34657483296033914
3456,0.3369786020169525
3457,-0.504166545382764
3458,2.177730000795773
3459,0.49068231683909413
3460,0.7743250063925686
3461,-0.6161048559950708
3462,2.143911044806119
3463,0.4091120894448824
3464,0.3401500525907278
3465,-0.7582763834774852
3466,1.898587425293017
3467,0.421684313008872
3468,0.13132672807862666
3469,-0.5745256397055661
3470,2.1658492533509413
3471,0.48192364499458806
3472,0.18615076173801862
3473,-0.2579071486320667
3474,-0.21693425519548268
3475,0.1530793569220218
3476,-0.46026604676724725
3477,2.1827553495005882
3478,0.4874919285950828
3479,0.40863040650313526
3480,-0.5676645892665093
3481,2.2030611514029124
3482,0.46994064328317986
3483,0.11788725942904564
3484,-0.6938050735970153
3485,2.090842771072086
3486,0.4278344225872486
3487,0.31829603578654775
3488,-0.7209091062317853
3489,2.272387265408249
3490,0.4654018766541307
3491,0.7321741942738224
3492,-0.6905259697740985
3493,2.181918521943348
3494,0.5599164035100095
3495,0.33079564327385275
3496,-0.5696279179220488
3497,1.9258127607741675
3498,0.46555368360973093
3499,-0.616389302550487
3500,2.1758296995793
3501,0.5260482075071188
3502,0.3547868096243284
3503,-0.5710569903910269
3504,1.850432772192869
3505,0.32996698731019986
3506,0.35162902842984817
3507,-0.6042058376145696
3508,2.195326282672085
3509,0.36636558083799337
3510,0.6562834038973928
3511,-0.5628441045602475
3512,2.2404694015185593
3513,0.4746457316445273
3514,0.46990413084436866
3515,-0.4659104714280795
3516,2.162374092179814
3517,0.48196796219649096
3518,0.3538937290868966
3519,-0.6433722565664004
3520,2.062844559580003
3521,0.4416431696129738
3522,0.6026389031597819
3523,-0.4423496661772063
3524,2.1765193189326677
3525,0.4303430543895533
3526,0.10307521565997102
3527,-0.6470744406503158
3528,2.0535697173364795
3529,0.4165986241306033
3530,0.48452039411772213
3531,0.055855239244295043
3532,0.47736491795153035
3533,0.17048262729158034
3534,0.5935604521456201
3535,0.1538721730968046
3536,-0.37483350089451584
3537,0.30284797632359484
3538,-0.9814075746122994
3539,0.25540861867513837
3540,-0.34168979745122596
3541,0.18626911439885566
3542,0.303647498914374
3543,0.9791947167349836
3544,0.3243981906998557
3545,-0.4682444326753603
3546,1.0677575348892114
3547,0.46085313456329274
3548,0.3067824576182161
3549,-0.3634536614270128
3550,0.016531382191000494
3551,0.267134977483921
3552,0.2624039014527243
3553,0.04654363250127137
3554,1.1214207182748595
3555,0.4069771684456389
3556,-0.3280973495428089
3557,0.2364321557276093
3558,0.5963939138406716
3559,0.2691464999995246
3560,-0.3502199283147972
3561,0.13790893688100578
3562,0.17275531485544318
3563,0.5522758209859511
3564,0.2659758167132864
3565,0.6181695860613243
3566,0.3153116510806813
3567,-0.3400396365002833
3568,1.0219280837400668
3569,0.3945751684343066
3570,0.32822164328430337
3571,-0.4574379845209368
3572,0.8019035532780295
3573,0.5113015632398621
3574,0.5939664075347042
3575,-0.31578533931285396
3576,0.8084049352133327
3577,0.40758279436931344
3578,0.5288864826222269
3579,-0.3800855868868
3580,0.2864414925602654
3581,0.6206105277586771
3582,-0.39020225266980485
3583,0.3390224796727977
3584,0.4621420859110925
3585,0.32493803622897993
3586,-0.5955906833862677
3587,0.24438862389769778
3588,0.4540707301844164
3589,0.4246778636732655
3590,-0.6111493873290936
3591,0.3142082218488295
3592,0.6115776684806807
3593,0.28879307824729705
3594,-0.5328008004265374
3595,0.8510836473769161
3596,0.15145832071925022
3597,0.37891370767833416
3598,0.04264067911347592
3599,0.25013226596744237
3600,1.0611534611358941
3601,0.22661743564647996
3602,-0.25724395355736895
3603,0.43221203712353223
3604,0.7760528525435049
3605,-0.4464925298571065
3606,0.33466036413116945
3607,0.6173472510359436
3608,0.21641380986153214
3609,-0.5491866790481191
3610,0.24881695938476298
3611,0.6572223136301882
3612,0.3574440074896588
3613,-0.6916830684760757
3614,0.7163506235510272
3615,1.0462874569829237
3616,0.26496033710707845
3617,-0.4349569321011653
3618,-0.14358590515489714
3619,-1.0278053748073874
3620,2.017804359999192
3621,-0.9932183530137235
3622,-0.20071996208155204
3623,-0.6715003045851698
3624,2.085567908058448
3625,-0.9356560409456948
3626,-0.20295251902305927
3627,-0.6770937371954867
3628,2.02852454029606
3629,-0.5088850981345773
3630,-0.03186893386997525
3631,-0.16943730773469512
3632,1.8806350910538316
3633,-1.3236183292735018
3634,-0.14358590515489714
3635,-0.08500987648838623
3636,0.049077780984669174
3637,0.13572384251979808
3638,-0.13638020775725543
3639,-0.7571849756381699
3640,2.041036966031206
3641,-1.423716851371057
3642,-0.7505049155418351
3643,2.012454080025662
3644,-1.146546473629749
3645,-0.565141642418054
3646,2.005192008376111
3647,-1.0976907628780057
3648,-0.6000093085662386
3649,-0.7360674888109913
3650,-0.14322247560454307
3651,-0.5581655993882446
3652,2.072495669621348
3653,-1.3517971146246368
3654,-0.12961065904111388
3655,-0.4075531824963058
3656,2.055271747274339
3657,-1.025083069320716
3658,-0.07612448436269798
3659,-0.22667503683878856
3660,1.9705212222269979
3661,-1.3715612771839996
3662,-0.5088624624295748
3663,-0.6033026553672716
3664,2.0062483293900475
3665,-1.362622874793403
3666,-0.42456202615611854
3667,-0.5865431088732596
3668,2.03146766716696
3669,-1.4412722411931846
3670,-0.06530736676034009
3671,-0.6866958574750345
3672,2.189449818279623
3673,-0.9812546919130652
3674,-0.18690607165766046
3675,-0.9709780508124992
3676,1.9854679389583572
3677,-1.4017187000272184
3678,-0.1282429087620641
3679,-0.2485692583992533
3680,1.9816868920588435
3681,-1.3272531980837907
3682,-0.03955733983627381
3683,-0.10570737558820313
3684,-0.12801517536695334
3685,2.0645608119542174
3686,-1.273355552598672
3687,-0.1404406231121453
3688,-0.7764862606254808
3689,2.017819951502641
3690,-1.2691012572409555
3691,-0.3565333106585732
3692,0.4211236276061313
3693,0.2335092061235944
3694,-0.0815030912686432
3695,0.31936702889631513
3696,0.24927577725941594
3697,-0.7705186318751195
3698,0.4867606210185101
3699,0.2272791604049978
3700,-0.029785068021360345
3701,0.3873719439528149
3702,0.6182495600349658
3703,0.2749560057252475
3704,-0.6190309877890185
3705,0.16307163812730435
3706,0.3545887496837876
3707,0.6088540145339445
3708,0.19561970767614265
3709,-0.27099401326612665
3710,0.4521091485235156
3711,0.12169355728686106
3712,-0.1769460899552714
3713,0.43757401005012286
3714,0.32268936663923053
3715,-0.23278435247099408
3716,-0.25992426961249887
3717,-0.1726597995133527
3718,-0.24024888919681597
3719,-0.1829105452493654
3720,-0.18836617716625506
3721,-0.23819288183404924
3722,-0.04403162103308434
3723,-0.44791204839220927
3724,0.2279848409344276
3725,-0.29501351334555503
3726,-0.18824607248764214
3727,-0.2655040670724056
3728,-0.5690154502386019
3729,-0.239820608143516
3730,-0.13211059321400237
3731,-0.642127259506029
3732,-0.1543047695243378
3733,-0.27564420814731905
3734,-0.29740027194677005
3735,-0.25858616232567805
3736,-0.45881321194540325
3737,-0.5571060467499964
3738,-0.15598536953786574
3739,-0.2953444565825025
3740,-0.3202214493621917
3741,-0.19188602131624044
3742,-0.3079063928248202
3743,-0.5707074588960053
3744,-0.1905662561310271
3745,-0.5146110028919564
3746,-0.8887839552814877
3747,-0.15115796812368437
3748,-0.28039045237224586
3749,-0.22531109083339854
3750,-0.19980297260938532
3751,-0.12525105035291956
3752,-0.28375737765674375
3753,-0.61018466912341
3754,-0.2191479760711964
3755,-0.1408701214547275
3756,0.006197617999745845
3757,-0.14147156734984642
3758,-0.24532300050487005
3759,-0.36224353436219364
3760,-0.20973409569031104
3761,-0.31848764204302576
3762,-0.22775373493981216
3763,-0.1509219632523821
3764,-0.12489046477335995
3765,-0.26373275529297124
3766,-0.1390838780855581
3767,-0.2269160201796506
3768,-0.21029744410885576
3769,-0.1708767995391017
3770,-0.17768743276319285
3771,-0.23768221475556855
3772,-0.1591693819271899
3773,0.10824878704228773
3774,0.20686291574909002
3775,0.07880926443887079
3776,0.39750074007844916
3777,0.1015696760613112
3778,0.05762492137573187
3779,0.30582134924038773
3780,0.08425953584962959
3781,0.1403034209683361
3782,-0.9782194978440605
3783,0.22637566355727162
3784,0.08168391441504175
3785,-1.6785680742317324
3786,0.34130244176311064
3787,0.1716233265559332
3788,-0.16243099786521745
3789,0.1057387880222841
3790,-0.09174517299205164
3791,0.3322209323455836
3792,0.06568682610343868
3793,-0.36875752804842005
3794,-0.7605552214666755
3795,-0.2352192921689783
3796,-0.4155991590740223
3797,-0.6303029142468037
3798,-0.12757177327243874
3799,-0.10217981062921482
3800,-0.4337585641474257
3801,-0.577650864153572
3802,-0.5292856566070904
3803,-0.13803376478052945
3804,1.1676365952725647
3805,-0.276049563390844
3806,-0.3225288184039155
3807,-0.24899758014082324
3808,-0.7618359356597302
3809,-0.43579640851653445
3810,-0.22732931789953345
3811,-0.43602336802165476
3812,-0.8771852633039313
3813,-0.3401784606721336
3814,-0.07110531424551943
3815,-0.4155991590740223
3816,-0.5873866429255987
3817,-0.4438815797087002
3818,-0.10892626771515762
3819,-0.39159106611825206
3820,-0.5330029269200816
3821,-0.13790751685369987
3822,-0.14116335816553144
3823,-0.41615411323452123
3824,-0.5324185594450073
3825,-0.25116752093042566
3826,-0.18700455500585123
3827,0.130495527316946
3828,-0.8304729859467014
3829,0.13551599650131407
3830,-0.8085417813965268
3831,0.33710812721294914
3832,-0.9370542083477041
3833,0.12813930599341247
3834,-0.855231086824919
3835,0.4560533869552584
3836,-0.8970444862890294
3837,0.16651533196410315
3838,-0.9358612443821204
3839,-0.3991123887825429
3840,-0.9570652801641378
3841,-0.38444570487071894
3842,-0.48835127352705743
3843,-1.078859569463772
3844,-0.25185383205336853
3845,-0.9269029138943092
3846,-1.0229170667091398
3847,-0.4497944588149914
3848,-0.9219699391971757
3849,0.29465191186459316
3850,-0.9563724677840945
3851,-0.43052287335602196
3852,-0.830961205875384
3853,0.24008145552398727
3854,-0.5215736004353007
3855,-0.12839143369936143
3856,-0.9150965615477556
3857,0.4832345235620936
3858,-1.0266349542529531
3859,-0.4171633649220173
3860,-0.7001302861557853
3861,0.4207042492663247
3862,-1.3105287364928802
3863,-0.2571418146165052
3864,-0.8372571306437976
3865,0.1880819348036735
3866,-1.0379425744913462
3867,-0.5065020268011025
3868,-1.231346596884403
3869,0.27639642272837267
3870,-1.2593143264893392
3871,-0.27158849875713076
3872,-0.6427286715753758
3873,-0.041755909409825355
3874,-1.172123252846797
3875,-0.5222574089333462
3876,-0.48856997704144395
3877,0.19465036489128054
3878,-0.28448465449372967
3879,0.15260849852412287
3880,0.008048533280566953
3881,-0.41931279058115367
3882,-0.4450597177211266
3883,-0.7584491007307342
3884,-0.4405004064109752
3885,-0.10414852232725577
3886,-0.41053880768384515
3887,-0.6187738354281154
3888,-0.45918732929571016
3889,-0.09036252742472739
3890,-0.1411121497149505
3891,-1.2513131210652473
3892,-0.3754281083031174
3893,-0.17164855878008725
3894,-0.2563089717361599
3895,-1.1168352792506215
3896,-0.33094851692234656
3897,0.05338604475838969
3898,-0.19346675372738
3899,0.08191884873134016
3900,0.16096956500297258
3901,-0.012697189248928818
3902,-0.23048237358176818
3903,0.12378903483198886
3904,0.13428508834745378
3905,-0.1553525215386537
3906,-0.26790309370627746
3907,0.09990043017877615
3908,0.15249146170315458
3909,-0.155646515195702
3910,-0.05933244348305239
3911,0.11548761598088483
3912,0.05229348394051077
3913,-0.038556691817001366
3914,-0.23124667074472005
3915,0.06618115714395735
3916,-0.03502557626974639
3917,-0.047824448286305644
3918,0.41480923744841947
3919,-0.992685613034988
3920,0.12659803984377618
3921,-1.2639671998426327
3922,0.8171223932239178
3923,0.12327217485767365
3924,-0.866479358134482
3925,0.7258621233601299
3926,0.13912387602117307
3927,-0.8933177305892799
3928,0.6730074611848047
3929,0.11486367304206654
3930,-0.9576312826021164
3931,0.49554811254585435
3932,0.43624799027221217
3933,0.1053832932865859
3934,-0.13070077784948647
3935,0.1457790234634316
3936,-0.9231697769890145
3937,0.729127979816164
3938,0.13790186291835133
3939,-0.9110511689579417
3940,0.6976028538563641
3941,0.16747687789390298
3942,-0.8629025205874341
3943,0.7788179007784182
3944,0.13129558774826725
3945,-0.9616860011878153
3946,0.6838867199826627
3947,0.05586506971261881
3948,-0.8788114972338978
3949,1.0473054026013056
3950,0.1493929033334883
3951,-0.9163291367739196
3952,0.7692222160482769
3953,0.10957600876709114
3954,-1.0585635136655598
3955,1.4791796812654914
3956,0.08351291597093967
3957,-0.9850018215822007
3958,1.1847102391948645
3959,-1.0745973049034696
3960,-0.24833116619988074
3961,-0.221034362401509
3962,-1.1793419861088779
3963,-0.3401070528944279
3964,-0.3904517090833838
3965,-1.4789164243696078
3966,-0.645673762543462
3967,-0.3798478079276019
3968,-1.3546917415546742
3969,-0.32274591182333734
3970,-0.5866736483572272
3971,-1.477991319805833
3972,-0.27456080073566397
3973,-0.328968684583239
3974,-0.8503807350881872
3975,-0.3192562904106027
3976,0.11212920954194508
3977,0.4814649510649872
3978,2.2473241378824236
3979,0.46413485279523026
3980,-0.04925640865037655
3981,-0.600608680801974
3982,1.875099787198706
3983,0.4104229737193969
3984,0.9650252731493423
3985,-0.33026813915024933
3986,0.5079921846557727
3987,-0.43370819024265095
3988,2.3223145715278637
3989,0.40633756383421854
3990,0.3509815821697281
3991,-0.6060702090521681
3992,1.9821426294756315
3993,0.2606674175104304
3994,0.8180720586885494
3995,-0.8148200185539928
3996,2.2930888829514906
3997,0.5021403718724948
3998,0.7368372211779975
3999,-0.22615325802775035
4000,2.131484845320945
4001,0.5069598667731317
4002,0.5987992159612561
4003,-0.7086647610852735
4004,2.242793008638845
4005,0.4098192499483814
4006,0.47531203128626465
4007,-0.41479326268848254
4008,2.267349587334201
4009,0.4600549932755649
4010,1.9214240473478692
4011,-1.4480936938777829
4012,0.5295743216171769
4013,-0.14097296232060938
4014,0.012464441304508427
4015,0.18873830647959886
4016,0.38565159399709115
4017,-0.7044491325210799
4018,2.1188198390223527
4019,0.48428748967190777
4020,0.2822566147027047
4021,-0.30371816410576713
4022,0.20910529854780394
4023,-0.14221029103759522
4024,0.20503431291581767
4025,0.25716251945306556
4026,0.3236568001725104
4027,-0.645325270075882
4028,0.20802023761552296
4029,-1.1547655672672366
4030,-0.20317433883719488
4031,-0.32014146089141
4032,-0.23425688863153699
4033,-0.6975036390257742
4034,-0.1776069109280554
4035,-0.18245133950627035
4036,-0.3437544806316719
4037,-1.076566852318231
4038,-0.2716873555283468
4039,-0.21544497426107156
4040,-0.07178627237482649
4041,-0.8406836957565793
4042,-0.14866632583920217
4043,-0.22783529500495253
4044,-0.18427148909499144
4045,-1.3083600312915078
4046,-0.14912595669534762
4047,-0.22131899591499407
4048,-0.29547407423627214
4049,0.3465319209043949
4050,0.6074482803325709
4051,0.4401958615519816
4052,0.20686092581603677
4053,0.28013458078856235
4054,-0.7968498130782837
4055,0.22958106132297695
4056,-1.0695588352909722
4057,0.245716627060474
4058,0.23063871775370967
4059,-0.8718857411632164
4060,0.23401720311603796
4061,-1.0518188779095663
4062,0.3729095180988056
4063,-0.6847914212084514
4064,0.4026646804279862
4065,-0.9277850710291046
4066,0.21762217341887705
4067,-1.403891227273299
4068,0.3306914601980176
4069,-1.0726565908469394
4070,0.3370680162828527
4071,0.39094071576757217
4072,0.9303489182173944
4073,0.2552067575946228
4074,0.276794561447364
4075,0.23310027106782089
4076,1.1366584381536404
4077,0.48431528965823406
4078,0.03431756562622669
4079,0.6526323213236017
4080,0.4080558735397708
4081,-0.4618113169410778
4082,0.06366455885876757
4083,0.007070050762830707
4084,0.27686303619077274
4085,-0.5731474648478434
4086,-0.3584320918427991
4087,-1.2854021097432604
4088,-0.004264055992456051
4089,-0.2127063912984647
4090,2.1736991862784008
4091,-1.3457347486875393
4092,0.7088487498239328
4093,-0.5364648982453714
4094,-0.21018684382825467
4095,-0.7352746174978674
4096,2.0050471934776257
4097,-1.1634752611427612
4098,0.17758427672577565
4099,-1.2381794202858454
4100,1.9772035519927225
4101,-1.2934207660397306
4102,-0.3107764231033783
4103,-0.03883825929874311
4104,2.053683902742617
4105,-1.4536581736186192
4106,0.10256899273102735
4107,-0.4129393152889165
4108,2.0651069476827604
4109,-0.9678047811365471
4110,-0.04650807841190594
4111,0.03422207318772085
4112,2.0622290138021246
4113,-1.3601119479185977
4114,-0.0915740084312728
4115,-0.6665242717051465
4116,2.0773020785843697
4117,-1.3065857603192377
4118,-0.13376981380413236
4119,-0.3702502536554972
4120,2.0509226352566614
4121,-1.3523494704994232
4122,-0.17341256777533387
4123,-0.3065282471066706
4124,2.0607760412347162
4125,-0.8841751966342729
4126,-0.45694989418566073
4127,-0.6420929434861679
4128,2.059526041234716
4129,-1.1419121811346078
4130,-0.5453203560417886
4131,-0.33674652812763084
4132,-0.005993050656692782
4133,0.5630989670344616
4134,0.7349282003782482
4135,0.6135473508475069
4136,-0.357392569252063
4137,-0.6281094833961227
4138,0.3150810618042169
4139,-0.06490970505929275
4140,0.003332050747811654
4141,-0.3963571321223271
4142,0.28817308254194596
4143,0.5559802849187833
4144,-0.20293168853106686
4145,-0.36610548868141896
4146,0.43014241682659243
4147,-0.04699287741138977
4148,-0.17040867163445075
4149,0.1729591095343508
4150,0.28984025306201194
4151,-1.5029592829245506
4152,0.440602043684038
4153,0.4053440597371038
4154,0.06344280302273797
4155,-0.9738007167021729
4156,0.5150770073058474
4157,0.3123200502856125
4158,-0.17021885747120039
4159,-0.43966548218276247
4160,0.6045409389788684
4161,0.5111214879441723
4162,-0.10427658317929143
4163,-0.15802569517183734
4164,-0.23877517204517945
4165,-0.2870459625475918
4166,-0.29876112997179927
4167,-0.2502072326315495
4168,0.6556056404823126
4169,0.5796315616667141
4170,0.24534758503375784
4171,0.9943131147629308
4172,0.2609995108753427
4173,0.4051559651684889
4174,0.47686001989903487
4175,-0.2885781650178803
4176,0.21283557625743513
4177,0.1362032810953852
4178,0.10138386366210753
4179,0.7044902709985897
4180,-0.22597007272766936
4181,-0.09016590380501811
4182,0.7327977572652399
4183,0.8802773265608512
4184,-0.47054438881634303
4185,-0.06117178795047491
4186,0.542611371438149
4187,0.6738151141750198
4188,-0.2659483145578129
4189,-0.9776240122902452
4190,0.549686330839272
4191,-0.5538687302713219
4192,-0.6949418732202971
4193,0.5511811838104959
4194,-0.7038379646802353
4195,-0.7065189561490528
4196,-0.6654782263264565
4197,-0.7836777245414267
4198,0.5512065068854928
4199,-0.34521911104664443
4200,-0.3258604783685354
4201,-0.1925557430698829
4202,-0.7483678708705416
4203,0.36080060684622695
4204,-0.11126650937783612
4205,-0.7612923711990116
4206,-0.09291579322478595
4207,-0.9131057067244479
4208,0.608002870542864
4209,0.2123287569329766
4210,0.49268280313080237
4211,0.6810781327239415
4212,-0.8797473922249971
4213,0.11075293429930795
4214,0.3048474277021807
4215,-0.03697179863011379
4216,0.15042048943294808
4217,0.13543768930664257
4218,-0.12909248872108334
4219,0.1478329283432118
4220,0.2695262365954776
4221,-0.03110966066068499
4222,0.1536358522250727
4223,-0.025021226516831724
4224,-0.437714006147491
4225,-0.49315456415094594
4226,-0.1886676281350898
4227,0.25449531172951073
4228,0.18082417764333897
4229,-0.027088257281711256
4230,0.08193355259958032
4231,0.06008413613043412
4232,-0.17543724546356318
4233,0.06761987008621737
4234,1.1906687017519637
4235,-0.24468261310846573
4236,-1.025017506258048
4237,0.26422422932491957
4238,-0.969315101768646
4239,-0.2719937282823889
4240,0.0737532488440697
4241,-1.0375180701440208
4242,-0.29246669185464
4243,0.29140627373770006
4244,-0.5405483590127174
4245,-0.14940979963890214
4246,-0.33384508224117804
4247,-0.15111402611875968
4248,-0.573906184371052
4249,-0.33300829193877696
4250,-0.21799595124288676
4251,-0.12713164814155029
4252,-0.20199261773059315
4253,-0.14367421562709634
4254,-0.18076728200197467
4255,0.07886981071747552
4256,-0.8161422996014426
4257,-0.26404690638998685
4258,0.35839665236537377
4259,0.5454644249801539
4260,0.08238185737467418
4261,-0.948101903809478
4262,-0.3639097278710757
4263,0.06489695935718726
4264,-0.8670368062876292
4265,-0.12830956545430672
4266,-0.04189824130426245
4267,-1.0012057408331414
4268,-0.2808094877606743
4269,0.09165643169182154
4270,-0.9006672173023487
4271,-0.3105909854980697
4272,0.13077240149294078
4273,-0.07471047499942476
4274,-0.05304420727991311
4275,-0.17573179667873925
4276,-0.10237684829559414
4277,-0.32711267175819037
4278,0.01624903880228762
4279,0.12521233780673138
4280,1.207430736806358
4281,-0.1580647130905986
4282,-0.08843310528458456
4283,0.6148793142866764
4284,0.05097665330496603
4285,0.28640977932387907
4286,-0.33293601491313435
4287,-0.5467266150899567
4288,-0.3661167583753717
4289,-0.19109531959793566
4290,-0.07830231914370804
4291,-0.5237127730107123
4292,0.23946923322041513
4293,-0.0961970082190541
4294,-0.2545068749559265
4295,-0.5042702376105797
4296,-0.22801160269764303
4297,-0.12403591407801116
4298,-0.4236887503199596
4299,-0.5053925574751642
4300,0.017466756174274952
4301,-0.10010306778180121
4302,-0.4172627975727274
4303,-0.6427972446949256
4304,-0.13434560318476432
4305,-0.07719487414636124
4306,-0.446314248852357
4307,-0.5265032811347101
4308,-0.1946131011901205
4309,-0.1346415342487814
4310,-0.434528319490837
4311,-0.5032568193000644
4312,-0.1391838966410739
4313,-0.16165355827524677
4314,-0.33543029794534734
4315,-0.5936406487443473
4316,-0.25728526209354036
4317,-0.11415329060657842
4318,-0.3098863427908538
4319,-0.8743757880721617
4320,-0.29737455403645296
4321,-0.1423233137070505
4322,-0.06796385665204296
4323,0.08114473272380393
4324,0.4235344917993309
4325,-0.0735384486816496
4326,-0.048160036564008295
4327,0.17254894616193026
4328,0.10391879381490002
4329,0.23734854473171693
4330,-0.19957534529534016
4331,0.1328874497855282
4332,0.25253377674219596
4333,0.09820970437911566
4334,-0.007124757613300525
4335,0.08722286737773303
4336,-0.1687202677498672
4337,-0.7270387306673954
4338,0.01769701042852087
4339,-0.12817249965362904
4340,-1.358364243396547
4341,0.1422427641674238
4342,-1.0254448052686034
4343,-0.45405372635481994
4344,-0.15299808879981142
4345,-1.066734604210083
4346,-0.42505059495409603
4347,1.7606731770167932
4348,2.0211883995793363
4349,-0.4115518942098515
4350,0.07234970961837116
4351,-1.0571914848349195
4352,0.14411235679676493
4353,-0.6584385901661952
4354,0.2595329647788258
4355,0.11884683353024003
4356,-0.6508149301348716
4357,0.10558709317372328
4358,-1.2783246849269942
4359,0.11781918489352429
4360,-0.7385748216279622
4361,-0.6647058024792558
4362,0.22639930095649252
4363,-0.24486619647679927
4364,-1.2799893796688793
4365,0.056947693718882066
4366,-0.35542018896454886
4367,-0.6501350579768433
4368,0.11025374896908863
4369,-0.46590237245825594
4370,-2.0652635631085334
4371,0.32230679970234904
4372,0.05344205560864684
4373,-0.662469449179905
4374,-0.23906687694635234
4375,-0.9717357329868168
4376,-0.03465795746995471
4377,-0.7317512238262713
4378,0.3941009499062554
4379,-0.916882744235252
4380,-0.39273074040292894
4381,-0.6568760969965497
4382,0.30093397916018366
4383,-0.8081826475348023
4384,-0.2748198920203005
4385,-0.6658648722423252
4386,0.28758849851437923
4387,-1.0916082721340639
4388,-0.24302290771220264
4389,-0.9327392808196968
4390,0.23755803239218573
4391,-0.9972726405781754
4392,-0.15337355505987108
4393,-0.6280959907869462
4394,0.39170065921251945
4395,-1.1606807369692516
4396,-0.014078200484948757
4397,-0.8067706505733742
4398,0.383961821863096
4399,-1.2486490622411397
4400,-0.200126770012907
4401,-0.6296476801717962
4402,0.30672529249861386
4403,-0.9323770356577782
4404,-0.28474493838574433
4405,-0.6856715706770933
4406,-1.2202509541597446
4407,0.06239094569454346
4408,-0.9080470823196845
4409,-0.1626794108383315
4410,-1.074869959089112
4411,-0.350443110174304
4412,-1.1895751479124381
4413,-0.4363194852884962
4414,-0.9595997699038422
4415,0.3255867227064873
4416,-1.9868837701960635
4417,0.12483108455522521
4418,-1.4116812212657546
4419,0.6999835243942782
4420,-0.9349111816665739
4421,-0.3385765293970003
4422,-1.0561672392735073
4423,-0.06527523322260197
4424,0.358950413115749
4425,-0.9993706116623108
4426,-0.951148450708431
4427,-0.5350959406442389
4428,-0.9303951863911095
4429,0.6062801135282504
4430,-0.9715626137480421
4431,-0.5886618594703552
4432,-0.8127837253507828
4433,0.20062219336459483
4434,-0.9248151728486996
4435,-0.2716937195193599
4436,-0.8512287384319387
4437,0.08822245504184849
4438,-0.8067136353611345
4439,-0.5152750736656391
4440,-0.7577316376245459
4441,-0.016911264156067814
4442,-0.9311724902032327
4443,-0.13024604316569624
4444,-0.6976590360467102
4445,0.2808859238911375
4446,-0.8448194749738108
4447,-0.19694418933163635
4448,0.10340274928931183
4449,0.15738696513276246
4450,0.14923586567041996
4451,-0.20378193081599244
4452,0.15251440840415642
4453,-0.02999545302858233
4454,0.3484710074206608
4455,-0.18464076065789986
4456,0.09553863308865297
4457,0.12769818274066386
4458,0.09472136630923539
4459,-0.16304757956625343
4460,0.22132601393208898
4461,-0.19312619176527981
4462,0.028535504500685694
4463,-0.22601165436000648
4464,0.09819626943631606
4465,0.2969838642039901
4466,-0.04546350828028054
4467,-0.17769178334897895
4468,0.10526267824445909
4469,-0.0027177810467568933
4470,-0.0014199579289381284
4471,-0.015667853660054985
4472,0.11681571830798818
4473,0.06208341096762412
4474,-0.03279965171411989
4475,-0.1888375303954815
4476,0.05918220433771631
4477,0.1458983615218436
4478,-0.014441247424566097
4479,0.09641055515060176
4480,0.20371936592883094
4481,-0.05169492410784189
4482,-0.258668345336269
4483,0.13134596529952752
4484,-0.03676081819738631
4485,0.01980163142231512
4486,0.12843599950023424
4487,0.10865134469903019
4488,-0.11606529578838916
4489,-0.20833660654694794
4490,0.11026654367771352
4491,0.0036372757687397907
4492,0.005523464760587902
4493,0.0017409130915443595
4494,0.022655234114634545
4495,0.010377474594685137
4496,-1.3909839052368245
4497,-0.217740311529412
4498,-0.015240316997319876
4499,-0.8415575102196017
4500,0.18034325652085886
4501,-0.07289350423001172
4502,-1.2361359900046411
4503,0.013017512726398763
4504,0.1016585561984696
4505,-1.011159730673354
4506,0.8995825476582066
4507,0.1315556650605023
4508,-0.6646493740777711
4509,0.8958817891361442
4510,0.13076931549802434
4511,-0.9085878476430579
4512,1.6397931794401897
4513,0.09898052895892215
4514,-0.7777799419253824
4515,1.0454723978980522
4516,0.09864624971913497
4517,-0.7844758231655008
4518,1.5432540571272593
4519,0.12755727610079937
4520,-0.8981166356534829
4521,2.0290844980962364
4522,0.1397188257609089
4523,-0.6507209856690401
4524,1.333338503801126
4525,0.05938055730402475
4526,-0.5221904371015147
4527,0.47571165073205846
4528,0.1113757817473488
4529,-0.016161296621687717
4530,-0.46874808002580814
4531,0.4836347323116977
4532,-0.031586552366944985
4533,0.13202259924252013
4534,-0.4747471188444837
4535,0.6347907430302206
4536,0.1822047242586389
4537,0.11592055921500717
4538,-0.6769734910626578
4539,0.611449588765097
4540,0.1550411436151118
4541,-0.11583845879414198
4542,-0.3429452523212976
4543,0.39204028310368
4544,-0.034862459167159486
4545,0.313384978735392
4546,-0.33994380577320915
4547,0.37971910331928244
4548,0.04035403817352468
4549,0.10546102984005482
4550,-0.4660455826003388
4551,0.17528491271171623
4552,0.14043857443186436
4553,0.04079022372722851
4554,-0.7784836457634231
4555,1.3052737789534854
4556,0.096828514730059
4557,-0.6790713054876922
4558,1.2917530251710587
4559,0.21424835414097965
4560,-0.9183793052555623
4561,1.0913142617380984
4562,-0.5349809866855407
4563,0.41869760900719466
4564,-0.054871425712368006
4565,0.5478989621032097
4566,-0.19004033104397336
4567,0.36583238413949243
4568,0.06661805988521265
4569,0.25787678245567053
4570,0.14206586814910618
4571,0.24895862064080984
4572,-0.18061020338714726
4573,0.440886754120774
4574,0.0847340412241267
4575,-0.4827342775590888
4576,-0.2572175344245706
4577,-0.5690610253469881
4578,-0.3200494726890125
4579,-0.4772882449367355
4580,-0.05781861711227436
4581,-0.34729243228283907
4582,0.7561137066257977
4583,1.5726283649618658
4584,0.9182777165694671
4585,0.7320236385792854
4586,0.3271945879659343
4587,-0.4124903401111161
4588,2.329412429367007
4589,0.447973832038393
4590,0.49872239029551585
4591,-0.5665400327853769
4592,2.1797617351332264
4593,0.4576363948236619
4594,0.1432625833665639
4595,-0.7476931426561861
4596,1.966215396828604
4597,0.3901756849315398
4598,0.12426810136063599
4599,-0.5472815895342393
4600,2.147723279184339
4601,0.43825357118864144
4602,0.2552174002326247
4603,-0.7072187537221456
4604,1.8984005435139928
4605,0.4611821418916547
4606,0.14410018803182917
4607,-0.41186888942673994
4608,2.3194659963271076
4609,0.5400012185996401
4610,0.29317595781968364
4611,-0.6319919662737418
4612,2.2403316603193857
4613,0.2491883833833955
4614,0.5481149001511109
4615,-0.5228215277379534
4616,1.9490573549576746
4617,0.44385888679016355
4618,0.5323189051342666
4619,-0.7423982956979165
4620,1.985869722649595
4621,0.45494909871711703
4622,0.10238214075907201
4623,-0.43967665495834257
4624,2.226066294886717
4625,0.4126580289171977
4626,-0.43091274964539306
4627,0.5067164436321453
4628,-0.6966166649609137
4629,0.4087770165482462
4630,-0.6238002110330031
4631,2.03952407340581
4632,0.44682543352033743
4633,-0.5362266149689001
4634,2.262142029695486
4635,0.9021548229842462
4636,-0.6947208418449464
4637,2.171122974929559
4638,0.1196208116991403
4639,0.6571817412132048
4640,-0.6675019054526856
4641,2.1105401122763277
4642,0.33189623356992887
4643,0.1107049133831471
4644,-0.5452904247399372
4645,1.9073495217548417
4646,0.45732579187476563
4647,0.5985005210680732
4648,0.28910483642513374
4649,0.5339980416456581
4650,0.594809394272722
4651,0.23475293509892411
4652,-0.14489338584101816
4653,0.4635401304338785
4654,-0.006522939057440672
4655,0.19955314505184626
4656,-0.27377624313400883
4657,0.3245742018379066
4658,0.256359244488598
4659,0.2512036931754591
4660,0.40668327077845046
4661,-0.6508094969953465
4662,0.9304627154183847
4663,0.3435178192048824
4664,0.2808346777417346
4665,-0.6009629469984726
4666,0.25865122697519516
4667,0.6196833167373291
4668,0.3387688890179951
4669,-0.43200977000504376
4670,1.0123723891619094
4671,0.48390715281673463
4672,0.2871243225904746
4673,-0.34958336390199496
4674,0.24004451097802343
4675,0.6194026999142431
4676,0.21404643113273655
4677,-0.32909563938592384
4678,0.9910895516345313
4679,0.3913247857840194
4680,0.21917957648230776
4681,-0.4022137280197366
4682,0.26273292278916727
4683,0.7008585685710502
4684,0.261490469220623
4685,-0.3439063933503579
4686,0.8759777381582795
4687,0.7328976504033515
4688,0.3178857164907122
4689,-0.4642248837659406
4690,0.9044470038386742
4691,0.3334882363321021
4692,0.39851596925895444
4693,-0.5484875575362259
4694,0.7782040758194275
4695,1.1381703858458327
4696,-0.07994392497011413
4697,0.5058580229702104
4698,0.3953178876187666
4699,0.403091412071217
4700,-0.607995158499344
4701,1.1532298331560584
4702,0.5798252154742171
4703,-0.11402022984955629
4704,-0.5047270382018861
4705,0.8382131512051253
4706,0.346570403610119
4707,0.399202393633212
4708,-0.6015134891246229
4709,0.5029781510396794
4710,0.428253507651603
4711,0.21185131574617477
4712,-0.5701722097609343
4713,0.07630133878514272
4714,0.7475254727568511
4715,0.26465072248423915
4716,-0.5573445176268251
4717,-0.03649618254396239
4718,0.461477267338211
4719,0.26609030585926435
4720,-0.4877436902246062
4721,0.5715279322770359
4722,0.9068677987945515
4723,0.5344533835255045
4724,-0.33835053651917474
4725,0.19530530918462363
4726,0.36223525034405174
4727,0.2007876797854972
4728,-0.4089570059666958
4729,-0.42427260109414894
4730,-0.5103043865264592
4731,-0.1493527920321166
4732,-0.24797781270508906
4733,-0.256483366919922
4734,-0.05361772470338513
4735,-0.5280996674126185
4736,2.015525712138146
4737,-0.9951920886317226
4738,-0.1343644734915211
4739,-0.7849885668615619
4740,2.005648600219324
4741,-0.9902213454275265
4742,-0.04264565516265132
4743,-0.5557730160829604
4744,1.9912153655003737
4745,-0.9172551705136662
4746,-0.16848456631095513
4747,-0.6544901423235544
4748,2.017963743025216
4749,-1.0882467797427267
4750,-0.13554888678041263
4751,-0.2513757571527968
4752,2.0154059610765547
4753,-1.3727459594949474
4754,-0.09000436823733488
4755,-0.2179389381753831
4756,2.0484113578354664
4757,-1.2189097566847469
4758,-0.8611907124474361
4759,1.9864991316733736
4760,-1.4298467414520895
4761,-0.13761557138645075
4762,0.1367265811525527
4763,-1.4095859665257588
4764,-0.14655098754100573
4765,-0.8007962221852174
4766,2.07298666971108
4767,-0.9125840483719216
4768,0.003402509767535973
4769,-0.8122966439053899
4770,1.999101889668945
4771,-1.0339956425927013
4772,-0.10105891383377512
4773,-0.3201686373493353
4774,2.0257830525729683
4775,-0.1529290441391132
4776,-1.0473556965474442
4777,2.045170269639648
4778,-0.20243370117772033
4779,-0.9051431999360574
4780,2.1392106566801825
4781,-0.05066689589123586
4782,-0.16630544531479627
4783,2.005198455078345
4784,-0.458391073867367
4785,0.39418542403240425
4786,0.27047667008888376
4787,-0.11508836558150896
4788,0.4306722756085451
4789,0.27145212492043647
4790,-0.23658683081691592
4791,0.8084488251953537
4792,0.5575447551928238
4793,-0.23026334691415729
4794,0.4254737455589261
4795,0.1054964873923254
4796,-0.39865345736190455
4797,0.41132420650506485
4798,0.24644083303977185
4799,-0.3089773487957138
4800,0.8094886815706464
4801,0.1361111721526704
4802,-0.1465862812609502
4803,0.38638180774330516
4804,0.5913992397567496
4805,-0.399110494207623
4806,-0.5459004404222838
4807,0.007599853689183167
4808,-0.31793018160359876
4809,-0.36196080134408276
4810,-0.09253471932205967
4811,-0.20650877494510267
4812,-0.21370076492068385
4813,-0.2037834165283039
4814,-0.3252726374793876
4815,-0.08728974421305236
4816,-0.2682926768358397
4817,-0.08325171580021548
4818,-0.08255034357460968
4819,-0.071363496097311
4820,-0.49853761698165105
4821,-0.24525548477739692
4822,-0.2629736255636007
4823,-0.15551706119787692
4824,0.22803767357013272
4825,-0.7366102576821754
4826,-0.15125830596022075
4827,-0.21447171987283986
4828,-0.20240185302006594
4829,-0.12894259654966944
4830,-0.46455625111047844
4831,-0.30618412707105264
4832,-0.16095650677378248
4833,-0.2101707264167637
4834,-0.2669989018684902
4835,-0.21611659694925303
4836,-0.3117095941954715
4837,-0.2796774655697691
4838,-0.16162225280263276
4839,-0.8797252546488901
4840,-0.11225292796390982
4841,-0.46172667443509274
4842,-0.046809816264665655
4843,-0.15538442468973726
4844,-0.12184357941386453
4845,-0.7006191313262432
4846,-0.06714079180385674
4847,-0.1505199097388152
4848,-0.09274864154275238
4849,-0.8937990074666916
4850,-0.16702695637076853
4851,0.04489667090937238
4852,0.4425620218194764
4853,0.07419533911346131
4854,0.3185893768275182
4855,0.059595220093731124
4856,0.18478486160160779
4857,-1.003718297440889
4858,0.5025976198743862
4859,0.1717247990369593
4860,0.21317652616940397
4861,0.7560925229385559
4862,-0.07736154106383203
4863,0.32516512405809334
4864,-0.04983381877384476
4865,0.14721784629184034
4866,0.19113407438221783
4867,0.24258661125201403
4868,-0.4231473599767335
4869,-0.569479295377429
4870,-0.3011721272475753
4871,-0.19285376224029305
4872,-0.2838391861043025
4873,-0.43826157319735193
4874,-0.2712693748541974
4875,-0.44168315559224214
4876,-0.38537345126010936
4877,-0.06449052425529027
4878,-0.3885600319423704
4879,-1.2387051009418435
4880,-0.3013129703995996
4881,-0.009612832735969211
4882,-0.4493209288611456
4883,-0.6148880999403981
4884,-0.26098294782359105
4885,-0.0042814747772143965
4886,0.06266251746861023
4887,-1.6065433113387166
4888,-0.38626487382151986
4889,0.09834725714182786
4890,-0.42572635417844346
4891,-0.48716559384196667
4892,-0.392654587442527
4893,-0.10290736599411285
4894,-0.3874610265250579
4895,-0.5663302138619296
4896,-0.30077209675563893
4897,-0.10483369003455065
4898,-0.3041024187400746
4899,-0.41489683405053507
4900,-0.20248934282317874
4901,-0.10575931383545883
4902,0.07457825239373267
4903,-0.7348965996806389
4904,0.09830014523554606
4905,-0.7725402451404748
4906,0.06596699530680893
4907,-0.884332020259891
4908,-0.8112502636927025
4909,-1.0113579795729457
4910,-0.47711493577820424
4911,-0.7247628181464375
4912,-0.9702377455563592
4913,-0.1848298750559962
4914,-0.6894749250724803
4915,-1.0705128432860982
4916,-0.4481357467016718
4917,-0.7474045303821965
4918,-1.1999804141989863
4919,-0.5416548934282537
4920,-0.6661997054063171
4921,0.509723121702397
4922,-1.4091263391886988
4923,-0.029540891530847123
4924,-0.8883621794698237
4925,0.23229503628341788
4926,-1.0416538177066195
4927,0.12238455595242005
4928,-0.8450243725940366
4929,0.22301524444964782
4930,-0.8563903332530443
4931,0.01778639843732771
4932,-0.8249010703636935
4933,0.17259592490820358
4934,-1.0547829199200467
4935,0.24388493019911786
4936,-0.552070296020686
4937,0.3475599867824098
4938,-0.8326370807294218
4939,-0.16661000471909307
4940,-0.6692578137602345
4941,0.30260145457811954
4942,-1.0182669901150003
4943,-0.24792812925673186
4944,-0.633785522407032
4945,0.344188516652881
4946,-0.4830189386580696
4947,-0.6177493793206983
4948,-0.25432792824292294
4949,-0.26204030680473045
4950,-0.15259124343539146
4951,-0.32578001450634625
4952,-0.5173868723945
4953,-0.11722019790257773
4954,-0.41123032772262874
4955,-0.5987362295947345
4956,-0.303306385267547
4957,-0.02939192218298791
4958,0.010394009724747357
4959,0.0695526264833562
4960,-0.05522721155686598
4961,-0.12998584729969082
4962,-0.05343799576648205
4963,-0.20471485722118613
4964,0.05784650474839386
4965,-0.022601582721294967
4966,-0.23471830622086842
4967,0.09604197461385724
4968,0.11029894017592386
4969,-0.057905800000470735
4970,-0.17648806793057173
4971,0.05617120218659774
4972,0.047320136843405025
4973,0.014893869997761898
4974,0.11828857161850517
4975,-0.6821519223474137
4976,0.10347846125430978
4977,-1.17935283917903
4978,1.343735796650986
4979,0.10665736243722501
4980,-1.0093094078346234
4981,1.0926316887508698
4982,0.1304059751693753
4983,-1.0493227671625864
4984,0.7665703783384157
4985,0.11423856302669329
4986,-0.9588141128638202
4987,1.042280983440098
4988,0.3442059433904488
4989,-0.8952842557598901
4990,1.3264638793079382
4991,0.13227214917422678
4992,-0.7878449563725028
4993,1.4366807112598656
4994,0.11549610811009829
4995,0.1063205033278484
4996,-0.8003184230321294
4997,0.7535938974344644
4998,0.13785603702045618
4999,-0.8283176827187991
5000,0.8959951494334378
5001,0.5947801907502389
5002,-1.0117454208159378
5003,0.8659798492268854
5004,0.35899256797557333
5005,-0.8649301204923435
5006,0.7963634312228771
5007,0.1157570920952477
5008,-0.9092124887365115
5009,1.127646183575866
5010,0.10597690721716489
5011,0.06880505090774325
5012,-0.8001916756492047
5013,0.9444592632463067
5014,0.13733728123726047
5015,-0.8322676923981382
5016,1.425175828298271
5017,-1.120391636232148
5018,-0.28856363126836304
5019,-0.30462330656193837
5020,-1.3784430368511977
5021,-0.5814473008761527
5022,-0.2216974304558623
5023,-1.1919590559067494
5024,-0.8017463363775916
5025,-0.4864024704010871
5026,-1.1588549454769708
5027,-0.27673366205693595
5028,-0.39155541441780867
5029,-1.558085749105722
5030,0.4739349558423875
5031,-0.4027513662783881
5032,-0.16280559656622853
5033,-0.0495898738124544
5034,2.2023751537704785
5035,-0.9800337352200745
5036,0.7063267639969733
5037,-0.7356250760262087
5038,2.1276584385395214
5039,0.5234360665258536
5040,0.3558550184721074
5041,-0.7039540878791081
5042,2.316805646950607
5043,0.38751973421708796
5044,0.7803878657018571
5045,-0.6197469558651528
5046,2.187833664056153
5047,0.5132158364716981
5048,0.5304286153525378
5049,-0.17919909013801275
5050,1.9617138191661343
5051,0.3998215606601165
5052,0.42087814189396033
5053,-0.5588876825228962
5054,1.9480893651331308
5055,0.3885161587405003
5056,0.4135601728495989
5057,-0.7144310678241319
5058,2.154850057152879
5059,0.44574255783135547
5060,0.6044824028157854
5061,-0.5605608989182004
5062,1.9510973357771388
5063,0.42913996200907906
5064,0.26367720590323973
5065,-0.6443083684501699
5066,0.5265819008617294
5067,-0.03423192008702989
5068,0.5490959128651826
5069,-0.31089864468742984
5070,0.3217754310882223
5071,-0.9745636805290104
5072,-0.31951498377971715
5073,-0.23766345043713735
5074,-0.11886354470211857
5075,-1.0273195032153357
5076,-0.2600518948532504
5077,-0.1915415660650011
5078,-0.14074396503243058
5079,-0.8453173401119467
5080,-0.17325631845252476
5081,-0.23163904884362085
5082,-0.15976277176756046
5083,0.3016922311634928
5084,-0.40703788336437696
5085,0.3669143790817437
5086,-1.4386334969535366
5087,0.38797471451395765
5088,-0.7630762280584513
5089,0.40166112258990905
5090,-1.1659910618266027
5091,0.3923050611058034
5092,-0.30767960580325987
5093,0.27806715902452506
5094,-0.8934079798890513
5095,0.31169833669555086
5096,-1.1823938433212753
5097,0.22469013856545453
5098,0.20286208219101845
5099,0.6628020986401549
5100,0.23920742976699585
5101,-0.32959781182795866
5102,0.2857451231314754
5103,1.041283090348733
5104,0.36968796958715244
5105,-0.3443811346104133
5106,0.30915136799183623
5107,0.6089391035592399
5108,0.6291047755557739
5109,-0.28337871408590826
5110,-0.2156884341078317
5111,-0.5469935090820813
5112,2.091967276425745
5113,-1.08427655180822
5114,-0.016040874996816334
5115,1.5182334823434498
5116,0.6559642515851408
5117,-0.6144225684894729
5118,2.0248343495531467
5119,-1.213674071347884
5120,-0.5480797687249745
5121,-0.5875025507251107
5122,2.061063495223719
5123,-1.299264652896149
5124,-0.39195657154101926
5125,-0.23988830232636535
5126,1.997761977319295
5127,-1.100021607402543
5128,-0.04263152795269869
5129,-0.42296952834212986
5130,2.0520415973045143
5131,-0.9497484334204961
5132,0.029698559190302783
5133,-0.08524965353840909
5134,-0.6973229478049471
5135,1.7623947057844114
5136,-1.4206313544100373
5137,-0.10777401591268199
5138,-0.5627043547508405
5139,1.9841426792576151
5140,-1.4248640350465211
5141,-0.2565009593108234
5142,-0.9080303078322212
5143,2.0854513831492696
5144,-1.3346860745754037
5145,-0.36749970879584803
5146,-0.5249634811428293
5147,2.0201134933241236
5148,-0.914596483568845
5149,-0.3983704360793482
5150,-0.12417345631899204
5151,-0.15611198559011433
5152,-0.32204450345579066
5153,-0.2966709283989032
5154,-1.060781518447569
5155,0.2965710660420331
5156,-0.18572184694575067
5157,-0.39590938893924765
5158,-0.08369107367800631
5159,0.3705094141558811
5160,-0.348889737998146
5161,-0.21237772736867536
5162,-0.2953319666444821
5163,0.37822279461804886
5164,-0.677243318970405
5165,-0.043770097776537016
5166,-0.7751498319665792
5167,0.33826174091709177
5168,-0.07521593059744389
5169,-0.04146750821780147
5170,-0.6170683685376651
5171,0.5391554138034416
5172,-0.36204651528381515
5173,-0.23435267308545926
5174,-0.27980803810673116
5175,0.6421036063146914
5176,-0.03181344677949005
5177,0.090397917563632
5178,-0.15665820559711402
5179,-0.2398553811666687
5180,-0.7107135421349208
5181,0.7069538365615597
5182,0.344570352414546
5183,-0.11481908852037409
5184,0.3892891498118316
5185,0.19071568280530268
5186,-0.19884459107741673
5187,0.4417770250064038
5188,0.5179068077112035
5189,0.024019086679670107
5190,0.8554413965781463
5191,-0.3271148645505976
5192,-0.07358568786714006
5193,0.13728593989700472
5194,0.7150085120104391
5195,-0.7021379085265939
5196,0.3349312602227472
5197,-1.2992084798482018
5198,0.045482206133624595
5199,0.6570071145648431
5200,-0.7938845871016259
5201,0.41307253910167735
5202,0.31903200279053207
5203,-0.7870224552680033
5204,0.5372602112349995
5205,0.008538143880579822
5206,-0.7961379338140978
5207,-0.08746425498058466
5208,-0.7573143141684354
5209,0.6447357961056476
5210,-0.27347232203702004
5211,-0.8609359918370624
5212,0.6741024611492682
5213,0.11985764819365415
5214,-0.7913670426528053
5215,0.3942835347949014
5216,-0.9934766919244626
5217,0.5083673835274168
5218,0.6166150172458473
5219,-0.40799885174583245
5220,-0.8885143209250582
5221,0.08941445213252015
5222,0.2518074248509982
5223,-0.10473724150804281
5224,0.24706978970055424
5225,0.09885448445804337
5226,-0.23144596323375902
5227,0.379887881193858
5228,0.03037557308596205
5229,-0.14460519275051092
5230,0.08239744117820932
5231,0.19448520514971454
5232,-0.05597895023412808
5233,0.07012830385108913
5234,0.1665675646382142
5235,-0.21397076548695662
5236,0.09699761876633844
5237,0.3378546271703355
5238,-0.22002695005987016
5239,0.06548970640819844
5240,0.21452421146313647
5241,-0.20008459973986453
5242,0.09985346694251963
5243,-0.2465977596748195
5244,0.15177045203000097
5245,-1.139657393591717
5246,-0.29358118566728086
5247,0.08343732527211285
5248,-0.7942921640370343
5249,-0.2870281557480105
5250,-0.1502196838691377
5251,-0.25067286825254564
5252,-0.24498492287447912
5253,-0.2996006903975803
5254,0.14323518224107676
5255,-0.2722287035215689
5256,-0.3640350989335764
5257,0.23103911270304572
5258,-0.9203623388521918
5259,-0.3087225034256986
5260,0.22315683305550202
5261,-0.8170811104910729
5262,-0.3164650317566883
5263,-0.30542696508049677
5264,0.05216292058016633
5265,-0.7868982378733093
5266,-0.332753801896682
5267,0.09753446290102791
5268,-0.3948292230756867
5269,-0.28816802247011997
5270,0.09234134471963054
5271,-0.8214864158601376
5272,-0.35032708224256914
5273,0.019703757446099028
5274,-0.09039557567922989
5275,0.4380320379896651
5276,-0.13112023296523348
5277,-0.03303407330179703
5278,0.20982049452907955
5279,1.0633305186641242
5280,-0.02138823302062636
5281,1.0427154308237256
5282,-0.4035999265491916
5283,-0.5243578514390778
5284,-0.2990286056372206
5285,-0.06281174647984454
5286,-0.34654724474795295
5287,-0.5968301621100591
5288,-0.1541759475547292
5289,-0.13153340897973395
5290,-0.45505662482465853
5291,-0.8768522056201252
5292,0.1172481404454226
5293,-0.4338939572307715
5294,-0.4517562253599663
5295,-0.682192818692251
5296,-0.4127966253991591
5297,-0.13062210650940234
5298,-0.3414301396435063
5299,-0.5860276026936408
5300,-0.19968065172677116
5301,-0.12235175435449007
5302,-0.4205600507511827
5303,-0.5439723950216327
5304,-0.011311242439911728
5305,-0.05917005873380856
5306,-0.21133341256179516
5307,0.11490657189927203
5308,0.11772170370436562
5309,0.05750118601371108
5310,-0.22329402391307432
5311,0.12995259422350938
5312,0.15729376372245232
5313,-0.09701950746639902
5314,-0.16393982998197904
5315,0.0866789719243531
5316,0.1460798242000472
5317,-0.08118022701525943
5318,-0.5210516626242271
5319,-0.501289516943747
5320,-0.35334096250762825
5321,-0.1265803584874568
5322,-0.42190984914199703
5323,-0.7263103823871202
5324,-0.4211115113676518
5325,-0.12850791558531258
5326,-0.41946420358899006
5327,-0.5950964171473331
5328,-0.39771578742855584
5329,-0.07504271732756022
5330,-0.23555534059425318
5331,0.07012868210987863
5332,0.1426190172448445
5333,-0.040281379266235935
5334,-0.35008916598163936
5335,0.09982516989127926
5336,0.138047045214902
5337,-0.17451426897737443
5338,0.08758729432742784
5339,-0.4664339878120871
5340,0.34498337665096024
5341,-0.8871240238087967
5342,0.09396293599094764
5343,-0.7727914422960169
5344,0.08618930461070996
5345,-0.867172059472094
5346,0.13188782415571124
5347,-0.6196590782193316
5348,-0.1883476987478164
5349,-0.282298927350593
5350,-0.8297834465398681
5351,0.13359068033991695
5352,-0.36017372871592934
5353,-0.5934600232211703
5354,0.7554118608918997
5355,-0.25360407486085434
5356,-1.3213621462173795
5357,-0.034320821648366584
5358,-0.2962383501994765
5359,-1.0262555673836613
5360,0.005132306098482603
5361,-0.8464605621521537
5362,0.22396709932070905
5363,-0.6639715770655149
5364,0.3010892873729502
5365,-0.9468741231804038
5366,-0.19740354142331892
5367,-0.5939219463053033
5368,0.265374822622007
5369,-0.8354881897332669
5370,-0.11094016471308096
5371,-0.9776767730453736
5372,0.2725859098278054
5373,-1.1676478040512057
5374,0.010619945985788783
5375,-0.40799115493883525
5376,-0.9492541753042454
5377,-0.2864686263489135
5378,-0.6777757506192569
5379,0.5959205430557484
5380,-1.1176007968613115
5381,-0.27669473015297297
5382,-0.9460553955287354
5383,-0.18689376611458422
5384,-1.5631576924981117
5385,-0.17058589685088407
5386,-1.1198157631126215
5387,0.4248860544175772
5388,-1.5378450198806732
5389,-0.33623350076755826
5390,0.4735932084791444
5391,-1.59318768080618
5392,-0.09546573112247572
5393,-1.2734520694720766
5394,-0.004445969040809024
5395,-1.1729987366619372
5396,-0.24606905584568037
5397,-1.0913699991893249
5398,-0.31807881907832164
5399,-1.118228162334195
5400,-0.22814291835214184
5401,-1.125810661163999
5402,0.40080613535082693
5403,-1.061895733198555
5404,-0.28333327990078944
5405,-0.8579672799539994
5406,0.2112811712798884
5407,-1.017743342462308
5408,-0.6874892788023125
5409,-0.7114815184117758
5410,0.21759092684335699
5411,-1.1010384093902166
5412,-0.24087875272914425
5413,-0.8239394707624412
5414,0.19294080202542735
5415,-0.9413156179266713
5416,-0.18570595334172624
5417,-0.859336259283428
5418,0.38974326551197924
5419,-1.020088878452532
5420,-0.28602790702683034
5421,0.14563043381943322
5422,-0.19351580682832187
5423,0.2707287076986392
5424,0.010173688775403965
5425,0.03232158657514809
5426,-0.20391912684750946
5427,0.12447806518386759
5428,0.18078770620496934
5429,-0.06139255740150878
5430,-0.2622409264920683
5431,0.10837493585085477
5432,0.13414838105931146
5433,0.03197578315539992
5434,-0.21986652114886146
5435,0.11572132485316348
5436,-0.020499267211424827
5437,-0.293138434505986
5438,0.08615457370628904
5439,0.38451022465495616
5440,0.07792474166532821
5441,-0.23103225297467236
5442,0.11690155055932529
5443,-0.037925183899541116
5444,0.21987771554067007
5445,-0.19746751591946665
5446,0.3751052300736633
5447,0.10459158644199347
5448,0.04372003922917578
5449,-0.42723890984672896
5450,0.1300106152852465
5451,0.06845725317772133
5452,-0.07793370680592618
5453,-0.13361288999871754
5454,0.10605281367989448
5455,0.2007931212552994
5456,-0.0366536498045817
5457,-0.11826810792546771
5458,0.061487997112969
5459,0.1584087112637882
5460,-0.14168074040631193
5461,-0.16714165954846
5462,0.14756802578090467
5463,0.11062689205347631
5464,0.007216275272246983
5465,-0.1885100215935824
5466,0.05461792893711767
5467,0.13953488555532514
5468,0.03411088842744529
5469,-0.14924099422843817
5470,0.09889602798639588
5471,0.41284817668740054
5472,-0.06193356016184129
5473,-0.18238505961433898
5474,0.1324510795636811
5475,0.11166442127562734
5476,0.19043957151292065
5477,0.12070190235819
5478,-0.7287389674278453
5479,0.9382589775992157
5480,0.11907687068129752
5481,-0.914588107392359
5482,0.928666201121844
5483,0.14758202346596555
5484,-0.6944795917201066
5485,1.2335893094367194
5486,0.14949738895254638
5487,-0.8006645984846321
5488,0.7063835258846335
5489,0.11217762771521865
5490,-0.9275052736174005
5491,0.8054180021472911
5492,0.12497214238746317
5493,-0.9026969628935413
5494,1.7815054464238416
5495,0.1485289899374868
5496,-0.7160711732891467
5497,1.1621490692139609
5498,-0.2500592893058809
5499,-0.6822817883358131
5500,0.42060362440722054
5501,0.04456623549075263
5502,0.09593955637328237
5503,-0.3685710931773995
5504,0.48077252781895374
5505,0.07945523368670553
5506,0.3624998896604047
5507,-0.32512324921565783
5508,0.4809510516448335
5509,0.13761103413726491
5510,0.09634477609894762
5511,-0.42594864837464014
5512,0.5328438569781568
5513,0.24078210692294727
5514,0.27679044792872914
5515,-0.4877932860237312
5516,0.5181679138313064
5517,0.1249774480061783
5518,0.25235947476718207
5519,-0.6097300084416853
5520,0.728394544839796
5521,0.003388284009506553
5522,0.031024303105305222
5523,-0.6992615826631171
5524,0.6093099627865731
5525,0.3431012069200416
5526,0.1588844914435477
5527,-0.746405546851802
5528,0.9680794659800139
5529,0.12496065215559578
5530,-0.8199561037596104
5531,1.4149631890836416
5532,0.05120709913705901
5533,-0.6582172233514223
5534,0.8774779640081575
5535,-0.026100220984983605
5536,0.5863552289220153
5537,-0.06637338054337773
5538,-0.09871440141460697
5539,-0.1125934503566915
5540,0.5172917097165789
5541,0.21152031027003362
5542,0.04701463623209581
5543,0.3532316063256718
5544,-0.24917645634745442
5545,0.22958615074040276
5546,0.401027593746915
5547,0.4803857245905657
5548,-0.3141963138891286
5549,-0.2745349965458061
5550,0.6931113730858951
5551,0.6379050230215549
5552,0.3637733801484113
5553,-0.4721408332563973
5554,2.169736051948237
5555,0.36244506205164156
5556,0.3691303508645934
5557,-0.3780453993918666
5558,2.257665469361623
5559,0.3720145466987694
5560,0.3449036291786806
5561,-0.5880485106580795
5562,1.893094243848828
5563,0.40294064434886995
5564,0.12604265139569673
5565,-0.7203123324778805
5566,1.5312329728713359
5567,0.4015887687224656
5568,0.7706142074023542
5569,-0.6318545343501966
5570,2.2167659180150934
5571,0.48927866256647395
5572,0.3673486787214848
5573,-0.7460221199042665
5574,2.3458826210418535
5575,0.4676129991068247
5576,0.6416288343941617
5577,-0.7577962900038558
5578,2.184568985985055
5579,0.3356562855712539
5580,0.7867673287614168
5581,-0.5752724312619085
5582,2.217484281633346
5583,0.2680911080150629
5584,0.7748170290318473
5585,-0.807929131542155
5586,1.923622767536701
5587,0.4313423461914303
5588,0.7511437120206815
5589,-0.6059908122886765
5590,2.227608413477063
5591,0.4171460417284061
5592,0.7571316811502762
5593,-0.6464555210070758
5594,2.1982269484944696
5595,0.4109739163937326
5596,0.8527586583887647
5597,-0.399563611804438
5598,2.2294077565241026
5599,0.5102809328766822
5600,0.09479656473568232
5601,-0.6815790628311027
5602,2.132760501141098
5603,0.3643108395813995
5604,0.36145880840650446
5605,-0.3958266805223428
5606,0.09781788035133207
5607,-0.546810321553856
5608,2.1835261860965143
5609,0.3756965579708995
5610,0.44364999957855716
5611,-0.47182605941678
5612,2.1758166560718495
5613,0.45865317071240014
5614,0.3824160556274926
5615,-0.40405739514477446
5616,2.27965090425103
5617,0.5112172267275462
5618,0.5655579226635602
5619,0.07483377809432017
5620,0.5935049703128824
5621,0.1868409563587724
5622,-0.03947682204059482
5623,0.4055147215726644
5624,-0.22816721440299917
5625,0.4673874168987738
5626,0.17323581082400089
5627,0.4202138865566268
5628,0.33525670842110517
5629,-0.48733992603928905
5630,0.9784942311763483
5631,0.3999768510808938
5632,0.31798172969600585
5633,-0.3670221380122799
5634,1.0683004616918783
5635,0.9405654915584198
5636,0.35047309658825004
5637,-0.2900809417105666
5638,0.3638890563838293
5639,1.0557311083323735
5640,0.2927799914734376
5641,-0.3994290412220586
5642,0.3622063295929805
5643,0.4375880070802623
5644,0.19357487742306773
5645,-0.4971910440934507
5646,1.0053401765846182
5647,0.3551950050021202
5648,0.29444395372746945
5649,-0.43602170482447916
5650,0.21172021371402047
5651,0.5482619108279984
5652,0.533926956421615
5653,-0.46652792035926555
5654,0.939328344508093
5655,1.3411457743192479
5656,0.32309845481169736
5657,-0.27071400942425355
5658,0.33788002847300846
5659,0.8031049430596164
5660,0.47083696031942257
5661,-0.38034898932571026
5662,0.303552453176334
5663,1.1159756414006832
5664,0.2845007519659456
5665,-0.4863836413155717
5666,0.8631445841830221
5667,0.24378154217745213
5668,-0.5670149317656336
5669,0.3020946613296882
5670,0.8093409830726505
5671,0.32060768674549234
5672,-0.5444973722887921
5673,0.34242660875349806
5674,0.6444217496093033
5675,0.35773808147438435
5676,-0.5847173625082152
5677,0.8126045811823069
5678,0.44552924322640197
5679,0.5151583987950252
5680,-0.6878452506923256
5681,-0.20437703817889408
5682,-0.6615917091956738
5683,1.9850244560078842
5684,-1.346181874217388
5685,-0.12372720790454318
5686,-0.6480869226940554
5687,1.9687326365799844
5688,-1.3245201233549577
5689,-0.3806107083191811
5690,-0.7024606146108817
5691,2.0945087221202296
5692,-1.021580891733379
5693,-0.2113873493647822
5694,-1.083166064083914
5695,1.8828818401777325
5696,-1.318254084458887
5697,-0.09584897990932748
5698,-0.32819813790883456
5699,2.013217998787821
5700,-1.3442289113580899
5701,-0.34803256206410216
5702,2.079276977352232
5703,-0.9628803236383129
5704,-0.49326292818393
5705,0.18769592584045675
5706,-0.21099652097935157
5707,-0.259381275217487
5708,-0.6860140037368813
5709,2.0253686604181564
5710,-1.352844748748715
5711,-0.11233559185830323
5712,-0.35558104473631663
5713,1.861348751172488
5714,-1.0525496836521773
5715,-0.28840703192131695
5716,2.1740719640471653
5717,0.2788829257609202
5718,-0.2985822278452731
5719,-0.6615917091956738
5720,2.0778033289455107
5721,-1.315915546517093
5722,0.2924295784117558
5723,-1.0308160309347343
5724,2.092435784851225
5725,-0.9632442584890767
5726,-0.14186189315358888
5727,-0.7660690814138884
5728,2.137309084408884
5729,-0.864669087750029
5730,-0.09728460780496008
5731,-0.9717863268248346
5732,2.0162919171944407
5733,-1.013521743762751
5734,-0.4079798253074194
5735,-0.5486835422414342
5736,2.0332430588462356
5737,-1.2611643980378984
5738,-0.08403057964738146
5739,-1.0610039370528188
5740,1.9416466335018385
5741,-1.0609125480827362
5742,-0.24807158063914966
5743,0.44267764323014097
5744,0.3538540687373532
5745,-0.179738443091053
5746,0.4218648604749887
5747,0.44541630191811593
5748,0.41076923722174336
5749,-0.21727754573167457
5750,0.33281139648234337
5751,0.66761202543824
5752,-0.29596963400865167
5753,0.46020601227865027
5754,0.638367774260296
5755,-0.22031891619694824
5756,0.4010238279629454
5757,0.24116287449794938
5758,-0.1578526801241613
5759,0.4004705230704046
5760,0.29383475502464057
5761,-0.4786694944616989
5762,-0.15407983271400744
5763,-0.2110906530147758
5764,-0.29573201712147124
5765,-0.27128025803660955
5766,-0.15912866053185062
5767,-0.2781622210565403
5768,-0.004829644189409717
5769,-0.25064405679909074
5770,-0.1557438284709083
5771,-0.2033781941802351
5772,-0.0474249463979561
5773,-0.15587291001561762
5774,-0.41997217296497186
5775,0.001678110651940451
5776,-0.24936035788104594
5777,-0.13660136352589036
5778,-0.21121717193450837
5779,-0.25799135334232665
5780,-0.17669755408352464
5781,-0.2982002274030813
5782,-0.28907921824848026
5783,-0.1656937663154773
5784,-0.08702547869430852
5785,-0.08456113088396494
5786,-0.3007322429054092
5787,-0.1437955713869662
5788,-0.24547645431932683
5789,-0.154618627339419
5790,-0.2394761035079711
5791,-0.4719174279875518
5792,-0.1825607743794663
5793,-0.1671601457643115
5794,-0.12472736996004967
5795,-0.17615124412798489
5796,-0.16209281238742748
5797,-0.21088329768189512
5798,-0.013442442061304119
5799,0.26569371305833944
5800,0.10232549015716162
5801,-1.0776652811757814
5802,0.3810494790879093
5803,0.056727794330929344
5804,-0.992041795368746
5805,0.3641510396912626
5806,0.16610887390914278
5807,0.030647812113176808
5808,-1.0106766354366428
5809,0.21135787043992876
5810,0.45415873917372424
5811,0.3874898249235195
5812,-0.42778796416914044
5813,-0.7578406598565441
5814,-0.37242600578125
5815,-0.12689283931772968
5816,-0.3317995639965727
5817,-0.6352011134291896
5818,-0.2751427845207643
5819,-0.04312323145687675
5820,-0.35297029319247997
5821,-0.5929246120263104
5822,-0.28247219388491474
5823,-0.11320326840432471
5824,-0.421440474642874
5825,-0.5915382196677965
5826,0.18912164582755703
5827,-0.04898174546279529
5828,-0.37296590466881574
5829,-0.29146948233822123
5830,-0.2155028925787741
5831,-0.32685936718054354
5832,-0.44808204083836406
5833,-0.3571849584043039
5834,-0.1989910313380965
5835,-0.07660624418728887
5836,-0.5081475793571603
5837,-0.27159171221151635
5838,-0.33570211549861884
5839,0.13226730151331653
5840,-1.0029130211311823
5841,0.1094046497965525
5842,-0.8411008111811307
5843,0.09967212718779885
5844,-0.7321663106629586
5845,0.05914802107363228
5846,-0.8905924445971493
5847,0.240616620465883
5848,-0.47146990563432734
5849,-0.45963868739099
5850,-0.9654856195376582
5851,-1.021327799591095
5852,-0.5614730589542595
5853,-0.5678010863582021
5854,-1.1106293392191866
5855,-0.023084870187775094
5856,-0.6275375387246008
5857,-0.9952295450882223
5858,-0.791888618831806
5859,-0.6151301255834898
5860,0.3281812182741668
5861,-0.9041620402626676
5862,-0.6036839740756343
5863,-0.9397027303354863
5864,0.427298140904878
5865,-1.2196498191565448
5866,-0.1100867780192999
5867,-0.827556268234649
5868,0.2208572291472298
5869,-1.070745623857449
5870,-0.057563172457015255
5871,-0.7051465653793138
5872,0.1640008564578038
5873,-1.4085211274611622
5874,-0.3266996889811783
5875,-0.8175228524173865
5876,0.3286335568070637
5877,-1.1238876929661115
5878,-0.20437696812206937
5879,-0.9323345137042467
5880,0.1853920139446654
5881,-1.0365223057308925
5882,-0.3223150026120515
5883,-0.698922323502733
5884,0.31056656552068057
5885,-0.8461537418112102
5886,-0.04799401512394594
5887,-1.0829866477653691
5888,0.2354257642715387
5889,-1.16483951074605
5890,-0.28284463084842393
5891,-0.6730748860705282
5892,0.3007819534813003
5893,-0.1084219905858694
5894,-0.01770330769851062
5895,-0.04292554971025127
5896,-0.4182104869600107
5897,-1.045474542054708
5898,-0.3328622326314289
5899,-0.09801250658013379
5900,-0.4213036439417417
5901,-0.5930980917569098
5902,-0.20407434176324674
5903,-0.13133636812346514
5904,-0.1064369304155019
5905,-0.576892493685969
5906,-0.4642734278965632
5907,-0.8064810804886512
5908,-0.25010392226803213
5909,-0.08444557460431092
5910,-0.18240167288050285
5911,0.08386546685637593
5912,0.189816003816286
5913,0.039355792962457906
5914,-0.155981680649493
5915,0.06293075067399216
5916,0.25803629648985565
5917,-0.13508517687584723
5918,-0.18646947257864743
5919,0.15351386675354511
5920,0.10019763510708174
5921,-0.09093583139086345
5922,-0.1866028059119808
5923,0.08101609407371034
5924,0.30806048838027705
5925,-0.07011456793165184
5926,-0.2084857410389721
5927,0.14468195635536052
5928,0.08631306861171902
5929,0.13833641606300423
5930,-0.9228721219497071
5931,0.1282396013558484
5932,-0.9155660157560516
5933,1.124823143678219
5934,0.09486656015727525
5935,-0.8062351232329901
5936,1.1512241454926062
5937,0.14843016817530422
5938,-0.814286314280498
5939,1.5369614453675604
5940,0.13246734214141234
5941,-0.1237415465134112
5942,0.1863415260545417
5943,-1.126031450758193
5944,1.4663516209925436
5945,0.2870902025698579
5946,-1.1068258638924142
5947,1.5449448717729133
5948,0.3532350221753042
5949,-0.8550122972013352
5950,1.0653803355658378
5951,0.38446050837366486
5952,-1.0486851358197542
5953,1.654302649733198
5954,0.026908491994251483
5955,-0.8833454964294766
5956,1.1961794343251417
5957,0.08120606354482482
5958,-1.0064311400187875
5959,0.8311274560125672
5960,0.10940764593822895
5961,-1.0428937385887378
5962,0.13335854391851243
5963,-0.9121391050192228
5964,0.8671943034017092
5965,0.5324378282932096
5966,-0.9149738948144611
5967,1.7461067263684795
5968,0.10363208185321322
5969,-0.8302912763463947
5970,0.9814946169207951
5971,0.8550134603528492
5972,-0.8871400205767541
5973,0.9789300965597942
5974,0.11726185069357858
5975,-0.6882482457782879
5976,0.9899042266621256
5977,0.13188325171064244
5978,-0.8850810602166576
5979,1.150051101133611
5980,-0.9418007706977568
5981,-0.491564537449112
5982,-0.15268141546706368
5983,-1.119687598355673
5984,-0.5920466147342068
5985,-0.33840114108534924
5986,-0.9351451764664236
5987,-0.762979248222627
5988,-0.7704569418985674
5989,-1.204635446513608
5990,-0.3029174915183792
5991,-0.48129746110752814
5992,-1.0812775684565212
5993,-0.31924976774623004
5994,-0.5272293500250422
5995,-1.3736671288904647
5996,-0.2719694055312071
5997,0.12372696428913645
5998,0.03485377184388938
5999,0.09751452916886019
6000,-0.5405749786747874
6001,2.2384247866521916
6002,0.479483755503843
6003,0.47935228239874167
6004,-0.691342777600261
6005,2.2053357208925997
6006,0.345408407614073
6007,0.37681232512791535
6008,-0.4631371729822932
6009,2.1490532233178095
6010,0.47722236310521143
6011,0.4439324224350103
6012,-0.5212033814993187
6013,2.303732440116516
6014,0.3854389188610974
6015,0.24417409964394232
6016,-0.5032432353217777
6017,1.9580667079589824
6018,0.4587334176592307
6019,0.10493293006764945
6020,2.2520477445056675
6021,0.38984416468119526
6022,0.39677008716276885
6023,-0.498628809067973
6024,2.2278091119295995
6025,0.3966109620297661
6026,0.4861820793762206
6027,-0.8406776604855538
6028,-0.2449191433772159
6029,-0.5032458586316999
6030,-0.08911483176623691
6031,0.018550786582045373
6032,0.0388998746830947
6033,-0.9549982868559697
6034,0.12262440840824419
6035,-0.9952310945614482
6036,-0.24613121875252852
6037,-0.22254478874285916
6038,-0.11567322747702038
6039,-0.8892271311889878
6040,-0.13240612558398399
6041,-0.33291068463018336
6042,-0.09959987585715548
6043,-0.7362394493940175
6044,-0.16153298133517344
6045,-0.24611668129007766
6046,-0.15164214438529924
6047,-0.6679936086680418
6048,-0.2147340210258401
6049,-0.22417714739739972
6050,-0.14780855344085855
6051,-0.9268802688945534
6052,-0.22273755110353305
6053,-0.1960541243677353
6054,-0.10974195284345534
6055,0.25609162471480806
6056,0.42455687875878717
6057,0.19343731258995153
6058,-0.712610530355916
6059,0.2512522066733965
6060,-1.0212194700588941
6061,0.2661139976792533
6062,0.20141658742865076
6063,-0.8434335337737544
6064,0.277312491132536
6065,-1.3411967615964664
6066,0.26770856769475737
6067,-1.1360342608754366
6068,0.28251402305149004
6069,-0.6958673152848444
6070,0.34406454798308433
6071,-1.4582969742999878
6072,0.41409448981140434
6073,0.29147981132615275
6074,-0.7451940696720232
6075,0.21112833080375903
6076,-1.0100698732606321
6077,0.3839981829904081
6078,0.772838319582278
6079,0.574976813291462
6080,0.26877563322667075
6081,-0.42747440231960976
6082,0.2479417696635047
6083,0.882419301035967
6084,0.5898198527657588
6085,-0.4031709028408131
6086,0.19217736689650639
6087,0.46618732651026273
6088,0.39297778023290025
6089,-0.513729678352779
6090,0.25239895981790317
6091,0.6825367422524418
6092,0.10731748015834407
6093,-0.43992351903447985
6094,-0.30690016580757395
6095,-1.1345101277829057
6096,-0.10538364788191597
6097,-0.32808767438411457
6098,2.0838807669921056
6099,-0.9641091077502386
6100,-0.12898341393617485
6101,-0.20506581729879855
6102,1.9841470763460647
6103,-1.2686298740103
6104,-0.10976235557037752
6105,-0.27547010509664954
6106,1.9645968403579064
6107,-0.9969381358385786
6108,0.42415919687220915
6109,-1.0982517802289038
6110,2.0700012681233155
6111,-1.0531178024910528
6112,0.06950556685564921
6113,-0.5152186746475008
6114,2.0756982321665847
6115,-1.3329907912009746
6116,0.670977346664869
6117,-1.1477100743670672
6118,2.0514150039839536
6119,-0.16539300249034802
6120,-0.7829580060205353
6121,2.0767653090074103
6122,-1.0377867388650013
6123,-0.07810840942109339
6124,0.9633992628327693
6125,-0.13616163989955204
6126,-0.583272379595187
6127,2.032192335914448
6128,-1.2981937967934818
6129,-0.26914764844927264
6130,-0.7680819179757377
6131,2.0020524775439434
6132,-0.9685145202144883
6133,-0.5704711067323
6134,-0.5647220049283997
6135,2.1038882230048612
6136,-0.9258256019511841
6137,-0.6918942393115807
6138,-0.16345807732592488
6139,-0.35388778354901884
6140,-0.5323081071854446
6141,-0.1989749924124633
6142,0.3175457945019102
6143,-0.11396219514478763
6144,0.008144032222791732
6145,0.2917842016460389
6146,-0.21579143087456518
6147,-0.10797119854901222
6148,-0.44474593196580325
6149,0.3280952861117392
6150,-0.573684655471711
6151,-0.14714446089452768
6152,-0.065505369341446
6153,0.6814068961893299
6154,-0.36031695319556833
6155,-0.21355489495849103
6156,-0.1377418843977372
6157,0.2221013258025255
6158,-0.1688689015542506
6159,-0.5717500980623627
6160,0.14112895773116135
6161,0.5904821496989732
6162,-0.5267608914059985
6163,-0.10793430026280634
6164,-0.524934829096898
6165,0.31146555516680036
6166,-0.4854103097492658
6167,-0.39761434859429634
6168,-0.2573606803695901
6169,0.32231612956429073
6170,-0.5182057980174302
6171,0.044121628364088575
6172,-0.9681471411036454
6173,0.4100413227708172
6174,0.07960901365921598
6175,-0.18209558736930723
6176,-0.6942193934821362
6177,-0.3428299702294713
6178,-0.16008440723151585
6179,-0.16705753727664638
6180,1.300420387989013
6181,0.37350836025068135
6182,-0.2533359759020144
6183,0.38480325994133807
6184,0.32202293525553227
6185,-0.24358824889143818
6186,0.3974773790420635
6187,0.39679561983061695
6188,-0.47671654978031863
6189,0.4179492975401761
6190,0.4121359474027947
6191,0.060239638213424776
6192,0.761124782350204
6193,-0.793610969836265
6194,0.025728848381863657
6195,-0.09450791744609259
6196,0.7371646383837672
6197,-0.3747865827372008
6198,-0.13014374831690964
6199,-0.9772610377464912
6200,0.6356978410437047
6201,-0.12370226070851284
6202,-0.1726955846958007
6203,-0.1860169930549224
6204,-0.8056287500444388
6205,0.6580616392466123
6206,0.19963004118097014
6207,-1.102353723076646
6208,0.6546155086003789
6209,0.1504191358649393
6210,-1.0502078413114373
6211,0.6429811798203537
6212,0.20914376013509736
6213,-0.9842843112957834
6214,-0.10961487571002183
6215,0.6462502002140331
6216,0.49646943688422884
6217,-0.17721837666382245
6218,0.12169195590157984
6219,0.2656555829651338
6220,-0.2145578873732836
6221,0.07283406625793215
6222,0.17363300846219049
6223,-0.18142629472924235
6224,0.11275629387234656
6225,0.19212347899051702
6226,-0.24146232366628492
6227,-0.009993678797777655
6228,0.1543862622997157
6229,0.048686297554550124
6230,0.2107065713983627
6231,0.2637037424294251
6232,-0.23411003994889598
6233,0.08111267212591716
6234,0.10284285273100648
6235,-0.16538711283445987
6236,0.14168825616171443
6237,0.1991853329321747
6238,-0.23429975165522576
6239,-0.3289243357485299
6240,-0.18153036069255046
6241,-0.7933609451344771
6242,0.1949653806647259
6243,-0.9753959281327907
6244,-0.17256174121492446
6245,0.08065643701182956
6246,-0.8021669844747435
6247,-0.2580090869072363
6248,-0.016181094699660753
6249,-0.8771125663544148
6250,-0.19487215758775128
6251,-0.40869100997214025
6252,-0.31694278327559694
6253,-0.14190611720658472
6254,-0.2927520305711135
6255,-0.24620245039074112
6256,-0.2511252280626526
6257,-0.11969967452471976
6258,-0.3218730431678984
6259,-0.12808210639921702
6260,-0.30575153213902595
6261,0.053229419274363816
6262,-0.17030450995121063
6263,-0.18483632839152725
6264,-0.24356287015428377
6265,-0.3726333489495039
6266,0.11514412798645621
6267,-0.9443094613530724
6268,-0.18784029943604014
6269,0.06253915583641273
6270,-0.7442281907957206
6271,-0.1903722603471821
6272,0.07506875024951805
6273,-0.9531857033266768
6274,-0.08230991162524877
6275,-0.1202026413796057
6276,-0.8379341748847735
6277,-0.3507557771665382
6278,0.09247581373953172
6279,-0.8576432317205657
6280,-0.3703567680667384
6281,-0.22416245674259794
6282,-0.09080331736455563
6283,0.03862198407494141
6284,-0.24684538232566497
6285,-0.08032669699282478
6286,-0.3712239703442064
6287,0.13125756016539053
6288,-0.4234869657462948
6289,-0.021907074751392096
6290,-0.12438900734957022
6291,0.26564512338243734
6292,-0.210109103864793
6293,-0.038342137779698034
6294,0.5602253870352238
6295,-0.04379764601090571
6296,0.6196335017114765
6297,-0.45592839552247266
6298,-0.5439673409424114
6299,-0.3767912133620545
6300,-0.09085711452656928
6301,-0.39981708170031
6302,-0.5364774605945204
6303,-0.11499238024530371
6304,-0.09451251803379729
6305,-0.42096692025163873
6306,-0.5463534118554412
6307,-0.3428852224687926
6308,-0.06874473922935641
6309,-0.014168381824705473
6310,-0.8218981380453388
6311,0.2706618954701937
6312,-0.41790029296612763
6313,-0.6232960385745987
6314,-0.26527938648153465
6315,-0.07985109845372874
6316,-0.3916130630698101
6317,-0.5233357957862603
6318,0.037710199225740024
6319,-0.09614425255017699
6320,-0.4205874193203152
6321,-0.49138289633810184
6322,-0.23628427276609057
6323,-0.07488463720357084
6324,-0.4126540359482834
6325,-0.725665795311629
6326,-0.37891353161905394
6327,-0.25187643694881484
6328,-0.4177686107460091
6329,-0.5825268472154944
6330,-0.2871208620738066
6331,-0.10753628840505496
6332,-0.1887323661137429
6333,0.012591899923218823
6334,0.16021782476212543
6335,0.048208762940078136
6336,-0.2115448147308225
6337,0.14321370424486224
6338,0.14201869046889462
6339,0.1487779567592832
6340,-0.18487585450519747
6341,0.12784241199431481
6342,0.2837075613052975
6343,0.05561089083147848
6344,-0.33274025318133926
6345,0.13554157353137913
6346,-0.118940848580228
6347,-0.16375694728598106
6348,-0.2907487652182592
6349,-0.7693949655555984
6350,-0.3737993121437869
6351,-0.09124699898461436
6352,-0.41936348389034755
6353,-0.5239450823744537
6354,-0.2698455821318094
6355,-0.129638983893966
6356,-0.38016278773406453
6357,-0.5430377989122102
6358,-0.36505331281539594
6359,-0.05525899087567142
6360,-0.4457670170162074
6361,-0.3615880274721369
6362,-0.2321678307100626
6363,-0.06142212790728276
6364,-0.4281010634269297
6365,-0.6888754288771263
6366,-0.5034952527869123
6367,-0.05991281841414221
6368,-0.41898220184201973
6369,-0.5778460094371457
6370,-0.3737353158696943
6371,-0.11178187131334397
6372,-0.4176219229810635
6373,0.11875678249681623
6374,0.07890482930322626
6375,-0.06775779475182958
6376,-0.33888919374063037
6377,-0.5140579107119605
6378,-0.3263123966913938
6379,-0.05484781639847931
6380,-0.1913164887795019
6381,0.14141256282673037
6382,0.27597643423072915
6383,0.16409926340623576
6384,-0.21017872135845278
6385,0.12279471266164231
6386,-0.4408724970970217
6387,0.1339290667905615
6388,-0.9453621108034491
6389,-0.03999206079322896
6390,-0.8934804668784613
6391,0.0909821291309151
6392,-0.5640825000677677
6393,0.13504206326839607
6394,-0.9533573667407982
6395,0.012231669472180162
6396,-1.1753476960517522
6397,0.11866109857194171
6398,-0.905822007534691
6399,-0.3064726871313589
6400,-0.419564461353858
6401,-0.5754896287801232
6402,0.16338067670800996
6403,-0.37395910516539693
6404,-0.7832020750172393
6405,0.6641487803393711
6406,-0.1703201663966161
6407,-0.7616678676306059
6408,0.2297002687304409
6409,-0.4228211694391147
6410,-0.5924057300497766
6411,-0.249370008442091
6412,0.12083017537481415
6413,-0.6514170802551109
6414,0.7862472944432755
6415,-0.31924961326314116
6416,-0.9137674919441187
6417,1.025354684158118
6418,-1.1700950817695972
6419,0.2623735937466266
6420,-0.6422951511838263
6421,0.29456245300745804
6422,-0.831119679224095
6423,-0.1776723913680022
6424,-0.6875899683689167
6425,0.21218522649316307
6426,-0.9441333052518104
6427,-0.4918281595565331
6428,-0.7861554231209639
6429,0.24901283856977277
6430,-1.1628312606755757
6431,-0.1995269375280375
6432,-0.7305613043564506
6433,0.3657047765654205
6434,-1.0552338862766448
6435,-0.23779744899714128
6436,-0.9024825060747813
6437,0.253768723542991
6438,-1.0747679973253044
6439,-0.2853230656685097
6440,-0.9587723578381665
6441,0.28700113322152976
6442,-1.0429264640353437
6443,-0.3998980227541305
6444,-0.7474682067724023
6445,0.2893243685204263
6446,-1.1326319961673255
6447,-0.40219956090070047
6448,-0.6665120667533732
6449,0.36622932169322037
6450,-0.9085072676017129
6451,-0.29712883772738374
6452,-1.059649638060818
6453,-0.2851626138013886
6454,-0.9786930146324248
6455,-0.354872594997135
6456,-1.0848790739618133
6457,-0.029138550747580864
6458,-1.0473707778090284
6459,0.274322885288916
6460,-0.18803673913805916
6461,-1.0860557062935603
6462,-0.10542310589765758
6463,-1.1579338980495595
6464,-0.2874248176092644
6465,-1.291963718501803
6466,0.353692631348058
6467,-1.1553765445210262
6468,-0.771875519966568
6469,-1.2877295868952616
6470,-0.8458543137795684
6471,0.24601517734817271
6472,-1.0537434677384498
6473,-0.2645848022058011
6474,-1.222816534427236
6475,-0.3848353480165293
6476,-1.2835631039401265
6477,0.47821702813628897
6478,0.45666658218953016
6479,-0.09245128194899124
6480,-0.06899958552798387
6481,-0.018721328185127596
6482,-0.39585321792155426
6483,-0.038584301581204045
6484,-0.9170463879382078
6485,-0.24774515274028117
6486,-1.1083912875306752
6487,0.023559596096728717
6488,-0.1091868231723055
6489,-0.33821702856938757
6490,-0.8666603685056854
6491,0.2908136766754866
6492,-0.936074748044271
6493,-0.17848851636064886
6494,0.08111267212591716
6495,0.15568425622054147
6496,-0.01851103994399578
6497,-0.2131481873849958
6498,0.07050552308853432
6499,0.11056852428658978
6500,-0.10350469648533088
6501,-0.18720357823495504
6502,0.08874776706256372
6503,0.0496818514623481
6504,0.14498587277101896
6505,-0.17741105194755855
6506,-0.4313768609007388
6507,0.1495344884546289
6508,-0.09119490904107762
6509,-0.1913015188717343
6510,0.12445874398010755
6511,0.05395514848020057
6512,-0.006682463034711108
6513,-0.2155492420077885
6514,0.08874776706256372
6515,0.17399412697330896
6516,-0.0873322844315927
6517,-0.19708274561935285
6518,0.11722551488374756
6519,0.0954555975193746
6520,0.11312522558469136
6521,-0.16533371087479393
6522,0.08452277729895838
6523,0.16108426606024812
6524,-0.1469038746013308
6525,-0.09967823671310286
6526,0.08874338824887827
6527,0.12027423434902836
6528,-0.07207956301523094
6529,-0.1561508056032272
6530,0.07191052020027107
6531,-0.03356398185185612
6532,0.02085692460016569
6533,0.14790638805492193
6534,0.20158489380861622
6535,-0.0877788852257565
6536,-0.10474968999632175
6537,0.1309104400509826
6538,0.3114378449461083
6539,0.15170865313720847
6540,-0.18481254206404513
6541,0.1858662114042462
6542,0.20294732530852874
6543,-0.07011456793165184
6544,-0.25463378901867534
6545,0.1367725115196908
6546,0.404479869964488
6547,0.22429323326065256
6548,-0.2772829461503766
6549,0.08619323118671354
6550,0.06812230091886196
6551,-0.18984292966449157
6552,0.08674776706256372
6553,-0.08275202225477979
6554,-0.12289033943590623
6555,0.1166513095283554
6556,0.06397664498635076
6557,-0.07244671530924901
6558,-0.1477861200172762
6559,0.12480518596401603
6560,0.15998624043075435
6561,-0.0930334849416404
6562,-0.21518956458737643
6563,0.07722486906670913
6564,0.5939379224671547
6565,-0.09701401886714525
6566,-0.21857651127862995
6567,0.14447039719070062
6568,0.2225161995388853
6569,-0.046504912113159685
6570,0.12146130589486455
6571,-1.0268905072255379
6572,1.677101225842836
6573,0.09761255851722643
6574,-1.059735853809926
6575,1.7871252510122497
6576,0.08752037857752194
6577,-1.0891263494678995
6578,1.1240827815302357
6579,0.032936633776059356
6580,-0.8107770480813531
6581,1.3614214690407829
6582,0.09485097120536498
6583,-0.8956191147429654
6584,0.8585807208797359
6585,0.09516369167144355
6586,-0.9030870205398703
6587,0.8424265157072994
6588,0.10056767602662109
6589,-0.832178745415093
6590,0.8150796220490654
6591,0.07780855729405778
6592,-0.7788455362796325
6593,1.4802065518601881
6594,0.0625945289433555
6595,-0.8222541720539055
6596,1.2247471761721813
6597,0.0634445302742175
6598,-0.7983763318258187
6599,0.7057331529313744
6600,0.04935998782303922
6601,-0.6061043841464192
6602,0.4558875384568557
6603,0.06537048292915022
6604,0.13243677916990665
6605,-0.47738172612408625
6606,0.3518261750879927
6607,0.06132061498568783
6608,0.14662426930429395
6609,-0.5165850560838766
6610,0.5648816997217012
6611,0.11778816885881803
6612,0.08832154404602922
6613,-0.49215126933448744
6614,0.6076557484306139
6615,0.06954117800026362
6616,0.1224326539222281
6617,-0.6014697206730223
6618,0.0962918968319772
6619,0.059215868062272296
6620,0.10672672528304009
6621,-0.4206184464586079
6622,0.42147085947489954
6623,-0.032678383875477494
6624,0.1180488671235429
6625,-0.32852103805323546
6626,0.7007756227237109
6627,-0.04645645927934106
6628,0.21390874604871854
6629,-0.4233437854522486
6630,0.11547881545062891
6631,0.07814013413336117
6632,-0.252809243591161
6633,-0.55219491946571
6634,0.4224556829663499
6635,0.26588059262955704
6636,-0.007159189616200529
6637,-1.0647293026940983
6638,1.0546324180001918
6639,-0.01853019294725415
6640,0.03740675223510739
6641,-1.1308630792716412
6642,1.4342320375136572
6643,0.5091672085927511
6644,-0.7603368309245392
6645,1.1295742644744056
6646,0.11787664438235321
6647,-0.6741110223452902
6648,1.9090497267608193
6649,0.12081096629132161
6650,-1.0012144507594563
6651,1.1376110713143444
6652,0.13140209113103024
6653,-0.9018476199461664
6654,1.282992792249743
6655,-0.3152944454894323
6656,-0.32354583228284806
6657,0.40922267950474545
6658,-0.65815536979204
6659,-0.49700462642187027
6660,0.009943798082431246
6661,-0.271146669908514
6662,0.01467478725661929
6663,0.27049908053558663
6664,0.023397882690855475
6665,-0.49619477226858
6666,0.20262560840462907
6667,0.5943416687121628
6668,0.10173893391196125
6669,-0.034851407258357135
6670,-0.21427335506399303
6671,0.05959240806135101
6672,-0.42308371067211586
6673,-0.238829488023948
6674,0.35607140903506695
6675,0.2742953893411963
6676,0.9290219698209133
6677,0.4558161304905355
6678,0.8772548760611476
6679,0.4683593032589215
6680,-0.45543055287742357
6681,2.24186700400589
6682,0.39646135261296106
6683,0.4283404352825853
6684,-0.5990695346037506
6685,1.943216681828907
6686,0.31037576658134536
6687,0.15268654354854647
6688,-0.567234369020082
6689,2.1835099665356887
6690,0.40198193688885997
6691,0.32458830631227864
6692,-0.6296666101096721
6693,2.2522924677846916
6694,0.4426438804573347
6695,0.37039417995287305
6696,-0.4165191664189613
6697,2.257469024586144
6698,0.4079213303081465
6699,0.40877408669153154
6700,-0.5731711366824757
6701,2.252830076815611
6702,0.49488985106346406
6703,0.26778016988243303
6704,-0.6387498734263105
6705,2.221736750883551
6706,0.3167290243123005
6707,0.20315755778952901
6708,-0.2835161680734908
6709,0.9143340195418136
6710,-0.47092720462271814
6711,2.0574006596375662
6712,0.4994102031508119
6713,1.0483361706090022
6714,-0.7416876191691408
6715,2.1035764819754763
6716,0.2125353550331969
6717,0.8816102885296044
6718,-0.43788374871334923
6719,2.1623527217421854
6720,0.43096618049604096
6721,0.4741911581408968
6722,-0.47803012639508097
6723,2.259456306035735
6724,0.45657579561522865
6725,0.5790282472310985
6726,-0.5047055676962302
6727,2.1880957273444395
6728,0.39362650141264727
6729,0.49087048428801705
6730,-0.5386203591773344
6731,2.2682360805417554
6732,0.4190104942164973
6733,-1.2079188996717243
6734,-0.16926187090517264
6735,-0.22121297954732586
6736,0.09092325527568455
6737,-0.7421162293188718
6738,2.001948022095983
6739,0.0038174262677174624
6740,0.3759212589694458
6741,-0.7147509810028808
6742,2.2806941098822375
6743,0.42467118184564323
6744,0.12542925053659798
6745,-0.7180068867306815
6746,1.918289759123603
6747,0.39786793610040244
6748,0.12783520025360606
6749,-0.4035968315116983
6750,1.9607708986342645
6751,0.3618697311038776
6752,0.5203158352665018
6753,-0.0820037566887913
6754,2.28872064506897
6755,0.4837326373526289
6756,0.5218856052967915
6757,-0.5730556771820496
6758,2.270471009024165
6759,0.47396721032059147
6760,0.5740549180371989
6761,0.4728237729768894
6762,0.5754668124449369
6763,0.10423317272002725
6764,0.5458944255653734
6765,0.10835508571915917
6766,-0.03521717015879033
6767,0.29942415541551626
6768,-0.036463517914498325
6769,0.15827825518782512
6770,-0.4251406337660702
6771,0.2563873727872852
6772,0.29550862859656246
6773,0.6405711957028054
6774,0.4107437528195588
6775,-0.32385959301584766
6776,0.7572555372167886
6777,1.26867730052754
6778,0.3586938732555926
6779,-0.41686848862661013
6780,0.30707875016323954
6781,0.550669218304802
6782,0.36991484988376555
6783,-0.37520501424553654
6784,0.9985110095969653
6785,0.4136674124952547
6786,0.26323833351420317
6787,-0.3929182964556076
6788,0.20487779829686498
6789,0.6468348213373368
6790,0.19575130831323226
6791,-0.37231609491353457
6792,0.11042141643120122
6793,0.6337376254989132
6794,0.3097597147515173
6795,-0.3958981434330491
6796,0.15160797286789238
6797,0.649031378021084
6798,0.18693053060097117
6799,-0.03950021813780338
6800,0.29993257382155836
6801,0.42619815679995254
6802,0.31373996032532875
6803,-0.465791213409888
6804,0.31929444192245315
6805,0.6370493026848847
6806,0.5590309129627332
6807,-0.4286842614973603
6808,0.3173702370037249
6809,1.0309829454368828
6810,-0.5080133013132331
6811,1.0832167632948742
6812,0.6789621505513346
6813,-0.3695838177672787
6814,-0.01648436202236202
6815,1.1476110069601486
6816,-0.5173688044079172
6817,0.7173615135409315
6818,0.40158923477260094
6819,0.14300756191631703
6820,-0.4238130857791819
6821,0.7135559092867625
6822,-0.31952967108266156
6823,0.20816475417518862
6824,-0.5580512579838012
6825,0.13329907062995405
6826,1.1205849973429383
6827,0.24190161907098046
6828,-0.24034474549823234
6829,-0.03868030979713674
6830,0.7480409244720457
6831,-0.5521045245690747
6832,0.3342562130708751
6833,0.999526105742619
6834,0.2877160600930837
6835,-0.4244765457850942
6836,0.6720867091968976
6837,0.37665733909795285
6838,0.15853173607517165
6839,-0.4380232110543599
6840,0.2143934383253878
6841,0.941833858762224
6842,0.2007651284498678
6843,-0.3397053048852399
6844,-0.22893705391757443
6845,-1.1040317828765966
6846,2.067432501100932
6847,-1.4156743149342217
6848,-0.1979342449640397
6849,-0.6642771416787634
6850,2.0402541749094243
6851,0.7814366715497651
6852,-0.12874491662463372
6853,-0.4953469578594721
6854,2.0586649357283893
6855,-0.2399474892932587
6856,-0.5763898906170859
6857,2.0880617092975706
6858,-0.9669319832345495
6859,-0.15340630762291307
6860,-0.7537059549353087
6861,1.9976694042486176
6862,-1.0115734098784723
6863,-0.5872369859329725
6864,1.9422206453653708
6865,-1.2575138151219347
6866,-0.24405818678786081
6867,2.0243576999078696
6868,-0.9180626221840655
6869,-0.09171927814792381
6870,-1.0264592192006863
6871,-0.023590499420702904
6872,0.04964211406245047
6873,2.0350266862172615
6874,-0.9863356536650273
6875,-0.12266142525464879
6876,-1.0478967354482795
6877,2.090776057066672
6878,-1.2744304632675432
6879,-0.05086328802939084
6880,-0.7921569449371446
6881,2.0586649357283893
6882,-1.4447386200285925
6883,-0.1245314692601712
6884,-0.5254335921915558
6885,2.089116712569207
6886,-1.3928830179023564
6887,-0.39155996382498326
6888,-0.2252566453575939
6889,2.068150155970895
6890,-0.9682446049846993
6891,-0.41591719473810673
6892,-0.7111384202847054
6893,2.1072216189773902
6894,-1.0246001755238778
6895,-0.24989716373633988
6896,-0.33527699889082146
6897,2.0271225220372187
6898,-1.089400923597678
6899,-0.014890981296455405
6900,-0.20250294258800614
6901,1.9983660166365722
6902,-1.0783507207951528
6903,0.31079272348543124
6904,-0.3342320796801347
6905,1.946071829790263
6906,-0.9748184692288583
6907,-0.09403296474086428
6908,-0.22815113001604545
6909,1.5803733710568884
6910,-1.327946162801235
6911,0.5255181585960855
6912,0.38621630395577977
6913,0.4159084779170188
6914,-0.3383747395100322
6915,0.40730666789042513
6916,0.45155566909562406
6917,-0.1262146498278669
6918,0.39036460617814267
6919,0.5021638388164631
6920,-0.1540783390127267
6921,0.38529335986009206
6922,0.45770926920766475
6923,-0.18191501040243485
6924,0.4233210611387117
6925,0.26398045906400963
6926,-0.2063410887893796
6927,0.471991613326986
6928,0.21949619359660782
6929,-0.1753049341462405
6930,0.434369708224063
6931,0.10409853799700515
6932,-0.2688209434444427
6933,0.41947047675323484
6934,0.33757980598860615
6935,-0.18929915600604466
6936,0.4223901040753863
6937,0.30469078943662414
6938,-0.3940445112499978
6939,-0.2553871075074664
6940,-0.1399589633141716
6941,-0.20269794549960968
6942,-0.2699603590626105
6943,-0.15589675603274974
6944,-0.2930317479585015
6945,-0.3348971895229698
6946,-0.23733017827435948
6947,-0.41902861624126936
6948,-0.1464703677160562
6949,-0.3532212315251553
6950,-0.07124378826467301
6951,-0.07536819240212206
6952,-0.2750478140421487
6953,-0.17881724161688067
6954,0.42835140021638046
6955,-0.4879996291052956
6956,-0.29507975764542455
6957,-0.19808667242659378
6958,-0.31153351546914154
6959,-0.2219408689631071
6960,-0.15478766020609366
6961,-0.14529006442808495
6962,-0.31994358218510927
6963,-0.9741967582096409
6964,-0.12127208133372264
6965,-0.27137551464297555
6966,-0.25818452340794595
6967,-0.1902778688827551
6968,-0.35156619485451884
6969,-0.5713266476950087
6970,-0.5368437364302697
6971,-0.15745072012079545
6972,0.5957884611077695
6973,0.05360684794258496
6974,-0.1510537898339433
6975,-0.2952166345578348
6976,-0.04393420560694126
6977,-0.15899624455041153
6978,-0.6589765484633636
6979,-0.5259967849074093
6980,-0.15026136196149747
6981,-0.5223986366510485
6982,-0.3209797640832875
6983,-0.15377675490385764
6984,-0.13355036987933452
6985,-0.3173183032548936
6986,-0.22582371038548335
6987,-0.16601218569252285
6988,-0.4367614180562393
6989,-0.33693625484589934
6990,-0.12598068252389022
6991,-0.25566589235357895
6992,-0.2058392353635598
6993,-0.14778773332925438
6994,-0.12173633365729518
6995,-0.35397221368514076
6996,-0.3225175368581295
6997,-0.16412642972723215
6998,-0.20869296739893112
6999,-0.38614984769810884
7000,-0.13042958960785092
7001,0.1056436395359509
7002,0.2162708030407158
7003,0.01761109229540652
7004,0.45656945172342084
7005,0.21918183635883015
7006,0.2679300951392335
7007,0.13696463294320557
7008,0.21056988049458564
7009,0.3056299419458872
7010,0.08089138078886021
7011,-1.3614560829205515
7012,0.30624154791818703
7013,-0.23764795562681645
7014,0.169005329644782
7015,0.2899657589693754
7016,0.31128768593637907
7017,-0.28976628555016076
7018,0.006827479321104301
7019,-0.40428643465717146
7020,-0.7697241748288417
7021,-0.2778887177560867
7022,-0.05826989634503645
7023,-0.4009817513494657
7024,-0.48307589725760913
7025,-0.4444585248144618
7026,-0.10181535415674862
7027,-0.26870955331244145
7028,-0.6103477454451028
7029,-0.3503016816395579
7030,-0.18081238585630593
7031,-0.3100573968609198
7032,-0.8499608040874866
7033,-0.536112310648181
7034,-0.07119354778123882
7035,-0.32870305926800436
7036,-1.1259740624569021
7037,-0.30627582804939385
7038,-0.21138051933050678
7039,-0.477750151043999
7040,-0.4948708691828962
7041,-0.36977119349324183
7042,-0.09361168833216818
7043,-0.46658664804465266
7044,-0.49210384870075086
7045,-0.39078367167287303
7046,-0.10156169531004695
7047,-0.42572967656026645
7048,-0.7757003771424383
7049,-0.21066412064927578
7050,0.04512283938631596
7051,-0.29044730626383547
7052,-0.5822455731695132
7053,-0.27891949083073003
7054,-0.0983343003698426
7055,0.1183381054521766
7056,-0.9311681534682176
7057,0.0892590544610644
7058,-1.089544693380084
7059,0.37783095833285607
7060,-0.8360524739472924
7061,0.11103215927816874
7062,-0.627382091021611
7063,-1.0597136933035003
7064,-0.3765517932233542
7065,-0.9269854857731503
7066,-1.078588681557737
7067,-0.41931517170742894
7068,-0.791813568635105
7069,-1.2996052134710796
7070,-0.6166168652770707
7071,-0.9119506838825462
7072,-1.1137844217701254
7073,-0.6842051679588902
7074,-0.8409858305350156
7075,0.32333680278790267
7076,-1.8600793224456913
7077,-0.34618365833517345
7078,-0.8903726757912889
7079,0.3436352111802706
7080,-1.5273353650095187
7081,-0.19807489972371808
7082,-0.877246034297903
7083,0.28886579667553275
7084,-1.5587977512586055
7085,0.029429722152689637
7086,-0.9479993891211422
7087,0.37862706781796945
7088,-0.8672461361935319
7089,-0.07935531641013721
7090,-0.7485401753974102
7091,0.37698226066368307
7092,-0.8701257915642752
7093,-0.21479382476095782
7094,-1.0504869692000776
7095,0.3668873981427022
7096,-0.9707007108458321
7097,-0.012459368040323337
7098,-1.1541460091192777
7099,0.31038840445460386
7100,-0.07263975143973765
7101,0.11490713763646018
7102,-0.021430254246617816
7103,-0.4288280956638917
7104,-0.6600962688277795
7105,-0.14741455918587038
7106,-0.09903914757354827
7107,-0.32235884243585233
7108,-0.6874706938362624
7109,-0.3824583815107311
7110,-0.22711024632903923
7111,-0.3346735434331576
7112,-0.8399189009547077
7113,-0.06281316189790186
7114,-0.12200832819613856
7115,-0.21433720358979835
7116,-1.3147501792371654
7117,-0.21737362956768386
7118,-0.10830222428226002
7119,-0.25300146762169573
7120,0.1810075426062754
7121,0.1847269610691681
7122,0.2153341630617688
7123,-0.32818247122817185
7124,0.17136304727314877
7125,0.13563616952663593
7126,-0.05301575373274455
7127,-0.1961076484485859
7128,0.03204743647645304
7129,0.14148943608207817
7130,-0.1437309766563947
7131,-0.19233876148177828
7132,0.10965457827551787
7133,0.04328481457666551
7134,0.15543457659703536
7135,-0.2078065656577233
7136,0.04110343225317833
7137,0.1253855509704514
7138,0.21628271327971973
7139,0.13240712191725199
7140,-0.7531479078736829
7141,0.11000622488226067
7142,-0.8858348027584351
7143,1.7620841444771993
7144,0.10593307944776312
7145,-0.8416508338606785
7146,0.9962692021788173
7147,0.1077297128196181
7148,-0.8684853528586789
7149,0.9578346349631394
7150,0.10314012360137303
7151,-1.2075121074874677
7152,1.550995654583685
7153,0.0017217828417778755
7154,-1.0045451824399334
7155,1.4694784394109626
7156,0.09928954348092382
7157,-0.7536683848740113
7158,0.7528027630679135
7159,0.09693746555700758
7160,-0.9835076366538754
7161,0.9603902017721885
7162,0.13902218053978385
7163,-0.8360166632165289
7164,0.7784769487985235
7165,0.12444479389115547
7166,-0.9356176279558764
7167,1.222283745449157
7168,0.29953740272111845
7169,-0.8614125579843052
7170,0.8519786124397987
7171,0.24230182121921168
7172,-1.1614743500606604
7173,1.4990854978431964
7174,0.10959771275218715
7175,-1.1285179779022376
7176,0.8522632440224227
7177,0.6609853983092044
7178,-0.9960351836869543
7179,0.6612262707935398
7180,0.11047889235102001
7181,-0.9812177647791637
7182,0.8430778089721461
7183,-1.0567250302213747
7184,-0.5577967604280852
7185,-0.09938355549997432
7186,-1.666423417191371
7187,0.15427037566576898
7188,-0.21460699658482624
7189,-0.013362730661421844
7190,-0.22557654201212413
7191,-0.5748935947135569
7192,-0.46533627211085327
7193,-0.3489741717745095
7194,0.10844082866125002
7195,0.13133308084612574
7196,2.242644078444114
7197,0.527359754986654
7198,0.3745877076897529
7199,-0.6883224233931846
7200,2.121543497767544
7201,0.3493162551105535
7202,0.6180980631151282
7203,-0.04318695634404622
7204,2.2480176032902395
7205,0.3212812665867519
7206,0.6500382407524026
7207,-0.6937261796479306
7208,2.1316922027000667
7209,0.23052690804426176
7210,0.5201108617343899
7211,-0.41531811906138477
7212,2.2688812456866394
7213,0.3008263538902599
7214,0.36727206021211145
7215,-0.628250519635202
7216,2.0560608779305563
7217,0.4652833469952271
7218,0.753342707251222
7219,-0.40786598216455894
7220,2.2218023221575267
7221,0.4826580581258789
7222,0.4284822413093026
7223,-0.4135926801941874
7224,1.9378974125115007
7225,0.4096769517851775
7226,0.30366296755074845
7227,-0.06851286459420071
7228,0.24968142582189862
7229,-0.19983688996801763
7230,0.2163160369135176
7231,-0.2709671483257464
7232,0.2672479755635482
7233,-0.24691322012592717
7234,0.26545762758425606
7235,-1.0400530809018997
7236,-0.22496904925915814
7237,-0.2181769783653663
7238,-0.1529457224988603
7239,-1.066431506947382
7240,-0.21142974143428495
7241,-0.2988022923177091
7242,-0.16957888751162048
7243,-1.000519605216981
7244,-0.3248256633806723
7245,-0.2570655171154192
7246,-0.2114764093240687
7247,-1.3192860567876044
7248,-0.08893729951655363
7249,-0.2737850004797892
7250,-0.3037051216672498
7251,0.7895741354715433
7252,0.22904036438408015
7253,0.32521510123959785
7254,0.35717884408157663
7255,-0.9117125843028954
7256,0.35283295873388026
7257,-1.0811222119027308
7258,0.39330178195385174
7259,0.1550349629927262
7260,0.2493151840121932
7261,-1.6222548351267487
7262,0.42576188819822636
7263,-1.490918261442939
7264,0.5242076453875804
7265,-1.1466978097695721
7266,0.2415526265561995
7267,-0.9198492616306448
7268,0.33386604703857947
7269,-0.9804087750563834
7270,0.42623868896330896
7271,-1.0164997980984642
7272,0.32621780788516375
7273,0.8380896940282346
7274,0.40920612442240545
7275,0.2600659900323044
7276,-0.40546913047591704
7277,0.44114861897445895
7278,0.4315550571893207
7279,0.23063267623565248
7280,-0.2982391991955545
7281,0.8248252159905199
7282,0.757887986462758
7283,0.5462349587475551
7284,0.5594861759173689
7285,-0.21537296471881817
7286,-0.08336411504361507
7287,-0.46346639497946435
7288,-0.218168244168423
7289,-0.5826648271632051
7290,1.837570929208862
7291,-1.3014893266123944
7292,-0.18354417680833995
7293,-0.2660061821873573
7294,2.0014617450992764
7295,-1.3428999720478947
7296,-0.008237355815065708
7297,-0.6569861368770914
7298,2.079701755084416
7299,-1.3457005525672328
7300,-0.11954626073352338
7301,-0.5121417877243576
7302,2.058546818613855
7303,-1.44132144525431
7304,-0.4749510127734881
7305,-0.26482317314409
7306,2.1474799443394295
7307,-0.9207890476425047
7308,-0.3101249484927345
7309,-0.16479007697233738
7310,2.068185873869137
7311,-1.2736599921570884
7312,-0.09343629180910044
7313,1.9977191183442495
7314,-0.8676833201627645
7315,-0.17389410727219565
7316,-0.2086957960695591
7317,2.1783324398511095
7318,-1.3626401419316945
7319,-0.0881760547809119
7320,-0.72206641114216
7321,2.0473448220915036
7322,0.13941257981208136
7323,-0.032315083474699496
7324,-0.2543640207555347
7325,2.0841769602959364
7326,-1.3271280501056197
7327,-0.07421905724047653
7328,-0.5968794670496159
7329,2.0808927649745694
7330,-1.3198970410391795
7331,-0.11956338263814162
7332,-0.7049980562376623
7333,1.9841027878900706
7334,-0.9155467738805028
7335,-0.13540573546590332
7336,-0.19345999818517257
7337,-0.14179564950602477
7338,-0.3423260544787396
7339,-0.20193731284287045
7340,-0.1856669971733808
7341,-0.2688371380414619
7342,-0.04646688939773096
7343,-0.9628713525498623
7344,0.3537029586643218
7345,-0.32702814034807554
7346,0.029017229397388544
7347,-0.52850943791584
7348,0.23754648384074556
7349,-0.17070391427516185
7350,-0.09477033750391058
7351,0.07565031716032648
7352,0.3521385830251271
7353,-0.24541603906202616
7354,-0.17019510314120995
7355,-0.30134758159766584
7356,0.4232596294156322
7357,-0.495992474678861
7358,-0.10107122024682798
7359,-0.5359715332484126
7360,0.532955940759203
7361,-0.7012287311910708
7362,-0.4829340958985193
7363,-0.9609289995607267
7364,0.3373428983171829
7365,-0.5782110989104662
7366,-0.014587691781418334
7367,0.632245143802686
7368,-0.48674605020910866
7369,-0.4205644486007282
7370,0.1898301299723823
7371,0.44410056197962616
7372,-0.5392541174740487
7373,0.03396908075477709
7374,-0.0021150707414381315
7375,-0.28866901163186964
7376,-0.20241561654149315
7377,-0.1407604072540269
7378,-0.0965008943564691
7379,-0.3582105012362856
7380,0.4162615969544302
7381,0.427611322433057
7382,-0.028162270135081876
7383,0.5750886185745848
7384,0.2772743932068402
7385,0.7081603001868813
7386,0.4187939982273126
7387,0.4701679486061012
7388,-0.03581834147216925
7389,0.22156625933717916
7390,0.8833542678471309
7391,-0.19952529332838614
7392,-0.08158489965571822
7393,0.5533222105200734
7394,0.9097748438134449
7395,-0.7178129985038207
7396,-0.33726264522471344
7397,-0.6273447399404445
7398,0.4209033658227039
7399,-0.24451145112878908
7400,-0.7651324111152571
7401,-0.021100260128349015
7402,-0.8689916669480441
7403,0.9684701443849335
7404,0.01316394024444539
7405,0.5845712266572127
7406,-0.8245609179435358
7407,0.8569511347738663
7408,0.03483548585468171
7409,0.447702418546765
7410,0.5791254680620574
7411,-0.22046236613823145
7412,0.07327704218556534
7413,0.019039709697296684
7414,-0.3060188011140736
7415,0.04668912151575899
7416,0.08331492841272287
7417,-0.19885805072188126
7418,0.10762554150107152
7419,0.1373264402996397
7420,-0.3110124031712198
7421,0.2268009177573229
7422,-0.044000434728369016
7423,-0.06740333494365837
7424,0.08636148878702701
7425,0.1535995426567716
7426,-0.13103440092765598
7427,0.06783766181793771
7428,0.025370624143152387
7429,-0.3110124031712198
7430,0.1523037098779769
7431,0.033757597971846805
7432,1.1261717932278368
7433,0.03393196124038277
7434,-0.12431414816505582
7435,-0.9084792483903006
7436,-0.3052439140849285
7437,0.09635464364243497
7438,-1.4388065265133987
7439,-0.2838540745368471
7440,0.07055870052492101
7441,-0.9049061624978106
7442,-0.3301818205516653
7443,-0.298243880336964
7444,-0.18341965776098998
7445,-0.3188052658740314
7446,-0.18352996619210177
7447,-0.302702628716833
7448,-0.3239170888781109
7449,-0.26717839888092965
7450,0.14591298576415376
7451,0.10423439205093749
7452,-1.047214258156994
7453,-0.2999180085826375
7454,0.0941366092574651
7455,-0.8864014175933959
7456,-0.15277800740463754
7457,0.0963060133930308
7458,-0.8867133572565127
7459,-0.20827928784383176
7460,-0.12568673963705781
7461,-0.8559172355776713
7462,-0.330190043527085
7463,0.14795800873739504
7464,-0.8666516361940366
7465,-0.35999108122388446
7466,0.20222275320208782
7467,-1.048613433386612
7468,-0.1946023278902283
7469,-0.06635456499908869
7470,-0.05622696492093882
7471,0.047863209688012866
7472,0.733733710619821
7473,-0.033161346632252696
7474,0.2835139859129215
7475,-0.2806231105073038
7476,0.02936965353968297
7477,0.626001072095117
7478,0.04516982889664509
7479,0.3587325538588072
7480,-0.396256112782165
7481,-0.4920994501225591
7482,-0.008173125198881658
7483,-0.18998373039885408
7484,-0.41883009157957074
7485,-0.4795262677920236
7486,-0.2029923425767882
7487,-0.10909425353467753
7488,-0.43316899191204106
7489,-0.5613636959109208
7490,0.08343703534633143
7491,-0.07082545158375755
7492,-0.2358617333604637
7493,-0.5477459234828757
7494,-0.4444585248144618
7495,0.04574721324892797
7496,-0.24183280377369837
7497,-0.7069350992563985
7498,0.04644292491180163
7499,-0.06990403524637914
7500,-0.321599688495185
7501,-0.38568736746439003
7502,-0.2347000955376198
7503,-0.1048543640609106
7504,-0.4103415749010738
7505,-0.6540090281821448
7506,-0.4404062855720023
7507,-0.07991981103257122
7508,-0.3261868922203027
7509,-0.5970169255673587
7510,-0.3769043114737096
7511,-0.11267580802959942
7512,0.014855331140045863
7513,0.5967277144752332
7514,0.1314935434547081
7515,0.08500743606431069
7516,-0.22136141027097533
7517,0.11775115792160216
7518,-0.05456194298039156
7519,0.048564709012636514
7520,-0.2080305380962499
7521,0.08127267002649582
7522,0.28208707630025165
7523,-0.05245968792821591
7524,-0.20983243989931966
7525,0.1335668332910628
7526,0.06143458973366056
7527,-0.0580272703684367
7528,-0.4381856651824218
7529,-0.4895204480842428
7530,-0.1819141382853699
7531,-0.4098613356470324
7532,-0.6112383463696021
7533,-0.43144120922963275
7534,-0.26297258314719535
7535,-0.4059908208663381
7536,-0.5435091199733206
7537,-0.24582023228950153
7538,-0.2106615479612042
7539,-0.43043590832417156
7540,-0.5194952056842526
7541,-0.3942649735611713
7542,-0.10041013764885852
7543,-0.02058414801689206
7544,0.0662379423038959
7545,0.011201516566267637
7546,-0.23909093891913644
7547,-0.4106851211138972
7548,-0.3376611706667796
7549,-0.09010609323611748
7550,-0.20419966362524156
7551,-0.09346686372972098
7552,0.06504286555663685
7553,-0.03866525608152655
7554,-0.3806513042097944
7555,-0.2220362423496343
7556,0.10064803423066078
7557,-0.3861282591265577
7558,0.11112564983617651
7559,-1.0317485869522245
7560,0.03883656915538043
7561,-0.9418463187105175
7562,0.06506334612668432
7563,-0.8803491468318047
7564,0.0966678694677306
7565,-0.8405383293417278
7566,0.1199797215800706
7567,-1.0831292239627255
7568,0.27278945472639526
7569,-1.0765727634813618
7570,0.1648430812364219
7571,-0.1605835543235297
7572,-0.5058597371910821
7573,0.23042929204904183
7574,-0.3176316990248097
7575,-1.1602760435455874
7576,0.5247592211739283
7577,-0.22791725297864687
7578,-0.7331372361156576
7579,0.671229933808767
7580,-0.4101717807346632
7581,-0.7647583618571957
7582,0.2982140293280208
7583,-0.9712054498962505
7584,0.13032583988313468
7585,-0.9582936574735658
7586,0.42118396436312017
7587,-0.8527157979446095
7588,-0.2919005494031574
7589,-0.8241434854415489
7590,0.48866176140544204
7591,-0.9195655162001612
7592,-0.42862536118793093
7593,-0.6296442188068292
7594,0.46440439250337656
7595,-0.8496102818859509
7596,-0.22714481944632176
7597,-0.6982094174212167
7598,0.4276645526275079
7599,-0.9705805242104815
7600,-0.38515089965536503
7601,-0.8964174453452302
7602,0.43892466179444484
7603,-1.0514998057277962
7604,-0.272971507679118
7605,-0.9286525737564062
7606,0.2613662278415362
7607,-0.9653173858890485
7608,-0.09782648007171892
7609,-0.6606380252784271
7610,0.258874439535532
7611,-1.0103968001475456
7612,-0.3777188008405973
7613,-1.0363365675629828
7614,-0.3418687968906461
7615,-1.4477578118953758
7616,-0.07463753592859422
7617,0.881317674281178
7618,-1.0458271977255384
7619,-0.04685865449613152
7620,-1.2963736084057953
7621,0.18315184716277394
7622,-0.839275263628228
7623,-0.2858400985343868
7624,-0.9872436808293658
7625,-0.24709568456405354
7626,-0.9629997874063815
7627,-0.531839620860098
7628,-1.101482586657618
7629,-0.4044147258866816
7630,-1.0331184550368002
7631,-0.2237760675943659
7632,-0.8258888661330451
7633,0.581280582452026
7634,-0.9870882602146105
7635,-0.2625045454663058
7636,-0.7112789652413017
7637,0.27155656604679684
7638,-1.0697458842243548
7639,-0.22630469704836292
7640,-0.8799202666952466
7641,0.1854436308502695
7642,-0.5292309116397428
7643,-0.2059299145133179
7644,-0.859945838301463
7645,0.17778805372159504
7646,-0.21216958436086378
7647,-0.22921909004169055
7648,0.11117291383013832
7649,0.11709100723157584
7650,0.07551784041981956
7651,-0.25352836591827255
7652,0.06968931761741869
7653,0.05427205692833705
7654,-0.04359617749243812
7655,-0.17422874957024367
7656,0.09932305876010548
7657,0.09863184333415038
7658,-0.04737776233835142
7659,-0.1935786687404244
7660,-0.0029193895599556206
7661,0.060955109525671305
7662,-0.2407343413343311
7663,0.10117750459127596
7664,0.12646941463439504
7665,-0.09632511153170248
7666,-0.1914101750601242
7667,0.08710483052502302
7668,0.09725360341669047
7669,0.0319233810953122
7670,-0.4025321682515462
7671,0.08282186347366846
7672,0.04774493128909343
7673,0.10709991135089601
7674,-0.2652122629499243
7675,0.11741449220173834
7676,0.09015070621602038
7677,0.12262172698317687
7678,-0.04375011282823229
7679,-0.08629504235853269
7680,0.29844632779578484
7681,0.1015684708030141
7682,-0.020036273022148575
7683,-0.15561814296332901
7684,0.10703357916528965
7685,-0.07484511717760683
7686,-0.1803133553759924
7687,0.0985163351340479
7688,0.1440534078289975
7689,-0.08279010710124504
7690,-0.2688034296989524
7691,0.08328317722569067
7692,0.14038911381900215
7693,0.04865061876229351
7694,-0.18435010905021978
7695,0.13163362606338916
7696,0.33181458239725203
7697,0.08786613561092932
7698,-0.14308381263906
7699,0.0818138741003801
7700,0.13880584149027858
7701,0.15349327467975962
7702,-0.42442170961237685
7703,0.13544585427008382
7704,0.1466859753782584
7705,0.07785578457982585
7706,-0.3237041146756033
7707,0.11477590995065609
7708,0.07996056442776747
7709,-0.09960969672634429
7710,-0.43612868612934524
7711,0.11113834107005155
7712,0.07548702122431812
7713,-0.24021895233675733
7714,0.04663377780971949
7715,-0.9067267828941186
7716,1.9819694243633719
7717,0.0907990898925614
7718,-0.8292149784332176
7719,1.1326850468098622
7720,0.09842148231053059
7721,-0.8009274925428506
7722,1.0849301124568898
7723,0.08482201938928575
7724,-1.1552568951209257
7725,0.9423199915564917
7726,0.0956581331306127
7727,-1.1745037527891315
7728,1.151783555911718
7729,0.11766445497671035
7730,-0.8864552169748645
7731,0.9724898272294858
7732,0.12186916471678436
7733,-1.0179535920159142
7734,1.4444772242360548
7735,0.11694407692453529
7736,-1.0535785490814185
7737,2.0235444433848957
7738,0.06516743091380892
7739,-0.6136542958569652
7740,-0.09936308843286064
7741,0.14919325450364918
7742,-0.6292898882672893
7743,-0.0017642247803819333
7744,0.49901126805368456
7745,-0.3323548950793013
7746,0.39658658429077137
7747,0.2342234230881355
7748,0.11545784597637031
7749,-0.23910068247686284
7750,0.5131374627567525
7751,0.12863974219921076
7752,0.1770632697092005
7753,-0.746833900305717
7754,0.4579168689731856
7755,0.09569442853505233
7756,0.11756620793857525
7757,-0.7508766320597848
7758,0.8685938101464232
7759,0.089752997476256
7760,-0.9367834862469883
7761,1.1657241845455864
7762,0.12240041020501524
7763,-1.0026114015439647
7764,0.8849348456616162
7765,0.06938343741708733
7766,-0.888019555601231
7767,0.8117157012265589
7768,0.08024149783307136
7769,-1.3813881252075517
7770,1.4371121842964871
7771,0.12330501366791599
7772,-0.7971236248847011
7773,0.8515096107110226
7774,0.2868234294771722
7775,-0.03728361690986651
7776,0.4362101584161408
7777,0.2965778120190409
7778,0.30658952863664246
7779,0.49288984681154996
7780,0.32561651011108966
7781,0.47503554213947924
7782,0.27094219041722967
7783,0.47821926024927947
7784,0.10819742671861125
7785,0.3436574887863392
7786,0.6792712341882328
7787,-0.11618472044058882
7788,-0.026489890298384118
7789,0.3975992686719393
7790,0.6068296841166009
7791,0.3507068688301936
7792,0.4805596509887329
7793,-0.6344544154347702
7794,2.0637791978132936
7795,0.4358430706983644
7796,0.11578469454741898
7797,-0.48306620497983244
7798,2.124749569768338
7799,0.41503008756141685
7800,0.12258341129185468
7801,-0.5931939685771855
7802,2.160785156315785
7803,0.42540085507616204
7804,0.11329677842037536
7805,-0.44634738393271334
7806,2.190093072054413
7807,0.4452138605873006
7808,0.32387469256651696
7809,-0.6086424729045473
7810,2.2446249514519048
7811,0.46504338056090005
7812,0.36171096354848625
7813,-0.5251595266938414
7814,1.9415574992908053
7815,0.3876776716945768
7816,0.5115804478346436
7817,-0.5512560400090173
7818,1.2664514086951633
7819,0.43848551834128624
7820,0.49402200183843725
7821,-0.7492634055985535
7822,2.2647558849171743
7823,0.3330869171296434
7824,0.7524390149362961
7825,-0.6752954626045483
7826,1.9423612466835976
7827,0.4440955652779513
7828,0.7807766800515024
7829,-0.27327190188071876
7830,2.2634027471743683
7831,0.49756954662648034
7832,-0.14938376256048322
7833,0.3847400477355519
7834,0.2057923583202592
7835,-0.9550875294183723
7836,-0.18530460211132904
7837,-0.1861573121875799
7838,0.6504002305332521
7839,-0.4455350398801526
7840,2.281456801681339
7841,0.5109730662006329
7842,0.3642597654145462
7843,-0.564831043116379
7844,2.194944394963352
7845,0.416333989895772
7846,0.36806460555231657
7847,-0.6586862676505272
7848,2.1098168147361567
7849,0.39088156795336915
7850,0.12330501366791599
7851,-0.7519496495939239
7852,2.25197418991753
7853,0.5401441153233538
7854,0.07628183570237393
7855,-0.5217440333928777
7856,2.368863134086359
7857,0.49559317493861565
7858,0.5885214773438987
7859,0.17904470603517575
7860,0.6278978178324092
7861,0.16564249621382812
7862,-0.342341968453474
7863,0.1992954956391584
7864,-0.2757439971657473
7865,0.3727148347502608
7866,0.3634740032010788
7867,0.3839000844113606
7868,0.3239376766167223
7869,-0.32512064049758066
7870,0.8005705232921145
7871,0.3380635923984718
7872,0.21732550285439955
7873,-0.4127894190486566
7874,0.9509861969312506
7875,0.33262464805054937
7876,0.2161801207152024
7877,-0.37494593913120583
7878,0.29789784484701154
7879,0.30248369958145943
7880,0.2277749505387861
7881,-0.44824757999417814
7882,0.8261651549952709
7883,0.24644438333997404
7884,0.31561946260357954
7885,-0.4839033408595174
7886,0.906192347384402
7887,1.0081913155355535
7888,-0.05946893355976226
7889,1.00344958059577
7890,0.9604951964576459
7891,-0.5522198309153539
7892,0.2587079991411507
7893,0.3205926029386657
7894,-0.05283581112370401
7895,0.304350085302576
7896,0.945291912722748
7897,0.2924085021795568
7898,-0.18920532257668202
7899,0.5481907132607711
7900,0.92452804620833
7901,0.4500025303471062
7902,-0.6605754795945454
7903,0.23976846637022406
7904,0.6370586541924723
7905,0.41809667404081385
7906,-0.2875345620632565
7907,0.8258330159439765
7908,0.44196313880111676
7909,0.3109178888825488
7910,-0.1321447502678305
7911,0.932967513373088
7912,0.778661226180291
7913,0.4683355812511209
7914,-0.31593169469290044
7915,-0.20207617629103128
7916,-0.5222135367082149
7917,2.027966810346453
7918,-0.5879525139809466
7919,-0.949581989950009
7920,-0.3039240264598699
7921,-0.21591808194401704
7922,-0.009974140610724484
7923,-0.23856586414184905
7924,-1.0360968485400637
7925,2.0438400836333632
7926,-1.3215529523150147
7927,-0.12551365326992842
7928,-0.28200715512038693
7929,2.049631108143307
7930,-0.9264902577710967
7931,-0.3445113055735948
7932,-0.7552520982886881
7933,2.006697367073135
7934,-1.3486843638495685
7935,-0.14301019598813294
7936,-0.588850736669964
7937,1.9782207207708447
7938,-1.4371134010058553
7939,-0.9089022898786306
7940,-0.8866855418190688
7941,-0.548757334988377
7942,-1.0092825349877208
7943,2.0449908910900345
7944,-1.3688075962686386
7945,-0.4837411807991265
7946,-0.22838020285666621
7947,2.0912473813331975
7948,-1.1312615135714672
7949,0.3366417872861561
7950,-0.059871853180465874
7951,-0.9738450162149228
7952,-0.2394251761427283
7953,-0.6062154209782197
7954,1.9646916610469332
7955,-0.8679211780112952
7956,-0.07863474566923177
7957,-0.6204608221931734
7958,1.9978157383599022
7959,-0.9751912209929126
7960,0.8446453025199063
7961,-0.4339844843432122
7962,-0.043718966898173714
7963,-0.5282727579894329
7964,1.9749965954636037
7965,-1.330176057730675
7966,-0.26400949832134274
7967,0.3392334639728661
7968,0.3224132863728198
7969,-0.3779067732183542
7970,0.40865695551078984
7971,0.3309229414271578
7972,-0.2997080209379738
7973,0.42425940862380684
7974,0.1416458161582224
7975,0.4805278061082203
7976,0.4224054497148068
7977,0.31985777555925793
7978,-0.2618669023624203
7979,0.30470844113414036
7980,0.4232733619515694
7981,-0.20112322428977608
7982,0.3747869919265081
7983,0.42430440032348815
7984,0.11465209691822324
7985,0.21753279712000617
7986,0.4409058282357828
7987,-0.22129950408328386
7988,1.1313832741555738
7989,0.2790122378995678
7990,-0.15839016168737027
7991,-0.0629443569205286
7992,-0.20211195032324064
7993,-0.31694065291007967
7994,-0.1869701101197788
7995,-0.21606942394900347
7996,-0.36838672367152786
7997,-0.1539982253336675
7998,-0.06755601694836204
7999,-0.2837431844366346
8000,-0.20579375535438146
8001,-0.22384636644252381
8002,-0.35451011286254996
8003,-0.3034991368785689
8004,-0.27618808500489256
8005,-0.3139902430065388
8006,-0.3417082152732623
8007,-0.11142333475794074
8008,-0.21701647117991255
8009,-0.33194588559055954
8010,-0.19112861483535928
8011,-0.41848661967574663
8012,-0.3644307257282327
8013,-0.16724940235561253
8014,0.22505755164510802
8015,-0.20134044961932102
8016,-0.36709678050264494
8017,-0.16125710978211422
8018,0.5961349674898311
8019,-0.37486660101732644
8020,-0.27421577064403874
8021,-0.07225886426529872
8022,-0.21453723204730044
8023,-0.32893522765903527
8024,-0.1673963033177621
8025,-0.20161273631581278
8026,-0.381923571140208
8027,-0.15420727156091252
8028,0.06586052357076969
8029,0.30729809390244933
8030,0.21723561483507484
8031,0.20125621052453374
8032,0.011050817920685668
8033,0.327547170884488
8034,0.06457564156143875
8035,0.048206228245876837
8036,-0.9747318101079722
8037,0.19812032180728842
8038,-0.15001287345412523
8039,0.13246894039235813
8040,0.7180504648740875
8041,0.10875554733762526
8042,0.312317322999304
8043,0.13591846786432163
8044,0.40699717219578146
8045,0.4228732577229857
8046,-0.03073578405928445
8047,0.5363058210165128
8048,0.27181110392468816
8049,-0.39273138017709164
8050,-0.7592015647634863
8051,-0.3516856136867673
8052,-0.12098855654370778
8053,-0.3211658148646964
8054,-0.6320434881039375
8055,-0.16296302295390447
8056,-0.1147785294134685
8057,-0.4642388768962081
8058,-0.7510821010844173
8059,-0.42412235639904244
8060,-0.15524622740547056
8061,-0.3354060419199747
8062,-0.5353396783291261
8063,-0.2958335945858771
8064,-0.17022200083582342
8065,-0.4538505764872669
8066,-0.9349112103877224
8067,-0.4150039890261111
8068,-0.1300192410919076
8069,-0.3308930667750694
8070,-0.9852544816780885
8071,-0.4307636984848427
8072,0.12560058568332433
8073,-0.4506093384577128
8074,-0.5921971008413954
8075,-0.2427265554700489
8076,-0.014689924595679747
8077,-0.39834289697048547
8078,-0.6612500082551933
8079,-0.2101129081379567
8080,-0.08719092610422503
8081,-0.4288263046383108
8082,-0.6527324922914516
8083,-0.41154636618126367
8084,-0.11937744543259667
8085,-0.4254396402128306
8086,-0.5777242539874872
8087,-0.45191057300858134
8088,-0.11651962137636422
8089,0.56350657939166
8090,-0.7749913432051532
8091,0.33431383101395945
8092,-0.9146239402958009
8093,0.0964512588006217
8094,-0.509346369626632
8095,0.10785217092622298
8096,-0.7834655623519098
8097,0.13435833256896182
8098,-0.9270999963537034
8099,0.2158995493024053
8100,-0.9155913609766541
8101,-0.3420992261225588
8102,-0.6640196839953089
8103,-0.8630920312994849
8104,0.1593101889903191
8105,-0.8793048924634351
8106,-1.3284963945602872
8107,-0.5127494172429988
8108,-0.7695428022366451
8109,-0.8251835302254414
8110,-0.14159875862865898
8111,-0.8004274079389094
8112,0.25861444555272894
8113,-1.2201441523691912
8114,-0.14058585543745153
8115,-0.9336976875846459
8116,0.23469311150041314
8117,-0.8201769476387132
8118,-0.34904186556156336
8119,-0.7921223237941566
8120,0.3606766268882771
8121,-1.280734371246398
8122,-0.35263035585251146
8123,-0.7249550253856182
8124,0.26279565908781294
8125,-1.1378284849226992
8126,-0.33130890221746334
8127,-0.6842441163605124
8128,0.22787917067342264
8129,-0.9259161588694095
8130,-0.1088904655400934
8131,-0.656797824390945
8132,0.39397625386034124
8133,-0.9656060105415174
8134,-0.33513184675280555
8135,-0.7015260052911865
8136,0.31767411812059587
8137,-1.1119885277222101
8138,-0.1454563962618783
8139,-0.7514903703396132
8140,0.36884246203398535
8141,-1.3106250700242943
8142,-0.3525768747996185
8143,-0.8802344918006341
8144,0.3202548718774707
8145,-0.13338526923021018
8146,0.13664082772497613
8147,0.02185148862205491
8148,-0.41935386825713644
8149,-0.502747936190061
8150,-0.2192899524462249
8151,-0.16651082744430362
8152,-0.29897556386129176
8153,-0.5764491254226127
8154,-0.08587449966598305
8155,-0.18837287022574664
8156,0.48822049149796215
8157,-1.1003940045614298
8158,-0.013199871693244354
8159,-0.5193694917788118
8160,-1.1000450932085624
8161,-0.029123396492436476
8162,-0.2572448307254361
8163,-0.19457720188046237
8164,0.07999650752007745
8165,0.043948829517926204
8166,0.13098446038719078
8167,-0.2174266969221663
8168,0.08878668278484302
8169,0.035339118533565424
8170,-0.19395774968451232
8171,-0.02285970689200429
8172,0.09275418813423679
8173,0.13583892334032233
8174,-0.1503579506297179
8175,-0.25870526279669764
8176,0.06520141172805027
8177,-0.020103743636708183
8178,-0.04095916643681877
8179,-0.19883382551143666
8180,0.09702814831415815
8181,0.10702271563705579
8182,0.10349490913241229
8183,0.09361109578476054
8184,-0.814078712034425
8185,0.9902733555836054
8186,0.010286493220534496
8187,-0.7009376267459677
8188,0.6896113454930537
8189,0.009365330162014395
8190,-0.9282422077471564
8191,0.8256918027800055
8192,0.1575867298923635
8193,-0.7868365132603974
8194,0.7815257607135729
8195,0.12754460398825798
8196,-1.0516565701317302
8197,1.5235099722267946
8198,0.10902818022002816
8199,-0.9946108083551235
8200,1.1197275186826126
8201,0.0959869097241945
8202,-0.8741060944102825
8203,1.1997160135362301
8204,0.24864607882179995
8205,-0.9351530542147628
8206,0.6314095536017055
8207,0.10472091335018618
8208,-0.9208607200506889
8209,0.6978368245686885
8210,0.10752849083049733
8211,-0.9550006932433286
8212,0.7236844849922806
8213,0.11193737310828551
8214,-0.8234641843693952
8215,1.5254149920721825
8216,0.09242156157755584
8217,-0.8884977781683511
8218,0.8984227548137114
8219,0.11596697674054167
8220,-0.8017819298320802
8221,0.7340492559011454
8222,0.09479538092105205
8223,-0.9277398898227747
8224,1.281357677096119
8225,0.09799857748825196
8226,-0.8378681900861555
8227,0.659525911358098
8228,-0.9214990964029932
8229,-0.4285904735130471
8230,-0.2570190035831633
8231,-1.1230162493056366
8232,-0.15375966962891624
8233,-0.2653985297003222
8234,-1.12639937162351
8235,-0.8178776541932615
8236,-0.3216747343927401
8237,-1.2202722886655044
8238,0.10356811496045573
8239,-0.40126079519560665
8240,-1.1839534019697222
8241,0.0985223548826277
8242,-0.2765285335076033
8243,-0.8544714498954916
8244,-0.06301737042667138
8245,0.04218778554805182
8246,0.18420704248471098
8247,0.6533904957190896
8248,2.1734262954237087
8249,0.4266560439429785
8250,0.4723169179116266
8251,-0.5631030036796572
8252,2.1637559807084696
8253,0.5502155632316834
8254,0.925673789659623
8255,-0.10661883590779744
8256,0.5327811424407455
8257,0.2619698229755525
8258,-0.6766166938443995
8259,2.254027423852516
8260,0.45420458264038566
8261,0.5544709376837267
8262,-0.6810649663550247
8263,2.1274838376869174
8264,0.47540714402634393
8265,0.7898365994294623
8266,-0.7057802728335506
8267,2.1782134557588324
8268,0.5379521176120998
8269,0.866112827112675
8270,-0.5503522998395872
8271,2.076150485791007
8272,0.4748942793041867
8273,0.41196304174671877
8274,-0.6202164729930384
8275,2.0913445518473983
8276,0.40311857981971616
8277,0.4557621982114364
8278,-0.7089554250241781
8279,2.239559352017165
8280,0.4228355998059509
8281,0.3392200728271516
8282,-0.7620303182744119
8283,2.1400755582802087
8284,0.3993568013653107
8285,0.3860262627596123
8286,-0.40292635993382453
8287,2.190265094336557
8288,0.340402219127519
8289,0.2781402382246333
8290,-0.22606749180490351
8291,0.24434210185974956
8292,-0.8847493422205038
8293,0.21701425689129383
8294,-0.2201020234236763
8295,0.24126459265369934
8296,-0.3613132489306033
8297,0.44809116116034065
8298,-0.9820457587337313
8299,-0.14266742949095418
8300,-0.2299213325829792
8301,-0.8269914283558705
8302,-0.15053330865546305
8303,-0.2240916944269277
8304,-0.25714278137304003
8305,-1.0108213998893698
8306,-0.13446573163636763
8307,-0.2115245218021123
8308,-0.14574853134417576
8309,-1.2021541804059686
8310,-0.2564374663557954
8311,-0.20644964975668018
8312,-0.18091900181744477
8313,-1.067337130365227
8314,-0.28341533824510406
8315,-0.23382384939907394
8316,-0.14187257858660854
8317,0.43107778666603014
8318,0.09128484910047745
8319,0.41980269186424857
8320,0.43395244265793576
8321,0.22182334349875116
8322,-0.885544052214928
8323,0.3999103031952441
8324,-1.0821218188529536
8325,0.3820656998904173
8326,0.2174274130568462
8327,-0.9088431744331911
8328,0.47528013186715556
8329,-1.486152101781886
8330,0.33850825660966877
8331,-1.013190101532998
8332,0.3523280979707599
8333,-1.3137955828882293
8334,0.5478610876447562
8335,-0.8105995999647372
8336,0.34836884437139015
8337,-0.6940324033301557
8338,0.26317251460221686
8339,-0.7161481067974809
8340,0.352670752165311
8341,0.38399074577471515
8342,1.0716939093968378
8343,1.240216921700232
8344,0.34670365530495606
8345,0.033528157394154275
8346,0.3644794422695765
8347,1.0499283596097142
8348,0.4193477772250163
8349,-0.35204211760623505
8350,0.6979001364320085
8351,1.0421519498715954
8352,0.6096029126900707
8353,0.06001186981958869
8354,0.4208634956004286
8355,1.1020595574266512
8356,0.4021952824633505
8357,-0.32770266901547673
8358,-0.6504137766479907
8359,-0.1425916715450031
8360,-0.6706253446711081
8361,1.7142723970981197
8362,-1.2875996479282743
8363,-0.1614160334027777
8364,-0.25776161733316655
8365,1.9865816510816254
8366,-1.0091342382639592
8367,-0.07860462412238621
8368,-0.1460212247319316
8369,2.038358568469348
8370,-1.433067468864327
8371,-0.09864919815568718
8372,-0.977333558906502
8373,2.047252232303247
8374,-0.9558491315037353
8375,-0.799671816210789
8376,1.9820688764982919
8377,-0.936465222446096
8378,-0.14211397805396606
8379,-1.1464783868070254
8380,2.0886848929407167
8381,-0.9548275549862186
8382,0.17232509761130194
8383,-0.3054868627261655
8384,1.7207607853755884
8385,-1.3119407927772724
8386,-0.05745552869544867
8387,-0.6405081481491733
8388,1.9344588244565828
8389,-1.408726608101517
8390,-0.3616137320573854
8391,-0.185251587303316
8392,2.015806310666197
8393,-0.8506721150365324
8394,-0.07351267549130344
8395,-0.10310299681422516
8396,2.0679504669408115
8397,-0.953182376486614
8398,-0.5322433994528937
8399,-0.7603272566555299
8400,2.0908679984117553
8401,-1.3181477134605024
8402,-0.02657669605526027
8403,-0.6012379805956887
8404,2.070547673906198
8405,-0.334919933779537
8406,-0.1615751413625981
8407,-0.17913322678450816
8408,-0.29152972579711434
8409,-0.1716912132431075
8410,0.09204687044622795
8411,-0.017597275353060216
8412,-1.0363540125547404
8413,0.3754902190743112
8414,-0.21738203084532523
8415,-0.13686679250203912
8416,-0.0486466392065225
8417,0.44183479708488593
8418,-0.1285101266086798
8419,0.034131564436678134
8420,0.07615321236648499
8421,0.5537210891080532
8422,-0.2997553086445155
8423,0.04107751478230041
8424,-0.4734285477392499
8425,0.30378145818444513
8426,-0.24413592648031934
8427,0.04641781312639109
8428,-0.48057808102175403
8429,0.4084797225726837
8430,-0.4695321901598982
8431,-0.022626668181497066
8432,-0.2690533643416042
8433,0.328002537757518
8434,-0.1606313013422132
8435,0.3715767625250757
8436,-0.3964978576406697
8437,0.6616063742395453
8438,-0.11863640564757429
8439,-0.25513810009806687
8440,-0.17307731686840194
8441,-0.32792192531256287
8442,-0.356112134649906
8443,-0.16543948435127975
8444,-0.3149986336599367
8445,0.2772671635818136
8446,0.5096730927469305
8447,-0.28223293938961536
8448,0.42095177738362066
8449,0.38173611020485043
8450,0.14866438831108134
8451,0.459790618075874
8452,0.5254393261355029
8453,-0.2191769791259862
8454,0.37726698661846836
8455,0.6173971321941909
8456,0.01998325373905062
8457,0.7505865653474904
8458,-0.2671083511961277
8459,0.049810240059727035
8460,-0.3478906411022679
8461,0.9826844225305003
8462,-0.6293314009294864
8463,0.4363036600654995
8464,-0.041046821281609414
8465,0.5890722857751732
8466,0.93281438084395
8467,-0.38643002806244675
8468,-0.8206261195159048
8469,0.43819045272885837
8470,-0.6605708086292932
8471,-0.7875597860851449
8472,0.640346642021439
8473,-0.11657059349720393
8474,-1.0647118053331832
8475,0.6196037400932076
8476,0.19004854861715947
8477,-0.8544344589459526
8478,0.7578090561345748
8479,-0.7027807663520017
8480,-1.1467358050846936
8481,0.5385919172367122
8482,-0.2103025900091934
8483,-1.044044336329431
8484,0.5458291854500783
8485,-0.5598358447652565
8486,-1.0068617362241605
8487,0.6532333709478759
8488,0.32641353328311473
8489,-0.839326513497713
8490,0.009105235824048982
8491,0.6145479902206091
8492,0.6522620557343501
8493,-0.28325377986261385
8494,0.1331795516986701
8495,0.12044701675489757
8496,-0.18534956580507367
8497,0.07142324546076174
8498,0.23025676709835521
8499,-0.21597632548660223
8500,0.1386208344427933
8501,0.12423043633860908
8502,-0.006504310849504683
8503,0.08996960440176487
8504,-0.007239990117861172
8505,-0.08456641772409854
8506,0.30725659287820706
8507,0.09677652799012633
8508,-0.3492907880853524
8509,0.3047054515556863
8510,0.3377438762193644
8511,-0.013984180806362056
8512,0.04994167806744521
8513,0.13067468998007992
8514,-0.22235742636832134
8515,0.047368950794717916
8516,0.17719905545333886
8517,-0.21840428215621013
8518,-0.07689550215281533
8519,-0.27767645086985854
8520,-1.0201332232711324
8521,0.16438410460888508
8522,-0.7227471904221648
8523,-0.2107975063079585
8524,0.06617828595283001
8525,-0.8730996960166401
8526,-0.2804906716867187
8527,-0.02619239257651565
8528,-1.0148295297921759
8529,-0.192618873518667
8530,-0.26206623397706696
8531,-0.18437163413461388
8532,-0.029708706922471417
8533,-0.1851550452988622
8534,-0.24709095788433535
8535,-0.2476279562792888
8536,-0.19600291993797903
8537,0.35206195283797126
8538,-0.16991893386784604
8539,0.07416245446219034
8540,-0.1620822898545215
8541,-0.29537693275362575
8542,-0.18684722165574472
8543,-0.2763586386930941
8544,-0.285958121065175
8545,-0.10471522756107932
8546,-1.0297415278687387
8547,-0.332273277047379
8548,0.04022769147429038
8549,-1.020640533433384
8550,-0.19985557773151774
8551,0.012995355036457368
8552,-1.0438042965744814
8553,-0.30877117753365935
8554,-0.05436020190255478
8555,-0.9936301846144895
8556,-0.3179665528878951
8557,0.025784070365099956
8558,-0.8747878582852333
8559,-0.26677953449843683
8560,0.1448752694635138
8561,-0.8644395733217833
8562,-0.267536368306373
8563,-0.02965349863987338
8564,-0.2865963018867738
8565,0.12650515545448568
8566,0.8166261830607858
8567,-0.13009221889356717
8568,-0.027140032266028447
8569,0.016134355117977565
8570,-0.3327784460361808
8571,-0.05100545851174172
8572,0.5773336181340106
8573,-0.07712715474408358
8574,0.25353285595628167
8575,-0.4462091775990599
8576,-0.5137203681853653
8577,-0.08876387803523933
8578,-0.08845699753279643
8579,-0.3796433984129871
8580,-0.5791928943774759
8581,-0.008854304604323557
8582,-0.07977352077951638
8583,-0.15923609884101483
8584,-0.7612659472430804
8585,-0.3700749962423666
8586,-0.41429951726494363
8587,-0.5232713220657677
8588,0.08248658641569302
8589,-0.028965383743147607
8590,-0.017096697441443074
8591,-1.0330663210819764
8592,-0.49494932975915223
8593,-0.5710837024670866
8594,-0.05579630846831197
8595,-0.0844194307973918
8596,-0.43677071219344343
8597,-0.518474224651213
8598,-0.4058615780774661
8599,0.07014885842895241
8600,-0.4337341194010443
8601,-0.6731967797242351
8602,-0.11131787659394424
8603,-0.09619926664419216
8604,-0.4461404641487675
8605,-0.580496275814988
8606,-0.2803204487200793
8607,-0.1036265099572286
8608,-0.42039600194165394
8609,-0.6920691293936455
8610,-0.2796713142875292
8611,-0.10124354983982724
8612,-0.27331462539747653
8613,0.07646331054496196
8614,0.14060282117753986
8615,0.221877738092353
8616,-0.27057661226968405
8617,0.12324751243950399
8618,0.3283380842430964
8619,0.11435720786258749
8620,-0.07383028140069454
8621,0.12107892879634999
8622,0.06830323739723018
8623,0.03032086894699931
8624,-0.38806508888085833
8625,0.10945829016046452
8626,0.20230864120032221
8627,-0.08755215672814792
8628,-0.3048766820284666
8629,-0.7612659472430804
8630,-0.08809127381162542
8631,-0.1051672683408175
8632,-0.4565009386747503
8633,-0.6456417917263916
8634,-0.41939771018229954
8635,-0.4799711820437559
8636,-0.35349834045309175
8637,-0.7413321556692806
8638,-0.3052827367125048
8639,-0.09715293469720239
8640,0.16792133363834705
8641,-0.7056317773205424
8642,-0.3811076817987421
8643,-0.03652898185634215
8644,-0.32232502098285765
8645,-0.7606303276796988
8646,-0.24306792168068905
8647,-0.12671583559139435
8648,-0.3758630186551124
8649,-0.5076247280119396
8650,-0.1545006946545013
8651,-0.21794949829409505
8652,-0.25524809574807084
8653,0.12641296046817782
8654,0.03853235243587835
8655,-0.35738376112470704
8656,-0.34827347223933386
8657,0.13711644036959839
8658,-0.4422521381053266
8659,0.10315731601787015
8660,-0.8431132376261101
8661,0.08873111429860228
8662,-0.7539198405016222
8663,0.053402946296117984
8664,-0.7441269740177457
8665,0.10506558568224174
8666,-0.8815191396652695
8667,0.12001601015540676
8668,-0.9596291874006855
8669,0.08256923905142717
8670,-0.7637658429529076
8671,-0.3018501725560124
8672,-0.756152730899641
8673,0.01686196396952807
8674,-0.3785919154960784
8675,-0.6459599735445735
8676,-0.12170649513351062
8677,-0.43677071219344343
8678,-0.9445288271773017
8679,-0.22219797600945176
8680,-0.40413211960381856
8681,-0.5758437024336075
8682,0.38949502463489377
8683,-0.37782297704814777
8684,-0.5177428534702109
8685,-0.17168221108693033
8686,-0.1993936229053126
8687,-0.6409389788039547
8688,-0.3560138866711495
8689,-0.3719580654675429
8690,-0.5990098405088138
8691,0.08929073595146306
8692,-1.1538170247701374
8693,0.0324739763623584
8694,-0.867379274982993
8695,0.43149451731291427
8696,-0.9515716057150442
8697,-0.2651678365055793
8698,-0.9006106399031714
8699,0.3265774794852354
8700,-1.1111940207672506
8701,-0.30649631876770655
8702,-0.921852414177726
8703,0.300439269094387
8704,-0.9932784263013836
8705,-0.21170773930527084
8706,-0.8542302598182152
8707,0.28983421647876234
8708,-0.9311555689709708
8709,0.1450311219020633
8710,-0.705535340833765
8711,0.3615481655726312
8712,-0.8187899469286718
8713,-0.20114301084283975
8714,-0.8102523801680138
8715,0.3433340404182052
8716,-1.0463015393653599
8717,-0.19274502947760674
8718,-1.217747761133014
8719,0.2915007515473314
8720,-1.0409070397964881
8721,-0.22317007196775915
8722,-1.073254039723322
8723,0.3566472022298732
8724,-0.9387065404007597
8725,0.28314162585903097
8726,-1.1105183455665675
8727,-0.09139868872278678
8728,-1.0518050813812114
8729,-0.1860403267931224
8730,-1.1137671147950248
8731,-0.25147396779178854
8732,0.12290523470695744
8733,-1.1157237783614193
8734,-0.17614317479036984
8735,-1.0559195275704418
8736,-0.1861274134662898
8737,-1.2457637749016692
8738,-0.3855115609071177
8739,-0.7857233625490179
8740,-0.2646432337649128
8741,-0.987878235414058
8742,-0.4290868039135436
8743,-1.0592997642967934
8744,-0.3624923644154175
8745,-1.0205582559781408
8746,-0.2849099054273444
8747,-0.9121276629975422
8748,0.36518289546875543
8749,-1.169324503556488
8750,-0.3671961264161235
8751,-1.1065167682666206
8752,0.10282152191350899
8753,-0.9315982533273218
8754,-0.06402009692687041
8755,-1.020186377852411
8756,0.281475443642677
8757,-1.0744784861278038
8758,-0.09433774425693231
8759,-1.0069208440072053
8760,0.25921494066232376
8761,-0.9374835298114039
8762,-0.13182680395921398
8763,-0.90753965697621
8764,0.3643667648332297
8765,-1.0573092005395628
8766,-0.16368379618227896
8767,0.0656406230548842
8768,0.16618076007048763
8769,0.027061306788076986
8770,-0.24581641591762943
8771,0.11142850142412375
8772,-0.045252801894682525
8773,-0.05364311104516072
8774,-0.21882030962645935
8775,0.11507888733844306
8776,-0.041639930848629866
8777,-0.04864097434274117
8778,-0.18889439369435804
8779,0.16280390905453965
8780,0.14266216918257754
8781,-0.037543974171178836
8782,-0.24540693473541847
8783,0.05402673030575658
8784,-0.10277007996118376
8785,0.048247548731904136
8786,-0.45700043475402546
8787,-0.4515466999737957
8788,-0.29083477805674646
8789,-0.030252744314674337
8790,-0.12873375150029806
8791,0.03715694273043272
8792,0.11546188376247968
8793,0.01743136512971405
8794,-0.19992120414268527
8795,0.10444128239639966
8796,0.14810689857546636
8797,0.014118897443790674
8798,-0.22745353479844194
8799,0.07858826988374616
8800,-0.06944790220992236
8801,-0.05295476103121495
8802,-0.1768563555845595
8803,0.09060369219210042
8804,0.25818803281501246
8805,-0.21193502532711495
8806,-0.011035133923776861
8807,0.13280526284413385
8808,0.2355503401462497
8809,0.1697219764426938
8810,-0.24983266043032507
8811,0.050384049134310153
8812,0.08919948945897221
8813,-0.08779259322081095
8814,-0.19685197439724958
8815,0.05640829187384509
8816,0.12135442061444694
8817,0.044814724707572806
8818,-0.23136050433630814
8819,0.05288896622313655
8820,0.16381060153381516
8821,-0.05517631143574919
8822,-0.21572950560054482
8823,0.1103604168552397
8824,0.05329138438567479
8825,-0.09927520071611919
8826,-0.16897213991527077
8827,0.07996891449624037
8828,0.03524748975055774
8829,-0.007648674761927301
8830,0.07112452208013775
8831,0.15009006653516704
8832,-0.044223448134140794
8833,-0.15553331520550798
8834,0.09483784946079941
8835,0.24151630128671242
8836,-0.041150238086126986
8837,-0.14362121065445987
8838,-0.1466457562575538
8839,0.16311210236433804
8840,-0.08462723007532297
8841,-0.22149963136828085
8842,0.11364584054949789
8843,0.09540067375933768
8844,-0.06352003400701944
8845,0.10762699476618608
8846,-0.806637611174158
8847,0.933486639262635
8848,0.06153125107407406
8849,-0.9640133692608938
8850,1.237976339445991
8851,0.12779672309535883
8852,-1.048899010317011
8853,0.9272553953055654
8854,0.10056890610327855
8855,-0.7975091060924099
8856,0.8307707219842209
8857,0.11042062634809952
8858,-0.8888302419550844
8859,0.9645012289827334
8860,0.07321872011624923
8861,-0.6209210374925173
8862,1.19236498331586
8863,0.03776667199363008
8864,-0.5976554011512673
8865,0.9722102970676986
8866,0.10892174912736934
8867,-0.5744860018012673
8868,1.7548798676193922
8869,0.11871770401409028
8870,-0.419593626847532
8871,0.21316239130080322
8872,0.11002434604718604
8873,0.13344499864185394
8874,-0.49862530160048324
8875,0.43923435283943885
8876,0.02481665052111161
8877,0.10251384692427934
8878,-0.43944446896822525
8879,0.4903117556774787
8880,0.23199456782208042
8881,0.06909498756283525
8882,-0.7117387169103716
8883,0.6031572342812027
8884,0.06719908136509628
8885,0.08843270418715024
8886,-0.6356068701699668
8887,0.6221942097899958
8888,0.0498249041422642
8889,0.08688233190128053
8890,-0.6837254337127636
8891,0.5057324443365937
8892,0.025974293023003192
8893,0.14870821873451784
8894,-0.6983260058784042
8895,0.6685387729038885
8896,0.21667154305101588
8897,0.2780146873924897
8898,-0.6550776117068231
8899,0.5362603127133624
8900,0.022352954481155863
8901,0.11387052222985934
8902,-0.6371586114888728
8903,0.6305216927745226
8904,0.32489509850731124
8905,0.12889095599238223
8906,-0.8429277462126518
8907,0.8984394006679106
8908,0.0635938918611575
8909,-0.9059873301162473
8910,0.8856706972876329
8911,0.13700394838808094
8912,-0.8287305154454557
8913,1.520395549462488
8914,0.036643884169877176
8915,-0.8994226201744024
8916,0.6999716055584624
8917,-0.08743673209422481
8918,0.6415998689251665
8919,0.4298281752918382
8920,0.25716521278402277
8921,0.6237575023682219
8922,0.32047269974762543
8923,0.5256054942875841
8924,0.1540728805278494
8925,-0.0875506415432648
8926,0.08014315443198713
8927,-0.09167850689633847
8928,0.3174288292419339
8929,-0.05379507766401965
8930,0.4862542694517327
8931,-0.22117146760841608
8932,-0.31751916526172813
8933,0.011620782976682472
8934,-0.2937952737660454
8935,-0.2540059410199309
8936,0.37582385069555535
8937,0.757373321119361
8938,0.46160921902062335
8939,0.48977701632019205
8940,0.32655150750677914
8941,-0.7021713967531542
8942,1.7035017401131245
8943,0.355930249622675
8944,-0.8015106228541234
8945,1.8569983141262443
8946,0.44626933882955205
8947,0.38358236369139187
8948,-0.5675328963924221
8949,2.2845003438956852
8950,0.3439177043559185
8951,0.3632556878118368
8952,-0.7688618325216321
8953,2.123500154703234
8954,0.4244425383965189
8955,0.3773530418869345
8956,-0.6275868874682128
8957,1.934249909987083
8958,0.4035538653580194
8959,-1.0722831829763673
8960,-0.18055713331494627
8961,-0.23209742765538585
8962,0.3234616685654767
8963,-0.6366399999691708
8964,1.7906858505787426
8965,0.4178085512650243
8966,0.5660809669238607
8967,-0.6042239744175876
8968,2.2195628066955515
8969,0.4790825078823724
8970,0.5186328421277021
8971,-0.6705349167205392
8972,1.8271703684338267
8973,0.4953133818073059
8974,0.15450894420716244
8975,-0.6295027883905527
8976,1.9162516925710886
8977,0.49388710224195864
8978,0.8138759065959575
8979,-0.7308942725055564
8980,2.154975963030666
8981,0.4893184692365046
8982,0.7579461248013799
8983,-0.7360749287806436
8984,2.266545390327501
8985,0.35997254442895477
8986,0.7554400875865588
8987,-0.5872865520930979
8988,2.168268393423987
8989,0.4950135982059711
8990,0.46419077840916634
8991,-0.513694274980816
8992,2.093366547682416
8993,0.5716713086683956
8994,0.35838670053571925
8995,-0.4563100293636648
8996,2.291763318510456
8997,0.5197233644385667
8998,0.3137111318295171
8999,-0.8203907924135173
9000,2.1862746551925807
9001,0.35876809578047175
9002,0.48407573340553994
9003,-0.48933968702552133
9004,2.184443695617649
9005,0.431741361891495
9006,0.3252601140582152
9007,-0.4431095455849211
9008,2.199227593537912
9009,0.41815444327832213
9010,0.3773530418869345
9011,-0.5171130429364753
9012,2.2575185659847046
9013,0.4473000001985955
9014,0.46118758918257674
9015,-0.5557659216198667
9016,2.3221349936163653
9017,0.5299369955016656
9018,0.3562765088322352
9019,-0.4724374157485416
9020,2.1395562104335175
9021,0.5009221289908872
9022,0.4620014913369367
9023,0.12157226800483661
9024,0.6258060588082228
9025,0.17939472238211224
9026,0.6395350313001554
9027,0.18712705344365374
9028,-0.3905664599720185
9029,0.3010438497947179
9030,-0.08518669986967053
9031,0.23425784963318683
9032,-0.1348351598021123
9033,0.19579468333991484
9034,0.9454134711630618
9035,0.704334389768848
9036,0.7246524144676053
9037,-0.40021456857861565
9038,0.8853468609916457
9039,0.45509486277374367
9040,0.3010255031565278
9041,-0.3669090297032051
9042,0.24735371402721784
9043,0.4305892746201545
9044,0.2257000683342446
9045,-0.5258440101539783
9046,0.8022896410075472
9047,0.6109707565689884
9048,0.27988176335975823
9049,-0.48543163467469286
9050,0.45703587446618066
9051,0.5908767373790256
9052,0.43107778666603014
9053,-0.40066288715984383
9054,0.32789323197152476
9055,0.518332835490701
9056,0.21179035933064982
9057,-0.4083859486045784
9058,0.3121898312493689
9059,0.6614074849702052
9060,0.22347441332841558
9061,-0.35224545460114964
9062,0.4576861042697067
9063,0.589926637223711
9064,0.2806066062193969
9065,-0.37662715515461737
9066,0.28838626604401035
9067,0.9417524917900605
9068,0.5371808325243399
9069,-0.37167819304023003
9070,0.5237517362318077
9071,0.42859999043730296
9072,0.1528944534070802
9073,-0.386697478154102
9074,0.4000965046805447
9075,1.0176571448925034
9076,0.536874457036826
9077,-0.41662548219060475
9078,0.32910091878350334
9079,0.7342311644079839
9080,0.47330114720223143
9081,-0.5444915868501606
9082,0.7024886715650929
9083,0.6323280881492428
9084,-0.49457851031420635
9085,0.1626815043756187
9086,0.6558308814476272
9087,0.22805277156781648
9088,-0.5220259570329111
9089,0.6986625403528003
9090,0.963389140675357
9091,0.6224330904274636
9092,-0.37677788163834525
9093,0.39717738372356404
9094,0.7593944175926424
9095,0.32431887315460245
9096,-0.46141198909448355
9097,0.2792351864706769
9098,0.625294485434684
9099,0.21976869327081042
9100,-0.29746741194592907
9101,0.40203398730325624
9102,0.6639729456636124
9103,0.22805277156781648
9104,-0.4196288748625733
9105,0.27647787602220764
9106,0.7143460273950574
9107,0.2923982051035212
9108,-0.5021075245836722
9109,-0.16669626517150787
9110,-0.704359029648585
9111,2.102383480199622
9112,-0.13391539467987087
9113,-0.27870860481598825
9114,-0.6534712883906874
9115,1.9843282477999977
9116,-1.4582165470552777
9117,-0.1624953582868331
9118,-0.6286425913030572
9119,1.9629499481301482
9120,-0.14233317696309886
9121,-0.6548231373222627
9122,2.0818035490716205
9123,-1.016624198966037
9124,-0.13924814542777753
9125,-0.6499019327398982
9126,2.002521705222663
9127,-1.047835284729818
9128,-0.37436383349375374
9129,-0.5861837155939921
9130,1.9475146488665462
9131,-1.0339973048665378
9132,-0.674509417982006
9133,1.986472191190286
9134,-1.3171139686279574
9135,-0.8602382673915446
9136,2.007575173055886
9137,-0.8827929687983956
9138,-0.764504739397422
9139,1.932608714051016
9140,-1.3895670865795526
9141,0.1506899974269555
9142,-0.23501081547634922
9143,1.9933187725961212
9144,-0.8496945763700731
9145,0.255451428513649
9146,-0.32085942528599376
9147,2.169543746581498
9148,-1.1692893234784514
9149,-0.09138638003348837
9150,-1.0267389983521589
9151,2.0154099612239524
9152,-1.3012629000315137
9153,-0.13082719014557384
9154,-0.6932447712243859
9155,2.0647454434490102
9156,-1.0389233888610552
9157,-0.05644559136866856
9158,-0.18781558429897263
9159,2.170101959735158
9160,-1.4488917073194658
9161,-0.08937561762692565
9162,-0.6710700574466656
9163,1.9956296788038341
9164,-1.404110570185203
9165,-0.16341259353624288
9166,-0.7376702257365441
9167,1.5445362158945029
9168,-1.0100196729800806
9169,-0.22244575368661515
9170,-0.6346469119340546
9171,1.9089305832085806
9172,-1.2882615748214115
9173,-0.1619160334027777
9174,-0.5620604722574238
9175,2.023569124611453
9176,-1.4235046425294675
9177,-0.03987788065955732
9178,-0.7947631611422089
9179,2.0144374477171625
9180,-1.4062241467843302
9181,-0.26681274943106165
9182,0.4121495351554411
9183,0.2788087499793562
9184,-0.14299796833005085
9185,0.3969853546156042
9186,0.22385591639266433
9187,-0.28173566389907817
9188,0.3664578538088819
9189,0.2768405648739837
9190,-0.14143812647157694
9191,0.40547613660382686
9192,0.22382568544807122
9193,-0.2667959655002211
9194,0.5618259971958579
9195,0.3219191617646047
9196,-0.27082541420321066
9197,0.38234519081540885
9198,0.32065681692059583
9199,-0.13223457078264744
9200,0.4320214560819128
9201,0.44765239645858584
9202,-0.270360392552974
9203,-0.3481397040816333
9204,-0.2105862094265049
9205,-0.2367462924276415
9206,-0.24577488309025625
9207,-0.1709836657441871
9208,-0.27556656364075266
9209,-0.14140462889823005
9210,-0.1524796007883835
9211,-0.31658956772262603
9212,-0.14493803165501765
9213,-0.3766498311279687
9214,-0.30254923787688104
9215,-0.13159663072573544
9216,-0.18008903916072236
9217,-0.3208749759564258
9218,-0.16550148502777487
9219,-0.16367192165447977
9220,-0.3424902600052258
9221,-0.15638991340650846
9222,-0.21910951815143542
9223,-0.2147962924612212
9224,-0.16417058846659854
9225,-0.28388142110028347
9226,-0.09376444525615273
9227,-0.14358752396906593
9228,-0.2385613685907801
9229,-0.08966566864431899
9230,-0.1010352526884929
9231,-0.061667562459464
9232,-0.10364665880258225
9233,-0.5021551150178377
9234,-0.22374832786551901
9235,-0.009151508589280787
9236,-0.42966064221331546
9237,-0.15524667631780664
9238,-0.12934452800873614
9239,-0.4382455620316383
9240,-0.15767065889674126
9241,-0.14931919001053073
9242,-0.165084070217741
9243,-0.14091960019423222
9244,-0.27004683950736574
9245,-0.05918106462228565
9246,-0.19372218301167274
9247,-0.16271967168093596
9248,-0.2879685307639601
9249,-0.18365680256396932
9250,-0.15134414615150824
9251,-0.2228488965304295
9252,-0.2989060414744678
9253,-0.28369941692879463
9254,-0.1501175788943753
9255,-0.2077262585350503
9256,-0.34654506164644566
9257,-0.16901852194939207
9258,0.06878529863932847
9259,0.20382537285729793
9260,0.04980118036229159
9261,-1.366079681054931
9262,0.20919722591887246
9263,0.07686214193128267
9264,-0.931418060027281
9265,0.20409159032220187
9266,0.1260044394405531
9267,0.07123087118375293
9268,-0.8910678227318154
9269,0.2743301244183536
9270,0.10184102243946784
9271,-0.9942363440630949
9272,0.30117499383406127
9273,0.1754972750185104
9274,0.05910851327615726
9275,0.17540105277206192
9276,0.377933427300856
9277,0.05724944571656864
9278,0.2947036032412956
9279,-0.24982115605460856
9280,-0.6009272954551416
9281,-0.2914499837665376
9282,-0.07743992937020264
9283,-0.32391266626782317
9284,-0.485933803182853
9285,-0.30713773715039555
9286,-0.2275375316157157
9287,-0.4260032354099911
9288,-0.5745527266658208
9289,-0.33195683599099374
9290,-0.09148473052321573
9291,-0.3070758680007481
9292,-0.9523440396254214
9293,-0.34445241574813434
9294,-0.11943400402338786
9295,-0.4173396343803238
9296,-0.6654249985079678
9297,-0.36355111053581657
9298,-0.09202075030243563
9299,-0.3035852396805365
9300,-0.5748811153740799
9301,-0.3774244435679875
9302,-0.17660361366277036
9303,0.35077073554421917
9304,0.22794810299757276
9305,-0.25687615656964147
9306,0.13231534145461354
9307,0.2813531337662745
9308,-0.1795733902594116
9309,-0.29969598323851876
9310,-0.6905752661730414
9311,-0.3189603152599382
9312,0.08285802375470117
9313,-0.4315791189613092
9314,-0.389796483670726
9315,-0.1479323749041488
9316,-0.12953975485612393
9317,0.0940123928101415
9318,-0.9474899296564514
9319,0.11375406793852348
9320,-0.7613106203119152
9321,0.04375430053336008
9322,-0.8157349227084599
9323,0.10165325974903089
9324,-1.0449955418284675
9325,0.10817120460285187
9326,-1.0349310791423219
9327,-0.9669419970587929
9328,-0.22332575361153914
9329,-0.6406067975145502
9330,-0.24983629380084404
9331,-0.9791045317800705
9332,0.2441944779309695
9333,-0.3673975334927552
9334,-1.0584528871663235
9335,-0.018544026178933453
9336,-0.5574127064150636
9337,-0.9825223521663227
9338,-0.7291903476622983
9339,0.3211158056848306
9340,-1.0410179737310339
9341,-0.29116468248034405
9342,-0.8903537257203108
9343,0.32012979428273985
9344,-1.2263466777896046
9345,-0.37302025559055935
9346,-0.714946307624848
9347,0.275167644647609
9348,-1.1348267223769828
9349,-0.2470916958817937
9350,-1.1959611709766784
9351,-0.6526255559477726
9352,-0.26069741040631594
9353,-1.0962011605646198
9354,0.17533547782633815
9355,-0.9176808856185186
9356,-0.2588394749485329
9357,-1.2212452333909052
9358,0.24352723807933593
9359,-1.1477119960929791
9360,-0.3638120254936152
9361,-1.097522860735085
9362,0.5071886447869306
9363,-0.9533230043138345
9364,-0.5585194985746369
9365,-0.7312460746725147
9366,-0.04672284800898299
9367,-0.07497879927602553
9368,0.14094162567152396
9369,0.15892973430773275
9370,-0.05520851724161071
9371,-0.43188988608562834
9372,-0.5248713184423266
9373,-0.06495586411776635
9374,-0.19811592630755978
9375,-0.2631454617773607
9376,-0.7861301428489404
9377,-0.44992829174481835
9378,-0.09153508301372922
9379,-0.03588448181255759
9380,-0.5781240763315293
9381,-0.3479329229134957
9382,-0.010963578646233079
9383,-0.41927818540127976
9384,-0.902184393923984
9385,-0.03176147450979361
9386,-0.04281819808470587
9387,-0.008780287341074859
9388,0.08600777990377233
9389,0.41279504461594757
9390,-0.1593098026903893
9391,-0.07384028989484473
9392,0.11499284796031253
9393,0.1178567393048169
9394,0.09445715114158977
9395,-1.6933480368232772
9396,-0.09351366831593785
9397,-0.7197767123186424
9398,0.08950267042340129
9399,-1.6558041301070663
9400,-0.0880745924424924
9401,-0.819928571274139
9402,-0.012383739354631586
9403,-0.06938293885701122
9404,0.14556216138951317
9405,0.12103821302237659
9406,0.01247749948110096
9407,0.12509083796725615
9408,0.1854951941351989
9409,0.09363044911654651
9410,-0.3134526288440068
9411,0.13028413444267772
9412,-0.18895741436228533
9413,0.0854885213833643
9414,-0.25330067002844747
9415,0.041803800720239065
9416,-0.9099565590632522
9417,1.1049709443774491
9418,0.07598840375262667
9419,-0.9792878500406262
9420,0.9896063042911938
9421,-0.13187058093258092
9422,-0.7600054535570123
9423,1.0881879505382388
9424,0.13890698623249292
9425,-0.8209918929413771
9426,1.2179734556373754
9427,0.06907602579885266
9428,-1.0545410997613347
9429,0.9139057748230083
9430,0.049927913475640066
9431,-0.826706646341946
9432,0.891337659071662
9433,0.49365538956814625
9434,-1.0511643453825907
9435,1.1378818787280642
9436,0.13228581550409402
9437,-0.8602786275063604
9438,1.2861434246512795
9439,0.1248929537606024
9440,-0.9262511068262577
9441,0.9103031120091669
9442,0.10741937653679427
9443,-0.8924561231861283
9444,1.505327086622375
9445,0.1231471413035121
9446,-0.9198515393570483
9447,1.1363510225173996
9448,-0.9604291556348982
9449,-0.6655349738196213
9450,1.030290322872224
9451,-0.9266656918200373
9452,0.13967892329951112
9453,-0.6307783949026855
9454,-1.183178434255242
9455,-0.3517231904594832
9456,-0.5016633086961709
9457,-1.4848230448123134
9458,-0.473412123004206
9459,-0.04505176425705414
9460,-1.0592139031212835
9461,-0.10114333393176525
9462,-0.40429049559730107
9463,-1.1222176824674064
9464,-0.26619753195687784
9465,-0.06256198345788241
9466,0.1469444575024032
9467,0.4419457465284532
9468,-0.5878661044097213
9469,1.94695460692408
9470,0.3843914175516684
9471,0.1379429523629104
9472,-0.6686074651596733
9473,2.1880723716626997
9474,0.4838958975052588
9475,0.3387948518735655
9476,-0.6214245557958059
9477,1.987638307668969
9478,0.32420265237042417
9479,0.7928531821417736
9480,-0.6024478411626379
9481,2.049937258312594
9482,0.31413713534980525
9483,0.3491385323452004
9484,-0.7968257741859665
9485,2.206862632487242
9486,0.3816660904760479
9487,0.5886271187605154
9488,-0.6215356377096906
9489,1.937656327551503
9490,0.5409372984586447
9491,0.7514332510155988
9492,-0.663073508598816
9493,2.286404144874408
9494,0.44677382395026854
9495,-0.4523614629124596
9496,2.2561336791662012
9497,0.0884227260988019
9498,-0.555734710474833
9499,2.229545494645822
9500,0.46254533790576347
9501,0.3209247158987248
9502,-0.6001818826734481
9503,1.9485775783928518
9504,0.41392461853111456
9505,0.5263221027859379
9506,-0.5930974259680747
9507,2.1846794723634075
9508,0.3676857587401141
9509,0.5025152293066429
9510,-0.4751945464616841
9511,1.8799123585090232
9512,0.4187245418722846
9513,0.17928678456350164
9514,-0.26746204215644515
9515,0.11725878619397354
9516,-0.7264204328551007
9517,0.17572474798354648
9518,-1.0346505968471507
9519,0.17366602124238903
9520,-0.9975544923243487
9521,0.1787580887896366
9522,-0.4692879392012217
9523,-0.04281761740284314
9524,-0.18239419568625598
9525,-0.12557315546370446
9526,-0.9582606771022967
9527,-0.10223820089654644
9528,-0.18822267675848664
9529,-0.20181584697388297
9530,-0.7203216914371233
9531,-0.27002824539772735
9532,-0.23722371722273167
9533,-0.1482929246297613
9534,-1.0774665358463316
9535,-0.20263368740174836
9536,-0.2053020221717511
9537,-0.22056281602348735
9538,-1.3270894073943171
9539,-0.22161624658377352
9540,-0.2227064510898108
9541,-0.18812638234836268
9542,0.3120869597129069
9543,0.27316421634731325
9544,0.4031924803399117
9545,0.20707289519564598
9546,-0.7625975281936537
9547,0.23702463793017214
9548,0.23900264025612875
9549,0.592936999333089
9550,-0.8163938220908797
9551,0.4218274894698703
9552,0.372621541451865
9553,-1.7715808656831986
9554,0.21082168287519176
9555,-1.1944055545414713
9556,0.25868603994425565
9557,-1.0277985552926157
9558,0.22710848574118683
9559,-0.8090439963639416
9560,0.29297446651485726
9561,-0.8996164598153457
9562,0.2209338801754789
9563,0.8300112930570106
9564,0.5828157068694403
9565,-1.067251340181512
9566,0.23228677971417266
9567,0.6397374109289331
9568,0.5581863374607448
9569,0.2553830532919587
9570,-0.31071738521895653
9571,0.8222828311272358
9572,0.5710946901043795
9573,0.41193995822901747
9574,-0.2874051830030569
9575,-0.14912290320960536
9576,-0.6218609827287974
9577,0.6948783497637677
9578,0.42193642236550216
9579,0.48929075979033043
9580,0.4034605531267141
9581,-0.6980192839910142
9582,-1.0109799452478423
9583,-1.3650743806907923
9584,-0.16262762057853203
9585,-0.6042629090740228
9586,2.0825567614420604
9587,-0.9959187090823455
9588,-0.08258607631952054
9589,-0.2859510444649819
9590,2.00798391995352
9591,-1.367772519670692
9592,-0.16284159559768385
9593,-0.6220336649554797
9594,2.070452166344292
9595,-1.050000118122309
9596,-0.13523521815152897
9597,-1.006037117096533
9598,2.118689447861
9599,-1.368423344528489
9600,-0.11375239184700711
9601,-0.1543108988980092
9602,2.0916918419729704
9603,-1.3470930124244584
9604,-0.11952434903716812
9605,-1.0058731055525487
9606,1.9784306570311705
9607,-0.37220264013529747
9608,0.4540457908675194
9609,-0.613704084202434
9610,1.9638664931783971
9611,-0.40291458455191737
9612,0.12549991190270007
9613,-0.6452474476283818
9614,2.055953921267393
9615,-1.0605538732115214
9616,-0.054818035914518434
9617,-0.691081570323515
9618,1.9486976283603101
9619,-1.0926862529330013
9620,-0.19671562570915657
9621,-0.5080868620624862
9622,2.0670540965894015
9623,-1.3247844230207406
9624,-0.16427047772138917
9625,-0.7644180851817021
9626,2.0559508426410686
9627,-0.9644342582898456
9628,-0.12535771174330648
9629,-0.22755565137467665
9630,1.9973899570378753
9631,-1.245957597548832
9632,-0.20169980154736813
9633,-0.1493157784735046
9634,-0.3142726606647399
9635,-0.3837000599312384
9636,-0.15454113328424499
9637,-0.5623456803638526
9638,0.5245710655482771
9639,-0.18465252344946184
9640,0.08503369898561153
9641,-0.26509938445547965
9642,0.6196340787010178
9643,-0.42605318287314237
9644,-0.10825503271142846
9645,-0.3898750800146875
9646,0.2324225452249773
9647,-0.21365086564293534
9648,-0.3250364846965925
9649,-0.8309428199858107
9650,0.5573464013495262
9651,-0.24570235921632844
9652,-0.4099410972710615
9653,-0.32230985236769666
9654,0.3019686472300457
9655,-0.4835328982602371
9656,0.04661322204120172
9657,-0.4900709542870033
9658,0.3086630742027333
9659,-0.46258402400805143
9660,-0.7566794806905331
9661,0.6481524654011401
9662,-0.28319694141397805
9663,0.10212725891954476
9664,-0.2696323015330237
9665,-0.30745097726236764
9666,-0.28775304435785604
9667,-0.14851480097378117
9668,-0.2712592529049528
9669,0.34214524913373756
9670,0.2540481335197675
9671,-0.25183818618224263
9672,0.3610317265462611
9673,0.23390146160823364
9674,-0.1614006111535395
9675,0.35605229528064336
9676,0.19420868167265476
9677,-0.1464421696873718
9678,0.3664404500082839
9679,0.21213905421528528
9680,0.9058649224901801
9681,0.41086755623705445
9682,-0.49781171761874843
9683,2.242163022446293
9684,0.33924703921111543
9685,0.05999216727091267
9686,-0.2908385926264927
9687,0.8776914213781299
9688,-0.49980131204362277
9689,0.017107119680536232
9690,1.0022714985715842
9691,0.8940763838549631
9692,-0.3483692699616014
9693,-0.2782069934670632
9694,-0.9355078083370849
9695,0.6431063639777002
9696,-0.24606561153496267
9697,-0.24484336245639932
9698,-0.09653609780952163
9699,-0.566988351644043
9700,0.5453026130904958
9701,-0.4414174229679006
9702,-0.8129877251618147
9703,0.5437595008142313
9704,-0.21632324119133148
9705,-0.88106474742615
9706,-0.7326093867497263
9707,0.3782317657132897
9708,-0.30349416636351595
9709,0.2544542990559894
9710,0.006996737189143313
9711,-0.932415544127091
9712,0.6346079504138767
9713,0.08536816461928362
9714,0.3546568683848406
9715,0.7404469605472307
9716,-0.04164493600825667
9717,0.17924412285374836
9718,-0.39793528866621286
9719,-0.18945107827096766
9720,0.07933475206154784
9721,0.10145163347783487
9722,-0.1345123250529611
9723,0.06667940794686268
9724,0.15513104990370363
9725,-0.06165761845664906
9726,-1.131457310366798
9727,-0.5017907878987641
9728,0.1311356442128965
9729,0.27033197919270063
9730,-0.17908438454642123
9731,0.07705876368219819
9732,0.2328102172111284
9733,-0.07719363378069771
9734,0.06667148769881248
9735,0.2620831476944019
9736,0.3337730913360454
9737,-0.9864246559247616
9738,0.1309321202906482
9739,0.26549933927769637
9740,-0.12103386481189461
9741,0.3834216668560471
9742,0.4211593555173722
9743,-0.36177979982681874
9744,0.17391528648541466
9745,-0.20493991520628965
9746,-0.3275827698046188
9747,-0.12074851984681069
9748,-0.27753779961610353
9749,-0.19939330280755052
9750,-0.24067006430612012
9751,-0.19189365566451283
9752,-0.024143787531238147
9753,-0.030499329450942306
9754,-0.1947115570791291
9755,-0.3063908424445652
9756,-0.19586611267678816
9757,-0.022885972011930534
9758,-0.2778132132471903
9759,0.24948716509783364
9760,-0.33910477085976026
9761,-0.05161943072556962
9762,-0.2805804913367797
9763,0.12477204913720408
9764,0.60550375446986
9765,-0.1574779763391163
9766,0.06840242998013915
9767,-0.8940733191483022
9768,-0.2705736425307804
9769,0.1897164017686363
9770,-0.9923051161492908
9771,-0.284494961212004
9772,0.1931385889361005
9773,-0.9219055688480058
9774,-0.20601606963771474
9775,0.16959086814807825
9776,0.637949853520823
9777,0.022948627504699542
9778,0.30044076308815115
9779,-0.1134556069402023
9780,0.176374404668785
9781,-0.012581576559878332
9782,-0.34934049391718447
9783,0.1844177566354943
9784,0.34666531275035434
9785,-0.34922211891929233
9786,0.7404164998178563
9787,0.1872428711329543
9788,0.8688162588789815
9789,0.23654720154520734
9790,0.8492369776675597
9791,-0.41993452342521276
9792,-0.5804474853561313
9793,-0.23568384321419714
9794,-0.0989672553069333
9795,-0.45706898648322697
9796,-0.4762843729216853
9797,0.017469896791183173
9798,-0.09431662722758669
9799,-0.44676031149158796
9800,-0.5814263442660802
9801,-0.36238195577703
9802,-0.19772351568088967
9803,-0.2238853806954835
9804,-0.770831004586199
9805,-0.05717090554969653
9806,-0.07904472868394956
9807,-0.40168228101024933
9808,-0.5426433514112562
9809,-0.15667516311596277
9810,-0.08173193517611362
9811,-0.3251527717418353
9812,-0.5875625678773293
9813,0.18412833835108028
9814,-0.08661429014964366
9815,-0.4490585332776625
9816,-0.538240052641911
9817,0.05176807710673786
9818,-0.08076158492762918
9819,-0.43701995067861155
9820,-0.6145733031019536
9821,-0.29398416758491386
9822,-0.11890923929725065
9823,-0.43127125824672047
9824,-0.7565087505489532
9825,-0.38503256359345084
9826,-0.12290858966407506
9827,-0.3184761186003825
9828,-0.5725527266658208
9829,-0.36016005074598
9830,-0.02980129458215231
9831,-0.016926747219211957
9832,0.06704208107615514
9833,0.17735868679298764
9834,-0.06682119348848826
9835,-0.186414468421727
9836,0.10016466344671275
9837,0.11942298615329687
9838,-0.05994338640673245
9839,-0.3127827179337492
9840,0.14852779676226635
9841,0.0016690653502468402
9842,-0.07480927081303453
9843,0.10352094514631625
9844,0.06158701941012887
9845,-0.07582879927602554
9846,-0.41591557347392366
9847,-0.5744518081813204
9848,-0.3402373506027131
9849,-0.08940435116063357
9850,-0.3702136436360396
9851,-0.6664504802744912
9852,0.057556724578860234
9853,-0.11901981045559805
9854,-0.41721089065890227
9855,-0.6681114717507324
9856,-0.2890742313880025
9857,-0.10671101552184188
9858,-0.40939766184447
9859,-0.34927148047398415
9860,-0.2931112620590671
9861,-0.42320721012777807
9862,-0.43904165112084315
9863,-0.7958434082722936
9864,-0.2365591871203986
9865,-0.16756404240901077
9866,-0.19819265319170568
9867,0.07189768297837414
9868,0.1763684877925422
9869,-0.06668856648593464
9870,-0.40023590601726
9871,-0.505081644083027
9872,-0.3597203289169946
9873,-0.11901981045559805
9874,-0.057180597735662954
9875,0.029134143573698156
9876,0.038346463851888016
9877,-0.383265707681306
9878,-0.31945655445368687
9879,0.05958201483578786
9880,-0.33486372470729137
9881,1.1103426406886983
9882,-0.8889056478785875
9883,0.1286817071691534
9884,-0.9105425328198483
9885,0.10927512133774504
9886,-0.7558001728190047
9887,0.11252708675508948
9888,-0.9676197282366479
9889,0.12157324130267673
9890,-0.9496016357375698
9891,-0.0901879885828276
9892,-0.7806268205273964
9893,-0.8350306433100588
9894,0.30071197708412684
9895,-0.5710014729315787
9896,0.30042870801045773
9897,-0.3835601844847449
9898,-0.5073071952950862
9899,0.3418974732273895
9900,-0.3093737166162656
9901,-0.5385009501533268
9902,-0.27621554198484694
9903,-0.34306744800384015
9904,-0.5328023257385259
9905,-0.05862862069079201
9906,-0.38386496768736406
9907,-0.5947027754817406
9908,0.24229680184877056
9909,-0.41756711230487803
9910,-0.7710822011494124
9911,0.0036503292978515437
9912,-0.42449008873167127
9913,-0.5134533851470733
9914,-0.009716228659464787
9915,-1.135606062030933
9916,0.14644269107828062
9917,-0.7911998719011165
9918,0.5011273036726437
9919,-1.0431273092496272
9920,-0.39275571467042947
9921,-0.6682210997916034
9922,-1.1597510118053336
9923,-0.2076574730015288
9924,-0.9914195883585183
9925,0.38467447006085864
9926,-1.154221537474254
9927,-0.2774665480687477
9928,-0.7319109076312946
9929,0.32543634169363345
9930,-0.9401195794473958
9931,-0.32232572318738695
9932,-0.6742427803328794
9933,0.2440433701967266
9934,-0.8217383882443757
9935,-0.24584127298834993
9936,-0.9425278413290871
9937,0.32818684700817674
9938,-1.0609957443091809
9939,0.23334021340198446
9940,-1.0205546614218606
9941,0.23366459467154835
9942,-1.2706638960886598
9943,0.06265408153343749
9944,-0.7004027802071269
9945,0.2893371983349635
9946,-1.0584528871663235
9947,-0.4527533988537104
9948,-1.1181772773438028
9949,-0.2520777693065742
9950,-1.177282281353509
9951,-0.3670963878669784
9952,-1.04448536662485
9953,-0.25960960775169345
9954,-0.9298574120507498
9955,-0.382605404307907
9956,0.20626416593813024
9957,-0.8113545181368732
9958,-0.8746864928682846
9959,-1.1719722675042759
9960,-0.410599899810693
9961,-0.8208508639639104
9962,-0.3482767730765628
9963,-0.9620885367262134
9964,-0.10335684113966809
9965,-1.4183365492148021
9966,-0.34577497110782995
9967,-1.0123401276499304
9968,-0.25330521554558066
9969,-0.9554769532332242
9970,-0.4073803503263875
9971,-0.6639846317341124
9972,-0.9490669065626339
9973,-0.26008108582464456
9974,-0.7453275990283592
9975,-0.8361673675751333
9976,-0.23764722321458978
9977,-0.8506284575648564
9978,-0.8129569937981368
9979,0.35245708651706864
9980,-0.9458914986050077
9981,0.2734901130215601
9982,-0.8293601265202435
9983,-0.1867045443717997
9984,-0.9316922503358235
9985,0.2765598961550166
9986,-0.4888930591982821
9987,-0.2394886976505505
9988,0.08310562398589616
9989,0.11946106611085736
9990,0.19579280798346357
9991,-0.223828351059756
9992,0.15057955071968518
9993,0.0987913927589619
9994,-0.043655965984593655
9995,-0.21047089567756633
9996,0.08952070346625117
9997,0.07586911122583946
9998,-0.07805579811138506
9999,-0.0335088095077094
10000,0.08898754367628486
10001,0.12386963698858153
10002,-0.050740881545212516
10003,-0.27499241256832924
10004,0.06698489615131877
10005,0.09970024914605057
10006,0.018429480327256064
10007,-0.2730849618183649
10008,0.09048685823239513
10009,0.1381179500506848
10010,-0.06868006288580322
10011,-0.20942362094188263
10012,0.08378309605600087
10013,0.0482059584227471
10014,0.03860453896114646
10015,0.03879872098807199
10016,0.08924087976881775
10017,0.09303127447650701
10018,-0.028239512011865496
10019,-0.16550567491795493
10020,0.09901818963331126
10021,0.1324293747213038
10022,-0.0048867635517254055
10023,-0.2618144610980952
10024,0.11349160579601404
10025,-0.04882324246490906
10026,-0.2731178175813477
10027,0.08569147078073872
10028,0.13631959213646863
10029,-0.07238260538865164
10030,-0.17988695492701068
10031,0.1097753633250647
10032,0.23005111794224717
10033,0.25239829327384644
10034,-0.2229653572537351
10035,0.10255707236812349
10036,0.12932700378175982
10037,-0.077634097834175
10038,-0.38414142380417593
10039,0.10844879834407345
10040,0.19378746219136583
10041,-0.029400118906292388
10042,-0.03285810671850584
10043,0.05503411565979618
10044,0.12262815644961009
10045,0.018745365208131286
10046,-0.2999283253686811
10047,0.0953989292128584
10048,0.29849059894826824
10049,-0.053150506147531515
10050,-0.12108496329377305
10051,0.07865438486851274
10052,0.15823238005113777
10053,-0.01444446858850123
10054,-0.4009522296221145
10055,0.1114893232108915
10056,-0.01200220391780664
10057,-0.04837227873952107
10058,-0.1893397866982835
10059,0.045938308949029255
10060,0.049846026746415785
10061,-0.15783407048400452
10062,-0.2173875794759573
10063,0.09812432338608058
10064,-0.11891897446320863
10065,-0.0382499605366265
10066,0.08819578397671475
10067,-1.2447248038316712
10068,1.239742975245769
10069,0.13318693576610055
10070,-1.3910324719490685
10071,0.8955549570975769
10072,0.11488812675080413
10073,-1.2224498861798823
10074,0.8793047758458242
10075,0.0886618467479008
10076,-0.9774507103897575
10077,0.6469582210017967
10078,0.09170053652699839
10079,-0.8624817790388731
10080,1.1666982998725648
10081,0.13228581550409402
10082,-0.9740374195539461
10083,1.6289119945609114
10084,0.12728335028907414
10085,-0.9013549667343016
10086,1.2851344116000416
10087,0.11205938135800363
10088,-0.5564608449699693
10089,0.8805669057506661
10090,-0.023721482548852545
10091,-0.48336947350454623
10092,0.4861317727020859
10093,0.07614744490732697
10094,0.092180356871726
10095,-0.6220530522449447
10096,0.4598760875876759
10097,0.03408379599399431
10098,0.12611272523557465
10099,-0.6941168939686143
10100,0.4224775551583713
10101,-0.03899345712576119
10102,0.13648065949781482
10103,-0.6146084877585223
10104,0.6394464841742498
10105,0.006456594198422588
10106,0.0977706337241867
10107,-0.4766283356091955
10108,0.6038259919598291
10109,0.08208969395965951
10110,0.11153070493414552
10111,-0.6516724497709804
10112,0.5920260800756924
10113,0.13423131794715767
10114,0.461359656016354
10115,0.24920200124930758
10116,0.11807286895775329
10117,0.10553825692984006
10118,-0.4361068402692604
10119,0.6330224279082242
10120,0.13488898084721343
10121,-0.021954496319727644
10122,-0.623878358027223
10123,0.7589412197729258
10124,0.12782268948975464
10125,0.10823536055454429
10126,-0.7311411621158608
10127,1.1367968841482246
10128,0.026569678054401764
10129,-0.9158979051180018
10130,0.7746217726925384
10131,-0.27386971357062323
10132,-0.916920486996152
10133,1.1286866555683495
10134,0.11182538980448684
10135,-0.8916362152552014
10136,0.8781621221554876
10137,-0.17607949841277523
10138,0.3674159257616434
10139,-0.18551884400780086
10140,0.5273226082997123
10141,-0.08555368525568222
10142,0.4316009600505356
10143,0.5469205204767327
10144,0.2726660366222664
10145,0.07355906782373231
10146,0.3603203214891389
10147,0.14732750419013604
10148,0.5625953167050599
10149,-0.3403787439943949
10150,0.3882528117361982
10151,-0.17304868500716789
10152,0.36376700902240894
10153,-0.21179992520439564
10154,-0.32357579908529904
10155,-0.18384344691314536
10156,-0.09490067675567694
10157,-0.22523801867970314
10158,0.8005766773078973
10159,0.8031412960827686
10160,0.4290061492337269
10161,1.1152960183390714
10162,0.6742194259170642
10163,0.35608437277000715
10164,-0.6589646203010643
10165,2.2057506141141694
10166,0.382270039461476
10167,0.10416815450259038
10168,-0.5207263270576702
10169,2.0786008666846483
10170,0.4813621524414161
10171,0.23666181831297156
10172,-0.5447636269886393
10173,2.075530114969181
10174,0.4993694946535478
10175,0.3603514334352388
10176,-0.5572931665326875
10177,2.097185446810424
10178,0.3824182588718689
10179,0.36117144685284386
10180,-0.6515863646792722
10181,2.1857508823303355
10182,0.41190729718984376
10183,0.36275936421264565
10184,-0.6245212221816323
10185,1.744558285851635
10186,0.31604925281587454
10187,0.35882528312462064
10188,-0.7023912066658287
10189,2.271402201387949
10190,0.5363638932206573
10191,0.5260538268930943
10192,-0.7339534627301676
10193,2.260521734641961
10194,0.5129471367452688
10195,0.11684095184740491
10196,-0.8077458588417643
10197,1.837448433643276
10198,0.48337198384405733
10199,0.7976589702017685
10200,-0.6454868734088958
10201,2.1309058713422178
10202,0.35968142918708224
10203,0.38146755604197563
10204,-0.7650188346761757
10205,2.075993557392989
10206,0.48968751345988676
10207,0.8110191703482534
10208,2.196956553396371
10209,0.487165973551173
10210,0.3886866181422645
10211,-0.6064584903717926
10212,2.248230043478205
10213,0.5198318292033389
10214,0.3604019997472103
10215,-0.7025164945200089
10216,1.9381351883888207
10217,0.4696061596604288
10218,0.1159682917283094
10219,-0.5648728431529586
10220,2.1988026309977835
10221,0.4478994205790553
10222,0.381062484785117
10223,-0.6224264656407004
10224,2.101779449799416
10225,0.37841239974065166
10226,0.391265815593816
10227,-0.6326384861523118
10228,2.229558575085161
10229,0.5205697449546733
10230,0.4774407137912676
10231,-0.6376091866463482
10232,2.168669396249676
10233,0.41798923513744835
10234,0.3369706227424755
10235,-0.4714089902279342
10236,2.290631393386495
10237,0.45114271514572335
10238,-0.12749239603768947
10239,-0.41464335439925687
10240,2.2944636077975815
10241,0.4459789931769155
10242,0.3778658248420362
10243,-0.482058705665933
10244,2.273191720324123
10245,0.382961882708064
10246,0.12329306607257075
10247,-0.4578838162401207
10248,2.2135985950547483
10249,0.46696428656219724
10250,0.4690208801956658
10251,0.29945327134063254
10252,0.6956530442479616
10253,0.049351690494700215
10254,0.46802854303091485
10255,0.09108970840769401
10256,-0.83759758766899
10257,0.4179530245135389
10258,-0.27076651069090935
10259,0.206128593752841
10260,-1.024786307712434
10261,0.14555541415318207
10262,0.40867477547554476
10263,0.33298786736298575
10264,0.5392217445835943
10265,-0.5131189748268625
10266,0.7986956887417838
10267,1.0549670068997614
10268,0.422717485219582
10269,-0.34453919301254654
10270,0.18021148099726395
10271,0.5985361569584972
10272,0.22491129134179538
10273,-0.401217504700005
10274,1.1434527457423231
10275,0.4860624459847276
10276,0.42826244581947903
10277,-0.4088212360728751
10278,-0.1741278705652258
10279,-0.7718771693291189
10280,0.495708582062415
10281,-0.24257548830192918
10282,-0.8542409523369439
10283,0.6158593945954847
10284,-0.07282365832685384
10285,-0.7801038522946904
10286,0.6438399389766809
10287,0.7602949190721309
10288,0.9290538062177449
10289,0.2980270693117687
10290,-0.4742345289427817
10291,0.7774314015804309
10292,0.3753433187770539
10293,0.5376924472360232
10294,-0.47920422296131204
10295,0.057626498280785386
10296,-0.5269098867670055
10297,0.33787511416244476
10298,0.4317870864747265
10299,0.37868222664731016
10300,-0.36850265905231605
10301,-0.2604748316867939
10302,-0.7578837500852416
10303,0.45049881689640775
10304,0.8364108062044646
10305,-0.5253296560189763
10306,0.22755651916838296
10307,0.4092547627253521
10308,0.27863253501651986
10309,-0.5555735269158678
10310,-0.186169028819587
10311,-0.9129624819306779
10312,0.4712694256457329
10313,0.8372831908106158
10314,0.7032303944304803
10315,0.27615099013611283
10316,-0.40590014476064296
10317,0.2763230012660804
10318,0.2523492458878557
10319,-0.012255913786406981
10320,0.2105676256438567
10321,-0.43927232572730984
10322,-0.09786260451115096
10323,-0.011334561444454695
10324,0.3483651788349299
10325,-0.10257034160006365
10326,-0.5002685607798718
10327,1.9884750973922816
10328,-1.3989113848164467
10329,-0.49410989199516975
10330,-0.2018556148121513
10331,1.9750207810575842
10332,-1.3259839215857951
10333,-0.0893984159796855
10334,-0.6874824077801998
10335,2.0075665992576273
10336,-1.2731128496070898
10337,-0.1742522061862911
10338,-0.6761938811460765
10339,1.9761022139031328
10340,-1.0012143740598556
10341,-0.43743896331515214
10342,-0.5719885642389126
10343,1.9970726211496195
10344,-0.9554998598051433
10345,-0.07318101727474946
10346,-0.6407119867539622
10347,1.8986577527206434
10348,-1.3319272907067181
10349,-0.13373517383024797
10350,-0.8130238802846683
10351,2.0559508426410686
10352,-1.139901485298422
10353,-0.6796717906014963
10354,2.03867363398565
10355,-0.9897141860719906
10356,-0.4399282264825648
10357,-0.9604549345151471
10358,-1.405492320964047
10359,-0.39110145860610107
10360,-0.9970945559108336
10361,2.0032079016718054
10362,-1.472910441383813
10363,0.2986916813373896
10364,-0.06755787788171991
10365,2.0217950165423657
10366,-0.2595406581741653
10367,-0.10823792872720693
10368,-1.1580198794415284
10369,1.9596635834656584
10370,-1.3404997829730048
10371,-0.10568890945641864
10372,-0.2661431600534811
10373,2.0743770587596733
10374,-1.4032133529909754
10375,-0.12533380837798472
10376,-0.7531552792857641
10377,2.088110785471161
10378,-0.9879873868189193
10379,-0.6276625395834459
10380,-0.2745274371804413
10381,2.0132683479360485
10382,-1.0333945161120484
10383,-0.1383950790057597
10384,-0.7037881623111816
10385,2.079353252633519
10386,-1.392812624021014
10387,-0.020624829358542655
10388,-0.3237433420739749
10389,2.020153876883137
10390,-1.1780214498313808
10391,-0.1381960651106454
10392,-0.22525728109410617
10393,1.4794549890804374
10394,-0.9911581604175799
10395,-0.11350106379156746
10396,-0.2439096109852072
10397,1.936649339240027
10398,-1.0153928425420367
10399,-0.5162795351010516
10400,0.6885358585001731
10401,0.422329778112067
10402,-0.2892514758514628
10403,0.39879108754196735
10404,0.2916254217347247
10405,-0.13141963857375433
10406,0.4078516249173
10407,0.09574521635684752
10408,-0.1863559392819064
10409,0.4016062119855001
10410,0.2198949612279483
10411,-0.26460727404069095
10412,0.39469320283415266
10413,0.4969982949871681
10414,-0.30554119121683215
10415,0.37303415800673506
10416,0.38632903035379834
10417,-0.21476840385197993
10418,0.4351738847186483
10419,0.6233101784313324
10420,-0.20637726975939955
10421,-0.1445624253576526
10422,-0.5674137372544856
10423,-0.26202791312029483
10424,-0.15538766820733532
10425,-0.26569218373629494
10426,-0.24003346652957142
10427,-0.19210046183050386
10428,-0.1594852693517009
10429,-0.16360381212280264
10430,-0.3469849463758982
10431,-0.36220367634281936
10432,-0.12607075035239007
10433,-0.18645531388242798
10434,-0.10216050829655232
10435,-0.12236361150269187
10436,-0.10391282458547009
10437,-0.49552615726856464
10438,-0.26358305270143234
10439,-0.7318642519271618
10440,-0.2249137460017189
10441,-0.1619686880493685
10442,-0.21100700548681026
10443,-0.19586656177978126
10444,-0.14546580394549927
10445,-0.265683063877972
10446,-0.7304412666258961
10447,-0.14145361931003744
10448,-0.25128292805899366
10449,-0.5346968526661857
10450,-0.19226593090441466
10451,-0.1997117458924113
10452,-0.3465449535718388
10453,-0.14961530197619968
10454,-0.18530883326113787
10455,-0.3423209942732753
10456,-0.15748028736868816
10457,-0.10614690453757389
10458,-0.3668452184126286
10459,-0.16573177437350292
10460,-0.21602840853793784
10461,-0.3923500910893887
10462,-0.18997808526532842
10463,-0.04249546796341533
10464,-0.23255178088392153
10465,-0.3555050729179283
10466,-0.14275558342824365
10467,-0.19585091546055672
10468,-0.37931230039921865
10469,-0.13882708151888826
10470,-0.1894822598788631
10471,-0.5377813338472825
10472,-0.1628827194807636
10473,-0.42967047664564095
10474,-0.33748341968142737
10475,-0.14347227664362977
10476,0.07860426544360499
10477,0.19156009989627118
10478,0.1662673701044611
10479,-0.3187233239255267
10480,0.5993491808802636
10481,0.0656978011151707
10482,0.2447454811001923
10483,0.65375600066678
10484,0.11134397591019848
10485,0.30134536422455516
10486,0.12562114921051767
10487,0.29682346207007315
10488,0.7556054672444588
10489,0.028847348196136186
10490,-0.8778463441557256
10491,0.0737085765044828
10492,-0.005189486155740303
10493,0.11224258277489264
10494,0.3001428091654802
10495,-0.24258550070078636
10496,0.03362313720145047
10497,0.24319225995102456
10498,0.27520634671186806
10499,-0.2848983514873601
10500,-0.04221874785316795
10501,-0.7816359595632348
10502,-0.027691202901219018
10503,-0.4766441753510538
10504,-0.5938630919570367
10505,-0.4852633408182469
10506,-0.050849890060464455
10507,-0.5106025536487491
10508,-0.592544918803167
10509,-0.48565473770320194
10510,-0.03820487829826307
10511,-0.6158509509235148
10512,-0.5524075313870295
10513,-0.42706927451107085
10514,-0.11515339674458663
10515,-0.47901870590125795
10516,0.24376608018660587
10517,-0.1856556647783658
10518,-0.39754892153457144
10519,0.26744998503800443
10520,-0.18507128021915994
10521,0.30346574969491236
10522,-0.03281246510856268
10523,-0.22504754073206693
10524,0.1461318146548417
10525,0.5929147541956906
10526,-0.8116208063986221
10527,-0.015511458601265267
10528,-0.8525492810172564
10529,0.101274203357095
10530,-0.8106905180289617
10531,-1.0214475247786474
10532,0.18609375847715667
10533,0.12463583255034964
10534,-0.9241042825645982
10535,0.19240123477460322
10536,0.3031046472366555
10537,0.0003527635803385358
10538,0.4361559144146262
10539,-1.0133248739258855
10540,0.17615033879489866
10541,-0.6831894240468546
10542,0.13138202210821054
10543,0.05797594505733842
10544,-1.0317298441526943
10545,-0.669215546104927
10546,0.2506685696765519
10547,-1.4718731400729945
10548,-0.329084850755295
10549,0.21620244901917574
10550,-1.0841566772294662
10551,-0.3150542358917522
10552,-0.2938291918268401
10553,0.5224553503735451
10554,-1.056788916595169
10555,-0.36952853608028186
10556,0.1938029292779128
10557,-1.5154902556621044
10558,-0.14484863397047493
10559,0.1494829028939693
10560,-1.0236636792515192
10561,0.8006675345124484
10562,0.2412798247342698
10563,-0.9801434482207311
10564,-0.28904723403444915
10565,-0.765462544121302
10566,0.18095058241313897
10567,-0.8135955353346986
10568,-0.3491911283212532
10569,-0.8132182594193635
10570,0.25370394123743556
10571,0.0012301748735759485
10572,0.0170002550606756
10573,0.5654343570736811
10574,-1.18061687068493
10575,-0.20494426087421308
10576,-0.6502932340555548
10577,0.3634791350216656
10578,-0.3695210917232794
10579,0.596899724771768
10580,-0.911681756958453
10581,-0.0156817792880983
10582,-0.31548738826182793
10583,-1.039148588539865
10584,-0.23836990189925372
10585,0.07271918162571743
10586,-0.3230883704061515
10587,-0.7486087576957059
10588,-0.2145534012132177
10589,-0.1191631997544683
10590,0.27305556988844853
10591,0.22893998640123014
10592,-0.3798088840996388
10593,-0.2963179548581913
10594,1.0349276425227283
10595,-0.19667537487818895
10596,-0.008455576754724164
10597,-1.555908098084195
10598,-0.6975312975754512
10599,0.05114667469787665
10600,-1.2269694609602189
10601,-0.011193682289556273
10602,-0.8117183400744757
10603,0.03272003088852763
10604,-0.2597392589298972
10605,0.3369546327575907
10606,0.14715211127832684
10607,-0.034575163816177416
10608,-0.14530907204207544
10609,-0.0912472519708352
10610,-0.889348781719604
10611,0.00982051769606478
10612,0.9712509504771856
10613,-0.19492903848046764
10614,-0.17611953716766426
10615,-0.23362392110628474
10616,-0.23402800233261595
10617,-0.9172070734721951
10618,-0.11264932044568703
10619,-0.09313236352488893
10620,0.07196568560009577
10621,0.30200563851639456
10622,0.043645439844727664
10623,0.1473021103875892
10624,0.3150993779223532
10625,0.10840218995327905
10626,-0.761931383385207
10627,1.187204525681418
10628,-0.1749497966616248
10629,-0.035279771449480024
10630,0.39111041154680276
10631,0.37790683839844424
10632,-0.8130337525500141
10633,1.2128651550094185
10634,0.11313568984453048
10635,-0.12945303773435246
10636,0.294872085300876
10637,0.14762128613972456
10638,-1.0078267859359067
10639,0.9927127105490643
10640,0.10009767880825711
10641,-0.8193362800714743
10642,1.913974179425395
10643,0.38638290871613384
10644,0.2334332824134176
10645,0.8358980731469997
10646,0.07214309146928437
10647,-0.050265559308990376
10648,0.5671501345243488
10649,0.395232564972306
10650,-0.05014844676622142
10651,0.30714712889628315
10652,0.19639966763315794
10653,0.06417337064734964
10654,0.3575695096956629
10655,0.12117712249531615
10656,-0.8336310692056342
10657,0.9848192542503647
10658,0.2630610463612851
10659,0.04371817608748739
10660,0.04163227630554717
10661,-0.0230532170011476
10662,0.032966770284481
10663,0.527036462585582
10664,0.4065772584368088
10665,-0.8517509084634276
10666,1.6991457068213909
10667,-0.16620181003335346
10668,-0.39391427502851495
10669,-0.05466903023447199
10670,0.30263727647280836
10671,-0.13591221359506828
10672,-0.014447804213911139
10673,0.5621902063204366
10674,-1.0255067714319488
10675,-0.7380287642948478
10676,-0.4829724838720607
10677,-0.9627175216554117
10678,-0.1465970530013095
10679,-1.7162777092481165
10680,0.0987165075799136
10681,-0.2356711048697484
10682,0.14817957594368159
10683,0.17605429494139366
10684,0.09077843772768912
10685,0.42964700057462285
10686,2.0606729620873554
10687,-1.138661724798308
10688,-0.27741273239336994
10689,-0.816720129320352
10690,0.24185386615303264
10691,-0.45801773538182733
10692,2.1618256043704154
10693,0.5630567589569994
10694,0.5800097386619835
10695,-0.23763210735423002
10696,0.5076129567370619
10697,-0.3815310796452995
10698,1.8472454445756168
10699,0.5541359299192488
10700,0.7101195723684416
10701,-0.5798099249266245
10702,2.2183336343917883
10703,0.5143984235571487
10704,-0.9966677875488696
10705,2.218547363383154
10706,0.004093668159312097
10707,-0.8775480783619081
10708,-0.30711957633589876
10709,-0.17689521489328366
10710,0.3078087219763737
10711,-0.5212114608458354
10712,1.9349278571621626
10713,0.3860397650643713
10714,0.5642410175588947
10715,-0.5881172114546434
10716,1.814876247219184
10717,0.401313747961474
10718,0.35608441004443847
10719,-0.4456949682346519
10720,2.1780780200322707
10721,0.3849647020955777
10722,-0.26788419309587713
10723,0.516061490044294
10724,-0.3190439160025297
10725,-0.1860937737338239
10726,0.39580317875982546
10727,-0.24880060668188503
10728,0.2775032671337501
10729,-0.9281836509893082
10730,-1.2757594195448267
10731,-0.10711659585415374
10732,2.1938699507225774
10733,-1.2412572488456108
10734,-0.4937129720488402
10735,0.26429159045430833
10736,0.19065131640332383
10737,-0.14786065976470314
10738,0.13292805656581352
10739,-0.16943430302579784
10740,0.859578533681946
10741,-0.06982745082743083
10742,0.5549798743625514
10743,-0.09620636941608798
10744,0.7150041468701138
10745,0.42342563447641596
10746,-0.4640388645408467
10747,0.7933353127258205
10748,0.3903423676199613
10749,0.27137908624138407
10750,0.6884772771822913
10751,-0.9900437434849791
10752,0.29505208131020105
10753,0.2526863869306445
10754,-0.6788543409394567
10755,0.35497338173266824
10756,-0.8098428960157737
10757,0.27581596049469514
10758,-0.496630783291339
10759,0.32043718251420567
10760,0.26753597697175585
10761,0.6153302100270428
10762,0.6766183882871584
10763,0.6907002418905469
10764,0.6012370654010928
10765,-0.41490726024310437
10766,-1.4379378001467986
10767,0.4187472955912592
10768,-1.1704900959851599
10769,0.3789378086156843
10770,0.09102005509770227
10771,0.5926888991817539
10772,0.8301013539839545
10773,0.9238885796523253
10774,0.40799226640173797
10775,-0.2992942545952093
10776,-0.27436950721845743
10777,-0.8758251755167757
10778,0.3213377402139888
10779,0.4201597202812492
10780,0.6789830905807134
10781,0.8815680272950545
10782,0.37873219584376755
10783,1.0087633435802728
10784,1.0623102485410838
10785,-0.3206982585649589
10786,0.042865615150306464
10787,-0.9804417021473409
10788,-1.5211405071697697
10789,-0.14911306950826841
10790,-0.07916334089710156
10791,2.115973841209398
10792,-0.9496885533573712
10793,-0.03560144777576479
10794,0.028735331757540755
10795,2.023987573158551
10796,-1.2112173998288411
10797,-0.17284726893448427
10798,-0.20349174065283246
10799,0.1910215227985548
10800,-0.026862245773274097
10801,-0.052458584518707316
10802,-0.27927265773749205
10803,0.17136595132657373
10804,0.13275490901212406
10805,-0.35483184109563587
10806,-0.19139648080299038
10807,0.2054113708342377
10808,-0.1230483174013575
10809,-0.4915042135955495
10810,0.43834625428072777
10811,-2.5842414994952034
10812,-0.12088977143691193
10813,-0.7619107407549989
10814,2.113008712580127
10815,-0.3165352140377161
10816,-0.39298890182486185
10817,-0.5684877091082952
10818,1.9612058133859507
10819,-1.017340575925998
10820,-0.13740807819254178
10821,-0.9496257348075517
10822,1.9510685413797537
10823,-0.18632990564698995
10824,-0.2060126034162478
10825,-2.5432112964748925
10826,0.4083543932745177
10827,-0.22094419171378238
10828,-0.2628040057423501
10829,0.27381692098257904
10830,0.014168072054641705
10831,-0.36546724969900046
10832,-0.19026814997539418
10833,-0.8245216349103917
10834,0.4159413684961264
10835,-0.18579392957110855
10836,0.15683487902692447
10837,-0.4807619191792865
10838,0.29945402752658906
10839,-0.13105232091711427
10840,-0.1290651418618806
10841,-0.15237221723171343
10842,-0.15825596952583584
10843,-0.2615755015675144
10844,-0.31906161370613384
10845,-0.24638464031070068
10846,-0.15597632300133263
10847,-0.13389907430323833
10848,-0.14089451817542195
10849,-0.16522406847692678
10850,-0.09107869097195054
10851,0.17139894872458145
10852,0.5187856023808424
10853,-0.010064123481937696
10854,-0.29668707620474877
10855,0.35077262533743186
10856,0.09296827290681078
10857,-0.2752578837802162
10858,-0.10872164919057703
10859,0.17453479300327865
10860,-0.4202509401141211
10861,-0.49782180674757515
10862,0.45465500998968605
10863,-0.016175422037255246
10864,0.6620138572875566
10865,1.085799283341853
10866,-0.544550248355175
10867,-0.8405263043216384
10868,0.3385758382282153
10869,-0.1965684747746256
10870,-0.5586836075348045
10871,-0.312179923564486
10872,0.44082052341037836
10873,0.46351361382039313
10874,-0.23777399895715406
10875,0.36301066829226813
10876,0.1872354856640612
10877,-0.2240400852925496
10878,0.41145132096916204
10879,0.6112659045297592
10880,0.03641799355848309
10881,0.9043751260012327
10882,-0.4553063939077099
10883,-0.03574923265391555
10884,0.3135748205698913
10885,0.7172805031148707
10886,-0.4473733523016671
10887,-0.4412482280076471
10888,0.26587253303999625
10889,0.2725723511998723
10890,-0.9129737584511759
10891,0.4137073837267509
10892,-0.168491310080317
10893,-0.47049331125536803
10894,-0.3871853590218972
10895,-0.9778615575316233
10896,-0.5005415801670053
10897,-1.0234610637913073
10898,0.5699652417615645
10899,-0.4692026264915648
10900,-0.8238689362041115
10901,0.4698885480415217
10902,-0.3507247373288708
10903,-0.6574377954328894
10904,0.5506641187610493
10905,-0.33278033198849194
10906,-0.43348680449875787
10907,-0.010019405927344049
10908,-0.93057642580791
10909,0.607469970340882
10910,0.1492134851468706
10911,0.33521600040258775
10912,0.41313417940511593
10913,-1.1536286287075475
10914,-0.004377598283469037
10915,0.6282178585858783
10916,-0.4302351631668125
10917,0.11193289323670665
10918,-0.0028733744788434798
10919,-0.2608133333368186
10920,0.05539947605534056
10921,-0.7161249195920235
10922,-1.7447188169332764
10923,-0.07957897708346379
10924,-0.11354914325859566
10925,-1.436975785799318
10926,-0.006320237313479731
10927,-0.806706367338576
10928,-1.3303221864830175
10929,0.5309221654876403
10930,-1.2284732283387034
10931,-0.04141178133416134
10932,0.3197642033758036
10933,0.31532464746432376
10934,-0.2233391376057351
10935,-0.2159112357825775
10936,0.22418669671428357
10937,-0.3486187908978695
10938,-1.1634862348833972
10939,0.0436169685285671
10940,-0.8800732950572101
10941,-0.23602463992157535
10942,0.08548144571125349
10943,0.7159398033951467
10944,-0.27625841463213235
10945,-0.21370659605601044
10946,-0.37958671162308977
10947,0.5503239709020343
10948,-0.2480046927923754
10949,0.9142846354363218
10950,-1.1781670980956767
10951,0.3726386254693705
10952,-0.23825437596394478
10953,-0.3841275527908232
10954,-0.2261355300277445
10955,-0.8634087575016187
10956,-0.3317207605666993
10957,-0.14390056518216168
10958,-0.9409124206514866
10959,0.10148060294294063
10960,0.11579296162054538
10961,-0.8728824327234548
10962,-0.27189541179646365
10963,-0.28309566598827124
10964,-0.825141375531952
10965,0.4136380894779496
10966,0.06454443997094302
10967,-0.9168030337754305
10968,-0.142377578969448
10969,0.2792869841370339
10970,-0.8321529014056478
10971,-0.027169024154659372
10972,0.1272666566474044
10973,0.31786117438166045
10974,-0.2126905576640945
10975,-0.07577408557506272
10976,-0.022499046048237287
10977,0.6045650901983983
10978,-0.19843824181985312
10979,-0.050866219389097536
10980,-0.035977804082486985
10981,-0.16161404229328294
10982,-0.0014631876661022525
10983,0.01545527888471612
10984,0.4280343262946966
10985,-0.4069415570395805
10986,-0.7043232376612761
10987,-0.34243867589712657
10988,-0.12376611537440245
10989,-0.4137895097144703
10990,-0.5468443317343914
10991,-0.0990145541580995
10992,-0.09708247009549757
10993,-0.23224651363504625
10994,0.27807515854331155
10995,-0.24924979725094987
10996,-0.4001216984954727
10997,-1.233129045702121
10998,-0.2541571358259767
10999,-0.1951428019384058
11000,-0.4430135230718586
11001,-0.5159634280965864
11002,-0.3391784400887132
11003,-0.10230149001200933
11004,0.292897201348711
11005,0.24416938926034076
11006,0.2678841370607658
11007,-0.02537560681060061
11008,0.20590684332510864
11009,-0.3671208412158097
11010,-0.5984178466826962
11011,-0.48160919085353826
11012,-0.16062770011411237
11013,0.12678279348129365
11014,0.19481190277291616
11015,0.08793482995061597
11016,-0.04199256431929217
11017,0.05444754027082051
11018,-0.728781498906079
11019,0.07679178142543647
11020,-1.953845621546991
11021,-0.273847499410352
11022,-0.38960211258897176
11023,-0.32022316651179594
11024,0.02791902448384133
11025,0.007086465011147708
11026,0.009516308930214445
11027,-0.40148315729512724
11028,-0.8401443732577494
11029,-0.2924946759024734
11030,-0.09889788909859566
11031,-0.44577383325195863
11032,-0.2183695811100052
11033,-0.1650872171614157
11034,-0.38367440266558483
11035,-0.10604305357746827
11036,-0.20859922126908853
11037,0.2968009026712405
11038,-0.19613878126723022
11039,-2.3580309560315977
11040,-0.10204111751505665
11041,-0.7625494108090244
11042,0.007590155614223968
11043,0.2674307699835716
11044,0.08541753070664082
11045,-0.038873606374483005
11046,0.559142617722684
11047,-0.08977244261059289
11048,0.2234105664177486
11049,-0.33312451443777297
11050,-0.7186600754120654
11051,-0.30633028182735794
11052,0.10036083357025956
11053,-1.169016289888289
11054,0.09429712929924863
11055,-0.8997662740962644
11056,0.288388515915428
11057,0.053038452987408724
11058,0.10941896493308596
11059,-0.7108236429896139
11060,0.10410301767136236
11061,-1.1529653005091889
11062,-0.8184578898781059
11063,-0.19208439852913467
11064,0.37967825666910854
11065,0.5433694901726404
11066,0.36614647951921064
11067,-0.43179051421552284
11068,-0.4119684647552821
11069,0.027785314685251132
11070,0.425239259061353
11071,0.4010129224105035
11072,-0.1640944065424232
11073,-0.17242361498529937
11074,-0.6377288878388043
11075,-0.11587910811787674
11076,0.16669228147788254
11077,-0.33696167132514143
11078,-0.47202053325534216
11079,0.25790257213575535
11080,-0.3207882199087159
11081,-0.07039074968885214
11082,-0.1158953404396371
11083,-1.041398825679176
11084,0.30867824387043663
11085,0.7862806909599463
11086,-1.077761876682252
11087,0.3124459789441136
11088,0.48734974416549026
11089,-1.0653076599864986
11090,0.07836504867774932
11091,0.16067803032813124
11092,-1.007801831121671
11093,-0.3956669360075437
11094,-0.8222689690334491
11095,0.331934948939367
11096,0.09938755830733308
11097,0.04879890691835681
11098,0.7487695106998071
11099,-0.14088784452624864
11100,0.8135873892981653
11101,-0.9375636791726043
11102,-0.021244701516486483
11103,-0.16734984756246987
11104,-0.9588739281724403
11105,-0.2851819980786684
11106,-1.0959278382679476
11107,0.38522217427671535
11108,0.05754471098655451
11109,0.0350909301389893
11110,0.20462608832493015
11111,-0.9249855749060107
11112,-0.2743860188017658
11113,-1.4874422216714407
11114,-0.01606045507658581
11115,-1.2034314286924803
11116,-0.4310760658952673
11117,0.10798544025445568
11118,-1.1934161624644766
11119,0.28847555806736136
11120,0.13625522820628422
11121,-1.0780991658259043
11122,0.39523585112954635
11123,-1.025041856145493
11124,-0.44402318611755176
11125,-1.3737958801966368
11126,0.0175889303992486
11127,-0.8285920301626737
11128,0.030185526962206072
11129,-0.8248950751706052
11130,-0.35108065292893537
11131,-0.9293258063670461
11132,-0.26435600870574905
11133,-0.6434659588573096
11134,-0.6324111648531775
11135,-0.5687204217162631
11136,-0.5779899404170825
11137,-0.6345835812294701
11138,0.35051500623296855
11139,0.36314730813589374
11140,-0.007193703339105626
11141,1.1313594238551452
11142,-0.8386885983902413
11143,-0.3338275406053169
11144,-0.6909048105113439
11145,0.3388730795095994
11146,-0.426608280085248
11147,-0.18759797780852935
11148,-0.7402382717360583
11149,0.24610918208377414
11150,-0.8503797571846702
11151,-0.15700413789127368
11152,-0.8624673549887394
11153,0.33064198910082926
11154,-0.17876095212124193
11155,-0.1906535133647523
11156,0.11648767254313397
11157,0.12999402620739975
11158,-0.07253166783241081
11159,-1.910682349646583
11160,-0.1565130223247756
11161,-0.392497016652737
11162,0.037241574863630056
11163,-0.1803908375294933
11164,-0.18946258255862922
11165,0.24046907322194025
11166,-0.3850370179595857
11167,-0.2770822163450108
11168,0.018540770070406967
11169,0.341324611874339
11170,-0.06248982893283774
11171,-0.23562550558327622
11172,0.09821017370928618
11173,-0.8493482930036311
11174,-0.10586764591605462
11175,-2.0485783937169146
11176,-0.09831146630153746
11177,-0.10544504279161003
11178,-0.36579441382187505
11179,-0.20231638243404845
11180,0.0819824101645479
11181,-0.05557326311734712
11182,0.35514236963388784
11183,-1.726779742824222
11184,-0.11435384550175179
11185,-0.73236376082142
11186,-0.006135969493035816
11187,-0.23287207391149772
11188,0.1105517064875603
11189,0.19748996516485104
11190,-0.022300540488107156
11191,-0.46637234978940295
11192,0.052219972985567874
11193,-0.05385784220906004
11194,0.12487861585524354
11195,0.10571178436861331
11196,0.10187109820973969
11197,-0.0022545506349152876
11198,-0.45560014979466984
11199,0.06377941091295736
11200,0.05658217579387277
11201,-0.3608436853833034
11202,-1.1245184276801174
11203,0.3996453918752223
11204,-0.22040475462901063
11205,-0.3718397184051593
11206,0.36613347845304495
11207,-0.26459805517915064
11208,0.08864990201834554
11209,0.015067666279983124
11210,-0.02114373662743241
11211,-0.15267387693738899
11212,0.03237877506074053
11213,0.10694809955204054
11214,-0.4760922591511456
11215,-0.18381276266318314
11216,0.06930456699658585
11217,0.05555077316739105
11218,-0.16628106597899725
11219,-1.711584247285208
11220,-0.31270451984962677
11221,-0.09214905634967425
11222,-0.41743809709800106
11223,-0.2432625631483734
11224,0.04669794273196642
11225,0.14227701035711116
11226,0.04908140518902728
11227,-0.2388172195228018
11228,0.08034766474338857
11229,-0.8232146839748051
11230,0.10474386560936674
11231,0.11173454864010499
11232,-0.8321280564422416
11233,1.1044023262641764
11234,0.14922173463299956
11235,-0.8395224996088109
11236,1.0673310684121948
11237,0.09767259213047752
11238,-0.9274288200699097
11239,0.6856321275110845
11240,0.6671577335666095
11241,0.2722683815063068
11242,0.22719043165451702
11243,0.09767259213047752
11244,-0.906998407083956
11245,0.5609976490524093
11246,0.12255035088328987
11247,-0.9226933161409914
11248,1.3511237025105693
11249,0.13738957895808673
11250,-0.9982709723686278
11251,1.5579915416462977
11252,0.37031815263807194
11253,-0.01474310437955559
11254,0.4553553543863317
11255,-0.8235732276670773
11256,0.7734705008962841
11257,0.14192129268551198
11258,-0.5192460111208331
11259,0.6462360347453069
11260,0.18800729037663902
11261,0.29137252056173263
11262,0.8126171712656028
11263,-0.7350264768294137
11264,0.796309884006951
11265,0.07081523229923906
11266,-0.8007184750611868
11267,0.875017444556474
11268,0.31844265433742613
11269,-0.6291241064253027
11270,0.8954391454380153
11271,-0.8199743301941106
11272,0.20244970618315103
11273,0.3147922201795924
11274,0.12307584717063015
11275,-0.692046262243331
11276,0.5533997677894275
11277,0.017484967551977034
11278,0.1145788252370189
11279,-0.9344927250002776
11280,0.9336863197419732
11281,0.37178362601271414
11282,-0.6659071704798212
11283,0.5561084363951692
11284,0.1416307431494588
11285,0.1000989991847319
11286,-0.7796478448453055
11287,0.5492005323583676
11288,0.1031170176729902
11289,-0.8030452475719977
11290,0.8086774634683436
11291,0.12304521415743713
11292,-0.8430922059376086
11293,0.7770862982060285
11294,0.0931679622765507
11295,0.09832350496122565
11296,0.6929570961626449
11297,0.024887347749394877
11298,0.43725053594241015
11299,-0.3213399726745697
11300,0.5336094069613682
11301,-0.1775648290308024
11302,0.43957842725271423
11303,0.24185212673358072
11304,0.4743318072794109
11305,0.36036809347553267
11306,0.2935947046338869
11307,0.3570516864363042
11308,0.541571789401215
11309,0.45464902995351975
11310,0.44719253803384795
11311,0.4768897840206702
11312,-0.06549540612139955
11313,0.7284790185569862
11314,0.08468286281262095
11315,0.6642392260955996
11316,-0.050013552630416784
11317,0.7902024249216736
11318,0.6356306220732519
11319,0.34042843741026885
11320,0.20723487975202248
11321,0.40677110236268604
11322,0.39274836623990994
11323,-0.4950725404716399
11324,-0.2347665094281077
11325,-0.950449031765941
11326,-0.2817482253454219
11327,-0.16691730932942467
11328,0.21955972886264452
11329,-0.7181855163388672
11330,2.2431541614321735
11331,0.42938816007324754
11332,0.25791100467141836
11333,-0.4263346376440034
11334,-0.09159064633095038
11335,0.09797116540423888
11336,-0.2738485376862642
11337,-0.21349127090619388
11338,0.22027904049807398
11339,-0.6052773707516376
11340,2.1492474258963012
11341,0.465538274402986
11342,0.4896912918643126
11343,-0.35892266932409145
11344,2.2862646862253424
11345,0.40525421923287447
11346,-0.4057120246006277
11347,-0.22042968539430144
11348,-0.29903657578644294
11349,1.0501266420065547
11350,-0.7135134296266944
11351,2.2376722772504274
11352,0.42047494233479227
11353,-1.292047277023907
11354,-0.19961746060811475
11355,-0.8375912280970413
11356,-0.8347296760137262
11357,2.0420507322122767
11358,-1.3972794880082906
11359,0.39174500828119774
11360,-0.5380761960097074
11361,2.2558220542421195
11362,0.3589130086524927
11363,-0.9092921183617254
11364,-0.18058058016432305
11365,-0.23979370231057906
11366,-0.042685431325737405
11367,-0.3040808100727585
11368,-0.2928933664725008
11369,0.31611185132381736
11370,-0.6850892694964198
11371,1.9847093224308343
11372,0.49013576210391774
11373,-0.5163791742424974
11374,-0.25078569456878913
11375,-0.8861166470807452
11376,-0.11736586767707048
11377,1.9794297429610956
11378,-1.3532166384262352
11379,0.2593951384697945
11380,-0.6351554859714927
11381,-0.22790051608652145
11382,0.4877457888336805
11383,-0.20667668900312355
11384,-0.3586808634117814
11385,0.3481731257036496
11386,-0.5194849902955316
11387,2.247021750110961
11388,0.385852946300568
11389,0.48000009998877285
11390,0.5916790416090094
11391,0.1914391571790831
11392,0.5100229092619789
11393,0.10047263213860796
11394,0.03394760715281794
11395,0.4911608496987858
11396,-0.3851180089318772
11397,0.18926201168754692
11398,-0.7108355087569248
11399,0.32141617912409876
11400,0.4182787103312096
11401,0.47496471972990484
11402,0.28826075385734257
11403,0.5844743896518803
11404,-0.7063496446667404
11405,0.3120895258326013
11406,0.42349648418821745
11407,0.2698650207920147
11408,0.2432489481620596
11409,0.9289166112071827
11410,0.3622998490662716
11411,0.22997256120035794
11412,0.004866345477051415
11413,0.4573606762685389
11414,0.4323810521311824
11415,0.13165839856582773
11416,-0.41027778144865973
11417,-0.05855678498289233
11418,0.6161301602110341
11419,0.2271365305345471
11420,-0.3408480162889031
11421,0.2656800826677788
11422,0.5670242461298413
11423,0.2994064071941365
11424,-0.5017717169488034
11425,0.5632533378372325
11426,0.2576373091681298
11427,0.4099627034089333
11428,-0.44924131407365375
11429,0.26511169620087954
11430,-0.587470472923098
11431,0.3582352215980034
11432,0.27037155886884906
11433,-0.7896282468317429
11434,0.4702582313332137
11435,-0.9074555326712304
11436,0.556822650111826
11437,0.6197566601247744
11438,1.076052092208058
11439,0.5976842622670822
11440,0.5263534401242499
11441,0.26300216026283424
11442,-0.5132460921774329
11443,0.31947686444252793
11444,-0.5830795228071955
11445,0.40186384673189196
11446,0.851836515793127
11447,0.28034378589493586
11448,0.3062930668281216
11449,-0.6298301203271157
11450,0.5871172995286222
11451,1.09810683516067
11452,0.33327191195168704
11453,-0.3707185316068262
11454,0.9113383429197917
11455,0.7275852282920041
11456,0.5805638990811618
11457,-0.47451886200968574
11458,1.0346437508021402
11459,0.2817065560033388
11460,-0.033875782111915186
11461,0.17084350159735587
11462,0.6427003878199905
11463,0.23227488687987663
11464,-0.37345202565457575
11465,0.8177362989368387
11466,-0.038338272321749335
11467,0.6636670989535481
11468,-0.11059131780859746
11469,-0.7067566203763627
11470,2.057780076274795
11471,-0.9716245415739019
11472,-0.2396385547623703
11473,-0.13288269496161675
11474,0.1588090049687401
11475,0.09793277993352356
11476,-0.3301375873054151
11477,-0.5253693991160767
11478,1.943547639040764
11479,-0.9551897381383376
11480,-0.16361158854160748
11481,-0.1973608945363659
11482,0.05487929231197932
11483,0.07384766411356869
11484,-0.17399247775935647
11485,-0.13041213073322797
11486,0.05448403909011981
11487,0.1720318657205386
11488,-0.07861745479076467
11489,-0.2706523760846505
11490,-1.5711048332982367
11491,1.4386132768998723
11492,-0.6418992324428373
11493,0.23348527031609048
11494,1.1515026353127913
11495,-0.47756882755396446
11496,0.26037685928873716
11497,0.19790379308648662
11498,-0.15414458521219715
11499,-0.4196373653651397
11500,0.3057427339905262
11501,-0.01004310196581918
11502,1.1770756509535159
11503,-0.11834414775498252
11504,-0.15729375828385866
11505,0.24527882407822366
11506,0.11212902356046553
11507,0.0004958737564260383
11508,-0.212162710957795
11509,0.2163121611646077
11510,0.15662889812690123
11511,-0.20963536834930735
11512,-0.2649977013023227
11513,0.14386980386128098
11514,0.056821225708861174
11515,-0.073562705663243
11516,-1.0986193575958292
11517,2.0868735874308504
11518,-1.010795837695527
11519,-0.08043502652424203
11520,-0.29867292979450216
11521,0.14063553035028217
11522,0.027094143434277063
11523,-1.0974098469651228
11524,0.4863487088162196
11525,-0.43213413245519094
11526,0.4168962389266701
11527,-0.1714181330588979
11528,-0.6560767673715617
11529,1.9266848342623524
11530,0.21953162255058492
11531,-0.23908043334656498
11532,0.16053904817871933
11533,-0.06726916299721931
11534,1.14435069836835
11535,0.18850169252847288
11536,-0.4063597046641558
11537,0.19089750221346827
11538,0.11037765246332053
11539,-0.2014866090060488
11540,-0.6513962722488447
11541,2.0597827905290735
11542,-1.3395000495413703
11543,-0.2805506043535951
11544,0.47933444382052637
11545,0.46649823877526153
11546,-0.48840161579588903
11547,-0.7325086815270387
11548,0.5994665615823035
11549,-0.33050799376465345
11550,-0.7459963009282508
11551,0.3899552957676964
11552,-0.2509365120551812
11553,0.6200374028157777
11554,0.4264735752341402
11555,-0.16691514176848518
11556,-0.7743942521013429
11557,0.6790940554117987
11558,-0.17722581487654573
11559,0.33363664854106156
11560,1.0039841975955626
11561,0.011732722966303696
11562,0.4570919479340775
11563,0.25920061446769627
11564,0.6166874040178852
11565,0.4553151601620487
11566,0.5690464791661944
11567,0.08794646163946972
11568,0.6389618482414609
11569,0.18299825961759839
11570,-0.29192197921905194
11571,-0.3350897760534601
11572,-0.14763835566875091
11573,-0.23559274034825314
11574,0.1652118626861434
11575,-0.1332534614050871
11576,-0.9451608751702918
11577,0.2648971612566674
11578,0.009443173622720093
11579,-0.9489442085036253
11580,0.1923896449640328
11581,-0.19069111288586438
11582,-0.9073437848717434
11583,0.17909051364617098
11584,-0.45691156113632825
11585,-0.9103951138121346
11586,0.3594122702910961
11587,-0.3020037498213167
11588,-0.3766144324155286
11589,-0.3587734730710659
11590,0.07414820623974541
11591,0.08781170542896187
11592,-0.33169938807324384
11593,-0.629180256170951
11594,0.14661005989114648
11595,-0.1727055887160371
11596,-0.21703086678963893
11597,-0.1843850074803666
11598,-0.8319375477653603
11599,0.5546684004210196
11600,0.17264741793886687
11601,-0.1663693182745886
11602,-0.3401225328034632
11603,-0.24571497588219499
11604,-0.4701795217470407
11605,0.25878558659502054
11606,0.6987039540605803
11607,-0.0511155716398252
11608,0.31824644265217433
11609,-0.3690369032902451
11610,-0.5922920793460894
11611,-0.39270616732667807
11612,-0.25469147055089536
11613,-0.3765766271773752
11614,-0.40090381946440784
11615,-0.10538269174374731
11616,0.23350175005960924
11617,0.04083771128410742
11618,0.5131434066238532
11619,0.30311200054724763
11620,-0.6958394693772622
11621,-0.5072955004929716
11622,0.1663100186214534
11623,-0.15088174388337758
11624,0.2592910653099251
11625,-0.15958750723184825
11626,-0.27874304047581433
11627,0.6822576764228488
11628,0.09923770426122563
11629,0.6102671749579418
11630,0.3184452532276548
11631,0.2708961644713535
11632,-0.9811439024172742
11633,0.4552724717119788
11634,0.05445504203580309
11635,-0.9387772395539732
11636,0.19538813242938224
11637,-0.511672740208466
11638,0.08780776083632164
11639,-0.5237708597373086
11640,0.21943124463485028
11641,0.04939057860175883
11642,-0.25080028251298614
11643,-0.2762521440186661
11644,-0.606333469783958
11645,-0.011900141448967758
11646,-0.38084769708028365
11647,-0.17037864618741802
11648,-1.0596803766074558
11649,-0.593026104816101
11650,0.4099204362147325
11651,-0.5546047157459751
11652,-0.12181862966361515
11653,-0.5586904146012412
11654,0.30149469937087486
11655,0.185801292782297
11656,0.13543042841556308
11657,-0.07849496180280317
11658,-0.2587980005289283
11659,-1.059731870237632
11660,-0.1583695506195443
11661,-0.23215070567070886
11662,-0.15852943707199268
11663,-0.11953794559002473
11664,-0.03770807363001599
11665,-0.10889671473886603
11666,0.03892969823061019
11667,0.13005203907907564
11668,-0.4271509765319497
11669,-0.0026433438192811224
11670,-0.6459644564938621
11671,-0.4192668705971899
11672,0.46929445104466805
11673,-1.1110797809467876
11674,-0.6026872515286281
11675,0.42316028047908355
11676,0.31928498255981375
11677,-0.5740637824388956
11678,-1.0093633608906187
11679,0.2678244054034222
11680,0.04150667514080571
11681,-0.6534726138656759
11682,0.5670372275672833
11683,-0.31117249982319384
11684,0.5306619279373398
11685,-0.1443743619711697
11686,-1.0878168195891682
11687,0.20064037232924672
11688,0.10193384173374342
11689,-0.9053171474366891
11690,0.23874112619818277
11691,-0.48759977575139385
11692,-0.4167395573822771
11693,-0.3937877567830989
11694,0.3264570390056014
11695,-0.07767138847195687
11696,-0.18784690165902718
11697,-0.5217582684208105
11698,-1.1129817045696908
11699,0.11299377711293201
11700,-0.3383879304709485
11701,-0.16590049500007728
11702,-0.12808990509759782
11703,-0.4099400992102527
11704,-0.07079424227122906
11705,0.19134287749714401
11706,0.9021320553883886
11707,0.6409158815410528
11708,0.4064949136008519
11709,0.21275947057391548
11710,-0.13047438223761693
11711,0.6140508472864399
11712,0.2844264633494935
11713,-0.18072349743060606
11714,-0.09103108184862842
11715,-0.18830406861693327
11716,1.2366485051599005
11717,-0.11228195980733179
11718,0.1850410909893336
11719,-0.3062529434149466
11720,-0.7020519354359168
11721,0.3572179395242411
11722,0.1374635867497459
11723,-0.08209461487631173
11724,1.1341152517499282
11725,-1.0337544913453662
11726,0.1363888795317544
11727,0.0027781487221689555
11728,0.17921097141941889
11729,-0.46078125410364934
11730,1.2559327807535736
11731,-1.3015333766736525
11732,1.2779642070823136
11733,-0.8124936279701808
11734,0.2605740271125518
11735,0.5240753208653816
11736,0.7370909631124903
11737,0.3611958425493558
11738,0.5534401956309976
11739,-0.11388287247060161
11740,0.7747893291226721
11741,-0.15374970610706717
11742,0.8139085302501878
11743,0.062257793068572355
11744,0.049085670183830095
11745,0.6022236304516853
11746,-0.04797479582820391
11747,0.17801843920591331
11748,-0.1548371035383903
11749,0.5445525259649728
11750,-0.17313855855265559
11751,0.4405992644044294
11752,0.04775070526455246
11753,-1.333682392183091
11754,-0.8472992424128497
11755,0.1827427058307353
11756,-0.04741641525648084
11757,1.1373295689590688
11758,0.10641863381869648
11759,0.10267062868284013
11760,-0.950908835194
11761,-0.3054392423518645
11762,0.284056550731414
11763,0.7961914425754635
11764,0.8891935274406862
11765,-0.916330822373314
11766,-0.043361577789788185
11767,0.06324198671346748
11768,0.24197670523956494
11769,-0.5442440152949795
11770,2.003661041777478
11771,0.7186245640412081
11772,0.06888069003294689
11773,-0.10729457568495515
11774,0.3010187392664174
11775,0.24534983617214734
11776,0.08138449008811915
11777,-0.39000949990122613
11778,-0.049762861006565504
11779,-0.5892534990574354
11780,-0.19416220020377747
11781,0.7568214984046462
11782,-0.32708601253612946
11783,-0.24778627948032672
11784,0.6822738010786251
11785,-0.5011165121773293
11786,-0.13644908019618504
11787,-0.17385091045219786
11788,-0.34413190865274224
11789,-0.916002134632198
11790,-0.30100245744391024
11791,0.85467650722444
11792,1.1637870938196544
11793,0.2771495413477556
11794,0.7268288752098525
11795,0.9440585450218538
11796,0.36310759155037675
11797,0.18800954506059706
11798,1.2762053338473762
11799,0.13993531509793497
11800,-0.710061429421867
11801,0.4653477840982029
11802,0.4038726998394513
11803,0.7096595586804828
11804,-0.009809126432213464
11805,0.16617631169347033
11806,0.44664066625250465
11807,-0.14990456378432995
11808,-0.14369779836555877
11809,-0.029330745690025382
11810,0.1098640110894516
11811,0.07677399247912506
11812,-0.7537849013388794
11813,0.30382285991001995
11814,-0.020441722095333067
11815,0.053834752569547215
11816,-0.7514679570267638
11817,0.9051629807289306
11818,2.069489601752044
11819,0.42253788399695047
11820,-1.2903904070209553
11821,0.17836681219777567
11822,0.23471227959423493
11823,0.18338327404854635
11824,0.4913479349815442
11825,0.09184028440793199
11826,-0.42807652269419544
11827,1.9884860876692836
11828,0.20336235701843033
11829,-0.08957161372966141
11830,0.3660090556198272
11831,-0.16797296244239004
11832,-0.07876041861122862
11833,-0.21757979486170712
11834,-1.526014116023562
11835,-0.78980480474759
11836,-0.18059202399034938
11837,-0.9833909994116867
11838,0.05765068939180041
11839,0.6556414655460039
11840,1.092343060827327
11841,0.6816382639026909
11842,-0.5133523893327778
11843,-0.5898462141328941
11844,0.09386589698327054
11845,-0.12711627445250454
11846,-0.836257617520612
11847,0.5067179682702506
11848,0.3214133395097378
11849,0.2092441573804026
11850,-0.2933756681081113
11851,-0.5429784652920346
11852,0.29539817349001957
11853,0.5744702688877685
11854,-0.6199555478676116
11855,-0.825842087033127
11856,0.36485692580331
11857,0.30735457796310356
11858,-0.9678543832628288
11859,-0.8573262316494622
11860,-0.15763070476549565
11861,-0.3437506383789439
11862,-0.12205523719752794
11863,0.20006807793499026
11864,0.06905354351974478
11865,0.239690742972418
11866,0.25297201783224205
11867,0.263434861337243
11868,-0.23249426674787935
11869,-0.21976077623758103
11870,0.352442247747736
11871,-0.9659187877318232
11872,0.14387372770059634
11873,-0.3222294234174001
11874,0.08634987689230281
11875,-0.33942932736274317
11876,-0.3952446159174825
11877,-0.645011369071082
11878,0.6544605157003115
11879,0.26138305569063003
11880,0.4054120805529823
11881,-0.49449081564133746
11882,1.276916105412518
11883,-0.26772052916880723
11884,0.14835488468098768
11885,0.25291274340739056
11886,0.45596040282510397
11887,0.05370363245876337
11888,0.27408552225464966
11889,1.0444290359294552
11890,0.17419967614105536
11891,0.3226384094784626
11892,-0.3086700107634201
11893,-1.096365844211817
11894,0.004111720560876957
11895,0.24121940599455674
11896,0.25101573253752896
11897,0.1921204914842454
11898,0.8006555299212424
11899,0.6352285457296152
11900,1.7220577505085668
11901,-0.5524864881301264
11902,0.9755506965212463
11903,1.8693671736624315
11904,-0.4769518024699193
11905,1.4737228127223974
11906,-0.46752311675096975
11907,0.3936162012443693
11908,0.35383754678035445
11909,0.25625459949289725
11910,0.012554236204420647
11911,0.9385255221007596
11912,-0.20601949406437617
11913,0.05318949773905558
11914,-0.03278816721848974
11915,-0.050054663972354536
11916,-0.18064721535123263
11917,-0.6263513888994894
11918,-0.9489884875325649
11919,-0.11869354447403982
11920,0.09929110355898842
11921,-0.34352300377652206
11922,0.1296268854525843
11923,-0.5148685171011997
11924,-0.10514858825417206
11925,-0.10494609812936158
11926,-0.03458094170711821
11927,-0.7841968969416551
11928,-0.3494224285447939
11929,0.6107813266577949
11930,0.8361106711551126
11931,-0.12013776955723458
11932,0.017345944852324078
11933,-0.7356951589814397
11934,1.0087066174134145
11935,0.03931701443928195
11936,-0.046382624680517764
11937,-0.7091345712958284
11938,-0.2837281414637843
11939,-0.46257001822337435
11940,0.1758908299883537
11941,-0.014635721683234742
11942,-0.08456785160699529
11943,-0.5032535628718373
11944,0.17569372139463654
11945,0.5909954996690662
11946,-0.009504184733540451
11947,-0.10933378092527678
11948,-0.18493892393328604
11949,-0.3419893675835283
11950,0.5860988469574958
11951,0.15457477927816882
11952,-0.10506048236106998
11953,-0.19144149738486452
11954,-1.062414439554827
11955,0.05051839414055205
11956,-0.7638588887709855
11957,0.3023455233320964
11958,-0.9232449357655859
11959,-0.018252215580765348
11960,-0.3662674279757423
11961,0.11006426163760208
11962,-0.006064340372686009
11963,-0.11936765473731269
11964,-0.6001569445115419
11965,0.06868328419904107
11966,-0.007649704463159666
11967,-0.1814911415920334
11968,-0.1546280850008222
11969,0.12592646361873594
11970,-1.0529952891570387
11971,0.2286366666177531
11972,-0.12520350527599317
11973,-0.5486315923692562
11974,-0.20078781953493657
11975,0.4635451561620377
11976,0.02486456053488291
11977,-0.43165043245652757
11978,0.03251760930215968
11979,-0.08528363283224594
11980,-0.8136571705510688
11981,-0.40706820579240505
11982,0.169936998312704
11983,-0.9086822208572685
11984,0.22177489268662617
11985,0.7765239876444624
11986,0.1086978259405409
11987,0.15538231094836324
11988,-1.1437837491667926
11989,0.08126090284833447
11990,0.25355934722039036
11991,0.14684423867773644
11992,-0.15997862815664254
11993,0.22813275776875436
11994,-0.34309241931785
11995,0.023319901738106854
11996,0.3812706860763702
11997,-1.3864443747244142
11998,-0.21925665418021614
11999,0.6786434741961781
12000,-0.3712850552779613
12001,-0.5312231633327951
12002,0.03309515733165685
12003,-0.5701483986658781
12004,0.6488518370546905
12005,0.7270972922484922
12006,-0.8653815840477626
12007,0.5964888156632632
12008,-0.18121112543479234
12009,-1.0558502747320389
12010,0.256265593226334
12011,0.2430944429206362
12012,0.7999248463902621
12013,-0.2421195531336067
12014,-0.5745047253693142
12015,0.4653855269786924
12016,-0.3215994069015545
12017,0.0633943594344506
12018,-0.12168748832125748
12019,-1.9224159099849176
12020,-0.2711018566701243
12021,0.21982250625960492
12022,0.38925255763143873
12023,-0.6571517239066242
12024,0.8816119298763674
12025,-0.6437634469548995
12026,0.002191075097053789
12027,-1.8505472737321498
12028,-0.24006267045661225
12029,-0.29321605028021347
12030,-0.27636490576597494
12031,0.01332404443150761
12032,0.12636549821589663
12033,-0.29496349005981426
12034,0.25193353482493747
12035,1.8108980403602108
12036,-0.5330733137197208
12037,0.36795676558748247
12038,-0.0019123831055542625
12039,-0.49129250577244704
12040,0.37422211831642943
12041,0.038839242530653816
12042,-0.18777757581326948
12043,0.5299197518836193
12044,0.30053668512822174
12045,-0.21664710404475546
12046,-1.8766867984647515
12047,-0.45817118206102875
12048,0.31062246189868775
12049,0.002187203187020209
12050,0.6987099678819838
12051,0.029448125746620264
12052,1.1662081578105392
12053,1.1922491808675573
12054,0.4648203154691475
12055,-0.16790900311664603
12056,-0.07010960771009893
12057,-0.5883719857320576
12058,0.18708264076239223
12059,0.4969303010799838
12060,-0.2587103772370889
12061,0.2405006130867931
12062,0.2760871205944241
12063,-0.055023868665976985
12064,-0.0217006671087701
12065,0.32525821330565163
12066,0.23554143282230264
12067,0.3585316021356581
12068,1.3436383696759588
12069,0.2735847907553878
12070,0.6463061050631804
12071,0.006466368941218493
12072,0.5562470966768718
12073,-0.39480320878098857
12074,-0.06842309637509655
12075,0.052237036795529934
12076,-0.08747396974518418
12077,0.846788495485622
12078,-0.17924831413688308
12079,0.6380861381304614
12080,-0.7851443759738336
12081,0.7301742068140205
12082,0.01840057402064277
12083,0.2151417089362271
12084,-0.11988865250081254
12085,1.35189345822048
12086,-0.5104672178799569
12087,1.3346186440588497
12088,-0.25557509514448407
12089,0.5498689034250817
12090,-0.536328540255368
12091,0.061050552396882334
12092,0.18592047436958703
12093,1.2188364264009577
12094,-0.6420450336256718
12095,-0.26039407448054874
12096,-0.02335598405971602
12097,0.08337297945208585
12098,0.30269546660740254
12099,0.27614633524441673
12100,0.045657616656815135
12101,0.01061093974967136
12102,0.9746799679921462
12103,-0.3852713931413313
12104,-0.1287876059988672
12105,-0.31349018374834664
12106,0.3176094891241712
12107,0.854502172584026
12108,0.12048881805303391
12109,0.21626734040515244
12110,0.642095994767923
12111,0.10823929230667317
12112,0.19897803896197813
12113,-0.20479034176875272
12114,0.3473229960973888
12115,-0.4091678739972312
12116,0.06295326840545801
12117,0.17645690434927894
12118,0.02988648805873635
12119,0.9573825325922322
12120,-0.10311698983104557
12121,1.6913336912576702
12122,-0.26341064864227626
12123,0.028867757320327557
12124,-0.13125451021717283
12125,0.2529477612928021
12126,-0.31700884985402744
12127,2.036092583105892
12128,-1.0077032712147351
12129,0.5235244325413516
12130,-0.24162564492896652
12131,-0.2977371039603756
12132,-0.031164195258511218
12133,1.1221846051373414
12134,0.703658129210545
12135,0.471586019975809
12136,1.1026048280051435
12137,-0.2821847628554732
12138,-1.5717184154890373
12139,0.984613471230506
12140,-0.1137285845448912
12141,-1.8253401425279754
12142,0.2804046345878577
12143,-0.4442008342862431
12144,0.2617298684294312
12145,-0.5907437884557353
12146,0.2911757556303601
12147,-0.23294740547703136
12148,-1.1849433448051876
12149,0.3044277946377229
12150,0.925682768916929
12151,0.5719362854006355
12152,0.4957780162940275
12153,1.0579422269018603
12154,0.5178834410999
12155,-0.39301035875108964
12156,0.24400263201944328
12157,0.853457853997407
12158,-1.1960169914916639
12159,0.6030235933165587
12160,-0.3810892630712578
12161,-0.19783241850768107
12162,-0.7595768982998429
12163,-0.02670625386306712
12164,-0.18680387040089533
12165,-1.0155649526376136
12166,0.249285673959936
12167,-0.2525992869305921
12168,-0.3306432085564182
12169,0.2223519686105468
12170,-0.7269445929507995
12171,0.29654392535197005
12172,-0.8230489006079843
12173,-0.5763264180562795
12174,0.23049263708920018
12175,0.6732080014223749
12176,-0.1312222835624554
12177,-0.0268605732183507
12178,0.4110768426642113
12179,0.7323474322283102
12180,0.8310713484493975
12181,-0.35634391791008374
12182,-0.048069841691284115
12183,0.1612648725699447
12184,0.05857981328894722
12185,-0.6895428939874747
12186,-0.055940655317753815
12187,-0.445849440718875
12188,0.09418320802021332
12189,0.6607883479862603
12190,-0.0007591941220519407
12191,-0.8021383287354704
12192,-0.3760774329158168
12193,-0.20938332867536283
12194,-1.1903220422576397
12195,0.44911181504414727
12196,0.012557825586005001
12197,0.8201749610196855
12198,0.02839824081783388
12199,0.3800448144262263
12200,-0.10220393145035953
12201,-0.29223110056875873
12202,-0.1853291760948528
12203,-0.8016743988393826
12204,-0.5700051500072333
12205,-1.5731644165618566
12206,0.2382087666353105
12207,0.4424575684774741
12208,2.028388009752889
12209,0.9574823127744496
12210,-0.13766383923355865
12211,0.9223683879009373
12212,-0.6389944349710983
12213,1.6731825142801062
12214,0.9079235295111814
12215,-1.188454685059373
12216,0.2247670207618815
12217,1.4368078756022304
12218,-0.2132402873966415
12219,-0.6127524462520259
12220,0.4240553856150129
12221,-0.2868156884283161
12222,-0.17998472063980914
12223,1.1736250288358232
12224,0.29392634599246714
12225,-0.2599776201337179
12226,0.9261536695839577
12227,1.7209916023751477
12228,-1.405770062491327
12229,-0.07806847473030273
12230,0.1363557040522995
12231,-0.027384026013198476
12232,1.1224266223143302
12233,-0.9358417517919292
12234,0.2984312183474387
12235,-0.9285486483871422
12236,-0.01664154927463509
12237,0.01918597202972035
12238,-0.2736398734255309
12239,-1.1585360845431596
12240,-0.19034150199057354
12241,-0.6117641558285684
12242,0.42229377011605757
12243,0.1904018033022753
12244,0.8120999891097211
12245,-0.3448658849942196
12246,0.637411682611545
12247,-0.07897029370123988
12248,0.683114936958453
12249,-0.02620459297321609
12250,-0.41676618445864577
12251,0.6089727954228604
12252,-0.7932709170300927
12253,0.9740457350712091
12254,0.11757022300384352
12255,-1.063393563694968
12256,0.1926954426719422
12257,-0.217002328105211
12258,0.19678104744130945
12259,0.4893224873944949
12260,0.4482822365432128
12261,-0.430874274648896
12262,-0.3048236907682194
12263,-0.3744549289527568
12264,0.5266737147147579
12265,0.8969215110627242
12266,0.3271031203247568
12267,0.12878162224614545
12268,0.2692895471916619
12269,0.22216611492545135
12270,-0.09852520188524745
12271,0.4588763864290852
12272,-0.34241003578318957
12273,-0.04614696313656112
12274,-0.34855460957826717
12275,-0.6448633750449592
12276,-0.013448881934354387
12277,-0.25277394011876203
12278,0.13755614736409366
12279,-0.6204135161328784
12280,-0.2845391644932291
12281,0.17780026760623782
12282,0.4239428609482341
12283,0.7838377947411941
12284,-0.043879777215188216
12285,0.4627630064021961
12286,-0.27391528851978125
12287,-0.08519247815259848
12288,-0.1774885438141667
12289,-0.5362633449340712
12290,0.20945824150955547
12291,-0.7128536159872492
12292,-0.1334950654660535
12293,-0.14704166595229604
12294,0.02514187001084887
12295,-0.2889230465138823
12296,-0.5241256887520002
12297,-1.0787605951576635
12298,-0.031674275773802024
12299,0.1597971042622513
12300,-0.18681398823377918
12301,-0.049878937331022236
12302,0.349392750399769
12303,0.4671703028700751
12304,0.4494906748166169
12305,-0.35179467967985373
12306,-0.7807844067671015
12307,-0.2980514991611418
12308,-0.11054120097245321
12309,-0.2576670185529624
12310,-0.6501232946279407
12311,-0.3657726210090572
12312,-0.15880266399626716
12313,0.247091149804236
12314,0.27937761431030184
12315,-0.2737378469236618
12316,-0.19016386454793294
12317,-0.9329606209420213
12318,-0.07512169529551638
12319,-0.1326036658149979
12320,-0.4247695904035231
12321,0.26021618004441116
12322,0.06022003603637767
12323,-0.2835681321210498
12324,-0.6179685833567466
12325,-0.24084191901173127
12326,-0.08012066569119569
12327,-0.4138054655103503
12328,-0.5408872291517923
12329,-0.09334144855383363
12330,-0.07723205367486839
12331,0.11906077498200489
12332,0.12819213286646475
12333,-0.8693734009992791
12334,0.14522820107131187
12335,-0.8312488283609459
12336,0.05985646949366467
12337,-0.7681663920023848
12338,0.136780204306181
12339,-0.8286978904996176
12340,0.045942575170295846
12341,-0.825364086654932
12342,-0.8523368420124184
12343,-0.9855475781118448
12344,-0.475891384684902
12345,-0.9937105458048889
12346,0.09749121945020763
12347,0.07384566191578898
12348,-1.1256258270017963
12349,0.43397093892924293
12350,-1.7154552412487147
12351,-0.9396580240421616
12352,0.4011881804804967
12353,0.18086560690671416
12354,0.3455436506311159
12355,-0.986514680891259
12356,-0.686055190916898
12357,-1.022015295673707
12358,-0.11957048084018926
12359,0.10737730305060209
12360,0.043801246439000026
12361,-1.5467485148935654
12362,0.08179058148454679
12363,0.04038442903903658
12364,-0.30664735798022325
12365,-0.7170281092441585
12366,-0.18872452374356144
12367,0.04084471395532619
12368,-0.07203423638329884
12369,-0.7074877206560013
12370,-0.20620289790857593
12371,-0.06855089189890276
12372,0.18752245892882166
12373,-0.5483456723313473
12374,-0.2472308410330648
12375,-0.06603412541675086
12376,-0.18983086110548664
12377,-0.704472906607963
12378,-0.40315987713018087
12379,-0.13027823201520553
12380,-2.090148463726477
12381,0.003110183456442999
12382,-0.7876161780703627
12383,0.3134746761547746
12384,-0.24153277107761353
12385,0.26256095014193664
12386,0.12607221974303778
12387,-0.061632680691224
12388,-0.3003504986627366
12389,0.11324678187115217
12390,0.09080002510465332
12391,-0.06815402205386564
12392,-0.20702390187609088
12393,0.07527411308790549
12394,0.13251313525352154
12395,-0.1019461576899718
12396,-0.4607628519411745
12397,0.0756887848137861
12398,-0.8849736888761845
12399,0.01043362640370246
12400,0.12279681895184714
12401,-0.7900855811538386
12402,1.2578886535323968
12403,-0.09600470013271178
12404,-0.8642526306374348
12405,0.8048045519068077
12406,0.08564187023619133
12407,-0.9200355916481829
12408,1.3315165736324273
12409,-1.019899183103786
12410,0.20823510850785665
12411,0.2431844316660776
12412,0.04778787932220554
12413,-0.9790959691762408
12414,1.2252357911387632
12415,0.07745833011026454
12416,0.0065086688412640025
12417,0.3892379094740624
12418,0.12667943412199326
12419,-0.6587440407268697
12420,1.6662717676801155
12421,0.3432265850222884
12422,0.051548067532758535
12423,0.3960010354963525
12424,0.15232985669167975
12425,-0.8390645735017582
12426,0.8008765028854126
12427,0.05642083180757669
12428,-0.7714198703891945
12429,0.9028616890427905
12430,0.11271326812393669
12431,-0.8778858291486507
12432,0.979715545879102
12433,0.6608152086198922
12434,0.10843479473047013
12435,-0.8968209788214427
12436,1.6031249574470938
12437,0.24516167950800336
12438,-0.9026181861111425
12439,0.6210182898109418
12440,0.11932894289511786
12441,-0.8955328890162363
12442,0.9143282591365623
12443,-0.9593655087297982
12444,-0.9696223103297401
12445,-1.1166346150633037
12446,-1.1450439813821536
12447,-0.43924409181937535
12448,0.42265071216633576
12449,-0.1111216044957626
12450,-1.132003671301224
12451,-0.23094147810087065
12452,-0.18632491571473678
12453,-0.12980952976766105
12454,1.4870617818577117
12455,-0.8388381590716885
12456,0.5166514632641834
12457,-0.3834161825186347
12458,2.086928963524704
12459,0.4610006497840944
12460,0.6991339507491948
12461,-0.3828567381378139
12462,2.035567372335748
12463,0.5657654008520459
12464,0.640636206385476
12465,-0.3367858563030116
12466,-0.38006636376188846
12467,0.3757821756859823
12468,-0.6579981542254407
12469,1.9686542261030464
12470,0.43656241669268947
12471,0.761994697796151
12472,-0.3779473060838037
12473,2.1892213541741072
12474,0.4330244755579504
12475,0.3528774513846442
12476,-0.38078246125428483
12477,2.1816698686813853
12478,0.3839225740164264
12479,0.603008418804807
12480,-0.5297877796244478
12481,2.2830130743879864
12482,0.43560899800609815
12483,0.23259849897575846
12484,-0.8993675756631065
12485,0.22970615888500198
12486,-0.9663314313180078
12487,0.20545047737111558
12488,-0.30590596860210634
12489,0.23129145300264897
12490,0.6331694641093276
12491,0.05678791315370077
12492,-0.15794242081006016
12493,2.116473953560331
12494,-1.3454942803732033
12495,-0.6498313963107143
12496,-0.2242495258638284
12497,-0.18942607137153677
12498,-0.21962469372658272
12499,-0.7686676046495002
12500,-0.2315417699447413
12501,-0.26526084309176096
12502,-0.04557087907269462
12503,-0.38914168839072033
12504,-0.3709816154403551
12505,-0.20765050156177367
12506,-1.5651737271406128
12507,-0.30948063681610727
12508,-0.17866165742733645
12509,-0.14382972217228465
12510,0.617493266374562
12511,-0.8069900343497786
12512,0.528759124401731
12513,0.5615384986304286
12514,0.6622674526750669
12515,0.5316815312491403
12516,0.659181167042602
12517,0.5852567561317021
12518,0.6464313141679402
12519,0.3259378847727048
12520,-0.4110290394828258
12521,0.46054379913531523
12522,-0.2066903012837854
12523,0.49287307956905557
12524,-0.9444642870883961
12525,0.5401209947422481
12526,-1.0366678967100857
12527,0.4784791781701073
12528,-0.5774345772432762
12529,0.4423906052017653
12530,0.04657251021174977
12531,-0.2671660145156009
12532,-0.7191247597923243
12533,2.03855408419316
12534,-0.13826650189661213
12535,-0.6114490921518457
12536,-2.5401250841448224
12537,0.3458977339395463
12538,-0.23016869153499905
12539,-0.015059206901499955
12540,-0.02683507040221381
12541,-0.1314083451739444
12542,-0.5085304413901977
12543,2.2170204661877446
12544,-1.0804968206825762
12545,-0.24654278468175006
12546,0.10238463252389465
12547,-0.026281386041172573
12548,-0.4830933995682675
12549,-0.21451365238006392
12550,0.4456103219079918
12551,0.09370536334371508
12552,-0.10758019591253287
12553,2.0008368196110493
12554,-0.8705104154357938
12555,-0.2588235037334904
12556,-0.6297755029612169
12557,1.5576326599785335
12558,-0.28101400523670894
12559,-0.6391324767011715
12560,1.95339342956144
12561,-1.0243411390981294
12562,-0.281060824698256
12563,-0.6914223736967591
12564,1.9426389393284456
12565,-0.018540145846278437
12566,-0.21677581663792136
12567,-0.6375609581782586
12568,2.0831997737553136
12569,-0.9806944195595085
12570,-1.5234437478218936
12571,0.37797448019402063
12572,-2.509465353541253
12573,-0.040306020316611645
12574,0.8124447296090459
12575,-0.15114551854261385
12576,-0.19692718240687535
12577,-0.17179160456626585
12578,-0.16812190201295213
12579,-0.1936613863723297
12580,-0.1455296791300283
12581,-0.09024240030216338
12582,-0.46559723805112574
12583,-0.19800722572171428
12584,0.06153357224451076
12585,0.04239228329750673
12586,-0.18628171016728912
12587,-0.6310703821915897
12588,-0.2003207861704683
12589,-0.4953035600222163
12590,0.6992802421265396
12591,-0.2698814270863112
12592,-0.09172647140170911
12593,-0.5096227432519845
12594,0.29889201791075004
12595,0.1933407815071726
12596,-0.28414327258873706
12597,-0.1830471019625297
12598,-0.1662795032609429
12599,-0.2519618108904315
12600,0.4600476431618533
12601,0.5965142688664735
12602,0.2703159817464417
12603,-0.202348471936423
12604,-1.0855382213108584
12605,1.4661688682089573
12606,-1.3012910195370926
12607,-0.3589011715000187
12608,-0.23277869657539615
12609,-0.06391590710978207
12610,-0.07470605225600896
12611,0.34665018052436364
12612,-0.08689533786248795
12613,0.4399721720741635
12614,0.005821446281835992
12615,0.17995603122434717
12616,-0.13391754205725678
12617,-0.32704546433694215
12618,0.10225924480351928
12619,0.1239733230898165
12620,-1.5037292742713066
12621,-0.10212305337530192
12622,-0.8713360417441227
12623,-0.1554876829775511
12624,0.04672871404634836
12625,0.2450182997604128
12626,-0.16779623861330398
12627,0.07098953121085251
12628,0.06176084267662563
12629,-0.2137037835953798
12630,0.7256848189802955
12631,0.04287321985185403
12632,-0.19239858936605087
12633,-0.27060058493343214
12634,-0.16409938867784643
12635,-0.25871289219842275
12636,-0.985237936511338
12637,0.2689800507481459
12638,-0.24337604071191263
12639,1.5776468801076629
12640,-1.411975654622704
12641,0.4235287526232589
12642,0.2308421606901874
12643,-0.36840834991795623
12644,-0.33693089272191457
12645,-0.3753883527883419
12646,-0.47602190107688824
12647,-0.234450423701043
12648,-0.12377804472217929
12649,-0.4031713842761614
12650,-0.6064570304598662
12651,-0.015119573542906627
12652,-0.055342030399281573
12653,-0.31528146715299293
12654,0.25428165566158056
12655,-0.2070952847694368
12656,-0.29824294561974574
12657,-0.4747802515071834
12658,0.0510065903061714
12659,-0.10392102706753575
12660,-0.09595451055827696
12661,0.5298707002519139
12662,-0.11117409967389813
12663,-0.6126251800375704
12664,-0.2587075589295236
12665,-0.447783339806858
12666,-0.10677349576554687
12667,-0.3573331740471493
12668,0.07374564331735406
12669,0.24677886053558395
12670,-0.1103057201295415
12671,0.05151008143917775
12672,0.021356656344096597
12673,-0.4645256104497536
12674,0.502263948365908
12675,-0.18883344997228538
12676,-0.38528697381871624
12677,-0.4983365038960358
12678,-0.17485145892237924
12679,-0.11955722465018362
12680,-0.32751796541724026
12681,0.3805150885683447
12682,-0.34967970553444594
12683,-0.4492922252102895
12684,-0.5818596348612252
12685,-0.32194773527811266
12686,-0.30803768890298183
12687,-1.687355432171693
12688,-0.10835356501128493
12689,-0.428205157753461
12690,0.113628409261462
12691,-0.7618383652697286
12692,0.07954544785563382
12693,-0.737850399993472
12694,-0.026067590739199703
12695,0.10842118249322535
12696,0.3655149617982461
12697,0.13783937144003644
12698,-0.9466399240817361
12699,-0.9004944798591048
12700,0.17898310003561535
12701,-0.747446158783059
12702,0.12592185796665986
12703,0.15285972206659468
12704,0.1866638359460996
12705,0.6066720309680387
12706,0.11894256824304317
12707,0.39103905468870065
12708,0.011382213222508281
12709,-0.7005925426812577
12710,0.04795463259529472
12711,-0.31067583783582947
12712,-0.5691291461339524
12713,0.737330951870244
12714,-0.44810143293121757
12715,-0.7100773739631796
12716,0.09809716147338023
12717,-1.1728492461546347
12718,-0.399415663433921
12719,-1.0029217861577389
12720,-0.29108393545161143
12721,-1.104590834696015
12722,-0.3867496784385721
12723,0.10882338554045141
12724,0.15714018452943807
12725,-0.7338516155459023
12726,-0.12037040155111663
12727,-1.0949624451365634
12728,-0.4105468624438084
12729,-0.8752341758773052
12730,-0.1722827644915401
12731,-0.9656103513521941
12732,0.11428598153154063
12733,-1.0695188108684572
12734,0.0457103335633374
12735,-1.252681323805832
12736,-0.45142121973069027
12737,-1.1065796514348318
12738,-0.30466833198149884
12739,-1.035668611989236
12740,0.1409168966376188
12741,0.09143512937974746
12742,-1.1053160971752685
12743,-0.33605664703605465
12744,-1.0695293227701532
12745,-0.19959222827884227
12746,-1.0602829740691557
12747,-0.8392684475338428
12748,-0.7006300411805175
12749,-1.0282371406293118
12750,-0.43139455759408074
12751,0.3966146367586069
12752,-1.0867658517186578
12753,-0.03711223914249019
12754,0.13528508853776183
12755,0.0736710174909248
12756,0.11649915861363365
12757,0.1080512550441827
12758,-0.9419318758392912
12759,0.16226349085378178
12760,-1.0436848543987216
12761,-0.16853571333070635
12762,-0.8778217653701531
12763,-0.10339237922749535
12764,-0.7901107290341375
12765,0.23257806404348688
12766,-2.264854176877178
12767,-0.09686154474790486
12768,-0.926755382370428
12769,0.13077379266900582
12770,-0.2175534756561326
12771,0.03706018982354142
12772,0.03967820458433535
12773,-0.042092436616405146
12774,-0.29144487817660414
12775,0.11565440557006465
12776,0.04437086446736811
12777,0.09496635614556073
12778,-0.24640541690011167
12779,0.040506782064174116
12780,0.05356384896485298
12781,0.08854438840681095
12782,-0.3204989221430552
12783,0.08200852014812549
12784,-0.8924374898885762
12785,-0.19952639528755228
12786,0.08953725267435397
12787,-0.7867217518334362
12788,-1.4625446373566917
12789,0.11169836789242014
12790,-1.1006839414736778
12791,0.1585316596551486
12792,-0.4195562474221893
12793,0.06626634675241364
12794,0.12826211894170098
12795,-0.07627546215285445
12796,-1.3704659081018142
12797,-0.0726285459118823
12798,0.25291710154323455
12799,-1.501484820634986
12800,-0.09260972734656137
12801,0.04380832008573453
12802,-0.2739400664831972
12803,-0.0633488593683086
12804,-0.7495312674519614
12805,-0.04940695259500809
12806,-0.3628739404492511
12807,0.3280754156671527
12808,0.1431877518535518
12809,-0.12826494125350135
12810,-0.25251066831514285
12811,0.07297613816630667
12812,-0.09333478323051286
12813,0.20073645189028363
12814,-0.43619009540371023
12815,-0.275636039319479
12816,0.08949047496549875
12817,0.13630971497681238
12818,-0.007237055863716847
12819,-0.4038183725299638
12820,0.06876794046722709
12821,0.04207082880353643
12822,-2.0286022944397755
12823,-0.10109019842831775
12824,-0.8394732790989675
12825,0.00028780488814690266
12826,-0.47513079096288297
12827,0.04953683398710541
12828,0.03337850871789034
12829,-0.08200396151770054
12830,-0.3834530688592232
12831,0.07367741959271171
12832,0.17731170036359567
12833,0.15762161586366313
12834,-1.7637150936641908
12835,-0.0894042866056717
12836,-0.047101748375645736
12837,-0.2353282913104384
12838,0.1182678895285524
12839,-0.9820266935824529
12840,1.3924480334883895
12841,0.11205612502158803
12842,-0.9189652922338957
12843,1.4628151701225118
12844,-0.0335820906268982
12845,1.0652485552324853
12846,0.12598647818593114
12847,-0.9338672045911437
12848,0.8873183764569834
12849,0.04564040457222855
12850,-0.7698848829198643
12851,1.3187550461079243
12852,0.07835101473161502
12853,-0.7406879175438474
12854,0.9424143443722566
12855,-0.07299537237785604
12856,-0.7800702791189477
12857,0.5091923675542072
12858,0.28150917219660415
12859,-0.795335861027125
12860,1.1692740491456035
12861,0.0989505372410818
12862,-0.7040009556220241
12863,0.8597894254697175
12864,0.6400688200744447
12865,-0.4282832988389677
12866,0.5672008213191889
12867,0.1358575022380168
12868,0.3714121081343231
12869,-0.7922772411762035
12870,0.9740546838945471
12871,0.1415176854006544
12872,-0.4339809917917277
12873,0.35800146540249783
12874,0.08079708653290682
12875,-0.6398230306080113
12876,0.44959196099857807
12877,0.22410645049945857
12878,0.2218583625029703
12879,-0.022178530853338888
12880,0.2770529762217762
12881,0.1256979807375194
12882,-0.9033201331137043
12883,0.35092305611957053
12884,-0.8603588453001642
12885,0.21588006530262996
12886,0.046562255637135154
12887,0.08724366318528963
12888,-0.9221446494658171
12889,0.7834772137967841
12890,0.08753595851581131
12891,0.4764893177328263
12892,0.34928101779235504
12893,0.522063206524612
12894,0.45335714446151193
12895,0.42358690107017916
12896,-0.49281186899772156
12897,-0.5471686493522211
12898,0.19885023712402267
12899,-0.4518193616829133
12900,-0.47903224950180195
12901,0.014587107778034422
12902,0.2080500880504335
12903,0.6204968117425756
12904,0.11344650330988595
12905,-0.4208710652497219
12906,0.0659276472169896
12907,-0.6409754911476226
12908,-0.21433864706646502
12909,-0.24155018448713383
12910,0.2676101446976879
12911,-0.5048027639539221
12912,2.260596011390923
12913,0.3935938071040133
12914,-0.5989099577890961
12915,-0.2510115356620178
12916,-0.2760823872353169
12917,-0.866924363433545
12918,-0.9309498692105318
12919,0.5103623202233316
12920,-0.7565729783751465
12921,2.312647858415687
12922,-0.22735431514460006
12923,0.5196429985300584
12924,-0.47929483988839455
12925,2.253628042070967
12926,0.48499140402365554
12927,0.7218923104293986
12928,-0.7775825105411166
12929,-0.175356631688395
12930,0.33962120233844667
12931,-0.4646560746098703
12932,2.0863343182768728
12933,0.4567283084037037
12934,0.35325063443614996
12935,-0.4945901432851757
12936,2.3676993774847372
12937,0.393794862724484
12938,0.33735635447084655
12939,-0.46395770998888647
12940,2.2517792129050087
12941,0.5241229486030508
12942,0.47522350145333486
12943,0.13029679511322179
12944,0.3767614210944584
12945,-0.25466478054176045
12946,0.5049097697443254
12947,-0.9424953403036015
12948,0.5688080026953017
12949,-0.8870847366038269
12950,0.4106208113490468
12951,-0.06401124930088016
12952,-0.36278012597901976
12953,-0.7084381553749022
12954,0.6231048996806997
12955,-0.9826316801001829
12956,0.5314102826097177
12957,-0.8749836511689566
12958,0.3993363430679321
12959,-0.22964994161244323
12960,0.13327906036566387
12961,-0.7505182480770198
12962,-0.9405017595046907
12963,-0.657923396360598
12964,1.0326445752201374
12965,-1.0148407186617472
12966,0.4141608384273377
12967,-0.9959422556926918
12968,-0.9741507847426195
12969,0.5231138454458881
12970,-1.0308686185639044
12971,0.5341809073468057
12972,-1.0372716540005913
12973,0.7721893327862197
12974,-1.1317275719778066
12975,0.4098702525677156
12976,-1.105322985959949
12977,0.46360993125915195
12978,-0.1926329769572593
12979,-0.6062505522099269
12980,2.0321418364172854
12981,-1.1573186615806696
12982,-0.18260038514119536
12983,-0.663647999039407
12984,0.681039978793017
12985,-0.1443820641160463
12986,1.260912407938413
12987,-0.11085136459364169
12988,0.12751249598170417
12989,-0.4836268988279043
12990,0.35277858983546384
12991,-0.24732395176509764
12992,-0.5299590679835796
12993,1.9035938724949593
12994,-1.1820697901111972
12995,-0.12922879021718708
12996,-0.21505436236623363
12997,0.16516828483265986
12998,0.05999175727552196
12999,-0.14050829667752748
13000,-0.08444344070281234
13001,0.23314217069551482
13002,0.07823583294384857
13003,0.014450186921131666
13004,0.49409571310441613
13005,-2.223977261675679
13006,-0.026428595008846128
13007,0.8181698860259028
13008,-0.7562462319276931
13009,2.1294866863977955
13010,-0.9626826977268158
13011,-0.1087250301936953
13012,-1.0877170594238361
13013,-1.1621796277963832
13014,-0.4181376529968041
13015,-0.30193254851394197
13016,2.0584258250964313
13017,-1.396365174576583
13018,-0.2127383805387939
13019,-0.6212887100982991
13020,0.619518378341444
13021,0.18296814109749968
13022,-0.05478176547117296
13023,-0.07518561340961778
13024,2.1542066693150614
13025,-0.9379654437102068
13026,-0.09612399871532426
13027,-0.23442117095214007
13028,2.029340833731335
13029,-1.1450682002102193
13030,-0.10736795186545173
13031,-0.6274426395182618
13032,2.080747641450143
13033,-0.19470582046942417
13034,-0.7834660631207894
13035,2.049770127225848
13036,0.1923046518722489
13037,-0.19371507262140616
13038,-0.22413746198641316
13039,0.2586886472999549
13040,0.16874729597727256
13041,-0.15902579817570558
13042,-0.6828645860021599
13043,2.0006680083475046
13044,-0.8971575093719003
13045,-0.2222568176919557
13046,-0.2202785446863983
13047,2.031788938160621
13048,-1.334508883129913
13049,0.03231373568826813
13050,-0.21821728655468295
13051,2.1204732597737843
13052,-1.4197572163324914
13053,-0.3363606008856258
13054,-0.7451085417511204
13055,0.3575339021135551
13056,-0.24647049709460486
13057,0.35019228564242183
13058,0.41748367764096855
13059,-0.42772638677433295
13060,0.3701408577194582
13061,0.3332765486910649
13062,-0.2250497009006814
13063,0.39980104630232777
13064,0.27117889664256845
13065,-0.3013758444254051
13066,-0.7506602362001503
13067,0.6870406127195565
13068,-0.16295890796763635
13069,0.3819264341636228
13070,0.2819884179838578
13071,-0.12866342531087344
13072,-0.15603678646735702
13073,-0.38930256296844595
13074,-0.5858758023764556
13075,-0.21019862851055598
13076,-0.11778792173069805
13077,-0.2724248371683681
13078,0.35354908333656265
13079,-0.2854548984023711
13080,-0.4734204510109645
13081,0.7775372619130297
13082,0.23521273029955625
13083,-0.3937402364228602
13084,-0.3643807017697563
13085,-0.14848418478547945
13086,-0.08582262759866438
13087,0.2978275265850652
13088,-0.20013194627433975
13089,-1.016140270488439
13090,0.12185766696778066
13091,-0.610250709331926
13092,0.6082683990208024
13093,0.6921732323854963
13094,0.18970694815109623
13095,-0.3159346533535414
13096,-0.8068394503061853
13097,0.2528646135215736
13098,-0.005891951981094596
13099,-0.8888027035974121
13100,0.3369910685013919
13101,-0.20922485520531536
13102,-0.418084183037758
13103,-0.3017489615392077
13104,-0.14663531884932007
13105,-0.39177536883502523
13106,-0.12126563579633809
13107,0.10732984398562032
13108,-0.32267141842456687
13109,-0.1680696041562797
13110,-0.14662852330751824
13111,-0.40158867712684787
13112,-0.2424402575600288
13113,-0.25188388778504184
13114,-0.3779574095664859
13115,-0.29581466921018773
13116,-0.2033188889491903
13117,-0.916077180970605
13118,-0.18001611532250109
13119,-0.42063501416517934
13120,-0.16454839482338204
13121,-0.8663701124875387
13122,0.6956681491360749
13123,-1.2088728747743382
13124,-1.278369403177008
13125,-0.860489441105535
13126,0.2909953756865046
13127,-1.068481112187497
13128,0.5364892320592097
13129,-0.9636508364273427
13130,0.15855623715901368
13131,-0.3830985303901679
13132,0.10819097830847868
13133,-0.0913733719982271
13134,-0.24482469560154885
13135,-0.15379526851566933
13136,-0.14615199037402218
13137,-0.09671768890373929
13138,0.2401385543884287
13139,-0.27888192040584936
13140,-0.16920118568763012
13141,0.09843752998062393
13142,-0.1671075400459226
13143,-0.15433308710752155
13144,0.11752932318738825
13145,-0.9503403864512809
13146,-0.06035338554362186
13147,-0.07932903102059477
13148,-0.15664207008700534
13149,-0.0962810922099377
13150,1.0771529316834154
13151,0.4330847052704829
13152,-0.1489558470941229
13153,-0.9362590117549925
13154,-0.4873506228467828
13155,0.08205918281248287
13156,0.13587053134987476
13157,-0.20112177552687985
13158,0.2526489038797643
13159,0.12794962745155572
13160,-1.02841128448756
13161,-0.07229423768009609
13162,-0.4172145265081205
13163,-0.19754446141500057
13164,-0.23619997787627173
13165,-0.20276376493260548
13166,0.2426268539870923
13167,0.18052356829559454
13168,-0.8777571802909473
13169,0.5273545752723233
13170,0.6691129690179224
13171,0.39607056757559894
13172,-0.34395839574351583
13173,-0.1675481981439396
13174,0.0819957981966938
13175,-0.5802707825029961
13176,0.610438493350942
13177,-0.11422015597741886
13178,-0.11390847223564445
13179,0.267192992353631
13180,-0.39468527930111447
13181,0.8275359062934451
13182,-0.3830403754527264
13183,-0.3793009952650565
13184,1.5681926013233163
13185,-0.24387834816497123
13186,0.6953428317543126
13187,1.1097970647737243
13188,-0.7508677353279778
13189,0.23227122076692858
13190,0.10024439027533084
13191,-0.38669176564633967
13192,0.05442199914019824
13193,0.34681739187452104
13194,0.34741670484915094
13195,0.42285309102177754
13196,0.2842895029102221
13197,-0.2151559603435574
13198,-0.3637249005764154
13199,-0.15360273846786915
13200,0.9688933301689039
13201,-0.3237433722035765
13202,-0.021447475278142898
13203,0.3889594304659067
13204,-0.6849173770643566
13205,0.28285056932293556
13206,-0.1656899341932086
13207,0.27402464563649326
13208,-0.053281745364171504
13209,0.08573475108614587
13210,-0.19324892549094275
13211,-1.5759436349652782
13212,-0.8888479063272924
13213,0.1113971505152561
13214,0.2289350352719228
13215,-0.18708828988153486
13216,-0.3889458410619375
13217,-0.5850792043531622
13218,0.1020410032644925
13219,0.4979389050555111
13220,0.415908923517189
13221,-0.5096717763742558
13222,0.5619714447193693
13223,1.050058827297024
13224,0.2902227913668296
13225,-0.25288510574363554
13226,-1.369435545411769
13227,0.029747303183527835
13228,-0.030131753020590357
13229,-0.5317090301783844
13230,-1.4313274384083585
13231,-0.23006835776932147
13232,-0.6801502309033605
13233,-0.0938415937986164
13234,-0.9491665722868076
13235,-0.09257569477923772
13236,-1.09926880265068
13237,-0.25058033105727057
13238,0.11376300123666512
13239,-0.1276188843401776
13240,0.2135959314120885
13241,-0.10690438760446752
13242,0.9460689429964098
13243,-0.27088813472354595
13244,-0.4303085427748973
13245,0.05050352883400139
13246,0.8496997570369264
13247,-0.029304174835264134
13248,0.16069092432167156
13249,-0.06235837971675638
13250,-0.1657133255084529
13251,-0.07301539181274722
13252,-0.5077032247855727
13253,-0.000847094249086402
13254,0.10991631890024957
13255,0.3447454419633971
13256,-0.0938850912241814
13257,0.11097363012666517
13258,-0.2689623774561559
13259,0.7350359962598558
13260,-0.145341698037785
13261,-0.6505617467621915
13262,-0.2741561757857435
13263,-0.017853107295685927
13264,0.029605444992650054
13265,-0.603285257119375
13266,0.0741148458791329
13267,-0.23313620770426594
13268,-0.0483038777695607
13269,-0.31774266780383703
13270,-1.0187443687423312
13271,0.07995792537270449
13272,-0.9105646143143504
13273,0.1965751806448214
13274,-1.0035659157176389
13275,0.013259388871063081
13276,-0.20473142938328906
13277,0.05902792355385307
13278,-0.0886867524402
13279,0.32561336380195066
13280,-0.7981850734092804
13281,-0.39096065362652704
13282,-0.09402944433500478
13283,-0.10465929215955794
13284,0.3589091740829886
13285,-0.26940804255089734
13286,-0.14623645496534796
13287,-0.4698872901331013
13288,-0.267135365380693
13289,0.09635612161112057
13290,-0.6963866730420393
13291,-1.2234585872796933
13292,-0.10348693818287126
13293,-0.01114077705716219
13294,0.26363467633995535
13295,0.19913558044870208
13296,-0.06953533601032083
13297,-0.17976269634421965
13298,-0.1419864952826149
13299,-0.978308666075722
13300,-0.9549397280338451
13301,-0.570993738254204
13302,-0.40071153199105225
13303,-0.13682548827748556
13304,-0.49642851708191715
13305,0.32857706440447687
13306,-0.5122800615292117
13307,2.099937257610474
13308,0.5737851500487778
13309,1.0773599811897503
13310,1.6252228193468334
13311,-0.009031832163510833
13312,0.9099027618009217
13313,0.06254415448795429
13314,-0.8195978137125999
13315,0.30557062014963743
13316,0.1975387270510621
13317,0.7527537390173941
13318,-0.12678160141197725
13319,0.02362209039633274
13320,-0.2588903052335935
13321,0.0407168455994911
13322,-0.5273861430696629
13323,1.4288501859253468
13324,-1.617218642431722
13325,0.4496275352044578
13326,-0.5718753435395338
13327,-0.058528625272061485
13328,0.5005761713536329
13329,0.4702359828371471
13330,-0.14754580216744098
13331,-0.5585486922147801
13332,-0.6623141636235751
13333,0.13463370380703835
13334,-0.452579396803877
13335,-0.043500406949928475
13336,-0.46866029817236643
13337,0.24140915775089486
13338,0.5390291103612195
13339,0.2671128358539591
13340,-0.39137304332108475
13341,0.1541434511623183
13342,-0.18026425377391664
13343,-0.48965265523073503
13344,-0.17596628927425187
13345,-0.6965969398691848
13346,-0.08766406026976585
13347,-0.5772035785578847
13348,0.028214545476439687
13349,0.6505356673795806
13350,-0.14550013610238846
13351,2.0866768397669704
13352,-0.1390868084396681
13353,-1.8324273100081536
13354,-0.18728647000564327
13355,-0.3728990923256803
13356,-0.5376392624059444
13357,1.839370521669118
13358,1.4764083494423965
13359,0.09541965616280206
13360,-0.587295812824304
13361,-0.3879288922187019
13362,1.2807906038412258
13363,0.8174548485738093
13364,-0.48460940078287174
13365,0.054296080143744
13366,0.7037208163624631
13367,0.6794835776482441
13368,0.042832599877367254
13369,0.04493035066169931
13370,0.13430168428158706
13371,0.4923689556893434
13372,0.3919782059598717
13373,0.5523591641405031
13374,0.2004016662766666
13375,0.11000628495740575
13376,-0.16676729000505586
13377,-0.21321968642129147
13378,-0.0972978823702219
13379,0.24577737439007644
13380,0.41077621278580556
13381,0.09502048077231671
13382,0.26254317550407147
13383,-0.7620617129936554
13384,-0.30151847424828937
13385,-1.4567759623695529
13386,0.03441548256005369
13387,0.0006057339783648748
13388,-0.7588026895274702
13389,0.09370076839752935
13390,-0.5924618147135751
13391,-0.09610921005567577
13392,-0.22868743654300597
13393,-0.4383950560627432
13394,-0.27269474226816287
13395,-0.32288918682147455
13396,-0.18896449611516822
13397,-0.9561605639039151
13398,-0.0001767364622120966
13399,-0.22505060487083348
13400,-0.3184731602054276
13401,-0.587532217321731
13402,-1.6938839498590723
13403,-1.669153213859907
13404,0.05650806539068118
13405,0.08593954293741339
13406,-0.060925726216116395
13407,-0.8814972515611375
13408,-0.08374630047387682
13409,-0.007238478472588891
13410,-0.48469873060051777
13411,-0.3517836814842172
13412,-0.9490949580374293
13413,-0.5712987110594585
13414,1.9363678536539755
13415,-0.08040177992345239
13416,-0.06840564024526372
13417,-1.5505578800772342
13418,0.3265408258388289
13419,-1.9334110127200748
13420,0.3818710229952956
13421,-0.47083315445638374
13422,0.4893753192758957
13423,0.1785215410552825
13424,1.3826365329810295
13425,-0.14176782910670083
13426,-0.15350150868922288
13427,0.5339785832666301
13428,-0.04333591118570359
13429,0.26466231712336613
13430,0.8619908236930756
13431,0.4336497121108955
13432,-0.04098052770730455
13433,0.08663370623129034
13434,1.4116096490782026
13435,0.703556276511611
13436,0.3230277629250148
13437,-0.38956033818252234
13438,0.3954308726313661
13439,-0.24227246556254223
13440,0.13908641813583486
13441,-0.11835850824044546
13442,0.3854392164370152
13443,-1.8022298089647084
13444,0.37903702679024986
13445,-0.8652910900726393
13446,0.10525824119989789
13447,0.2968284589640329
13448,1.3571762014491127
13449,0.41589769676772
13450,0.8652821563686668
13451,-0.19543085112853856
13452,0.6231024060809667
13453,-0.4288643009300376
13454,0.09916510092303903
13455,0.4447752751818496
13456,0.8069339378374991
13457,0.4781137133394426
13458,0.00167104085036983
13459,-0.352006178327043
13460,-0.976639244801297
13461,0.5918734899219921
13462,0.044537038961685205
13463,0.6016903262261536
13464,-1.2594452068278166
13465,0.07812147802777748
13466,-1.6277467288147536
13467,-0.4379210174036165
13468,0.15155363970045257
13469,-1.1095026081921742
13470,-0.41963114175240146
13471,-0.32308396119825855
13472,0.32583080938944287
13473,-0.3827137278039101
13474,0.10345012407271426
13475,1.0843520744588875
13476,-0.486957296231637
13477,0.9459671564680217
13478,-0.6132313664966887
13479,-1.021234097360905
13480,-0.48430711750688993
13481,-0.4215883726345311
13482,-0.5534955431916337
13483,-0.05466978698811584
13484,-0.3758466993328555
13485,0.2629622779798505
13486,-0.5461179312649388
13487,0.20177343029168796
13488,0.08926122521963434
13489,-0.1679226784750116
13490,-0.06664496002223891
13491,-0.21686838251037313
13492,-0.7312360195106412
13493,-0.49810091504207793
13494,0.04531638565844538
13495,-0.4226269755353468
13496,-0.7093008997086528
13497,-0.18011923248867234
13498,-0.043232851506422795
13499,0.47326791089412296
13500,0.007319959721283022
13501,-0.06480685786254292
13502,-0.1679815013880332
13503,-0.016037856104558497
13504,0.035055374057321835
13505,-0.13741182787024228
13506,-0.012750671898458292
13507,0.05840659350742526
13508,-0.323266222349596
13509,-0.05677284999604208
13510,-0.8309956090903052
13511,-0.18941593163312528
13512,-0.09105980072511632
13513,-0.9716189593239146
13514,-0.9992350017362468
13515,-0.7496597806673806
13516,-0.2816258507154102
13517,-0.16958612983529409
13518,-0.5664029806644953
13519,0.3599111017809889
13520,0.8779824311759052
13521,0.3270081886998289
13522,0.1013268199714408
13523,1.2050603233388923
13524,1.301495718169754
13525,-0.055574273776234015
13526,0.05326074162269253
13527,-0.18796769469581562
13528,-0.13596293506462134
13529,-0.07883135200874822
13530,0.02712900865680874
13531,-1.1064314825468422
13532,-0.3865179403441042
13533,0.40492326119039435
13534,-0.1541592254413444
13535,-0.46207042010321864
13536,-0.11937705110808762
13537,-0.49569115054449564
13538,-0.10102515239141517
13539,0.1108833322888266
13540,0.440929043451107
13541,0.26330706027930045
13542,-0.7813498569295102
13543,0.4273465667840522
13544,-0.44064321925041583
13545,-0.8485414209244259
13546,-0.13030896278031048
13547,0.12611259433547287
13548,0.3189381284489541
13549,0.11235063167413384
13550,0.6666983719320727
13551,-0.6739413026002504
13552,0.16094373896841624
13553,0.06778063722931632
13554,0.03742003440041034
13555,-1.046719362896076
13556,-0.05835336900023741
13557,-0.28383487520320566
13558,0.30150489542718134
13559,-0.25819175113795656
13560,0.04074240019208709
13561,-0.45437884007234225
13562,-0.048377638726091854
13563,-1.231227900461742
13564,-0.24032867421997034
13565,0.09333620655464174
13566,-0.21695545839502642
13567,0.12725319935276974
13568,-0.1415008173191418
13569,0.13071876577438535
13570,-0.1474134982236965
13571,1.196687833237106
13572,-0.8815464869038888
13573,-0.04355413511697193
13574,-0.2665104714625526
13575,-0.08956658440141844
13576,1.4379966238284179
13577,-0.28216102944972027
13578,0.1004683536729813
13579,-0.42792439484230693
13580,-0.9859252971420631
13581,-0.8725550309332722
13582,0.05495648327865768
13583,-0.001786972701557358
13584,-0.528171991003226
13585,-0.12411205143372758
13586,0.6450581327430273
13587,-0.10071958360469921
13588,-0.44233296899039354
13589,-0.01583039805812882
13590,0.1940852773576185
13591,0.11601228764351622
13592,0.232628957799128
13593,-0.3446717465077226
13594,-0.10958749105573855
13595,-0.1485254928912236
13596,0.8768998497535037
13597,0.10328092013441119
13598,0.35157003727669267
13599,0.7352958067656074
13600,-0.8731942949408582
13601,-0.2361529688989625
13602,0.1442100506861287
13603,0.9537292930219315
13604,0.41919238181999097
13605,-0.5791543428145932
13606,-0.3139845322117933
13607,0.195838682352499
13608,0.3249892882203935
13609,-0.4334287402943947
13610,0.05527229112201597
13611,0.5408873672313154
13612,0.3425874750143439
13613,1.0540803975926412
13614,-0.7725903810128915
13615,0.969711043349612
13616,0.7102828862618337
13617,-0.1294202776525869
13618,-1.1605211761582959
13619,0.28493363536739574
13620,0.17386061751318174
13621,-0.157836006907777
13622,0.16353202899795863
13623,0.5619401984899011
13624,0.5224323968426129
13625,0.7633412676754432
13626,0.542314038990377
13627,-0.3773406965054286
13628,0.6430103452226575
13629,-0.043508195665898836
13630,1.1024263278139308
13631,0.6063095443521355
13632,0.0963974465363698
13633,0.11609711975827479
13634,0.47015746446668705
13635,0.15511205906412642
13636,0.30038878770238636
13637,0.051743036729692084
13638,-0.2857944815336381
13639,-1.0851495017144024
13640,0.26049008104892707
13641,0.8910148651944557
13642,-0.15119926383744486
13643,-0.17921173062852425
13644,-0.8885669893549148
13645,0.9561812944079442
13646,0.8560145352399068
13647,-0.3365548911692246
13648,-1.1853875873336466
13649,1.1707659636705348
13650,-0.3266751427366261
13651,-0.19575094282016323
13652,0.7228729975234038
13653,-0.39349927610855384
13654,0.8090996732384923
13655,-0.2545001131451163
13656,0.618134130320566
13657,-0.2590391661541961
13658,0.1668248903157211
13659,-0.362885829888009
13660,-0.4798554452286772
13661,-0.1546988969380954
13662,0.9212576864471957
13663,2.015355382200127
13664,-0.29547552331487836
13665,1.7391859449844183
13666,0.8425825779284094
13667,-0.38738002366064095
13668,0.25564713942681716
13669,-0.6574439013663169
13670,0.3789785517851896
13671,-0.18013474886023711
13672,0.7197085109455965
13673,0.16260449893103524
13674,0.18819358099771052
13675,0.8265917579206908
13676,0.7660098792706165
13677,1.3072028457659168
13678,0.37500223839830443
13679,0.2854821844879987
13680,0.23463242415323507
13681,0.11902054026625675
13682,0.5756475075854693
13683,-0.3801368161273843
13684,0.5746946027146895
13685,0.3838888351258985
13686,1.2454649644413138
13687,0.3732569266377359
13688,0.09798883220430088
13689,-1.4925064638610386
13690,0.27219834798539494
13691,0.16410450941627014
13692,-1.1293767687345315
13693,-0.2316238373671868
13694,0.1864463627409948
13695,-0.44010015107090783
13696,0.12149293115789506
13697,-0.09917765868032544
13698,0.17646182994619555
13699,0.34857520570094935
13700,-0.6799019883912432
13701,0.20269632789269454
13702,-0.4064130094063863
13703,0.6169053476735682
13704,0.6271502557119275
13705,-0.8201684525612373
13706,-1.1622307148510498
13707,0.0623215955321131
13708,-0.4515380176466393
13709,0.011029879456057455
13710,0.019275455134109998
13711,-0.6036326870246409
13712,0.24704533882609458
13713,-0.48945246177573687
13714,0.048912138758912094
13715,-0.09534284247310146
13716,0.2994323623198485
13717,-0.14233124958985968
13718,-0.3359998516457579
13719,-0.27686883978818844
13720,-0.10441385137987737
13721,-0.24161957665019723
13722,0.180643234612599
13723,-0.25683278890383904
13724,-0.15551708362290156
13725,0.23514211343030372
13726,-0.8419455472498822
13727,1.703414964451637
13728,-0.0259702539805478
13729,-0.37695523137990467
13730,1.7627730783408835
13731,1.0054203183793506
13732,0.8192810871313555
13733,-0.602208196297287
13734,0.24913381907453258
13735,-0.4077670538296852
13736,-0.504377504639687
13737,1.072311842715702
13738,0.32584455959550035
13739,-0.09734164366791705
13740,0.2754403236355395
13741,0.2892048745817214
13742,-1.0738350928180247
13743,-0.5331506015280143
13744,-1.038765378157464
13745,0.11673957571741975
13746,0.16512255141824964
13747,1.267824407794127
13748,0.3337426781304417
13749,-1.0281183415674016
13750,-0.04662779123336164
13751,-0.22375605881536653
13752,0.1554476740781084
13753,0.3487619320527783
13754,1.2720809602694934
13755,0.6209985043462699
13756,0.24241534161925038
13757,-0.6259127545524779
13758,-0.07462140511293745
13759,-0.2909854332099262
13760,0.23886746006272896
13761,0.2917280617088315
13762,0.4489329701659754
13763,0.1712907113033768
13764,0.16372008332515267
13765,-0.13601586537203117
13766,0.1706062238146869
13767,-0.18555120865516916
13768,-0.05850062002641723
13769,-0.1373998780519478
13770,-1.2788604861904997
13771,0.031216024076367022
13772,0.021494410395822887
13773,-0.4096549065323558
13774,0.29982292458304466
13775,0.05851922427725934
13776,-0.7377776745017867
13777,-0.4152909922349404
13778,0.16907986156709204
13779,-0.023657225612462775
13780,0.10549101961836446
13781,0.07330068568613436
13782,0.5474882546882508
13783,-0.1612530089963276
13784,-0.019213242757161565
13785,0.6900157595710604
13786,-0.23478843020669998
13787,0.08128184497515474
13788,0.10475864158017864
13789,-0.22758773990876638
13790,-0.10824521085421876
13791,-0.1902925968917053
13792,-0.9040954077863166
13793,-0.8924947200128602
13794,-1.026828666200391
13795,-0.23742401906140054
13796,-0.5304574676609682
13797,0.0017137936600981846
13798,0.0537181962558208
13799,-0.2961010115340649
13800,-0.09587948774759009
13801,0.12561152944086765
13802,0.22638868333065215
13803,-0.07952411001785353
13804,0.19102828163139454
13805,0.05729670777389949
13806,0.9758532884446652
13807,0.4309387631415874
13808,-0.00958268491067067
13809,-0.10354260185951639
13810,-0.418557424562917
13811,-0.01742628069408608
13812,0.5619593891552039
13813,0.12888396907456942
13814,-0.2005639002495351
13815,0.25369565395245924
13816,0.12153226196674967
13817,0.670679601589542
13818,0.35304960911187283
13819,0.35132206411907924
13820,-0.96158307938816
13821,-0.6397529410156405
13822,-0.8290901808279603
13823,-0.4248424206729846
13824,0.5111305954335503
13825,0.19897801467657916
13826,-0.022257494468131415
13827,-0.04160973490827034
13828,0.08356552971366835
13829,0.07819798300952976
13830,0.49598178669819326
13831,-0.4881545239967429
13832,0.011773013014200214
13833,-0.6620471244174904
13834,0.12999404384570126
13835,0.35668100121405877
13836,-0.4400010293136504
13837,-0.7569056516211782
13838,-0.36255211052819114
13839,0.386216209018023
13840,0.01571935521142637
13841,0.23177566754081105
13842,-0.19320429214240284
13843,-0.2104533902492404
13844,-0.1426533398472027
13845,-0.021433630980045283
13846,0.13352551442252328
13847,-0.48115126145036563
13848,-0.922431726486456
13849,1.460494501912557
13850,-0.1032968838296535
13851,-1.9137854159019325
13852,-0.17781356893868144
13853,-0.3611922853598212
13854,0.1338884140857762
13855,-0.08208064379461065
13856,-0.4049632139021968
13857,0.007698105007181035
13858,-0.4620832727667357
13859,-0.033151333173567374
13860,-0.09582226505872857
13861,0.0028264057939040442
13862,-0.22965406755696197
13863,-0.2882897601776891
13864,0.25211554553942755
13865,0.24134417690454515
13866,-0.06770575147951657
13867,-0.30327168108241004
13868,-0.15829557953664802
13869,-0.10401807025060947
13870,0.10749934619468993
13871,0.3933573771684406
13872,-0.33531442793328514
13873,-0.6248093835090862
13874,0.3608590368664515
13875,0.38083287225042495
13876,0.9286446970981639
13877,0.8359259498228409
13878,0.6727154226624459
13879,-0.12149212849272556
13880,0.1679561825960346
13881,1.709897811401209
13882,0.9889732971422632
13883,-0.14780573269696176
13884,0.04811233782851346
13885,-0.3468441340089202
13886,1.008907019564366
13887,0.26996463732401427
13888,1.0301202064687385
13889,0.5094378982325803
13890,0.18869760661631202
13891,0.2757520310570798
13892,-0.0064011587785281895
13893,0.6890568432135706
13894,-0.18064260216004532
13895,1.9225364425428588
13896,0.630609256680931
13897,0.09709995971828676
13898,-0.7007690220843447
13899,0.5289444233261557
13900,0.4450093470363595
13901,-0.034156860801963715
13902,-0.14449221399162043
13903,-1.4282438889119309
13904,-0.11865679297951803
13905,0.4989133179948006
13906,0.29952744427010825
13907,0.5989821037861062
13908,-0.4284490336005481
13909,0.20847432715448774
13910,-0.309512210600514
13911,0.72970378403796
13912,-0.3447350858002905
13913,-0.03487106062538488
13914,0.7794407962577662
13915,0.7495312798696744
13916,-0.7053709888284502
13917,1.0704222163514474
13918,0.5918911819011143
13919,0.08263227916241678
13920,0.5614099386967005
13921,-0.15603431980815438
13922,-0.2820775716247533
13923,0.22487440175795795
13924,-0.23573109952729213
13925,0.25327719310636326
13926,1.3847021250036249
13927,0.03250945392043661
13928,0.0988890174222905
13929,0.3783105423655775
13930,-0.40166067200183053
13931,0.06240537650068051
13932,0.4666494448133656
13933,0.09715367472952466
13934,0.1320909675109722
13935,0.009579297881613576
13936,0.6417737183735014
13937,1.2251681812223376
13938,0.20036018025027214
13939,0.38047135676120014
13940,0.9489431993819347
13941,0.20885236734817592
13942,-0.16123437953371014
13943,0.4688251179094999
13944,-0.12460087602877032
13945,0.3911202841049237
13946,0.34762544788963473
13947,-0.67761079578895
13948,-0.022479262662220986
13949,-0.4399329580173303
13950,-1.1794408496262032
13951,-0.4794214281495283
13952,-0.0020606671772593226
13953,-0.3157814350369727
13954,-1.0339166101866308
13955,-0.015975425223104314
13956,-0.3344450416406383
13957,-0.5220785550534511
13958,-0.4497505940560377
13959,-0.1266427808292484
13960,-0.5175398398525984
13961,-0.37926350034789647
13962,-0.44098432354134437
13963,0.6914150373258978
13964,-0.2825326137308865
13965,0.2376544031790808
13966,0.6454114283921203
13967,-0.050477746865938464
13968,-0.1776748756117601
13969,-0.10363133054906878
13970,-0.5106464953842461
13971,0.38222477686773537
13972,0.1459214120906764
13973,-0.46826756934155034
13974,0.05706965486094291
13975,-0.31756993788046434
13976,-0.7490113178297151
13977,0.14449519575591868
13978,-0.5099408526089723
13979,0.14598014937856624
13980,0.025338536292568492
13981,-0.30622326331681
13982,-0.16743418776845956
13983,-0.49050217376881194
13984,-0.040568957070811006
13985,-0.6273902981817058
13986,0.3523238481679746
13987,-0.7531953933439233
13988,0.10240281209896611
13989,-0.5224848494211691
13990,0.13087913799014725
13991,-0.49861670542812603
13992,0.129941541464309
13993,-0.5960804204528651
13994,0.09812967715903434
13995,-0.5286369885938776
13996,0.14506265997943465
13997,-0.3570065958655661
13998,-0.07617320693604895
13999,-0.5662127971836451
14000,-0.1535332762235026
14001,-0.5805823738474146
14002,-0.04161925114335877
14003,-0.42479471632674276
14004,-0.9181747216314123
14005,0.31164593046757044
14006,0.13523743222024998
14007,-0.6631983739860589
14008,-0.682594098787003
14009,-0.8289275686887534
14010,0.12764748959578126
14011,-1.0031575767927303
14012,-0.8376985994200637
14013,0.10543859844840389
14014,-0.1858840141708913
14015,0.47723583159955085
14016,-0.5346251871016426
14017,-0.8680406896820222
14018,-0.3501123377216885
14019,0.2925604782056706
14020,0.15226595367506268
14021,-1.1914612568184362
14022,-0.2933709386251609
14023,-0.10012928669367457
14024,0.238572897688072
14025,0.1297478098150217
14026,-0.15441238197175614
14027,0.07564314599645006
14028,-0.5448518844015364
14029,-0.3321683008978247
14030,-0.09244303562019471
14031,0.06389208886806277
14032,0.8805265273332427
14033,-0.5063504846233136
14034,0.004447119368095193
14035,-0.40364431179982113
14036,-0.5895403261839975
14037,-0.36837012439158023
14038,-0.05273243111717716
14039,-0.25579062734696173
14040,-0.38495331143088396
14041,-0.49891879323718136
14042,-0.26296520132091994
14043,0.2837551343308874
14044,-0.6947844480611618
14045,-0.38238067468556913
14046,-0.3736797784951448
14047,0.07737228303297716
14048,-0.1326174346585327
14049,-0.1365728241016759
14050,0.13499373899804484
14051,-0.1763955054952378
14052,-0.06980303226957585
14053,0.07877348752017618
14054,-0.6180949901647064
14055,-1.0231954003406916
14056,-0.9824208231614534
14057,-1.2701730762051564
14058,-1.0813255098619918
14059,-1.6304232244590062
14060,-0.8658713056576989
14061,-1.0774310667449047
14062,-0.5583760232915136
14063,0.40494596720202447
14064,-0.5078674149278222
14065,-1.0741668860770643
14066,-0.4352847020753186
14067,-0.1725276458617033
14068,-0.25631090111740584
14069,-0.4601595077374805
14070,-0.11479369160103699
14071,-0.22530057966730552
14072,-0.7577058666597604
14073,-0.14570357282344273
14074,-0.15841723396257013
14075,-0.4161789682825437
14076,-0.13030354533681845
14077,-0.2949841465822903
14078,0.34732210264730323
14079,-0.5380458498338466
14080,2.3222437218896235
14081,0.5663394882287061
14082,0.6076833773842992
14083,-0.5546268601043163
14084,-0.16286184997819908
14085,-1.239797515506454
14086,-0.1456024074326474
14087,0.07950945605491115
14088,0.7687154730278869
14089,-0.5616423050241913
14090,1.9668236866652293
14091,0.12053668900999956
14092,-0.5477840856793541
14093,2.284880986266695
14094,0.44435067480744184
14095,-0.8729074843558561
14096,-0.21597313839501572
14097,0.3844192419629188
14098,-0.5030923875288567
14099,2.162919700515465
14100,0.43807657226925784
14101,0.2684576359627325
14102,-0.5966641364324697
14103,0.43209078162718784
14104,-0.5102762428544427
14105,0.24251282907242377
14106,-0.12721380414042563
14107,-0.887689539337238
14108,0.3425479916007569
14109,-0.8552942193483638
14110,0.2940742930527995
14111,-0.7230288548920837
14112,0.46814271848195915
14113,0.22687672446592866
14114,-0.18120534237483937
14115,0.2955592699877112
14116,0.03222494609712965
14117,0.2883391153808119
14118,-0.016013788077455637
14119,-0.39787671725619655
14120,0.2890653383596666
14121,-0.6583663364996182
14122,-0.8298999170679429
14123,0.672633921345726
14124,-0.8675912741199432
14125,0.05099413427116071
14126,0.2641173946598705
14127,0.10755624518726783
14128,0.12335900479097864
14129,0.17973326248920762
14130,-1.0089287052533147
14131,0.09658033224656203
14132,-2.3132943876375016
14133,0.72649263908416
14134,0.5333421521266852
14135,0.649130734033318
14136,1.7730850796531137
14137,0.1341831839494269
14138,0.4685835249237705
14139,-0.7599573523563744
14140,0.21949148188498988
14141,-0.7383113691221804
14142,0.4008019722982906
14143,-0.21548977454769128
14144,-0.1139116555370707
14145,-0.1267482626732304
14146,0.5613204354597422
14147,0.16822634547920418
14148,0.7539316210080513
14149,0.32806192742796736
14150,0.14550207273837823
14151,0.2379733867807192
14152,-0.2952462961873285
14153,0.6794903432605918
14154,-0.32809111346760167
14155,0.15988758783623996
14156,-0.038550421551515786
14157,-0.3895111154091175
14158,-0.1260538427059115
14159,0.2048174501204322
14160,0.10117468143520447
14161,0.6620488767823103
14162,0.13483650848201506
14163,0.37986129277388886
14164,-0.5685595338874048
14165,-0.07370862373655339
14166,-0.11258869034590512
14167,-1.574382124443781
14168,-0.13328470253763597
14169,-0.6827728508649742
14170,0.22559647563168253
14171,0.06415895883619915
14172,-0.11120669165668137
14173,0.09041075921155069
14174,-2.492581012863115
14175,-0.13533465348904117
14176,-0.6237904725613721
14177,1.9387749289573413
14178,-1.5260534712183513
14179,0.41813765243146755
14180,-0.08428301330361719
14181,-1.8554462451444607
14182,-0.022482382019583108
14183,-0.5944405962014195
14184,-1.088822126755862
14185,1.9929944677863232
14186,0.11403379637475629
14187,-0.10612856878897102
14188,-0.7131499443648779
14189,2.11847854000298
14190,-1.1634803250141705
14191,0.4997819421551128
14192,-0.4928219880436411
14193,1.9549871010597468
14194,0.7562102321658414
14195,-0.23243070706530636
14196,0.06120075313291175
14197,-2.319893595036756
14198,0.4771728049563856
14199,-0.6556531222430751
14200,0.5737931238444742
14201,-0.09415073273022645
14202,-0.11265128776057087
14203,0.448216201353879
14204,-2.3106853793848368
14205,0.01033746760138283
14206,0.7747636867950687
14207,-0.061241766919350925
14208,0.10339878673105213
14209,-1.254417606721647
14210,0.8673054043783013
14211,-0.08599601885424475
14212,-0.1527407652062698
14213,-1.3201506435056944
14214,0.23756926561960148
14215,-0.9799961692075619
14216,-0.11658852925283678
14217,-0.13976548994111315
14218,0.12278151389264784
14219,0.4367705598218433
14220,-0.3278007044724719
14221,-0.9183843726176869
14222,0.44385328450117634
14223,-0.6483235023028301
14224,0.1848700334649478
14225,-0.655267909669243
14226,0.57275821638746
14227,-0.2672685319785623
14228,0.5959524742268789
14229,0.21087732042386664
14230,0.3436240161615507
14231,-0.7763718341494399
14232,0.9894918958712198
14233,0.4085989351321243
14234,0.579402310758383
14235,-1.3993595794763543
14236,0.4842886660100636
14237,0.6854340278169552
14238,-0.2761440776925634
14239,0.15934175587099603
14240,-1.6850006535230648
14241,0.1140173796474029
14242,-0.18464969281340293
14243,-0.2721741955445368
14244,0.04879732023299794
14245,0.1919687127530319
14246,-0.2799056585526718
14247,0.043332518530910254
14248,-0.8721540030260119
14249,-0.0955724701890909
14250,0.08940517141185038
14251,0.16910808812579664
14252,-0.22828832033082647
14253,0.19676150494487574
14254,0.04479727823840114
14255,-1.3680135027685132
14256,0.4176318675185113
14257,-1.3176843129343825
14258,-0.2552543602032893
14259,0.1285955599383761
14260,-0.9081391017583412
14261,-0.2109685353558695
14262,-0.1036926856771433
14263,-0.4374313905463986
14264,-0.0519091784861096
14265,-0.25208475849114587
14266,-0.010055453715675676
14267,-0.32949393997118925
14268,1.2339098558979544
14269,-1.3620705772663342
14270,-0.18305123613279226
14271,-0.2031591055513745
14272,-0.17117855759594683
14273,-0.17358127981770405
14274,0.04158661573610128
14275,-0.35147377618255066
14276,-0.31338517425293133
14277,-0.1951258214203818
14278,-0.7703602674929759
14279,-0.17631595174506318
14280,-0.19093314744747064
14281,0.8204324951936636
14282,-0.10178643506741894
14283,-0.017793010202301826
14284,-0.14533839498570117
14285,-0.39595289490504343
14286,0.7735326138990345
14287,-0.12366686300796564
14288,0.08097892803497306
14289,-0.10300888911946733
14290,-0.16857514483442906
14291,-0.913125270038585
14292,0.26656083934196323
14293,-0.3431442942257316
14294,-0.3812569084912127
14295,-0.1775701885066412
14296,0.2883558378440369
14297,-0.09546426537348217
14298,0.3341549687266967
14299,0.2174628171628278
14300,0.28837542519780185
14301,-0.2848060580537438
14302,0.2870565170151539
14303,-1.3294272296850822
14304,-0.1423417441287455
14305,0.16304713179347366
14306,0.13844138219138166
14307,-0.038799953273363476
14308,-0.6246915939698345
14309,0.23542125653288093
14310,1.2964165448579446
14311,-0.16430134021781687
14312,-0.4784359876719616
14313,0.31926268027414056
14314,-0.03237702514966116
14315,0.11606171303285698
14316,0.11292254764511392
14317,0.029399331678660972
14318,-0.25736589983335373
14319,-0.5368680972174231
14320,-0.3204909049008764
14321,-1.098553432359844
14322,-0.08284834412733662
14323,-0.4254066279594768
14324,-0.3778182919674324
14325,0.243275187772219
14326,-0.056001385133684585
14327,0.07951997414837943
14328,0.5962424794751716
14329,-0.07183449299240953
14330,-0.4527203275174102
14331,-0.597281962099528
14332,0.09117496376656456
14333,-0.41727517367918976
14334,-0.8331714062474104
14335,-0.37277692649335403
14336,-0.09044419739101044
14337,-0.3054555123135917
14338,-0.06896404503614204
14339,-0.16507586754547315
14340,-0.17719562644793127
14341,0.1663252437700526
14342,0.03863401364441969
14343,-1.2456550786334497
14344,-0.06931758324790872
14345,-0.7169306640290132
14346,-0.32864099685935527
14347,-1.8048931667794934
14348,0.28041414765678535
14349,0.11737175206443372
14350,0.12095383175271845
14351,-0.18995868731867135
14352,0.1335725581953257
14353,-0.48584153962133336
14354,-0.7556498279818158
14355,0.132629439375499
14356,0.10466561948937843
14357,-0.1701016266886239
14358,-0.2837217225944938
14359,-0.4196188149251572
14360,0.15117759629594246
14361,-0.7464759897480723
14362,0.1299589636184122
14363,-1.076271879109699
14364,0.13530291500044875
14365,-0.024185616836881394
14366,-0.5432043721170745
14367,0.07690244000813914
14368,0.12686277682160393
14369,-0.7510400332026022
14370,0.1253534653093132
14371,0.2288985884005681
14372,0.3615759351521365
14373,0.12380873370152136
14374,-1.192511814918663
14375,0.29862830542821595
14376,-1.0240793229375207
14377,0.45326407861863544
14378,-0.6040487507440148
14379,0.13376990862063598
14380,-0.46846939629792256
14381,0.12094841165307554
14382,-0.704948541881769
14383,0.1305481559287304
14384,-0.7983732270001154
14385,0.14046367723027525
14386,-0.45191872233495556
14387,0.1884552645900656
14388,-0.5580448391684322
14389,0.13580075866332755
14390,0.1096282532290935
14391,-0.6618049868905
14392,0.032359124647998234
14393,-0.1490903148284017
14394,0.10741016617828528
14395,-0.6917951733914482
14396,-0.2993998816164373
14397,-0.0018943743731081701
14398,-0.05970460033454868
14399,-1.207108690646334
14400,-0.11344808085360443
14401,0.19150458846056023
14402,-0.3725681406751239
14403,-0.16220168090618628
14404,0.17670006755273993
14405,0.21478367406018486
14406,-0.017292488213082442
14407,-1.0452183588138388
14408,-0.2401026531998782
14409,-0.13761358380642236
14410,-0.5039193374667648
14411,-0.00553439367173633
14412,0.249850339303245
14413,0.4884227782984492
14414,0.010534183581418438
14415,0.045683956981122174
14416,-0.42761662148771695
14417,-0.5987886316960489
14418,-0.40602239892150965
14419,0.21171917480844568
14420,-0.3644163922893646
14421,-1.188230638563317
14422,-0.0373165637850418
14423,0.04016282157388766
14424,0.6681865982312061
14425,-0.5529761204892277
14426,-0.5340074923150127
14427,-0.7690301851330127
14428,-0.867733978552691
14429,-0.8184350270484317
14430,-0.3413287856244917
14431,-0.7053622213827296
14432,-0.5424878174013403
14433,0.5141366529682425
14434,-0.9642038783730993
14435,0.04271073484453811
14436,-0.09225168092091682
14437,0.40646233915624497
14438,0.459046144474373
14439,-0.5166605169969171
14440,-0.1916932805919963
14441,0.08615482751712397
14442,-0.04778599568944198
14443,0.5405652979789367
14444,-0.3639797012455448
14445,0.15372557487359484
14446,-0.2636630881262742
14447,-0.9211934530676239
14448,0.5799049669956841
14449,0.31759883557851565
14450,0.4188681910010206
14451,0.0682481470660689
14452,-0.7785664642004542
14453,-0.05690260965675477
14454,-1.0306523112783181
14455,-0.14497185069925458
14456,-0.903579478519599
14457,-0.13376047725056517
14458,0.5952595971535588
14459,0.28451138270865084
14460,-0.5536527719411659
14461,-0.29254348470939545
14462,-0.2448011004190959
14463,-0.2426750156112589
14464,-0.019181607520927593
14465,-0.7818560297721171
14466,-2.00453390189415
14467,0.08726695426181769
14468,-1.2715570012031947
14469,-0.06867873974308757
14470,0.4351823111664681
14471,0.10940929555687029
14472,-0.1894525066637745
14473,0.09186998818264012
14474,0.09465806064454446
14475,0.08491597544300467
14476,-0.14573720428214662
14477,0.10827067986223213
14478,-0.05015668807512705
14479,-0.16122419422159964
14480,0.7352824189056596
14481,0.013062621049013878
14482,0.05664581729528258
14483,-0.37688555770288307
14484,-1.530420919964862
14485,0.3709812846482997
14486,-1.263514651235376
14487,-0.21474232336879465
14488,0.05576856838265884
14489,0.25150700645305224
14490,-0.19175551897958493
14491,0.08495297620182894
14492,0.08991005601537846
14493,-0.10316127363874798
14494,-1.0385041027212347
14495,-0.05146460918088038
14496,0.6366190424448966
14497,-1.839192802204044
14498,-0.05711787353270529
14499,0.38830839184851
14500,-0.3072754328440035
14501,0.10611116092393852
14502,0.38499571737675614
14503,-0.06548848584035113
14504,-1.8387747691293252
14505,-0.052746447427220323
14506,-0.012170587978050772
14507,-0.022683782492821367
14508,0.12804564212565314
14509,-0.036464576405942965
14510,-0.07571868045436794
14511,0.5860238098749114
14512,-0.31324809020276884
14513,0.19197004746877638
14514,-0.4369881295319619
14515,-0.08026932885100854
14516,0.14191194416464442
14517,-0.8170219902953293
14518,0.06416329856646796
14519,-0.04981318629019226
14520,0.9484777195332862
14521,-0.6967070898679587
14522,-0.2140695219224855
14523,-0.2707801255427558
14524,0.09020762746873599
14525,0.09884094159953424
14526,-0.02465965527235056
14527,-0.5707439739526273
14528,-0.2446292269664418
14529,0.04820105285121528
14530,-0.8044386831776941
14531,-0.7834559064431615
14532,-0.5493100718944002
14533,-1.636957405910444
14534,-0.5641688624893135
14535,-1.0430398167652732
14536,-0.3989197084442855
14537,-0.9540427966514913
14538,-0.3095791294617558
14539,-0.9746012638603359
14540,-0.21567686319991955
14541,0.14150523753243988
14542,-0.8035562621977986
14543,-1.1952247084018286
14544,-0.01524016192416548
14545,0.06844699893917094
14546,-0.6106388213405004
14547,0.40878194594320766
14548,0.47567126995447656
14549,0.24328295767383135
14550,0.3828048786271369
14551,0.2224819242392279
14552,-0.8078538342252709
14553,-0.0995094162715323
14554,-0.3794199876356708
14555,0.18527347919047518
14556,-0.07711083818423375
14557,-0.14828251240037005
14558,0.4801787059652672
14559,0.10237027854259609
14560,-1.5859404975930183
14561,-0.10513784099246323
14562,-0.3176027764933954
14563,-0.06342038235085266
14564,-0.3555067250713951
14565,-0.23411358286674486
14566,-0.768652560328813
14567,-0.1544433975851984
14568,0.42300738083348316
14569,-0.595594851417601
14570,2.1425364575084367
14571,0.4919813500684379
14572,0.6021544462505349
14573,-0.4722526084940288
14574,2.1742977826244507
14575,0.4843249605159176
14576,0.3386111786787028
14577,-0.553565587388652
14578,2.2126166571064902
14579,0.5246660028450254
14580,0.05745003380609464
14581,-0.5320627539512313
14582,-0.286162623116731
14583,-0.07206713471991168
14584,0.5218759879528526
14585,0.20631602993697168
14586,0.30764023347147573
14587,0.6484592326215586
14588,-0.48971393167944327
14589,2.2587769706531593
14590,0.52810073859188
14591,0.32702127338871395
14592,-0.14901960641626588
14593,-0.20177705374647645
14594,-0.31206167162323106
14595,0.6678534614426345
14596,0.08648919067652912
14597,0.1305909477206
14598,-0.4528095823797203
14599,-0.22060353837039895
14600,-0.8338122867373666
14601,-0.2833704240604195
14602,-0.22702613163899873
14603,0.5348336905216479
14604,0.09495802896127366
14605,0.47539778224774076
14606,0.14123674126395946
14607,0.5392452747224714
14608,0.1321187633836366
14609,0.12058184490374733
14610,0.5583018995985728
14611,0.05890080393850958
14612,0.36984309011586086
14613,0.11770557707702542
14614,0.4295487276761677
14615,0.15435724643953594
14616,0.4281865701057734
14617,0.3291773007881271
14618,-0.9901303532454478
14619,0.6201460486306852
14620,-0.0815369542458769
14621,0.3111078098912405
14622,-0.28758118695874296
14623,0.43256575609628767
14624,-0.894230432925862
14625,-1.1457470207155762
14626,-0.6726285559915254
14627,0.33038088267297
14628,-0.036543390867108484
14629,0.2125959392343343
14630,-1.5194676850707944
14631,-0.7525064591853151
14632,0.20508286151675711
14633,0.023233547199607928
14634,-0.21663160945795096
14635,-1.118106597804832
14636,0.4047418939332569
14637,-0.9651664748535564
14638,0.27059658944233855
14639,-0.8865455999664997
14640,0.18031719749562908
14641,-0.4028149701340013
14642,-0.22320476111722842
14643,0.18082422326490666
14644,-0.06438934448749059
14645,-0.9494545549344969
14646,-0.14907462815967318
14647,0.2023216008166267
14648,-0.997104748082271
14649,0.5799249405765825
14650,-0.2354455005434789
14651,0.3331484051154304
14652,-0.7510052066831364
14653,0.6126242449300393
14654,-0.9677171247998063
14655,0.34207825857001417
14656,-0.2526087934003115
14657,-0.030835596354387016
14658,-1.0640690881733212
14659,0.21703110611427545
14660,0.3517322229115569
14661,0.24469962894941158
14662,-0.3207519361270601
14663,-0.03715110262101868
14664,-0.16749609741246682
14665,0.44001289103792096
14666,0.542547256619903
14667,0.5025277729909259
14668,0.7070480035574356
14669,0.4542551711948249
14670,0.21515807835788914
14671,-0.5180086931405712
14672,-0.5293156516243464
14673,-0.011315517658091868
14674,-0.05396980052211629
14675,0.13453556451980483
14676,0.578633714665062
14677,0.14518610065554036
14678,-0.045480874491750055
14679,0.3590779643482622
14680,-1.0640690881733212
14681,0.27703436248352387
14682,-0.9281227016639015
14683,0.3237039863017829
14684,-0.18149374249004588
14685,-0.7951035578448155
14686,-1.0503462926286666
14687,0.42166025504646104
14688,-0.38747585711503313
14689,0.05237776059900905
14690,0.560772607397239
14691,-0.13409852114113302
14692,-0.16415338539964786
14693,0.20274706579756496
14694,0.04093603388899299
14695,-2.2540464138241436
14696,-0.21869199243242787
14697,0.18503977586842613
14698,-0.19099307128881887
14699,-0.17118051816084884
14700,0.303607626993398
14701,0.7295477913040194
14702,0.23860039958773938
14703,-0.6911802632905613
14704,2.0380626392716383
14705,-1.179257668217133
14706,-0.29708109500237817
14707,0.1052009130142185
14708,-2.053568286334418
14709,0.7720442382926379
14710,-0.4311630682446609
14711,-0.689570350773052
14712,-0.39623130504107257
14713,-0.46050369420938003
14714,0.4471758941102621
14715,-2.4786118516121545
14716,-0.00978342902441008
14717,1.2851208207091056
14718,-0.25391077078513596
14719,-0.5959949713266126
14720,2.017959819482292
14721,-0.8927833225331189
14722,-0.013822630135335618
14723,2.21665853284783
14724,0.33171436273012306
14725,-0.5240523979415901
14726,2.1350276434413114
14727,0.4570943517321589
14728,-0.13331422807186308
14729,0.41715718406514607
14730,-2.184825788992709
14731,-0.44799553662416297
14732,0.5043431822034752
14733,-2.485699235122075
14734,-0.1622070298531018
14735,0.8098635755479047
14736,-0.06312030534122601
14737,-0.38945481347645294
14738,1.9939751332386486
14739,-1.3032160604524166
14740,-0.11162233521710177
14741,-0.7079742173125791
14742,2.0514496458802136
14743,-0.9630594883414749
14744,0.8141738282673285
14745,-0.10382542962230605
14746,-0.19151743758236375
14747,0.0662367773915079
14748,-0.05861212111075454
14749,0.9945150039585191
14750,-1.1437639790103513
14751,-0.1768793794834704
14752,-0.21483387812831503
14753,0.09540337490869898
14754,-0.1996098560653874
14755,0.17585608482212095
14756,0.11641628314069351
14757,-0.1707666988040919
14758,-1.0492849384936815
14759,2.0203356248950923
14760,-0.1422316106673575
14761,0.7414816700861718
14762,-0.06036855622944675
14763,-0.22144597930233254
14764,0.0692030353775933
14765,0.19966559333836062
14766,-0.13696166897240591
14767,-0.0863108497418307
14768,-0.20035684898724535
14769,-0.23490523122402165
14770,-0.13256243672642182
14771,-0.17757977396741315
14772,-0.010485121424482921
14773,0.5359217582671727
14774,0.54518272510262
14775,-0.20569197141256165
14776,0.29813312659765423
14777,0.67901907355912
14778,0.48183589884147077
14779,0.2596248186889809
14780,0.1653047997437364
14781,0.20608602707377696
14782,0.043422994991836515
14783,0.2454738610153822
14784,-0.19313208377022964
14785,-0.3489433376345417
14786,0.20534049468394333
14787,-0.2553145412287543
14788,-0.20771462099691512
14789,0.2549335169854915
14790,-0.2821594944887009
14791,0.9541542538468942
14792,-0.557440143866708
14793,0.3184492112450972
14794,0.4851877038412359
14795,0.2618564184155611
14796,0.24213440827665123
14797,0.2948550520715099
14798,0.5664073576899712
14799,-0.18921912868572996
14800,0.18179328478945017
14801,0.2529814233875121
14802,-0.06652344699558423
14803,0.014882001058632873
14804,0.19974158850438772
14805,-0.977718185650769
14806,-0.04509291072974449
14807,-0.9590750245430575
14808,0.4681060412637819
14809,0.10022364772993256
14810,0.14909283660201098
14811,-0.8887285040654568
14812,0.491804293937642
14813,-0.19947459372173537
14814,0.4921162617254664
14815,0.8017687574383164
14816,-0.6708524447583136
14817,-0.9042664930828057
14818,-0.08558437577840215
14819,-0.6074052257607727
14820,0.08322758331329061
14821,0.6100281406090406
14822,0.5477630504667617
14823,-0.3811221880906328
14824,-0.05374783349004501
14825,-0.534056665413597
14826,0.15348875489654043
14827,0.3429961136331242
14828,0.15578680601404826
14829,0.13617293370156472
14830,-0.5048516523615268
14831,-0.15192556509858593
14832,0.12662003334458366
14833,-0.8842098084003737
14834,-0.2173241875391741
14835,-0.8623749217050819
14836,0.0712980038920096
14837,-1.2220850320832333
14838,-0.4602668556252806
14839,-0.6758991021667375
14840,0.12942036908261156
14841,-0.3684723561814303
14842,0.24060022887765686
14843,0.6559145529854277
14844,0.5288801734388016
14845,0.5635455217948886
14846,-0.38008592015926046
14847,0.7309952854154197
14848,0.08018621842319942
14849,0.11213879988770836
14850,0.22570281592188027
14851,0.3641327254031047
14852,0.23399432303708945
14853,-0.7504850324397366
14854,0.02278370581026144
14855,0.12278931123851339
14856,0.11020650783502602
14857,-0.3776830296085616
14858,0.6917727519735373
14859,-0.10438392346461972
14860,-0.3777952551548365
14861,-0.5488135789898523
14862,-0.1043609822826953
14863,0.5965897890600059
14864,-1.1443869494266914
14865,0.32163942054420197
14866,0.20474472550530753
14867,0.8397114335801841
14868,-0.07564473772215358
14869,-0.11825864552180777
14870,0.7245232350420902
14871,-1.3464580694376376
14872,-0.3697825190273975
14873,-0.27249110343989164
14874,0.05322059791536224
14875,0.640545690256014
14876,0.007581754959116531
14877,0.6767972215727803
14878,-0.7612663200742935
14879,-0.15418911375132383
14880,-1.7727169831946368
14881,-0.27704789491972087
14882,0.009757741684322618
14883,-0.08899993968787014
14884,-0.23027113535763838
14885,-0.2334383651441463
14886,0.1920112067418956
14887,-0.07073904537923392
14888,0.30338516993524994
14889,0.024555004680932153
14890,-0.16971328646321762
14891,-0.9413097890910923
14892,-0.6979078086993125
14893,-0.25545202122349914
14894,0.10898851114558049
14895,-0.36346931803856125
14896,-0.3215770326728923
14897,0.34905664941741815
14898,-0.12823376342577927
14899,0.4794183064274942
14900,-0.5470606876135116
14901,-0.13421816217252078
14902,0.23224696755399313
14903,-0.8165533448329956
14904,-0.966409846586022
14905,2.1194642359952565
14906,-1.3372754219809941
14907,-0.09242071652595502
14908,0.6632184741036741
14909,-0.10738341356466478
14910,0.16698575821065362
14911,-0.3218731057979844
14912,0.3075191615100776
14913,0.01700099799489508
14914,-1.2633021788869156
14915,-0.14618391598366787
14916,-0.8250301042438265
14917,-0.5382363005814595
14918,1.9992936244543167
14919,-1.2375180522732523
14920,0.46599690453305315
14921,-0.5614233958383178
14922,1.9525529528496244
14923,-0.15527900333926806
14924,-0.12782297774299045
14925,-0.8998208651188179
14926,0.42028125749531414
14927,-0.5764028751226125
14928,1.9549012318916144
14929,0.360559742971224
14930,-0.13269605214989488
14931,-0.28691940130482674
14932,-0.04011039963254539
14933,-0.11061820837238133
14934,0.43710162494859756
14935,-0.4941033629987515
14936,0.3873202574938499
14937,-0.7850726985033999
14938,0.33201299919861393
14939,0.18115140397410945
14940,-2.2882107569780454
14941,-0.23239954094431511
14942,-0.7752870101869449
14943,0.08755961716276386
14944,-0.08703717123897838
14945,-0.403715174933507
14946,-0.6536051683318581
14947,-0.35250259730591804
14948,0.1798731518327478
14949,-0.06319641949622469
14950,-0.10179675519071427
14951,0.2739423054498691
14952,0.09566810688163753
14953,0.6351208974551813
14954,0.17845374225068109
14955,0.27131553538583186
14956,0.03677946954081235
14957,0.11575760786766849
14958,0.7829593405866954
14959,-0.0342395334811418
14960,0.830845270162139
14961,0.8698419499687001
14962,0.341446452730554
14963,-0.914020485759264
14964,0.2373173185819307
14965,0.043341787240769564
14966,0.25137713809040974
14967,0.17198790797014116
14968,0.279071517475157
14969,-0.8427829347179926
14970,0.2752242526369669
14971,-0.932380296380152
14972,0.21502899381110027
14973,0.62365581406972
14974,-0.628387479190016
14975,0.8726406553801089
14976,0.7402907974320728
14977,0.27879010219662836
14978,-0.8540066959547107
14979,-0.0018717904505258299
14980,0.17428518107704716
14981,0.7742458668655186
14982,0.7200924935607844
14983,0.3844433485553573
14984,0.573107623322428
14985,-1.0131055289129804
14986,0.32680239870484074
14987,-0.7896264100653843
14988,0.33277328006901746
14989,0.29137925823968
14990,1.1504745762070419
14991,0.8847490802291446
14992,-0.19358321731497913
14993,-0.26902386666691036
14994,-0.9627739134787512
14995,0.2068030114908163
14996,-0.26206619273522724
14997,1.8095144309011417
14998,-0.5890691241067151
14999,0.2609773225259455
15000,1.3161218932974388
15001,-0.03744927848364552
15002,0.1550824216043434
15003,-2.508916506251592
15004,0.204450008602417
15005,0.6452709903335622
15006,-0.41832543841852904
15007,-0.10768929002243255
15008,-1.2143282977160765
15009,1.7678344104018613
15010,0.20433091674365264
15011,-0.21789027131188837
15012,1.8619079589559497
15013,0.4509264481361539
15014,-1.0757870723942535
15015,0.7192845254641568
15016,1.7833768720763994
15017,-0.01113155562873076
15018,0.8359257470962718
15019,-0.3971105276484415
15020,0.3158659348773046
15021,-0.13825536229087648
15022,0.1917526638443839
15023,-0.10734493986270457
15024,-0.18734572294055055
15025,-0.6607034948413069
15026,1.879019003362802
15027,-0.9539032038548209
15028,1.1489409315623313
15029,0.22806517975178922
15030,-0.5769063408411563
15031,0.4025746598105594
15032,2.1967343186032173
15033,-0.04999480829298102
15034,0.46573003832070864
15035,-0.3975264813479137
15036,0.045998914643337475
15037,1.1974855786061718
15038,-0.21235908786026925
15039,-0.47692057790242287
15040,-1.4154406075181922
15041,-0.034968538144542906
15042,2.02290463166254
15043,-0.2454717894116272
15044,-0.134081373207176
15045,-0.792263654484503
15046,-0.14952623196634965
15047,-0.30810289406473357
15048,0.26571480487268107
15049,0.282631550568417
15050,0.1979769113478019
15051,0.5115730274832686
15052,-0.6229265237399575
15053,-0.5093736381797999
15054,0.3962127413200923
15055,-0.48954437580177235
15056,-0.17777428493816647
15057,-1.007769442330203
15058,0.532719191748853
15059,0.9905337867333429
15060,-0.2925950961585167
15061,-0.08265369451825243
15062,-0.23115120086990448
15063,-0.34969016996023233
15064,-0.820087054501247
15065,-0.31074862503787487
15066,0.15069908374774726
15067,0.39857836672187363
15068,-1.124982868748356
15069,-1.6130150929846805
15070,0.26393420819813035
15071,0.43927863966623104
15072,0.2148611345644771
15073,-0.006267855876418623
15074,-0.18489955189084872
15075,-0.02342638311066562
15076,0.17710650091152888
15077,0.40944576754668316
15078,0.15945509231096983
15079,-0.28709845626128333
15080,-0.2125932578211551
15081,-0.3893070275750133
15082,-1.4219789260221358
15083,0.6173652683515443
15084,-0.05032204631856337
15085,-0.8709971198499791
15086,1.6288255623443832
15087,1.6740261575642654
15088,0.11944140388094429
15089,-0.10021984128541529
15090,-0.2835369544998907
15091,-1.863720268407822
15092,0.4077406920612372
15093,0.16112655863428735
15094,-0.029709458155683564
15095,0.539404814095137
15096,0.22786378968387952
15097,-0.04860194103482632
15098,0.7427557221581542
15099,-0.2950974102825759
15100,-0.020313180806786586
15101,0.6803116848411878
15102,0.03480049400613848
15103,-0.16133259466029462
15104,-0.23128008661116434
15105,-0.41856614740767195
15106,0.1980807764240013
15107,0.10918866574467184
15108,0.13118635081137162
15109,0.14454043824650323
15110,0.09869172719618997
15111,0.02769709669801735
15112,0.11771089953893238
15113,0.12929567955870724
15114,-0.04474528574473685
15115,-0.15078444124696003
15116,0.5518263862509084
15117,0.23371867600620994
15118,0.31339243337418254
15119,0.046697663838493914
15120,-0.17068433136267888
15121,-0.14546605966784287
15122,-0.06911952258375974
15123,0.19411789200512292
15124,-0.31703208265051874
15125,-0.21777555537125545
15126,-0.20999031294672177
15127,-0.21978075493486882
15128,0.2715772788244635
15129,0.5614804563573805
15130,0.12251427004656051
15131,0.850778543129364
15132,-0.17509747313932394
15133,0.46714855557589174
15134,-0.9575092098862504
15135,-0.2349548239313756
15136,-0.22422928248105398
15137,0.48048851284549904
15138,-0.2569528009967873
15139,-0.4905719659223723
15140,0.4083295175977448
15141,-0.013070409533102137
15142,-0.23474294023611206
15143,-0.15673985082023745
15144,-0.22724020233017575
15145,-0.38518155878516425
15146,0.2517560108891361
15147,-0.4630218032511361
15148,-0.41467621779568775
15149,-0.590779689881562
15150,-0.34889582458027263
15151,-0.23991997206030002
15152,-1.7736901448851459
15153,-0.33569934465449164
15154,-0.403175502823045
15155,0.2888780538333548
15156,0.26537507157918844
15157,-0.07245608789428196
15158,0.5210151327219494
15159,-0.6190140568984789
15160,-0.3213511179816085
15161,-0.00707499040454107
15162,-0.856397172525059
15163,0.1019734232856212
15164,-0.7819714530869223
15165,0.24985192147787563
15166,8.929134265500483e-05
15167,0.14032704291912604
15168,-0.6950392534490791
15169,-0.9008849762731368
15170,-0.030451882369010336
15171,-0.07254700494005886
15172,-0.052981149452343126
15173,0.31750936173440397
15174,-0.11032358918938469
15175,-1.0531303859238637
15176,0.32229125894739225
15177,-0.259991346289173
15178,0.12902201230969734
15179,-0.4688706180598339
15180,0.19531848921388162
15181,0.3438520054875288
15182,-0.5258593205007153
15183,0.1639156516933577
15184,0.16990720371503507
15185,0.15642593310751435
15186,-0.11105197861232988
15187,0.10587179055856269
15188,-0.5931698036726797
15189,0.2773317002652135
15190,0.22129368992420728
15191,0.3606788993129847
15192,-0.12069163541526753
15193,-0.6641884676752297
15194,0.1252307380270256
15195,-0.9977074476795758
15196,-0.059089653418555585
15197,-0.7185688098769559
15198,-0.3051192154260544
15199,-1.1787202916072348
15200,-0.22601062495928623
15201,0.2525101762853008
15202,0.15978097457069626
15203,0.054800423827663286
15204,0.1413167769967605
15205,0.8083161968587106
15206,0.3241994370850362
15207,0.06583879574032471
15208,-0.9646906396627072
15209,-0.2599410772135761
15210,0.24882858570659988
15211,0.32434232103709165
15212,-0.09501263463737457
15213,0.10828788007370777
15214,-0.10414609846907007
15215,-0.5010592770894639
15216,-0.054795903108324495
15217,0.02962748852591026
15218,-0.8055214410124666
15219,0.1030081441895355
15220,-0.16087745501291945
15221,0.11855607322043225
15222,0.16045664333145768
15223,-1.2949423692142878
15224,-0.008437665393472165
15225,-0.7622478165953739
15226,-0.0025590529944046203
15227,0.07448428892698968
15228,0.29817764666524804
15229,-0.38684032639589905
15230,-1.01324674536468
15231,-0.0650508797656742
15232,0.08895115195412849
15233,0.6788925491542653
15234,0.12895926452819287
15235,1.0071765564113204
15236,0.24182191820745882
15237,-0.12287482511368646
15238,0.46956410245204927
15239,0.0880271687756846
15240,-0.12794497757769982
15241,0.47986603518749243
15242,0.10839768831547499
15243,-0.21501768091070733
15244,0.6713826262040599
15245,-1.389501965518006
15246,-0.2240533335073769
15247,-0.10402675833585784
15248,1.0876155090583666
15249,0.008952644592606418
15250,0.3849922253191832
15251,1.0318754555793932
15252,-0.03335728530635253
15253,0.6377433040602705
15254,0.569607538850332
15255,0.2917614159070189
15256,0.04737887496948558
15257,0.5374965204153188
15258,-0.1435254330008297
15259,0.709053915603007
15260,0.059132973423527066
15261,-0.06901820643940293
15262,0.8753774506240702
15263,-0.6879140007538335
15264,0.09999699998751076
15265,0.3548236748912486
15266,-1.0581906098465363
15267,-0.20294076321141755
15268,0.7780505929129294
15269,1.1124424550594412
15270,-0.25891556255157333
15271,0.0248971812230111
15272,-0.021653741306014683
15273,-1.126580305161115
15274,-0.24894404998762198
15275,-0.25438699696125444
15276,0.029226547061718993
15277,-1.7301025947355104
15278,-0.4244442504168829
15279,-0.09915892674503797
15280,-0.454551120487758
15281,1.5052131812036194
15282,-0.35073223873451076
15283,-0.3320924671353559
15284,0.05208789188822632
15285,-0.6769339040971118
15286,0.11613356844855632
15287,0.26065268704748157
15288,0.22902454767780298
15289,-1.383876741621997
15290,-0.8414461112658184
15291,0.13851492265968804
15292,0.07787542600053488
15293,-1.2532927089644645
15294,-0.28217083785756736
15295,0.0741026930632965
15296,-0.0403013261597944
15297,-1.3146449167212442
15298,0.027461100699761168
15299,-0.07751614076483902
15300,-0.25241106734357505
15301,0.09147448364693156
15302,0.06566766180451401
15303,0.03815443538453829
15304,1.20437284935378
15305,-0.15751551038717504
15306,1.2222877256823212
15307,0.1972856773870809
15308,0.2812482557242163
15309,-0.30174623789462535
15310,-0.03844972756592136
15311,0.9849680727919374
15312,-0.2753363239229754
15313,-0.4227706828864983
15314,0.059883668614397055
15315,0.2912491640918639
15316,-0.2667481560592386
15317,-0.31664062860320824
15318,-0.13883311509376248
15319,-0.2991527743404861
15320,0.07909503513632755
15321,1.3491198547130763
15322,-0.40659604245057224
15323,-0.2052218737531047
15324,0.8279852979159852
15325,-0.3336194418591661
15326,-0.05122470686268922
15327,0.12018731803260466
15328,0.10622962828502568
15329,-0.6965685648779386
15330,-0.327898446409385
15331,0.31960506843902214
15332,-0.6329816696133417
15333,-0.28375444714725573
15334,-0.2522084891033524
15335,-0.33907297515115353
15336,-0.24290873080733905
15337,0.024937704087844997
15338,0.24745790309278495
15339,-0.35526106973181626
15340,0.20454266456343798
15341,0.10959230734134273
15342,0.13125177105733438
15343,-0.25727665253002036
15344,0.30525158979442296
15345,0.4532178120242477
15346,0.12254546309032768
15347,-0.2958363619988144
15348,0.39780158502423085
15349,0.8389843145433352
15350,-0.11136068509147955
15351,-0.8424237976794887
15352,0.20807776021339852
15353,-0.2703329522461861
15354,-0.07232279698842058
15355,0.12802677986482344
15356,0.5031127258136449
15357,0.06288154363217238
15358,-0.40437496593954314
15359,0.6335983143380111
15360,0.08686628893847632
15361,0.42181381982462385
15362,0.42435024332299126
15363,0.28291306005270894
15364,-0.9348282033674326
15365,-0.13260303788020114
15366,-0.20312529882921845
15367,-1.03306000880363
15368,-0.1554167336441652
15369,-0.44752119422826875
15370,-1.0599319487777978
15371,1.2133070095088814
15372,-0.11967150203584241
15373,-0.9065993874429269
15374,1.0799290380476163
15375,-0.4659834535544572
15376,-0.1500834492737686
15377,0.40780051936240375
15378,-0.13085332482809162
15379,2.069429769960317
15380,0.2573124376529424
15381,0.3466459084622608
15382,-0.6227452997412389
15383,-0.06774030587049296
15384,-1.1460395852716003
15385,-0.1378739135215219
15386,-0.7989526589986743
15387,-0.9428298924890759
15388,-0.9950223313052378
15389,0.4548934645599949
15390,-0.675327635035741
15391,0.29082833248373496
15392,-0.028394544059009732
15393,0.941835256287927
15394,0.3823138879641662
15395,0.09340258834982287
15396,-0.7816438773109913
15397,0.6989450755566906
15398,-1.0045201387802747
15399,-0.10958825950312785
15400,-0.9422273356916189
15401,-0.138105979169707
15402,-0.16757526860654418
15403,-0.6892810043763532
15404,-0.11788265412725009
15405,-0.0029686596836731105
15406,0.0789242826711695
15407,-0.6730359992197384
15408,1.9455592857698414
15409,0.4339287972500782
15410,0.5758911170006799
15411,-0.0919050724500531
15412,-0.24377094470125996
15413,-0.08633286772387179
15414,-1.3702192094074686
15415,0.26220802064427706
15416,0.7143253073734895
15417,1.3092835244740422
15418,0.3524833304487185
15419,1.0756371503888553
15420,0.1864948112890114
15421,0.44738579637501424
15422,0.6239056223321495
15423,0.2895927887664336
15424,1.382306797491336
15425,0.19570730308985704
15426,0.5148905637858904
15427,0.2457516037785044
15428,-0.5436688920285447
15429,-0.1900568141605748
15430,0.1299379819388477
15431,0.10783965165430907
15432,-0.36343147080961735
15433,0.3627871929002904
15434,-0.46753686340255474
15435,-0.12831780335281298
15436,0.14727819378586937
15437,-0.4154043101767335
15438,0.20585132806893275
15439,-0.9393097350794329
15440,0.46056704184662267
15441,-0.8572770729812603
15442,0.25315283439229935
15443,-0.7072131066535833
15444,0.33786686410790673
15445,-0.7041640946326213
15446,-0.3954409151288846
15447,0.22140297352667365
15448,-0.7953510079807039
15449,0.4267480254645616
15450,0.2895302905941195
15451,-0.040997974988687555
15452,0.26423225912358694
15453,-0.9755055293320828
15454,0.38708303716194414
15455,-0.26545465979788857
15456,-0.2853675594129693
15457,0.24521255288910623
15458,-0.24484348085395918
15459,-0.20487767077277513
15460,-0.027300335951015692
15461,-0.7956015878168693
15462,-0.06174173837581216
15463,-0.40848364339246457
15464,0.3409267801423008
15465,-1.041800507066544
15466,0.6141713210776106
15467,-0.17576946991657888
15468,-0.13288676654687734
15469,1.2318718442295586
15470,-0.3711820943978935
15471,-0.8297785706877253
15472,0.4501761551274757
15473,0.8615472325009794
15474,0.17511992085376887
15475,0.12864088212252933
15476,0.40267312071394995
15477,-1.3735301629318315
15478,0.4810327450487345
15479,-0.45010577979927097
15480,-0.16616399333779933
15481,-0.6350619397078051
15482,0.4810731314120396
15483,0.6712811746134347
15484,0.4281760229614743
15485,-0.20646346079020508
15486,-0.5880299623486865
15487,0.420360711835579
15488,0.5185389883236385
15489,0.6532509392234912
15490,-0.5718677809664697
15491,0.135810409134236
15492,-0.21148985753141075
15493,-0.17482372381482683
15494,-0.49188974735878405
15495,-0.3576094459558473
15496,0.15427432152512308
15497,-1.1840307008706394
15498,0.44212618158003464
15499,0.4936223092941186
15500,0.3805158546351012
15501,0.29383610488405687
15502,-0.16372740112083436
15503,-0.12113654194931091
15504,-0.17846057704903112
15505,-0.17065892931170185
15506,-0.05652635117993997
15507,-1.0270896047511515
15508,0.3441945217171923
15509,-0.07178398647271521
15510,0.5418840851337586
15511,-1.6022773203880563
15512,-0.0016794000430752835
15513,-0.33839807045116005
15514,-0.6296633314568962
15515,0.12310070768799726
15516,-0.08016671888072475
15517,-0.1178705654978469
15518,0.17648039356869752
15519,-0.17873824675079292
15520,-0.034190719920172884
15521,-0.26873103383760505
15522,-1.7738223234354742
15523,-0.19722867593577612
15524,0.9038053388727249
15525,-0.6937007583703554
15526,-0.33134681318591863
15527,-0.26214483780537284
15528,-0.13730960014422294
15529,0.1938789236402306
15530,-0.13559130650879184
15531,-0.5811516570687173
15532,-0.11385875131734557
15533,0.3351179130488253
15534,-0.7402377221063808
15535,-0.14098704916919189
15536,-0.17795568103976303
15537,-1.3347109898040608
15538,-0.19563273719363913
15539,-1.2226642273834525
15540,0.41346225675749143
15541,-0.9790298745303042
15542,0.4871479598853987
15543,-0.34923633804053045
15544,0.4311582780460701
15545,-0.7454739903831732
15546,1.9432170225021512
15547,0.5073710200964865
15548,-0.8146556087468771
15549,-1.1559068994608446
15550,0.6657977939618895
15551,-0.7196596835193144
15552,0.4180996665718571
15553,0.05695836579843276
15554,-0.8311545965416808
15555,-0.12335938807534805
15556,-0.09475602356245823
15557,-0.18766038736811258
15558,0.22986295916035748
15559,-0.031160519707731676
15560,1.362469889565327
15561,0.08842967595658129
15562,0.7452002621456835
15563,-0.3276014831188823
15564,-0.17487645394234225
15565,-0.23219320933228194
15566,0.3719972228583479
15567,2.067493853339913
15568,-0.24893537799226265
15569,0.6168422311508609
15570,-0.1618788256252665
15571,-2.021304041692371
15572,-0.167623810487038
15573,0.1754027398012596
15574,-0.6069822424581284
15575,-0.06966404794873349
15576,0.2275555884678819
15577,-0.31246248291647605
15578,-0.11464038207281672
15579,-0.12444607994068245
15580,0.673405730324395
15581,-0.21586472412386495
15582,-0.4454111490410641
15583,-0.42263938231842413
15584,0.28011812149129806
15585,0.6332434293977607
15586,0.08476100922143744
15587,-0.1591741320540434
15588,0.6007253581557769
15589,-0.4321845713019436
15590,0.0920459495969749
15591,-0.7182728898150321
15592,0.2772234136275724
15593,-0.09885277981168679
15594,0.5120044768100522
15595,-0.4122092257495513
15596,-0.5842230442516659
15597,-0.026252548327649484
15598,-0.3093170974301561
15599,-0.5030575359410007
15600,-0.18814572153748269
15601,-0.15216530769938474
15602,-0.6852089810110663
15603,-0.4127754789235288
15604,-0.16271088467208908
15605,-0.1893149878970649
15606,-0.5457395497628728
15607,-0.2747593211121051
15608,-0.06294762928113534
15609,-0.2265728346090428
15610,0.5004318486533028
15611,-0.1903449578613452
15612,0.10897605579933166
15613,-0.5366047516955592
15614,-0.355400555528382
15615,-0.08075862791432127
15616,-0.367795644536035
15617,-0.6486550999667456
15618,-0.3363382289380323
15619,-0.10288205740776564
15620,-0.4357704520488446
15621,-0.5500431923641059
15622,-0.17486465326473274
15623,-0.7064124797333086
15624,0.13792427188193676
15625,-0.6455273181998372
15626,0.10681195981776084
15627,-0.4569905471896768
15628,-1.0148120574012696
15629,-0.8255008575165388
15630,0.1499811777901959
15631,-0.7234813656730509
15632,0.12787596548879682
15633,-0.7102458592217997
15634,0.09482059125201754
15635,-0.7568854184645007
15636,-0.8044524581052799
15637,0.5117074848890618
15638,-0.4619628004275117
15639,0.10165889682407912
15640,-0.9124909135116154
15641,0.3337576626381981
15642,-0.49278812961042073
15643,-0.10001171054780988
15644,-0.583185932393883
15645,0.12394738018418643
15646,-0.889221349374929
15647,0.16568742087415542
15648,0.1381014356446644
15649,0.21870557899105328
15650,-0.6377362607871078
15651,0.16587007727004713
15652,-0.5877972509677489
15653,0.12377162585358142
15654,-0.5888650765123096
15655,0.12456980481913105
15656,0.13576143564466442
15657,-1.2278156004929963
15658,-0.004620635235022867
15659,0.281793763862091
15660,-0.9565491004930672
15661,0.7647467836855063
15662,0.17647134822875504
15663,-0.877399624660812
15664,-0.303655209640848
15665,-0.7003132901129987
15666,0.09490175640786742
15667,-0.20766334519287502
15668,0.3200577292982833
15669,-1.0545709807324346
15670,-0.013922959351675401
15671,0.17844866510585355
15672,-1.0254205596331252
15673,-0.5608038808631004
15674,-0.8432165729871025
15675,0.304313079018852
15676,-1.3009885678952067
15677,-0.27083102368683043
15678,-0.7837409242744496
15679,0.3395642127895792
15680,-0.9771621210263375
15681,-0.265621871677168
15682,-0.8262338362143725
15683,0.2991956660459871
15684,0.42488286655732094
15685,-0.10684263936225279
15686,0.5317850538147906
15687,0.13465644716572617
15688,-0.019511944342151432
15689,0.615785475137043
15690,-0.8812872886190825
15691,-0.06770111061505872
15692,-0.7866752581493077
15693,0.25790336528250274
15694,-0.0921953568133603
15695,-0.40565149540555145
15696,-0.17868045984660136
15697,-0.04732513898236562
15698,0.24821392388041463
15699,-0.41247710195584286
15700,-0.3717077867489537
15701,-0.18398128792291052
15702,-0.03527632874511005
15703,-0.41670886862808953
15704,-0.5761590826334818
15705,-0.2064286594106774
15706,-0.0049372637883012445
15707,-0.1976684107777311
15708,0.6555097840671362
15709,-0.529042828073091
15710,-0.017516648159278482
15711,0.2935872583051823
15712,0.5708555485036254
15713,-0.45708846771539696
15714,0.024949595021797392
15715,-0.003139547383548451
15716,0.8229553250376737
15717,0.10472432758837888
15718,-0.48921673355940937
15719,0.1289167191838516
15720,0.19284825665977331
15721,-1.922376297219199
15722,-0.044652714293685274
15723,-0.8049926552126826
15724,0.04784198923591358
15725,-0.03255598092528579
15726,-0.4720830422524358
15727,-0.23571568872123344
15728,-0.05565634623377288
15729,-0.6659113235820642
15730,0.14365179089642025
15731,-0.11248456993550934
15732,-0.07301136488280731
15733,-0.09812256883455749
15734,-0.9520380155965994
15735,0.11041472782316465
15736,-1.4693617059239577
15737,-0.4321686633192293
15738,-0.16482360346932093
15739,-1.169489533764644
15740,-0.48156763197863106
15741,0.003574404465340845
15742,0.21124354935262146
15743,-0.14738776996148215
15744,0.06774739365371697
15745,0.05703126817066194
15746,0.19679264740309552
15747,-0.023549268511285287
15748,-0.5045320170680239
15749,0.19516504013162098
15750,2.1364274321643983
15751,0.3709463591761498
15752,0.3763075193317977
15753,-0.8316899939103511
15754,1.9718586396585205
15755,0.021949552995320986
15756,2.026383782805151
15757,-0.8995100550323657
15758,-0.26089464011379365
15759,-0.21310158827628145
15760,-0.8116088652643483
15761,-0.2076260106659863
15762,-0.20350067663618215
15763,0.800009626520471
15764,0.15396780584203537
15765,-0.06423944546845482
15766,0.7854760339511
15767,-0.7820083847681
15768,-0.48302912726528274
15769,0.22594483880083155
15770,0.4950745139572853
15771,1.4503959551889765
15772,-0.9297407269461135
15773,0.22826499802430045
15774,-0.7430974426031145
15775,-0.4201122359772773
15776,0.3047520115855423
15777,-0.8519644038475588
15778,0.5127661587841712
15779,-1.000107577643502
15780,0.34002879919327517
15781,-0.8430031089772732
15782,0.482921959178079
15783,-0.38326093520675913
15784,0.2108188684724253
15785,-1.1587066934862837
15786,0.4774342881357312
15787,-0.8196104989289378
15788,2.0332291535110536
15789,-1.2722206002936716
15790,-0.5161423947767199
15791,0.36137079899633245
15792,-0.9234856333662862
15793,0.4913910041252886
15794,-0.5104984315956257
15795,-0.09276590828818403
15796,-0.1258941325596567
15797,0.10370728940977696
15798,0.20585994426492332
15799,-0.8718355503222451
15800,-0.9514839135127183
15801,0.3559525759295391
15802,-0.8624450017559873
15803,0.5093457837794021
15804,-0.9497568636326931
15805,0.4264458499424744
15806,-0.995552378441312
15807,0.525100985844436
15808,0.1957805620260966
15809,0.23023415100226663
15810,0.18597238418044257
15811,0.17463543223667036
15812,0.1717556083568465
15813,-1.0388524517262856
15814,0.46135776933344425
15815,-2.1389497520549585
15816,-1.1096254476668175
15817,0.4791652487314729
15818,-2.281261172681046
15819,0.9637490852014804
15820,-1.059958564937984
15821,0.28356918806878795
15822,0.2583227043147952
15823,0.24935312712437058
15824,0.33155409820341547
15825,-0.4501261825891361
15826,0.6217681997098696
15827,0.26223662385541757
15828,0.044708727136994655
15829,0.36257090991573887
15830,0.18191331212226403
15831,0.5228161457729327
15832,0.1047568462168103
15833,-0.7034159758056514
15834,0.6249852576089665
15835,0.297635867405708
15836,-1.0218988076649302
15837,0.3426847200335928
15838,0.516149216139647
15839,0.15861229056612117
15840,0.5191448870027333
15841,0.6907821475230331
15842,0.7882573785583372
15843,0.7387427501228584
15844,0.22300505516953392
15845,-1.2975363658801526
15846,0.2768512427331424
15847,-0.9945898506787357
15848,0.27912031285191946
15849,-1.23623212872761
15850,0.5392908097754695
15851,0.27563170619364374
15852,0.8763982783876358
15853,0.6615087993789962
15854,0.011494611242972127
15855,0.30408971251490297
15856,0.2679641687177014
15857,0.2737345365807611
15858,0.542230407950904
15859,-0.21923876876160417
15860,0.2910846351156895
15861,1.0299920337609807
15862,1.1470777539631252
15863,0.25213990773614264
15864,0.49206520590508696
15865,-0.08993953829512144
15866,-0.03445345518115523
15867,-0.014809382191922892
15868,0.008271209513816314
15869,-0.17910470649575747
15870,0.2686791024278941
15871,-0.0452591655334719
15872,-0.12317118559150077
15873,-0.6575090720869355
15874,1.2720517046519513
15875,-1.0892435056122545
15876,-0.21394793753648508
15877,-0.18055872026666908
15878,-1.4306521004886636
15879,-0.14675939140563418
15880,-0.11784943840780564
15881,-0.7319806993459804
15882,0.7953773737598276
15883,0.17051547828757982
15884,-0.7286896065836432
15885,-0.10116950478502745
15886,0.16995629429320347
15887,0.2801771332094124
15888,-0.5802337058605379
15889,-0.16030102818314754
15890,0.14394945016747812
15891,1.1313510943289455
15892,-1.5868399055605182
15893,0.5497439263356974
15894,-0.2156488598625016
15895,-0.1315058975380357
15896,-0.2913385014500469
15897,0.2123907958016305
15898,-0.1364366443550505
15899,-0.10427185046595122
15900,-0.7389179774760305
15901,-1.318749354049381
15902,0.16359793039069762
15903,0.9080815446251064
15904,-0.19677265788792142
15905,-0.2244714534412324
15906,-0.15002624572804316
15907,1.9837363990340067
15908,-0.8988360673443496
15909,-0.25742997275238105
15910,-0.23942648781191223
15911,-0.2291742118704204
15912,-0.650945591779842
15913,0.8532878931816847
15914,-0.9869470159400807
15915,0.14442353049174958
15916,-0.4690332276226702
15917,1.6572465819251052
15918,0.33420127262645627
15919,-0.14840866070109648
15920,-0.850524762388757
15921,0.3714155861522596
15922,-0.2199044973181726
15923,-0.635908337008062
15924,0.399089475172565
15925,-0.19172286718360193
15926,-0.8541710192722696
15927,0.10384950398807513
15928,-0.19807928478481032
15929,-0.2897888819763179
15930,-0.20854936614226782
15931,-0.388886666935479
15932,-0.6076528865316455
15933,-0.7084714776306211
15934,-0.6017221643450081
15935,-1.0060986327201689
15936,0.5931648026331823
15937,-1.6953057360061927
15938,-0.2131248537437109
15939,-0.35676753568761366
15940,-2.3526668680572023
15941,-0.37560789937205863
15942,0.20383388756797294
15943,-0.14673667151920744
15944,0.14999842604639632
15945,-0.2284589049291866
15946,0.07086382834021186
15947,0.20065722696391472
15948,0.013464417593150155
15949,0.11208118614434341
15950,0.22888702429597682
15951,-0.10457951339576635
15952,0.3763765859895653
15953,0.0897341738164169
15954,-2.0596106212141008
15955,-0.10269382695122493
15956,-0.9092828175330044
15957,-0.20433997905370965
15958,0.4670787586469472
15959,-0.01764185813613259
15960,-1.6959785947608632
15961,-0.2603255000798959
15962,0.22613428059003565
15963,0.12939136612971333
15964,0.07983697930025563
15965,-0.1658337851014792
15966,0.050349786524694705
15967,-0.8675837895792573
15968,0.026773513147859883
15969,-0.08368800688327005
15970,-0.8507999191389005
15971,-0.11290397997656952
15972,1.6980942401715113
15973,-1.0269079393409892
15974,-0.1959941783279144
15975,-0.2578779394479139
15976,-0.35027993086212394
15977,-0.22576034900037323
15978,-0.24209454663607877
15979,-0.10553301374211842
15980,-0.18103004622403226
15981,-0.3488892093010946
15982,-0.2410244643214704
15983,-0.19856763058673638
15984,0.7655407166452478
15985,0.10782541217351377
15986,-0.18700324060722012
15987,0.11546187694183113
15988,-1.023300274829353
15989,-0.1837133815977628
15990,0.11005841209371449
15991,0.11429615769000592
15992,0.22801647966543434
15993,-0.16184432168017124
15994,0.09456860014488368
15995,-0.8720229474700146
15996,-0.1634753226562234
15997,-0.017246714318021297
15998,-0.9933198933030968
15999,-0.1834902238737654
16000,0.010941825455934043
16001,0.34972392842749633
16002,0.1394931160384891
16003,-0.9485966218487856
16004,-0.21569255195911352
16005,0.13190686161027085
16006,-0.06519761994783545
16007,0.40037139077693873
16008,-0.106438385017266
16009,0.05584696639489437
16010,-0.07626262092016439
16011,0.019973703046509292
16012,0.11578425905785286
16013,0.38246046782581766
16014,0.025175710618340483
16015,0.6078949266175718
16016,-0.13790317001709157
16017,0.4677723575031154
16018,-0.3978613160283081
16019,-0.7542447517391672
16020,-0.08803236574820057
16021,-0.36251581152005347
16022,0.2674151678206865
16023,-0.00736103188438233
16024,-0.4257855466922736
16025,-0.7444909575124812
16026,-0.3720495212232543
16027,-0.4069596081297743
16028,-0.5390834368512271
16029,0.10809595705110452
16030,-0.031100993481017844
16031,-0.4867389825207298
16032,-0.35132988410508226
16033,-0.3175226044983279
16034,-0.08855459794862118
16035,-0.417522016329611
16036,-1.1764545411912846
16037,0.12493399136245517
16038,-0.1451905302337624
16039,-0.3977087057331558
16040,-0.4938919124580958
16041,-0.09441711773340941
16042,-0.20170232771557636
16043,-0.44039400109851284
16044,-0.6195232815568473
16045,-0.36086723656576125
16046,0.03349981124163607
16047,-0.015495049666354373
16048,0.03299295676357249
16049,-0.3613781772498406
16050,0.19045387045289958
16051,0.07960683739656245
16052,0.06484258696473087
16053,-1.381371982044299
16054,-0.029228472914652005
16055,-0.7046504729584804
16056,0.08118440192489636
16057,1.1415354705270988
16058,0.15422970393160212
16059,0.07984240850333893
16060,-0.15041044271550055
16061,-0.4697576761282758
16062,0.1893994577301904
16063,-0.2989053704150896
16064,0.031998865488593535
16065,-0.5191826961281484
16066,-0.441144156241225
16067,-0.6146590497011329
16068,-0.323724073699774
16069,-0.2504025115668262
16070,0.27756397865690935
16071,-0.05367503388936136
16072,0.0022871187233069047
16073,0.279484446556979
16074,-0.04933044487002659
16075,-0.268711107383818
16076,0.13205750175271122
16077,-0.09527707465477553
16078,0.0334741782615322
16079,0.8090111336330456
16080,-0.10645066641894968
16081,0.3087856550812164
16082,-0.20218183952840085
16083,0.07189694453370112
16084,-0.3963545182866716
16085,0.20999734057554748
16086,-0.8521951788863639
16087,0.10862992241444533
16088,-0.6494252769617072
16089,0.12622458904732284
16090,0.12460558778298805
16091,-0.6255281985196386
16092,0.10908391025177294
16093,-0.7729433028043042
16094,0.12739943704528117
16095,0.2100361653464833
16096,0.1452500247258601
16097,-0.4250573395846985
16098,-0.041982344508735316
16099,0.13650049178371398
16100,-0.914551543384741
16101,0.09574304350936975
16102,-0.8589174172063819
16103,0.5760245816069753
16104,-0.7955934663109466
16105,0.12242755872336342
16106,-0.9718162213303033
16107,0.1626278178798369
16108,0.0858899966783929
16109,0.3938424661353771
16110,-0.7493625609405006
16111,0.2074554103032203
16112,-0.5578546448300274
16113,-0.8973840292950432
16114,0.08891599553755491
16115,-0.4522366319992159
16116,0.12775290401697093
16117,-0.8860511423672958
16118,-0.945046638078813
16119,0.1344873995466786
16120,-0.6564397827726942
16121,0.08202463773780808
16122,-0.38603042969234497
16123,-0.018209825339658658
16124,-1.0753943296657191
16125,-0.6005536551275831
16126,-0.2974243823437517
16127,-0.14055240643802475
16128,-0.6505832724088905
16129,-0.20860277411416786
16130,0.20541678831454432
16131,0.33632970220531516
16132,0.47349818740332256
16133,-0.16887432535238756
16134,0.12447999518517636
16135,0.25300159040439946
16136,0.452018364813234
16137,0.03339116443009133
16138,-0.5039046784767064
16139,-0.4203910042466174
16140,-0.7642674570184731
16141,-0.4300166816425726
16142,0.15082617892899536
16143,-0.3783547868069925
16144,-0.6384865142242544
16145,0.2594655695537871
16146,-0.15676456232130223
16147,-0.3384909129970696
16148,-0.3419959891328573
16149,-0.5155503470958042
16150,0.4123598231445529
16151,-1.0371544743815255
16152,-0.210806136124974
16153,-0.8580626554647615
16154,0.1812881269025685
16155,-0.93490798443017
16156,-0.30416951641619405
16157,-0.9283051192560468
16158,0.30392111022228646
16159,-1.0471109535836978
16160,-0.21230919986569252
16161,-0.6276283883072767
16162,0.38624985750386304
16163,0.6978802166926582
16164,-0.31071107247076885
16165,0.485335343199808
16166,0.1094748109030379
16167,0.24082972467332742
16168,0.1118387592516441
16169,-1.0065058337314037
16170,0.13959110088434545
16171,0.6601433880511206
16172,0.21978792743978917
16173,1.0485738352966585
16174,0.23703092045510957
16175,0.10598247033509021
16176,0.19909943762042154
16177,0.22260724524816491
16178,-0.9336619922880448
16179,-0.3014742071363287
16180,-0.7407570009878253
16181,0.2304433141731132
16182,0.44591493112977537
16183,0.7112035218899941
16184,0.30881688814849595
16185,0.675527933613819
16186,0.502452720406728
16187,0.5315765533702567
16188,-0.4937280288653204
16189,0.9298686824231069
16190,1.0522408777916374
16191,0.3854078802924388
16192,1.0705395731291747
16193,0.31753735556730545
16194,0.8940642359305153
16195,0.14010869406924017
16196,1.03163800400136
16197,-0.004260515626274002
16198,0.1344422468254117
16199,0.4902237831288747
16200,-1.064261573471024
16201,0.48429761753107886
16202,-1.1465821236962221
16203,0.4836905344904568
16204,-1.2564759293049796
16205,-0.5175242857504149
16206,0.2567494303828971
16207,-1.0124691370454606
16208,-0.17679801258236152
16209,-0.6840853744264304
16210,0.3566810024504639
16211,-0.9202921176067259
16212,-0.23665583447859082
16213,-0.3525621565666656
16214,0.35695626683927184
16215,-0.8085119412741794
16216,0.13580265701432295
16217,0.24296522645784788
16218,0.12748588140644548
16219,0.029800908794354868
16220,0.27916871401459725
16221,0.8673633842196028
16222,-1.8613093422903184
16223,-0.05606697084695543
16224,0.019137835828604403
16225,-0.4565286973378204
16226,-1.52189045315148
16227,-0.26861026534810406
16228,0.08995108982092923
16229,-0.2664098368347071
16230,0.0809017321862735
16231,-0.6934766675656212
16232,-1.3599656959063149
16233,-0.06165713334969195
16234,-0.8208360650143648
16235,-0.4209789075303628
16236,-0.22709872678552132
16237,0.06702098992200996
16238,-0.697613756570254
16239,-0.356563275238098
16240,-0.012290757795256027
16241,0.08596502581648299
16242,-0.7086091487138403
16243,0.08063282727178674
16244,-0.2027680605933829
16245,0.08381973223674448
16246,0.27146481790570326
16247,-0.187294629117581
16248,0.06111548124602539
16249,0.1382504964813654
16250,-0.022686115427440916
16251,0.0942074238814142
16252,0.032379728075747946
16253,-1.7094509244862015
16254,0.022670792518278644
16255,0.015846608009250317
16256,-1.8576729655130675
16257,-0.21493337833117004
16258,0.47782900664164574
16259,-0.13827589007442748
16260,0.12993163159759857
16261,0.11966933726038972
16262,0.07735227266940468
16263,-0.14571811082350636
16264,0.118172090074804
16265,0.13051435051932028
16266,-2.106825049599618
16267,-0.06703359420263229
16268,-1.2661449009949184
16269,-0.05000255152313127
16270,-1.4359787182899442
16271,-0.06669036856192721
16272,0.2281537653014369
16273,-1.9225907680281906
16274,-0.05450400027648403
16275,0.3025958058572718
16276,0.18960362047513724
16277,-0.180669753149086
16278,-0.2858301139256214
16279,-0.200741968365869
16280,0.125966161035977
16281,0.13242280933748912
16282,0.05271653933717936
16283,-0.22775141897640974
16284,0.19945462149051732
16285,0.0946589452034743
16286,-0.1597919480003851
16287,-0.7866931824044642
16288,-0.3077550418530843
16289,0.1994240558043346
16290,-0.46167439874952754
16291,-0.7488492742121085
16292,-0.31809898478047843
16293,0.5301503279644478
16294,0.10213527611197117
16295,-0.6100596148933072
16296,0.564503201695179
16297,-1.4292513959668873
16298,-0.47597213878488565
16299,0.31864277875101243
16300,-0.808732874574957
16301,-0.6284915072922098
16302,0.30803599298018886
16303,-1.2987089115220882
16304,-0.43323107080884504
16305,1.039635743757342
16306,-1.2740962241340932
16307,-0.3932646729825382
16308,0.9392336452361638
16309,-1.310053235070738
16310,1.0094847024061542
16311,0.10002301189059984
16312,-0.8818234628712417
16313,-1.0009542424694637
16314,-0.04650083966524026
16315,0.7436373017346085
16316,-0.791579700074551
16317,0.6182153813742212
16318,0.853229832672968
16319,0.11940696955656985
16320,-0.8092651475330732
16321,0.2737352762217618
16322,-1.2010775571549321
16323,-0.09704090430523898
16324,0.43286649126957255
16325,0.4863935437755737
16326,0.32117418113706314
16327,0.3157619290267144
16328,0.6699854500577632
16329,0.1934296395138952
16330,-0.4464496472152524
16331,2.180640622966647
16332,0.5080214512586808
16333,0.4231507079387605
16334,-0.5114823885819964
16335,-0.961145365803782
16336,0.14720555763687548
16337,-0.5751926908441969
16338,2.275010666704194
16339,0.30454301401403905
16340,-0.18060462456365398
16341,1.9582876799717746
16342,-0.961247456632652
16343,0.3803571694846864
16344,1.2694527575458685
16345,-0.8940242284916585
16346,0.4412781932936802
16347,-0.6631625119415298
16348,-0.085687919224253
16349,0.29350707920089153
16350,-0.7350272591250672
16351,2.1452645884467323
16352,0.39865284682338564
16353,-0.12759771392613628
16354,-0.20591743539821575
16355,-0.6249262254969142
16356,0.02482897635531728
16357,-0.1945549106859468
16358,-1.343867923381804
16359,-0.03392331695549048
16360,0.0758361117148005
16361,0.3554488628509371
16362,-0.5317155770600388
16363,1.9147038191545727
16364,-0.1335610536821188
16365,-0.5574082146753737
16366,2.317284717295677
16367,0.39995129409093866
16368,-0.9365107411744492
16369,-0.20135982269705335
16370,-0.5273889870960352
16371,0.22144445053511946
16372,-0.20512544938288993
16373,-0.2448743322293822
16374,0.39239916265882524
16375,-0.7216529835701734
16376,1.7213161197151365
16377,-0.1081872175069232
16378,1.939683342982444
16379,-0.7788548763436153
16380,0.09433442751235628
16381,-0.7289728768603525
16382,-0.2601072622033167
16383,0.22914502193767625
16384,-0.7468006139287291
16385,2.2603390221498216
16386,0.5154653551117013
16387,-1.010245085257853
16388,-0.1452737080316985
16389,0.06354783726537294
16390,-0.9690692107081534
16391,-0.20485093453553835
16392,-0.04873510874137555
16393,0.20850478031186845
16394,0.2245374904189554
16395,0.34720331852810193
16396,0.1859387355971668
16397,0.14622179390705634
16398,0.23844256176924777
16399,0.5455959864691442
16400,0.15361109434188652
16401,0.1355840140388239
16402,0.1859387355971668
16403,-0.030298356111767094
16404,0.3034254884728726
16405,-0.9301611653949184
16406,-1.0726793010366895
16407,0.48020151810397166
16408,-0.9689070516068274
16409,-1.0297866163215625
16410,-1.0683977838741947
16411,0.4738329002457258
16412,-0.6613809474381892
16413,0.5346835978647572
16414,0.2857152278150895
16415,0.18011721735681574
16416,0.2111061929735228
16417,-0.07378150808324965
16418,-0.18905770681617942
16419,-1.09498024516417
16420,0.25138236455391344
16421,-0.28866914606339106
16422,0.18929417501812007
16423,-1.0177873264565958
16424,0.18213995402328784
16425,-0.781125177555043
16426,0.4284947965755853
16427,-0.9449092840486694
16428,0.3717957670578208
16429,-0.973621643021782
16430,0.3325680448181456
16431,-1.0486976529008512
16432,0.3586097535271069
16433,-0.08477870806212841
16434,0.15889454141934284
16435,0.12308141134844773
16436,-0.3668299742686126
16437,0.542533779656253
16438,0.13744197372920453
16439,0.4990027007204613
16440,0.5566760918468258
16441,-0.2430791532627536
16442,0.33927639222753736
16443,0.5258800596062339
16444,0.2715290917975902
16445,-0.1550607927492204
16446,-0.6967672209868816
16447,0.40607367984538123
16448,0.2698459451021237
16449,0.29030419442681255
16450,1.0973214280723822
16451,-0.022296766503987528
16452,-1.1829714446093431
16453,0.5552746294825726
16454,0.2619797484807583
16455,-0.6009141825794573
16456,0.4732958025613974
16457,0.9247000010222209
16458,0.3870119292769499
16459,-0.0076456814312383286
16460,0.37112549461402183
16461,0.9282217370818275
16462,0.567453614472943
16463,-0.41020566114312973
16464,0.5215816850899008
16465,0.48797790749833253
16466,0.4114875376886306
16467,-0.30824601977516136
16468,0.29021796716792025
16469,1.0181648112416828
16470,-0.20192842854873905
16471,-0.7539014155544883
16472,0.962796148037884
16473,0.27459011862485827
16474,0.7695762167556741
16475,0.22989913477267604
16476,-0.46933670918318265
16477,0.27304912076571586
16478,-0.6154338910158537
16479,0.21300763593378355
16480,0.37311697804594607
16481,0.21952403269149906
16482,0.2881191990546494
16483,0.8684845368312691
16484,0.26092172406181874
16485,-0.3275187381541736
16486,-0.1898797555632542
16487,-0.26344778174142996
16488,0.4369928871558322
16489,0.059601168629201735
16490,0.45455711259258713
16491,0.24882374065057827
16492,0.16625838935094875
16493,0.7350201966301949
16494,0.6343035781112197
16495,-0.2241156863267513
16496,-0.6824930602480024
16497,1.0008726913378978
16498,-0.20813454617013744
16499,0.9488630316145055
16500,-0.16521035530166453
16501,-0.6235543863591859
16502,1.0523542569872
16503,-0.033517357420646876
16504,0.8917672353402532
16505,-0.15546263325067922
16506,-1.1238840455594867
16507,0.8418527585296324
16508,0.08891548209708408
16509,-0.08319769048227961
16510,-0.762077699992603
16511,1.9867848727685429
16512,0.06339996291757168
16513,0.002071375047097765
16514,0.5807777019932893
16515,-0.7068471837692442
16516,-0.3454806730758475
16517,2.099788491240451
16518,-0.8818937932409138
16519,-0.05447651921256583
16520,-0.18058459591097134
16521,-1.877627437196019
16522,-0.39278492184358865
16523,-0.146611425242602
16524,0.2501067273375136
16525,0.1336549632130753
16526,1.024126308796017
16527,-0.06509196513332796
16528,-0.1285162146417289
16529,0.1772023637862088
16530,0.764815904373489
16531,-0.0660674455139844
16532,-0.19417499460065626
16533,0.07890134276124322
16534,0.08215194978594278
16535,0.8606557347402123
16536,-0.1338437748785398
16537,-0.6614359764527752
16538,0.17550236219563028
16539,-0.03368779558764801
16540,1.150569298022098
16541,-0.2367880078346925
16542,-0.1412179880068941
16543,2.042519032972187
16544,-0.08984888645616647
16545,0.3864506128140389
16546,-2.325637115178214
16547,-0.07769460857368447
16548,-0.17854627291607106
16549,-1.6195959068042052
16550,0.9646978555308781
16551,-0.20270132444014674
16552,-0.27866107151723846
16553,0.175785499828964
16554,0.09396291007088038
16555,-0.06860439475014309
16556,-0.20469088965544727
16557,0.1818718713630855
16558,0.09987247713017025
16559,-0.13961942377831288
16560,-0.12439129001656597
16561,0.5886755707145365
16562,-0.0392416307467926
16563,-0.12737919432282202
16564,-0.2465974813382571
16565,0.2331763191962522
16566,0.03305611579659036
16567,0.3387188463554262
16568,0.12498481517100682
16569,0.6812358529642172
16570,0.14899534916707607
16571,0.16865060024566617
16572,0.530853761269614
16573,-0.22456364387780933
16574,-0.10576790893581925
16575,0.3617643181868578
16576,0.7055920394381651
16577,0.2248037655091263
16578,1.4325390339937554
16579,-0.13577616190245007
16580,-0.8562442424208317
16581,1.3105665284022232
16582,0.03727987460539917
16583,0.3269730687219599
16584,0.3001649478956986
16585,-0.06536277956791811
16586,0.06614830192494742
16587,-0.3372605004284316
16588,-0.5966347861844875
16589,-0.2201208793000201
16590,0.08121703564485637
16591,0.003645938322093301
16592,-1.0150674350020974
16593,0.3360792129586317
16594,-0.3114752904279529
16595,0.22876566990110161
16596,0.016371407911111906
16597,-0.46334206325316457
16598,-0.8681836784638263
16599,0.26760774234605944
16600,0.23722175346991914
16601,0.30367060511297367
16602,-0.06327190116832503
16603,0.04120079013294554
16604,0.2605011126087793
16605,-0.01603274801961651
16606,-0.3513221496526638
16607,-0.5058907740655743
16608,-0.4853055882177153
16609,-0.29697807069849363
16610,0.26844075836019526
16611,-0.270281471748927
16612,-0.42532374392689015
16613,0.2665809870765609
16614,-0.019364471947664667
16615,0.09616778002018098
16616,-0.5082926420307693
16617,0.10170712035493006
16618,0.11803959683377209
16619,0.17137285252297493
16620,-0.9035243353204316
16621,-0.006726542407746816
16622,-0.11871437947779583
16623,-0.5235246215334899
16624,-0.8696137260754144
16625,-1.3634503718397397
16626,0.058004435246332864
16627,-0.4715446865201564
16628,-0.971286176168158
16629,0.19910264611646825
16630,0.34246373830363935
16631,-0.6447944166250602
16632,0.7849551358164301
16633,-0.7831923801055165
16634,0.12897857497456044
16635,-0.7862132136815193
16636,-0.13063136933525885
16637,-0.9366357946809342
16638,0.3193590995510184
16639,0.12253123695963992
16640,-0.6254746691078991
16641,0.10607293890943145
16642,0.1241310125364156
16643,0.09854139731483119
16644,-0.64545849504192
16645,0.5579688270021836
16646,-0.9564846560122985
16647,-0.1577993768298615
16648,-1.1094121200485156
16649,-0.0573962475146965
16650,-0.9962498002109086
16651,-0.17958166216477756
16652,0.32969250922570825
16653,-1.0329329569415588
16654,-0.030475074800578865
16655,0.11673147810090777
16656,-0.18637681858198443
16657,0.39530096114905916
16658,0.01895345718839347
16659,0.2621315506555671
16660,-0.5336369242351293
16661,-0.807440195118704
16662,-0.07348565471159851
16663,-1.0276932520917834
16664,-0.3363629818172897
16665,-0.8892993039135147
16666,-0.2657959373351369
16667,0.22912826710149622
16668,-0.8952674129309773
16669,0.11622476661035475
16670,0.1213799400919248
16671,-0.7782968653837681
16672,0.005614825855482305
16673,0.28621569258412777
16674,-0.8246852682646199
16675,-0.3903549518767708
16676,-0.544483134604563
16677,-0.2745017925503078
16678,0.03233809300328473
16679,0.23195375567357093
16680,0.8556539370960775
16681,-0.39614648501889593
16682,0.0718016670142406
16683,-0.12256864187772343
16684,0.3069773174521438
16685,-0.06102705592451379
16686,-0.6898620853200217
16687,0.39363166979856473
16688,-0.9944679289221975
16689,0.4081955466353961
16690,-0.33056324295857875
16691,0.02091614817392034
16692,0.0827906354944416
16693,-0.16621392385095976
16694,0.1265096709873099
16695,0.1876962382170309
16696,0.7579397608593145
16697,-0.19251100395489937
16698,-0.04114743117081263
16699,-0.10584352302279505
16700,-0.13349884478170082
16701,-0.5364952010450464
16702,-0.2200057285856667
16703,0.17542255651831817
16704,0.596294814796607
16705,-1.1119997858513404
16706,-0.11420549392417628
16707,-0.1536212631285223
16708,0.34047389193746785
16709,-0.3454602830175207
16710,-1.1367588842737204
16711,0.2543536483567532
16712,0.27462447899857084
16713,-0.22022948803076522
16714,-1.030057176368775
16715,0.1321130549986499
16716,-0.9284922728029263
16717,-0.26783772552394675
16718,0.23927970657378644
16719,-0.8658811175264887
16720,0.18556038960269017
16721,0.3772371118679173
16722,0.6220085503155335
16723,-0.2814545272050236
16724,2.008446933695855
16725,-0.08200194985220735
16726,0.33205881578195273
16727,0.2588272844192189
16728,-0.9514754768327343
16729,-0.16223488903744573
16730,-0.289564622592217
16731,0.7572982868757407
16732,-0.10208517628193259
16733,-0.4495880577181284
16734,0.3698196183438142
16735,-0.5489772520636524
16736,2.1360933377149585
16737,-0.7967886818081606
16738,-0.15303695711302434
16739,-0.9020212403096985
16740,-0.18215423282527568
16741,0.39783594020518387
16742,0.35146094925107535
16743,-0.7118237801542826
16744,1.9279711576087666
16745,0.3614432460176473
16746,0.421667609769382
16747,-0.2730514258520307
16748,-1.0274891492588776
16749,-0.058994987592353464
16750,-0.07298848733077834
16751,-1.5960057809956731
16752,-0.047552539163509225
16753,0.2678496844028604
16754,0.1879490771087408
16755,-0.07661170869086645
16756,-0.8536341429033694
16757,0.014862285891353563
16758,-0.6866906013955153
16759,0.502133785396892
16760,-0.08354605228149847
16761,-0.943618166610318
16762,0.7131886955341957
16763,1.0866827320205608
16764,0.6574755652337135
16765,0.13776749944812083
16766,0.2603619959149557
16767,0.3390360035905588
16768,0.22166743755247242
16769,0.1510115170773905
16770,-1.0253445084175237
16771,0.24704538855701708
16772,-2.0299431842918936
16773,0.20816669320071166
16774,1.7488997032562117
16775,-0.9001756994392648
16776,-0.30357804650107995
16777,0.35375469613738225
16778,0.25651341395119404
16779,-0.1455285075838579
16780,-0.09930618856343851
16781,0.662288508464912
16782,0.3853265031206118
16783,0.5678440919882312
16784,-0.7849712836536629
16785,0.29387272652870094
16786,-0.2792864760982617
16787,-0.1037439825100355
16788,0.40128862979263663
16789,-0.13162778037257866
16790,-1.0401425913148503
16791,0.4558164159103311
16792,0.12196526198148425
16793,-1.470307096757743
16794,0.02095518198506711
16795,-1.249548884123682
16796,0.3458685551293546
16797,-0.32929841145512906
16798,-0.15976323855034943
16799,-1.1216291449732556
16800,0.5942181259390336
16801,0.00791633912431558
16802,-0.2787436294043268
16803,0.12411018915181052
16804,-1.0877470193650338
16805,1.1818034796174584
16806,-0.956535479458402
16807,0.4355166563819798
16808,-2.637185102838497
16809,0.07461716613140186
16810,-1.0568787823974533
16811,0.6760386052933158
16812,-0.38438582720102715
16813,0.22481570382429042
16814,-0.4529758377963584
16815,-0.15641104558930083
16816,0.3255626214829579
16817,0.2560147783469714
16818,-0.24950121209125026
16819,0.5351565694441951
16820,1.001022346035799
16821,0.3210348833220903
16822,0.27158070737468726
16823,-0.11230775463007324
16824,-2.055110461568809
16825,0.28347818469295355
16826,-0.02920255178932455
16827,0.5071785897319931
16828,-2.531718337088308
16829,-0.02049403548263272
16830,0.5374397115652075
16831,0.5177260449610733
16832,-0.6766835439479099
16833,-0.221034828126017
16834,0.5229112313022439
16835,-0.2523286717201782
16836,0.34890806491314497
16837,0.10527970507497458
16838,-0.9614658100727175
16839,0.4631074881658571
16840,-0.2031650182359014
16841,-0.16050571713685122
16842,-0.15233930086067551
16843,-0.08863251316283412
16844,0.10110822163599496
16845,0.10147457866677446
16846,0.7899255058351503
16847,-0.0051268641836056
16848,-0.26002979981154073
16849,-1.7776912001053833
16850,-0.13717794307067488
16851,-0.5437993118472721
16852,0.8484610142121388
16853,-0.11905608524309493
16854,-0.6811119536715655
16855,1.982070005174848
16856,-0.9119851137914868
16857,-0.1424951739219146
16858,2.073325048010247
16859,-1.2005906199496317
16860,-0.6998068824357859
16861,2.106744655543095
16862,-1.3204318708171754
16863,-0.31570423588282115
16864,0.30254936219264306
16865,0.6963652495953656
16866,-0.40166507709636806
16867,0.7042722195989547
16868,2.2203661724073314
16869,0.4782230149747611
16870,0.2334494343087322
16871,0.4787645570897286
16872,0.29314663795396934
16873,0.8762071875821509
16874,0.4763404843283863
16875,-0.9272093710994425
16876,0.8566769971612592
16877,0.5122380725716608
16878,0.12214282341240286
16879,1.005626110158269
16880,0.4565590844080277
16881,-0.16658350961498425
16882,0.12928247550135769
16883,0.6381320860457583
16884,-0.1651717294257755
16885,-0.7268113239093407
16886,-0.07343049060488455
16887,0.38070415969961613
16888,-1.8717132008710682
16889,-0.07165513059058176
16890,0.2795284793814636
16891,-0.2138717244708268
16892,-0.33272286681150803
16893,0.8221097286780796
16894,-1.0607428242389223
16895,-0.7228839295722843
16896,-0.25575182457479456
16897,0.34578781699715944
16898,-1.0075325287955834
16899,0.08621031730896474
16900,-0.1368221489865264
16901,-0.05554727635683015
16902,-0.16143987686108058
16903,-0.8873582872075664
16904,0.19957703499314558
16905,-0.1481011559474276
16906,-0.010353354093958867
16907,0.7549838539066929
16908,-0.8857768027050529
16909,0.6562419608210652
16910,1.5598884979181036
16911,-0.07236847401450616
16912,1.9779459751813215
16913,-0.8817662726008691
16914,-0.17990459446093163
16915,-0.18549605665301416
16916,-0.25960314171149995
16917,-0.29587388554813293
16918,1.633305243044199
16919,-0.910166874780568
16920,-0.06328935986719221
16921,-0.045981518034115924
16922,0.2529807709818978
16923,-0.23336086067999365
16924,-0.40582371714861365
16925,-0.22508470025280053
16926,-0.8322802110876809
16927,-0.22757190690379658
16928,0.3454170836140832
16929,0.295092417924706
16930,0.5538788842095892
16931,0.3166396632592684
16932,-0.06701718980728202
16933,-0.08021053405181355
16934,-0.08512365847755049
16935,0.18159298207876676
16936,0.4875441271504634
16937,-0.48820010822592275
16938,0.2540057381019544
16939,0.4707798889398478
16940,0.28636992993365656
16941,-0.438016139440809
16942,-0.8458994381720839
16943,0.20738867482488935
16944,0.1442958186843136
16945,-0.41822245626890653
16946,-0.6370967161860164
16947,-0.11836113767175122
16948,-0.1802377273343319
16949,-0.5036349972740545
16950,0.2790866196796941
16951,-0.17319792755656427
16952,0.4961396729699663
16953,0.22667912555234562
16954,-1.776181382346377
16955,-0.40141376248333827
16956,-0.2795095888795266
16957,0.3047850817524008
16958,-0.1333488447817008
16959,0.06978768471492432
16960,0.5170375160851849
16961,0.45651803591073375
16962,0.09582657185557761
16963,-0.1221474884093876
16964,0.2505367039483956
16965,-0.27494678114536264
16966,-0.06783399562290433
16967,0.2943128215404904
16968,-0.601737522769772
16969,-0.20222166192681565
16970,0.5603339281235553
16971,-0.08070401670286668
16972,-0.43902432898272026
16973,0.2800748829880091
16974,0.05296879467153866
16975,0.06141705723729134
16976,-0.08953754042628323
16977,-0.18573305948260077
16978,-0.0754021038196909
16979,0.005528504800696591
16980,-0.3205040199953219
16981,-0.07462572470523136
16982,-1.1691553922217957
16983,0.010418020118395084
16984,0.23948148412478168
16985,0.18242273350902802
16986,-0.29963288209517275
16987,0.18688342725484813
16988,-0.22939338348392108
16989,0.1256943083035633
16990,0.20915242149935484
16991,0.017579189742509795
16992,0.10231014409887634
16993,-0.43123027370984784
16994,0.07278817169775988
16995,-0.7257735364313649
16996,0.27161215534576205
16997,0.5242986427139859
16998,-0.7213203273731469
16999,-0.8580123347202282
17000,0.0285739038181887
17001,-0.613887105856103
17002,0.0014570578430575722
17003,-0.49091710383444037
17004,0.15428722794973887
17005,0.04759610674664079
17006,0.05679749856451525
17007,-1.008300747829063
17008,-0.7553572575154787
17009,-0.19929967642327887
17010,-1.2030280014236083
17011,0.39427382174703585
17012,-0.9544366404468351
17013,0.13684155985740248
17014,-0.06898530648647498
17015,-1.146929851381002
17016,0.007293087122332595
17017,-1.072327478217088
17018,0.35823922498437005
17019,-0.5725964296523803
17020,0.17997212244954536
17021,-0.3058981349605939
17022,0.18495107351154652
17023,0.21327772034692155
17024,-0.3125244069692548
17025,-0.30542201215181636
17026,-0.4269280615348052
17027,-0.33973999594950366
17028,-0.4146619473046569
17029,-0.04179621370607225
17030,-0.4053014406920812
17031,-0.5100070862734687
17032,-0.4458654078204052
17033,0.22472476736568406
17034,0.20763770288151265
17035,0.4970532088684752
17036,-0.4751519393928302
17037,0.21473342635263673
17038,0.16660580677480732
17039,0.24076937787466493
17040,-0.10317998096116775
17041,0.25329911257330295
17042,0.018544616577471192
17043,0.1349274127173165
17044,0.12018603541224614
17045,0.09384487607784038
17046,-0.9333728557886984
17047,0.07729229568724397
17048,-1.0643676658730068
17049,-0.2646869634949905
17050,0.1607236626433424
17051,-1.0479044535462867
17052,-0.46909807420805527
17053,-0.7131190100469954
17054,-1.3240004066321032
17055,-1.124826761272367
17056,-0.10129754963724873
17057,-0.9261038148791461
17058,0.08439990376849409
17059,0.5142080709664621
17060,0.5502134236506647
17061,0.02951532220827877
17062,0.37119193683175083
17063,0.12192498010300491
17064,1.0569931734991787
17065,-1.4889093789315835
17066,-0.09267716420140866
17067,-0.7612271216184946
17068,0.03403298376729897
17069,-0.1040535980032177
17070,-1.0860773135066688
17071,0.012462388247487645
17072,-1.2605265208532817
17073,0.16403600314295758
17074,0.5119787847363247
17075,0.13012945982010993
17076,-0.3023530946818332
17077,-0.7731385172762265
17078,0.120412360229182
17079,-0.5998301298190181
17080,-0.2213958961517196
17081,-0.01952957908156467
17082,-0.7484671853829091
17083,-0.4125476938107596
17084,-1.8870630007089306
17085,-0.6878478214390911
17086,-0.3674406782846714
17087,0.027350851595879463
17088,-1.6045851923566488
17089,-0.36673203768302476
17090,0.30182226153060454
17091,-0.36985459850338437
17092,-1.785944387811792
17093,-0.20520504328009848
17094,-0.13662570559040113
17095,0.9400776818397053
17096,-0.37049549807966864
17097,0.0349756800115415
17098,0.06510928988420121
17099,0.8842320435771317
17100,0.6263332437833162
17101,-0.1754574009052978
17102,1.3836214762820926
17103,-0.6505829223429191
17104,-0.3571619797374153
17105,-0.13570191758663813
17106,-1.5663315822926165
17107,-0.03722934161880953
17108,0.1796050652149913
17109,-0.11625305333890111
17110,-0.05537773433740092
17111,-0.03561990731513691
17112,-0.21005648829176404
17113,0.4353345282180743
17114,0.26913615873480207
17115,-0.3668477120246102
17116,-1.5203975410573622
17117,-0.07313302609927866
17118,0.4352582803866555
17119,-0.45024014764927206
17120,-1.431794256597502
17121,-0.22352370509932512
17122,0.3037982490517097
17123,0.011368982322893592
17124,-0.377321062213519
17125,-0.08364074603133091
17126,-1.025089243986376
17127,-0.1717994758088681
17128,-0.24919369608050818
17129,0.1907892035790774
17130,-0.37482795498272764
17131,-0.16820018936616418
17132,0.131580415508849
17133,0.27497496934027443
17134,-0.2526599746462082
17135,-1.8080801198393972
17136,-0.20689108728861091
17137,0.55316247548332
17138,-0.10987614930332258
17139,0.12036011970859845
17140,-0.5963813579151167
17141,0.9806696332054498
17142,0.2856531232137693
17143,-0.21220777510406388
17144,0.06266339712115802
17145,-1.1147763995436355
17146,-0.15160157741831531
17147,0.100371073998435
17148,0.18103126036016465
17149,0.12324690734839014
17150,-0.7213828411058245
17151,0.5160383429746039
17152,0.6525010917071524
17153,0.17140388837920026
17154,0.9913024613610979
17155,0.1629273300543708
17156,-0.488712745320403
17157,-0.1494866881655938
17158,0.24851088239903116
17159,0.48774400609991864
17160,0.38871995965833706
17161,0.2490078953364083
17162,0.5573739926416812
17163,0.21875121863842112
17164,-0.28465666566578146
17165,1.96273888563817
17166,0.2682581367148884
17167,-1.090300420986083
17168,-0.2261685312434018
17169,0.23262588105327964
17170,-0.09301668197502601
17171,2.0577402052798375
17172,0.07721529568130073
17173,0.11412452526377734
17174,1.827178812345816
17175,0.04028947863723805
17176,0.09840742340435939
17177,-0.49309408207545574
17178,1.8797210569928913
17179,-0.906415529836388
17180,0.28049156686684823
17181,0.29179849679863185
17182,-1.2207706408849242
17183,-0.09269620573814787
17184,-0.24902800570284722
17185,-0.1312893826017328
17186,-0.566447546721706
17187,0.21774450911488558
17188,-0.0320172577631977
17189,-0.7776293101891111
17190,0.2569801573040088
17191,0.17615004470627135
17192,0.26562906122000257
17193,-0.5908680086683236
17194,0.10403444984219189
17195,0.4877825780850483
17196,-0.6118671215763712
17197,2.2915076030935295
17198,0.3895179978004891
17199,0.4827765661866207
17200,-2.479031739308469
17201,0.06514620128289372
17202,-2.1559865976715455
17203,0.23463785786455418
17204,-0.3203139780089856
17205,-1.4786039058571894
17206,-0.0662282880596275
17207,-0.28777664883735404
17208,0.38824458132579026
17209,-0.3050498229134339
17210,0.5052008024073177
17211,0.21744982863787787
17212,0.27099798055182617
17213,0.1913909378648969
17214,0.1995847513500556
17215,0.059229418539440276
17216,0.6497902074526645
17217,0.17922525656926216
17218,0.8999434199771521
17219,0.18224658508403996
17220,0.23312666181626665
17221,0.25716577825214043
17222,0.5049787125868229
17223,0.2013995270268177
17224,-0.2649726588683232
17225,-0.9649363175462444
17226,0.725419613834604
17227,-0.12798448285186226
17228,-0.4086766549590934
17229,-0.41494232681604376
17230,0.5037676840972645
17231,-0.4530655007358553
17232,0.4239235593872937
17233,0.24598237327506184
17234,-0.91068928876799
17235,-0.3101035093998693
17236,0.4295984962882166
17237,-0.41757598777576693
17238,-0.17054732860255586
17239,-0.824553325937979
17240,0.6964334256735693
17241,-0.2695337434772217
17242,-1.2202535287316851
17243,-0.25879123092978024
17244,0.26992660471747026
17245,-0.5262869017195067
17246,-1.0600475770416693
17247,0.32052338745911124
17248,-0.9292144781484148
17249,0.48390160849105057
17250,-0.3527051682675298
17251,0.07798144800906515
17252,-0.2423332837240121
17253,0.16491273090749514
17254,0.2739961908726701
17255,-0.3249958760489455
17256,-0.29719820815703657
17257,0.1730419807737231
17258,0.21382361126568933
17259,-1.140981233816052
17260,0.38516839277210374
17261,0.43561206474973946
17262,-0.3787889750305127
17263,0.34767761049335294
17264,0.028729047878678266
17265,-1.0749053213370858
17266,0.4372159614357701
17267,-0.23440809104020727
17268,-0.6702476527746426
17269,0.4699016426803609
17270,0.3708183910068945
17271,0.6666428814958959
17272,-0.13259930405314704
17273,-0.6916161470431793
17274,0.6446945779794933
17275,-0.36051184783821855
17276,0.16723855137110383
17277,-1.0105884498968543
17278,0.6146695599566544
17279,-0.31775554376278714
17280,0.6575765963005105
17281,-0.17930892398653298
17282,-0.1743000799395008
17283,0.08871151976915147
17284,-0.09225796071488089
17285,-0.15684558573788218
17286,0.3241987178617937
17287,-2.518346962575592
17288,0.38856881040343094
17289,-0.010745842473828284
17290,0.2751932325690935
17291,1.9869195317732977
17292,0.4052762022436487
17293,-0.15021610773679075
17294,-0.6800857525264162
17295,2.0465848218967517
17296,-0.9702642947812209
17297,0.20549836690027418
17298,2.0157524306994286
17299,0.4632848685810373
17300,-0.07559503721758586
17301,-0.6601857009635635
17302,0.7619693690752178
17303,0.2750441482223268
17304,-0.017176567977118952
17305,-0.179682759011168
17306,0.2349988861726229
17307,0.03722431455735511
17308,-0.47370859394490245
17309,0.32168893684958805
17310,-0.22140298269372768
17311,0.6067197338527727
17312,-0.07984007920478312
17313,0.16448795004261604
17314,-2.545259059602703
17315,0.47302585187451246
17316,2.3310388398207116
17317,0.5908178456843133
17318,0.7239636285391792
17319,-0.3178413189242754
17320,-0.19551541552645121
17321,-2.2008011805037775
17322,1.4588272629953598
17323,-0.18450399698216233
17324,0.07400840290979793
17325,1.1265298645980735
17326,0.31869048314002973
17327,0.8705525473632443
17328,-0.5786681194016154
17329,-0.35988489566606174
17330,-0.6566730035542229
17331,2.0286353733902946
17332,-1.0460165456805814
17333,0.40003801851141885
17334,0.19896032538030167
17335,0.11227423569588382
17336,-0.13891499975709995
17337,-0.42341556874711517
17338,-2.1807890076057985
17339,-0.07573495461090628
17340,-0.653648846120704
17341,-1.9906317710359853
17342,0.011234446490749436
17343,0.8119136697039694
17344,-0.3200034165240896
17345,-0.16483270472870765
17346,-0.3957366561031684
17347,-0.18626498699153268
17348,0.4286426994276057
17349,-0.18097127167679436
17350,0.7070740742479166
17351,0.6240249698895509
17352,-1.0465056322372395
17353,0.5348159428842211
17354,-0.09032393149269896
17355,-0.32014458698166887
17356,0.6148723782041398
17357,0.35493932416562285
17358,-0.33677098893444907
17359,-0.21184093966644957
17360,-0.4305434063398736
17361,-0.04351957454377157
17362,-0.45678493998814923
17363,-0.5220471606864567
17364,-0.15445809824490572
17365,-0.24259366232094265
17366,0.1041072076591392
17367,-0.4605979170653362
17368,0.025154892152015194
17369,-0.6616014370396052
17370,0.13520097878403414
17371,-0.4890891239300376
17372,0.11957433978279453
17373,-0.9460074989691727
17374,-0.1705856046518879
17375,-0.6584764804481014
17376,-1.0735625106442268
17377,-0.5484855828312085
17378,-0.682691692854658
17379,-1.0388592951533453
17380,-0.2500620471624205
17381,-0.6956542702280558
17382,-0.33914749027384306
17383,-0.35945849055783924
17384,-0.5681312657453549
17385,-0.2449659220005802
17386,-0.12100798919880464
17387,-0.5986061538839188
17388,-0.2563730298008156
17389,-0.5051865939136578
17390,0.031357116435089726
17391,0.06912284108093189
17392,0.42791121385103703
17393,0.1513005128210753
17394,-0.2817491643810428
17395,-0.2977065311523068
17396,0.14447251767071662
17397,0.1535169630375255
17398,0.01803650919474405
17399,-1.4302393117252536
17400,-0.10746096255109464
17401,-0.19324062840994805
17402,-0.8412253493670209
17403,-0.4640756918985373
17404,-0.26200235781356945
17405,0.7827104536347327
17406,-0.6800435657719103
17407,2.150836244458352
17408,0.373327316022337
17409,0.09483013639007164
17410,-0.6793179208694473
17411,2.0562168440011472
17412,0.5030532402037204
17413,-0.9241359185558378
17414,-0.14852110522248116
17415,-0.26849992483694446
17416,-0.1902868793818117
17417,-0.8120599728969895
17418,0.5997535940591964
17419,-0.9894353135207195
17420,0.5154628067895906
17421,-0.40550216957417334
17422,0.24349314939384836
17423,-0.7935614477886835
17424,0.2482994863614699
17425,-0.9503378856309337
17426,0.5782634749133684
17427,-0.9666349211812096
17428,0.9140753781150077
17429,0.18961040617169428
17430,-0.04120761899520903
17431,-1.0498382782639086
17432,0.39124500778421806
17433,-0.9482580767594778
17434,0.2773854496939416
17435,-0.9788518372340889
17436,0.3943149407714443
17437,0.5199204413809714
17438,0.4103814979335556
17439,0.5253559750769562
17440,-0.3334995304263584
17441,-1.0399202648720727
17442,-0.16653014751915798
17443,-0.10803631215071527
17444,2.061218005638399
17445,-0.9832779409520769
17446,-0.1679014540650982
17447,-0.6487444391087309
17448,-0.37773670814779065
17449,-0.19551199170810848
17450,1.9097065708480923
17451,-0.9928370475778581
17452,-0.06750506365288522
17453,-0.7222213675428175
17454,2.090619014618081
17455,-1.1149791815537022
17456,-0.0637065429657007
17457,-1.0248139808810983
17458,2.0951867173551846
17459,-1.247167528781069
17460,-0.7176802464925534
17461,-0.14572477670928166
17462,-0.32807513717964065
17463,-0.15230652996992403
17464,-0.8799582608722359
17465,-0.3320435040649689
17466,-0.22190919742836449
17467,-0.3119367441318528
17468,-0.5657589170158149
17469,-0.3997675841943447
17470,0.15097596937265362
17471,0.11183109956993874
17472,-0.12681742145851965
17473,0.6542533013237751
17474,0.2803449070937412
17475,-0.1546266833817763
17476,0.06114011408379625
17477,0.0863387519178757
17478,-0.9051311757287352
17479,-0.29509706030013205
17480,0.16771984863580167
17481,1.7314156482432554
17482,-1.4374547972464995
17483,-0.24543001887949664
17484,-0.2869796417092594
17485,-0.22894488641415434
17486,0.2612300928207713
17487,-0.2317796931689125
17488,0.05429577320649793
17489,-0.815141157847034
17490,0.042491305294686386
17491,-1.0478565060836809
17492,0.10338648857978634
17493,-0.014798908285819506
17494,0.7661678670606679
17495,-0.4449006149700573
17496,-0.5857587198022873
17497,-0.27218893104367947
17498,0.02783219973793554
17499,-0.396935339184555
17500,-0.5782012033878176
17501,-0.1895071702642049
17502,0.17741474866351392
17503,0.11534389568754738
17504,-0.06293035202450753
17505,-0.4200514872470154
17506,-0.5457222312625265
17507,-0.28391317067794747
17508,-0.07278570557371168
17509,-0.39322963353076235
17510,-0.6835985917295659
17511,-0.41355254699246474
17512,-0.07322807990110039
17513,-0.4096467543403698
17514,-0.21451928565717618
17515,0.13313266616136005
17516,0.14807333357533314
17517,0.14276427448267973
17518,0.11640812048531379
17519,-0.6798795724229024
17520,0.13296455853984604
17521,0.15642965109192578
17522,-0.45898547350818775
17523,0.03456245611787081
17524,-0.5299369134634564
17525,0.13254048102801613
17526,-0.37090885273458984
17527,0.08623427737408776
17528,-0.5569292236192371
17529,0.12696202635749798
17530,-0.46983985496606767
17531,0.14256922718124904
17532,-0.5123933517629904
17533,0.12485845083897386
17534,-0.5520828469093711
17535,0.1343689412942579
17536,-0.7482970166937883
17537,0.11969677372346604
17538,-0.6575835750957618
17539,-0.3514427581220444
17540,-0.5885764495602118
17541,-0.3339651149673278
17542,0.15968821626116167
17543,-0.4138645298810042
17544,-0.5137797115799192
17545,-0.37758117980888933
17546,-0.11159585400769986
17547,-0.9641082011977827
17548,-0.07744375755598659
17549,-0.9049404941165246
17550,0.34178546824889605
17551,-0.9228935848881604
17552,-0.11483054930931892
17553,-0.7697134589235242
17554,0.3796220276009608
17555,-0.9243344824631919
17556,0.0806358653281598
17557,-0.7609737077610376
17558,0.308058615539542
17559,0.6993511827407985
17560,-0.22430765260595484
17561,0.6967964193529472
17562,-1.0310178868145097
17563,-0.2594324313554975
17564,-0.9072053890427797
17565,0.3729365460622662
17566,-0.17138394132581067
17567,0.10755103622295883
17568,-0.0745096369746613
17569,-0.1735149369283768
17570,0.07138031052309214
17571,0.0594201109121803
17572,-0.15477267078875775
17573,0.15290279113753724
17574,0.31734098915988634
17575,-0.07953567726486471
17576,-0.17779167644679572
17577,0.06598249643041278
17578,0.10711483229432237
17579,-0.0889342249734243
17580,-0.2671774040917013
17581,0.10734106935012303
17582,-0.19406403448966733
17583,0.11366117404045994
17584,0.1994351745483685
17585,-0.2538368214462496
17586,0.11663780871207743
17587,0.12736194318084024
17588,-0.04453265285268686
17589,-0.21083589286492008
17590,0.1054088945349209
17591,-0.1994508994067984
17592,-0.18205417152319495
17593,0.11549517233751451
17594,0.06403418196974332
17595,-0.13992982386733366
17596,-0.9273062186309665
17597,-0.12784235058239568
17598,0.7071199701582878
17599,-1.1616233791388078
17600,-0.1437317943278668
17601,0.8898874461953027
17602,-1.1709445686574682
17603,1.105633629971423
17604,-1.2740024270175705
17605,-0.6727341898302853
17606,0.8655282087562272
17607,-1.0243230049111562
17608,-0.9065482796980783
17609,0.5964028789031848
17610,-0.961344642688644
17611,-0.2262096792567545
17612,0.6994102161550868
17613,0.49262794986019764
17614,0.3822438615606031
17615,-0.4348879164524561
17616,1.7010173439180585
17617,0.3390272745016351
17618,0.24820146868885445
17619,-0.7042215662923006
17620,2.351547045425222
17621,0.5378555654864531
17622,1.7028288990233937
17623,-1.077994585138886
17624,0.5202204035989446
17625,-0.6569462258163142
17626,2.2994157455778788
17627,0.5015837047610815
17628,0.13882034871918164
17629,-0.5466636155944146
17630,2.233473809527406
17631,0.5354215271083979
17632,0.35958470369052703
17633,-0.8207332799883547
17634,2.166077936492701
17635,0.4067703722746633
17636,0.19962722832020555
17637,-0.7249204337852795
17638,2.2339291140455653
17639,0.41384670880562613
17640,0.09757536610441987
17641,-0.6371067224211795
17642,2.2548132725235277
17643,0.4644382827172051
17644,0.18848738816918711
17645,-0.3172348144276003
17646,0.20049831396636122
17647,0.2276748649050921
17648,0.19078731328971799
17649,0.15513361351592875
17650,0.26780170586115254
17651,-0.9502953161574018
17652,-1.0659842491092613
17653,0.3735695674889398
17654,-0.851775487376707
17655,0.5059773546056958
17656,-1.0707443473948188
17657,0.35627676775864797
17658,-0.9663746724484166
17659,0.5837442194110503
17660,-1.0566573388685425
17661,0.6436250576250878
17662,-1.0287015682683398
17663,0.38421373057871766
17664,-0.7733269901250868
17665,0.507516832109696
17666,-0.9666244430743667
17667,0.39131980272213707
17668,-0.9817379311068357
17669,0.5379951051314108
17670,-1.0207663308715211
17671,0.33141083946966715
17672,-0.9774571571372228
17673,0.5069552228805436
17674,-0.9821173061853818
17675,0.38613346718579106
17676,0.2954856896006315
17677,0.48259118978386656
17678,0.39304698473148025
17679,-0.4687231902234404
17680,0.22957527876969303
17681,0.48006936292828317
17682,0.2396726891722594
17683,-0.4687615092499844
17684,0.2860960804697384
17685,0.4216100685753533
17686,0.25581004573751215
17687,-0.4501814756407624
17688,0.35983995451685724
17689,0.27727553720226983
17690,0.18640421446109845
17691,-0.3509278635401484
17692,0.24258404248366203
17693,0.7779658323769426
17694,0.40321108320445287
17695,-0.5188993430499302
17696,0.31075780128013897
17697,0.4723888844049888
17698,0.47586646359260315
17699,-0.5155495426964076
17700,0.29408342793953646
17701,0.17987058412012702
17702,-0.5021785391141702
17703,0.5065524260629563
17704,1.1296235965353576
17705,-0.4532357912081919
17706,-0.010985892038251906
17707,0.2758128003998712
17708,0.21199296989467878
17709,-0.5141573792733457
17710,0.24503863508496093
17711,0.6106682819409934
17712,0.30052600467908763
17713,-0.6226488155437362
17714,-0.15708495348021972
17715,-0.49184130242532487
17716,1.9082019413794764
17717,-0.9449008987313652
17718,-0.11712481750222237
17719,-0.125192134243168
17720,1.5697008385043403
17721,-0.9520253176456094
17722,-0.12751633931464776
17723,-0.3925194617594551
17724,2.0509338455454316
17725,-1.4030272137135198
17726,-0.21822264215261142
17727,-0.5824672908139741
17728,2.049441702326749
17729,-1.384203652854305
17730,-0.12734801056737163
17731,-0.2373384993111251
17732,2.011528992463579
17733,-0.9254565289189925
17734,-0.14471602822879678
17735,-0.5953940615500692
17736,2.0618151120336097
17737,-0.8720951725951799
17738,-0.1341756442828564
17739,-0.657486783181488
17740,1.5593263461691207
17741,-1.4250545187990968
17742,0.14644261989499877
17743,0.2760776529589744
17744,0.10116969268394273
17745,0.38515091108726085
17746,0.3234002661583
17747,-0.8996571902913425
17748,0.2743390264433019
17749,0.1998792750796617
17750,0.08289562492681372
17751,0.6051644059260181
17752,0.5477906782975228
17753,-0.4329841500276968
17754,-0.6027487654454501
17755,-0.07617798813327509
17756,-0.11138025749539616
17757,-0.44355539759562446
17758,-0.5297896823025607
17759,-0.37782097468969167
17760,-0.11507597279681328
17761,-0.4397908126576107
17762,-0.9389440825735145
17763,-0.22392165623408863
17764,-0.11996915113477889
17765,-0.3865137646312172
17766,-0.6674138691250988
17767,-0.4324405168552784
17768,-0.08730351825613925
17769,-0.441084556024141
17770,-1.1565441129448029
17771,-0.09894440327807053
17772,-0.12525833060124136
17773,-0.3444102375591306
17774,-0.6726898590343022
17775,-0.04203255585481593
17776,-0.07336908988400148
17777,-0.3255888469777249
17778,-0.5255086827058378
17779,-0.1427456452989738
17780,-0.0789672648965486
17781,-0.31326718688258404
17782,-0.6365977230757492
17783,-0.2757003435492086
17784,-0.13567232496028966
17785,-0.4494374393903095
17786,-0.7462517215956237
17787,-0.13813699913643032
17788,-0.0637946230543167
17789,-0.4930168217417612
17790,0.11863586678905737
17791,-0.5063014329679728
17792,0.04528847364149285
17793,-0.4699131185325819
17794,0.11612639717112047
17795,-0.49022589309687825
17796,0.0765774997635918
17797,-0.5436521795955072
17798,0.08845062170167482
17799,-0.3998667680271609
17800,0.06311298839404707
17801,-0.5120492910706342
17802,0.08915125899981922
17803,-0.5397063004746281
17804,0.08343890335180337
17805,-0.4582749061394894
17806,0.048631175513832434
17807,-0.47000604836303617
17808,0.11952240805987956
17809,-0.5750290207633906
17810,0.12548785081759867
17811,-0.4807828988541515
17812,0.09854832113263502
17813,-0.3948271785876136
17814,0.47043446920779847
17815,-0.7014622001687645
17816,0.6516720621462128
17817,-0.5940936274040454
17818,0.2544242810893561
17819,0.07357160956422726
17820,-0.6897832096050596
17821,-0.034120699294410285
17822,-0.5051468507486662
17823,0.12996472144999033
17824,-0.5739847003935585
17825,0.08308426108170519
17826,0.16309375172265891
17827,-0.5240209311464942
17828,0.12840144526306405
17829,0.10310289407481778
17830,0.03350415604195735
17831,0.1435396635380646
17832,-0.9214248559411515
17833,-0.50329767753155
17834,-0.8230471160928714
17835,-1.0911076108277338
17836,-0.4059325996095256
17837,-0.810709775318032
17838,-0.805731383984356
17839,-0.5880715069948765
17840,-0.6556979836126976
17841,-1.029729330247953
17842,-0.19125888256519716
17843,-0.5350125106953213
17844,0.4217751626654682
17845,-0.980673820439576
17846,-0.4883412695100206
17847,-0.7263600362302725
17848,0.3692638023606556
17849,-0.9783306048802117
17850,-0.3154387411218408
17851,-0.8029074221667513
17852,0.39774496432832573
17853,-1.0269781171807246
17854,-0.3284043045060688
17855,-0.6467003451774426
17856,0.4766003334834229
17857,-1.4667397541800582
17858,-0.7181557394899931
17859,-0.4789400658779399
17860,0.3744333847775024
17861,-1.4437341722353072
17862,0.043263340241073873
17863,-0.6740333272152674
17864,0.4167135478602615
17865,-0.8569060552630823
17866,-0.33794650283356664
17867,-0.9896198855195545
17868,0.33255014869522426
17869,-0.9447726667603168
17870,-0.4278234827161728
17871,-0.816219148273187
17872,0.29640775570363603
17873,-0.9187520439976554
17874,-0.20833930605343223
17875,-0.6779951878917099
17876,0.28963813062638205
17877,-1.0590597640846389
17878,0.07031826824143023
17879,-0.8245012858134629
17880,0.38200243640779363
17881,-0.06925738722653173
17882,-0.0673141085091679
17883,-0.13810655858975945
17884,0.11564761831734899
17885,0.032759134051559835
17886,-0.039840350169845856
17887,-0.3170439772939444
17888,-0.5152010995310193
17889,0.05381235018554862
17890,-0.1007896863529488
17891,-0.23508677186018795
17892,-0.6075817904965872
17893,-0.41623055629970385
17894,-0.17701009777743526
17895,-0.23674332158683745
17896,-0.5149419609952196
17897,-0.44893424035063684
17898,-0.08289051687676152
17899,-0.3110899265702393
17900,-0.6890368679443757
17901,-0.5073981928870797
17902,-0.008064025707464575
17903,-0.04205791778646298
17904,0.19299926743615434
17905,0.10576090247751752
17906,-0.12992574862054132
17907,-0.21662726364527743
17908,0.10204181806721842
17909,0.18786132746866424
17910,-0.3010997401862585
17911,0.016895438757887484
17912,0.1492656853303389
17913,0.11719725739994545
17914,0.021673662534382628
17915,-0.23755888046593004
17916,0.12543178569559504
17917,0.12487890388158565
17918,-0.19706461220922955
17919,0.0759390930331674
17920,0.19356795373705263
17921,-0.05727705025289204
17922,-1.1192058861465723
17923,-0.3737584065385549
17924,-0.08093144584536968
17925,0.12822916292632752
17926,-0.3244687123732554
17927,-0.15902785628956903
17928,-1.0037603870361187
17929,-0.012787853182512776
17930,-0.271334627240969
17931,-0.9684580886710048
17932,0.22851493767452016
17933,-1.0078092878866958
17934,0.20773308763011175
17935,0.03109688644028526
17936,-1.4798596531118646
17937,-0.0028895355875924265
17938,-0.2299548425061845
17939,-1.1741297596165363
17940,-0.39684523234047153
17941,-0.31471540162209255
17942,0.3399025219415551
17943,0.3683089669363716
17944,-0.6523083459222017
17945,2.1320487045664995
17946,0.37778935197876773
17947,0.5120996955499231
17948,-0.5829740597201578
17949,1.8388504726065016
17950,0.46515005499330425
17951,0.3198852908310474
17952,-0.685673556676003
17953,2.1789992268523615
17954,0.3850722617124777
17955,0.5770060358873526
17956,-0.6484231914699178
17957,1.8816827174699626
17958,0.4840653830166623
17959,0.828247954565932
17960,-0.4353758900818178
17961,2.143618412431734
17962,0.3891564623823789
17963,0.6206182391848362
17964,-0.5785869371983821
17965,2.0420144374866087
17966,0.4065133719676046
17967,0.49493680208365975
17968,-0.41791828673326037
17969,1.972570757634647
17970,0.5676721649355121
17971,0.5502636657723339
17972,-0.762601754944277
17973,2.0988603324132997
17974,0.4331657964529293
17975,0.19583442943760906
17976,-0.08603311212510859
17977,-0.2844682870421137
17978,0.9181688944269583
17979,0.5460112683496288
17980,-0.8968022001936666
17981,0.4198339592571501
17982,-0.9952045435770248
17983,0.8592344986666646
17984,-1.1189952848355333
17985,-0.9891095030159336
17986,0.42089571616031357
17987,-0.9999997032547187
17988,0.35375897488044095
17989,-1.1729779006637002
17990,0.48392973528874766
17991,-1.0058361398852813
17992,-0.33444754301046237
17993,-0.24676990912601368
17994,-0.11033848925129876
17995,-0.7781710781861831
17996,0.2919323323981318
17997,-0.7791223505683962
17998,0.492974844632342
17999,-0.004331264179829905
18000,-0.012138739219917363
18001,0.20106253155239404
18002,-0.8638657604663909
18003,-0.6573905403799942
18004,0.31188243554136613
18005,-1.0863681517075021
18006,-1.0929315732870633
18007,-1.040637354269945
18008,1.4168420381940687
18009,-0.8587285817358051
18010,0.3761007406739972
18011,-0.9886842661189349
18012,0.7069952481586314
18013,0.2567282975015588
18014,0.26790326864167646
18015,0.1322842861235475
18016,-1.0282942425648804
18017,0.2705027908848811
18018,-2.289546900896126
18019,0.548603175532958
18020,-0.9910402620059033
18021,-0.10880506462830795
18022,-0.17959406767122224
18023,-0.1653609008176318
18024,-0.07748122107890326
18025,-0.05059281359868128
18026,-0.039268427988391766
18027,-0.40375426695250494
18028,-1.4332827973856213
18029,-1.1147274619607606
18030,0.3318458863288168
18031,0.530249803916536
18032,0.4550019334653797
18033,0.49888573690108956
18034,0.22497534880485276
18035,0.3727837635145953
18036,-0.7987702495620996
18037,0.5599612303081446
18038,-1.016866913728965
18039,0.36416292856676397
18040,0.5289549877507744
18041,0.6042552791379789
18042,0.5726874419206068
18043,-0.8861928671579096
18044,0.2819073944383472
18045,-0.82163474843225
18046,0.3570578535790779
18047,-0.9902036475874417
18048,0.40373098166021626
18049,-0.8270292668915113
18050,0.3295514716550652
18051,-1.2165054271496176
18052,0.2698441155972696
18053,-0.8393091491853396
18054,0.3178338879853111
18055,-0.9216918499906598
18056,0.37524159674099694
18057,-0.028047965961876527
18058,0.36716571202613957
18059,0.4251524306855623
18060,-0.3758194238412657
18061,0.2852132144601945
18062,0.6174463821987973
18063,0.12482663586451694
18064,-0.49379336204206964
18065,0.19295304720991632
18066,1.3122202561368168
18067,0.5310575442571236
18068,-0.39757505605923943
18069,0.3175415603447278
18070,0.9136184121304779
18071,0.5094608736063526
18072,-0.027624845457178374
18073,0.5310069617879843
18074,0.7954539966480363
18075,-0.29870949196991864
18076,-0.6486622773733848
18077,-1.081727957066295
18078,-0.1724977993304905
18079,-0.6950165674350995
18080,2.0242431350929304
18081,-1.4327402148688178
18082,-0.1059851713592706
18083,-0.21085846924684645
18084,1.9763637841532118
18085,-1.4317634010058553
18086,-0.19919230775221072
18087,-0.1671878404910069
18088,1.5369075143039446
18089,-0.8696611628989636
18090,-0.18740789728683505
18091,-0.652440137235847
18092,1.9777904799668606
18093,-1.3228829540073108
18094,-0.15671593809440318
18095,-0.14910006779741633
18096,1.9192140987225557
18097,-0.9594648914777593
18098,-0.07602256707594938
18099,-0.23309407169206278
18100,1.9789317560928685
18101,-1.358269249558458
18102,-0.13699156294290118
18103,-0.14148842996748306
18104,2.05389686555258
18105,-1.2571749725547745
18106,-0.11508156187467446
18107,-0.563509449993276
18108,2.0838494736067155
18109,-1.0033974710924711
18110,-0.15501304232644192
18111,-1.0669998339216813
18112,1.9900856575313315
18113,-0.8619717742875561
18114,-0.3691517353683701
18115,-0.16576678404826237
18116,2.0338775196914827
18117,-0.07767723592856546
18118,-0.08747331870508097
18119,1.9303029612046885
18120,-0.995053258703987
18121,-0.5713020432180482
18122,-0.16596369043481615
18123,2.05548450355569
18124,-0.5523768872901704
18125,-1.176657015147949
18126,-0.23686511584920403
18127,-0.24115383106474092
18128,-0.2340638832016875
18129,-1.0003105371680008
18130,-0.20246810601892692
18131,-0.3457051946769551
18132,-0.15932019192128302
18133,-0.937332926497994
18134,-0.16049556238804952
18135,-0.19193114646730192
18136,-0.400177168214459
18137,0.6953449934758705
18138,-0.3112163189931231
18139,0.146056102026513
18140,0.2461517030759992
18141,0.7703230119275691
18142,-0.32161855887114493
18143,-0.375928832838605
18144,-0.941894254634721
18145,0.39448523289129744
18146,-0.29765150927285466
18147,-0.9213588285465455
18148,0.6599426447539122
18149,-0.19520324697878416
18150,-0.9165489151954829
18151,0.5686159977191333
18152,-0.007841843896696473
18153,-1.001174457008921
18154,0.48006315295653407
18155,0.09439173352902507
18156,-0.7265546492405787
18157,0.48679521200450415
18158,0.14967355574536126
18159,-0.698646002460955
18160,0.07992246969152096
18161,-1.1257470372730278
18162,0.5158070439211023
18163,-0.14607133162375216
18164,-0.6348485423310973
18165,0.7224509454772432
18166,-0.26087984379928003
18167,0.12160541280651468
18168,0.14682384777670668
18169,-0.21946467449317242
18170,0.12295983191854076
18171,0.09202454939972146
18172,-0.23634163879189368
18173,0.06918499732561977
18174,0.3080414151364292
18175,-0.15394006399427868
18176,0.0752298517122486
18177,0.08974484168773722
18178,-0.1764847946090534
18179,0.0752161444366961
18180,0.12321525740459184
18181,-0.18268286288674743
18182,0.09081496326929615
18183,0.14159008602518525
18184,-0.03199224476271499
18185,0.496731327032694
18186,0.09553926247457298
18187,0.18110865296822334
18188,1.3158878233392672
18189,-0.09915170994689838
18190,0.12213665383626687
18191,0.8200555922903537
18192,-0.21831723972715172
18193,-1.2951331775668584
18194,0.2373239788829107
18195,-1.1755344614320422
18196,-0.06874747293368975
18197,0.05344905737906234
18198,-0.2332713219094665
18199,0.058804720677132376
18200,-0.22532885582252127
18201,0.2016783449305525
18202,-0.8044089551812362
18203,-0.2629650806040581
18204,-0.2708063151971133
18205,-0.20593266530108262
18206,-0.227492358446782
18207,-0.20003917102190266
18208,-0.19782692408005986
18209,-0.19103820866348462
18210,-0.2786995811311982
18211,-0.23894996412150157
18212,-0.11032579200391049
18213,-0.20802375434943518
18214,-0.13695319603634237
18215,-0.18168224791650317
18216,-0.2394778432395926
18217,-0.16365263950471867
18218,-0.4116689889173194
18219,-0.19846201890769774
18220,0.08361340688802849
18221,-0.3701752370751826
18222,-0.16544876972043787
18223,0.13542592857651398
18224,-1.441429589102475
18225,-0.18204893056319535
18226,-0.0029335948466740315
18227,-0.5837507907280177
18228,0.005822076779807442
18229,-0.12272420013787749
18230,-1.0168449348624762
18231,-0.07240337411094755
18232,-0.1531754571093209
18233,-0.873075497577625
18234,-0.2651526810222171
18235,0.061260323053513074
18236,-0.851329911721106
18237,-0.24531489442076732
18238,-0.15560237624713744
18239,0.19293108489316418
18240,0.015002515574490796
18241,0.5292444530256816
18242,-0.1570462021816114
18243,-0.18336344183391776
18244,0.045424839691921244
18245,-0.11218233243234338
18246,-0.19213479057956978
18247,0.6100502620951914
18248,-0.0031462392044071703
18249,0.5373568560264705
18250,-0.4119489691930824
18251,-0.6011367236325025
18252,-0.2740326286198236
18253,-0.16331610378701258
18254,-0.13415457477723172
18255,0.27510928384620187
18256,-0.4091523786942598
18257,-0.4530438300008112
18258,0.00847970494384629
18259,0.016314437287081072
18260,-0.43207975570028995
18261,-0.5405799598398499
18262,-0.40686503154242043
18263,-0.4263841159360102
18264,-0.4875190081408423
18265,0.13400713563896402
18266,-0.12435644357466467
18267,-0.4363863096326597
18268,-0.44506081501410555
18269,-0.0010907806286899553
18270,-0.11939862588078076
18271,-0.42524766010400517
18272,-0.6922453180058833
18273,-0.19406192608699432
18274,-0.11213180787602581
18275,-0.2738200268389333
18276,0.040413439169663314
18277,0.2997667518251488
18278,-0.08659343866355702
18279,0.04243277908229399
18280,0.10791803883632128
18281,-0.005515851722911523
18282,-0.044650183343869415
18283,-0.3230750459142838
18284,0.12782042142871133
18285,0.38417515167566996
18286,-0.2530666291072611
18287,-0.3433395267444452
18288,-1.421580676676011
18289,-0.06169608460038849
18290,-0.332962546073202
18291,-1.2939079518246461
18292,-0.19251740276092993
18293,-0.053925927234518396
18294,-0.42554354452832943
18295,-0.7681827517546808
18296,-0.3706348995525854
18297,-0.1138472363532144
18298,-0.3152341191175526
18299,-0.6365977230757492
18300,-0.2415137690876012
18301,-0.11359031115613216
18302,-0.40513756800075673
18303,-0.6137364655614039
18304,-0.43841200033845507
18305,-0.13311056828447618
18306,-0.0641759087470579
18307,0.11598977637265159
18308,-0.08005472828595242
18309,-0.08075217902465412
18310,-0.3760307581302989
18311,-0.49996119397495836
18312,-0.2949514050117124
18313,-0.09445277221960903
18314,-0.21137977483224119
18315,0.10560044770096709
18316,0.061083780449957575
18317,-0.40690474201009674
18318,-0.19254302142329538
18319,0.10645352696130234
18320,-0.4053190277243824
18321,0.1295465579949651
18322,0.05506204158465275
18323,0.1176106357657073
18324,0.1342401221903223
18325,0.1321816619865237
18326,0.27171746186226614
18327,0.10084857334775231
18328,0.10917927516275842
18329,-0.6082789889289429
18330,0.11009363239508414
18331,-0.6174535363479013
18332,0.1435060829957486
18333,-0.7102490710897231
18334,0.12942972672633657
18335,-0.7460398175762004
18336,0.4889930539245953
18337,-0.5758642833864386
18338,0.13249745146020792
18339,-0.9646119788568469
18340,0.045428893104556986
18341,-1.0549706586150125
18342,0.1279297267263365
18343,-0.8120463548033717
18344,0.6135971113967845
18345,-1.0117255681124904
18346,0.2528210779709353
18347,-1.101668241081779
18348,0.08404698556305581
18349,-1.2137177302505366
18350,0.0790020272448153
18351,-0.9086108799944825
18352,0.14048416372263384
18353,-0.3459903662460036
18354,0.4920752275507385
18355,-0.4109490274635714
18356,0.592692058369784
18357,-0.653970580732686
18358,0.112246500820617
18359,-0.7063291590086735
18360,0.1292897862388076
18361,0.1300636594244455
18362,-0.4039870694648536
18363,0.13217966584503146
18364,-0.6483772227807097
18365,0.08836230711372964
18366,-0.5947366213873126
18367,0.11093108484810446
18368,-0.6914691508730728
18369,0.12400490444921998
18370,-0.6336461092767314
18371,0.12256593187447781
18372,-0.44046826957214075
18373,0.09350480197781103
18374,-0.7056390596507742
18375,-0.15976119211529372
18376,-0.1363843774790885
18377,-0.1657770109341739
18378,-1.0744670860685104
18379,-0.4026878717689913
18380,0.399118350043542
18381,-0.3956927335250034
18382,-0.6619325758915936
18383,-0.5226573345250268
18384,0.35556436886207154
18385,-0.3950966585603641
18386,-0.5329195323690308
18387,-0.42571735233170666
18388,0.3800288823469922
18389,-0.3191868344368015
18390,-0.7796916763715694
18391,-0.45919791318485126
18392,0.29862250219849956
18393,-0.4936991257671593
18394,-1.3934734185066704
18395,-0.49222601448335224
18396,0.5293142084898969
18397,-0.3215300158284482
18398,-0.710821048558895
18399,-0.2789633187719264
18400,0.46168595960744047
18401,-0.14240153270285655
18402,-0.5418553796233011
18403,-0.43619380320412005
18404,0.3944508570823475
18405,-0.9416349326088596
18406,-0.3777008372620371
18407,-0.904375691108327
18408,0.3817485709576254
18409,-1.3030508082051637
18410,-0.15850462093721523
18411,-0.7415735202028229
18412,0.4962735027771007
18413,-0.9069926253211824
18414,-0.4141468733986658
18415,-0.7904785708186334
18416,0.5189949808543214
18417,-1.153061246556794
18418,-0.08116154129824744
18419,-0.725794017212375
18420,0.5166744773834989
18421,-1.0636341076165208
18422,-0.11846900970340372
18423,-0.8394221929505462
18424,0.4477561799671131
18425,-0.8433129930967459
18426,-0.2414643496458834
18427,-0.842168268699998
18428,0.5900433025857915
18429,-1.0139763332786706
18430,-0.11228528974294728
18431,-0.8134216130545798
18432,0.43918311942728483
18433,-1.0381403337723552
18434,-0.21455171408685622
18435,-0.6274224954717982
18436,0.40209483977919214
18437,-1.1691877481484958
18438,-0.20027272168586968
18439,-0.8689862538384082
18440,0.3800637462345836
18441,0.6096774406948358
18442,0.9116559592110425
18443,0.04331915110917274
18444,0.4574817332606125
18445,0.42554945840673486
18446,0.8874180486796245
18447,0.5371589764314059
18448,0.948228444260441
18449,0.23943366802174706
18450,0.8448648512280396
18451,0.876646628419974
18452,0.18769145399218526
18453,0.9198872590363921
18454,-1.47391302169834
18455,0.3520440381524262
18456,-1.667867590832622
18457,-0.3109198085895356
18458,-1.2523606108707563
18459,0.3247518584790391
18460,-1.2107280799270046
18461,-0.5440380208455322
18462,-0.7472154726885176
18463,0.41652650574472094
18464,-0.8829742638152793
18465,-0.2606200417038472
18466,-0.6631450005992329
18467,0.6434132142160656
18468,-0.9488999458880093
18469,-0.19415973414650659
18470,-0.948558319740636
18471,0.45765232676891854
18472,-0.9728173747476352
18473,-0.18878826560165388
18474,-0.8589935980193621
18475,0.4404611138363168
18476,-0.15998364203150925
18477,-0.1454639872512185
18478,0.39692304399620454
18479,-0.17857490221909242
18480,0.06714914014850248
18481,0.26892424445503127
18482,-0.06679078701653436
18483,-0.5178255059799344
18484,0.125125753818765
18485,0.09703695810817407
18486,0.12902769695275684
18487,-0.06468227877590896
18488,-0.01375045734336587
18489,-0.1810309365725648
18490,0.11495142301467126
18491,0.10080777842662557
18492,-0.033372448839855406
18493,0.04867116210414555
18494,0.042252253601835266
18495,-0.17480177191149793
18496,0.07828212927033826
18497,0.21148159902747846
18498,-0.15124991659564568
18499,0.0848650668984558
18500,0.14367010200303598
18501,0.013500034368303538
18502,0.1030799259482536
18503,0.13770549340919364
18504,-0.05248863610181802
18505,-0.05307252154831452
18506,0.12578200195149428
18507,0.13374272458592884
18508,-0.13517779639828728
18509,-0.21109165819826964
18510,0.09153192026450382
18511,0.11316159910348063
18512,-0.03766571775162103
18513,0.05296448115963543
18514,0.08007509895944379
18515,0.16203787672968079
18516,0.043948716718827045
18517,-0.19519426042703375
18518,0.07050752794756118
18519,0.10158769356998819
18520,0.06450268538439295
18521,-0.3321208140733798
18522,0.10809691434614042
18523,0.12008754825996999
18524,-0.24032901154833902
18525,-0.1876840732655304
18526,0.1271853824611634
18527,0.09413129521777121
18528,-0.06095992772052042
18529,-0.2945561598277555
18530,0.11754724763701944
18531,0.351215117792429
18532,-0.3820176207564279
18533,0.012728803763181137
18534,0.12218192749989869
18535,-0.20395450448483926
18536,-0.41836502611294973
18537,-0.2201259676476264
18538,0.09177324160476134
18539,-0.08741692067968872
18540,-0.202567799880299
18541,-0.16801621234135006
18542,0.06815940450742343
18543,-0.011992156383429242
18544,-0.22912652125648342
18545,0.11443002495391176
18546,0.09366336101092919
18547,-0.07984801804104111
18548,-0.6692945957127574
18549,-1.4366102955341398
18550,-0.30522389365386243
18551,0.819660376661447
18552,-1.1384314212179518
18553,0.7487956071707982
18554,-0.9614340117895172
18555,-0.7616639989824568
18556,0.7816479169433874
18557,-1.0354816100434059
18558,0.7646243560553995
18559,-1.7523753484462667
18560,0.8489557331517465
18561,-0.8979803678021393
18562,-0.3374561574108773
18563,0.9199917867985231
18564,-1.0967193056796283
18565,-0.5541502717616252
18566,1.0736556911051016
18567,-1.0049276104923253
18568,-0.5275114207457975
18569,1.0696155632426434
18570,-0.9384733541670124
18571,-0.12865577771662753
18572,0.9833646113836384
18573,-1.952905428536517
18574,0.019212562330443914
18575,0.942566609508336
18576,0.7279286708139471
18577,0.37694787182599904
18578,0.38681832874308186
18579,0.399038750440495
18580,0.12457018838551319
18581,-0.7019838463583953
18582,1.905058842598175
18583,0.36092141413023443
18584,0.32708088706558525
18585,-0.5502914753835106
18586,1.9072439151988168
18587,0.46648338832663755
18588,0.11109575972169826
18589,-0.6557609403315893
18590,2.2636205303237054
18591,0.562835592450686
18592,0.37552650421570977
18593,-0.7058048335360846
18594,2.1198294342101796
18595,0.47025396286567
18596,0.33662662253354686
18597,-0.6610688435758004
18598,1.9274738837856886
18599,0.4166800631179016
18600,0.4376200899847562
18601,-0.7385910541118397
18602,1.7518070734967603
18603,0.43738152616616766
18604,0.24005685319264716
18605,-0.5608257868560549
18606,2.1592015142470853
18607,0.49033854966802054
18608,-1.0943347314819962
18609,-0.2235724552074423
18610,-0.26989800519460844
18611,-0.19155365896607102
18612,0.35451915403103934
18613,-0.6093753033206902
18614,2.26757940010968
18615,0.5327295200312071
18616,0.20930169202932575
18617,-0.7588271630058333
18618,1.8824578993423149
18619,0.3391941306057695
18620,0.33552415986230366
18621,-0.5076414257070284
18622,2.2737574974114603
18623,0.5057850225583359
18624,0.26377402180583925
18625,-0.6300820943112113
18626,2.224693550136578
18627,0.3561436282022227
18628,0.12820918921411215
18629,-0.6008086934963284
18630,2.1930088217299213
18631,0.34774938683315576
18632,0.007073295803274769
18633,-0.4877646804658619
18634,2.274560451721516
18635,0.4900356373884436
18636,1.6587578110238195
18637,-1.3361664345820514
18638,0.269337706813221
18639,-2.5953399825241616
18640,-0.9579879370500656
18641,-0.10842570836496443
18642,-0.2048362768118666
18643,0.13414882496875083
18644,-0.43512249620767907
18645,2.1825502001371917
18646,0.4606612172286279
18647,0.1368900950134623
18648,-0.4430256080129443
18649,2.1817764451494353
18650,0.49407468016517475
18651,0.19824010728249497
18652,0.1964182598415008
18653,0.1805980066112902
18654,0.3127158084683331
18655,0.14888010819204023
18656,0.2254670971998906
18657,0.1900506886861939
18658,0.23711704641070613
18659,0.29702913386410895
18660,0.1805980066112902
18661,0.18492569160605468
18662,0.2132937739564145
18663,-1.0127180476468984
18664,0.5294980812086617
18665,-0.9139826515327473
18666,0.40265063744991464
18667,-0.9952045435770248
18668,-1.3483119407491282
18669,0.38215345887794905
18670,-1.000411578107074
18671,0.3625434262187447
18672,-1.125903373308272
18673,-0.7486716540566334
18674,0.9304360938319466
18675,-1.4113893020515997
18676,0.611792249374136
18677,-1.1665739554791306
18678,0.6121480643681475
18679,-0.753163019939012
18680,0.5921493986591645
18681,-0.8772994394983166
18682,0.3920940729911276
18683,-1.0745823448299026
18684,0.39903178056063887
18685,-1.572022410713279
18686,0.4340529241532936
18687,-1.5524446506750436
18688,0.6927567768804874
18689,-0.9332666315545785
18690,0.6913750875927992
18691,-0.6228278030502356
18692,0.7444597714005159
18693,-0.9287699094000373
18694,0.5479267247048746
18695,-0.7667910449375308
18696,0.5058937971613776
18697,-0.9669025337356301
18698,0.471906464485464
18699,-0.9896797376633648
18700,0.4029786639263695
18701,-1.140399892101357
18702,0.35874231332005835
18703,-1.0378874141942807
18704,0.3565509983102786
18705,-1.1903588766952315
18706,0.39010598715218925
18707,-0.965428907323233
18708,0.26346693518430414
18709,0.28955239820774553
18710,1.080931397809592
18711,0.27015545020801157
18712,-0.27404318383582843
18713,0.31899529135559274
18714,0.9799853689358284
18715,0.7927796853312222
18716,-0.15408468627853175
18717,0.20202544988921672
18718,0.9830335123066752
18719,0.41031084369861787
18720,-0.48974958383277656
18721,0.26692941881667936
18722,0.5462513290214686
18723,0.49069781170026716
18724,-0.6676068526181854
18725,0.26455730749149636
18726,0.2964766607110982
18727,0.37905853577179277
18728,-0.40961083653026015
18729,0.32419034347592224
18730,0.48799321233129356
18731,0.46036760306011865
18732,-0.38285074314213874
18733,0.9120593119402233
18734,0.39052925885978956
18735,0.3183065702257414
18736,-0.4818199522033027
18737,0.27346958538550686
18738,0.5003135241200717
18739,0.19735890319646748
18740,-0.5554227221670038
18741,0.8696075931896741
18742,0.4315486201581397
18743,0.34713181008829025
18744,-0.4467825929805233
18745,0.3294536472977018
18746,0.4699953153563525
18747,0.464654378812833
18748,-0.3161875680385975
18749,0.27668732171075106
18750,0.6097184336943016
18751,0.4761341901267201
18752,-0.3467015017958683
18753,0.482376722300844
18754,0.238007696690396
18755,-0.40323081594147236
18756,0.2952270473801338
18757,0.26243723612832925
18758,0.28252244143519994
18759,-0.49565630328764937
18760,0.3530797449414714
18761,0.2263227165789618
18762,0.463381643866967
18763,-0.503777516308987
18764,0.15676731023271595
18765,0.5674763020129794
18766,0.2545746373069946
18767,-0.49225451282516414
18768,0.1694771964382768
18769,0.1653011512830759
18770,0.2186008720979872
18771,-0.5181598832211027
18772,0.03512382388686597
18773,0.3496376484875196
18774,0.261302181701678
18775,-0.030474975977659063
18776,-0.05344783617955196
18777,0.3845280606848037
18778,0.182351051746797
18779,-0.07575208672610143
18780,0.9109913255921086
18781,0.512122331313762
18782,-0.0998664055772932
18783,0.22617729367451503
18784,0.10737780430661124
18785,0.25480921148766505
18786,-0.28190023942862763
18787,-0.14044110838527757
18788,0.007229738048594659
18789,2.013917199179915
18790,-0.6635814860595978
18791,-0.5265837940010496
18792,-0.6949091308399455
18793,1.9830671662836417
18794,-0.1959105028432962
18795,-0.3801377746873917
18796,1.9489466490492737
18797,-0.9169010504593342
18798,-0.25772167707886207
18799,-0.6803310831039354
18800,2.0719215254438903
18801,-0.9965943118186871
18802,-0.18476947310212183
18803,-0.4772173484382013
18804,1.9815355298053852
18805,-0.9129565416669002
18806,-0.13642356933019276
18807,-0.6630533902595092
18808,2.007659404863632
18809,-0.9458775763361837
18810,0.007344694575845327
18811,-0.6862061817163614
18812,1.9733072068205328
18813,-0.9932031381510129
18814,-0.2715900741015021
18815,-0.6393263831269203
18816,2.0098791006112244
18817,-0.9204096047688275
18818,-0.2243813446544609
18819,-0.6438933969338916
18820,-0.9094390612428025
18821,-0.10465268346123516
18822,-0.13872835576515133
18823,2.074936339419247
18824,-0.9979405870466914
18825,-0.1410519697179125
18826,-0.5919687150204919
18827,1.941791782733304
18828,-0.9589898201537758
18829,-0.1117427634644433
18830,-0.13728118315880924
18831,2.113582336079325
18832,-1.442189313790588
18833,0.005681221719659221
18834,-0.3530307842687346
18835,2.055576003925702
18836,-1.3101204439456429
18837,0.3414114787870931
18838,-1.0242172341766547
18839,2.076493465654737
18840,-1.3765937069542147
18841,-0.1593813431852816
18842,-0.7880223837838349
18843,1.9787851286953797
18844,-1.3925184531966492
18845,-0.08977813996879065
18846,-0.4911399248639677
18847,1.6600344602085098
18848,-0.9522340094761094
18849,-0.13713477881079666
18850,-0.5764404214659773
18851,2.0170256139670446
18852,-0.9898598257462665
18853,0.028810430378251768
18854,-0.2331892120158829
18855,1.9943216784682498
18856,-1.441308302095001
18857,-0.03952756730355325
18858,-0.23878693237846993
18859,2.0376223502836606
18860,-1.0515143031209586
18861,0.08792533938043369
18862,0.20026784807445475
18863,0.15208312979411312
18864,0.1859551150387856
18865,0.18845547608500937
18866,0.30239984128037717
18867,0.08552869665651136
18868,0.27470502022006016
18869,0.17158017139391782
18870,0.3069102155436875
18871,-0.09119470554444326
18872,-1.1139466224314103
18873,0.34188004400537014
18874,-0.3540015314493234
18875,-1.0307209280738008
18876,0.212745261849007
18877,0.18630987335156715
18878,-0.15777626870608177
18879,0.42468031721871247
18880,0.35696638073339837
18881,-0.32905537617694003
18882,-0.5094675345868783
18883,-0.004604447727431639
18884,-0.4338315284817075
18885,-0.7752462952202346
18886,-0.17303633140051028
18887,-0.16268953840388095
18888,0.014580385128703088
18889,0.4986610418915896
18890,-0.3663071618862873
18891,-0.4183890660775227
18892,0.15401972731749491
18893,-0.32483070494053834
18894,0.048426698946899376
18895,0.10431073133447319
18896,-0.24247280030830384
18897,-0.41740006826143905
18898,-0.5238436372754277
18899,-0.35464161028001623
18900,-0.1337114025822262
18901,0.0013549431414011691
18902,-0.22324612161468155
18903,0.2543987910719253
18904,0.33882881481670885
18905,0.04830913508659312
18906,-0.6258521551917325
18907,0.09455664374371982
18908,0.13469319156652484
18909,-0.46572996881185924
18910,0.1767949735330565
18911,-0.5352116251264042
18912,0.15361126881904621
18913,-0.42336691434457935
18914,-0.2907429385839329
18915,-0.8042827260357072
18916,-0.009574041928274022
18917,-0.2470425517097022
18918,0.5838294583048018
18919,-0.30735147517420486
18920,0.07027048440702456
18921,-0.3615547766890472
18922,0.12219366328915514
18923,-0.5860594109093519
18924,0.10942121341326232
18925,-0.389167894479692
18926,0.1326866783122765
18927,-0.7479432217016914
18928,0.11959864463543009
18929,0.12719183149129024
18930,-0.419084070755031
18931,0.019410099988087848
18932,-0.9535170636988087
18933,0.05318417241224133
18934,-0.4332573321933109
18935,0.3328066528077628
18936,-0.7698097553005298
18937,0.13082543349851858
18938,-0.4800139525891691
18939,0.04470815910824873
18940,-0.7844283844852558
18941,0.22404016824680384
18942,-0.12296360650685274
18943,0.14851481143078635
18944,0.005924347668085504
18945,-1.3224991016828995
18946,-0.11658189279218122
18947,0.3473063470021756
18948,0.18030440416152
18949,-0.15564819462341484
18950,0.6536842498477272
18951,-0.8984688464112714
18952,-0.23539609333267583
18953,0.21954510949682585
18954,0.1482192930749398
18955,-0.04559178100384984
18956,0.37682858498823973
18957,0.32614447600039026
18958,-0.23177636419183575
18959,0.3999895466166848
18960,0.022978969942470527
18961,-0.07169936221452822
18962,0.09857005402833267
18963,0.3529538499698318
18964,-0.23734151666403253
18965,0.3029881758986967
18966,-1.1376727294077695
18967,-0.49894852362643194
18968,0.23859622414108192
18969,0.11916316542222585
18970,-0.0016448045894327994
18971,0.6340995657478872
18972,0.1345488611585161
18973,-0.06739337717104309
18974,0.2605806600633687
18975,0.1079221402314855
18976,0.8480735065333395
18977,0.5555987508782296
18978,-0.9100806456130827
18979,-0.12227167255184022
18980,-0.7782712859424119
18981,0.29880174768409173
18982,-1.052815660853411
18983,-0.27886871059136514
18984,-0.9370746982516776
18985,0.8052046907805152
18986,-0.10168234759233576
18987,0.11196516682461176
18988,-0.12184737293535154
18989,0.4291978590638677
18990,-0.1806298687100165
18991,-0.10155541230548844
18992,0.25526574399928814
18993,0.11759498299703476
18994,0.13579724039989646
18995,-0.2817806736070912
18996,-0.347974047480685
18997,-1.1981178901937684
18998,0.17097775060003806
18999,-0.4647300083813569
19000,-0.5224972823385016
19001,0.11241817619080421
19002,-0.058607170118696726
19003,0.12382044450150505
19004,0.34942309064030336
19005,-0.17922052064454183
19006,-1.3359504972411136
19007,-0.04834960127552278
19008,-1.041665329637245
19009,-0.27964973180305785
19010,-0.0537005417837239
19011,-0.7973645246238495
19012,-0.18709717628425698
19013,0.15070158402252676
19014,0.10573776394927223
19015,-0.22029870710482585
19016,0.09044327385602241
19017,0.049511864236586156
19018,-0.2181772360851991
19019,0.07304805256491907
19020,0.11753911968517178
19021,-0.9287261368101569
19022,-0.1465348528536074
19023,-0.24578838008891848
19024,0.6121599916433113
19025,0.429823954879562
19026,0.004987214272905455
19027,0.6051215278131514
19028,-1.571702880754067
19029,0.24095213862913778
19030,-0.2893500433650052
19031,-1.1679148515168816
19032,0.034812832017211914
19033,-0.25020804243481976
19034,-0.83325612935615
19035,-0.36603722533063454
19036,-0.23228136210952416
19037,0.22559459262363032
19038,-0.30724372542970724
19039,-0.05678748634978498
19040,0.5970746062527554
19041,0.19525555438152079
19042,-0.33272688052251753
19043,-0.0497421171462151
19044,0.2800708219809277
19045,-1.245665035849673
19046,1.1876653139867839
19047,-0.9655365544203917
19048,-0.06172966026845059
19049,1.8937393127877382
19050,-0.9178223888968583
19051,0.516214680419127
19052,-0.7117796499899038
19053,2.1512432132579757
19054,0.48319869224186346
19055,0.07111564709764037
19056,2.0945477850266747
19057,-1.4292229620291144
19058,0.16136397658864166
19059,-0.42564013520041316
19060,-0.28619611831509895
19061,0.31796932730697786
19062,-0.7360775575453143
19063,2.2253899348799684
19064,0.3331809250187642
19065,-0.9689453101376758
19066,-0.1383317297976486
19067,-0.07261222342942875
19068,0.33943565931097947
19069,-0.680189901821967
19070,1.8029373474778336
19071,0.33390484606577664
19072,-0.9196940617362255
19073,-0.3042263717102113
19074,-0.39962788364047236
19075,0.40809910187118686
19076,-1.056008216878872
19077,0.38498373297104993
19078,-1.0961334879221831
19079,0.3931728657858967
19080,-0.9128649748585561
19081,0.3552902483913166
19082,-0.016695281908002367
19083,0.20288754722233565
19084,-0.8595142854435899
19085,0.5087576918740174
19086,0.1661411158216942
19087,2.0801927264521773
19088,-1.410919436976798
19089,0.025099496678148963
19090,-0.8941422507554497
19091,0.244267712173153
19092,-0.11357947848633967
19093,0.2101572147885812
19094,-0.056823553461186616
19095,-0.46944578776457074
19096,0.3385887375993312
19097,-0.10127904387276623
19098,-0.04305922609178186
19099,0.2358305956768525
19100,-1.008387294729162
19101,0.06160010560764996
19102,-0.9185855996458211
19103,0.5675331976633828
19104,-0.5741563620538597
19105,0.571722709114846
19106,0.5597378103986443
19107,0.1914628757648899
19108,0.2532076765497242
19109,0.24902553541357303
19110,0.18774746277246177
19111,-1.0454682140016187
19112,0.43494208683640284
19113,-0.20488049024784896
19114,0.11379771049963405
19115,-0.6171681089452089
19116,2.1968725151125903
19117,0.5498042755499029
19118,-0.4698789901112958
19119,-0.999996587311612
19120,-0.676501975399008
19121,1.1922028060044136
19122,0.11725159557864878
19123,-0.05553680080813732
19124,-1.2653774135739306
19125,0.5444683892741925
19126,-0.34535208317334665
19127,0.552653756807119
19128,-0.24243938413639304
19129,0.17556935039385768
19130,0.03854348588556657
19131,-0.10717436890857943
19132,0.5404164609644851
19133,-1.0479679914673254
19134,0.4843206422985752
19135,0.21864555048595372
19136,-1.3273106369087904
19137,0.2727222894633305
19138,-1.7986801775425183
19139,0.3853214001128938
19140,-1.7521214558248732
19141,0.5777581697132168
19142,-1.446837225132097
19143,0.4027324319303666
19144,-1.6670695194087928
19145,0.11087271737315595
19146,0.36266440591112553
19147,-1.0938770118032664
19148,0.30818858397864585
19149,-1.0417102889905532
19150,0.3566800505667635
19151,-0.31519433392655033
19152,-1.2777029904561776
19153,0.7264464846451948
19154,-0.14007246087065603
19155,-0.6013281942791565
19156,0.21799391799030007
19157,0.4889217230034323
19158,0.6489162005899256
19159,0.1693651271261385
19160,0.4634064627323851
19161,0.21772703532673848
19162,-0.28793078882434203
19163,0.2816441866820541
19164,0.4760758823635205
19165,0.4780227430341078
19166,-0.3995243611503857
19167,-0.7721087417620882
19168,-0.6009842106140935
19169,-0.6525799202079698
19170,2.038912376195712
19171,0.07330529776674989
19172,-0.1264493058404748
19173,-0.6143352861221458
19174,2.051638263433682
19175,-0.8777088374613665
19176,-1.4347707050610747
19177,0.4589232476270817
19178,-2.2644145458147267
19179,0.35534176601615897
19180,-0.19887213782950755
19181,0.28839697732828057
19182,0.14582693698696378
19183,-0.5997205740841147
19184,-0.20412450857996986
19185,-1.7936647027699857
19186,0.1970278942548492
19187,0.20162516947611123
19188,-0.2263224617960899
19189,2.1029712581067206
19190,-1.2380829306145307
19191,0.07374047337217503
19192,-0.07604394200689585
19193,0.3809109060395902
19194,-0.037424422309347734
19195,-0.07777112671560017
19196,-0.7311372583728638
19197,0.7576416474539373
19198,-0.10102779804351783
19199,-0.11686462474000506
19200,-0.5331688739605537
19201,1.9239032133885374
19202,-0.9288146420408611
19203,0.13677764100387013
19204,0.2797725419300133
19205,-2.289795536419536
19206,-0.05653020181195394
19207,-0.6571612651390278
19208,1.9202765230358114
19209,-0.9773667783321327
19210,-0.19877284992471667
19211,-0.1774218983839318
19212,1.89449262711986
19213,-1.382818226200512
19214,-0.9729530788803442
19215,-0.23787654722408236
19216,-0.16242341818551265
19217,-0.18386867138173182
19218,-0.9084553184982529
19219,-0.19975895413246483
19220,-0.28622923621182844
19221,-0.17939788863438802
19222,-0.7665097714403608
19223,-0.20746139664841493
19224,-1.2260855725771609
19225,0.5762128670483151
19226,-0.7355955447000456
19227,2.208364231066522
19228,0.3607400804814708
19229,0.6213179704392056
19230,-0.6118387494388585
19231,2.214159387659309
19232,0.5246039803796191
19233,0.0853008641820428
19234,-0.3871975959389674
19235,0.5955010068252206
19236,-0.4879215766984666
19237,0.2136882461065936
19238,0.6695136816801361
19239,-1.2775920430036014
19240,0.5663623145202603
19241,0.43514730834923987
19242,-0.8431667102201623
19243,0.2927944151454187
19244,-0.03087383241234467
19245,-0.8610410381444749
19246,0.5147750446635032
19247,0.5124461915708961
19248,-0.7323142923572278
19249,0.4140366774876698
19250,-0.9516450245811687
19251,1.0191959778070927
19252,-0.14740782504359198
19253,-0.7206401671418695
19254,-0.4198138346435129
19255,-0.1614969484180887
19256,-0.1756718621994678
19257,0.08238835398689832
19258,-0.9680605949978207
19259,0.43802741787236293
19260,-1.5459121547244277
19261,-0.042715097677200616
19262,-1.1281766995797866
19263,-1.879937132532457
19264,-0.3332306890177566
19265,-0.08977013737705818
19266,-1.022723067463622
19267,-0.06399835806075531
19268,-0.75534881750082
19269,-1.8014745081846113
19270,-0.06847309077655392
19271,-0.8517765611693818
19272,-0.09007134159482866
19273,0.34189208778762303
19274,0.0026452023257970514
19275,0.09659584860944175
19276,-0.9894659898044204
19277,0.13887981825876103
19278,-0.8947906392615019
19279,-0.24728047996374114
19280,0.1442020935567693
19281,-1.0004357371356736
19282,-0.10386616981538473
19283,0.05131190523772365
19284,-0.24344546332942524
19285,0.06313200458528175
19286,-0.1773863236386691
19287,-1.077184246760348
19288,1.6805032393822306
19289,-1.0930312512987879
19290,-0.18056273142348728
19291,-0.2970587691983419
19292,-0.20003694334263356
19293,0.13137285624469808
19294,-0.9544309213978515
19295,0.1931728316044962
19296,-0.028370849460468067
19297,-0.21817976174513487
19298,0.07456619218664448
19299,-1.0239355325847865
19300,-0.19419410784162144
19301,0.08095069721082676
19302,-1.167795620141166
19303,-0.164950460845973
19304,0.05610849703970756
19305,-0.9393977032465685
19306,-0.10054306631633439
19307,0.10051430530334932
19308,0.768962349087114
19309,0.22216621658561986
19310,0.13356844463201403
19311,-1.0869955202871902
19312,0.02538800017720516
19313,-0.08871602231638902
19314,0.3284867233024152
19315,-0.04460050581858173
19316,-0.022931805876298856
19317,0.18611970920712984
19318,0.9676145853072042
19319,-0.0287744192876489
19320,-0.057751409542954546
19321,0.5626625138573509
19322,-0.025630917190514593
19323,0.44643850963812154
19324,-0.5548440422793338
19325,-0.5869251730176548
19326,0.051603459933364994
19327,0.1246405292991417
19328,0.2604201826360748
19329,-0.38000900967600654
19330,-0.6543357312277124
19331,-0.23493306368798786
19332,0.030251802761198612
19333,-0.4328567414460912
19334,-0.6795247866552879
19335,0.054973372504966714
19336,-0.10247528696942915
19337,-0.4614794301636868
19338,-0.5732517105668373
19339,-0.23616888354579121
19340,-0.07048027008254523
19341,0.030436992882076616
19342,0.25613635225800635
19343,0.09713498812862903
19344,-0.41122749808099823
19345,-0.5121977092272901
19346,-0.32075937649149094
19347,-0.09195470015601503
19348,-0.07931128402970292
19349,-1.046683715870129
19350,-0.2761213657475835
19351,-0.07876149522687191
19352,-0.49698836196559415
19353,0.13848724205412952
19354,0.14892612011449563
19355,-0.1078461063241285
19356,-0.05139741771006955
19357,0.0897415027003182
19358,-0.28859227152924516
19359,-0.2806162830157027
19360,-0.41908330501185953
19361,-1.5103843826034213
19362,0.09800429266382568
19363,-1.8034511220744731
19364,-0.24253025176099247
19365,0.24073475726047813
19366,0.007382781610413326
19367,-0.023390294883004807
19368,-0.38258558116764296
19369,-0.1614687330243349
19370,-0.07107424115200299
19371,-0.12721895868538985
19372,0.7291432635865922
19373,0.2519832587037841
19374,-0.48492483832290245
19375,-0.5089675345868784
19376,-0.365609391417597
19377,-0.40083020296620336
19378,-0.16388947827363645
19379,-0.21615560300980147
19380,0.011504703419013714
19381,0.12195195129200866
19382,-0.002397553547915584
19383,0.8527978866969409
19384,-0.1885383826025923
19385,0.4170697296236817
19386,-0.30023987569106936
19387,-0.25450126645350823
19388,0.0879243115421173
19389,-0.3237437404504949
19390,0.32245366064370096
19391,-0.685406698213375
19392,0.1253084263825681
19393,-0.659537653208737
19394,0.44432266533032133
19395,0.0876110666120832
19396,0.24409747123044404
19397,-0.6575036811598379
19398,0.110053760926934
19399,-0.6702169652994076
19400,0.07502440665749269
19401,-0.010209978442832886
19402,0.31692651399069083
19403,0.15928596640900458
19404,-0.8634390576532915
19405,0.4874738355972148
19406,-0.8622599239903077
19407,-0.006615432932455494
19408,-0.9275583505923793
19409,0.12844684687137148
19410,-0.9188910031400545
19411,0.1512628102062353
19412,0.4336182767033929
19413,0.10699667120196799
19414,-0.6547701852906169
19415,0.680237869971287
19416,-1.0246345424483077
19417,0.05925783503052332
19418,-0.769850760931979
19419,0.35112739650860675
19420,-0.7618553959265253
19421,-0.52893925874663
19422,-0.6605416870937908
19423,-0.45092145367870295
19424,-0.7897002996307907
19425,0.12080919259728777
19426,-0.20409187696751985
19427,0.04880986693268764
19428,0.1402005953849155
19429,-0.7303457932768687
19430,0.13312653220882906
19431,-0.6402117009462759
19432,0.026348920841323627
19433,-0.26129055654560035
19434,0.17201518129080043
19435,-0.5046763338646977
19436,-0.28761375819215806
19437,0.3562309439230327
19438,-0.11034197895255228
19439,0.498365346419387
19440,-0.33812620801085536
19441,-1.7388900475193494
19442,0.025370860777453604
19443,0.47258110434266437
19444,-1.0241788974419554
19445,0.18512285614182844
19446,0.051038816118555715
19447,-1.0119321078945478
19448,-0.18706293305952243
19449,-0.8492729357549098
19450,0.3295341345720518
19451,-1.0123146246806995
19452,0.12955964842717843
19453,0.23766762142267664
19454,0.0819354018179023
19455,0.13912930267202472
19456,0.41525912958786826
19457,-1.0474396777191186
19458,0.013991126521779876
19459,0.22765973044611634
19460,-0.9912397540248243
19461,0.2739941297312968
19462,-0.8580413341954262
19463,0.37239290637611816
19464,-0.7241769638402678
19465,-0.08582555936910159
19466,-0.9514241278763681
19467,0.33638754605628507
19468,0.1334349805403944
19469,0.43729285664832
19470,0.6548387798960519
19471,-0.9993779068166692
19472,0.9557815772336352
19473,0.6080457139176509
19474,0.4978706346806007
19475,0.7823366910720764
19476,-0.8835229321911896
19477,0.3067690089587149
19478,-0.05107052419336334
19479,0.3748240500060303
19480,0.4497267370681327
19481,1.1503323328681716
19482,1.0280226633389904
19483,0.30118048772617906
19484,0.31852773659919426
19485,1.0651805054057346
19486,0.4505830725519447
19487,0.9322520792417495
19488,0.034370891765539396
19489,-0.8379242855796685
19490,0.09348290133038444
19491,0.146555449910826
19492,0.34190162282211006
19493,-1.8049915334298345
19494,-0.4220758649941919
19495,-0.7599978991204294
19496,0.14095721957218468
19497,-1.2443859204562968
19498,0.34437070177235024
19499,-0.8603212326092827
19500,0.3790922824469487
19501,-0.935280811047265
19502,0.05067034871415846
19503,0.3723269327004577
19504,-0.15047238188681494
19505,0.11737818520785219
19506,-0.7082109795877496
19507,-1.3423930785034777
19508,-0.06172169262856798
19509,-0.8061326468087283
19510,-0.812950362823079
19511,-0.09485333018447217
19512,-0.8004887299447377
19513,-0.40234229525166115
19514,-0.027524901545388364
19515,0.10203530393721794
19516,-0.8542378059892038
19517,-0.2390561500540275
19518,0.1198186878963032
19519,0.10689659340539583
19520,-0.5207195420049374
19521,-0.1284960397298432
19522,0.11289601065631986
19523,-0.15611487915194952
19524,-0.3237941533132043
19525,0.7994621574767445
19526,-0.17917527188015273
19527,0.0981986746089976
19528,-1.352056665123013
19529,0.02287905722406744
19530,-0.770500174311888
19531,-0.10350762892530256
19532,0.11938046779297473
19533,-0.03213443234504558
19534,-0.049732824116729586
19535,-0.18934996325567172
19536,0.8414619200667391
19537,-0.019175768194529763
19538,0.1468237188514494
19539,-0.25184669014129224
19540,0.04932126709949043
19541,0.13279737183752888
19542,-0.04384577590755282
19543,-0.23332767005807323
19544,0.10610677085370797
19545,-0.03694142402464309
19546,-0.33232937232992943
19547,0.12137066565926283
19548,-0.23445848612372536
19549,-0.056194280821056174
19550,-0.41513366705679455
19551,0.19361221888409172
19552,0.1227845442192076
19553,-0.265886053461998
19554,-0.13919843974019616
19555,0.8609189215383793
19556,0.05718702871407373
19557,-0.3822188429240669
19558,-0.09235355061518048
19559,0.22894501350403082
19560,-1.3115491173504268
19561,0.35151306078023137
19562,-0.2706041965559181
19563,0.6140469546569312
19564,-0.4003757725182161
19565,0.07441914046618861
19566,-0.191389446711049
19567,0.14764526891928342
19568,-0.3648566976633067
19569,0.03595561038638105
19570,-0.10874770434658777
19571,0.36389752114921753
19572,-0.7063305998854316
19573,-0.10775256414106159
19574,-0.06015045045039035
19575,0.1082473219620715
19576,0.16107081496960973
19577,-0.09853202328099529
19578,-1.0693154217609524
19579,-0.17346495383991664
19580,0.6556231030154533
19581,0.2014619426933535
19582,-0.47843392595980133
19583,0.5746179675129582
19584,0.10830984915976664
19585,-0.607346377770852
19586,0.47600247757433445
19587,0.2605906828374741
19588,-0.6156146198446782
19589,0.5554013064665239
19590,0.4434777740066834
19591,-0.07514495235137979
19592,-1.647500968961568
19593,0.1914046409768785
19594,-0.9802291321870449
19595,0.45614781802139726
19596,0.8640678782047121
19597,-1.064088163977954
19598,-0.6738615730096453
19599,1.07462943370344
19600,-1.2451200750159743
19601,-0.2996888085796422
19602,0.8579398315112692
19603,0.59171575484366
19604,-0.6010424719251454
19605,0.09618486467775356
19606,-0.4098930695525738
19607,0.5638040791174842
19608,-0.3895034848363583
19609,-0.18113421951772435
19610,0.45705280672418236
19611,0.7654359637715786
19612,0.5687576728897962
19613,0.3890863854821716
19614,0.3575939109703945
19615,-0.7698901926892767
19616,2.2136537413188955
19617,0.473878955899524
19618,-0.8294114205437488
19619,-0.12569651606379864
19620,-0.9414014622356687
19621,-1.0122312049321742
19622,1.9577220842944583
19623,-1.4393601366605087
19624,0.4187060644776179
19625,-0.6837711240850364
19626,2.291812810344321
19627,0.4477862270827899
19628,0.4303024726169819
19629,-0.6577006492954203
19630,2.1693947100582096
19631,0.47365808758847167
19632,0.4615509439921881
19633,-0.4893542781597492
19634,-0.2959501773144539
19635,-0.233726001537364
19636,0.24814527217588808
19637,0.28637294532774593
19638,-0.8851896656740965
19639,-0.1490546114405676
19640,-0.3147642318370699
19641,-1.1812333023332375
19642,2.0256713692698205
19643,-1.3056903752162636
19644,0.50559764239187
19645,-0.7315001131856981
19646,1.8179757870021864
19647,0.4889979611676651
19648,-0.312954125331372
19649,-0.5170169655420483
19650,2.049836082619899
19651,0.5114633892686197
19652,-1.3354315805155939
19653,1.9823380822476542
19654,-1.3004641982406824
19655,0.6351225105746179
19656,-0.25665638802837754
19657,0.3777520479847705
19658,-1.9703964014617827
19659,-0.2965992529438231
19660,-0.2122943743908421
19661,-0.33052512221604013
19662,-0.6625424648267295
19663,2.1285079299381744
19664,-0.09826345332024397
19665,2.165009422559457
19666,0.39107476943757985
19667,-0.18361737233729894
19668,0.2844129972424494
19669,0.3483492952538384
19670,-0.8141289216975511
19671,1.8817651207436004
19672,0.40159924814227577
19673,-1.0921582210291056
19674,-0.20892400303987207
19675,-0.2273506079233259
19676,0.3952344781475034
19677,0.08871803696254131
19678,0.184978344307538
19679,0.5968222292485235
19680,0.059855827767599255
19681,0.24469123928580927
19682,0.16641737576526222
19683,0.374217606209042
19684,0.3453565541021987
19685,0.23034435430857775
19686,0.10161749204920499
19687,0.6788349834043936
19688,0.16935568098376588
19689,0.28880561770676183
19690,0.2123601269631355
19691,0.2164682561001809
19692,-1.0383079758508373
19693,-1.0923402417481154
19694,0.6924991503947929
19695,-1.2891801417877302
19696,0.3836768902707159
19697,-0.061231852297680134
19698,-1.2621054631693558
19699,0.3937618782130681
19700,-1.3730387533087502
19701,0.2667120557719265
19702,-0.3186152067858924
19703,0.23006980908213046
19704,-0.9780325176405622
19705,0.0031435132263569238
19706,-0.854190837008265
19707,0.602581541406535
19708,-0.3119352930558278
19709,0.25477360266560656
19710,0.028743736583207412
19711,0.08518715803607349
19712,-1.7879027502946967
19713,0.5682763829328648
19714,-1.8635020177885449
19715,0.570670302382987
19716,-0.6075090232749922
19717,0.9576065240139316
19718,-0.36270896813317466
19719,0.26396704371097485
19720,-0.9155406377592838
19721,0.387624843235371
19722,-0.2834510863809845
19723,0.19579342638346492
19724,-0.26158735531201543
19725,0.06731742043265934
19726,-0.9144281939799533
19727,0.2502171439393986
19728,-0.9341862864477697
19729,0.630156978879653
19730,0.6193960918790176
19731,0.3905195273547821
19732,0.21729497742722198
19733,0.3319475254922159
19734,-0.543972116924846
19735,0.43140716841983573
19736,0.29120778120908064
19737,0.4335569456740406
19738,0.6193209139999385
19739,0.12122802586360272
19740,0.3492823254952864
19741,0.8260826015381082
19742,0.2751626063310107
19743,0.6077615683185655
19744,0.6392360676850714
19745,0.5656965953510863
19746,0.26372558806468616
19747,0.35443238311798514
19748,-0.4331813404960594
19749,0.28561091972483627
19750,0.5786040473052441
19751,0.13344132776997208
19752,0.22602491000712874
19753,0.4991531443498532
19754,0.2866676599756454
19755,-0.5300712865363235
19756,0.9553732221612053
19757,0.49077068827168746
19758,0.27717914306618663
19759,0.3096352510397384
19760,0.5419701708712844
19761,0.2828120776542547
19762,0.15890703936526376
19763,0.29640338094573193
19764,0.2796145966826233
19765,-0.6520173448118708
19766,0.249833715125221
19767,0.4470115969812524
19768,-0.5906755700676775
19769,0.5584180809904097
19770,0.09889164377169551
19771,0.32569701032146753
19772,0.12863575463302965
19773,-0.4094514184104151
19774,0.13953966919899466
19775,-0.7184944047632946
19776,0.3446256409892103
19777,0.30908347601598735
19778,0.3209948670348901
19779,0.5822874317108215
19780,-0.1311322838275729
19781,0.09593926839075605
19782,0.3346952396628039
19783,0.19006790458699885
19784,0.03310095817021112
19785,0.42477510527285767
19786,0.2135691617242157
19787,0.2568041125225684
19788,0.16795613992828376
19789,0.21203748775777825
19790,-0.27353954368502387
19791,-0.15821452669628025
19792,-0.5731647528930675
19793,2.0215438141034805
19794,-1.3595120565696683
19795,-0.3305494496004319
19796,-0.6453056855245131
19797,2.0551069650647626
19798,-0.9418052362656357
19799,-0.1295458780583651
19800,-0.5942412126123156
19801,1.9891519486466562
19802,-1.332864439161569
19803,-0.2453322993240788
19804,-0.5768356793569615
19805,1.994034756051037
19806,-0.9306255432367025
19807,-0.1179517812529547
19808,-0.6390311402624055
19809,2.0598495437340683
19810,-0.9592847976129052
19811,-0.3741584033892947
19812,-0.09876696108815547
19813,-2.3094550815869654
19814,0.6890995760531541
19815,-0.2496425455852505
19816,-0.6723209884351445
19817,1.9524055301183154
19818,-1.0026280047202003
19819,-0.10796063622138394
19820,0.3211803509812509
19821,-2.1748552489212982
19822,0.7339534381689135
19823,-0.11573956857581512
19824,-0.3849520453183571
19825,2.015915442678313
19826,-0.21605924856670275
19827,-0.1316804123991733
19828,-0.07338613329757698
19829,0.22480901960579383
19830,0.11569127937024501
19831,-0.16605126741644016
19832,-0.04437481337001501
19833,2.028661827096004
19834,-1.4389129824857585
19835,-0.0809028900336031
19836,-0.6886850492769441
19837,2.0757158357974768
19838,-0.9756320597503545
19839,-1.1637172078864062
19840,1.5566361332655183
19841,-0.07929174875935187
19842,-1.011377256933372
19843,2.1375609812047682
19844,-0.2802970835445611
19845,-0.0568398239123133
19846,-0.7109922528194575
19847,2.0946114238792792
19848,-0.6825585584413008
19849,-1.5820733486871128
19850,0.321807287548727
19851,-2.594431106408031
19852,1.2804947405913878
19853,-0.1178427938417212
19854,-0.18278733370222022
19855,0.3361527111250619
19856,-0.06605115705063858
19857,-0.1476204068997923
19858,-0.2628633349044384
19859,0.29990335774863897
19860,-0.10906847699676857
19861,0.7964135960098158
19862,-0.10073529704353644
19863,-0.20712678566841794
19864,-0.46325755803615937
19865,0.1401881089901453
19866,0.3132411554231257
19867,-0.025713914824530407
19868,0.39258769370935953
19869,0.12057094460112759
19870,-0.7746538025080307
19871,0.36393694147674754
19872,-0.02952831095515534
19873,0.2751281155263236
19874,0.03559613468297833
19875,-1.070590347586617
19876,0.3557778002942359
19877,0.09927594668064862
19878,0.1801797328583336
19879,0.829048534618815
19880,-0.0937957289990866
19881,0.6969268554175853
19882,0.12353698094372
19883,-0.04034699673182797
19884,-0.03380909559784577
19885,0.033098205267622284
19886,0.3385172224735465
19887,-0.2836503735804598
19888,-0.1458497243166244
19889,-0.4816713817343519
19890,0.060858908244578465
19891,-0.25670817118679873
19892,-1.0693267726001108
19893,-0.004505978410933993
19894,0.38092173335379437
19895,-0.29731561611158
19896,-0.011810260739518514
19897,-0.4893660603887195
19898,0.15438254179500327
19899,0.06883688352222994
19900,0.11023801139276165
19901,0.02660694831124606
19902,-0.1343667437573234
19903,0.18924702433930093
19904,0.38207324197270975
19905,-0.04466390015880561
19906,0.31385910124207755
19907,-1.0239806310437773
19908,0.10849930372433138
19909,-0.134619067695312
19910,0.022689535850627867
19911,0.18957805371443764
19912,0.20832748688180655
19913,-0.2172647789461082
19914,0.31574317189525614
19915,0.015717228569988136
19916,-0.04582682504041526
19917,0.27714695858346616
19918,0.37119943771431335
19919,0.17173650588083042
19920,-0.46968574113271516
19921,-0.07250969183865504
19922,-1.0391081530451998
19923,0.3634049361740261
19924,0.39656081944027743
19925,-0.34270131735344106
19926,0.19840358040157594
19927,-0.015205776484143077
19928,-0.8023265973475873
19929,0.12077687688847573
19930,0.04952275149981546
19931,-1.0438918615708246
19932,-0.08960273923763962
19933,0.06447352552918746
19934,-0.1483680623662714
19935,0.1800676252718268
19936,-0.6907663614328665
19937,-1.1740530924370962
19938,-0.36905179833360124
19939,-0.05504649647087203
19940,-0.36678484403342215
19941,-1.5159084152040274
19942,-0.11836235800339796
19943,-1.5578740625754404
19944,-0.060244863939165956
19945,0.362197100899724
19946,-0.12656406715439913
19947,0.008476110968171099
19948,-0.0217308749376512
19949,-0.14228819126783596
19950,-0.01666158039257797
19951,-0.964805410446492
19952,0.024137658725378614
19953,-0.8086442553407528
19954,0.19795834365961984
19955,-0.05984497224889686
19956,0.11285997799991239
19957,0.0675524730389624
19958,-0.3089300619454697
19959,-0.3709945387922783
19960,0.44323935029129113
19961,-0.15560847834115965
19962,0.11972778375101063
19963,-0.7700470253474594
19964,-0.4640043174933106
19965,-0.0367799148824281
19966,-0.030565209371273133
19967,-0.20303250087358515
19968,-0.588912336419802
19969,-0.10700404277220392
19970,-1.7843745924445966
19971,-0.10941615487814071
19972,0.2949643380009697
19973,0.18176688507519673
19974,-0.13767139820048083
19975,0.03306350614002651
19976,-0.2682916285769376
19977,-0.1848966824244784
19978,-0.3205141633897538
19979,-1.3535814907493986
19980,-0.3564372820049768
19981,-0.42392202018579267
19982,0.28707069571418886
19983,-0.5776181154600708
19984,-0.6781709722729314
19985,-1.0416792290977057
19986,-0.22035252074933423
19987,-1.4692494030329142
19988,-0.20868689998767642
19989,0.11327114625673076
19990,-0.3312108645312634
19991,-0.2009863259936797
19992,-0.09525669152634107
19993,0.8586401004257654
19994,0.530141310005509
19995,-0.0961779365365322
19996,-0.05768961312512889
19997,2.101229671485084
19998,-0.13735751695251686
19999,-0.23023466950962138
20000,-0.2794957183517479
20001,-1.2572820756550687
20002,0.010246529825558912
20003,2.1266445582356255
20004,-1.0557286031440594
20005,-0.0858233456686208
20006,0.8095025821526355
20007,0.006883910701903154
20008,0.4261316291882066
20009,-0.2772877274406725
20010,-0.14534645800978385
20011,0.17855682581471852
20012,0.08116836084083885
20013,0.5239403072540612
20014,-0.19181582441094908
20015,-0.0801985485157359
20016,-0.8036196986451313
20017,1.1352003170527831
20018,-0.8781895161875751
20019,-0.27334853153997724
20020,-0.11384349217154739
20021,-0.2414790213265304
20022,-0.10518324561611486
20023,0.10673350338510423
20024,-0.4558651523684707
20025,0.10153563651198741
20026,-0.6290757228513798
20027,0.6011703535810288
20028,0.5878627780861277
20029,-0.5323440425874174
20030,0.01083037035504097
20031,-0.9194584468427187
20032,0.4506593951833013
20033,-0.06238882821472387
20034,-0.7717635011219853
20035,-0.045005182877402454
20036,-1.1848667130515769
20037,0.3452315275371764
20038,-0.8999590174339703
20039,0.5198364413973561
20040,0.24002296483066388
20041,0.2860062085977347
20042,0.22545347345712483
20043,0.4481278980969102
20044,-0.09305388628327184
20045,0.5166336735893025
20046,2.096819937904562
20047,0.09423288905072985
20048,-1.754054471781013
20049,0.26383446284935486
20050,-1.1805226518204333
20051,0.8300259069541858
20052,-1.0083012142348429
20053,0.2939170960167983
20054,-0.036657578913640985
20055,-0.9069671195625237
20056,0.4662255380713924
20057,-0.4166724824572882
20058,0.507107409230349
20059,-0.953037179799642
20060,0.47153262969914844
20061,0.39496902849465054
20062,0.32895880682534295
20063,-0.290351120267902
20064,0.4947088777971815
20065,-0.12227631263446273
20066,0.048576460135717106
20067,-0.8473003712241137
20068,0.323723514395669
20069,-0.07891224622878659
20070,0.0024969675311398857
20071,-0.004703846196412002
20072,-0.04763926553615147
20073,0.14466236144800296
20074,-0.43952068438849157
20075,0.20728933485867873
20076,0.12010577243355876
20077,0.5524906084442706
20078,-0.8489397068791835
20079,0.4797804562897401
20080,-0.08626025651536244
20081,0.5000145468054571
20082,-0.30128090636974014
20083,0.10931126681454197
20084,-0.5297596893830202
20085,-1.0400539886043543
20086,0.44651041961288723
20087,-0.2559107632400204
20088,0.2847344202957211
20089,-0.7475044988254594
20090,0.4578768753252504
20091,-2.445300099497724
20092,0.2470365484041122
20093,-0.21835927758339804
20094,0.4078723859815631
20095,-0.4744424431062794
20096,0.34329566312685605
20097,-0.9419863853560134
20098,0.19167034206933514
20099,-0.14834684481118496
20100,-0.15434272642344588
20101,-0.16258339206872566
20102,-2.5067181337137923
20103,-0.10207065285258797
20104,0.6302267062181183
20105,-0.07802100366052839
20106,-0.2751711447635841
20107,-0.3027119989413637
20108,-1.0002291210129193
20109,-0.059861975796238455
20110,2.0728717327457264
20111,0.5104330894891027
20112,0.3743294220615279
20113,1.0084061581245622
20114,-0.14366380926983538
20115,-1.0391459793479667
20116,0.26552099523998446
20117,-0.3062972526320336
20118,-0.05515701544006472
20119,0.06974931000503701
20120,-0.33242294669870953
20121,-0.08506423640355891
20122,-0.18749181770358703
20123,1.86554796473706
20124,0.382626510606377
20125,-0.928741946773529
20126,-0.033771193323515164
20127,-0.1055609338616728
20128,0.13193208643537946
20129,0.17911808888885009
20130,-0.05581702912955523
20131,0.7688800645530461
20132,0.2711551220189766
20133,-2.299218266805144
20134,0.21105374118840686
20135,-1.3548048869865532
20136,-0.11049238839815942
20137,0.4471893241323422
20138,-2.4775638334136123
20139,0.20755068103238244
20140,-0.4840283081570973
20141,-1.0117623217211427
20142,0.7344022166917384
20143,0.869515151855612
20144,-0.2581435808811713
20145,-0.6226919481102393
20146,0.3893632750637396
20147,-1.0548374292183373
20148,0.28179662144667544
20149,-0.34879589090691143
20150,0.08687374689807685
20151,0.6624818577704108
20152,0.3628383851025583
20153,-0.3002022281063719
20154,-0.5641510636841436
20155,1.3329029908163854
20156,-1.44531794447615
20157,-0.20888913978770896
20158,0.26733044345763834
20159,-1.6025654765438344
20160,0.08077888019378412
20161,-0.6973065720862806
20162,0.9531440312977455
20163,0.008222625264815823
20164,0.15820699520051493
20165,0.7224005812330071
20166,0.26506868042499293
20167,1.2926361966603823
20168,-0.5110846616613199
20169,-1.8615538064431234
20170,-0.923193414256985
20171,0.11324705964917914
20172,-0.9242713190924272
20173,0.488065366729423
20174,0.05143588088607416
20175,-0.1259834965110379
20176,0.34450897500569094
20177,-1.0481837949122266
20178,-0.9058519679669533
20179,0.29112692233149223
20180,0.4498062668280721
20181,0.11541871010104889
20182,-0.0463196790839615
20183,-0.25173536484407627
20184,-0.3058553522168043
20185,1.7847306422107625
20186,-0.8285233210296377
20187,0.23452352568279206
20188,-0.21565239162544952
20189,0.045956311437949086
20190,0.824023749053044
20191,0.22134578980156494
20192,-0.06282632543129135
20193,-0.23680443645305901
20194,-0.0938981752723707
20195,-0.10026674476820047
20196,-0.19279591553029132
20197,-1.1281727796532888
20198,0.06065547894656706
20199,0.3380110858513963
20200,0.4849398295191691
20201,-0.05342826087419353
20202,-0.06659617085340502
20203,0.14537889416261005
20204,0.2219347133192739
20205,0.26806780049120277
20206,0.23606979514548188
20207,0.03178162953195582
20208,0.10556534525144752
20209,0.5712773416557507
20210,-0.0027987099148363793
20211,-0.3779449932890121
20212,-0.4796206927431275
20213,0.014439951286930122
20214,0.008738581055782844
20215,-0.17708697363243167
20216,0.18843277208627526
20217,0.06263135899514927
20218,-0.14999795784428283
20219,-0.06687969959401542
20220,0.10005925725190089
20221,0.44416546521734107
20222,-0.5017004804400123
20223,-0.21424517330714535
20224,-0.07399713621517945
20225,0.3246940009843083
20226,0.25879350117463096
20227,0.1782436466591188
20228,-0.19660601428882193
20229,-0.09167169735846738
20230,-0.09971800243736509
20231,0.07767040340599923
20232,0.10777339180743065
20233,-0.41165812961777154
20234,-0.7253890112683651
20235,-0.20919525998456517
20236,0.6441066768851947
20237,0.12601669990955974
20238,-0.03944396694333593
20239,-0.28074103976872095
20240,-0.18280424591629357
20241,0.1406584324206494
20242,0.007666455756256112
20243,0.022113198858007086
20244,0.016718135219107533
20245,0.12673127991575292
20246,-0.2735456439255417
20247,-0.04827050313595394
20248,-0.6159508520319166
20249,0.15003133907643385
20250,-0.14750960374510103
20251,-0.9381471933984299
20252,-1.0640447572012939
20253,0.027060214045173038
20254,-0.03509512593793937
20255,-0.817048321610562
20256,0.005623055771997593
20257,0.11027139879634608
20258,-0.6642365170725024
20259,0.21117283437610265
20260,-0.013809990721804537
20261,0.1275835940939572
20262,0.13060731624374722
20263,0.45601296863770935
20264,-0.2469704011287766
20265,0.4006564198263466
20266,0.0992140768285354
20267,0.17175187357881833
20268,-0.23744058884516397
20269,0.0907086145137714
20270,0.06649274583050789
20271,-0.941650734069836
20272,-0.12921803498825965
20273,0.35262500839100896
20274,0.3833289116196949
20275,0.11776577243355875
20276,-1.3077161396444288
20277,-0.03366246480737141
20278,-0.24838480040637018
20279,-0.5078496809827749
20280,0.2636021996225
20281,0.2464124736923272
20282,0.02616596492413971
20283,-1.1185497076304265
20284,0.07700725060445586
20285,-0.39024016472667167
20286,-1.102979081019605
20287,-0.2256239842376967
20288,0.10449163799490002
20289,0.6190162214432287
20290,0.2201173551013572
20291,0.09687780570990771
20292,-0.018151851034782035
20293,-0.10813223194768873
20294,0.02007558872662204
20295,0.1538958589261538
20296,-0.09425980170523117
20297,-0.06075853372834092
20298,-0.09414996928451703
20299,0.1354023133803171
20300,-0.8974426569186881
20301,-0.03905771440342134
20302,0.5060116324410685
20303,-0.509919977141393
20304,0.3038070194403337
20305,0.4983589776802407
20306,-0.02861333924646869
20307,1.038913819962148
20308,0.21802390138849193
20309,-0.08815071380660622
20310,0.3053759025025729
20311,-0.4169071505526246
20312,0.8650707082639335
20313,0.18381589627508188
20314,0.3550138285638071
20315,1.1875168719696634
20316,0.7791143643011144
20317,-0.8067676285657864
20318,0.3573883249844716
20319,0.3465052087759465
20320,0.14221197233182717
20321,0.44679506497586213
20322,0.03152322306469936
20323,-0.020555436338324278
20324,0.230836764802158
20325,0.016427698889508315
20326,-0.11586558730549361
20327,-0.47457192585018537
20328,-0.11443648992904977
20329,-1.6313362804076303
20330,-0.26097392726894864
20331,-0.04696840563556659
20332,-0.030423944093669268
20333,-0.05889740119887549
20334,-0.653796599368612
20335,-0.09047717002929509
20336,1.0123391117101672
20337,-0.163579440413743
20338,0.16232289964598975
20339,0.02325472224832301
20340,-1.4179717833174346
20341,-0.2602213205113151
20342,-0.22613039203323199
20343,-0.05079015301150745
20344,0.781794171989818
20345,-0.3383975651481666
20346,-0.474847679246905
20347,0.101371337267028
20348,-0.17087717748177012
20349,0.0897462263780485
20350,-0.7662180197712841
20351,-0.39145159802785695
20352,-0.19517452916051178
20353,0.015739411842544435
20354,0.21472294673359715
20355,0.08718026203969588
20356,-0.06864284329769237
20357,-0.2721774898303602
20358,-0.13239354013975677
20359,0.5031564097995948
20360,-0.2329888813395791
20361,0.15226128251024593
20362,-0.4989412504000412
20363,-0.5205753523641076
20364,-0.1002790387309266
20365,-1.8879703125022735
20366,-0.7495673947887926
20367,-0.38574043027241284
20368,-0.2552026983391836
20369,-0.20569189296136703
20370,0.4204520028196334
20371,-0.26525578856513937
20372,-0.8670168893323348
20373,0.1329803266735416
20374,-0.28578330288183523
20375,0.12133126352252652
20376,0.23514397845236962
20377,-1.3104407847912727
20378,-0.22365850036908722
20379,0.4728357057007559
20380,0.0058375471579215745
20381,0.09397349804889307
20382,0.19665121903269725
20383,0.4893064665303319
20384,-0.2749967583128493
20385,0.010579264607021407
20386,-1.0845293945697323
20387,-0.287856310712482
20388,-0.14332682914205216
20389,0.10515236598908068
20390,0.558636677166035
20391,-0.044777456900378224
20392,-0.23173395508479228
20393,0.5528427537039743
20394,-0.09397469533289722
20395,-0.25433574203401876
20396,-0.8721223173381801
20397,0.110499659632443
20398,-0.23052441972480595
20399,0.12917343400874892
20400,0.16547885586746633
20401,-0.9796937924230742
20402,-0.41674664161692937
20403,0.1227579631055274
20404,0.4034793135639518
20405,-0.5377446123636509
20406,-0.28267681915236126
20407,0.6001673501785931
20408,0.2803711134520759
20409,0.6286215016023825
20410,-0.8555076112530922
20411,-0.08758338001642353
20412,0.1253695438126123
20413,-0.16344413729020216
20414,0.12754818406952043
20415,0.42034646873117076
20416,-0.6035863387363937
20417,-0.9307519733596475
20418,2.100341505076531
20419,0.5398508552634604
20420,0.3327488157261759
20421,-0.49211962750235166
20422,0.44819518164962613
20423,-0.04173877032930974
20424,2.1535856022897923
20425,0.45852037714454685
20426,0.7683191399063078
20427,0.15565874118195505
20428,0.4257061529311398
20429,1.2556858546898058
20430,0.41907899438230267
20431,-0.9237184465309835
20432,1.0927103089758905
20433,0.7411096032172639
20434,-0.022597950651005293
20435,2.0815958667479997
20436,0.27156856544451097
20437,1.0798911075041475
20438,-0.1407542457087851
20439,-1.2327719257793568
20440,0.558421014811732
20441,-0.18778252214609664
20442,0.33745159288114984
20443,-0.5482158804889005
20444,0.7972304269558708
20445,-1.0553818544329299
20446,-0.32294008516693706
20447,-0.24387567923258024
20448,0.14146521218051808
20449,0.34751667548552717
20450,0.14374754268206125
20451,-0.1581838143929964
20452,-0.2539524586687323
20453,-0.8624610676432278
20454,0.9504183466668488
20455,0.06622014510838152
20456,0.47839100351988384
20457,0.4238902510112552
20458,0.20797228369988996
20459,0.6118549480645153
20460,0.11101466835256238
20461,0.5918136590341208
20462,0.7100924846211425
20463,0.8479188404387064
20464,0.3798764957701705
20465,0.7169534875666269
20466,0.07094366021152834
20467,0.13262444823660932
20468,-0.4247838628912665
20469,-0.09316935794864976
20470,-0.4252752207381968
20471,0.32675448124539935
20472,0.16819591398100125
20473,0.12693751600560707
20474,-0.47651732164824906
20475,-0.09412168563146445
20476,0.16199252400133812
20477,0.15910937083035573
20478,0.37498049620560875
20479,0.4929653504289516
20480,-0.4623975695237343
20481,-0.14568348945920734
20482,-0.4151364462707198
20483,-0.15849042117633513
20484,0.3301537243720213
20485,0.16264911304256832
20486,0.11699728783739885
20487,-0.9383266975455288
20488,0.48610636386029554
20489,-0.10427572410299803
20490,0.046894427752308336
20491,-0.9780636173216525
20492,0.38676286209128036
20493,0.3870499312239573
20494,0.20378365599626183
20495,0.08073761698834009
20496,0.4987241734474331
20497,0.22092343947925502
20498,0.9553072657426465
20499,-0.1974853407347365
20500,0.3954925508847819
20501,0.017566321500174953
20502,-0.14188244117843984
20503,0.07507020530686465
20504,-1.5214231538038085
20505,0.26708423090719446
20506,-0.013905664448335221
20507,0.18399317432496332
20508,0.528292824190771
20509,0.0962913483240165
20510,1.225428928778589
20511,0.07639424413167677
20512,0.6416633363642567
20513,-1.0658054328082598
20514,0.9018863363353978
20515,-1.0849379317845689
20516,0.8593181111756754
20517,0.2826972382893954
20518,-0.7571945061712755
20519,0.7458591522383009
20520,-0.1628052181436946
20521,-0.42884297860203613
20522,0.05132847013140605
20523,0.4083058453704025
20524,0.6675597536707878
20525,-0.24956508863601026
20526,-0.6434299788226777
20527,-0.2665546757708217
20528,-0.08871533100438887
20529,-0.2681295180714055
20530,0.11239046850298866
20531,-0.13476650869684462
20532,-0.0627222873621986
20533,-0.18766460066521143
20534,-1.8543985918789472
20535,0.020736080997114038
20536,0.6767182627409511
20537,0.12905776058085294
20538,1.1765623764140065
20539,-0.9502969642469524
20540,0.03276345460079837
20541,0.32735486433029304
20542,-0.21238078863883111
20543,0.30688476724464336
20544,0.13747021908602863
20545,-0.18733487860439585
20546,-0.8282191900382968
20547,0.29468922205033565
20548,1.2662274787456644
20549,-0.1874803059176518
20550,0.07695688402988092
20551,0.003407105647529903
20552,0.6148334321695715
20553,-0.15474090089672873
20554,-0.23363454173715215
20555,-1.909102863119906
20556,0.50887944892915
20557,-0.5290427451619992
20558,2.1686490722068026
20559,0.427355697123013
20560,0.41582280570962077
20561,0.004459698140734314
20562,-0.2657910722837918
20563,-0.055904147242628065
20564,-0.13070155976657002
20565,-0.1757153746559075
20566,0.19244120779180457
20567,-0.3826962346399796
20568,1.9144526339020003
20569,1.1819296943647086
20570,-0.9369905277624343
20571,0.6857278662870258
20572,2.2883331127947577
20573,-1.0682745828362885
20574,0.6804442515536953
20575,2.0785699020749586
20576,-0.18602284162000526
20577,0.22132186968782747
20578,2.2061478408047566
20579,0.09334607106885567
20580,1.3410796970728522
20581,0.10132959041345935
20582,0.8711445601084539
20583,-0.36168215076535626
20584,-1.0840671146435412
20585,0.2683849190118241
20586,-2.331087988319207
20587,-0.10659833585858516
20588,0.8267453101226301
20589,-0.4175167375053174
20590,-0.6644424136270758
20591,0.3404605314409267
20592,0.491595124930651
20593,0.21398206483347076
20594,0.800593923060852
20595,-0.6185366073246086
20596,-0.8037934614974802
20597,-0.11769222499356345
20598,0.4358738678386423
20599,0.744633949681072
20600,-0.9307790935939226
20601,0.034935994483084064
20602,-0.3820795132619228
20603,0.3042618111762991
20604,-0.8120067714666085
20605,0.4275574993446012
20606,-0.05060957586681822
20607,0.5813139532811642
20608,-0.22340196140572938
20609,-0.4397138355743266
20610,0.09900384065989043
20611,-0.27440641921866
20612,0.12496622318421012
20613,-0.20150382415684542
20614,0.0265201022760373
20615,-0.8804399247752306
20616,0.17075219801365787
20617,-0.932762558396067
20618,-0.7485031528308159
20619,0.12088921482535459
20620,-0.30269619625924266
20621,0.12532146244860276
20622,-0.33184433482565345
20623,-0.405576210887727
20624,0.3674907730731269
20625,-1.1647741949186672
20626,0.33413326445672153
20627,0.7434213003156992
20628,0.29019758743027546
20629,0.6335714520822207
20630,-1.163618708952592
20631,-0.016278671978990612
20632,-1.2274484063058453
20633,0.42097419904727196
20634,0.1444662805550327
20635,-0.9516994737815323
20636,-0.26873888039107713
20637,1.084390379562265
20638,-0.30315551477239816
20639,0.4926563387917067
20640,-0.962738283980778
20641,0.2837875984621599
20642,0.9549487670861929
20643,0.349642052341165
20644,0.2523531467007742
20645,0.5031819554065154
20646,-0.40355072205423903
20647,0.10891616200036135
20648,0.4736220248236607
20649,0.7040850790426924
20650,-0.39191382600789965
20651,-0.11605170486429973
20652,0.2520990593445029
20653,0.0583799543028036
20654,-0.9973037253107381
20655,0.3274179127626773
20656,0.1168603037657517
