,p0q0
0,-0.11708014209531711
1,0.3288504914620988
2,0.25112497513467286
3,0.12146146370277981
4,-0.2590773312153311
5,-0.5634962550463306
6,-0.14909505339260287
7,-0.02857984319853608
8,-0.2598826089266991
9,-0.7626054804568421
10,-0.16153843659855738
11,-0.07978908517637379
12,-0.368711484173253
13,-0.924316037706774
14,-0.44402232268685843
15,-0.07195824947458349
16,-0.2520293304704354
17,-0.8691647371137236
18,-0.4074991597837239
19,-0.12052401739284728
20,-0.2531218949606375
21,-0.8759474723640682
22,-0.2745307259163688
23,-0.07766761985170234
24,-0.1908089774063227
25,-0.8622333526087387
26,-0.029042146404029367
27,-0.0513335352167839
28,-0.36604754191472577
29,-1.1724385082201134
30,-0.07429192770804806
31,0.07157543638686702
32,-0.29124961839015845
33,-0.5161478724747111
34,-0.17556832587805357
35,-0.11980917182725981
36,-0.29921910376060584
37,-0.6423094329063309
38,-0.40157742195710716
39,0.05513084884392623
40,-0.32453184872234603
41,-0.5028360901246157
42,-0.2945941025174627
43,0.06046770177341452
44,0.18205628820101002
45,-0.7831637973911937
46,0.1643560111401705
47,-0.8754870288353706
48,0.2844883294148111
49,-0.7772303482219566
50,0.14305523070842266
51,-0.6524984014280665
52,0.15889922298638862
53,-0.7523738900927088
54,0.36825920185920547
55,-0.811847239540173
56,-0.12718160170386308
57,-0.7993208275354787
58,-0.7896966914196276
59,-0.17302993516103865
60,-0.6427257315909378
61,-0.8475663686925871
62,-0.21552460272730703
63,-0.5525733275586505
64,-0.8707845114884831
65,-0.18114552202535578
66,-0.6456634061241829
67,0.585934983609447
68,-1.0708559154450514
69,-0.1318073296182596
70,-0.514879884493005
71,-1.0358848814418482
72,-0.20633448345550515
73,-0.6759041694494213
74,0.5093082389679312
75,-0.9627773317010586
76,-0.3060678560510768
77,-0.34402811478945267
78,0.32944733886308514
79,-0.8699251509817691
80,0.061206736621386475
81,-0.6828975049124103
82,0.2538618866826756
83,-1.5745869449448653
84,0.05822458967374572
85,-0.6913686037568698
86,0.482531512968662
87,-1.1427248238626517
88,-0.2801708728490662
89,-0.33944119198835004
90,0.4583161517206775
91,-0.9296314351536739
92,-0.17168337769466688
93,-0.6390018387761959
94,0.6551229914966288
95,-0.8951667703490797
96,-0.23498478595182676
97,-0.6840812633921208
98,0.2399585508325043
99,-0.9492292162125844
100,-0.15547501922484463
101,-0.7367931283814559
102,0.2588073819139559
103,0.012262946602518863
104,-0.07378755742399305
105,0.17079112569788885
106,0.0979186141579161
107,0.0027233653371761864
108,-0.22716632432400533
109,-0.6412005281020436
110,-0.25535495003402164
111,-0.09063401442269649
112,-0.31387900420390097
113,-1.0054119712935354
114,-0.25367413409837547
115,-0.04348684590908836
116,-0.27094707670407275
117,-0.5603492845909942
118,-0.05630781863144143
119,-0.08018598009745759
120,-0.26738882094981853
121,-0.9902153314070111
122,-0.18403019723174455
123,-0.06234331959513042
124,-0.03680228113428932
125,0.6891895451784887
126,0.4901268638267333
127,-0.09757790524413518
128,-0.005709113947042323
129,0.21499296141623364
130,0.22736839380261917
131,0.03162719712376695
132,0.0047894725506473605
133,0.212605364708855
134,0.3479689793975279
135,-0.19825985092819737
136,0.19913075152462473
137,0.22853089041905647
138,0.193824919349356
139,-0.12908606805291645
140,0.17146969712646024
141,-0.02408297677486331
142,0.09057336587183061
143,0.15065740632559588
144,-0.6007259747428157
145,1.1871639833618737
146,0.06715631988248796
147,-0.6762574505791944
148,1.2035534001427224
149,0.16072024383018102
150,-0.7676175381335023
151,1.144528785372043
152,0.16079289642203676
153,-0.7396647285611404
154,0.7399288293025202
155,0.09605615050141789
156,-0.6958722952930828
157,0.6234092486450138
158,0.07929971487060632
159,-0.8964181113301783
160,1.201694038173548
161,0.0846377319712581
162,-0.7342111485678416
163,1.0458972324089386
164,0.1759109444791748
165,-0.9374938207322819
166,1.2430194609904426
167,0.09746199972396519
168,-0.8077865397307481
169,1.8361041865050085
170,0.1152761216923495
171,-0.8076910024549183
172,0.9073613963582554
173,0.165457575666042
174,-0.8143379126350516
175,1.317064077480108
176,0.15701538722217964
177,-0.7403718886349658
178,0.8211756457511373
179,0.2166184338214691
180,-0.8029853134313777
181,0.4086891652314037
182,0.08871355638904453
183,0.1586236880572462
184,-0.9047875537211033
185,1.3161664727967837
186,0.16248230801301722
187,-0.7401518757119284
188,1.1741554382496682
189,-0.057515434511483506
190,-0.6962286683123489
191,0.8025799997030758
192,0.1703905245950652
193,-0.647898406842267
194,1.1136571045650483
195,-0.8460457072841551
196,-0.4779495223792345
197,-0.21849213499151038
198,-0.8710694733260914
199,-0.3806065613182863
200,0.018802237686933863
201,-1.3123595996962216
202,-0.2918627621721492
203,-0.04677488909638151
204,-1.4371766247965347
205,-0.4065001422641905
206,0.3092984946427804
207,-1.0944512475328478
208,-0.4434984939045221
209,-0.18760615577897358
210,-1.3007380652878762
211,-0.08198693858990476
212,-0.16462917168321178
213,0.4093741398212701
214,0.34205074352978027
215,0.5813524388245117
216,-0.32112445529162986
217,1.9442872875881014
218,0.4384864673693461
219,0.9020302326790484
220,-0.7201149700012492
221,2.231779311284774
222,0.5106728259232745
223,0.644726955446578
224,-0.21643247432765314
225,2.1924006837711767
226,0.5022008480598675
227,0.42323597810973235
228,-0.3464853758824957
229,2.1858993053280766
230,0.37658994494183706
231,0.4252832009358643
232,-0.31769163692158897
233,2.184676115103129
234,0.6433999568712402
235,0.8613228287071372
236,-0.55504201327586
237,2.2398612928475052
238,0.29277764928525074
239,0.8222663707348902
240,-0.37460464100964247
241,2.0936847382540287
242,0.011268675192892812
243,0.7427267531911079
244,-0.5185529052201809
245,2.262037602288663
246,0.5927583979900976
247,0.7860731745663396
248,-0.39723032116710233
249,-0.1469338860946345
250,0.40840635202002384
251,0.47930845635104713
252,-0.46681788994222706
253,2.2556410202612467
254,0.533959737293592
255,0.5472322027554077
256,-0.4614468417188285
257,2.1870265287458928
258,0.4177968516865873
259,0.9280443178096492
260,0.07784533228848216
261,2.1181494965620997
262,0.2716333929012571
263,0.20300655883804306
264,-0.017825715265847808
265,0.44549279269456604
266,-0.3046607871811378
267,0.28406114600708504
268,-0.6942055287053421
269,0.2977923020075235
270,-0.848900226013466
271,0.2484213181128002
272,-1.1472187138643186
273,-0.16377865247117204
274,-0.10765008721124719
275,0.006822558425759894
276,-1.0264699729908353
277,-0.07820859666869859
278,0.07454390701226196
279,-0.04964330690750949
280,-0.9480596487974268
281,-0.11873987728404911
282,-0.10805337724126693
283,-0.041118367508251236
284,-1.0059716383691626
285,-0.08599402609709063
286,-0.22163428422055212
287,-0.0734310231854933
288,0.3177252399281598
289,0.2992148321041287
290,0.5516676778450833
291,0.3077635992686241
292,-0.8547843922141852
293,0.21772893336592575
294,-0.9960217313197793
295,0.375197884941888
296,-0.8442060210521942
297,0.41126914471238174
298,0.2534732283804987
299,-0.901499049221098
300,0.3541107256799083
301,-0.6724152593141673
302,0.36300550649691954
303,-0.8323856694881765
304,0.35226972365223636
305,-0.733925427071395
306,0.20075479783808192
307,-1.2029527525547254
308,0.549932918729076
309,-1.2513599381661138
310,0.5001846208959423
311,-0.9207647157676981
312,0.4606313229345168
313,-0.9515182063319233
314,0.27146112760045604
315,0.5139762699574648
316,0.8903154750965463
317,0.33120079188979007
318,-0.16298211640385912
319,0.4833982182260201
320,1.0151521228390683
321,0.2625313113401714
322,-0.15698317470218442
323,0.31922154947190445
324,0.7028875722862238
325,0.33934118985534933
326,-0.1658962569824452
327,0.7694207005442955
328,1.1263744316930775
329,0.5310479370051566
330,-0.1614883501749863
331,-0.9965756623475763
332,-1.1748741836581558
333,-0.16913158915412055
334,-0.9936280706010868
335,2.153365538416654
336,-0.715505904128201
337,-0.10817938466778053
338,-0.3239415107501982
339,2.1079956644939526
340,0.11368197274047737
341,-0.13419797631412753
342,-0.0973917145362008
343,2.0995949299972296
344,-1.1405688724906546
345,-0.29536916969766724
346,-0.18747205057307528
347,1.9389638038570696
348,-1.1421832719611997
349,-0.2089308302876925
350,-0.0545548147376704
351,2.1184567007266644
352,-1.1708838016165635
353,0.17984878955838454
354,-0.9680969806216593
355,2.098294243246483
356,-0.8505303797688033
357,-0.09544217133590237
358,-0.3680269504346068
359,1.9411220621891334
360,-1.1966398034456716
361,0.20549457974542013
362,-1.0646443178424736
363,1.986975854182454
364,-1.1704885676073629
365,-0.14571044757070997
366,-0.1947733304695659
367,1.9683987262511837
368,-0.7883165462892854
369,-0.18596912036075464
370,-0.2313602510805664
371,-0.07614729299427814
372,2.088537993328033
373,-0.6844263440318963
374,-0.16911385864717313
375,-0.6919834985037622
376,2.0261759061856806
377,-0.8673546438260883
378,0.015387352031419329
379,-0.13147538466686529
380,-0.1361706260744644
381,-0.2537570102566773
382,-0.15328705423262873
383,0.26065254457410136
384,-0.23967093750635465
385,-0.08217486673363679
386,-0.04236133822723577
387,0.29515333936165855
388,-0.269069733555423
389,-0.04424195274973391
390,-0.9339904810964955
391,0.31211888224438744
392,-0.18025440010831245
393,-0.10533972701359298
394,0.165957473838401
395,0.3493816926302637
396,-0.14057598770046917
397,-0.21886115688185825
398,-0.7919894825366173
399,0.313062546619166
400,-0.33543807286737526
401,-0.2369565376970029
402,-0.3848650469361468
403,0.22693955752893774
404,-0.4381288422137674
405,0.2284008775535337
406,-0.0830399698665451
407,0.3524611965428515
408,-0.026384642218454733
409,-0.32765952047456415
410,-0.781898572503519
411,0.48286050979920453
412,-0.34219240660196193
413,-0.02724834249922572
414,-0.46563811655213655
415,0.44328521082535355
416,-0.01263907147629242
417,0.11281671206357922
418,-0.0895766874814075
419,-0.23806303805318468
420,-0.006266407449573931
421,-0.04488425386478747
422,-0.15853270746144954
423,0.31473018557563326
424,0.495667539192009
425,-0.25624662800338366
426,0.4446746281607885
427,0.2313517347580495
428,-0.17704151801422655
429,0.6722617816720285
430,0.35219390836266923
431,-0.4502721178838733
432,1.1508898175194175
433,0.32123584165583235
434,0.1183168057308451
435,0.3071003934843113
436,0.8050070969454185
437,-0.2838645231775581
438,0.07750397819545513
439,1.1045514767113227
440,0.9603710541813135
441,-0.22407585109244627
442,0.07472232016944402
443,0.6287701710517369
444,0.7683851889742381
445,-0.06581338453781986
446,-0.17547125969417657
447,-0.8255978010507296
448,0.5676022873448434
449,-0.1974652025361051
450,-1.1073221527637545
451,0.6339307250572633
452,-0.5737032917677758
453,-0.8426255907110022
454,0.35218305615721224
455,-0.23942969831283356
456,-0.9501806298515499
457,0.6369819187381116
458,-0.16925194901658747
459,-1.0424207748501764
460,0.5880840525704722
461,0.13419483925752806
462,-0.8283945293539559
463,0.549954914730827
464,-0.484691735021212
465,-1.0801168111428436
466,0.5868963947401453
467,0.09615625756374256
468,0.7172046094871115
469,0.7968618232680565
470,-0.19067955298024106
471,0.16018489705403907
472,0.14708358817348788
473,0.12107142004047267
474,0.1469326174538146
475,0.321518836270152
476,-0.2534200623176738
477,0.12545143605763495
478,0.3269587083069698
479,-0.07461893967564816
480,0.17087829037317592
481,0.19439464096822734
482,-0.21525618867603608
483,0.15768874983834114
484,0.2926687216959489
485,0.19140555725874686
486,0.5055330776904728
487,0.35123597199972434
488,-0.16579839748478936
489,0.16800555571231887
490,0.5066535886749879
491,-0.13066025437197734
492,-0.21892570804210865
493,0.4044384035836915
494,-0.2310168371890978
495,-0.9139508394618888
496,0.061259636793691015
497,-0.9074349945770531
498,-0.10329316796374191
499,0.1875842101723921
500,-0.9757354714126727
501,-0.21535138535311765
502,0.17241277712247435
503,-1.4288506325266463
504,-0.10760541300669044
505,-0.17675609213076535
506,-0.16712865016304224
507,-0.09143741836492844
508,-0.1770429972537588
509,-0.20932812543881046
510,-0.15320080264465694
511,-0.11247992369266731
512,-0.1839807808663614
513,0.19827957195797988
514,-1.4351826572637438
515,0.3614813777106023
516,0.28311940684934706
517,-1.0101950938780055
518,-0.2002085875746774
519,0.1561760038786187
520,-0.9325534710492643
521,-0.18894634057344933
522,0.13779748674266998
523,-0.8203411106035927
524,-0.12163840903670127
525,0.1875842101723921
526,-0.7895906835285978
527,-0.12900689744616636
528,0.2703885697329913
529,0.041365268060869556
530,0.08060513839064473
531,0.24606937286894837
532,-0.16425951737356104
533,-0.023877240683621494
534,0.13762347980851475
535,-0.13986362544460468
536,0.0886631018311396
537,-0.11858139641452714
538,0.026405036053518932
539,0.14041382064066307
540,0.7138242897053805
541,0.2770656994651673
542,0.3015216860772088
543,-0.30276732329887657
544,-0.5371696548840339
545,-0.39637872474974184
546,-0.03147265398295369
547,-0.3933073388546757
548,-0.5989398703403537
549,-0.03004088932738393
550,-0.0698768563042787
551,-0.27275606559197874
552,-0.5733795179623172
553,-0.08200305177122166
554,-0.09463935149294322
555,-0.14562418368991464
556,-0.7958921761060507
557,-0.12236550746642026
558,-0.027719465868230618
559,-0.30815757239420083
560,-0.5785370278375828
561,-0.30690292892860777
562,-0.2391551590949609
563,-0.2639037314836324
564,-0.4157462696569213
565,-0.23127758623007139
566,-0.14467553066325686
567,-0.29847481705323475
568,-0.7439780063290029
569,-0.20035407288200507
570,-0.21551036832779574
571,-0.26786697786427716
572,-0.6424861442944286
573,-0.4758266690483936
574,-0.01998048048475325
575,-0.31393266414642856
576,-0.6213319311939499
577,-0.039347895498363726
578,-0.10064054641703565
579,-0.3097153251598114
580,-0.6995370654458801
581,-0.28074834194655895
582,-0.03813765787967572
583,0.10372774203443841
584,0.1929967496152116
585,0.19008820461889944
586,-0.0479272113896693
587,0.052639296073764656
588,-0.8317516282597952
589,-0.0651129254266221
590,0.1563516128371802
591,0.22504684444771852
592,-0.06225122180973759
593,-0.1286779555776209
594,0.10565979789874999
595,0.49664298574425597
596,-0.06473115644431214
597,-0.11713179851240046
598,-0.7769168229671339
599,-0.015262845993417153
600,-0.05029094314124441
601,-0.22183148370791597
602,-0.6720816384978471
603,-0.2889559486590315
604,-0.08050095601881184
605,-0.31012269926950875
606,-0.6962267169056762
607,-0.22727574192287803
608,-0.059600076873859334
609,-0.2680661953038066
610,-0.5649581837475166
611,-0.2890568866099694
612,-0.07076298446829635
613,-0.27903821113164606
614,-0.7219017688948771
615,-0.13813685982123342
616,-0.06669390742884947
617,-0.23008437216039965
618,0.17681417604859714
619,0.15869928333171401
620,0.010257916972807809
621,-0.31616184953485443
622,-0.5538321752671372
623,-0.21881400986625113
624,-0.08893224874347373
625,-0.19050812440881246
626,0.14865041027036555
627,-0.1509042734897734
628,-0.3562343604036492
629,-0.04073845463114875
630,0.1898140236853365
631,-0.2972442617935328
632,0.07264427617981126
633,-0.5904356336554779
634,0.09373933841455537
635,-0.896235841406536
636,0.04127558965518659
637,-0.7188639752429942
638,0.05352199819165231
639,-0.8444292398872715
640,0.16601476148639516
641,-0.6061523673935563
642,0.07966691218537723
643,-0.8564185322214368
644,0.36999917373953933
645,-0.750905125859213
646,-0.2543178710832946
647,-1.1330299903906909
648,0.12894711871917058
649,-0.1777452806101615
650,-0.706644033259485
651,-0.09081207956175481
652,0.04521285093898006
653,-0.694528262296411
654,-0.08854990960916023
655,-1.1409096144032276
656,-0.17372800489105034
657,-0.2763013210383241
658,-0.7874324975215296
659,-0.6224428140875484
660,0.08771947598055956
661,-0.6626972364216587
662,0.3293940099012667
663,-1.013421656311522
664,0.061739157669405985
665,-0.6009563736830599
666,0.22915659954606396
667,-0.9569770614158956
668,-0.18704210862640802
669,-0.7183633819096028
670,-0.9242802742450349
671,-0.17495857861866343
672,-0.9982768377649069
673,0.2909920413143347
674,-0.8934044704240051
675,0.1118586543461887
676,-0.7299215674168807
677,0.3224297550199807
678,-0.8868881283991156
679,-0.19989555220105454
680,-0.6254180090980114
681,0.28999964296371983
682,-0.7658839109237173
683,-0.3428116178954291
684,-0.6892547430598946
685,0.459144318582509
686,-0.796707598599813
687,0.040794379512604964
688,-0.5386074249805249
689,0.27794399473446807
690,-0.933119250189072
691,-0.11882282596818555
692,-0.6645671008384688
693,0.27354682482028103
694,-1.2358145111162817
695,-0.0565731603705375
696,-1.0767438985645748
697,-0.373331173356433
698,-1.036354175720644
699,0.11145024867246014
700,-0.9629227781504794
701,-0.2729675299345599
702,-0.8348736893900479
703,-0.24849917650375655
704,-1.2474534326695972
705,-0.17005774122434228
706,-1.440914620691586
707,-0.23630132695031456
708,-0.8757333046954606
709,-0.264421317958688
710,-0.8570478209431334
711,-0.47548743372109936
712,-1.0249806340090017
713,-0.5444707793610628
714,-0.851460440412989
715,-0.17937093481533067
716,-1.265803637639837
717,-0.20137597753538844
718,-0.8252842093737152
719,0.37780861994347964
720,-0.8756501904176174
721,-0.1510283824254806
722,-0.7777648155215376
723,0.2636342870501315
724,-0.9616438145301782
725,-0.33716900971985053
726,-0.5703372490672192
727,0.25605274791120114
728,-0.8685699497060398
729,-0.17068780551853044
730,-0.8835052598950843
731,0.2874269539413463
732,-0.7361000283888192
733,-0.13875512306225196
734,-0.8888311128395856
735,0.3675182281884797
736,-1.1605655735084612
737,-0.14721867454071216
738,0.19261877957814155
739,0.1823163518084347
740,0.19797718806946737
741,-0.043956301507424876
742,0.13499925520555559
743,0.15039962178935576
744,-0.013289601898496659
745,-0.2536169897355486
746,0.18692362751000513
747,0.21985318531556813
748,0.09386627914146797
749,-0.3146408210410993
750,0.1727728544273822
751,-0.0653201429056887
752,-0.35411408354354545
753,0.1363110434527751
754,0.11145542343899102
755,0.03329789120035852
756,-0.12753895970599446
757,0.16504147899625543
758,0.0938768557476942
759,-0.029990872189503647
760,-0.01246402656174519
761,0.1627827334855812
762,0.18905140146612956
763,0.08859939520414868
764,0.053016519128758446
765,0.16636996209927732
766,0.16906223922288574
767,-0.022338090756394327
768,-0.0683090729232328
769,0.17142869077598435
770,0.200174349688962
771,0.02612511101239815
772,-0.04708361934775416
773,0.20600917897086185
774,0.01933360836980626
775,-0.021906734411404668
776,-0.13747556481589857
777,0.20229652834711745
778,0.015199306342984612
779,-0.05797383662728347
780,0.06662030731056952
781,0.30924196934064574
782,0.22071761263073786
783,-0.3053941196321119
784,0.16732625798572576
785,0.3353129014993984
786,-0.024353103157063842
787,0.22475073196907228
788,0.2396190274771843
789,-0.02880011763939986
790,-0.055213288677526375
791,0.09118940499777675
792,-0.08657685943128268
793,-0.13637604690335695
794,0.19394380725775096
795,0.1833096024611389
796,-0.026098764872843547
797,-0.3056133451611166
798,0.14055086430416186
799,0.1737721171243334
800,0.025043171047067866
801,-0.0651028903094085
802,-0.07324187760210372
803,0.33827171873322814
804,0.01982402242092248
805,-0.285536844989251
806,0.17132969415114166
807,0.37289167945615126
808,0.03131538401002684
809,-0.21392329290386577
810,0.2133978224312432
811,0.19788484548614982
812,0.02118920614378315
813,0.03270207175764531
814,-0.7758292153855973
815,0.9604534939737809
816,0.17455912790956987
817,-0.8150259042713855
818,0.8935852394691127
819,0.16479181776345153
820,-1.241302643845836
821,0.9620583710979445
822,0.14602301460211722
823,-1.018854153504281
824,1.5518427753783846
825,0.18349374330435467
826,0.1700302672466002
827,-1.0058253433905686
828,1.166706346836254
829,0.06973184072759327
830,-0.7742259701767386
831,0.8122481842372034
832,0.17157410237391157
833,-0.8470872167328007
834,0.8964112850130285
835,0.12703366628526977
836,-0.914669600025823
837,0.7751869156607694
838,0.07495482353149317
839,-0.7150803325146697
840,0.9452396041916987
841,0.1623413748341894
842,-0.0616210987359294
843,0.5464798981481542
844,-0.0560312037695635
845,0.2951274202276857
846,0.4008572689789
847,0.06765657719571948
848,0.10942695011644758
849,-0.4609928269386309
850,0.4955395026993219
851,0.07762542234777925
852,0.15178253677994516
853,-0.38838688702211044
854,0.5641776236873575
855,0.11636350757636545
856,0.7567848602918901
857,-0.7599095932800721
858,0.7527405727922235
859,0.26850532040148095
860,0.8801718541488216
861,-0.6464691565863573
862,0.5943322252508824
863,-0.022024680125206614
864,0.6107027100682744
865,-0.5923677868987055
866,0.5917236189422035
867,0.1448212091890135
868,-0.10900572219459985
869,-0.6464374774086099
870,0.33550117639320043
871,0.06290881546896715
872,0.13035397242926627
873,-0.8697768861179883
874,0.8802112670742618
875,0.14849986507800667
876,-0.6962286683123489
877,0.8967215806612172
878,0.04353455563542011
879,-0.745398471975856
880,0.9474980558071091
881,0.13054910808343445
882,-0.764658322696577
883,0.9494481436251904
884,0.07476729022639342
885,-0.7478878514169698
886,0.9684960668090473
887,-0.2204689061581479
888,0.375558190257257
889,0.604122403940595
890,0.33172029881948983
891,0.5034763093905722
892,0.41292136642792626
893,0.36209748012833765
894,-0.17264868556136034
895,0.2551858303597034
896,0.40579097482200865
897,0.066217513058072
898,-0.3095436581679202
899,0.07577687658455068
900,-0.17724756192193508
901,-0.28937983757024954
902,0.7984831719519371
903,0.47140373885977427
904,0.7981345067613994
905,0.3966364849186313
906,0.8228209344587337
907,-0.6510360028573533
908,2.2078831290501215
909,0.4976390295315207
910,0.4128644675745214
911,-0.48908283460824914
912,2.293503692359337
913,0.40064237687038107
914,0.4445607861304825
915,-0.3789125221406001
916,2.194391979145978
917,0.36911034896546374
918,0.11781896935301303
919,-0.5000386160185973
920,2.0768278366375204
921,0.38532445015393824
922,0.459275155774076
923,-0.7422781026595259
924,1.9533353920286887
925,0.39913324304242187
926,0.6565979322341724
927,-0.28487831412600195
928,-0.6703106365962314
929,0.4408647006371145
930,0.28493277385925553
931,-0.502372792499585
932,2.2215783186938918
933,0.5746924916628485
934,0.6711411296974678
935,-0.3716155061945289
936,2.219671898624784
937,0.6292593830830537
938,0.9976152922048942
939,-0.7408173463819252
940,2.289624911722739
941,0.556234176159541
942,0.4492914334067444
943,-0.49227130962089277
944,2.2530510933100496
945,0.4913637862746209
946,0.1482878792772676
947,-0.5437141361203135
948,2.23890171269714
949,0.29897336418213194
950,0.9770355519714194
951,-0.6120540064961876
952,2.2422598484355145
953,0.5639132713954725
954,1.097095779809588
955,0.1374174054881108
956,2.0755960397025444
957,0.620397100926953
958,0.6264990232966177
959,-0.4484201265867965
960,2.283202999458844
961,0.5401451372072107
962,0.04556693207562113
963,-0.5521529766032113
964,2.1990303210059223
965,0.6079223324403653
966,0.17530312533255515
967,-0.682179204395074
968,2.2086277677757953
969,0.628522057294052
970,1.0945243877028652
971,-0.631459510293501
972,1.8943815768059102
973,0.39544219302865674
974,0.7628595791276431
975,-0.5275153994650846
976,2.209528166801679
977,0.36436023838685616
978,0.09622922426413087
979,-0.39962649967952985
980,2.247194043617679
981,0.2627900507603685
982,0.16232546039581516
983,-0.31322088699413836
984,2.3003085063052633
985,0.4831544209631872
986,0.42303061584345497
987,-0.2092521362901552
988,2.2205077258363763
989,0.5892110770324464
990,0.412690083052463
991,-0.14449159468758746
992,2.273795726788707
993,0.6130566647457141
994,0.8109588430192369
995,0.2051989345217229
996,0.6691719534784957
997,0.3761903042992246
998,0.9866176224542698
999,-0.05643735406733317
1000,0.12865805683365147
1001,0.5773333528952879
1002,-0.33415350012149314
1003,0.04163478750140728
1004,-0.0076108103148547004
1005,0.2644779773711149
1006,0.4067401005813957
1007,1.1679002846265607
1008,0.34482389952761505
1009,-0.07364167469736056
1010,0.6606689114025326
1011,0.8457486108981558
1012,0.24851256631848925
1013,-0.25620333783869326
1014,0.36308306206081864
1015,0.41781299498222446
1016,0.5946811864896631
1017,-0.26668660001690647
1018,0.6059107389529974
1019,0.3092819356988375
1020,0.3162516102189711
1021,-0.2908581257950655
1022,0.8128567019042837
1023,0.3322636268018034
1024,0.30731413432512333
1025,-0.18490095230328435
1026,0.8413672624484251
1027,0.7063986262182862
1028,0.21068074066951786
1029,-0.13740006624692588
1030,0.3110898113353145
1031,0.7594230978172767
1032,0.17917542823980837
1033,-0.14099495808681015
1034,1.1012318420053906
1035,0.3496536465838285
1036,0.3297166083566979
1037,-0.14026965325040505
1038,0.6089021439016201
1039,-0.7167437446702066
1040,0.8379304055543255
1041,0.3323660400667048
1042,-0.10424350104423924
1043,0.35798415206173434
1044,0.8782215197206159
1045,0.2061643828782647
1046,-0.11724912181638748
1047,0.5056053811716666
1048,1.2202776189378732
1049,-0.2783105788463216
1050,0.3598136239026984
1051,0.846243811040987
1052,0.625738117664165
1053,-0.24641617808462876
1054,0.23700187901322348
1055,1.1307442771275213
1056,0.3963646435298053
1057,-0.160403037604572
1058,0.3218183047021149
1059,0.7441302296278083
1060,0.5311491192809682
1061,-0.30291378266304414
1062,0.4862464339886173
1063,0.7321837717706756
1064,0.31156218040133427
1065,-0.2919710968422919
1066,0.326463999483695
1067,0.8066069803064029
1068,0.2701607046572034
1069,-0.25954589500253267
1070,0.28608710634120305
1071,0.7450953980745407
1072,0.200222264580952
1073,-0.2818534631611693
1074,0.18474677188005165
1075,0.7982048248174617
1076,0.20232486855428175
1077,-0.3023295332916059
1078,0.35803481981421065
1079,0.7255895475834577
1080,0.39135589147272315
1081,-0.2116546583112568
1082,-0.1380420393319805
1083,-0.3396015903594232
1084,2.0486407322082303
1085,-1.2330389759948364
1086,-0.160215910121361
1087,-0.20967027868848656
1088,1.99793851985354
1089,-0.7158698053993912
1090,0.13686371507060194
1091,-0.152506321328392
1092,2.040910645113304
1093,-1.221695952968393
1094,-0.16999706868358241
1095,-0.7200142027081328
1096,2.041134865444669
1097,-1.2269071129349203
1098,-0.1430854357449542
1099,-0.07100584714796107
1100,2.0521646378597285
1101,-0.9888369789888184
1102,-0.37897594492110764
1103,-0.6107156971776172
1104,2.0295639253381945
1105,-0.8342218337377678
1106,-0.14331234812724414
1107,2.111365336762373
1108,-1.0601771846759929
1109,0.5848471076391332
1110,-0.7776967961645558
1111,2.175316297809877
1112,-1.057761596253411
1113,-0.5632700823587279
1114,-1.097500374053944
1115,-0.1672255051204225
1116,-0.6260141302404485
1117,2.043558953018516
1118,-1.306207090158182
1119,-0.26178046088315365
1120,-0.15654672218558396
1121,2.023972529968801
1122,-1.2335704265462475
1123,-0.14411424150230465
1124,-1.057623943906124
1125,2.0218609404017664
1126,-1.2007236247355775
1127,-0.3705874106165681
1128,-1.0547934880657255
1129,2.3093832107028165
1130,-1.229505551590861
1131,-0.18673188088292783
1132,-0.4832931954735632
1133,2.1704716676734237
1134,-1.1310685161201932
1135,-0.3018000491814127
1136,-0.6426325629289988
1137,2.0295241840494196
1138,-1.3076771384026207
1139,0.181409222907437
1140,-0.015629615162928653
1141,-0.7546139692261135
1142,2.0698436918054064
1143,-0.9914368399505835
1144,-0.16895213845221285
1145,-0.32738768348687536
1146,2.0202206632385087
1147,-0.8702791167377822
1148,0.0419578313302302
1149,-0.7396470405966752
1150,1.9667785762646168
1151,-1.2548601044708176
1152,-0.16768820949981103
1153,-0.1964744766123526
1154,0.727520073182918
1155,0.5277102807696537
1156,-0.25904599023407404
1157,0.4557418119079793
1158,0.2679115420783928
1159,-0.12843494861601812
1160,0.5898374368388426
1161,0.2279280167671704
1162,-0.13121501771629354
1163,0.558779435921578
1164,0.15675024181578506
1165,-0.21453932066657505
1166,0.29533930806151937
1167,0.21142939678338815
1168,-0.16775566712966036
1169,0.3759649670179271
1170,0.1692813352460239
1171,0.7102406731299822
1172,0.21088727807055063
1173,0.40273113755095996
1174,-0.36127166714077297
1175,-0.11115259674011276
1176,-0.25414079477426105
1177,0.13379812016177245
1178,-0.10761730057599656
1179,-0.14357005479459128
1180,-0.03929400310798884
1181,-0.10620615789310248
1182,0.6501200626227045
1183,-0.18125970762180516
1184,-0.3174251402728182
1185,-0.29192042348294395
1186,-0.22450066625870743
1187,-0.08283193672793093
1188,0.050514207262017455
1189,-0.2814416304748585
1190,0.03970078914229425
1191,-0.16069076514886874
1192,-0.0413118606658812
1193,-0.2806580475798186
1194,-0.2782533712523464
1195,-0.0937172618520756
1196,0.01918696842229198
1197,-0.1758624425981283
1198,-0.0860967416201329
1199,-0.19669138600628375
1200,-0.10302328687728911
1201,-0.1714022414608614
1202,-0.05500247853353615
1203,-0.14615484339870738
1204,-0.0873417279976667
1205,-0.17697585158878723
1206,-0.106315832761753
1207,-0.14456737403803538
1208,-0.48709957416569993
1209,-0.1089831978035116
1210,-0.0829879117043795
1211,-0.21796612008032626
1212,-0.05763152754498328
1213,-0.04560992322010356
1214,-0.12879714313467094
1215,-0.2034230881954575
1216,-0.08698606970676002
1217,-0.07905143265762497
1218,-0.09345860510205847
1219,0.05082965965403973
1220,-0.13360686946813138
1221,-0.15803780705173084
1222,-0.3865799763600225
1223,-0.056160230154933634
1224,-0.01579298968589075
1225,-0.2671750252950801
1226,0.1656521478035574
1227,-0.10325701154881385
1228,-0.2284018428358013
1229,-0.14058619773201111
1230,-0.11382419575939408
1231,-0.14807962947486472
1232,-1.0711565581639928
1233,0.4781862516493544
1234,0.14678464664485955
1235,0.28871172193477923
1236,0.07897958886008108
1237,-1.2924603498839933
1238,0.3179310637533356
1239,0.3332607222214877
1240,0.22941211944047737
1241,0.41083440977339586
1242,0.29855977098858777
1243,0.26284448689699724
1244,-0.8133160068643555
1245,0.423704450240857
1246,0.2898771905084191
1247,-0.7196504378905806
1248,0.3197411912233243
1249,0.12116676864527612
1250,0.5212844912120441
1251,-0.014314321637468604
1252,-0.15786073138383777
1253,-0.3024101675604151
1254,-0.593998555558704
1255,-0.1965829025371329
1256,-1.1424495919552788
1257,-0.35522489345058006
1258,-0.11606175763277159
1259,-0.1962957539459708
1260,-0.5944352044996758
1261,-0.3115902038102376
1262,-0.060909090165875375
1263,-0.24727829029276327
1264,-0.5964430799575513
1265,-0.3182300988250407
1266,-0.16803817957272613
1267,-0.35753501866799714
1268,-0.5935283674893646
1269,0.018184394854711627
1270,-0.25056705875101387
1271,-0.7259175102678662
1272,-0.4388503352501761
1273,-0.1384187741116853
1274,-0.25446858011947515
1275,-1.1680814122368202
1276,-0.3824842355887252
1277,-0.3319415116951938
1278,-0.8169514191246224
1279,-0.2709872581071891
1280,-0.016228936879171037
1281,-0.2512016492626274
1282,-0.8024249016729511
1283,-0.21701019927189
1284,-0.11115792139112562
1285,-0.3206227492040463
1286,-0.5927255223119715
1287,0.1664940675041438
1288,-0.7397641449103715
1289,0.16262010638194468
1290,-0.9309144033722412
1291,0.48326586325135085
1292,-1.1900025564082475
1293,0.09392823318944414
1294,-0.9299185702629634
1295,0.3648202754891231
1296,-0.7078922825702582
1297,0.04854465680656117
1298,-0.8754860640790262
1299,-0.006869701024739131
1300,-0.8064806343371662
1301,-0.9941358131642126
1302,-0.44998819828227177
1303,-0.6068596674058356
1304,-0.7599406739105369
1305,-0.1470343514456266
1306,-0.6620971972984371
1307,-1.141856563385276
1308,-0.3238493563222119
1309,-0.3493734699525986
1310,0.6242903562735306
1311,-0.9372473335250239
1312,-0.03290653365724868
1313,-0.6902566957407024
1314,0.64251044386574
1315,-0.7586154774127017
1316,-0.18688193498402764
1317,-0.7932864856564141
1318,0.6641977410997607
1319,-0.8210266968330664
1320,-0.225485391080889
1321,-0.9141007227669099
1322,0.22201982476333096
1323,-0.823004867480359
1324,0.12484277476232336
1325,-0.8401333950586786
1326,0.2605019003539006
1327,-1.3741560491731204
1328,-0.19205015154614782
1329,-0.5556531153910526
1330,0.3403871869988051
1331,-1.1142184913280198
1332,-0.2672736291692429
1333,-0.7477778969690585
1334,0.24103693025964157
1335,-0.8629023026614575
1336,-0.06561445583100857
1337,-0.7579133223245613
1338,0.20360510223722839
1339,-0.8862623010712123
1340,-0.12368963776119203
1341,0.2814257266613681
1342,0.01589426418294542
1343,-0.04465943006053933
1344,0.03570664687792843
1345,0.1926769773784985
1346,0.17668977400304892
1347,0.04880883331719347
1348,-0.28486297243177644
1349,-0.6671086801873484
1350,0.046395366646376994
1351,-0.16011871741542033
1352,-1.100762962671759
1353,-0.48673824874035115
1354,-0.0843942671175593
1355,-0.3041725879723617
1356,-0.8446843458236146
1357,-0.354596965842582
1358,-0.20308560098360667
1359,-0.3487374441841957
1360,-0.9921073775390822
1361,0.22641056879703292
1362,-0.06889264024580591
1363,0.038676609133756666
1364,0.2217140102225519
1365,0.24416634822297617
1366,0.06790407168149927
1367,0.04154755412781161
1368,0.12230078111397241
1369,0.19095502893982375
1370,0.07381584276377094
1371,-0.11994397892325308
1372,0.1640393959059749
1373,0.18837411338681678
1374,-0.01722966452119081
1375,0.006751864359391445
1376,0.1657419018818332
1377,-0.07244757327583053
1378,0.009469836342145347
1379,-0.000995655138540748
1380,-0.7002369625745519
1381,1.283978211076288
1382,-0.35704356315625085
1383,-0.8290223705635777
1384,0.8946781801545338
1385,-0.8185766091884222
1386,-0.18191350001316822
1387,0.12765489251351275
1388,-0.75262953894446
1389,0.8446507602027913
1390,0.157876771248328
1391,-0.6907362225720795
1392,0.5486357496718541
1393,0.03406515884739343
1394,-0.7445966118256859
1395,0.9729974503957309
1396,0.09733912488889207
1397,-0.7414425932093913
1398,1.2021925007525447
1399,0.3987269554994501
1400,-1.124885571118538
1401,0.9271268657896929
1402,0.15561119398685416
1403,-1.0566760371873647
1404,0.9603033315024887
1405,0.12206778293118739
1406,-0.9802113618928423
1407,1.1910317331568958
1408,0.02350619549022404
1409,-0.7654842500810717
1410,0.8791920119856594
1411,0.043706898347368205
1412,-0.8197067282911523
1413,1.2163566540977955
1414,0.24806130474496632
1415,-0.6453480066659382
1416,1.9710492764336303
1417,0.12832576585182062
1418,-0.9181742675234862
1419,1.1106227831702238
1420,0.04446739569662896
1421,-1.0975583218810525
1422,0.918504892862612
1423,0.14725938091445331
1424,-0.7865502896919648
1425,0.8532395801883549
1426,0.24778357534362414
1427,-0.7867358453446803
1428,0.8812988374116165
1429,0.14611635900946568
1430,-0.8045289130488221
1431,1.3060189144219696
1432,-0.9653876757901338
1433,-0.2648041697046038
1434,0.33180822177490377
1435,-0.9202004473259182
1436,-0.3198694155456291
1437,0.0031761053346591227
1438,-1.1657421630915445
1439,-0.27386531147163506
1440,0.0596390454080622
1441,-1.20433859668851
1442,0.07896246558583594
1443,-0.21042253300648373
1444,-1.2623948043988176
1445,0.310840128984011
1446,-0.36072541828525734
1447,-1.092635798649962
1448,-0.333729699452649
1449,0.0489008018729134
1450,0.2753666931931515
1451,0.4373493904471663
1452,0.16893048686145368
1453,1.9531079793504693
1454,0.5640510724903341
1455,0.14788741816200632
1456,-0.6287960482187348
1457,2.2204003117770954
1458,0.6056065296482415
1459,-0.11128127693134118
1460,-0.521299724628271
1461,2.187970193425538
1462,0.3810445693180513
1463,0.4829851955949676
1464,-0.2773542418562389
1465,2.278871835365151
1466,0.38885077737477886
1467,0.5078580956772727
1468,-0.8235714407787335
1469,2.0855647771485795
1470,0.4504965502737128
1471,-0.8621632430663942
1472,-0.1427894942140657
1473,-0.005283742568049769
1474,0.1424600827750967
1475,-0.5287379102970607
1476,1.900686400041767
1477,0.1594770118756415
1478,0.5149710521554651
1479,-0.3736255178561805
1480,2.024506679263922
1481,0.4872073060730767
1482,0.7983430327971717
1483,-0.4686208065295023
1484,2.2297447514432207
1485,0.4380409772174805
1486,0.5329420182775355
1487,-0.481334416100202
1488,2.2392458682980716
1489,0.48284706955932694
1490,-1.1562312116060895
1491,-0.13034469086695494
1492,-0.10652364751457802
1493,0.25935900868467204
1494,0.008576924338794424
1495,-0.045305091490211453
1496,0.20805467815408282
1497,0.19166546819568978
1498,0.21512320515392064
1499,-0.3296787761060295
1500,0.309755423477534
1501,-1.148132441635758
1502,-0.05929570148860895
1503,-0.13347528635747755
1504,-0.054296914178866694
1505,-0.8951901638081563
1506,-0.11692286982570396
1507,-0.2082897136244419
1508,-0.08440905017060238
1509,-0.9516587430433227
1510,-0.13318775843453745
1511,-0.17740860148319754
1512,-0.044454374140835376
1513,-1.0345874911190245
1514,-0.08098823948759547
1515,0.026818187677812515
1516,-0.06901925539975394
1517,-0.9491715107036726
1518,-0.20779492846645273
1519,-0.2228336278992535
1520,-0.03826100541938211
1521,0.42958888062446254
1522,0.32278201336417583
1523,0.3596002989230096
1524,0.5485795748144215
1525,0.36644975147814357
1526,-0.5887661147138257
1527,0.5034996692922817
1528,0.32404375153023907
1529,-0.8498994451425883
1530,0.3775897169327099
1531,-0.8594804233982296
1532,0.5048453347154516
1533,0.31416876930689136
1534,-0.8716180718557892
1535,0.5151920643439961
1536,-0.5643003082562352
1537,0.25215430632354624
1538,-0.9006354473074852
1539,0.48466880154540837
1540,-0.8139133903297168
1541,0.33474564380294997
1542,-0.8762848437151255
1543,0.5409622459085223
1544,-0.831584569664343
1545,0.356331133273097
1546,-0.8596155377185029
1547,0.4686355887270637
1548,0.2636886317113117
1549,0.496725464518301
1550,1.1116442223443972
1551,0.317469862891815
1552,-0.23565845955947778
1553,0.33046329795761487
1554,0.29136912197197284
1555,0.4782593032368114
1556,-0.3377914410476692
1557,0.4077056760990776
1558,0.9302911312529035
1559,0.5675283235583456
1560,0.11891693623302324
1561,0.10897382496527627
1562,-0.16242403533216085
1563,-0.10958492102995811
1564,2.0804118030826557
1565,-0.8529905625733263
1566,-0.12918899753239743
1567,-0.03630575905645579
1568,2.041065308889706
1569,-1.1867731020990095
1570,-0.16638887184462073
1571,-0.6830018617494651
1572,2.124073018976705
1573,-1.1283597895018886
1574,-0.29226377070729637
1575,-0.3270466603535775
1576,2.0739447333493146
1577,-0.7752687193135537
1578,-0.1143061810077631
1579,-0.9578996460062769
1580,2.061691594942122
1581,-1.1855834430386525
1582,-0.0961885048970319
1583,-0.10855372928184925
1584,2.0548302201121893
1585,0.09096774361909979
1586,0.035019901101329534
1587,2.058276130486895
1588,-0.5897023260914221
1589,-0.07722896543620823
1590,-0.5065166478418364
1591,-1.1579472098259656
1592,2.01733602151963
1593,-0.8495154338660077
1594,-0.1594426564003834
1595,-0.023306743416908016
1596,2.110134984549763
1597,-1.3200879462232256
1598,-0.24184763923715769
1599,-0.12156052504112104
1600,2.071040066556039
1601,-1.0861916901677695
1602,-0.0412667752317831
1603,-0.03343709196622351
1604,0.09287476130605768
1605,0.013095975469806342
1606,-0.13346840428715848
1607,-1.0735982964555644
1608,2.0593970708446454
1609,-0.8259846628662535
1610,0.08997525645836517
1611,-0.11424995337146412
1612,0.015493821181262753
1613,-0.1693413930272197
1614,-0.09861963494400862
1615,-0.16840754386099782
1616,-0.09046842099519932
1617,-0.03861024698675255
1618,0.32578502409499727
1619,-0.23479281602459157
1620,-0.09211938473380632
1621,-0.28259742836796925
1622,0.5803606983103002
1623,-0.08708325772252694
1624,-0.032796130258063556
1625,-0.995728833544646
1626,0.547529581081879
1627,-0.250173033326912
1628,-0.05276086793775628
1629,-0.2204831594467917
1630,0.5600209658775418
1631,-0.25503933057125355
1632,-0.02441267689880121
1633,-0.10071059971422074
1634,0.3753937013749898
1635,-0.06330986732823979
1636,-0.20502081719190185
1637,-0.02340783293704381
1638,0.47253376538070396
1639,-0.23951289422549585
1640,0.019584922472058387
1641,-0.9915318666597907
1642,0.45150252611548836
1643,0.03194186507893005
1644,-0.07690887467482761
1645,-0.06667707871364487
1646,0.3431168003503083
1647,-0.20937552761426867
1648,-0.03249797451382094
1649,-0.514826960193469
1650,0.33105189251893313
1651,-0.025874362613290562
1652,0.10846538238618027
1653,-0.0937686177693635
1654,0.16383551906460284
1655,0.08910144051897989
1656,-0.09325399870463709
1657,-0.2041550193858906
1658,0.3032572046135058
1659,0.42767601094650687
1660,-0.2291034358376744
1661,1.0759984452017388
1662,0.6094822196967762
1663,-0.07637438512837982
1664,0.6331290635099304
1665,0.5494549294189423
1666,-0.21438397047312943
1667,0.9966416909701159
1668,0.27211707851820954
1669,0.13039475784488463
1670,0.8680709324352567
1671,-0.09793192263138727
1672,0.27236720953752197
1673,0.298233226487037
1674,0.8857911004776581
1675,-0.1106765503816119
1676,0.4346329134335796
1677,0.46354538323420635
1678,1.0006826128693
1679,-0.6036988226619117
1680,-0.11482632792899394
1681,-1.000584324599938
1682,0.5071428546418497
1683,0.3117413759015602
1684,-0.6556531517544731
1685,0.6790199808506321
1686,-0.35181034674902445
1687,-0.7976828542195469
1688,-0.5843888167921893
1689,-0.9375255987477449
1690,-0.34208624137556126
1691,-0.8494450578403715
1692,0.6745591384384896
1693,-0.28800610475859095
1694,-0.9640321719137706
1695,0.6829040540808563
1696,-0.32982722832146566
1697,-0.9796212602019132
1698,0.6852048737039558
1699,-0.47787299308161213
1700,-0.7633257624160932
1701,0.4558033811425669
1702,0.03517550142047092
1703,0.5249896240055306
1704,0.7718597467038312
1705,-0.14096490398788297
1706,0.21285917160158324
1707,0.2321646926577865
1708,-0.17437483376545032
1709,0.15223699196609797
1710,0.8083863395699193
1711,-0.05017017835201037
1712,0.17590097287262252
1713,0.1340893498804055
1714,0.16002714280369063
1715,-0.9647160070109001
1716,0.052116509304662224
1717,0.18025128729846004
1718,0.24091864396504886
1719,-0.08893603025007302
1720,0.156234889317488
1721,0.31156136457302064
1722,-0.12800272332126783
1723,0.122997964978276
1724,0.1480515966612704
1725,0.007100756172341426
1726,0.08407806346862295
1727,0.4275118979593249
1728,-0.2003553514652819
1729,0.17381801538616867
1730,0.2294539794360226
1731,-0.17129893838632979
1732,-0.8708002506923297
1733,0.1895684121128073
1734,-0.9246510549093223
1735,-0.1821950717308219
1736,0.04221990472173477
1737,-1.37488252200587
1738,-0.21489196475493733
1739,0.20260322122597005
1740,-1.7426621158212425
1741,-0.11964977922395906
1742,-0.2230709719842587
1743,-0.06317971082815
1744,-0.24450188943396645
1745,-0.20321851307186295
1746,-0.18020499199111834
1747,-0.044348323626612327
1748,-0.2123427864478959
1749,-0.13024779895984784
1750,0.036883267074188104
1751,1.9455692427727134
1752,-0.8631604953195827
1753,-0.12061832584637687
1754,0.06917941284779654
1755,-0.1855545639035093
1756,-0.010193159085006112
1757,-0.22380078752804644
1758,0.075412507765522
1759,-1.0039114458247935
1760,-0.1387261773753743
1761,0.14993300930566703
1762,0.10692717808654809
1763,0.1687167787727268
1764,-0.9987905792512721
1765,-0.18385028225444372
1766,-0.02774233924295112
1767,-0.10178074314212908
1768,0.16794455001021713
1769,-0.9831450940325208
1770,-0.22431539787407084
1771,0.18284259281401094
1772,-0.6786759907751322
1773,0.0703199600554368
1774,0.08992660307173284
1775,-0.16486139853400325
1776,0.30176017625417534
1777,0.13995517968636195
1778,-0.019312532809640858
1779,-0.009344632015939032
1780,0.13674743118617227
1781,0.8532561808877234
1782,-0.21525457986854468
1783,0.21301472201422636
1784,0.9716364769079505
1785,0.13915668722624835
1786,0.34507686477673577
1787,-0.25291495354110066
1788,-0.5235797173229259
1789,0.27879776309151727
1790,-0.08562351679843798
1791,-0.05889084338700238
1792,-0.5996057750681806
1793,0.13142700896273923
1794,-0.2895027858994289
1795,-0.5925650024337653
1796,0.3391168928646781
1797,-0.0903459548156153
1798,-0.20904516474097354
1799,-0.6941347552266055
1800,-0.11306507467704306
1801,-0.08694693449939508
1802,-0.297683708442125
1803,-0.5603210416104367
1804,-0.15670298904047647
1805,-0.05723738825370187
1806,-0.22462276275790105
1807,-0.5888782030461012
1808,0.2075275386819941
1809,-0.1587902922292397
1810,-0.2633924283287737
1811,-0.6059956659550639
1812,0.059402346474174264
1813,-0.18691138074971986
1814,-0.33214798898928355
1815,-0.8196005465809264
1816,-0.3400191276211526
1817,-0.1111207230703574
1818,-0.24644379790307255
1819,-1.050225544657853
1820,-0.07609168658653137
1821,-0.08953188205767727
1822,-0.033983383047484036
1823,0.5097092801680919
1824,0.8647082805496583
1825,0.1934399574473896
1826,-0.18082096966078162
1827,0.2006391104323349
1828,0.1892680334463464
1829,0.020443768547824575
1830,0.1662894839034156
1831,0.1672032191281472
1832,0.12505564961818852
1833,0.08448401707865488
1834,-0.3855488755842856
1835,0.21480794479928347
1836,0.1859891025525639
1837,0.05279276631822988
1838,-0.2099575897640834
1839,-0.7040044868700602
1840,-0.34776855552699204
1841,-0.04688882604581355
1842,-0.3036346901205792
1843,-0.5973972903152894
1844,-0.3038223459910847
1845,-0.09014213587255916
1846,-0.3039965398191414
1847,-0.6029650408035572
1848,0.1386236543062686
1849,-0.10178252488996695
1850,-0.23113162842823848
1851,-0.6733544100161586
1852,-0.3135624365482598
1853,-0.06216224419359387
1854,-0.2587156853661934
1855,-0.5956956781338674
1856,-0.25714877891954624
1857,-0.08890945406691154
1858,-0.2768555309279364
1859,-0.5928426408740267
1860,-0.26038185578736506
1861,-0.07471950169120306
1862,-0.1354749540279769
1863,0.18460463092395316
1864,0.2568081908230883
1865,0.06784850629060422
1866,-0.2930484039729353
1867,-0.5643034641804481
1868,-0.17939318234957624
1869,-0.05790946353978394
1870,0.07104029189944269
1871,0.14906955824239523
1872,0.2824123362599743
1873,-0.14986313315855793
1874,-0.14315447560815764
1875,0.18714752513865188
1876,-0.37855341218525135
1877,0.038602176718758395
1878,-0.5261224186025266
1879,-0.1998550493666025
1880,-0.934722870183764
1881,0.17711554346353664
1882,-0.5283438441578405
1883,0.651851742749033
1884,-0.972688489617607
1885,0.02300970944452599
1886,-0.8468183484865063
1887,0.1622170824878616
1888,-0.6630158640052932
1889,-0.9396301422967264
1890,0.0979139018494741
1891,0.0075023256591324255
1892,-1.249078408215423
1893,0.13681770655018502
1894,0.43769795349498924
1895,-0.8124502495431456
1896,0.20294751009467718
1897,-0.2668217229257015
1898,-0.8408166315522293
1899,-0.0504427010022995
1900,-0.29808120715139763
1901,-0.6883629346134059
1902,-0.062396815297590336
1903,-0.14822503792046268
1904,-0.6103125941248623
1905,0.3103946024398138
1906,-0.20872945127008077
1907,-0.5240384738930907
1908,0.2450013044791957
1909,-0.011184905567306253
1910,-0.5967187555119647
1911,0.10628549751094686
1912,-0.8563239491077854
1913,-0.06947323288223954
1914,-0.518705329144696
1915,0.3533811598869457
1916,-1.011020303031956
1917,0.3267127357117768
1918,-0.5598114052945471
1919,0.276427557402168
1920,-1.08185351678315
1921,0.8623603331767752
1922,0.5550819102305973
1923,-1.0123940577111825
1924,0.30904826880411423
1925,-0.508813431436491
1926,0.369605836110246
1927,-0.9877202898101907
1928,-0.1363505044620823
1929,-0.6400765807708924
1930,0.2597770970619494
1931,-0.8822688273971236
1932,-0.1805527038504982
1933,-0.8413794133333709
1934,0.6605848821848962
1935,-0.7645003427398838
1936,0.218734671091675
1937,-1.0287954703080753
1938,0.29322276413914705
1939,-0.8895842525791043
1940,-0.11824384680037
1941,-0.8268263729172289
1942,0.36406470312139394
1943,-0.9515139372904349
1944,0.09122184601654172
1945,-0.6447593975470105
1946,0.3628457893096538
1947,-1.482619413723632
1948,0.06910717577762722
1949,-1.0714175404785669
1950,-0.01041778015052623
1951,-1.4501430660780954
1952,0.012291040426484504
1953,-0.9287942645021555
1954,0.07151088242090392
1955,-1.1285282390021656
1956,-0.26353602017359284
1957,0.2800638067792909
1958,-0.9308220682939923
1959,-0.19319913490156343
1960,-1.495967568213121
1961,-0.17120341137338577
1962,-1.2041140725242028
1963,-0.09301432349548255
1964,-0.9476302940538348
1965,-0.25665591223071393
1966,-0.8228182306276639
1967,-0.5624884760846455
1968,-0.9081803759508187
1969,-0.30279307302382846
1970,-0.9278464309041242
1971,-0.19753821055686802
1972,-0.715724234499686
1973,0.37773649754160993
1974,-0.7740259760393622
1975,0.10852687011150758
1976,-0.6415119787007375
1977,0.4597473197341607
1978,-0.8683896845389051
1979,-0.343044675928665
1980,-0.7919402674774273
1981,0.26490639550793316
1982,-0.9305279711618551
1983,-0.09617775761589145
1984,-0.6946081392131254
1985,0.3049268806083007
1986,-0.7583724525157062
1987,-0.2885404847703486
1988,-0.5679481822851837
1989,0.41373358042624764
1990,-0.897328398296233
1991,-0.14003299696862306
1992,0.15569280948480343
1993,0.1296238321050783
1994,0.05095081411150024
1995,-0.3363460054503856
1996,0.2000953753066406
1997,0.22536012030391592
1998,0.30493241789769554
1999,0.1874207451005083
2000,0.25409467828372806
2001,-0.11037562008980469
2002,-0.2900084001830678
2003,0.1374474225876538
2004,0.2724133797284493
2005,0.08448401707865488
2006,-0.13872946770626388
2007,0.17590097287262252
2008,0.24710996870826754
2009,0.22140898491316974
2010,-0.29699284528374476
2011,0.16174083461966554
2012,0.14582550436410238
2013,0.06191430585386603
2014,-0.22246142532998142
2015,0.15555947615147012
2016,0.28977846325268686
2017,0.3139219796520134
2018,-0.14243751639198124
2019,0.1837117226261236
2020,-0.23179489159301667
2021,-0.019178760840674238
2022,-0.2720697498288909
2023,0.17803229901190068
2024,0.17663655671450498
2025,-0.001342661112769334
2026,-0.09832598518557709
2027,0.1541914253260237
2028,0.040884791993874466
2029,-0.012833259993758808
2030,0.1914300078603548
2031,0.2133507515869432
2032,0.07752952249649049
2033,-0.0557761096115281
2034,0.633492782304789
2035,0.00786976528440508
2036,-0.1254987457456651
2037,0.15492768888662686
2038,0.15787672315269277
2039,0.0633764340048768
2040,-0.08296014115308306
2041,0.20038381357545915
2042,0.1357632111934489
2043,0.13580684700160636
2044,-0.19431402054088104
2045,0.17817915331024364
2046,0.2280837804369277
2047,-0.2485432950373553
2048,0.1621582478855833
2049,0.04408332702824328
2050,-0.1070689742252719
2051,0.19168530750050722
2052,0.15300188664272096
2053,-0.004779662982147562
2054,-0.1448067413425819
2055,0.18169890726634638
2056,0.12369898136335597
2057,0.04970728712121826
2058,-0.16311888785733217
2059,0.18356290158714653
2060,0.3244308982396888
2061,0.05930781594407769
2062,-0.113521953614352
2063,0.1805895963056805
2064,0.013643440431587385
2065,0.06173880224494063
2066,0.10224306400050226
2067,-0.8896018637660461
2068,0.9107835203411794
2069,0.16324646548555316
2070,-1.1095102595533708
2071,0.7503512430677123
2072,0.059734816308032485
2073,-1.28292652809738
2074,0.8621035592821669
2075,0.14646055958074825
2076,-1.1452569085310167
2077,1.0931025391732494
2078,0.17311828284764624
2079,-1.076394746729194
2080,1.152268225342674
2081,0.15775781870408448
2082,-0.8015644234382129
2083,1.1074953183711622
2084,0.38685846028724685
2085,-0.8341285795421906
2086,0.8363946408842242
2087,0.4546416345365815
2088,-0.9189595352805104
2089,0.9629301140978365
2090,0.1529279962372001
2091,-0.49208401511502936
2092,1.6830854921267808
2093,0.1715626932356882
2094,-0.5720298154133439
2095,0.7898351000822423
2096,0.09779592826713292
2097,-0.5865673143132961
2098,0.4856171906255555
2099,0.32359924684497476
2100,0.08680342046663363
2101,-0.6950994114148683
2102,0.5762865948187159
2103,0.14168450434530933
2104,0.8602384395839503
2105,-0.5520388785239242
2106,0.471306558781948
2107,0.04942484039815177
2108,0.40530180528754794
2109,-0.641109437230493
2110,0.13494246424263953
2111,-0.039904383696093663
2112,0.37077065468188414
2113,-0.6138286074153272
2114,0.09225951118473269
2115,0.20831338264618812
2116,0.4223305987922889
2117,-0.6101069040568552
2118,0.5160225318250489
2119,0.1988722396651728
2120,0.3202724805169847
2121,-0.48874336507527677
2122,0.7209849887525489
2123,0.09565196062541795
2124,0.10189116636237103
2125,-0.6411479255017889
2126,0.4285775097417088
2127,0.19421642075416448
2128,0.046211599454672736
2129,-0.6575652065911286
2130,0.5065311160117479
2131,0.48728632706306707
2132,0.11689719202339056
2133,-0.5361329166893887
2134,0.9229903315547655
2135,0.1253365713351675
2136,-0.30107416031096607
2137,0.1759432386162336
2138,-0.4426418494376921
2139,1.565378888256958
2140,0.16942973509664017
2141,-0.6474917952754167
2142,0.9843110484628999
2143,0.1688644784497161
2144,-0.7828404703188583
2145,0.9952877695935566
2146,0.12884067690107825
2147,-0.6868197483872227
2148,0.8925207734491978
2149,-0.04716916092410952
2150,0.3707375052001751
2151,-0.2313855306566491
2152,0.6552689941202167
2153,0.28368974001530145
2154,0.6824363270032389
2155,-0.09861632010354485
2156,0.616038286951128
2157,-0.36943964481054525
2158,0.7292274212140468
2159,-0.1656101093510727
2160,-0.016409566190064926
2161,0.2339915849035608
2162,0.1820423960019561
2163,0.4637571779076476
2164,0.030195373753421306
2165,-0.15155916452297136
2166,-0.19210626914778742
2167,0.027048925075174538
2168,-0.20781908126011978
2169,-0.10546815318455632
2170,0.6559896453290702
2171,0.5130160664137757
2172,0.6119666230053401
2173,0.32884660123712955
2174,0.4588063569966203
2175,0.4376254072333175
2176,-0.7968702635782531
2177,-0.1506965830489693
2178,-0.02455105778308923
2179,0.14936758496429778
2180,2.1479996869766556
2181,0.4887652352863197
2182,0.7861368975094533
2183,-0.13884152292438065
2184,0.5198495177272225
2185,0.14607243589930766
2186,-0.20297896482216143
2187,2.2242494189051167
2188,0.43032883802689353
2189,1.7080423838840892
2190,-0.9572624122869636
2191,0.4129190921786295
2192,-0.7484398999810014
2193,2.1967569759202257
2194,0.5841038461813569
2195,0.2710348094721244
2196,-0.7632340850344799
2197,2.2088344516677263
2198,0.1960804924923901
2199,0.576301224405956
2200,-0.2571824007288598
2201,2.228114093946269
2202,0.242727769504251
2203,0.533131372237786
2204,-0.7801423749702167
2205,1.993241050055086
2206,0.3869615160351035
2207,0.5907106102508244
2208,-0.5950080303377123
2209,2.03224557718697
2210,0.2817236967966366
2211,0.8982437263377051
2212,-0.585961214701917
2213,2.267196445075432
2214,0.6224748533639487
2215,0.8009762675699822
2216,-0.5089921545289144
2217,2.238493921490058
2218,0.487792569464059
2219,0.9284958463114
2220,-0.23157043818602124
2221,2.1507641948610012
2222,0.7048536616642902
2223,0.4350130497368464
2224,-0.46056896526122615
2225,2.2309138210451147
2226,0.4242686400111615
2227,0.4069064340801105
2228,-0.41113986273823355
2229,2.2040174499872602
2230,0.3901873828349746
2231,0.21553315679075338
2232,-0.6958775240006712
2233,1.9211737665425128
2234,0.34283973188904676
2235,0.4828717280558189
2236,-0.7041561146016215
2237,2.240173480826756
2238,0.5974483749124125
2239,0.4183481557092326
2240,-0.5116724405947208
2241,2.2756286315408008
2242,0.5353883561095102
2243,0.7597701290696682
2244,-0.5059532511973205
2245,1.8307565713301501
2246,0.39791848536007174
2247,0.43032704046193354
2248,-0.4097602778786486
2249,2.231388493316237
2250,0.5646715799773675
2251,0.5112922622498591
2252,-0.3618864289902879
2253,2.0220647823518956
2254,0.6322803684706173
2255,0.5118516177486115
2256,-0.2702681472107189
2257,2.1099659626880323
2258,0.6117423259883497
2259,0.5540017985482427
2260,0.15467772424210882
2261,0.7946093781172986
2262,0.38627533182269075
2263,0.6656728077078393
2264,0.5451624177231875
2265,-0.8840497006409198
2266,0.5784875086677475
2267,-0.27962129782076156
2268,0.21253984620708097
2269,-0.061392343273166644
2270,0.2300642039230698
2271,0.27697517653081694
2272,0.8045097884178084
2273,0.6131641546986901
2274,-0.2769029165765372
2275,1.1335428771542468
2276,0.8495888973112536
2277,0.45360799693470516
2278,-0.08871688383773015
2279,0.5251923336780427
2280,0.5220258681708287
2281,0.4082993836722165
2282,-0.22444188511708504
2283,0.32365026389372076
2284,0.699579365229646
2285,0.3269801848289956
2286,-0.10267656245267621
2287,0.21942149845025977
2288,0.9669011999229536
2289,0.30844139780793783
2290,-0.08560060589961463
2291,0.3075118567396512
2292,0.7957021768498773
2293,0.3449118777348937
2294,0.008836698347811247
2295,0.28363439551599917
2296,0.5841461548482408
2297,0.21971514101440998
2298,-0.06389500787157527
2299,0.3154068499619864
2300,0.6787171574829157
2301,0.4665632625363323
2302,-0.24694522036674607
2303,1.0733705213797464
2304,0.11402422905064682
2305,0.5140040123218087
2306,-0.21831900923109135
2307,1.0488409348745482
2308,0.8656277628825597
2309,-0.23149586774953929
2310,0.3330820015221331
2311,1.0359585361947583
2312,-0.27508510111319767
2313,0.29849125135927373
2314,0.979434092187442
2315,0.1756929420471373
2316,-0.37468939994402223
2317,0.24312150954537934
2318,0.5317585939454862
2319,0.4525172201536227
2320,-0.2568519616660917
2321,0.6012064058616328
2322,0.7459360075003301
2323,0.43003246661073785
2324,-0.17869908794446668
2325,0.3129919197145073
2326,0.6948568915638329
2327,0.3218942785481454
2328,-0.27319355552634567
2329,0.32528822558916376
2330,0.7224698085954739
2331,0.2083706188807306
2332,-0.19289372568957372
2333,0.3222409683147574
2334,0.699579365229646
2335,0.33768074774807794
2336,-0.12613858223131463
2337,0.2673348359517578
2338,0.7427389365732716
2339,0.44316659955290116
2340,-0.25809695444660213
2341,0.3376721900279264
2342,0.9709428496774842
2343,0.37817155873656505
2344,0.15475179898723282
2345,0.3461424393644605
2346,0.5619331400511525
2347,0.43994183672962917
2348,0.020198867719427
2349,1.712457347569884
2350,-1.2515166138424259
2351,-0.3356583571200139
2352,-0.7017005949879688
2353,2.0723910349592742
2354,-1.205649616926229
2355,-0.03249847445837694
2356,1.9760617190435368
2357,-1.204342545247475
2358,-0.2014159428677986
2359,-0.6319337767138414
2360,1.9617344320773529
2361,-1.1804618115980676
2362,-0.4833585755504777
2363,-0.9375981421640422
2364,1.995149521136208
2365,-0.9223647629875125
2366,-0.17140213298051812
2367,-0.6651600484882961
2368,2.2151254081145395
2369,-0.8061409942203129
2370,-0.3363772275498899
2371,2.0567491459852483
2372,-1.0177156819302728
2373,-0.08653864508787479
2374,-0.7541948639919962
2375,2.0557473574848366
2376,-0.7548521950168777
2377,-0.8125850243862907
2378,-1.1235575802977082
2379,-0.3478922711251026
2380,-0.5840002888266583
2381,2.060933075211723
2382,-1.1809868791920728
2383,-0.0800268814607396
2384,-0.687650144903964
2385,2.0335879348787094
2386,-0.8354039128175518
2387,-0.08640366979142504
2388,-0.08705708067189014
2389,2.0759484138672635
2390,-0.8599404006217932
2391,0.021366870819066776
2392,-0.15339770075358095
2393,2.012745893897213
2394,0.030679716281979127
2395,-0.15975696905279907
2396,-0.6118204673172262
2397,1.9942761626186463
2398,-1.2718740667567237
2399,-0.14260444470665842
2400,-0.5895868141114481
2401,2.04345140407726
2402,-1.2277260879206588
2403,-0.2710695528817526
2404,-0.1060522791814394
2405,1.9336108591695975
2406,-0.9255038098978303
2407,-1.024649236454087
2408,-0.1388567971870027
2409,-0.1037681737222994
2410,-0.07100987357527407
2411,-0.3145809759927952
2412,-0.663502572559881
2413,2.0050705125725865
2414,-0.6503487530672794
2415,-0.11616092295671301
2416,-0.7142669191419072
2417,1.9339872728976928
2418,-1.1084291972567664
2419,-0.028019196119087653
2420,0.2364418214894913
2421,0.27995857435840726
2422,-0.11615844360237607
2423,1.0056579533822012
2424,0.6325412232932743
2425,-0.19925044273771136
2426,1.032140005283384
2427,0.2707982503116782
2428,-0.35902994660865106
2429,0.2661300770978756
2430,0.32500624307263953
2431,-0.1376714296986144
2432,0.3637669074149251
2433,0.5084485470908849
2434,-0.44812022587466604
2435,0.736133079556614
2436,0.4456796467904486
2437,-0.19342077148617348
2438,0.3663452754114039
2439,0.5819377315650809
2440,-0.24142547077143453
2441,0.5504773286631323
2442,0.32699224572748453
2443,0.020876335947234523
2444,0.26162806669759137
2445,0.42791481040946766
2446,-0.28107089668139007
2447,-0.1066209428836699
2448,-0.06255817440298457
2449,-0.22117245999950044
2450,-0.17564657385453322
2451,-0.25113730363063713
2452,-0.2306092787993991
2453,-0.11616352940480519
2454,-0.2571377286065539
2455,-0.3114266453521109
2456,-0.07320832285573788
2457,-0.08454029855714008
2458,-0.2606703348437896
2459,0.14559392096469326
2460,-0.15730871193414434
2461,-0.25778260752200743
2462,-0.44822430408543523
2463,-0.13060010166526412
2464,-0.23324334752142134
2465,-0.4612961268579263
2466,-0.11428481552824503
2467,-0.1754863337647003
2468,-0.10726171884859723
2469,-0.083608702703558
2470,-0.24765938545981622
2471,-0.14668521378140031
2472,-0.09869093837791304
2473,-0.17142698572650059
2474,-0.10882669745546518
2475,-0.0964580917620463
2476,-0.07427990852747386
2477,-0.18352370923442718
2478,-0.1087636994709653
2479,-0.11970826761340364
2480,-0.1375268265675734
2481,-0.0830865488350734
2482,-0.24004047338539464
2483,-0.12042054556418162
2484,-0.14587144960359022
2485,-0.5286404741307993
2486,-0.2014190670822028
2487,-0.0830865488350734
2488,-0.04906432144396898
2489,-0.45212196659243525
2490,-0.08862319271034047
2491,-0.04436203335169511
2492,-0.2118687138141627
2493,-0.0772817150986807
2494,-0.006549706845451252
2495,-0.3118042842390087
2496,-0.1714153189240733
2497,-0.10047577295662247
2498,-0.27007485504529144
2499,-0.2737878356031558
2500,-0.1564836950343952
2501,0.042704446605160325
2502,-0.21474864435264027
2503,-0.2283862699626691
2504,-0.14587144960359022
2505,-0.2199022989799207
2506,-0.196231564220192
2507,-0.09476066684999086
2508,-0.0002037051511359274
2509,0.2447423164412044
2510,0.1806835327102805
2511,0.3137212635273292
2512,0.15578714462741985
2513,0.36644451235608705
2514,0.20950554775471653
2515,0.45749878659602056
2516,0.2958191959974205
2517,0.2502677461724436
2518,-0.9857678984108804
2519,0.29407891807854014
2520,0.14597636423353477
2521,-0.7085083219589968
2522,0.2949694789927216
2523,0.2464155096083913
2524,-0.18873082472728478
2525,0.11125159233848823
2526,0.677938121803114
2527,0.2833877837821799
2528,0.22868423959101142
2529,-0.41866891373932025
2530,-0.6955931329992147
2531,-0.14490202043934103
2532,-0.13146546517278404
2533,-0.12552436976466286
2534,-0.9104950416486276
2535,-0.18895481794578092
2536,-0.11349720626071053
2537,-0.28246835438944806
2538,-0.7283129551525988
2539,-0.09219816946612874
2540,-0.029674403451606424
2541,-0.33122486432636516
2542,-0.5494188740490122
2543,-0.12557424848962748
2544,-0.07861470524199227
2545,0.07714590493091347
2546,-0.5982589022116537
2547,-0.09899625479983476
2548,-0.07194139927601895
2549,-0.33624901689034425
2550,-0.8924779424085001
2551,-0.20942263608903075
2552,-0.12049427634141566
2553,-0.3182570946425732
2554,-0.8217410930173266
2555,0.04306499730551356
2556,-0.0730071242076175
2557,-0.3336223030735311
2558,-0.6036179923433157
2559,-0.21976875117629988
2560,-0.04317422771314934
2561,-0.32263973857336803
2562,-0.35408713732707625
2563,-0.22196276827031697
2564,-0.02971605454377025
2565,0.4081371007378005
2566,-1.0713603796522635
2567,0.045503542627890775
2568,-0.7271685194908594
2569,0.2831697432077883
2570,-0.8690774625227635
2571,0.12331454633205136
2572,-0.6154508493891411
2573,0.051447675925820176
2574,-0.46017714181315567
2575,-0.24781548908853046
2576,-0.576343059237006
2577,-0.8458221405797073
2578,-0.12266255168537205
2579,-0.40317887165004984
2580,-0.7790319743450815
2581,0.2259044782091855
2582,-0.6751881644162279
2583,-0.828332446537136
2584,-0.22334830775320813
2585,-0.5684050864065657
2586,-1.2054105627835647
2587,-0.532158264621421
2588,-0.29892941742603796
2589,0.6010999370337016
2590,-0.7318305809884145
2591,-0.25624863533946796
2592,-0.3806863306998603
2593,0.3946965384289799
2594,-1.012788782854456
2595,-0.05559781446596824
2596,-0.9921080595408567
2597,0.5771833146727828
2598,-1.4680866724498973
2599,-0.20258567082213494
2600,-0.605789065283536
2601,0.3687308636428938
2602,-0.9883256295192929
2603,0.05635551989298939
2604,-0.6023984073490561
2605,0.353506868978077
2606,-0.7978287938908489
2607,-0.37548079184453514
2608,-0.7328029135010897
2609,0.11404388968190705
2610,-0.8494659822469107
2611,0.16026214686623486
2612,-0.7184726820428811
2613,0.4527523354767384
2614,-1.1162518583919123
2615,0.048002646430486635
2616,0.4942847628322414
2617,-0.9640310713507046
2618,-0.10801096115032344
2619,0.29989129894222666
2620,0.05153756052643771
2621,-0.006395138437860024
2622,0.1733601279514566
2623,0.15221487958777177
2624,0.09383485637601084
2625,-0.31903253759052386
2626,-0.6385228960207266
2627,-0.07606772955472783
2628,-0.23940098364405668
2629,-0.25608068141064716
2630,-0.6611586304116938
2631,-0.35007999596394723
2632,-0.07630359413088116
2633,-0.22249698882669608
2634,-0.8484657117129902
2635,-0.393088316448895
2636,-0.053865959893294506
2637,-0.24767951420109863
2638,-0.5129360746895862
2639,0.039060031709684966
2640,-0.05204208442982488
2641,-0.26747190285740746
2642,0.1555209788976816
2643,0.39154390671632383
2644,0.03962518822919277
2645,-0.1996913235405257
2646,0.18131153914526887
2647,0.25800059088932037
2648,0.004580653564898888
2649,0.13095882875545253
2650,0.07336696277259618
2651,0.24336387149415104
2652,0.17321320407894084
2653,0.008067290467557607
2654,0.15662939335622517
2655,-0.17860310509167726
2656,0.034001552265113026
2657,0.047711672945693374
2658,0.16449822969305877
2659,-0.03335007576932819
2660,-0.014368406349980874
2661,0.12931310886135847
2662,-0.9507051067545573
2663,1.6041629685641752
2664,0.13313691864220728
2665,-0.7873204291169724
2666,1.3700143321468294
2667,0.12330804046869254
2668,-0.7499444135768111
2669,0.58116413119761
2670,0.09565397113728065
2671,-0.7701114553018804
2672,0.9051191878054303
2673,0.12810482913697116
2674,-0.7527804397933919
2675,0.4979620834232507
2676,0.13468850332990717
2677,-0.940741350497139
2678,0.9584212778197136
2679,0.1674280770406353
2680,-0.7304778390042138
2681,1.4899601034679406
2682,0.16557286860411258
2683,-0.8665702325648145
2684,0.5622221560358103
2685,0.16847569608825436
2686,-0.9177096267770427
2687,0.5873292511128339
2688,0.14567390335511693
2689,-0.7216520841950872
2690,1.0302404982146656
2691,0.5158484615665737
2692,-0.7651723141671074
2693,0.8129852257851146
2694,0.03619055175711626
2695,-0.9397398612800426
2696,0.8706944986895834
2697,0.40772457097286413
2698,-0.8626026622654049
2699,0.7474153100606237
2700,0.1625969823305386
2701,-0.7846685276899623
2702,0.7606770811192423
2703,0.20800247376469974
2704,-0.9764709515201427
2705,0.6695217693736015
2706,0.1488535701924344
2707,-0.6710065896969651
2708,0.04161146650391297
2709,-0.6738112141788483
2710,1.045535291029911
2711,0.1348935082218088
2712,-1.0368916846434495
2713,-0.8176862529794054
2714,-0.2168052360886944
2715,-0.15451894876647881
2716,-0.9730838511199879
2717,-0.3885334612354899
2718,0.26836809217114826
2719,-0.47104056998433974
2720,-0.1587694830990193
2721,-0.3237788822352652
2722,-1.11166315353286
2723,-0.21748586618272722
2724,0.04211030147175645
2725,-0.7706663801352287
2726,-0.2570391656932669
2727,-0.1949693096119518
2728,-0.8577348941583516
2729,-0.24049067903256044
2730,-0.16423028961518704
2731,0.9269935491840744
2732,0.32462675674837393
2733,0.27718445641135514
2734,-0.4819036878806898
2735,2.060125806507307
2736,0.4921117201073725
2737,0.5373224903763404
2738,-0.7472068552883006
2739,2.204722882474235
2740,0.5415610715602847
2741,0.08097696314507805
2742,-0.5242738294237351
2743,2.2037885849542116
2744,0.6449965024493003
2745,0.47421054601525914
2746,-0.45250408751153576
2747,2.2207130787042355
2748,0.4628005636372178
2749,0.7404101653231342
2750,-0.7776154807534346
2751,2.1678757867001344
2752,0.2411759595687538
2753,0.9587246686552134
2754,-0.5413191345103263
2755,2.1617884507189356
2756,0.48054299423758734
2757,0.9899667366348525
2758,-0.5194732705535104
2759,2.146202238112517
2760,0.5318169194157993
2761,0.4826604887346454
2762,-0.7349922592950644
2763,1.9182049527197156
2764,0.6503039781219876
2765,0.4096812618459881
2766,-0.6645178286635238
2767,2.0676718512884484
2768,0.5013782299805112
2769,0.40283268612079487
2770,-0.7545102699430681
2771,2.025733378518446
2772,0.6064753807565118
2773,0.17732338175160856
2774,-0.32311858523840203
2775,2.1162562699002
2776,0.6039677617088927
2777,0.7241366245028205
2778,-0.5788792212420361
2779,2.290921480132667
2780,0.6039570895992752
2781,0.21207864860523237
2782,0.3289151946852217
2783,0.1883833491990094
2784,-0.01536498591842192
2785,0.23264814498900963
2786,-0.2936574616324006
2787,0.28278500153819036
2788,-0.2620831131343639
2789,0.26191380026384925
2790,-0.9739993104063606
2791,-0.08353528677421918
2792,-0.2826869165545853
2793,-0.029975070612955696
2794,-0.9733857670802897
2795,-0.10794308583424396
2796,-0.15080095044992897
2797,0.13071878635597414
2798,-0.9773486500949189
2799,-0.1336295316920392
2800,-0.14607392812029862
2801,-0.06679246494271808
2802,-1.0085893316349577
2803,-0.004376359241057936
2804,-0.237571516338718
2805,-0.33818059818672125
2806,-0.7587811520738549
2807,-0.08724589708004567
2808,-0.09139627736546557
2809,-0.2482061845792081
2810,0.25908198780647723
2811,0.38470720494564226
2812,0.8828482680139125
2813,0.4931322999428017
2814,0.3514841703004949
2815,0.5162643692650044
2816,-0.9281179909873501
2817,0.4509371062018616
2818,-0.8598413176423061
2819,0.4594000940324107
2820,0.3886567308101618
2821,-0.9025206095216647
2822,0.25828832704782523
2823,0.13872503385458665
2824,-0.16935154537205338
2825,-0.7746894986070159
2826,0.3890980581420423
2827,-0.8951249618883671
2828,0.3405126252419151
2829,-0.6771938090929929
2830,0.4648112745229185
2831,-1.2556743248457531
2832,0.4536108899340815
2833,-0.9086885674832517
2834,0.6358162449029051
2835,0.4069325612104108
2836,-0.7790211587444202
2837,0.24363846360349453
2838,0.23642062534859887
2839,0.7304736621290282
2840,0.31806388228172733
2841,-0.14970455822495335
2842,0.2908154950334522
2843,0.29707479544466253
2844,0.31806388228172733
2845,-0.15097329191271286
2846,0.30757474587791567
2847,0.7762957887863469
2848,0.4695188127551279
2849,-0.06087377809395209
2850,0.2927089051767897
2851,0.7460162875693908
2852,0.42363946248508205
2853,-0.10067150680916169
2854,-0.5898690734019799
2855,-1.0541980144626175
2856,-0.1509837480605154
2857,-0.23836241302577907
2858,2.120901825240329
2859,-0.896495901931243
2860,-0.018088358777926222
2861,-0.6082079402788252
2862,2.0129972338632482
2863,-1.2524648451270448
2864,-0.6617371813496771
2865,2.095106494527935
2866,-0.7886084613349298
2867,-0.3595945392030548
2868,-0.9260751319103188
2869,2.0546938982501572
2870,-1.128258163379599
2871,-0.30172237262640533
2872,-0.5268532502497797
2873,2.094052438290481
2874,-1.0952336515273218
2875,0.5283210225868807
2876,-0.6922239642494865
2877,2.1112955804929294
2878,-0.8036938967129168
2879,-0.16514904915329265
2880,-0.5943500778489456
2881,1.4933320189915997
2882,-1.2112171059028907
2883,-0.1594300353103942
2884,-0.6920075707352585
2885,2.010336376023825
2886,-1.2848756707611648
2887,-0.07024173544457882
2888,-0.5791336127806452
2889,1.906520094347602
2890,-0.8333427973940624
2891,-0.11110222400372054
2892,-0.25221977796443945
2893,1.8021257353305609
2894,-1.1873163560625986
2895,-0.21149390731684767
2896,-0.5935710244980059
2897,1.934493681557592
2898,-1.2230502836085535
2899,-0.3722063191931918
2900,-0.4034674056881654
2901,-0.12148801553421594
2902,-0.0540438728680649
2903,-0.22821613252607095
2904,-0.19273941543358394
2905,-0.11595481452989456
2906,0.046272171658203264
2907,-0.09004018345966851
2908,0.31359412834049427
2909,-0.28744516180462276
2910,-0.09267461670295801
2911,-0.9706143061845751
2912,0.35226770351295295
2913,-0.27933649414267325
2914,-0.02623683169043423
2915,0.3438604162894924
2916,-0.11962100998372255
2917,-0.18255548041493977
2918,-0.5058576691809238
2919,0.4548435982212672
2920,-0.3554570827044333
2921,-0.020300700006509048
2922,-1.0739222606549694
2923,0.36407799155554327
2924,0.02127934681369872
2925,-0.12312860929213174
2926,-0.903239075966104
2927,0.386425039621532
2928,-0.12889613840333225
2929,-0.26011372129715477
2930,-0.11646923545331224
2931,0.6305940460095415
2932,-0.21991178975898373
2933,-0.17440283343130777
2934,-0.3337654387279406
2935,0.6015346087455969
2936,-0.390717509716642
2937,-0.37405295772361447
2938,-0.47118436080163406
2939,0.500170740579195
2940,-0.15650700737888354
2941,0.20145583590537594
2942,-0.029935552133424276
2943,-0.17669066238727288
2944,-0.2055140813067442
2945,-0.06951430877939074
2946,-0.32973658365132685
2947,0.35979054832378216
2948,0.14896806424122142
2949,-0.1368239718224698
2950,0.3791796987159395
2951,0.14956063025897376
2952,-0.15167734848594355
2953,0.37515713452171723
2954,0.34004976811261695
2955,-0.2569507574246584
2956,0.6219998147881315
2957,0.28849515069892206
2958,0.06734057839381571
2959,0.887458058071471
2960,-0.17937286831638852
2961,0.07058805091511423
2962,-0.09016347185925282
2963,0.8461594300024475
2964,-0.22740906225641744
2965,0.04541880507130989
2966,0.9312351534925143
2967,1.0085393653428452
2968,-0.2270077690785594
2969,-0.25146404947214934
2970,-0.9160281154707655
2971,0.5529546292334496
2972,-0.11967007696159213
2973,-1.112671076582197
2974,0.6857291431558236
2975,0.17789463470771757
2976,-0.9349877025498946
2977,0.2629386715062009
2978,-1.1088508991910933
2979,0.34537885535175483
2980,-0.3632125224555412
2981,-0.5896052544898471
2982,0.7404393048202603
2983,-0.15701990386542766
2984,-0.9603006194321367
2985,0.47250903290239943
2986,-0.6221065909914364
2987,-0.768997877741994
2988,0.759854032266949
2989,0.2701866109151136
2990,-1.0610695853820622
2991,0.7472403926814227
2992,0.12355078654346004
2993,0.6262761000535861
2994,0.7374130990382025
2995,-0.09958067327189368
2996,0.15495678748303615
2997,0.157656875416306
2998,-0.0573383074674099
2999,0.13901606597763894
3000,0.35463286617186124
3001,-0.16286515083319084
3002,0.1784256880279424
3003,0.49611537680657886
3004,-0.08685758076878425
3005,0.1471360602357649
3006,0.47441175681011616
3007,-0.11990258650150977
3008,0.12080701171802843
3009,0.20313342958733052
3010,-0.18120193658177447
3011,0.46142929997077875
3012,0.28722382777534256
3013,-0.10629660662610063
3014,0.22784558217335477
3015,0.2618162446532553
3016,0.11799416753432923
3017,0.1796304213780898
3018,0.07013736440652249
3019,-0.18646825598005481
3020,-0.08834795972109544
3021,0.9188421037393564
3022,-0.1611210357531772
3023,-0.8626536304853679
3024,0.14013311806753984
3025,-0.976272398711337
3026,-0.18788608366450596
3027,0.03017291469867951
3028,-0.9560114129813404
3029,0.05619047394667395
3030,0.11595409013374386
3031,-0.8991204551964629
3032,-0.20913065090909785
3033,-0.21001771237301578
3034,-0.12217297609187622
3035,-0.40365215646916014
3036,-0.10257445634991028
3037,-0.151056539525765
3038,-0.1534184704843184
3039,-0.1909410485512572
3040,-0.12527800588902102
3041,-0.1990375181010528
3042,-0.11858533840035103
3043,-0.15127159456512781
3044,-0.1909344612883284
3045,-0.2389050800796621
3046,-0.0909102719369177
3047,0.17902669148421024
3048,-1.0364763490077578
3049,-0.07451036105701525
3050,0.14233414249159446
3051,0.09538474823597985
3052,0.31558182790908224
3053,-0.8182744094768217
3054,-0.06799776575968132
3055,0.20140595494708236
3056,-0.9221379075972242
3057,0.3250546963621275
3058,0.42958066665940264
3059,0.10544658916087292
3060,-0.8761568086241609
3061,-0.16503110003132843
3062,0.06499974409921122
3063,0.267107381182632
3064,-0.11340614565878941
3065,0.10002645014297837
3066,-0.009695205153995289
3067,-0.1563423061901009
3068,0.036298185225668134
3069,0.011818825897162644
3070,-0.22317021717343524
3071,0.13968502479881068
3072,0.8611327194008038
3073,0.12016887131650625
3074,0.6419129964055892
3075,-0.27464694629466363
3076,-0.5726875979318523
3077,-0.29427703843318287
3078,-0.06477352403603474
3079,-0.27155829785046104
3080,-0.509009725064249
3081,-0.05082171649919387
3082,-0.08692692891984043
3083,-0.2979241872788294
3084,-0.6555766997836023
3085,-0.10564696020864535
3086,-0.03826315885309754
3087,-0.27533052147599074
3088,-0.1743080714569374
3089,-0.044415544976919366
3090,-0.031952114251981203
3091,-0.3420430389475182
3092,-0.49025112258216696
3093,-0.22147854729136113
3094,-0.2084714111032359
3095,-0.031764461050446155
3096,-0.18920155382001733
3097,-0.27421527594094797
3098,-0.5379191805811637
3099,-0.21795491385522844
3100,-0.03146334421062514
3101,-0.24988360401901769
3102,-0.5433391092843195
3103,-0.09285652940994792
3104,-0.03826315885309754
3105,-0.25314612947851506
3106,-0.6721760547165199
3107,-0.23147457069998847
3108,-0.04228369448032483
3109,-0.25894749346417856
3110,-0.8081064921425437
3111,-0.44862438958740763
3112,-0.07005306039366666
3113,-0.23473758504775505
3114,0.44892199632703766
3115,0.29234858911823813
3116,-0.18739939566733427
3117,0.23389095508930502
3118,0.08061070738622335
3119,-0.2631634867052896
3120,0.17197783322635862
3121,0.2205392976200951
3122,0.14488738231189802
3123,-0.2626585090919894
3124,-0.6751834560476275
3125,-0.41572208157770657
3126,-0.10770023255768263
3127,-0.23608112005761359
3128,-0.8106326085328807
3129,0.014157691254989582
3130,-0.10874233782084053
3131,-0.2536777340108792
3132,-0.49780131848243336
3133,0.03610296326431734
3134,-0.22555499744347685
3135,-0.28468828822107295
3136,-0.8295633516792641
3137,0.010500799687876655
3138,-0.06502056464713397
3139,-0.718953761703182
3140,-0.19178576293579264
3141,-0.04319742430172333
3142,-0.7343018771286253
3143,-0.35466919241216316
3144,-0.04799281045186951
3145,0.16336850083968477
3146,0.15134965305645318
3147,0.019289621300862914
3148,-0.2568161861652367
3149,-0.5436616306079791
3150,-0.2090267611770483
3151,-0.06907313875121399
3152,-0.16181761994643248
3153,0.1565120524072659
3154,0.29975844798797785
3155,-0.32693787925364126
3156,-0.10552008256421713
3157,0.17697652409360862
3158,-0.23943150649408235
3159,0.506263872783271
3160,-0.6130054017234888
3161,0.03229337131738671
3162,-0.6170022735328899
3163,0.008475828782418217
3164,-0.6803549320620866
3165,0.17123785243760364
3166,-0.7362789131170847
3167,0.15331520286544004
3168,-0.7147244149864054
3169,0.15521070990739433
3170,-0.8477387646435234
3171,-0.6902812227494329
3172,0.17726076951530023
3173,-0.03949830092727357
3174,-0.5354671358775298
3175,-0.17106509727324767
3176,-0.2731626116338543
3177,-0.9556465433794032
3178,0.15534593656366993
3179,-0.3310036626911821
3180,-0.7692808738194932
3181,0.5074260265206352
3182,0.049721456274358165
3183,-1.1712879074825329
3184,0.40349798794564096
3185,-0.26377494893176057
3186,-0.8342155878366669
3187,0.5926816057303359
3188,0.0631611501549526
3189,-0.7348161484318242
3190,0.37190740598986144
3191,-0.9602131215927627
3192,-0.41595755230520465
3193,-0.7057347995442464
3194,0.22163242495203378
3195,-0.7596791569668165
3196,0.16851806092159552
3197,-0.4954897885745046
3198,0.23704561477378175
3199,-0.926530102808953
3200,-0.5755666833380382
3201,0.21234942928538383
3202,-0.827685674712038
3203,-0.04820801052873091
3204,-0.7953172798327189
3205,0.30577448279969616
3206,-0.8227368147244315
3207,0.06776362507733753
3208,0.474082277269408
3209,-0.24436050246516652
3210,-0.18495355355856707
3211,-0.9132445712464118
3212,0.28265741269055555
3213,-0.9725483618983747
3214,0.008075062777040854
3215,-0.6488750284793531
3216,0.258984104508542
3217,-0.964070840061726
3218,-0.1690665890269706
3219,-0.5649360737680109
3220,0.288618106752153
3221,-0.7569458236334832
3222,-0.17053859139041722
3223,-0.39224401838866024
3224,0.09003391532870049
3225,-1.2677335701547285
3226,-0.48168438428997695
3227,-1.0558700966282435
3228,-0.04302864428288916
3229,-1.4163322304447026
3230,-0.24198310269660006
3231,-1.4547961160777605
3232,0.05826218712172975
3233,-1.6636048458763304
3234,0.3652975740867624
3235,-0.9221674738780956
3236,-0.1346317489044965
3237,-1.1906745223111876
3238,0.30277058408174895
3239,-0.8401740261792434
3240,0.5446406754365234
3241,-1.3195394287304805
3242,-0.39229647432795695
3243,-1.0502201624990166
3244,-0.27434525933079035
3245,-1.470981497029657
3246,-0.7027462102594358
3247,-0.8585809311437035
3248,-0.08580350661918432
3249,-0.9406499935250917
3250,0.7199069037727261
3251,0.4161101592496618
3252,-0.1319773050098787
3253,-0.9654604833201968
3254,-0.20014490104993504
3255,-0.8911675542658148
3256,0.40726965886219835
3257,-0.8384185087772495
3258,-0.2692483171939598
3259,-0.7260657931601602
3260,0.23613081499106156
3261,-0.8941384984899208
3262,-0.22972300435181542
3263,-0.7632989656914045
3264,0.29875076993485256
3265,-0.9803692203565234
3266,-0.11654607580873504
3267,0.15895427407094254
3268,0.1976113205234595
3269,0.03165386666898258
3270,-0.30530693449070595
3271,0.08220143834489342
3272,0.17525680921646378
3273,0.060189528141012
3274,-0.14285341320208414
3275,0.1797405923838461
3276,0.20745265982687405
3277,0.018231115113922582
3278,-0.15813756470515283
3279,0.15009316131607675
3280,0.21711858266089945
3281,0.055862584173643565
3282,-0.1413811959900403
3283,0.1807344091410654
3284,0.21743990652984763
3285,0.06267005604231692
3286,-0.1226431885087065
3287,0.1304328467934305
3288,-0.7400747274769015
3289,0.3000843747428455
3290,-0.03303000204464461
3291,0.17091116655969196
3292,0.15953080211694737
3293,0.12748590589288475
3294,-0.20417781110702812
3295,0.1807344091410654
3296,0.07008004044631105
3297,0.13291369876092124
3298,-0.1606207063887464
3299,0.16263148768606883
3300,0.15738495877968245
3301,0.15178169765437327
3302,-0.0872680569422181
3303,0.18024059238384613
3304,0.08133974678940574
3305,-0.1440150238396866
3306,0.23009082026859287
3307,0.2417593180883072
3308,0.06367365748413834
3309,-0.17858727914888806
3310,0.1557930699661077
3311,0.29429229473364554
3312,0.20241147695490436
3313,0.04761143202157499
3314,0.17661132922733758
3315,0.2054999532998681
3316,0.1820454436359794
3317,-0.05496031304699923
3318,0.15042513332645108
3319,0.20591157803140642
3320,0.05042155305228435
3321,-0.14179176000460633
3322,0.13948711945647635
3323,0.1309425200301316
3324,-0.2429182256444236
3325,0.16197966242026401
3326,0.057984285605144306
3327,0.02164037309439873
3328,0.1537198411768577
3329,0.15456929800261482
3330,0.004132668532546135
3331,-0.11597587727877127
3332,0.18111326598550245
3333,0.20554038840241806
3334,0.08120876685569611
3335,-0.16529664961487084
3336,0.1483731935697371
3337,0.12886643665872183
3338,-0.004520654153180065
3339,-0.32144076981759695
3340,2.028186442400696
3341,-0.13089510189884013
3342,0.17103665511404864
3343,0.1695261094182354
3344,-1.3305633652065771
3345,0.9279731638352677
3346,0.13900938336447602
3347,-1.1902482736574438
3348,0.5790220071135811
3349,0.05100415323819358
3350,-1.0584912208987676
3351,0.6811137567356802
3352,0.3265245585060125
3353,0.002287237559387803
3354,-0.08129312762988362
3355,0.15434226253961855
3356,0.208607019990427
3357,0.4083776788421818
3358,0.16845278233881078
3359,-0.8601289219172493
3360,0.6232927977811942
3361,0.17347651406842213
3362,-0.8277120658272445
3363,0.9078463821940926
3364,0.1792561084667549
3365,-0.7338221806897528
3366,0.7421967661741737
3367,0.15889808459617796
3368,-0.8526805040459301
3369,1.3580515507800588
3370,0.1525497084691378
3371,-0.5300861716227664
3372,0.5263069768173494
3373,0.08694290600746124
3374,0.1797644130195963
3375,-0.2898189652422349
3376,0.46222461042372887
3377,0.08455538307739728
3378,0.5696719449966825
3379,-0.6367202816715736
3380,0.3003010394614451
3381,0.22005229382800562
3382,0.03595498218544204
3383,-0.7346114413318876
3384,0.4783345698535517
3385,0.06263860952991611
3386,0.8195743114681581
3387,-0.7459925484810349
3388,0.6282531985404203
3389,0.20640603162687743
3390,0.5415460292759481
3391,-0.16182924205167482
3392,0.4295249170818437
3393,0.014028008353380205
3394,0.06178341542095568
3395,-0.42473044994903847
3396,0.4619218355795953
3397,-0.0065198377731170475
3398,-0.5469074851467561
3399,0.23298107109721794
3400,0.14114630462408714
3401,0.16757033352147827
3402,-0.519200134637418
3403,0.013007163031624802
3404,0.054751434758323
3405,0.17125268523496143
3406,-0.29677617519807664
3407,0.4937670308393445
3408,0.15051020589070638
3409,0.1405150443656828
3410,-0.5696338837248152
3411,1.1311367950523872
3412,0.01970004432989303
3413,-0.9454938652301215
3414,1.1601027698160409
3415,-0.08648771978637841
3416,-0.6843965266058449
3417,0.8578948356883548
3418,0.3262445286660901
3419,0.04669483895285716
3420,0.17594592351232727
3421,0.08200983405069359
3422,-0.8965842262306402
3423,1.4240636329711618
3424,0.11394511492892989
3425,-0.8023844967129901
3426,0.8398387756000755
3427,0.7550249140647061
3428,-0.2918209054938178
3429,0.35389205344849034
3430,-0.06756181736296542
3431,0.09147232302002463
3432,0.5094681724736662
3433,0.5754128336383703
3434,0.4257594116782916
3435,0.19746799363517822
3436,0.5987633997793238
3437,0.5926430686554803
3438,0.6232084403868062
3439,0.12840730310886642
3440,0.48415954263348054
3441,0.030147070247726688
3442,0.5259051563873324
3443,0.13107298557531055
3444,-0.1896588131060823
3445,0.013406979897226558
3446,-0.3282000748566522
3447,-0.2929196006579639
3448,0.5319761591386616
3449,0.6241737401656624
3450,0.5270432919513077
3451,0.6568062544529709
3452,0.7087593130134895
3453,-0.39906542518824567
3454,2.201563459430428
3455,0.4646739908954822
3456,0.42801457149184524
3457,-0.42814433521657985
3458,2.14998040174563
3459,0.56785302272474
3460,0.8925690448397359
3461,-0.5167046248741252
3462,2.2351879443948253
3463,0.44036007415495376
3464,0.425560145732103
3465,-0.7637021187793556
3466,1.9220180810111525
3467,0.4899495295176559
3468,0.1015119219543736
3469,-0.5130902127334046
3470,2.20898735072145
3471,0.6030351440869904
3472,0.1617512255601476
3473,-0.11554814927276867
3474,-0.14227828074862064
3475,0.18046470324020922
3476,-0.2990699708345399
3477,2.21554893119154
3478,0.6061820474231785
3479,0.4645069605260707
3480,-0.5824235951246572
3481,2.1879675719932554
3482,0.6152676385457342
3483,0.14042147574180405
3484,-0.7393702110116789
3485,2.070363731233186
3486,0.4652471444694834
3487,0.36172515095467084
3488,-0.6246378064559189
3489,2.2190141122785954
3490,0.560648412064959
3491,0.8963377716428794
3492,-0.5948111254105225
3493,2.2516390710164544
3494,0.6582382720240737
3495,0.46983328135348185
3496,-0.31024244107090443
3497,1.8914155751751198
3498,0.5475794157617417
3499,-0.5933514498752982
3500,2.2493990234374843
3501,0.6454802391795089
3502,0.42347882043912183
3503,-0.34955399128569614
3504,1.8484093703207625
3505,0.4319439061330528
3506,0.4161894047345655
3507,-0.6029326461237366
3508,2.2310256375629645
3509,0.42110043027631244
3510,0.7844427275611308
3511,-0.4954485389734716
3512,2.1186217357213537
3513,0.562204614153532
3514,0.5780072482854665
3515,-0.40873209554035084
3516,2.22469577088615
3517,0.5672343662770731
3518,0.4012446600639097
3519,-0.6846932927948087
3520,2.0655160538267734
3521,0.4888099582631036
3522,0.6774890984283032
3523,-0.28729078593087237
3524,2.134118935487432
3525,0.49930919777636784
3526,0.14433071321208463
3527,-0.28061102398773885
3528,1.9854577207360105
3529,0.5087138396579785
3530,0.5489352221103654
3531,0.09792591463991179
3532,0.5504965539886967
3533,0.2734170712752499
3534,0.6612578493778093
3535,0.20711894980638607
3536,-0.2211568133383193
3537,0.3319863040950894
3538,-0.8825820943857733
3539,0.15015341882000124
3540,-0.29113456031556184
3541,0.22691425249168487
3542,0.32381186858472455
3543,1.052666691360317
3544,0.32910662388300066
3545,-0.2875814833949107
3546,1.1095955006228493
3547,0.37408486583686473
3548,0.4398805450055145
3549,-0.17283212741675463
3550,0.06334392791185996
3551,0.23720316832752764
3552,0.21184007653927972
3553,0.11251745254448876
3554,1.1392635996361102
3555,0.38804438219876736
3556,-0.12321953194002752
3557,0.23415922111125917
3558,0.7049380559364485
3559,0.3875529730917006
3560,-0.08416885464027664
3561,0.21175340331682405
3562,-0.018289614590584095
3563,0.5751949066362605
3564,0.3065371238876723
3565,0.7508942224749946
3566,0.3197088730258977
3567,-0.08551192454597911
3568,1.0452097811480137
3569,0.3281705893953605
3570,0.4544701923112159
3571,-0.29442309518542287
3572,0.8426818520270803
3573,0.5586899245590635
3574,0.616157277014124
3575,-0.14677939968837436
3576,0.8806589903328279
3577,0.5254542530992851
3578,0.5834183159401923
3579,-0.19762909635862588
3580,0.29833961349940735
3581,0.7335197495994622
3582,-0.09693167267282941
3583,0.4005620983868929
3584,0.5384528282183517
3585,0.33029959427886985
3586,-0.24568840596544986
3587,0.2813258166378569
3588,0.4104917553519373
3589,0.5414424357373127
3590,-0.3741947721812151
3591,0.3140353629066765
3592,0.7380575084597945
3593,0.35103535603703634
3594,-0.2598338662278725
3595,0.9016795805147109
3596,0.4514075448953822
3597,0.4010339981420464
3598,0.07182808263154063
3599,0.19028683327331605
3600,1.1888191382144453
3601,0.2250455231383267
3602,0.029850374780615405
3603,0.5139018030560539
3604,0.8265374675795473
3605,-0.21185870514854055
3606,0.3766817463228351
3607,0.7495942224749947
3608,0.30854696584549585
3609,-0.20321252803847556
3610,0.3158387635547834
3611,0.7816159382756002
3612,0.49144259627610676
3613,-0.30851991120927863
3614,0.8126451631773206
3615,1.1408970080690826
3616,0.2715482864759759
3617,-0.2687808250467453
3618,-0.170233993595383
3619,-1.0488655857142477
3620,2.0385625422574933
3621,-0.7869209288888964
3622,-0.15004415474752245
3623,-0.6443509891272957
3624,2.05893905395405
3625,-0.8133085485343725
3626,-0.18523053265894512
3627,-0.5737475123621012
3628,2.021409472413812
3629,-0.4776415339797314
3630,-0.15533318285640954
3631,-0.16061892564193245
3632,1.9329913044611557
3633,-1.292005372066618
3634,-0.16956732692871634
3635,-0.048261221040562734
3636,0.07317194782540043
3637,0.24290471815366577
3638,-0.1328005446154174
3639,-0.7067131285219624
3640,2.0130647694040533
3641,-1.2221635064290852
3642,-0.6923219618197602
3643,1.996250409815454
3644,-0.9819197983128217
3645,-0.5246795540421338
3646,2.04981453345149
3647,-0.9696861638368488
3648,-0.4330922937822916
3649,-0.681082634152151
3650,-0.10023778675491662
3651,-0.64138142478375
3652,2.054325374272631
3653,-1.1254695173918876
3654,-0.050300534032379246
3655,-0.3346879979144965
3656,2.1262108378049196
3657,-0.8714073301984068
3658,-0.11484311913566184
3659,-0.15897218608280203
3660,2.0204314415986544
3661,-1.20119521627291
3662,-0.29172188733258686
3663,-0.6296845031862316
3664,2.028223964181361
3665,-1.2359435476592293
3666,-0.28683587805446453
3667,-0.40503394163199463
3668,2.0204445401425937
3669,-1.2225337244141008
3670,-0.064080493257032
3671,-0.6218064703817546
3672,2.1984119858337983
3673,-0.868429561959842
3674,-0.1489364991767729
3675,-1.0477548330923754
3676,1.9954637991418933
3677,-1.1784603465589831
3678,-0.15899528043387895
3679,-0.0780493384875298
3680,2.0013964277760503
3681,-1.243766449950546
3682,0.044140162385991284
3683,-0.13491373146384358
3684,-0.1377541792962954
3685,2.1012054548410717
3686,-1.1780130813155527
3687,-0.09867574936037936
3688,-0.7280685294177672
3689,1.994991005712761
3690,-1.1046722304573653
3691,-0.32835511220354235
3692,0.4321845933225868
3693,0.3376060147989708
3694,0.15019989328444713
3695,0.20359942713284387
3696,0.21776961523506175
3697,-0.49193510185196526
3698,0.39107412796805463
3699,0.23279186750905662
3700,0.05727092690622121
3701,0.31577408429668596
3702,0.6494585027890383
3703,0.4093201363234706
3704,-0.46805270918755587
3705,0.002563445470902381
3706,0.38171786663375734
3707,0.7730809671706742
3708,0.2270833508025657
3709,-0.238466544358271
3710,0.3913809392023564
3711,0.192781221958148
3712,-0.14244585324779174
3713,0.38346860481677614
3714,0.33577792161722547
3715,-0.17061622945973104
3716,-0.2166089158306941
3717,-0.12716543270846073
3718,-0.19572441418129724
3719,-0.058028737996254555
3720,-0.1977238909309553
3721,-0.26793955932708985
3722,0.046033912267396
3723,-0.34049495994119977
3724,0.2010712741753882
3725,-0.22619101243049478
3726,-0.1421407245341404
3727,-0.1877406718757638
3728,-0.4505555250478363
3729,-0.2374064884007272
3730,-0.012051331404710926
3731,-0.458885727861773
3732,-0.1043311718846627
3733,-0.20665242745988632
3734,-0.16229519924847405
3735,-0.24058717098036533
3736,-0.45355272523243667
3737,-0.3332394836362264
3738,-0.11996538081757227
3739,-0.21999822977614847
3740,-0.2642588997022285
3741,0.04809539666546561
3742,-0.21024557383310435
3743,-0.4226870930838298
3744,0.08645510412661572
3745,-0.482805356877334
3746,-0.7121139060096697
3747,-0.0957191710451585
3748,-0.19093414369615933
3749,-0.11744756506196573
3750,-0.06809483966386802
3751,-0.09002111099400592
3752,-0.18448838726051536
3753,-0.42975328978622296
3754,-0.1048637746164701
3755,-0.09973538005173799
3756,0.105092094784029
3757,-0.030884655661475167
3758,-0.19883455704367214
3759,-0.23796035842742405
3760,-0.13872405888554454
3761,-0.32565034316011343
3762,-0.1285493363778881
3763,-0.12375347779012956
3764,-0.0668795045863503
3765,-0.10117569942494715
3766,-0.06984200445172568
3767,-0.17753575582745643
3768,-0.07853072902920259
3769,-0.026364473067506226
3770,-0.11885513718487192
3771,-0.14638499628501497
3772,-0.15781932448985386
3773,0.1226472767799744
3774,0.24520214483639824
3775,0.19548746246278703
3776,0.492276613640074
3777,0.3166818882871834
3778,0.1302885042977465
3779,0.44206333243540585
3780,0.21358379575516281
3781,0.21193810797504875
3782,-0.9775780637761595
3783,0.22763651249355418
3784,0.15452992305763713
3785,-1.4656654797872848
3786,0.47512849221138276
3787,0.3436477594412505
3788,0.05369669494882239
3789,0.14598061681270702
3790,0.08052745510537325
3791,0.434174555874171
3792,0.06588367883885396
3793,-0.18887147645756852
3794,-0.7835958560464972
3795,-0.2539986716487568
3796,-0.26244388525504364
3797,-0.6677889816306581
3798,-0.07056120716416464
3799,-0.07235109957120824
3800,-0.3273061078052889
3801,-0.5524139617323848
3802,-0.33996891096965554
3803,-0.08570769267136248
3804,1.1899906287831312
3805,-0.2301874178860516
3806,-0.18568138445785734
3807,-0.1085601534090317
3808,-0.682414370019571
3809,-0.3564209800312211
3810,-0.17144570462059508
3811,-0.2669828194276032
3812,-0.8552535967704937
3813,-0.3365182364269448
3814,-0.08988819472124149
3815,-0.2635549963661548
3816,-0.5833519347205033
3817,-0.2968377031210866
3818,-0.06519412784332483
3819,-0.3147445380858719
3820,-0.5300148353669706
3821,-0.0924258312555374
3822,-0.049912580640303746
3823,-0.26219369950624566
3824,-0.5291177540691893
3825,-0.10504511635621572
3826,0.08440471533729928
3827,0.16588858605565104
3828,-0.7741826876736048
3829,0.10754079751310075
3830,-0.7421520271284158
3831,0.337186289426829
3832,-0.9035196866628884
3833,0.11143208817028154
3834,-0.7436909591424028
3835,0.540556964939992
3836,-0.8910718845980099
3837,0.20614219878158446
3838,-0.9466437277583063
3839,-0.3845463839181583
3840,-0.8455010403207622
3841,-0.19073416837851842
3842,-0.44178906237054016
3843,-0.8995558884089762
3844,-0.2101770362319938
3845,-0.7770839583673597
3846,-0.8672070488940287
3847,-0.3403839479145625
3848,-0.6965429665558533
3849,0.39954773431111545
3850,-0.8537951907684499
3851,-0.36120681906054897
3852,-0.6614434908542018
3853,0.33881853287064695
3854,-0.42760217166604997
3855,-0.12146340307558309
3856,-0.7776615155510823
3857,0.5658382899641684
3858,-0.8740045958195493
3859,-0.38212944165828594
3860,-0.6193020320647313
3861,0.5149169518072783
3862,-1.28693003312674
3863,-0.15355562478001114
3864,-0.8302035947625945
3865,0.1754450273781062
3866,-0.8544026276624049
3867,-0.47044589785147406
3868,-1.1041721894960361
3869,0.28675533468900977
3870,-1.1860276974017325
3871,-0.17665112179377462
3872,-0.6648729743116423
3873,0.022535399271106354
3874,-1.0404448729708178
3875,-0.3560149442911969
3876,-0.4176055122289756
3877,0.23195433467565654
3878,-0.10958900124615362
3879,0.16713371149486533
3880,0.11922218630943036
3881,-0.27528030986104285
3882,-0.3195191695149751
3883,-0.7661681031664597
3884,-0.3924893087001179
3885,-0.07500681018522938
3886,-0.3241875005766649
3887,-0.5890711779461807
3888,-0.30209801026984834
3889,-0.0373390531534329
3890,-0.0023760983995439297
3891,-1.2907694175584585
3892,-0.22343937240093875
3893,-0.06458222442863724
3894,-0.1354444130071978
3895,-1.1135869575319866
3896,-0.268819949716544
3897,0.23345130634229408
3898,-0.11568664509182487
3899,0.11310121805892737
3900,0.26146868574834525
3901,0.058563572017157874
3902,-0.18818003035168965
3903,0.16434332005865435
3904,0.14784539908499972
3905,-0.09881124192037469
3906,-0.2704608830320143
3907,0.14419342766630736
3908,0.16217878516931872
3909,-0.08129221575155045
3910,0.10194555272491865
3911,0.17435321359075417
3912,0.20306489341915188
3913,0.08878864645851446
3914,-0.11246774598689056
3915,0.141716264780555
3916,0.03849261887872429
3917,0.03311874917353375
3918,0.4974135212235556
3919,-0.9842351705022775
3920,0.09956163264389813
3921,-1.2529429937771401
3922,0.9372278010986469
3923,0.08370770032970326
3924,-0.9527568718669938
3925,0.8369910112497856
3926,0.16751602499101884
3927,-0.8599298756142594
3928,0.7367507894001862
3929,0.09486967996503251
3930,-0.9327269331603443
3931,0.5083973069507901
3932,0.6413713852637535
3933,0.16316639228860852
3934,0.1277411055490819
3935,0.15442361381338063
3936,-0.8166603305336297
3937,0.914197839961637
3938,0.14705221109048566
3939,-0.9477062491020206
3940,0.6414890120616493
3941,0.17507648362177816
3942,-0.8531166213441845
3943,0.8024630589765992
3944,0.16724867342048783
3945,-0.8270933034025095
3946,0.7610133070227579
3947,0.03399783841421946
3948,-0.852771863681933
3949,1.0661728323039585
3950,0.1615477042104185
3951,-0.9077118844216884
3952,0.8533193871214643
3953,0.10530733272800438
3954,-1.0725462390707896
3955,1.5204280219800657
3956,0.1118555145989387
3957,-1.1700794292373864
3958,1.1963269174726727
3959,-0.9733260444431587
3960,-0.19262115813770042
3961,-0.18314990869568895
3962,-1.1327323631871185
3963,-0.198984504671433
3964,-0.24259700088179456
3965,-1.4033219589144124
3966,-0.4765003555210799
3967,-0.24028821824724708
3968,-1.2958506346641088
3969,-0.29441079836999356
3970,-0.4614915834074068
3971,-1.4185272038075836
3972,-0.2427120657832707
3973,-0.1376523318007913
3974,-0.7606387290054252
3975,-0.17774114305428904
3976,0.14601077811967456
3977,0.5742761174742143
3978,2.2576521439202595
3979,0.5969399164448519
3980,-0.024042950423995305
3981,-0.31460734880977936
3982,1.8308228637144395
3983,0.4362644965789795
3984,1.0520683463217422
3985,-0.1476982195288381
3986,0.7253957191967548
3987,-0.25561660568768013
3988,2.2606741720675134
3989,0.5746114391027297
3990,0.41176919965859704
3991,-0.3814880602684759
3992,1.9514055235490286
3993,0.3590003544664059
3994,0.9366056684020029
3995,-0.7277282970811609
3996,2.2264999602471773
3997,0.39796790093072193
3998,0.8894578511245518
3999,-0.02557299943369081
4000,2.1099107774637758
4001,0.6203649810582033
4002,0.7223656996694464
4003,-0.5497524170845747
4004,2.1680068568396242
4005,0.40487544294572747
4006,0.5141651394804696
4007,-0.3653019879334257
4008,2.2508555609286454
4009,0.6042979528314208
4010,1.972300865379521
4011,-1.2064256810687046
4012,0.716704296153493
4013,-0.11185984528516013
4014,0.13882639958302193
4015,0.24167072875446013
4016,0.4501705719302875
4017,-0.6995062430373903
4018,2.0883587427982975
4019,0.6090568062722427
4020,0.4060816557567633
4021,-0.22273729529109423
4022,0.17557684842184212
4023,-0.08739824411497275
4024,0.42094054474484033
4025,0.3662778888623395
4026,0.5107974490395469
4027,-0.6344734234060148
4028,0.19325264547943982
4029,-1.0955332173165726
4030,-0.15735987845668614
4031,-0.19695528568712853
4032,-0.03803634441486274
4033,-0.6455980493086225
4034,-0.1296608831238351
4035,-0.09586249305053048
4036,-0.22200076902683794
4037,-0.9871699879198189
4038,-0.17730836543916068
4039,-0.11261184278613418
4040,0.14634245627656794
4041,-0.718244074536358
4042,-0.06900527247382325
4043,-0.2640180419104845
4044,-0.04736284275734652
4045,-1.1001076456533887
4046,-0.06763123745913746
4047,-0.15189746713261096
4048,-0.10508400617124021
4049,0.3057911896863009
4050,0.6332113785436398
4051,0.46276924854353924
4052,0.2922835885261292
4053,0.37783070408436614
4054,-0.7787370701993483
4055,0.3492194946181361
4056,-0.9273496452644825
4057,0.37897520314934635
4058,0.2591753990409412
4059,-0.8631662297724584
4060,0.3449169739236153
4061,-1.0485923016710348
4062,0.4853718572780259
4063,-0.6681522818436353
4064,0.49127656666358666
4065,-0.9898217777133356
4066,0.2845325605507548
4067,-1.3682355457282727
4068,0.366011373281645
4069,-0.9716799155112911
4070,0.4403366804487498
4071,0.5566687460131947
4072,0.9725273184104276
4073,0.3063685820881151
4074,0.5554171760661313
4075,0.3215579417089361
4076,1.2337697984476443
4077,0.5158164503179921
4078,0.08068266962001475
4079,0.7761668015371928
4080,0.5287717639028439
4081,-0.3373973563218618
4082,0.181296066477821
4083,-0.042154322501521846
4084,0.3483415933513873
4085,-0.31709918204854526
4086,-0.4167791514096784
4087,-1.078177680817958
4088,0.07716797177289578
4089,-0.3604039115779176
4090,2.2719010424428965
4091,-1.1810097778181492
4092,0.7238663126622469
4093,-0.5639074030496245
4094,-0.15534234419018778
4095,-0.47689283309753117
4096,2.0237763462396137
4097,-0.9310160993074591
4098,0.29789325473642164
4099,-1.10091348474066
4100,2.042967193733055
4101,-1.191126405930781
4102,-0.11113654428959775
4103,0.06817813123503001
4104,2.0885396630804203
4105,-1.2535190698471494
4106,0.0776786365545102
4107,-0.2905489720735928
4108,2.0917760990462626
4109,-0.8548975423845003
4110,-0.10092874872560195
4111,0.09008906845923062
4112,2.0997477690542166
4113,-1.1710594467787476
4114,-0.15368441956182097
4115,-0.681242015799246
4116,2.08367832578047
4117,-1.1664734501377267
4118,-0.16676357927017238
4119,-0.18855415803270914
4120,2.1056113837188426
4121,-1.195019505171635
4122,-0.20397721620654172
4123,-0.348863259721655
4124,2.099070109479748
4125,-0.8048842574897405
4126,-0.31644728227396757
4127,-0.6293080845186076
4128,2.0953107966406885
4129,-1.028038208278913
4130,-0.28510644517021416
4131,-0.2741757520932905
4132,-0.0035406827452689137
4133,0.658879367981714
4134,0.5674777597492383
4135,0.7077399481215181
4136,-0.3334369811950644
4137,-0.5245598819478791
4138,0.3548502494746491
4139,0.1678086575446789
4140,0.1300970041792224
4141,-0.34187082605047614
4142,0.3341286718138357
4143,0.6317624556331629
4144,-0.010697100782038439
4145,-0.25845390052243367
4146,0.49326510112562644
4147,0.011558606585769697
4148,-0.15183647949604637
4149,0.3128284645087395
4150,0.3138017813358642
4151,-1.415216842997077
4152,0.4943194997375005
4153,0.4811730564398611
4154,0.06722961659347758
4155,-0.9625364347895001
4156,0.5268937236382849
4157,0.4645743217493667
4158,-0.09594983438148473
4159,-0.22642400772369523
4160,0.544035126851911
4161,0.5965613549595378
4162,0.12402726002952867
4163,-0.12249269721580264
4164,-0.1775147282038742
4165,-0.18380174587401085
4166,-0.13484753667603175
4167,-0.17427897625985528
4168,0.7111439928156802
4169,0.6327139856188925
4170,0.22399221592955806
4171,1.0932253762231892
4172,0.310789235975488
4173,0.37190585897692763
4174,0.5260934629561737
4175,-0.2742172516467821
4176,0.1300439476701689
4177,0.21263553177271732
4178,0.14358532342910052
4179,0.7173415123368574
4180,-0.15774782417646063
4181,-0.01609533906555926
4182,0.7671921731426968
4183,0.986119520638217
4184,-0.4086448491109736
4185,0.05954935104419014
4186,0.6023204085961431
4187,0.7815901789416798
4188,-0.1299278445076226
4189,-0.9081604098236542
4190,0.5488564863900173
4191,-0.3667853636919514
4192,-0.7173930375244992
4193,0.5745053627643305
4194,-0.4746685582796095
4195,-0.6996526058551374
4196,-0.533397103145568
4197,-0.7453958178096781
4198,0.5258104748345829
4199,-0.20524327940022655
4200,-0.25470257403426116
4201,-0.056560213408674814
4202,-0.7866456045778949
4203,0.31027101428476034
4204,0.021693369234602786
4205,-0.8084276191181238
4206,0.057415667372795874
4207,-0.8481339645873739
4208,0.6158770301016773
4209,0.45375430501081515
4210,0.7011690322086094
4211,0.801411940496092
4212,-0.716875513183802
4213,0.1651460896031322
4214,0.5251210495916856
4215,0.03270907852242934
4216,0.1830399747606188
4217,0.28266033060646456
4218,-0.07638617309662744
4219,0.16921397422056583
4220,0.4828906213502355
4221,0.15018384256082257
4222,0.2420638133145905
4223,0.02154661087992624
4224,-0.5143503048010332
4225,-0.6299126052780978
4226,-0.07251690538514678
4227,0.278279185344858
4228,0.2951611845163192
4229,0.11886914735782846
4230,0.17033793470910927
4231,0.1720362637452827
4232,-0.10685281521364902
4233,0.20994994670300465
4234,1.1094879061720515
4235,-0.2800227560636748
4236,-0.9628127918777178
4237,0.34742944353450766
4238,-0.9064926339868354
4239,-0.1635545584651333
4240,0.15842175839843903
4241,-1.0092698610183188
4242,-0.22046483600379027
4243,0.36059899600820455
4244,-0.5470547556125434
4245,-0.057254996329504884
4246,-0.3111451168529571
4247,-0.05972104077539609
4248,-0.48271232802442876
4249,-0.27581059681793124
4250,-0.06250050674253478
4251,-0.07454718310962118
4252,-0.10390739079350955
4253,0.0002978986542312347
4254,-0.08861846966087615
4255,0.1593473484558681
4256,-0.736593354030286
4257,-0.22463166691131217
4258,0.46109403773400004
4259,0.4575645540724595
4260,0.09397308918698363
4261,-0.9268035620355562
4262,-0.27827962976442205
4263,0.1581787382030381
4264,-0.8666879805439183
4265,-0.05173994818053639
4266,0.08659013013920741
4267,-0.9857200215776593
4268,-0.21897888902001714
4269,0.1044118796222652
4270,-0.9689984929533293
4271,-0.21347908450749914
4272,0.13317178600342275
4273,0.061786098355771285
4274,0.08520889042001803
4275,-0.009365209331120998
4276,-0.09573165978034924
4277,-0.20876383060834242
4278,0.1426086745625926
4279,0.1491381859245267
4280,1.194906958772558
4281,-0.05334251691043454
4282,0.012551008477433775
4283,0.7153592257925655
4284,0.13239479864551112
4285,0.2912983889176538
4286,-0.1955663130231275
4287,-0.47228918637635037
4288,-0.23053942509209335
4289,-0.06553763500764308
4290,-0.030774675212468027
4291,-0.5250861515062835
4292,0.33929384101357024
4293,-0.03671049238981545
4294,-0.14856733459526084
4295,-0.47290505616499934
4296,-0.062009820106204046
4297,-0.09660612370621913
4298,-0.2592806423990476
4299,-0.46362197593963894
4300,0.07446680875757317
4301,-0.06991345589034156
4302,-0.26177142783655044
4303,-0.6612154623572769
4304,-0.03016727247972951
4305,0.002531624150967724
4306,-0.2786568640434246
4307,-0.5132410961456393
4308,-0.07756702302463941
4309,-0.044351493388913116
4310,-0.30988103434797165
4311,-0.47281816985483316
4312,-0.019699388989959384
4313,-0.07698553865400394
4314,-0.22025989183032874
4315,-0.5520038244801807
4316,-0.09204664346847766
4317,-0.0451239034209783
4318,-0.21786704478383806
4319,-0.8124216422655558
4320,-0.23717661469708484
4321,-0.08062026498639085
4322,0.016208495146740526
4323,0.16914986422756056
4324,0.7356309881477905
4325,-0.011190460528060532
4326,0.10282241518282557
4327,0.2539643499556634
4328,0.2028673794793787
4329,0.25725817334262774
4330,-0.11692236974822773
4331,0.15680748236268696
4332,0.4702230857932449
4333,0.21900065800344837
4334,0.06769147896801295
4335,0.015146671500226763
4336,-0.14857944746699156
4337,-0.7164766499059328
4338,0.02374378275423587
4339,-0.0422314094450645
4340,-1.3075302187810887
4341,0.14960434685524873
4342,-0.8706875124709007
4343,-0.3445402348545392
4344,-0.0869724161932619
4345,-0.950633514324263
4346,-0.2681057395163058
4347,1.8173247857209818
4348,1.9659351701390215
4349,-0.2567652127893844
4350,0.022223530765346784
4351,-1.056850353122663
4352,0.15766170905147575
4353,-0.6794000411006034
4354,0.34784001694517025
4355,0.14842423767583468
4356,-0.37969270317111026
4357,0.04547449576543704
4358,-1.2908280705852062
4359,0.04443483924416576
4360,-0.6676357591923437
4361,-0.6898486676287553
4362,0.3679249423802833
4363,-0.16945791937252896
4364,-1.3351652338620028
4365,0.1494440622489378
4366,-0.25902283830680933
4367,-0.6699231500045991
4368,0.1302127907635496
4369,-0.3021658015395305
4370,-1.9824243166125823
4371,0.4617149795520036
4372,0.2545755826880245
4373,-0.6910039079637846
4374,-0.12906937782353883
4375,-0.8718876785208468
4376,0.0982493435477591
4377,-0.5450325045445304
4378,0.3866828829874369
4379,-0.8663776867166547
4380,-0.31715909234107886
4381,-0.31868369101872246
4382,0.25250225480622457
4383,-0.762345424146405
4384,-0.19190310110796754
4385,-0.556825227231666
4386,0.23004546527760564
4387,-0.9074746713293534
4388,-0.2411380992892083
4389,-0.8182930191120212
4390,0.21182536041201944
4391,-0.9264961115259772
4392,-0.12550057543922222
4393,-0.5644732320026342
4394,0.4846414850875337
4395,-1.0232055283733406
4396,0.0004382736149308972
4397,-0.7339320643044137
4398,0.49275184793947313
4399,-1.177763429223756
4400,-0.14697524309227358
4401,-0.6383959447151173
4402,0.24531984962694559
4403,-0.8489631901321424
4404,-0.17828840514247754
4405,-0.46086540020617484
4406,-1.2221255843142638
4407,0.0824111779025122
4408,-0.8771909047658708
4409,-0.14458108530786185
4410,-0.9460197334450079
4411,-0.2729825671141218
4412,-1.154936652519263
4413,-0.3650433542932657
4414,-0.8447005561666934
4415,0.3475766598983857
4416,-1.7618611464519995
4417,0.2601029510327512
4418,-1.2189947092663191
4419,0.8151112503795053
4420,-0.8519254576632752
4421,-0.2825331862776886
4422,-0.9475520116343317
4423,-0.056129312490945854
4424,-0.06429010701379886
4425,-0.9270426893969893
4426,-0.8501761967146123
4427,-0.4556083594513214
4428,-0.7280872059438811
4429,0.5848423381076004
4430,-0.8740371302702888
4431,-0.539610041643249
4432,-0.4612318842759645
4433,0.3407540048871912
4434,-0.835988773610482
4435,-0.17432269876308557
4436,-0.7603743081357628
4437,0.31426904102168807
4438,-0.6870753423001409
4439,-0.4198053581663967
4440,-0.7671291564342912
4441,0.1336930296440983
4442,-0.8442965234654758
4443,-0.011122931100279421
4444,-0.5642638904530862
4445,0.32978033823362785
4446,-0.7741791238236261
4447,-0.12870177391672197
4448,0.16196174519947695
4449,0.12914850631567662
4450,0.21260363695432608
4451,-0.046646899630730876
4452,0.21086423098224283
4453,0.019103100742016727
4454,0.4371755981991797
4455,-0.10830764054297252
4456,0.1822351201013832
4457,0.1762971171024066
4458,0.1500300997993379
4459,-0.07309510650158299
4460,0.3965553396346664
4461,-0.1961683611795562
4462,0.07525646100991194
4463,-0.1634950534366367
4464,0.1545100917510427
4465,0.3551377928863879
4466,0.04891791490207514
4467,-0.10645092627277124
4468,0.16042564689218186
4469,0.05974829303752671
4470,0.05939556542575252
4471,0.10581794196098984
4472,0.16866948340474858
4473,0.17055641344746506
4474,0.16545101268549803
4475,-0.11706164509182487
4476,0.1404146979548604
4477,0.1584752327303525
4478,0.17233088701484786
4479,0.1535100917510427
4480,0.33357605487307873
4481,0.08335688359120069
4482,-0.19872281207015444
4483,0.15452953543703743
4484,0.06351371141760025
4485,0.05608690542646889
4486,0.1634338578676029
4487,0.2500846659927479
4488,-0.04504583457190421
4489,-0.19490003615908102
4490,0.14991123654646832
4491,0.23822781613977256
4492,0.14691159892692987
4493,0.05058941921474877
4494,0.008087495059728375
4495,0.11442950821742859
4496,-1.3043227580537122
4497,-0.16164527749477806
4498,0.0763318773540743
4499,-0.7820110700101554
4500,0.23167411717775
4501,0.003130132292660853
4502,-1.224287108974724
4503,-0.03537931794556426
4504,0.04300676266248751
4505,-1.0530871199044578
4506,0.8342617625576857
4507,0.06848439703857974
4508,-0.6023031347317467
4509,0.9271233686467008
4510,0.15190022833223085
4511,-0.7346307378708369
4512,1.477007881910198
4513,0.12145707525837093
4514,-0.6907628756415216
4515,1.0882493280049068
4516,0.13281525747938522
4517,-0.800145651774508
4518,1.5737792157409856
4519,0.0943113900039356
4520,-0.8841603320652252
4521,2.0172579517369926
4522,0.16037928096699466
4523,-0.6276334214626522
4524,1.342847663947503
4525,0.01527800259421342
4526,-0.5778110531272089
4527,0.5586340745810199
4528,0.19737759813970754
4529,0.08234861915147118
4530,-0.5179641774918583
4531,0.4000774489530254
4532,-0.05619639398030753
4533,0.16595358682328734
4534,-0.49548579242592167
4535,0.4998455962125497
4536,0.19956428432369472
4537,0.07193658152170149
4538,-0.681806101464276
4539,0.8176094657106893
4540,0.2921306852594333
4541,0.06851764194412883
4542,-0.24851466801003727
4543,0.24405446168796996
4544,-0.037429739113154815
4545,0.3929411137653897
4546,-0.37624951844161497
4547,0.32364827533990975
4548,0.03393104187933383
4549,0.11923818620273383
4550,-0.3708383499148232
4551,0.13913512375816073
4552,0.2852614799546029
4553,0.03529048517200632
4554,-0.7988270837814451
4555,1.3370359826964493
4556,0.09139478551891601
4557,-0.6980802753372444
4558,1.2313804343090773
4559,0.19265575570709917
4560,-0.6634321434325728
4561,1.0873185908661953
4562,-0.5228445210919811
4563,0.5891734915741709
4564,-0.16604046358329785
4565,0.6739290982691472
4566,-0.12082264441121968
4567,0.5667154525858953
4568,0.16298471160628614
4569,0.24175405795323784
4570,0.4550842545434902
4571,0.2465080744740511
4572,0.10068500043527133
4573,0.45456247432849384
4574,0.1703772312013624
4575,-0.38476013029259315
4576,-0.07691321639737667
4577,-0.6369229014242234
4578,-0.28451607435859666
4579,-0.32660037097716893
4580,-0.05979623470377012
4581,-0.3184959008786371
4582,0.7413179179582575
4583,1.4211598362511555
4584,0.8973509884890369
4585,0.7411899539787719
4586,0.436762170214299
4587,-0.3572006796699539
4588,2.3090073864990934
4589,0.5076953084341995
4590,0.5906387758452479
4591,-0.42008724960968913
4592,2.1287734039225743
4593,0.554951345310956
4594,0.17308706272372967
4595,-0.7243350559132599
4596,1.9456855499543473
4597,0.49643650895311664
4598,0.1494400023426187
4599,-0.5116908339458093
4600,2.22568996188196
4601,0.4995239700057899
4602,0.2537996802182512
4603,-0.695680291577835
4604,1.9062196095494917
4605,0.5597302705972893
4606,0.16701812745517655
4607,-0.3507718433017913
4608,2.311912410732215
4609,0.5917492610934851
4610,0.33186549993797865
4611,-0.5512236177461505
4612,2.2739942635569257
4613,0.39043192169258323
4614,0.7178217450446485
4615,-0.49439734280182995
4616,1.9397203390120255
4617,0.6117745405924969
4618,0.6819325758003799
4619,-0.7001885690006093
4620,1.9366620692840015
4621,0.5304214984384769
4622,0.1258466439256494
4623,-0.3931879717704648
4624,2.2295205909706457
4625,0.5228187895495403
4626,-0.4089077720090119
4627,0.6979609208664026
4628,-0.7649547983213446
4629,0.41577371050958517
4630,-0.5214182082248954
4631,1.8947094119440724
4632,0.5675447464357938
4633,-0.4442365006963793
4634,2.176387318020381
4635,1.0448924305090317
4636,-0.5210663396875891
4637,2.0861023725635905
4638,0.22925849660033104
4639,0.7962192546397698
4640,-0.5581103718658024
4641,2.090229441097485
4642,0.47704992221674075
4643,0.15234104604801119
4644,-0.3166147748899295
4645,1.893513692543445
4646,0.5644858166951218
4647,0.7504023397816623
4648,0.42060665083123805
4649,0.5858278149416756
4650,0.7008948874752869
4651,0.3514965967463176
4652,0.020819355527737216
4653,0.5104969842610105
4654,-0.05278232299443188
4655,0.1959821477802003
4656,-0.2690720509437057
4657,0.390459557219364
4658,0.2995607864444893
4659,0.26809481924365264
4660,0.5293579218610822
4661,-0.2663859525659327
4662,0.9449168165562937
4663,0.2425989431168401
4664,0.3489736866224103
4665,-0.2805602911654103
4666,0.3153075643803651
4667,0.7091089235162041
4668,0.45854783629356943
4669,-0.29455399849369107
4670,1.1350321671522818
4671,0.5137268522352187
4672,0.27858180602223914
4673,-0.13364297988889937
4674,0.3127595943817704
4675,0.7101851139923948
4676,0.31115220314941666
4677,-0.13162518482742588
4678,1.0976268376602758
4679,0.32315958201061307
4680,0.323923947265887
4681,-0.18500910853941824
4682,0.3066177017460968
4683,0.797303557417964
4684,0.19660253175550899
4685,-0.29628194581593364
4686,0.9401695128412942
4687,0.7607354049237822
4688,0.4445730069875231
4689,-0.341594347519259
4690,1.032080411595585
4691,0.34640414990116675
4692,0.47666960779253487
4693,-0.28429511351521625
4694,0.8080687754961046
4695,1.1808025302395397
4696,-0.04330838995952759
4697,0.6594577576378561
4698,0.36195273296078617
4699,0.4740692480106088
4700,-0.33898586283404686
4701,1.1768420860409845
4702,0.6840036178243986
4703,0.05947559565655779
4704,-0.15999267357485977
4705,0.9058689199805623
4706,0.40628712951584206
4707,0.43098829367584063
4708,-0.3319073651112869
4709,0.5608034143094935
4710,0.338128333276127
4711,0.34450505578822643
4712,-0.388641233507071
4713,0.13797131037113028
4714,0.7896594974337925
4715,0.41277577718705577
4716,-0.31741298678226987
4717,0.07803811511956125
4718,0.4631265805135142
4719,0.42180055374207626
4720,-0.19865053275467004
4721,0.6613424946495857
4722,1.0884336292411674
4723,0.5846376435324808
4724,-0.15629139891201152
4725,0.24387760381685702
4726,0.3064491784614753
4727,0.3190849989869543
4728,-0.18950553016841787
4729,-0.3155746540257511
4730,-0.3327205632614663
4731,-0.021183630756701047
4732,-0.1482217971722378
4733,-0.13370685084339887
4734,-0.14441404261460003
4735,-0.3954651358075422
4736,2.0449564320381732
4737,-0.8644351710485475
4738,-0.13199351689136837
4739,-0.6907380322548796
4740,2.0376238718639637
4741,-0.8127742204940052
4742,-0.11452157376758292
4743,-0.5827252272426164
4744,2.022643150679345
4745,-0.7680022361022146
4746,-0.17866721222384568
4747,-0.6511655195166768
4748,2.0270695630435362
4749,-0.9467992453811661
4750,-0.15440277815855735
4751,-0.15650462748653052
4752,2.040714113421673
4753,-1.2805132799185983
4754,-0.07847661627981396
4755,-0.13007047239651917
4756,2.0883290173143956
4757,-1.0988002379494373
4758,-0.9244611382236152
4759,2.0570552722135624
4760,-1.287922401328085
4761,-0.15870412259711877
4762,0.2741066962830389
4763,-1.2416586087924948
4764,-0.19656275501295548
4765,-0.8097772783071181
4766,2.087303284037177
4767,-0.8035472656635332
4768,-0.1310980042352399
4769,-0.6599340653958524
4770,2.000849910152356
4771,-0.7802762548637009
4772,-0.13566430129436194
4773,-0.35738711624358727
4774,1.9676460985245758
4775,-0.16125599547623953
4776,-1.0211308768032399
4777,2.066714153923758
4778,-0.20547984878538114
4779,-0.9151650226317798
4780,2.1506327633450346
4781,-0.01211064113207493
4782,-0.12193708019280151
4783,1.9420516751319477
4784,-0.44420367434228436
4785,0.3612851288117138
4786,0.42861171283269434
4787,-0.06597057161619785
4788,0.3073510178220012
4789,0.36051252148635676
4790,-0.19211388846932942
4791,0.8393968333545808
4792,0.5775663564010736
4793,-0.1917470081025417
4794,0.40757472094303676
4795,0.14259873947660096
4796,-0.36699127407103577
4797,0.34412097346706233
4798,0.333562152767833
4799,-0.28566906835571976
4800,0.8479362372889545
4801,0.11424882257127539
4802,-0.13195292388901697
4803,0.2930945971209372
4804,0.6960990041078401
4805,-0.38672997279012883
4806,-0.4249557981900604
4807,0.11226652566230214
4808,-0.20866691354978753
4809,-0.3084425386116604
4810,0.060879581830289714
4811,-0.20800065398923598
4812,-0.2202816590147951
4813,-0.08184367288435787
4814,-0.3232485170321039
4815,-0.03595508970660604
4816,-0.15244053084134096
4817,-0.03653808515932539
4818,0.0397311766278111
4819,0.027499475903989427
4820,-0.31568038838443746
4821,-0.20740879877677768
4822,-0.19473466471467696
4823,-0.14595982902840177
4824,0.31691909133978413
4825,-0.6202050561225477
4826,-0.09168986186923132
4827,-0.07222352441999061
4828,-0.076356647321448
4829,-0.09680567183083136
4830,-0.23788560339320203
4831,-0.19240473793993068
4832,-0.09873668090685837
4833,-0.2250956383686084
4834,-0.08637576884526318
4835,-0.033292233761936754
4836,-0.25321149312821317
4837,-0.07530917092595096
4838,-0.09079303726614299
4839,-0.7423886893199321
4840,-0.08435221214768265
4841,-0.17929331574264895
4842,0.1801964908354629
4843,-0.08749036204912582
4844,-0.0711552175783397
4845,-0.6659173979032457
4846,0.017565926557654512
4847,-0.0847936503616985
4848,-0.11273646374639126
4849,-0.6235028476611059
4850,-0.14504930149686435
4851,0.050998640097910934
4852,0.5284049913813136
4853,0.13585374705580402
4854,0.3743903731084876
4855,0.14547240186077953
4856,0.3024237780760212
4857,-1.0919628214485495
4858,0.5025801720447294
4859,0.26563154808849593
4860,0.2084116051482365
4861,0.8260203369628136
4862,-0.02350179433537306
4863,0.4384969574596127
4864,0.22156624381932846
4865,0.18716992124707696
4866,0.24509534763143004
4867,0.40134839431798347
4868,-0.2555029648885481
4869,-0.5391933501449314
4870,-0.23616243085848126
4871,-0.13606073447971165
4872,-0.1411972082409813
4873,-0.437362909688388
4874,-0.22806412675794424
4875,-0.4454431564645206
4876,-0.20796778051032003
4877,-0.044664149831477755
4878,-0.2820491407149717
4879,-1.1892804279655003
4880,-0.137578116367242
4881,0.002059991706372128
4882,-0.3167293842481263
4883,-0.6104183126599085
4884,-0.1159784238650952
4885,0.044371200689416974
4886,0.08580818883122929
4887,-1.6321575825410655
4888,-0.1724499506167012
4889,0.2387879332368434
4890,-0.2849699012722928
4891,-0.4701729410733374
4892,-0.1958568584025621
4893,-0.08185792772017547
4894,-0.23957541803162377
4895,-0.5423706464872315
4896,-0.20290512338655375
4897,-0.053387672823793406
4898,-0.20156184674078464
4899,-0.3678016517434631
4900,-0.21548547561633355
4901,-0.0928426204643816
4902,0.07378295728838338
4903,-0.7266434131293154
4904,0.12899328436234048
4905,-0.7932964595048846
4906,0.021884826023115322
4907,-0.8087579899356078
4908,-0.769962765863759
4909,-0.9298299606349943
4910,-0.3005857717450251
4911,-0.5982105733837529
4912,-0.8734280983446584
4913,-0.14716062092804705
4914,-0.3804966242787416
4915,-0.9698910871937396
4916,-0.4008566475427969
4917,-0.5539529123734085
4918,-1.160600256752791
4919,-0.43148955211477513
4920,-0.2856628014530649
4921,0.4432709554180053
4922,-1.393516086661804
4923,0.01829434804647211
4924,-0.5282727576841021
4925,0.1975380880899418
4926,-0.9460942934092482
4927,0.1392281071516905
4928,-0.7586086348830746
4929,0.32469223234778954
4930,-0.7960410991259006
4931,0.0401015729727094
4932,-0.773002880313931
4933,0.28392487663933347
4934,-0.9129505189223256
4935,0.26354327874313804
4936,-0.3854762351401078
4937,0.5165350696497648
4938,-0.7480874147758259
4939,-0.13119112332417363
4940,-0.5120438838301902
4941,0.28694154077625633
4942,-0.9636199320476636
4943,-0.16547000228779088
4944,-0.5466276323582192
4945,0.27482402750007623
4946,-0.3418826640528562
4947,-0.6481017494280613
4948,-0.11014920518094064
4949,-0.2629796866185809
4950,-0.009988206661683218
4951,-0.35073449869308243
4952,-0.3962594162389686
4953,-0.11597201722555012
4954,-0.33041606711006005
4955,-0.5722624593153806
4956,-0.18710578138883543
4957,0.06354412264162314
4958,0.06064644802301685
4959,0.12997554916010165
4960,-0.011545916250116186
4961,-0.046092951593066346
4962,0.00037351798865183105
4963,-0.15464702006924966
4964,0.18729351392078097
4965,0.14855053182026065
4966,-0.1500187063386667
4967,0.1559522399638196
4968,0.1854635395733058
4969,0.04878536304334708
4970,-0.12058532178252054
4971,0.09329736677342673
4972,0.141061113632871
4973,0.06808589840787527
4974,0.12831414324079382
4975,-0.5991626009677259
4976,0.051777269592033166
4977,-1.1562596103244955
4978,1.3828078949872675
4979,0.14048637292033692
4980,-0.9430568879379234
4981,1.08416661889581
4982,0.16454079516858083
4983,-1.0229531337158413
4984,0.7630969307498339
4985,0.07745917683018602
4986,-0.900454382420509
4987,1.0234073152573184
4988,0.4100485920488076
4989,-0.8189207116741564
4990,1.3190935390260499
4991,0.09855495229783708
4992,-0.7945319807429579
4993,1.3401022250376369
4994,0.4177037371255711
4995,0.12710155282700683
4996,-0.8265006560922153
4997,0.7529218003488315
4998,0.1163672699049491
4999,-0.9380369352251858
5000,0.81484037399334
5001,0.7416110207949241
5002,-0.9506483878589447
5003,0.8965109761455629
5004,0.40529919204492765
5005,-0.7876135341594782
5006,0.7391714799895583
5007,0.1535410609507811
5008,-0.8530591321739792
5009,1.1400989731730926
5010,0.04099062297775515
5011,0.07750634315244863
5012,-0.748670585190619
5013,0.9309212173684991
5014,0.1491690823986196
5015,-0.7422082719394762
5016,1.326357345144153
5017,-1.0153284102114748
5018,-0.28364041669998025
5019,-0.17024093780401764
5020,-1.2831019145441063
5021,-0.4795701745198734
5022,-0.1501892472665036
5023,-1.141029459877117
5024,-0.5258070934405711
5025,-0.3297547100269424
5026,-1.0132318435740433
5027,-0.2299783417695068
5028,-0.18421010375242988
5029,-1.4418819550427286
5030,0.5260639725898734
5031,-0.31906665655177197
5032,0.005366533596246926
5033,0.030864415577864564
5034,2.12258731694268
5035,-0.7895893173415782
5036,0.8536127095843103
5037,-0.5941340675367629
5038,2.1028013780615415
5039,0.6398694821820337
5040,0.4469129958701452
5041,-0.6059517212838612
5042,2.2638229288549816
5043,0.44645714556870436
5044,0.9308482162236751
5045,-0.5414137667891755
5046,2.100880433327
5047,0.662240427428036
5048,0.71420088015704
5049,-0.17105897028670117
5050,1.8864387905577826
5051,0.46057035720598755
5052,0.5409553212615025
5053,-0.5150783473670799
5054,1.9343441220400526
5055,0.44663045222157877
5056,0.46809091945042747
5057,-0.6167636193409968
5058,2.104258329420978
5059,0.5318368211374717
5060,0.8471713723597111
5061,-0.4875647035477184
5062,1.9302608297529018
5063,0.4275819654595218
5064,0.26085291602803606
5065,-0.45337706398332134
5066,0.4357931173063984
5067,-0.03955696915934963
5068,0.46330003545539766
5069,-0.2782199098523765
5070,0.34857317758292916
5071,-0.8382588264260019
5072,-0.2954263329138896
5073,-0.23312483197925638
5074,-0.04006637184250399
5075,-0.9492766824537751
5076,-0.22689878707527794
5077,-0.2619861642521723
5078,-0.05806962860876808
5079,-0.7272510393703072
5080,-0.09542808399274795
5081,-0.27984832021151623
5082,-0.03362278174063156
5083,0.23793553597095102
5084,-0.4266712788049398
5085,0.3980663834958383
5086,-1.4810984470037616
5087,0.5337132733307667
5088,-0.7717238294442768
5089,0.5787095940826261
5090,-1.06539383700102
5091,0.48299858888977687
5092,-0.3682529158062632
5093,0.3866867083112602
5094,-0.8696278860691449
5095,0.3358450685147541
5096,-1.159868638815656
5097,0.28097458642294243
5098,0.24401152699130293
5099,0.7901709618417743
5100,0.2727420351517764
5101,-0.14261632805802538
5102,0.2435964486088338
5103,1.1504055635129342
5104,0.3903492755273469
5105,-0.0422576858744499
5106,0.45463991958046635
5107,0.6672882374989494
5108,0.614157262864005
5109,-0.04323410148376302
5110,-0.1260293631403987
5111,-0.4989457988880807
5112,2.0362404189681267
5113,-0.9088479583897392
5114,0.06984278085532047
5115,1.5341955755499634
5116,0.8129059505571875
5117,-0.608121864764761
5118,2.040500251045884
5119,-1.1549822555110463
5120,-0.39592882852238676
5121,-0.5860287396596945
5122,1.9706322913787915
5123,-1.0935023945156195
5124,-0.2647764448673905
5125,-0.1775478762444721
5126,2.066467059263144
5127,-0.8942506410159121
5128,-0.09242220883335893
5129,-0.3710741203342343
5130,2.0758568020456276
5131,-0.8285540341391383
5132,0.17786632068436098
5133,0.028834723193055172
5134,-0.6132410364265514
5135,1.782682595182594
5136,-1.2526047532100693
5137,-0.13730335469358582
5138,-0.3900740431866249
5139,2.059195562445013
5140,-1.2775461780621127
5141,-0.2068241919553793
5142,-0.9242168155396303
5143,2.0788846894264785
5144,-1.07369038665237
5145,-0.24352470616455993
5146,-0.40658857714390423
5147,2.044953239447465
5148,-0.8347295274267013
5149,-0.3273826330511296
5150,-0.021051871122459067
5151,-0.08347217500790528
5152,-0.15920886158957434
5153,-0.2684011001732391
5154,-0.9347957086390886
5155,0.3447069466735075
5156,-0.11453975369754191
5157,-0.3868430321651131
5158,-0.09485369157094874
5159,0.340399994168308
5160,-0.2236553534627014
5161,-0.05288925591532861
5162,-0.28510425759826313
5163,0.38309050783121307
5164,-0.4779527178484069
5165,0.1633894789431691
5166,-0.6209462306958606
5167,0.35981331608303474
5168,-0.06758955716167561
5169,0.05249791939241118
5170,-0.44271589505316405
5171,0.6486223004250694
5172,-0.23236785791265002
5173,-0.1927215853390285
5174,-0.06971581104350257
5175,0.571064776161121
5176,0.047527250682336396
5177,0.08289107320316993
5178,-0.07624149399615311
5179,-0.18778961025028262
5180,-0.6009289581897923
5181,0.7778622989293417
5182,0.4119862036165252
5183,-0.10154056513226843
5184,0.3326926876561602
5185,0.24217518503137678
5186,-0.15090867728511806
5187,0.421259856828266
5188,0.6637638150349521
5189,0.0877986638279827
5190,0.8424278249545828
5191,-0.23175707880177562
5192,0.014704918872480053
5193,0.27037115523866206
5194,0.8706894724020866
5195,-0.5215361620294069
5196,0.3792724465810324
5197,-1.1347592328840164
5198,0.1376178370590104
5199,0.4620619955465031
5200,-0.7820702848661406
5201,0.4939970398137856
5202,0.4415243361980974
5203,-0.7930596881805675
5204,0.5313901407110608
5205,0.12377216516178746
5206,-0.7956000550578279
5207,0.022391492389550172
5208,-0.7512161956437408
5209,0.6610498595482645
5210,-0.25111195927121854
5211,-0.7382816418108816
5212,0.6343837289322276
5213,0.2989426155105064
5214,-0.7942570359935694
5215,0.3071009005294691
5216,-0.9643442823128014
5217,0.5134360961116975
5218,0.7026891728649217
5219,-0.27746724851791665
5220,-0.7154824049737492
5221,0.14206346557273752
5222,0.4119898879560972
5223,-0.03237897799577435
5224,0.2742122576094159
5225,0.19285749655997733
5226,-0.18208443740465588
5227,0.5147341725627715
5228,0.13997742123381746
5229,-0.03862559725808024
5230,0.14156076832772962
5231,0.4276040219961743
5232,0.031892215836803094
5233,0.12744964472073833
5234,0.2434912884549613
5235,-0.1318695224155396
5236,0.15862533564220851
5237,0.50664328374012
5238,-0.19127555144097086
5239,0.07358550051385142
5240,0.318176263629717
5241,-0.12842876706848416
5242,0.20147092413043383
5243,-0.10257512126788262
5244,0.2384791238690885
5245,-1.0577113467063743
5246,-0.28696924089993153
5247,0.1507611047546326
5248,-0.8280680132855838
5249,-0.3449583383224439
5250,-0.0775181462974088
5251,-0.14977378211616235
5252,-0.10914371136914539
5253,-0.20876127589104201
5254,0.2962630178886496
5255,-0.20248237171147881
5256,-0.3547273036983043
5257,0.32016225203772075
5258,-0.9125498676898706
5259,-0.2150343465294574
5260,0.3109637533861747
5261,-0.7650541885531176
5262,-0.21695624696519678
5263,-0.20635428075808282
5264,0.0985331341980884
5265,-0.795785947501675
5266,-0.2595057769385022
5267,0.1467514480199112
5268,-0.4267540862350797
5269,-0.2214613775612116
5270,0.16096984063166428
5271,-0.731270717007321
5272,-0.2080321621131954
5273,0.09121052985982583
5274,-0.05267564084968314
5275,0.5371023980807977
5276,-0.017683298243260783
5277,0.09461184927071985
5278,0.3449576858009156
5279,1.074845330598607
5280,0.010908986348437429
5281,1.0532260806308866
5282,-0.27965557775432515
5283,-0.533076719589619
5284,-0.20442839993570527
5285,-0.021414580618357684
5286,-0.31324482800104997
5287,-0.5719291259820471
5288,-0.08772979503761645
5289,-0.09026566495500164
5290,-0.34231279375318685
5291,-0.9735605967014836
5292,0.16570805289008347
5293,-0.35878393336254677
5294,-0.2837760987089148
5295,-0.6733314753200278
5296,-0.22401625124487085
5297,-0.029526154389516973
5298,-0.24357720785473239
5299,-0.5645118761270486
5300,-0.07560865224261705
5301,-0.11790248851474676
5302,-0.325536137774319
5303,-0.4744500038672867
5304,0.09924471877775878
5305,-0.02691112884996832
5306,-0.14776896312914609
5307,0.16480550026182464
5308,0.19016906405388218
5309,0.19309811277836939
5310,0.005650041449007954
5311,0.17097809040326184
5312,0.3364246064137252
5313,-0.011851967160240003
5314,-0.11603969316697867
5315,0.08612195018607559
5316,0.3452317605659598
5317,-0.0189045991133967
5318,-0.3396550433799847
5319,-0.4850769584883147
5320,-0.25956035985089504
5321,-0.027076643216161322
5322,-0.3301815866288815
5323,-0.6387033996950631
5324,-0.30914152907511844
5325,-0.08989211092001415
5326,-0.300246254081938
5327,-0.5635871155695351
5328,-0.31597637373871534
5329,-0.09197106477062078
5330,-0.1929782569451435
5331,0.14496853039004637
5332,0.18875048148584114
5333,0.0461716559421984
5334,-0.33283174292983814
5335,0.1722455434627838
5336,0.1541583589508906
5337,-0.1261296477567766
5338,0.18241066088053554
5339,-0.36651744293679817
5340,0.41370782761897695
5341,-0.7670212535078619
5342,0.1295588294775942
5343,-0.7839770197123437
5344,0.11345968603532731
5345,-0.8496067962993749
5346,0.22965523329918303
5347,-0.6595081514464898
5348,-0.1446068364860262
5349,-0.13118196243926125
5350,-0.780442891609547
5351,0.10787656479947023
5352,-0.25669227476062234
5353,-0.5634920357282954
5354,0.8121548879566185
5355,-0.15569795253704874
5356,-1.165306018157977
5357,-0.013697051400257707
5358,-0.2671012135227686
5359,-0.975948053262794
5360,0.034221140139676774
5361,-0.7662796169985596
5362,0.2733488363490945
5363,-0.5793196426761228
5364,0.22320493332448313
5365,-0.837078835641108
5366,-0.10257195182726536
5367,-0.24574058197830137
5368,0.2873059107601287
5369,-0.7359625034043821
5370,-0.08251584175754922
5371,-0.8298879453238078
5372,0.28301065812524273
5373,-1.0861219244171014
5374,0.028620417595179436
5375,-0.248465010077465
5376,-0.8540385671568261
5377,-0.21360507706282314
5378,-0.33316019249967876
5379,0.8432632406666878
5380,-0.977830026102374
5381,-0.24758937868027847
5382,-0.8424125742441996
5383,-0.15319064265203428
5384,-1.4540550484209316
5385,-0.0994377989770353
5386,-0.9805470617783547
5387,0.41057529589159375
5388,-1.4899441978732288
5389,-0.20958848305080227
5390,0.7259338398012884
5391,-1.5018326545128973
5392,-0.018037508968500354
5393,-1.2292854933621558
5394,0.045621119402654536
5395,-1.122243255158331
5396,-0.2839227744645525
5397,-0.999989644210975
5398,-0.22066022027217552
5399,-0.9867277711795701
5400,-0.16613290745670448
5401,-1.2534379464649668
5402,0.3933510197133596
5403,-0.9085887605124108
5404,-0.2125759724206556
5405,-0.721145064047379
5406,0.22424695498900835
5407,-0.888148860908652
5408,-0.5395823199860048
5409,-0.6930993837260588
5410,0.2266846526416561
5411,-1.0815011717871135
5412,-0.1289152807758722
5413,-0.6687659524278464
5414,0.17303599384988497
5415,-0.8575243264813939
5416,-0.137780533775332
5417,-0.673614654858975
5418,0.3576038290214545
5419,-0.8840518718436567
5420,-0.2621161010168538
5421,0.21536245696945425
5422,-0.11007835500882492
5423,0.36147359404884416
5424,0.05990642170394231
5425,0.09556772843025393
5426,-0.15016443157507323
5427,0.19823006018264572
5428,0.21144084385227274
5429,0.04005788191616136
5430,-0.21046565354220786
5431,0.15143329259764587
5432,0.22891839855860976
5433,0.0938014259090017
5434,-0.1966039394916151
5435,0.15709146909304536
5436,0.06525539606742813
5437,-0.2645330018583776
5438,0.1421653847753573
5439,0.6020320725407521
5440,0.21387251889849337
5441,-0.2226205622326621
5442,0.14543644972656067
5443,0.11833779646841143
5444,0.24659412847960907
5445,-0.04560962514181462
5446,0.5345740162374825
5447,0.1957643386351557
5448,0.05037684381707545
5449,-0.38423709564097325
5450,0.17040737660325003
5451,0.20494830983957324
5452,0.004664271322161755
5453,-0.11280058192174673
5454,0.14548701999672242
5455,0.42589035333994474
5456,-0.014631407914445619
5457,-0.038019498538713885
5458,0.10629683859424155
5459,0.310666480010307
5460,-0.03367837142590412
5461,-0.12280075517804384
5462,0.17390849156269347
5463,0.19337999271181008
5464,0.11418840145972983
5465,-0.187120436279601
5466,0.09298557142324296
5467,0.17900512649067082
5468,0.09035416228023252
5469,-0.08382255861409081
5470,0.16634849238408317
5471,0.5479591162953408
5472,0.055398647262235076
5473,-0.14033603861270738
5474,0.15137179385978203
5475,0.21636377296323223
5476,0.3377727230749232
5477,0.1674059250655615
5478,-0.7044386632024423
5479,0.9384533404654649
5480,0.18715287537449285
5481,-0.909461144667978
5482,0.997901021842978
5483,0.15163539092277484
5484,-0.7244140070594348
5485,1.2944700686573147
5486,0.1663482281603847
5487,-0.6146682788291055
5488,0.7787631421191628
5489,0.13950638650349004
5490,-0.87538264253465
5491,0.8931139622517111
5492,0.09556868067868157
5493,-0.8847199518024176
5494,1.8203673589452058
5495,0.1665864459862423
5496,-0.759018900860728
5497,1.164837637108042
5498,-0.15580941973678678
5499,-0.6835348481227451
5500,0.4642123710617315
5501,0.090503976272912
5502,0.10496449806816108
5503,-0.40785395476979647
5504,0.2428298990441923
5505,0.16125128062412963
5506,0.4465147284838921
5507,-0.3078647280205329
5508,0.39032102723580464
5509,0.20227669368502602
5510,0.13158967738740723
5511,-0.3057889612900692
5512,0.4461909253971567
5513,0.26589773146027323
5514,0.3304414787106349
5515,-0.520211698604039
5516,0.4641597748471566
5517,0.20325405059433152
5518,0.2798976157116864
5519,-0.6894300186078455
5520,0.8933401685527154
5521,-0.06256982568847755
5522,0.07558297401541597
5523,-0.6871919982123417
5524,0.5390799285095498
5525,0.29382803167502874
5526,0.18680863578689447
5527,-0.7195225017921937
5528,0.9584915694637756
5529,0.10942548564876081
5530,-0.7355830538365072
5531,1.4801806934662434
5532,0.05087297962904633
5533,-0.5994138829887706
5534,0.9611371746047034
5535,-0.04439099969501939
5536,0.6968300480198445
5537,-0.0775162613589128
5538,0.18493748182773015
5539,-0.04323943642562914
5540,0.6751264043562801
5541,0.21124835056739633
5542,0.12573018956146517
5543,0.3421791733036652
5544,-0.16333210374141674
5545,0.25762745123111563
5546,0.576810031087862
5547,0.5462687607914477
5548,-0.1874542509636437
5549,-0.17313282398895494
5550,0.712748300086266
5551,0.5938024409490941
5552,0.44929291023266044
5553,-0.3733269759971692
5554,2.209400212305251
5555,0.3422979140899726
5556,0.43589461150679687
5557,-0.18540065330690017
5558,2.2474470685084245
5559,0.37364993219558257
5560,0.4103027172663449
5561,-0.4635741157708754
5562,1.922039645293316
5563,0.45247015524774403
5564,0.11332429382327269
5565,-0.6681133044686111
5566,1.5740477539344278
5567,0.44858669050768435
5568,0.8390746471624232
5569,-0.6097674026593067
5570,2.2268433473985074
5571,0.6346078743754624
5572,0.5819665268715732
5573,-0.7050289966723011
5574,2.306750925367735
5575,0.5516672320461374
5576,0.8181644766192205
5577,-0.6241844467856253
5578,2.1009163403000546
5579,0.516436469889889
5580,0.8940126273322776
5581,-0.45284024422227814
5582,2.201986246235373
5583,0.3673581966233538
5584,0.8922833999581601
5585,-0.8134271934736572
5586,2.0570815244656377
5587,0.46235013618670023
5588,0.8728600841179349
5589,-0.5169234926174844
5590,2.315487923870399
5591,0.49079797745925585
5592,0.9134817678301593
5593,-0.453559510716869
5594,2.185243326517607
5595,0.5206932282399221
5596,1.028131025215589
5597,-0.25683555807270547
5598,2.264818139943646
5599,0.6168917299166924
5600,0.12170038154612449
5601,-0.5501079546040886
5602,2.113649095201569
5603,0.44676963054357344
5604,0.4033430929682077
5605,-0.12922380567710548
5606,0.03874958019542659
5607,-0.5093443002515909
5608,2.1642697816977865
5609,0.43850172184777014
5610,0.480592742544808
5611,-0.30746544393958347
5612,2.2316342581180684
5613,0.5634352844919668
5614,0.4085792911214978
5615,-0.2122566585248126
5616,2.2654021370525497
5617,0.6590999925939324
5618,0.6270210212333921
5619,0.1475173681945648
5620,0.6897235509049179
5621,0.24347339868646542
5622,-0.04094280807476725
5623,0.45688654579479226
5624,-0.20246573748340332
5625,0.4300612835298498
5626,0.2931314518417112
5627,0.48672056110026235
5628,0.45308387536623096
5629,-0.31208326230683653
5630,1.0110607472187951
5631,0.4448753675720952
5632,0.42194459064981876
5633,-0.1817823719183986
5634,1.104435972590075
5635,1.0120414614223874
5636,0.3844735818358108
5637,-0.22192336355222161
5638,0.46992874383916394
5639,1.0696598850137322
5640,0.3602940349263991
5641,-0.18290960222287636
5642,0.34555623486224596
5643,0.5588888202059553
5644,0.2354100353993987
5645,-0.30078517509206776
5646,0.9859022186178904
5647,0.30655295431259044
5648,0.28958225096370466
5649,-0.24224275783891944
5650,0.1897876411705375
5651,0.5804985728507921
5652,0.5728848010944919
5653,-0.2667256346183755
5654,0.8932060839580666
5655,1.4026602395239884
5656,0.3582260601675269
5657,-0.0575119420918707
5658,0.3272715027820544
5659,0.9199455465729544
5660,0.45675161385952434
5661,-0.12393773648719103
5662,0.32010656596691917
5663,1.2143681547394929
5664,0.17708998804078474
5665,-0.335459838720674
5666,0.9363139079488065
5667,0.24403003267859483
5668,-0.3257694904791262
5669,0.3044225633875258
5670,0.8623866100065801
5671,0.4342891448958342
5672,-0.24609831219398884
5673,0.36204120518414235
5674,0.755088163240113
5675,0.4198932456798559
5676,-0.23410835798769364
5677,0.8523001886168134
5678,0.37382751579404044
5679,0.5486228937163302
5680,-0.26530603115188955
5681,-0.15957667861731006
5682,-0.6683324656783285
5683,2.0233899019822843
5684,-1.1568445370960136
5685,-0.16560571650301859
5686,-0.4839557082667017
5687,1.973442331317653
5688,-1.1438112670945075
5689,-0.23760629315762427
5690,-0.6745393593866222
5691,2.068483551047926
5692,-0.8656574162270568
5693,-0.18473389198367574
5694,-1.0578872069038774
5695,1.945933741836577
5696,-1.1058897203200868
5697,0.034448302312067657
5698,-0.325329177218899
5699,2.010572058157573
5700,-1.199748066469555
5701,-0.3322124370377663
5702,2.0641096836809396
5703,-0.8540275026586637
5704,-0.429268516369413
5705,0.2173123915406456
5706,0.051869791654438564
5707,-0.20573853400672418
5708,-0.7008769833862784
5709,2.0176835482395066
5710,-1.1217011989906225
5711,-0.13040973753081
5712,-0.33441448636485593
5713,1.918260178701341
5714,-0.9483305500652408
5715,-0.20859212058528998
5716,2.0548508571712163
5717,0.28423976857982874
5718,-0.2262013185186838
5719,-0.6683324656783285
5720,2.1147006918465685
5721,-1.2099936506650109
5722,0.4336760227834503
5723,-1.0663472820314286
5724,2.067267740298689
5725,-0.8787725205190988
5726,-0.17843790960854375
5727,-0.6408502397609128
5728,2.1844778380377843
5729,-0.7501736563616924
5730,-0.11686049209107255
5731,-0.8450654688650338
5732,1.979214902406322
5733,-0.8504053857634708
5734,-0.3595864433702755
5735,-0.49837488333963637
5736,2.0228851334975664
5737,-1.0445380347978228
5738,-0.11503366792360306
5739,-1.0880567584096743
5740,2.0098614644076322
5741,-0.8875943637471451
5742,-0.17158647675202135
5743,0.4285425941624538
5744,0.45892869785850865
5745,-0.08327406647056823
5746,0.2878933894978669
5747,0.5649691940886639
5748,0.38159475062388015
5749,-0.18268070627307056
5750,0.2896996405569348
5751,0.6823266075160133
5752,-0.2955217032147901
5753,0.3997322769203128
5754,0.633026581060507
5755,-0.1684030936478526
5756,0.3234620479285151
5757,0.31175271744596944
5758,-0.13194759183740482
5759,0.3891080790603965
5760,0.31932870453003404
5761,-0.34991364678761244
5762,-0.0652720719903842
5763,-0.08756075025546847
5764,-0.2271078106217963
5765,-0.2742841243446416
5766,-0.11486321430203304
5767,-0.27734430332482335
5768,-0.023605552070786618
5769,-0.2204078881960337
5770,0.024955546047096745
5771,-0.16177742623090569
5772,0.08221702734993777
5773,-0.11411644640267721
5774,-0.3029689733498137
5775,-0.04389738391143777
5776,-0.12557258544191807
5777,-0.0757166408767885
5778,-0.21294889348557594
5779,-0.15585571097012774
5780,-0.0775247487356863
5781,-0.18904243476149177
5782,-0.2056812023980126
5783,-0.0995692635085149
5784,-0.032504557930517694
5785,0.013076268231938687
5786,-0.10530113259108986
5787,-0.1364102159290122
5788,-0.23092084794277226
5789,0.05005171272801865
5790,-0.22365859870934443
5791,-0.3416140723149436
5792,-0.1329887885896057
5793,-0.08023600213452242
5794,-0.07244603806893493
5795,-0.1479637226088932
5796,-0.07176882877895038
5797,-0.15917751443024605
5798,0.1531422580980747
5799,0.30221963942348645
5800,0.12292394395568004
5801,-1.0716610705333747
5802,0.5048604212503925
5803,0.16731952753567259
5804,-0.996202731236208
5805,0.46996084693291434
5806,0.28027515569545225
5807,0.11299663114014788
5808,-1.0080577458244233
5809,0.21498668786646566
5810,0.6700872308509077
5811,0.5664684886325132
5812,-0.2718227426158176
5813,-0.7157785952459725
5814,-0.23584637221615384
5815,-0.08335278113527751
5816,-0.2601784038894815
5817,-0.6838407020928429
5818,-0.2326639623643219
5819,0.016341401108194105
5820,-0.22520793840544187
5821,-0.634830679276355
5822,-0.2860237033328297
5823,-0.016892004791559858
5824,-0.31492422713701984
5825,-0.5726532336780735
5826,0.2450382677242338
5827,-0.038077542101121575
5828,-0.2642238160999125
5829,-0.35145333801671935
5830,-0.10203438008795573
5831,-0.1913119192972242
5832,-0.3256651596277037
5833,-0.35463711989969765
5834,-0.07088773256423088
5835,-0.007974926441307005
5836,-0.5350137953908402
5837,-0.16566353650704332
5838,-0.25480510225790676
5839,0.15311364232891725
5840,-0.9646726622678589
5841,0.06987486095712551
5842,-0.8010820990435796
5843,0.1550092549048734
5844,-0.6915036994968492
5845,0.0570933861666779
5846,-0.8234752950402575
5847,0.40228614488231235
5848,-0.39749430076556413
5849,-0.3367650087519477
5850,-0.9014487071240036
5851,-0.8937628230506319
5852,-0.3996649231017535
5853,-0.25630813554567705
5854,-1.031980491084135
5855,0.018527851509859947
5856,-0.31618790092017623
5857,-0.9180448988041083
5858,-0.6456169015941192
5859,-0.39225291104062093
5860,0.41713042110764875
5861,-0.8360175555075289
5862,-0.4778568351774097
5863,-0.7977728725599682
5864,0.35050434895339705
5865,-1.2474302588468242
5866,-0.06970773134826841
5867,-0.4850909530470983
5868,0.21466170043869007
5869,-0.9733395822924812
5870,-0.032294757024362825
5871,-0.6140848204827057
5872,0.09672345087634521
5873,-1.3549261042249634
5874,-0.24655126283548803
5875,-0.7262641653687517
5876,0.23784848573746925
5877,-1.0084287897220532
5878,-0.18989765116641666
5879,-0.8502662846389848
5880,0.18128631778088392
5881,-0.9146196691564249
5882,-0.28126287472533346
5883,-0.6254857426881647
5884,0.3880722765953977
5885,-0.7379022466501781
5886,-0.011148624371983917
5887,-0.7957123974036202
5888,0.23644414276179193
5889,-1.1324765416131488
5890,-0.20961599788912716
5891,-0.5733455059094018
5892,0.3118009918148982
5893,0.18600285206192915
5894,0.054808654053155687
5895,-0.009004059524389723
5896,-0.24573590677309995
5897,-1.0544058783633992
5898,-0.3423729433726903
5899,-0.01115758453579164
5900,-0.318725138739591
5901,-0.6123358356858558
5902,-0.06743169791535032
5903,-0.10169988927859928
5904,0.07337045521244148
5905,-0.5515215302811929
5906,-0.27551545252023163
5907,-0.8417638506140686
5908,-0.07167865853167732
5909,0.008568162058628474
5910,-0.11962678196137214
5911,0.16428384045299393
5912,0.23939573021049207
5913,0.10736471111065991
5914,-0.028762802820671278
5915,0.14118693822820344
5916,0.4696346667135103
5917,-0.056977457982288836
5918,-0.0848213998022849
5919,0.2246028057496221
5920,0.22068769416807482
5921,0.07598330719157195
5922,-0.08560400849793708
5923,0.158265729769014
5924,0.6013513878748755
5925,-0.033893092146721274
5926,-0.10515986629744767
5927,0.2257418303271859
5928,0.20715939702317965
5929,0.1789332899379435
5930,-0.6943113381112983
5931,0.16087086251410213
5932,-0.9796870007354854
5933,1.1427120025971444
5934,0.12639033458261845
5935,-0.8159990710175578
5936,1.2260172615391536
5937,0.157338077870325
5938,-0.7256822930581174
5939,1.4629038747804846
5940,0.3411393209567075
5941,-0.09485348844598505
5942,0.16264698871091599
5943,-1.0838886962616825
5944,1.4843116993271135
5945,0.2706660847774751
5946,-0.9590520602561375
5947,1.697285277290265
5948,0.5169685561592874
5949,-0.8171320561277347
5950,1.130441325520397
5951,0.4378864490515041
5952,-0.8911966710620319
5953,1.6484863309791211
5954,0.014578878306910039
5955,-0.866666881600784
5956,1.1428771151917227
5957,0.0882270430834964
5958,-0.9000612927724019
5959,0.8276076618369994
5960,0.05088934362799423
5961,-1.065749444177573
5962,0.15320764762072359
5963,-0.8357046640560425
5964,0.8921125509310566
5965,0.6670979219990785
5966,-0.9177530408713749
5967,1.685095236886173
5968,0.1337303768984508
5969,-0.7036491535709597
5970,0.994217350607814
5971,0.9977274132739169
5972,-0.7093769519932185
5973,1.0837053865359851
5974,0.1488013781198781
5975,-0.6705794911115549
5976,1.0739800773734112
5977,0.17601603930634868
5978,-0.8060292211965144
5979,1.179148269131584
5980,-0.8426845514378009
5981,-0.3967329537729309
5982,0.04594041107393528
5983,-1.040068567282746
5984,-0.5323779306044647
5985,-0.18051785069325776
5986,-0.8395641555259133
5987,-0.5596336635448481
5988,-0.5344280825615659
5989,-1.226647817049607
5990,-0.24814030008195187
5991,-0.26983534529150544
5992,-0.9930742653919337
5993,-0.2877303325591109
5994,-0.3641112396005518
5995,-1.3223975819444933
5996,-0.1513779308168605
5997,0.3380106408345169
5998,0.0658762776247073
5999,0.14070872633457276
6000,-0.34056897154577087
6001,2.268304322883134
6002,0.5830673838818021
6003,0.46794515556629157
6004,-0.4607332903333608
6005,2.249782746555533
6006,0.395886264872932
6007,0.4372629759820473
6008,-0.2981289440864574
6009,2.207350346365441
6010,0.6512444729939306
6011,0.6754976513616574
6012,-0.39195049341572225
6013,2.2277588340637946
6014,0.4849973218088717
6015,0.20537334375853106
6016,-0.3733423231181765
6017,1.937261285934216
6018,0.6158891668472285
6019,0.16324360340926208
6020,2.267284784619319
6021,0.473900533858372
6022,0.47977229425566725
6023,-0.5176470305271217
6024,2.186482451000085
6025,0.44340393833071756
6026,0.43021719914875506
6027,-0.7812558660542404
6028,-0.21196251282784306
6029,-0.36080858767788704
6030,-0.07195118613763368
6031,0.06434850619420705
6032,1.972423816250668e-05
6033,-0.8803526785058713
6034,0.04080991306566085
6035,-0.9532605409859753
6036,-0.1120020782193323
6037,-0.14731728474177075
6038,-0.058882483240834595
6039,-0.815906401130703
6040,-0.08055681823801544
6041,-0.3100075009787468
6042,-0.04891041224308211
6043,-0.7595978752323636
6044,-0.052237791838957555
6045,-0.24398473954026878
6046,-0.03447356101566608
6047,-0.6457722198691112
6048,-0.1452202906933247
6049,-0.24679484967954843
6050,-0.0628673406192926
6051,-0.9561580948704412
6052,-0.13237659755563194
6053,-0.11618255355105647
6054,-0.06518783276359029
6055,0.25660661185415196
6056,0.4348324469309172
6057,0.3205227213810216
6058,-0.8065685387451085
6059,0.3564827546988254
6060,-0.9147109532516549
6061,0.3882793092743443
6062,0.22784581714953017
6063,-0.909252356633488
6064,0.35806634010211263
6065,-1.2092710522640207
6066,0.370304527664107
6067,-1.0887845668307372
6068,0.21675920668848203
6069,-0.7574486476256336
6070,0.4581483346061812
6071,-1.4590545678239413
6072,0.5304926378815065
6073,0.43482792252622726
6074,-0.7875472013574655
6075,0.36894585262550667
6076,-0.9427905060018225
6077,0.49452861596599085
6078,0.8716516664104496
6079,0.6338420460322846
6080,0.3808403098909661
6081,-0.1482889315020008
6082,0.2989054831011894
6083,0.9558352897917534
6084,0.6898959574997037
6085,-0.2490662853055703
6086,0.23710385689081342
6087,0.5424234940840428
6088,0.47980712974726203
6089,-0.2523582600653998
6090,0.32120987913644683
6091,0.7849500576544505
6092,0.1431257306796478
6093,-0.15518533218159708
6094,-0.3670071796999583
6095,-1.0199953582261263
6096,-0.167274067991755
6097,-0.25403679865283857
6098,2.1130743548157653
6099,-0.8354586358359035
6100,-0.16138708675627586
6101,-0.1952708376906712
6102,2.0303601333174526
6103,-1.077155254375977
6104,-0.10969187919491913
6105,-0.2940456147281776
6106,2.0043870425034958
6107,-0.9136412785156647
6108,0.5282304418164376
6109,-1.0335491405481738
6110,2.1149505154793595
6111,-0.8144977636666024
6112,0.2586357761065235
6113,-0.30281854535138514
6114,2.0757769999812923
6115,-1.183669862000536
6116,0.6005199222597006
6117,-1.1394867389581251
6118,2.0632006500981173
6119,-0.16812865676577282
6120,-0.6571681845180694
6121,2.0694435464721668
6122,-0.8793866847832199
6123,-0.04018595664729844
6124,0.8988784200893307
6125,-0.15911248960309893
6126,-0.44964270259017725
6127,2.0353533940356283
6128,-1.1800196576127173
6129,-0.18761201467301608
6130,-0.7292617049326542
6131,1.9975299051900404
6132,-0.8363124932133218
6133,-0.424437083183324
6134,-0.522998698529911
6135,2.104573174232209
6136,-0.6855958970454356
6137,-0.47729368177860104
6138,-0.06506855244476037
6139,-0.3351692393039697
6140,-0.4438888891100845
6141,-0.16905774295743092
6142,0.453053142793873
6143,-0.13818330501870063
6144,-0.08196773609590584
6145,0.2949531890375382
6146,-0.13271848354931307
6147,0.11561828965419867
6148,-0.39803970939203526
6149,0.3522438267840986
6150,-0.5333921097136634
6151,-0.15687875596359144
6152,0.016087110655490983
6153,0.6144498619621183
6154,-0.24399016855479266
6155,-0.17882838863211073
6156,-0.00810179244472093
6157,0.16144988335325752
6158,-0.22190875597993615
6159,-0.4916291546266033
6160,0.2574742060406439
6161,0.5830854551057605
6162,-0.4281121300443552
6163,-0.027109735804357677
6164,-0.49175327752923575
6165,0.32754378202642903
6166,-0.47855858256047146
6167,-0.343256048831226
6168,-0.25075473072525367
6169,0.3473402989242389
6170,-0.48794835928442626
6171,0.13824015345755972
6172,-0.9701386667850758
6173,0.3963961196649887
6174,0.26084759374331107
6175,-0.10654969599816413
6176,-0.5800946665993029
6177,-0.15693750433388087
6178,-0.09726646114981248
6179,-0.04672707322952808
6180,1.3187689402300262
6181,0.4201951035736783
6182,-0.16049711010588466
6183,0.3386773517188241
6184,0.41827362343466773
6185,-0.2335360052110358
6186,0.395687111169171
6187,0.32416647160693
6188,-0.4650107526193929
6189,0.3634232841216822
6190,0.4987047973979545
6191,0.06789911234080662
6192,0.7497087856105814
6193,-0.623158038428265
6194,0.050965340431901915
6195,0.01987177901795757
6196,0.7965598970232501
6197,-0.3636572414486362
6198,0.02885306630186186
6199,-0.9825192894249618
6200,0.6532215786419423
6201,-0.055319070227336356
6202,-0.09602082435370098
6203,-0.11068485140415675
6204,-0.8439493460872007
6205,0.7445478434671313
6206,0.30037221001039827
6207,-0.9885378636469311
6208,0.6022251187039735
6209,0.15697736441044507
6210,-0.982222020546417
6211,0.638890611829956
6212,0.2417359369817941
6213,-0.9003873532635444
6214,-0.0846014226616146
6215,0.684313324603352
6216,0.6009216134415568
6217,-0.11958054277641024
6218,0.16274258361423968
6219,0.4608928002961332
6220,-0.14236624967278033
6221,0.12068158746070731
6222,0.22391328926843002
6223,-0.1262934486280388
6224,0.14786661654462036
6225,0.35427118552711856
6226,-0.188437376939138
6227,0.06101295289248062
6228,0.33986489370936
6229,0.13429303853951163
6230,0.3553076202705535
6231,0.40814237092161054
6232,-0.12897499050514655
6233,0.17293337694244826
6234,0.23976921553657163
6235,-0.11938507535337864
6236,0.19050471179580689
6237,0.4652555685471204
6238,-0.16905302227267066
6239,-0.203137592479584
6240,-0.09279160107325558
6241,-0.7986728119959752
6242,0.26537010000078776
6243,-0.9903041728807124
6244,-0.08370183094284268
6245,0.20548904010415855
6246,-0.7648124569884726
6247,-0.13595008108147377
6248,0.08016577761807088
6249,-0.8104704724865449
6250,-0.11096441318063849
6251,-0.33404002427572194
6252,-0.2891945453006661
6253,-0.059776738772709004
6254,-0.26111835664146654
6255,-0.17642126753470663
6256,-0.20643997031932543
6257,-0.05398175613395566
6258,-0.2931245204675409
6259,-0.03857623013654203
6260,-0.2799679108891174
6261,0.21592957491114592
6262,-0.06695666403804687
6263,-0.07730108375683174
6264,-0.1673693036437628
6265,-0.30545733044073636
6266,0.1651786022250152
6267,-0.9331378041946005
6268,-0.21103608431167611
6269,0.19860527022052402
6270,-0.6309393175821792
6271,-0.1878769706064877
6272,0.17292176723927705
6273,-0.9174051078088561
6274,0.005426464425357646
6275,-0.118045256091063
6276,-0.8157712431227538
6277,-0.18289960180049372
6278,0.22783121922585983
6279,-0.8473304835274745
6280,-0.2328977998669169
6281,-0.10852669175676917
6282,-0.016192267849065124
6283,0.09746143153832212
6284,-0.21342797646167327
6285,-0.03824700231120055
6286,-0.09814906175675864
6287,0.21797938994987404
6288,-0.18454588299023889
6289,0.01494520083844321
6290,-0.12372395266258564
6291,0.27579472870235666
6292,-0.12469700789297268
6293,-0.007694926249831582
6294,0.6318945144861088
6295,0.02369253049893697
6296,0.6802461426605331
6297,-0.35956607925378764
6298,-0.5587028102740188
6299,-0.2378463722161539
6300,-0.05070100305658471
6301,-0.24698616515074567
6302,-0.49039992103276764
6303,0.016025347937962373
6304,-0.07054589904332144
6305,-0.32057217070306143
6306,-0.5901436371053057
6307,-0.2460105534078968
6308,-0.04560625351096671
6309,0.059003122921310276
6310,-0.7741215443987628
6311,0.24982568558074167
6312,-0.2683717954907506
6313,-0.5685095845444127
6314,-0.15912701450615097
6315,-0.05060159412285411
6316,-0.2889266407367336
6317,-0.5347215854406039
6318,0.0727503723201472
6319,-0.06162541606422717
6320,-0.25051471382789353
6321,-0.4998776251028058
6322,-0.11447463372024994
6323,-0.10000498099508873
6324,-0.3216580433718375
6325,-0.7303963379444391
6326,-0.2273399528059572
6327,-0.25016738743407907
6328,-0.24590253166867224
6329,-0.5684471294557597
6330,-0.2822100159149676
6331,-0.021391416223757172
6332,-0.14604358463786143
6333,0.12661757790241626
6334,0.2033038145101803
6335,0.2743444713807886
6336,-0.12441657427499309
6337,0.14613660489013114
6338,0.1841952681874081
6339,0.26702503352465284
6340,-0.11074168449069159
6341,0.14256673440630593
6342,0.45295108454080246
6343,0.297885705075444
6344,-0.28476184868114124
6345,0.1753483678664926
6346,0.09184432338860113
6347,-0.02637329058065634
6348,-0.1322664653819696
6349,-0.7784278511804267
6350,-0.2724937678227944
6351,-0.06999898814140093
6352,-0.2721965719918111
6353,-0.5442026939681313
6354,-0.20688847368037908
6355,-0.11509249303972045
6356,-0.26542870009441677
6357,-0.6161660210680272
6358,-0.13999703564921534
6359,-0.06838396055974871
6360,-0.3088172403839312
6361,-0.41501715869796707
6362,-0.08249377308693856
6363,-0.03236319872460654
6364,-0.3110114088422476
6365,-0.6829949687539235
6366,-0.33503010464788485
6367,-0.018454362576579834
6368,-0.25678481086484106
6369,-0.5746724333173676
6370,-0.1937777335649407
6371,-0.10267507217177314
6372,-0.34373322085350644
6373,0.15723794917884337
6374,0.13589298908304445
6375,-0.005339399603523173
6376,-0.28551500652666195
6377,-0.5177417144219036
6378,-0.17686072567230235
6379,-0.045890463540568624
6380,-0.0796977049814592
6381,0.16619777963255097
6382,0.48023369591906645
6383,0.22905352649655647
6384,-0.18677975779352426
6385,0.1769801029457509
6386,-0.2739676833549988
6387,0.17952131602607338
6388,-0.9172204404367917
6389,-0.10512614105393946
6390,-0.8930980773677814
6391,0.07115072248835858
6392,-0.4867100032491979
6393,0.1583224429451937
6394,-0.8925870954206704
6395,0.04199609565872928
6396,-1.0842350510644778
6397,0.17249670519890006
6398,-0.8278507236486388
6399,-0.25937744239611465
6400,-0.2508291584930667
6401,-0.5658980745540364
6402,0.13987862803839957
6403,-0.18454868420374276
6404,-0.7734304761008925
6405,0.6134965840622613
6406,-0.000730504912830035
6407,-0.6730406921764703
6408,0.1998888660411026
6409,-0.26512286725289747
6410,-0.572125034684085
6411,-0.11231630311957085
6412,0.2979793727320103
6413,-0.6723261131822327
6414,0.7729604639879201
6415,-0.20705148431845682
6416,-0.8631846355643915
6417,0.9609557735244229
6418,-1.1496702106270122
6419,0.2792530063205097
6420,-0.31152033396332346
6421,0.3629299689580744
6422,-0.7629733469938069
6423,-0.09756772532935824
6424,-0.45432515690274733
6425,0.21873880263521647
6426,-0.8453361796120832
6427,-0.4739921139570117
6428,-0.4820900598943344
6429,0.23286997532705353
6430,-1.1009459322351158
6431,-0.133197617052152
6432,-0.5876554579821399
6433,0.4262881596121495
6434,-0.9583186193648711
6435,-0.19462476529540473
6436,-0.8536881351474177
6437,0.2502422573861725
6438,-0.9933957118657584
6439,-0.08353229428405799
6440,-0.8596434945026236
6441,0.2565076266597082
6442,-0.9698432738014376
6443,-0.33255121153215594
6444,-0.6090682956294
6445,0.2611834214259916
6446,-1.119546530882302
6447,-0.3223864091479555
6448,-0.5713045631679502
6449,0.388556306838332
6450,-0.7224870796559673
6451,-0.2262488344805152
6452,-0.9609289134825182
6453,-0.21127303693622307
6454,-0.8664340214821538
6455,-0.28334195054847217
6456,-1.0984775695603979
6457,-0.0915498441225472
6458,-1.05116367507353
6459,0.3224269498583281
6460,-0.23139833724622
6461,-0.9993933205226079
6462,-0.13064381637842212
6463,-1.116556974449962
6464,-0.18447338938475938
6465,-1.3154757864903337
6466,0.45938050214397497
6467,-1.1896149985645634
6468,-0.6892534784271478
6469,-1.2262347511771248
6470,-0.7201478160942
6471,0.38594573269601645
6472,-0.8821920564800874
6473,-0.23166632936801584
6474,-1.1647886115275223
6475,-0.3311322279100844
6476,-1.2322910582478432
6477,0.407823208676811
6478,0.6691634228888844
6479,-0.068593331912186
6480,-0.13909160114703473
6481,0.05581610158302883
6482,-0.35127089021118485
6483,0.14953558967418218
6484,-0.899473408806883
6485,-0.21450237610036543
6486,-1.0583930057378015
6487,0.04292792238676237
6488,-0.13536846883372133
6489,-0.22093859912411395
6490,-0.9390679360477865
6491,0.3735526012093419
6492,-0.8422201484538612
6493,-0.12383055420666447
6494,0.170634143454224
6495,0.16977835272944342
6496,0.05339687141834663
6497,-0.14873055079498154
6498,0.16730405963670547
6499,0.21419049704870993
6500,0.03303236832053507
6501,-0.13162686269172774
6502,0.17805074532352666
6503,0.11207140847221962
6504,0.2179067516408721
6505,-0.12298985528871083
6506,-0.36035088980565516
6507,0.1696437588092452
6508,-0.0340341537255986
6509,-0.11578309268253081
6510,0.17725286637328627
6511,0.10748835909281253
6512,0.05581857319090703
6513,-0.19121469971164487
6514,0.18015932362546885
6515,0.22705145310126457
6516,-0.04546340982132629
6517,-0.15586614276551652
6518,0.1713274500802998
6519,0.20555140619307924
6520,0.19844001828285474
6521,-0.11132560321612736
6522,0.17683772981114135
6523,0.21722851975093452
6524,-0.08885005742002897
6525,0.0240727912355526
6526,0.17805074532352666
6527,0.141086598369019
6528,-0.03218703154066066
6529,-0.028759935424570306
6530,0.14981867732126022
6531,0.00764033488004312
6532,0.08281860891008026
6533,0.17985619318145013
6534,0.3505620094774711
6535,-0.045174010914222455
6536,-0.02617857440173129
6537,0.17002711142055074
6538,0.5404644794386738
6539,0.34862694014260265
6540,-0.10300599235526228
6541,0.2233452187749161
6542,0.3463114382329631
6543,-0.03391336032272019
6544,-0.18766340505554005
6545,0.1528288970669015
6546,0.7424004985944784
6547,0.38372955866628233
6548,-0.20641291931089492
6549,0.14354909286402656
6550,0.154347076930768
6551,-0.11150926582658435
6552,0.1789438063840895
6553,-0.047675329264492264
6554,-0.10984436613205324
6555,0.15284991417895497
6556,0.15644178406383194
6557,-0.013146602436266126
6558,-0.10206750926510846
6559,0.16225313253037246
6560,0.20348853336734918
6561,-0.01733883536238181
6562,-0.18226616557429615
6563,0.15865637889730477
6564,0.7598519993220295
6565,-0.07196249200794681
6566,-0.14578134768234105
6567,0.15777797886031583
6568,0.280252200934531
6569,-0.014472290686925862
6570,0.1664258289724397
6571,-0.9737310730273915
6572,1.6560487506325468
6573,0.13333731286458705
6574,-0.9417097111117805
6575,1.7439520273011004
6576,0.12543681459462805
6577,-0.9974085039273577
6578,1.072075478954842
6579,0.0547408779174005
6580,-0.6955597615402562
6581,1.4418292575616976
6582,0.12996056456943733
6583,-0.8804369748346544
6584,0.8818569805663906
6585,0.13012846754768514
6586,-0.863512607940833
6587,0.8795555727734206
6588,0.1655531685229452
6589,-0.835538112849255
6590,0.817565839149672
6591,0.12877907905306077
6592,-0.7909282909208293
6593,1.446052006716628
6594,0.048796341266668916
6595,-0.848345559174195
6596,1.2328300323294785
6597,0.09329611773326277
6598,-0.7733116083302273
6599,0.7807638945665786
6600,0.014517297072652643
6601,-0.4516996451804215
6602,0.42993990764019047
6603,0.16284282534194966
6604,0.18167067868950637
6605,-0.4607496162492952
6606,0.3984789576608387
6607,0.13664597902851028
6608,0.16499413365964835
6609,-0.5579328496854036
6610,0.686179527732626
6611,0.019068472922126187
6612,0.09701685987780348
6613,-0.42452259590169006
6614,0.4849162105731606
6615,-0.0682680516424132
6616,0.0723419047442815
6617,-0.5471321329055217
6618,-0.07015271759014949
6619,0.1965505294823172
6620,0.14528843638744862
6621,-0.41826130868286565
6622,0.4090067480668092
6623,0.03277555900163555
6624,0.1538114852181165
6625,-0.18857250768421704
6626,0.7443127984722812
6627,-0.04728576089579055
6628,0.20309861863756468
6629,-0.31467103882344066
6630,-0.0772440667812546
6631,0.04743226011161258
6632,-0.04534468211090726
6633,-0.4897461639556882
6634,0.2923933869835265
6635,0.39843742840339974
6636,-0.04948643009446022
6637,-1.0337232948145891
6638,1.1007141009423893
6639,0.11691087328212371
6640,-0.006901762243211634
6641,-1.2842659852893725
6642,1.3466318031642865
6643,0.7287808020576443
6644,-0.7209741217830667
6645,1.1516143095713167
6646,0.07395642589046927
6647,-0.5826979552097871
6648,1.988360154059393
6649,0.13191639368654007
6650,-0.9990134119110665
6651,1.1116436719129346
6652,0.13253741837150487
6653,-0.7148133807015329
6654,1.2643801280550522
6655,-0.18090178567112725
6656,-0.3636982255942017
6657,0.3349589610426332
6658,-0.39736941640006745
6659,-0.43469169511809047
6660,0.12922100008932855
6661,-0.17788504943499037
6662,0.042650968573287554
6663,0.3860754891048794
6664,0.10015594742785892
6665,-0.3092340618831025
6666,0.23851958462576936
6667,0.7030184553237776
6668,0.14928956952246644
6669,0.0655278073735376
6670,-0.058697234327860545
6671,0.15747970116714508
6672,-0.30896538099536636
6673,-0.23259873105268558
6674,0.29490402418046274
6675,0.2789267704550055
6676,0.7985881424992182
6677,0.40462984747959446
6678,0.850905528735409
6679,0.5341459267378927
6680,-0.34102518434370566
6681,2.172536048214118
6682,0.4539337488108526
6683,0.5368002991016699
6684,-0.6181152579940242
6685,1.9027739575739724
6686,0.32777483053679607
6687,0.17179733010893106
6688,-0.30083350478926535
6689,2.1331222496881947
6690,0.47523857903042943
6691,0.4364371079289487
6692,-0.6938304203801916
6693,2.2884430477607816
6694,0.5348237107058048
6695,0.44152500790388616
6696,-0.29818282984447764
6697,2.270442604265406
6698,0.46952991921187986
6699,0.4345996492585971
6700,-0.4880957889320337
6701,2.3593571723627322
6702,0.6244430300965492
6703,0.2638009799143204
6704,-0.6827795307048928
6705,2.2557450618558295
6706,0.35561441580794995
6707,0.20316524010664685
6708,-0.1744997582995633
6709,0.996254590163928
6710,-0.22278769416585892
6711,1.9904132745522427
6712,0.6243197503004547
6713,1.0955799433198203
6714,-0.7170990354604074
6715,2.0297922382352818
6716,0.32363194203288126
6717,1.0177908226577754
6718,-0.3050840206029413
6719,2.074238604261788
6720,0.5051065367316191
6721,0.6076178426748331
6722,-0.260347927441659
6723,2.3018537375223453
6724,0.6189681252410201
6725,0.5774051412726486
6726,-0.4720056388166485
6727,2.253367143013489
6728,0.4889783669144883
6729,0.6479116147695514
6730,-0.5030759786012854
6731,2.2125526641157025
6732,0.4233979437517983
6733,-1.0634120645463898
6734,-0.07774014782500925
6735,-0.2655666981650859
6736,0.0736424750443528
6737,-0.7128663649718133
6738,1.9915526884308932
6739,0.15577595436861683
6740,0.43812371794104626
6741,-0.693410200496046
6742,2.26915113829534
6743,0.4502991943808393
6744,0.12328072999304782
6745,-0.5191777728481224
6746,1.9335849409526082
6747,0.4592359756160429
6748,0.16525630052150903
6749,-0.19605568394570191
6750,1.9478362000786227
6751,0.4799289990909304
6752,0.6722937215321916
6753,0.0709145219581596
6754,2.2215599603255294
6755,0.6492360136142052
6756,0.5941262665493103
6757,-0.29821462250107367
6758,2.2924589841702567
6759,0.5734699281295208
6760,0.7151502267879536
6761,0.6160453726951545
6762,0.6688971977520366
6763,0.22267949348957516
6764,0.6611772541649342
6765,0.13209721644692737
6766,-0.0479990008159136
6767,0.33952186953424296
6768,-0.06449237684087364
6769,0.21377053147520847
6770,-0.2649142551227327
6771,0.19598371810712412
6772,0.31247864871356884
6773,0.768184113852747
6774,0.4879234049676646
6775,-0.167724268656609
6776,0.6732040721576393
6777,1.2486355164247667
6778,0.3683977285212706
6779,-0.16333318972013477
6780,0.32013174625151897
6781,0.6184904348460687
6782,0.3993140148623407
6783,-0.1424464795049951
6784,1.0498031123335434
6785,0.4272457017414641
6786,0.4045097736153979
6787,-0.13783996994676292
6788,0.2821232353878927
6789,0.8150168595285756
6790,0.30431505138452153
6791,-0.20633464896615078
6792,0.28920293277899534
6793,0.7653971974013141
6794,0.3501186495943554
6795,-0.07780808264409367
6796,0.20246067107667112
6797,0.7617946800692835
6798,0.30223679931891717
6799,0.3106856149721282
6800,0.26918383130660534
6801,0.33713494275899303
6802,0.4683819974167891
6803,-0.27002086790077573
6804,0.31519987459717197
6805,0.7579397078135296
6806,0.5974367442631707
6807,0.0887723589001112
6808,0.37272929314258757
6809,1.0503499190691579
6810,-0.21117419828905998
6811,1.038020335265122
6812,0.739009808136151
6813,-0.27083793121193395
6814,0.10533837141686272
6815,1.1515268180253322
6816,-0.26533213723297905
6817,0.8389239885828245
6818,0.3152305964123111
6819,0.23667979487656307
6820,-0.14033141389603762
6821,0.6867987937167203
6822,-0.15214559735203143
6823,0.24118596242310172
6824,-0.20697388428687438
6825,0.09893556662103876
6826,1.169486133841358
6827,0.21781425261532428
6828,-0.12177697486742589
6829,0.12112519005522841
6830,0.7881748889976756
6831,-0.3207458147528952
6832,0.37334493645448497
6833,1.1074780524434042
6834,0.25493726163496855
6835,-0.19925690135543184
6836,0.6634660196364744
6837,0.3475675300838118
6838,0.15079082163383728
6839,-0.16782821142669255
6840,0.18524520914731166
6841,0.9379350600122952
6842,0.2582258921968991
6843,-0.1790693363573917
6844,-0.18057743777219654
6845,-1.0245902284279789
6846,2.0930990062405077
6847,-1.3044150650046828
6848,-0.14551797243074352
6849,-0.6649450498170911
6850,2.0475225012671756
6851,0.7194408205928546
6852,-0.14801231760302608
6853,-0.44008620298366147
6854,2.059250499272613
6855,-0.21675809373256708
6856,-0.5891874516313452
6857,2.0412395323318977
6858,-0.8915468674680364
6859,-0.1860419758722638
6860,-0.711535817165069
6861,2.054760447606644
6862,-0.8609189425006045
6863,-0.44424751648362293
6864,1.9917544868655337
6865,-1.1344557055130349
6866,-0.3158618087830328
6867,2.0325165872138173
6868,-0.8259829096656613
6869,-0.07818455519805823
6870,-0.9018087109506467
6871,0.01710286529665035
6872,0.2129001227461043
6873,2.019150030926791
6874,-0.8644588031047656
6875,-0.14877353845854277
6876,-1.1027158218937498
6877,2.066633823914842
6878,-1.1233266403455828
6879,0.020916421772082
6880,-0.6778339568576504
6881,2.063862283696415
6882,-1.2260580299149417
6883,-0.10940399528335126
6884,-0.3708540758421866
6885,2.06920150258198
6886,-1.3062491726152246
6887,-0.29499178859119335
6888,-0.17760553213133495
6889,2.084332772511615
6890,-0.8242834482932956
6891,-0.265418311906233
6892,-0.6760559658723774
6893,2.072128972684183
6894,-0.9229868271773326
6895,-0.11278133897814996
6896,-0.2917252597276786
6897,2.101696416835729
6898,-0.9651272636104744
6899,-0.15204768774963381
6900,-0.30706942980721996
6901,2.0571094079683983
6902,-0.9399524611386583
6903,0.3570339717569607
6904,-0.42198526126465474
6905,1.9991098179516944
6906,-0.8004081240209432
6907,-0.012523443660287648
6908,-0.1759087804203533
6909,1.4756538640935601
6910,-1.072516994793068
6911,0.6079684393976539
6912,0.37643547561814367
6913,0.4254045746129928
6914,-0.13201991932134813
6915,0.3815705587898676
6916,0.5371748607867414
6917,-0.12167966575810785
6918,0.3303403729844863
6919,0.5819467434158557
6920,-0.17360566071015068
6921,0.3962817274876823
6922,0.5866240049777067
6923,-0.1305688021484688
6924,0.3649713957045316
6925,0.38675891906089005
6926,-0.1915499360175414
6927,0.4978556188701026
6928,0.35215571272240376
6929,-0.21453919580526984
6930,0.42919308270401774
6931,0.15185198814399972
6932,-0.2401465194288373
6933,0.3923267366363321
6934,0.4941767737544345
6935,-0.20421978373947258
6936,0.3685569241397367
6937,0.3739965447431684
6938,-0.3653576897348273
6939,-0.07821355436999013
6940,-0.09571074592002518
6941,-0.1981185768603178
6942,-0.24372676702914972
6943,0.06753146664382052
6944,-0.19168887449370048
6945,-0.2644189382786544
6946,-0.11107699829558672
6947,-0.35842115026716503
6948,0.01027789781197544
6949,-0.23597880868248036
6950,0.04416731087612216
6951,-0.025620679492666058
6952,-0.19476126906390648
6953,-0.1481321978433998
6954,0.5280219117843311
6955,-0.40993061288423016
6956,-0.20255428359243383
6957,-0.16790115770546862
6958,-0.17008270178623758
6959,-0.10442404932150415
6960,-0.14989472706449963
6961,-0.06944837928720612
6962,-0.26468584100373566
6963,-0.8715492205149955
6964,-0.1309528235048785
6965,-0.13516606992618627
6966,0.09134732635258339
6967,-0.02445190025754543
6968,-0.19578768414636705
6969,-0.46383570803811663
6970,-0.43113564238266167
6971,-0.05760597423694903
6972,0.6355854595453664
6973,0.19921996270824763
6974,-0.11783387970052153
6975,-0.19743669057792
6976,0.09759531380810833
6977,-0.11138649729662033
6978,-0.5967668135397954
6979,-0.4259159704350979
6980,-0.10647573747676399
6981,-0.5853541994331257
6982,-0.18420543058958666
6983,-0.09675677911963969
6984,-0.07176825909998139
6985,-0.1935031488705108
6986,-0.096936523398007
6987,-0.06322935587026887
6988,-0.4381156962526028
6989,-0.1923800263278335
6990,-0.08723500080524836
6991,-0.30076389854931046
6992,-0.00576894380123249
6993,-0.09172781940788355
6994,-0.04938312035507851
6995,-0.3534271524950902
6996,-0.18684902407085033
6997,-0.1002062951740527
6998,-0.1486708217207074
6999,-0.3319985935916615
7000,-0.019041465022136852
7001,0.20764748443561531
7002,0.29679653400659695
7003,0.04220649654471493
7004,0.5696487380180022
7005,0.22631565516308735
7006,0.37231456126730744
7007,0.3083520014129623
7008,0.25926897484753775
7009,0.40786814006873257
7010,0.09524834669259277
7011,-1.3241002920822145
7012,0.4797519979591628
7013,-0.20442901342912245
7014,0.23874390677465332
7015,0.297219561325258
7016,0.41564639209341037
7017,-0.1038335071050579
7018,0.10078393346726985
7019,-0.25479889715199056
7020,-0.8179289605465152
7021,-0.1773879979375309
7022,0.05100315735667256
7023,-0.2350062185544693
7024,-0.5616086375863754
7025,-0.27252280469090506
7026,-0.06607820054989261
7027,-0.1467551814531194
7028,-0.5963944278296431
7029,-0.2251162148929637
7030,-0.12817895762452577
7031,-0.2904447165627935
7032,-0.8839405129467368
7033,-0.41684710124472185
7034,-0.062482548325408865
7035,-0.2856534950880739
7036,-1.1269224962907214
7037,-0.22571451673188644
7038,-0.14418551313235123
7039,-0.35919665269158213
7040,-0.5626219452622806
7041,-0.17303458237798192
7042,0.021041537019530043
7043,-0.33147799075268886
7044,-0.543266144504997
7045,-0.2400033395006618
7046,-0.06605147163113206
7047,-0.24254361194068585
7048,-0.8356485130949081
7049,-0.08375853316992272
7050,0.08231194356259493
7051,-0.24094335935205724
7052,-0.6117163434604672
7053,-0.24666233703361523
7054,-0.02811520240486201
7055,0.1444067542441339
7056,-0.888164496376155
7057,0.0885320065241367
7058,-1.01458406270494
7059,0.6246788666646578
7060,-0.7802621283134404
7061,0.0793638072246573
7062,-0.5462618813743048
7063,-0.9663923235894801
7064,-0.38975428774053683
7065,-0.6823437441526475
7066,-0.9783655799499431
7067,-0.383434432512231
7068,-0.7265096548979461
7069,-1.2579045232570492
7070,-0.5205882947491939
7071,-0.5941154898709924
7072,-1.0081247321539193
7073,-0.5544725106240436
7074,-0.6932993604466539
7075,0.36934173493013833
7076,-1.7506746355507712
7077,-0.28952263768551395
7078,-0.756439118218946
7079,0.3512945886077142
7080,-1.5393454796324282
7081,-0.1754626033333915
7082,-0.6873199372857371
7083,0.19203037702066725
7084,-1.5862361667235736
7085,0.23094884324718218
7086,-0.7428386367941143
7087,0.3577931150360518
7088,-0.8146394746887274
7089,0.015476053001951248
7090,-0.6378654805980262
7091,0.23714480404402688
7092,-0.9020097311178585
7093,-0.1099570363196605
7094,-0.8692083815589121
7095,0.30526927532814846
7096,-0.8847851996659271
7097,-0.025504169965865985
7098,-1.1694520503285453
7099,0.3034825477984888
7100,0.017039166616268503
7101,0.17898714277615407
7102,0.060568437560318475
7103,-0.31821481140819985
7104,-0.6818264224818663
7105,0.043109442591281154
7106,-0.008173563454086062
7107,-0.23386083889929277
7108,-0.6969828592210364
7109,-0.35846286979191533
7110,-0.25811712749027693
7111,-0.3074508200200423
7112,-0.8901142324369079
7113,0.02805981855884627
7114,-0.12160551067505403
7115,-0.24545851243635103
7116,-1.3508710640632875
7117,-0.07573418458782859
7118,-0.10454238470479686
7119,-0.20486230966728097
7120,0.23168276298198395
7121,0.40972011109880874
7122,0.28078689483704855
7123,-0.2578595925872412
7124,0.23893284043553253
7125,0.20909337423342822
7126,-0.020453224576550313
7127,-0.14547666776093465
7128,0.056721459552730766
7129,0.15809836387308965
7130,-0.06625489507885113
7131,-0.15265451808675173
7132,0.1547012630521785
7133,0.1716858548286973
7134,0.208117143781475
7135,-0.13077564020591892
7136,0.13606846022516203
7137,0.15670677321347595
7138,0.18631769717186503
7139,0.14712605827265007
7140,-0.7193579525921566
7141,0.04574217402431815
7142,-0.8796422778218896
7143,1.7707051640756013
7144,0.13891672191983995
7145,-0.8314171444928744
7146,1.0676734368221703
7147,0.13937826437823184
7148,-0.7900881540292677
7149,0.9891295192155847
7150,0.06355900731241666
7151,-1.1018431857339337
7152,1.4195598759101717
7153,-0.08906418646646083
7154,-0.9935692819266155
7155,1.5278655427481451
7156,0.14994864658714957
7157,-0.7956433814624291
7158,0.7779246685018378
7159,0.1348489608370045
7160,-0.83193033434917
7161,0.8419932754522117
7162,0.15791723208787403
7163,-0.8045252736594211
7164,0.7481178914833704
7165,0.11876907397758248
7166,-0.8582206097278497
7167,1.262450813263669
7168,0.28508709179377645
7169,-0.7606235829643193
7170,0.918142171477461
7171,0.19167965360358907
7172,-1.1860530721931626
7173,1.502440529980589
7174,0.14395654165091296
7175,-1.1249709870277942
7176,0.9166505317766869
7177,0.76804971669315
7178,-1.0352393781616227
7179,0.7876528396151128
7180,0.13944822845368596
7181,-0.9539843920149528
7182,0.8206313742018533
7183,-0.9962364122307817
7184,-0.33174349111445645
7185,0.11221727245030727
7186,-1.5848934613775107
7187,0.2948053242821079
7188,-0.11535384138271504
7189,0.10053582205927661
7190,-0.13145863812472602
7191,-0.5660617615129325
7192,-0.3638322704462173
7193,-0.24484362372212987
7194,0.09554805330430216
7195,0.17069532663599105
7196,2.2797031855635352
7197,0.60409523702182
7198,0.43041054364027614
7199,-0.6119798015933275
7200,2.115086977861649
7201,0.42365160228852916
7202,0.8839514126387429
7203,-0.07230240927179804
7204,2.2142611268558245
7205,0.3279122206208434
7206,0.7914469473313092
7207,-0.6174391265925424
7208,2.0936758954101684
7209,0.18884327646550125
7210,0.5493711205204947
7211,-0.26394369360832154
7212,2.338022439195971
7213,0.36247110411969524
7214,0.4612894196266707
7215,-0.3141623757787645
7216,1.978088300221382
7217,0.5745137097897376
7218,0.9596687225945678
7219,-0.2628087716541293
7220,2.151047348682607
7221,0.5636466829980812
7222,0.4879396095285519
7223,-0.37074922191714255
7224,1.9449379749231908
7225,0.5063858262340516
7226,0.4470063143813729
7227,-0.01734879543568744
7228,0.2883302717486601
7229,-0.21374924428952502
7230,0.25161678698265805
7231,-0.21826837741719254
7232,0.2389687623963486
7233,-0.3151610758101109
7234,0.26662446975747095
7235,-0.9042131805203277
7236,-0.16353974190543039
7237,-0.2448905381815533
7238,-0.033524469407091785
7239,-1.033945355834625
7240,-0.13676679987121432
7241,-0.24935656575161946
7242,-0.06706488369453807
7243,-0.9941064783338116
7244,-0.2428417477461788
7245,-0.14642441714523322
7246,-0.07677028113011611
7247,-1.1984543355891886
7248,-0.04672395275497482
7249,-0.28275915879201247
7250,-0.2851028558303842
7251,0.8383333173807919
7252,0.1587364978357019
7253,0.4675951045563955
7254,0.5152640883077683
7255,-0.8665312464666968
7256,0.4810990477063618
7257,-1.0321628475567832
7258,0.5351486390812998
7259,0.23036896675367038
7260,0.4250775301406725
7261,-1.434447332731982
7262,0.5137801865946476
7263,-1.4881229176506119
7264,0.595954587886831
7265,-1.1501825532639076
7266,0.4204556134467046
7267,-0.9151637220205547
7268,0.39409865735173183
7269,-0.9084779146518337
7270,0.5368635020693856
7271,-0.9896130767943124
7272,0.431972326395115
7273,0.8828614758837121
7274,0.3737826807727797
7275,0.3503222352237042
7276,-0.107584275445651
7277,0.4533688427165831
7278,0.515869104877089
7279,0.2532908886297116
7280,-0.06230225809201449
7281,0.8745524582220275
7282,0.8394194833775254
7283,0.6123347178106872
7284,0.6242277718359508
7285,-0.008040180782920753
7286,-0.006918779319490514
7287,-0.3975012341709588
7288,-0.2069984229346102
7289,-0.5771972302174131
7290,1.8315985288054186
7291,-1.2258507277302575
7292,-0.16355069307102846
7293,-0.23457263612650509
7294,2.04031255871053
7295,-1.1098415659880887
7296,0.057009188915265414
7297,-0.4530334040857385
7298,1.9820877594329067
7299,-1.2510359665901931
7300,-0.12942147336525436
7301,-0.5704238788120906
7302,2.055117679217321
7303,-1.2179949494187046
7304,-0.3630399737383473
7305,-0.16321405910555883
7306,2.11492073726404
7307,-0.8270509269198645
7308,-0.23917058224894586
7309,-0.017444281557539753
7310,2.020927820539788
7311,-0.9889515483821807
7312,-0.06182669496552841
7313,2.0555465152550383
7314,-0.7266565692723141
7315,-0.14872068679024286
7316,-0.1993009072026148
7317,2.0190189213562393
7318,-1.2604461202723367
7319,-0.11968676854835639
7320,-0.6872449591571542
7321,2.0143499680461043
7322,0.22492522503714293
7323,-0.106096317599261
7324,-0.03793990872891002
7325,2.0338107068723716
7326,-1.2550956256709258
7327,-0.16920335809848563
7328,-0.5267899945975746
7329,2.069965259250936
7330,-1.0836569044066249
7331,-0.1663430874061541
7332,-0.6958739815127559
7333,1.9470392161145365
7334,-0.8287195454462628
7335,-0.048207476722909696
7336,-0.0010691538457738954
7337,-0.13740691510095876
7338,-0.19163825959051786
7339,-0.17787008599193638
7340,-0.15831955361952835
7341,-0.17898589250767893
7342,0.09027853286241873
7343,-0.8663786277561321
7344,0.37628462757069797
7345,-0.2357352565771853
7346,0.10232852621553902
7347,-0.3514973662956625
7348,0.2841993606366804
7349,-0.17285743754591867
7350,0.008365587295646133
7351,0.26600644877369733
7352,0.35913821789564093
7353,-0.25812901566363317
7354,-0.09659478368991964
7355,0.03719835241276063
7356,0.4260001733790476
7357,-0.47529813428756573
7358,0.1321827289328789
7359,-0.3095536649272385
7360,0.5849222367469669
7361,-0.5876272354333227
7362,-0.505323958812574
7363,-0.8687382376826739
7364,0.3518545995419592
7365,-0.5307125287852011
7366,0.22696330808416787
7367,0.5942276964731262
7368,-0.45833219933339553
7369,-0.35677529135475156
7370,0.36578103734568085
7371,0.5516412856406337
7372,-0.4788561833181102
7373,0.11263131294743796
7374,0.10367164101971489
7375,-0.20970594090505773
7376,-0.07485955198781312
7377,-0.02199311466900851
7378,-0.07361873829109923
7379,-0.19510458262559666
7380,0.33014207931604417
7381,0.48143595902133807
7382,0.022653406700596207
7383,0.5869530987682848
7384,0.41044719353038983
7385,0.7406716508461527
7386,0.3821539828290014
7387,0.5305933850004905
7388,0.004897493436787799
7389,0.2590212273120214
7390,0.9047482437847347
7391,-0.10399058690755886
7392,0.04748265465477276
7393,0.6648000448979728
7394,1.0096129810528873
7395,-0.6732576443993663
7396,-0.14275781781021998
7397,-0.6418452926731701
7398,0.3880820192750226
7399,-0.06380837420414055
7400,-0.8237297937674275
7401,0.14354968090664763
7402,-1.071090501168925
7403,0.9767990037165422
7404,0.15610218241094803
7405,0.5739316636081078
7406,-0.808460993220416
7407,0.8648095247513887
7408,0.0506381685230282
7409,0.5069223139504878
7410,0.6744162274252641
7411,-0.04335188266283876
7412,0.13335940596409426
7413,0.24206651217562092
7414,-0.23525966367017404
7415,0.12092280585392624
7416,0.17256480160500848
7417,-0.14925751414610794
7418,0.1521155958052218
7419,0.31752420624476196
7420,-0.27251002978076827
7421,0.28571060224267
7422,0.04593476809526873
7423,-0.05652128615074158
7424,0.13891561897673768
7425,0.3301044702046067
7426,-0.007125877779078035
7427,0.12028069128981919
7428,0.23582818969807054
7429,-0.2729604802312187
7430,0.23527345414726256
7431,0.07710967875517705
7432,1.209226731460723
7433,0.2542378293901645
7434,-0.05920091330132262
7435,-1.0569245923345798
7436,-0.13241125185283467
7437,0.153990314785307
7438,-1.4479280509404096
7439,-0.14935823288687594
7440,0.18028297896641315
7441,-0.8915022410496601
7442,-0.4222252951682522
7443,-0.2740476322304233
7444,-0.14456540561482784
7445,-0.3011127476309461
7446,-0.11789994148625382
7447,-0.3142396988387133
7448,-0.21081817186544466
7449,-0.18597781550259918
7450,0.1285109159047896
7451,0.2294471073785745
7452,-0.9676648679557021
7453,-0.14648695098418021
7454,0.15109561149157227
7455,-0.8714022577944754
7456,-0.09139606390900151
7457,0.20283122753130753
7458,-0.882178110241583
7459,-0.12660447692078913
7460,-0.11122579396784595
7461,-0.7898376068608677
7462,-0.19733043273526418
7463,0.1837269691613625
7464,-0.8408506281204536
7465,-0.2188642906999131
7466,0.2861318140148947
7467,-0.9532603894303947
7468,-0.1235104241175981
7469,0.03859649828206797
7470,0.13008916441103643
7471,0.11666877768113802
7472,0.8331535826699576
7473,0.18282386773096435
7474,0.40520850528102764
7475,-0.16172307354040044
7476,0.13403730286710158
7477,0.6532192734744281
7478,0.1397857792239895
7479,0.3182373299235036
7480,-0.2507259850455642
7481,-0.5325146454196095
7482,0.01578913141467444
7483,-0.1048699062651526
7484,-0.23366492424805926
7485,-0.5365384490392094
7486,-0.08585529152492945
7487,-0.03119434540105623
7488,-0.2975105638498709
7489,-0.5999917687808343
7490,0.1547869167007064
7491,0.08661399054059846
7492,-0.22304433514924946
7493,-0.5758854616280518
7494,-0.2741311380242385
7495,0.11054559048961873
7496,-0.10180277348259333
7497,-0.6040846391033985
7498,0.13749606751351226
7499,0.05053628974872657
7500,-0.2961938230887591
7501,-0.4432427902103547
7502,-0.09556127619696993
7503,-0.0007827343642022607
7504,-0.2523962997493932
7505,-0.5849545588868836
7506,-0.37437052032778195
7507,-0.03220875121440757
7508,-0.2324198212704487
7509,-0.5871440457984387
7510,-0.23299414437558402
7511,-0.09035031165522593
7512,0.11267153260687454
7513,0.6828826429753388
7514,0.16349378268338186
7515,0.14267032781344158
7516,-0.18959767389609256
7517,0.15737160664534114
7518,0.020005007797782665
7519,0.1974459939775348
7520,-0.13743770297683577
7521,0.13938980193731218
7522,0.45750858877675155
7523,0.03887324347821891
7524,-0.13026142652918704
7525,0.18057791538111514
7526,0.1569916459237723
7527,0.03371683886968765
7528,-0.3325793165756826
7529,-0.5289541579638637
7530,-0.05945420730182799
7531,-0.2627655971186907
7532,-0.5959952637753068
7533,-0.26081428995406847
7534,-0.26239986948031757
7535,-0.23146114732732362
7536,-0.5289723737094089
7537,-0.11371954689506854
7538,-0.1756308428760347
7539,-0.2910553910482572
7540,-0.5707665905537868
7541,-0.25131979341489746
7542,-0.08249506234757145
7543,0.03742753844862581
7544,0.14395660267970808
7545,0.11426943940493392
7546,-0.16672013525737184
7547,-0.24778446657273703
7548,-0.4437111270831182
7549,-0.11150746505588426
7550,-0.13735517008584786
7551,0.002073254139975042
7552,0.15589321144611018
7553,-0.009158099883584153
7554,-0.2512998116827404
7555,-0.14986269297696223
7556,0.15062252783537497
7557,-0.2729210894562886
7558,0.09578038297221679
7559,-0.9285277141304732
7560,0.011555311418808506
7561,-0.8969985319783955
7562,-0.014771498842997671
7563,-0.816556192520031
7564,0.04388325938329032
7565,-0.7541849924179788
7566,0.11529501430148618
7567,-1.1876109951943832
7568,0.43538002501527784
7569,-0.9624999532208361
7570,0.30003513238307916
7571,-0.0926591204680691
7572,-0.5532435545148171
7573,0.19034619766382843
7574,-0.2058604916678168
7575,-1.2208359650580998
7576,0.5528820841641084
7577,-0.1395574571852829
7578,-0.7590240550201733
7579,0.6203926412835492
7580,-0.23951328476045175
7581,-0.7887400955551851
7582,0.25647328264328173
7583,-0.884993938833113
7584,0.33718508698562644
7585,-0.7624084026657946
7586,0.4405111533378982
7587,-0.802730504518329
7588,-0.1740263068994162
7589,-0.7581562455946464
7590,0.46246252405079524
7591,-0.8983218006276538
7592,-0.27563296237177876
7593,-0.5815114818230628
7594,0.6120715531455585
7595,-0.8196719841381271
7596,-0.1844704680030429
7597,-0.5373061893750457
7598,0.3297569030326731
7599,-0.8894847651074869
7600,-0.3249977250342516
7601,-0.743291621251257
7602,0.3959423824907557
7603,-0.9585602738070312
7604,-0.26232272126973566
7605,-0.8832302656997314
7606,0.24799146246650589
7607,-0.8536720429214382
7608,-0.018503562882556175
7609,-0.6215887037768367
7610,0.26921448850518515
7611,-0.9427078677708048
7612,-0.22566111395206845
7613,-0.9887072309360181
7614,-0.2900735793956333
7615,-1.385106352914699
7616,-0.03642587513244267
7617,0.7450721462438863
7618,-0.9635904271697567
7619,-0.10765567827722512
7620,-1.2444258962154162
7621,0.29041047322245056
7622,-0.7780072772213802
7623,-0.18451513750618295
7624,-0.945433644325276
7625,-0.21214052289226018
7626,-0.8734981559731111
7627,-0.5317819431677848
7628,-1.0073483450414815
7629,-0.33002615583763467
7630,-0.907255842426815
7631,-0.2000912354438455
7632,-0.6552203789037786
7633,0.6064795081138534
7634,-0.9036597335430121
7635,-0.12785191324347764
7636,-0.5728526003109979
7637,0.18752310351564855
7638,-0.9771746827589557
7639,-0.14568054501116745
7640,-0.8003171170012356
7641,0.21313216336687887
7642,-0.4788346762679325
7643,-0.18496700387487386
7644,-0.8585193451343287
7645,0.24410754733044698
7646,-0.2330485694403064
7647,-0.12287437668913412
7648,0.1725496544849791
7649,0.171282310634772
7650,0.11736307579627916
7651,-0.224868629789156
7652,0.10535492356015196
7653,0.18753184811630824
7654,0.05169342819298604
7655,-0.18864095149162574
7656,0.15420272579327654
7657,0.20731877748874994
7658,0.01886860713024011
7659,-0.10479560611716798
7660,0.036210169791338884
7661,0.17408849460290024
7662,-0.15036959226920635
7663,0.15441199879881054
7664,0.22125054386576967
7665,-0.010199570644653598
7666,-0.12877724550665795
7667,0.18828702284996368
7668,0.21497712282022616
7669,0.10651894826520664
7670,-0.31360852358309993
7671,0.18410909912244341
7672,0.1390025321940544
7673,0.1485586308675373
7674,-0.2371795727009657
7675,0.1773907260235841
7676,0.18715445004481024
7677,0.1437887784158127
7678,0.059522338287517323
7679,-0.01813107847237484
7680,0.4339704996967478
7681,0.17515014599894854
7682,0.0470510484320374
7683,-0.09256773929571924
7684,0.1800961744748663
7685,-0.01136529442821574
7686,-0.07133087806987527
7687,0.15915924899908193
7688,0.15003249485790127
7689,-0.0017007347367297642
7690,-0.2290473406128614
7691,0.14689298332972148
7692,0.34784847997713775
7693,0.22704399594258068
7694,-0.12077810593716082
7695,0.17511541132426026
7696,0.43996816838317604
7697,0.21207790750821331
7698,-0.07999915037298738
7699,0.1440790373801716
7700,0.15507346389609597
7701,0.22866489391473233
7702,-0.3423255013443754
7703,0.18031099148375643
7704,0.15646753182535045
7705,0.14021979396545475
7706,-0.3037450062242031
7707,0.17708523346434957
7708,0.1603854642790014
7709,0.027744291155231287
7710,-0.3728799847361186
7711,0.17932236495105677
7712,0.20383865144395716
7713,-0.24882360597560974
7714,0.001492343683640163
7715,-0.9121658626306596
7716,1.9833705855923793
7717,0.1289550806549996
7718,-0.8053940094602569
7719,1.146975523774825
7720,0.1369615183689912
7721,-0.7558093606234136
7722,1.1076486187222885
7723,0.1221700578287119
7724,-1.1037692586502243
7725,1.0080190485906755
7726,0.12951477008084203
7727,-1.1833711130011781
7728,1.0747942102754675
7729,0.1559056586080879
7730,-0.9237500446431643
7731,1.039720989064457
7732,0.13973845434805804
7733,-0.98407448980079
7734,1.590427233899349
7735,0.14272634463439282
7736,-1.128238794693166
7737,2.015894873396079
7738,0.09535166676358313
7739,-0.5832390738852928
7740,-0.2255923048068278
7741,0.1568494557226944
7742,-0.5773046197222463
7743,0.004810891751985986
7744,0.6985448900391926
7745,-0.27833876588057554
7746,0.19764039160284072
7747,0.19369312112325474
7748,0.15764980576527854
7749,-0.12413651177229687
7750,0.4875897863959796
7751,-0.013914771404126867
7752,0.15943840500039952
7753,-0.7713145413468271
7754,0.4116579729620699
7755,0.13954098772243945
7756,0.06880904179424792
7757,-0.5567503749391357
7758,0.8752412869984637
7759,0.04544249059435019
7760,-0.6727531872090136
7761,1.2041680012003302
7762,0.15980717572670927
7763,-0.9690814084265857
7764,0.9196861930375737
7765,0.06364035720294763
7766,-0.8653394749900067
7767,0.8706312997110784
7768,0.12000912605754942
7769,-1.3413848464363012
7770,1.5590279213144875
7771,0.1538893284266414
7772,-0.7925287460740054
7773,0.9190079867269358
7774,0.2819790886352756
7775,-0.003313710695127407
7776,0.3255210006732531
7777,0.3772633897901061
7778,0.28228287501239335
7779,0.569689478343663
7780,0.28490582896107186
7781,0.662483327867082
7782,0.22437991381483027
7783,0.6717229726849359
7784,0.16913418321728813
7785,0.47194541899175324
7786,0.7469682038213732
7787,-0.05629437537177488
7788,0.039972139511022055
7789,0.3343649203903387
7790,0.5294304645964566
7791,0.31314800417238775
7792,0.5731370844641186
7793,-0.5822580373242494
7794,2.0692751220768897
7795,0.49430322301022606
7796,0.16993350326355075
7797,-0.41848640237721346
7798,2.106432415393902
7799,0.4931510819454442
7800,0.11613530266437376
7801,-0.5161418381647104
7802,2.104468031005406
7803,0.5051259931549247
7804,0.11364315688649279
7805,-0.3830752111489917
7806,2.207150239909464
7807,0.5846137068069246
7808,0.42757552419098094
7809,-0.6577084823365266
7810,2.2638695154716277
7811,0.5726714558309949
7812,0.44272185073358944
7813,-0.5080063163603789
7814,1.9434050744902907
7815,0.49047032828098586
7816,0.5911364968793982
7817,-0.4744383950109491
7818,1.2859278632013402
7819,0.5031561817186029
7820,0.6154358195930947
7821,-0.6731811081741138
7822,2.2637596140526126
7823,0.4429491569311488
7824,0.9201620810238703
7825,-0.538843192703665
7826,1.9622996153139878
7827,0.5839344926903524
7828,0.8933869059691368
7829,-0.06712593412408599
7830,2.2511817253595168
7831,0.6108800159894733
7832,-0.06998933701749943
7833,0.4406578878748427
7834,0.3195709865970584
7835,-0.7964353212869738
7836,-0.1421152823450306
7837,-0.1275228408984183
7838,0.6750631527034044
7839,-0.3072778524593012
7840,2.2774254419274533
7841,0.5903734782551987
7842,0.42482932344083835
7843,-0.4697372858808589
7844,2.224017213861582
7845,0.5037225306730408
7846,0.4258348169596905
7847,-0.6232139162152713
7848,2.092486427952725
7849,0.5018792147875791
7850,0.1538893284266414
7851,-0.5218155750398155
7852,2.293695660245301
7853,0.7082733702171791
7854,0.10710714988620783
7855,-0.2525811947767271
7856,2.3297057934128262
7857,0.6348809948626499
7858,0.7056794988361833
7859,0.28944118837910054
7860,0.6780340085819879
7861,0.19735685630254887
7862,-0.28888040965011524
7863,0.27170799695348696
7864,-0.2714753574902909
7865,0.28578812483343047
7866,0.47826570128486634
7867,0.3072251267989177
7868,0.45572839953058625
7869,-0.0902231643432274
7870,0.8680255091756823
7871,0.2383409964949478
7872,0.32367197951439153
7873,-0.239867343463962
7874,0.9037158291906037
7875,0.24056327729082955
7876,0.3133196054112779
7877,-0.23063465573471764
7878,0.36716045390315666
7879,0.3041092878186193
7880,0.25424934406316707
7881,-0.2689367293715516
7882,0.8594885799772165
7883,0.2597322062806979
7884,0.36005120759185905
7885,-0.24550098318246572
7886,0.985935566663957
7887,1.1073383585847725
7888,0.09975318589659767
7889,1.0245775617529638
7890,1.0993187103994466
7891,-0.24962699833466043
7892,0.38159611298723756
7893,0.25459705894235446
7894,0.18486984921692917
7895,0.31694154651620715
7896,1.1084633459303308
7897,0.36707727215966873
7898,-0.11170236553560757
7899,0.6009896764286596
7900,0.9801700024492387
7901,0.39741478090255933
7902,-0.3072681196368951
7903,0.319813925435807
7904,0.7257644200682373
7905,0.4867916013871384
7906,-0.12066534658321498
7907,0.8638011248150361
7908,0.34863895438723114
7909,0.35609302922212005
7910,0.1669822819976556
7911,0.9223930446018916
7912,0.8600677347945508
7913,0.2308335388995598
7914,-0.037163932906492725
7915,-0.09423617795533255
7916,-0.4537997505607261
7917,2.0244756076973456
7918,-0.46842381238396
7919,-0.799389491992338
7920,-0.291202341629236
7921,-0.12270705439807016
7922,0.13722447122711687
7923,-0.2794332630219729
7924,-1.1118038666509464
7925,2.0462230402511117
7926,-1.2393226056232316
7927,-0.15718779972521393
7928,-0.2953426935965849
7929,2.1165191196682462
7930,-0.80166050339154
7931,-0.23013030180089608
7932,-0.6223053289286151
7933,2.0187479737856395
7934,-1.2279006956202374
7935,-0.14998812893355098
7936,-0.6408529821795693
7937,2.0157845610337377
7938,-1.2649897507319576
7939,-0.9724140879070577
7940,-0.7322308377769544
7941,-0.4185896646722388
7942,-0.9216491071957248
7943,1.9725068392739835
7944,-1.2323755658245779
7945,-0.3498144788835949
7946,-0.15474324141269197
7947,2.078621172325238
7948,-1.016892301044556
7949,0.4619800145652198
7950,-0.09033262851984461
7951,-0.8057102366930404
7952,-0.2043622297211285
7953,-0.45090172164183795
7954,2.010521565550428
7955,-0.7930799329562194
7956,-0.12535471041795396
7957,-0.50158242883228
7958,2.0007090512750425
7959,-0.8821890959607775
7960,0.9038346697636482
7961,-0.3820021105181917
7962,0.06860226915611728
7963,-0.4806649301702885
7964,1.96989439808961
7965,-1.1842074648518521
7966,-0.21594708553954872
7967,0.3150223691501824
7968,0.4600419968941837
7969,-0.3160501499973743
7970,0.3246234934825815
7971,0.4642939567717808
7972,-0.258910356162295
7973,0.3568218547482212
7974,0.1348660379762435
7975,0.46096511367125903
7976,0.37128249707090755
7977,0.3745226779721443
7978,-0.16391058766847313
7979,0.28416304841546075
7980,0.5327020984249473
7981,-0.19521877649880368
7982,0.3698934559386452
7983,0.5354720262440137
7984,0.14014660379315985
7985,0.20854196121605023
7986,0.5222168965176641
7987,-0.14978812809167086
7988,1.179649568673563
7989,0.2963021005151131
7990,-0.18859558707213847
7991,-0.012609969826314233
7992,-0.13671487473959051
7993,-0.18874187067933412
7994,-0.13317536518615142
7995,-0.16917650954354935
7996,-0.30227774194832807
7997,-0.1336970194662115
7998,-0.06592362416347122
7999,-0.22517298671857552
8000,0.030732391548792214
8001,-0.21305309557815896
8002,-0.3393710824650706
8003,-0.17354638187642074
8004,-0.278769500182205
8005,-0.29685622998943795
8006,-0.21613538371715235
8007,-0.031105702824836497
8008,-0.18268955362370548
8009,-0.22636508060802965
8010,-0.14827953218965798
8011,-0.33855945867544834
8012,-0.28210130750564416
8013,-0.08931791833239588
8014,0.2520706858019161
8015,-0.22155719836837445
8016,-0.1382424823561577
8017,-0.09095491255509233
8018,0.5909699211183155
8019,-0.2955303976580853
8020,-0.2738436063142981
8021,0.04502050961617955
8022,-0.20759934615281583
8023,-0.21835074691247439
8024,-0.14626383823004388
8025,-0.1719020973323981
8026,-0.2201934666336948
8027,-0.02297947457501183
8028,0.15697534533137542
8029,0.4156139021740637
8030,0.19796670787665144
8031,0.3437076199927427
8032,0.1352587677300458
8033,0.4355822496402206
8034,0.11604222117659561
8035,0.15851985817069428
8036,-1.0189000174791998
8037,0.20451295319604174
8038,-0.0789316399207875
8039,0.26808630560115626
8040,0.7552743427549877
8041,0.2307116850991731
8042,0.4333937464541087
8043,0.1767745658450174
8044,0.4008088749298822
8045,0.5713840910989724
8046,0.027452159996241454
8047,0.6725040953275971
8048,0.3627209505018701
8049,-0.2547976368429532
8050,-0.8091598242578136
8051,-0.2841532120726604
8052,-0.07282979889854009
8053,-0.19665619922540462
8054,-0.6352146709987109
8055,0.03811080384668674
8056,-0.03378666772903571
8057,-0.29404075677129854
8058,-0.7673420461010602
8059,-0.35463951875861766
8060,-0.1471977675998587
8061,-0.21106405023764607
8062,-0.6179710198672328
8063,-0.3303229404996748
8064,-0.07780831356572997
8065,-0.3527939148472951
8066,-0.8848103401162483
8067,-0.24396083762394258
8068,-0.08758439855675157
8069,-0.21522389520107044
8070,-1.0195165375539554
8071,-0.42099737296616985
8072,0.25149850388835676
8073,-0.28431740504557773
8074,-0.5789150111905966
8075,-0.09402133478400285
8076,-0.027920022559500778
8077,-0.2548115759234964
8078,-0.6733892347335828
8079,-0.03873947197862355
8080,-0.07590063283107655
8081,-0.33050560596768974
8082,-0.6926425488557914
8083,-0.30555405577494243
8084,-0.07321803052992241
8085,-0.33730580394337933
8086,-0.592670914236429
8087,-0.26911340802380923
8088,-0.022599930659512754
8089,0.7251448252525681
8090,-0.5860580964163089
8091,0.4083694546623168
8092,-0.8868347500396407
8093,0.12984356472669212
8094,-0.48389162030588406
8095,0.14884899073541055
8096,-0.7087410131698704
8097,0.18228530188744038
8098,-0.9319902229769514
8099,0.3145561133067042
8100,-0.8305708227881684
8101,-0.3627250675245215
8102,-0.5432262054810734
8103,-0.811531665169536
8104,0.19090590868983429
8105,-0.6027545040959124
8106,-1.1884902054329578
8107,-0.4462421893004975
8108,-0.4687358965256202
8109,-0.7744149340209402
8110,-0.08620668352638464
8111,-0.6245910452570614
8112,0.21339198270316567
8113,-1.1823853863626559
8114,-0.11723989003854002
8115,-0.7876653516936946
8116,0.2052181654300661
8117,-0.7942800140140767
8118,-0.3134521979029235
8119,-0.5291847521480448
8120,0.2842798486591957
8121,-1.3281948571861903
8122,-0.2897827903212169
8123,-0.4017538347002677
8124,0.19825540183686494
8125,-1.0608135251912731
8126,-0.19533347370409612
8127,-0.5545938042564121
8128,0.1932619207419537
8129,-0.8693217538753808
8130,-0.07588270468719427
8131,-0.6023689707062969
8132,0.3274375390791471
8133,-0.8781830139099742
8134,-0.28081247031198
8135,-0.7343440631607691
8136,0.22695428001952359
8137,-1.0494821591785075
8138,-0.0022739542938288227
8139,-0.65406737829824
8140,0.33977462528889985
8141,-1.241323654525935
8142,-0.18615832820618938
8143,-0.7816191742761639
8144,0.26269601241824614
8145,-0.04911119055856865
8146,0.16548120636664632
8147,0.08712258944369614
8148,-0.2722472472882271
8149,-0.5116646266075142
8150,-0.08884203182553226
8151,-0.05050962707518807
8152,-0.20620632956323576
8153,-0.5608545610369833
8154,0.034028802027686794
8155,-0.19208591957887308
8156,0.5196546751938111
8157,-1.131925651552651
8158,0.04045939099452825
8159,-0.42863067284732354
8160,-1.0942600499291313
8161,0.11794461573909674
8162,-0.24406818272373848
8163,-0.1247671034561921
8164,0.16103573002790017
8165,0.27134962366447984
8166,0.16552953458077996
8167,-0.19013927543333167
8168,0.11267053001165009
8169,0.14699219347383788
8170,-0.09549675111176387
8171,0.060743145518178394
8172,0.1838869791217036
8173,0.21499313514185683
8174,-0.018776760249469508
8175,-0.1872089122246506
8176,0.12538147522919138
8177,0.08432391697979769
8178,0.056477867746755325
8179,-0.09833548417284114
8180,0.18513078603060754
8181,0.19364626487604136
8182,0.21200961792304254
8183,0.1050688726229061
8184,-0.7737542272222176
8185,0.991920187746621
8186,-0.02225079903397748
8187,-0.6110677843469258
8188,0.6495073683908402
8189,0.042835395195966165
8190,-0.889190998922365
8191,0.7720715286458918
8192,0.20580127125456635
8193,-0.7688766350489118
8194,0.9103588299328766
8195,0.15200853835665723
8196,-0.9743873985735728
8197,1.5616627284281943
8198,0.12552205548148754
8199,-1.0520419657443376
8200,1.1387245059707891
8201,0.06829261349735571
8202,-0.7172129804593149
8203,1.2222896538927885
8204,0.35898158573298633
8205,-0.6729422716714579
8206,0.5277038211538145
8207,0.12686921507302837
8208,-0.6997645818076341
8209,0.6562392992318403
8210,0.10493693744397789
8211,-0.9238332122431556
8212,0.7468402695486908
8213,0.14885764827457124
8214,-0.7852793076187459
8215,1.426423602426006
8216,0.1201939040645155
8217,-0.8143857443704984
8218,0.9724092328807075
8219,0.16039791526363742
8220,-0.7583641762926978
8221,0.7051610332670517
8222,0.07681946557593071
8223,-0.9396289183830636
8224,1.305306280033629
8225,0.11036078046127319
8226,-0.753350302945312
8227,0.7491226525204134
8228,-0.8446099972774561
8229,-0.34917158693961003
8230,-0.14224241867777646
8231,-1.053594256216388
8232,-0.0850617514005195
8233,-0.1159962514906828
8234,-1.0098790453910287
8235,-0.7234719764293962
8236,-0.18647096265037677
8237,-1.108771520830707
8238,0.18734605197818038
8239,-0.2676259373886484
8240,-1.1183139561484992
8241,0.09475624755271365
8242,0.010382534581679533
8243,-0.8748623102839109
8244,0.010266307108342547
8245,0.1478242719557967
8246,0.1908032780322643
8247,0.820540822449981
8248,2.241915335311635
8249,0.41182963639238596
8250,0.540218246356442
8251,-0.406243061296072
8252,2.242817603856278
8253,0.6095382469598981
8254,1.0317212455168572
8255,-0.06546236553399705
8256,0.6077989717718915
8257,0.27056898830507936
8258,-0.5534952340187771
8259,2.3051030912312536
8260,0.5064198909746818
8261,0.7781997866942684
8262,-0.6265422971710418
8263,2.083938840893728
8264,0.615440933028434
8265,0.9040297282819137
8266,-0.622042389500278
8267,2.213095960602411
8268,0.6492662498866895
8269,0.9991889933429641
8270,-0.4976536257362789
8271,2.043092813483629
8272,0.45844482947439336
8273,0.5359367755362667
8274,-0.6036257572818637
8275,2.045225621819705
8276,0.4857894332665158
8277,0.5278771644629343
8278,-0.7034386167641692
8279,2.286694439935014
8280,0.49319787435105283
8281,0.4268241784901812
8282,-0.7435685601795519
8283,2.119882143089829
8284,0.49106961959510437
8285,0.506131236642204
8286,-0.26407083632857853
8287,2.2157682239081207
8288,0.42475064616357605
8289,0.25348855389151076
8290,-0.2695758643324213
8291,0.21753378784534141
8292,-0.8145311776986067
8293,0.2745466195236603
8294,-0.2602857881226769
8295,0.2830817341509957
8296,-0.36225868833522923
8297,0.4171660199103547
8298,-0.9861632211745739
8299,-0.08319280326604503
8300,-0.16067377770556895
8301,-0.8418395594693759
8302,-0.08719938920719118
8303,-0.25338182831750017
8304,-0.1846197424337692
8305,-0.949854969669485
8306,-0.12416959843089324
8307,-0.13605955718447513
8308,-0.029510516485605577
8309,-1.131090401647739
8310,-0.2661869903165137
8311,-0.07117861279227243
8312,-0.07420525508101918
8313,-0.9245654410369138
8314,-0.24717105501830947
8315,-0.1595057832519074
8316,-0.07132811068656887
8317,0.4482896103330604
8318,0.15592688175080663
8319,0.3808768645842816
8320,0.5396330302538281
8321,0.3619239417265751
8322,-0.8792033305201568
8323,0.526403201631241
8324,-0.914940100328383
8325,0.5380181873641263
8326,0.3041300468358375
8327,-0.8749553076388383
8328,0.5321420138791262
8329,-1.2803879014319595
8330,0.46904154289938704
8331,-0.9572976341554887
8332,0.5111018376954246
8333,-1.1902716738517942
8334,0.6688201375402757
8335,-0.8398155813180721
8336,0.47163359348742834
8337,-0.7197625889793217
8338,0.3592009079095158
8339,-0.6994930679035612
8340,0.4474658427941879
8341,0.38366639111563877
8342,0.9767227903110022
8343,1.2355401184264059
8344,0.41539158243579816
8345,0.19808408600488359
8346,0.5153344943747431
8347,1.2440276272319608
8348,0.43968521464819726
8349,-0.10571384459793776
8350,0.8313767761397208
8351,1.1855808159126024
8352,0.6773012722925958
8353,0.12568187011323767
8354,0.5571734374819451
8355,1.2448706626726418
8356,0.42460801671040976
8357,-0.09709538874836397
8358,-0.6172217972227347
8359,-0.1084447664982928
8360,-0.6313022656561381
8361,1.698436132742543
8362,-1.1513198436121674
8363,-0.15562950041644943
8364,-0.2612690832622595
8365,2.002388769672911
8366,-0.8787536002074322
8367,-0.11168378457902858
8368,-0.05930231294300495
8369,1.9935979942765223
8370,-1.3059502853474312
8371,-0.0057692405697671225
8372,-0.9623801611331482
8373,2.0111740975567796
8374,-0.8025816334838063
8375,-0.7196494056532116
8376,2.0036824668128634
8377,-0.7828101182000671
8378,-0.08043222209627243
8379,-0.9513966506169056
8380,2.0554045961521243
8381,-0.861351878589717
8382,0.23419503049199564
8383,-0.30336620732588665
8384,1.7745801452243846
8385,-1.1102646280199264
8386,-0.10531226925633363
8387,-0.6243994755120137
8388,1.9573956636485568
8389,-1.2217923098352634
8390,-0.34574010164407804
8391,-0.15137539991151117
8392,2.034766855372955
8393,-0.791232868589623
8394,0.023155754880403175
8395,0.04183798791265067
8396,2.076341655244559
8397,-0.9266271138373158
8398,-0.4349450175046808
8399,-0.7459871386500043
8400,2.084840302764672
8401,-1.1135161434698055
8402,-0.11933675633538961
8403,-0.6421972832255834
8404,2.0461865610351593
8405,-0.17918744580142051
8406,-0.10331130290546024
8407,-0.10530142314553576
8408,-0.21095986321498536
8409,-0.11070009937260877
8410,0.09688415462492822
8411,-0.010028043099423322
8412,-0.9713258755707425
8413,0.418193641065649
8414,-0.2443071029223757
8415,-0.13436823362960443
8416,-0.06041298185755084
8417,0.4101111017803832
8418,-0.13716057673915036
8419,0.1454898895440137
8420,0.17648196285329198
8421,0.5308343018535133
8422,-0.12308007491151671
8423,0.0700915136722548
8424,-0.3859044421490969
8425,0.31711706963994746
8426,-0.19564984017857143
8427,0.09781650946791545
8428,-0.43269195160045826
8429,0.4578009462913538
8430,-0.43026193812576863
8431,0.08283776743788777
8432,-0.16205878551699573
8433,0.3461602891309218
8434,-0.16740859859315055
8435,0.5617595390890654
8436,-0.3592443497002009
8437,0.6165927562667259
8438,-0.1326734387664468
8439,-0.09056540375026494
8440,-0.11530279161420366
8441,-0.2549095451601633
8442,-0.19431039228074434
8443,-0.11786357912493929
8444,-0.2104911944423516
8445,0.267236829250406
8446,0.5765855653840067
8447,-0.14484157438515427
8448,0.4292228605114807
8449,0.42826564895952596
8450,0.17013115141431295
8451,0.5037224561183656
8452,0.591177446141226
8453,-0.14752758802670887
8454,0.352811697911506
8455,0.5891589192105704
8456,0.09907167758903472
8457,0.7908123819174868
8458,-0.13301635239334766
8459,0.12236184655648684
8460,-0.24742541300054416
8461,1.1250225554487592
8462,-0.4293207414454032
8463,0.5551411321583791
8464,0.02830604518743314
8465,0.7095917723649111
8466,0.9957415007954551
8467,-0.2573833274244878
8468,-0.7783017587902574
8469,0.44874746607372396
8470,-0.4970795476224155
8471,-0.8189547025670246
8472,0.6753483118451139
8473,-0.010975975467988182
8474,-0.9251341276335732
8475,0.6368310488660595
8476,0.3302704934079538
8477,-0.8929449355360257
8478,0.7539418144533268
8479,-0.48492388928492175
8480,-1.1794472243014733
8481,0.5475794041151818
8482,-0.17057031837541184
8483,-0.9892956178498268
8484,0.5823402189131356
8485,-0.28859155069041026
8486,-1.071935152261491
8487,0.683680682357155
8488,0.32058833343504983
8489,-0.8303376962979852
8490,0.11918159891804597
8491,0.68045808160635
8492,0.7186850761308817
8493,-0.16682067621224328
8494,0.1769614944346054
8495,0.15706796929586947
8496,-0.12628242336908016
8497,0.1813384395984989
8498,0.4181215607718615
8499,-0.03740549936714438
8500,0.16769547512621805
8501,0.2553096653698929
8502,0.031162432220999493
8503,0.18921280530390452
8504,0.19785667149463987
8505,0.01605325607975944
8506,0.4301792739418652
8507,0.1313012811536656
8508,-0.256789498082845
8509,0.41595491914206906
8510,0.47449293633828377
8511,0.0300339246738145
8512,0.1436359496449346
8513,0.35978105232753876
8514,-0.141001649174623
8515,0.14392065308331095
8516,0.21779084335230697
8517,-0.10876794503188655
8518,0.07614742233845302
8519,-0.1293660305708201
8520,-0.9817004391440883
8521,0.2839816628343302
8522,-0.6775208599036626
8523,-0.1151454568595815
8524,0.16301923765268536
8525,-0.7517824781693004
8526,-0.13762611235185018
8527,0.11558943139039823
8528,-1.0523170005754428
8529,-0.08408727264066615
8530,-0.21009456088484782
8531,-0.12010740717388718
8532,-0.005821688640280226
8533,-0.12897034741849248
8534,-0.1653471939510452
8535,-0.11845500779858174
8536,-0.09593655921135316
8537,0.3949188913262853
8538,-0.11452266987080094
8539,0.027124089351173143
8540,-0.1130987246592474
8541,-0.17736526845891573
8542,-0.1413689997255168
8543,-0.19213590025526026
8544,-0.19237916964549961
8545,-0.060131251080995256
8546,-0.9387847249782825
8547,-0.20094998236848635
8548,0.04910837545395493
8549,-1.0031916068870261
8550,-0.09433375716618894
8551,0.1725672463372435
8552,-0.9392757984582866
8553,-0.21484801111310928
8554,0.11375133849259382
8555,-1.014622754376566
8556,-0.21385257171443114
8557,0.12525176389932033
8558,-0.8300015098987719
8559,-0.2081996469735267
8560,0.17580802535654483
8561,-0.8590709013797211
8562,-0.19719583862501014
8563,0.09684850714532647
8564,-0.18042114880987561
8565,0.30537261778598146
8566,0.8270068800214669
8567,-0.02827455422862093
8568,0.12124600729163114
8569,0.10676797299137472
8570,-0.21972178683370763
8571,0.11869497266307322
8572,0.6242027518677669
8573,0.034069940682434983
8574,0.2813193741816538
8575,-0.32810298349513234
8576,-0.5072910301377328
8577,-0.10545498200228348
8578,-0.07545365816639693
8579,-0.27409468845246404
8580,-0.5765380670835814
8581,0.04002167809659374
8582,-0.0777354070169216
8583,0.17702857933992408
8584,-0.7718871377880211
8585,-0.21722877143074143
8586,-0.24858622392144641
8587,-0.5431855902177208
8588,0.08162830023735705
8589,-0.09890625016403054
8590,0.04926498515226186
8591,-0.9248957835474468
8592,-0.3276754043373707
8593,-0.574105282241766
8594,-0.06224830190581368
8595,-0.012168680618317123
8596,-0.25398286130663955
8597,-0.5585632860428269
8598,-0.22676726142234035
8599,0.1911295558705576
8600,-0.27945022611821063
8601,-0.6822619502650128
8602,-0.1071122776574632
8603,-0.08174112629749311
8604,-0.3330907359598299
8605,-0.5717749928209208
8606,-0.16451928828471624
8607,-0.07413298550667301
8608,-0.32963466221475024
8609,-0.7245776267998986
8610,-0.13070318292844463
8611,-0.045363772995551374
8612,-0.21342070239068764
8613,0.14712867472887642
8614,0.10205044455988717
8615,0.3100216276193286
8616,-0.21603710841436005
8617,0.1832597627950372
8618,0.4426148955861679
8619,0.1742802699617657
8620,-0.025379315179173037
8621,0.17655401183719263
8622,0.1116081196923487
8623,0.0866304154136506
8624,-0.2815726178299771
8625,0.1840301076127617
8626,0.24442036075607998
8627,-0.002632651024075736
8628,-0.210765754759496
8629,-0.7718871377880211
8630,-0.0757663838053689
8631,-0.08623457224373268
8632,-0.3854064711482024
8633,-0.6918256694703435
8634,-0.31764364578904053
8635,-0.32599164401744424
8636,-0.22397947332936485
8637,-0.7206725182235406
8638,-0.23446625878298055
8639,-0.048993198765469585
8640,0.17540870602665448
8641,-0.6866181750028945
8642,-0.23074328487717116
8643,-0.10599226923022584
8644,-0.21055209106919734
8645,-0.7913304295593272
8646,-0.0961130219223398
8647,-0.05137784128732838
8648,-0.26242774810546815
8649,-0.5149280099277128
8650,0.034541442297382825
8651,-0.16224824413207173
8652,-0.19894728506035003
8653,0.17972377509852322
8654,0.17061841979258374
8655,-0.18356340136161012
8656,-0.31763070793240167
8657,0.1953171543143925
8658,-0.23813242211082836
8659,0.13584944830387055
8660,-0.7435905241150085
8661,0.04212643566438574
8662,-0.6892394533858116
8663,0.061492640860938086
8664,-0.718274618028232
8665,0.06297192778506853
8666,-0.8085284676491792
8667,0.13085201547171096
8668,-0.9653809154239652
8669,0.13034619837156497
8670,-0.6800910923835999
8671,-0.3517297197009444
8672,-0.7793037927080475
8673,-0.013144797934010254
8674,-0.26111405762927764
8675,-0.6911709239014471
8676,-0.12370075330484395
8677,-0.25398286130663955
8678,-0.9217312365061453
8679,-0.2014584283314779
8680,-0.24001134052953155
8681,-0.5632318673885431
8682,0.3977908914188198
8683,-0.2595784997082328
8684,-0.5380432752016752
8685,-0.09077736319544602
8686,-0.13466279330634598
8687,-0.6809710574234064
8688,-0.23615397824542061
8689,-0.24878264366576272
8690,-0.575751543167789
8691,0.0532667585353044
8692,-1.1659481632389435
8693,0.09355171811627931
8694,-0.7468847954778902
8695,0.28298530985292497
8696,-0.9131985045595155
8697,-0.18061361653555882
8698,-0.7437480776036514
8699,0.27750847760027714
8700,-1.0128316224627572
8701,-0.23641322778002244
8702,-0.8349598158708484
8703,0.26237782978650664
8704,-0.8408884770560278
8705,-0.12912998334515374
8706,-0.8434660686309317
8707,0.24897121993713622
8708,-0.8402369806931798
8709,0.15929437258984477
8710,-0.6265756376730034
8711,0.28423423462410796
8712,-0.7775779845331072
8713,-0.2080927327081417
8714,-0.7371352045906314
8715,0.24100389766402044
8716,-1.035522539412179
8717,-0.2116622294567556
8718,-1.1984123319927353
8719,0.28968226594096713
8720,-0.9726632314935477
8721,-0.07909608178967815
8722,-1.0722375892468916
8723,0.29778790106043657
8724,-0.8762761014342734
8725,0.3499206993973045
8726,-1.0139607110478566
8727,-0.045003520252846395
8728,-0.9908669638193945
8729,-0.17182182700447293
8730,-0.9669798442665715
8731,-0.19991859736034484
8732,0.04645062973776851
8733,-1.01195899346691
8734,-0.004454224900982714
8735,-0.9911260786387194
8736,-0.20207927250863386
8737,-1.1468210883443686
8738,-0.3116254538056104
8739,-0.740184203118277
8740,-0.19629251428130673
8741,-0.8864865897775832
8742,-0.3170152132552017
8743,-0.9792760547545155
8744,-0.30977230616155704
8745,-0.9574503360870016
8746,-0.23161099822448214
8747,-0.9157306271023974
8748,0.32251859864742677
8749,-1.1478522793406456
8750,-0.30728238859120466
8751,-1.0013400782743207
8752,0.10932297193667706
8753,-0.8801347217585295
8754,0.023229243486331045
8755,-0.9486327790455761
8756,0.26040597849261526
8757,-1.063263494569148
8758,-0.0002976122840091128
8759,-0.8312627697364866
8760,0.27837370150855567
8761,-0.8920283512742512
8762,-0.10416303400285061
8763,-0.8853287193825621
8764,0.36716387211328794
8765,-0.9790345203629811
8766,-0.08922733835380459
8767,0.18120581586929857
8768,0.25246700236389286
8769,0.06767826587004892
8770,-0.09414819911633683
8771,0.17310515950875466
8772,-0.00338844701123277
8773,0.04547777569697876
8774,-0.18002168294996457
8775,0.17091518594462476
8776,0.004815391517861384
8777,0.04779040219093945
8778,-0.11139421904508534
8779,0.25841402713007594
8780,0.1539995500298364
8781,0.038384395277796565
8782,-0.24992997338165612
8783,0.1030965458334975
8784,-0.036649283370253305
8785,0.15098332291759028
8786,-0.31373301072557735
8787,-0.45706306038024735
8788,-0.1836773026501375
8789,-0.029626944953030622
8790,-0.11219786380456877
8791,0.11901600315865957
8792,0.19958810021253198
8793,0.05812046487461996
8794,-0.0965048926728379
8795,0.1621446201834867
8796,0.30138276485628673
8797,0.04385936603080175
8798,-0.14428878020129082
8799,0.1456637485238197
8800,0.03676853880063804
8801,0.04732420426840732
8802,-0.12044673492330982
8803,0.18955245457840017
8804,0.4103211257560228
8805,-0.1915943131689031
8806,0.0846154922944634
8807,0.17630864932123622
8808,0.310886595197068
8809,0.2778522901175705
8810,-0.2080281842692484
8811,0.1349298968889664
8812,0.16787375646152747
8813,0.06819287786685185
8814,-0.12275762649984978
8815,0.11236293888598528
8816,0.30046299666350296
8817,0.14646903665719738
8818,-0.13166440643906394
8819,0.14168161181068206
8820,0.25327118641064755
8821,0.04470415340239753
8822,-0.16143096442340224
8823,0.16647889495525428
8824,0.1310971697448949
8825,0.10666061704526593
8826,-0.06971733312803735
8827,0.16460015948138604
8828,0.10545774455527576
8829,0.0997793791843624
8830,0.13670398687993113
8831,0.2271239239048632
8832,0.04557732899772147
8833,-0.09342128478681093
8834,0.19081818924061933
8835,0.3759417544297439
8836,0.012957042679240806
8837,-0.01727820752904827
8838,-0.08928214971693514
8839,0.20269481445447396
8840,0.05722378436884374
8841,-0.1884607742790111
8842,0.16827414932576748
8843,0.2013586688841581
8844,0.04467844166297219
8845,0.10147346135896751
8846,-0.7830012269603837
8847,0.903824204259575
8848,0.06290388786424231
8849,-0.854061878100104
8850,1.1819136582409535
8851,0.14996260089553182
8852,-0.963830868661078
8853,0.9296700150292341
8854,0.14436886931105247
8855,-0.7995636369364675
8856,0.7721309383552483
8857,0.16873866856080358
8858,-0.8068978786484938
8859,0.9761138212323791
8860,0.014897737501017878
8861,-0.6323562467514773
8862,1.2266222085894378
8863,0.04744849286810757
8864,-0.5189637901614531
8865,0.9744529640544851
8866,0.08350440719115872
8867,-0.41791007829760596
8868,1.9035041713838368
8869,0.15954881673690574
8870,-0.40520797161277483
8871,0.04259378617147859
8872,0.20317165422217723
8873,0.15895109137871985
8874,-0.4340525745965875
8875,0.42281362159264735
8876,0.1373737987140468
8877,0.12364120390136793
8878,-0.3941158958972896
8879,0.45633885731665036
8880,0.2012644090891767
8881,0.10628283610035746
8882,-0.6708144348720816
8883,0.5174849232356111
8884,0.19243170550315225
8885,0.04950151467760838
8886,-0.6373236276375294
8887,0.546506221055181
8888,0.14596601434034895
8889,0.05828386565801749
8890,-0.6655485826208585
8891,0.4795232493263175
8892,0.08125459455573926
8893,0.14767861886996048
8894,-0.6657295251922183
8895,0.5041636267708798
8896,0.3009952612705643
8897,0.35037813598409995
8898,-0.7092707574347632
8899,0.45934822945094705
8900,0.0976806473448719
8901,0.16353084905333437
8902,-0.6771678239563229
8903,0.5734465226809138
8904,0.40974314260213096
8905,0.15570615740427618
8906,-0.761503116250225
8907,0.8705961581002858
8908,0.04972758448155354
8909,-0.901143992913412
8910,0.9039140063785173
8911,0.14300988365713707
8912,-0.8122134584048587
8913,1.5693636284364658
8914,0.11034500169208603
8915,-0.7111911984265444
8916,0.6342862222407293
8917,-0.11643011582923526
8918,0.5535864623988088
8919,0.46315792200171557
8920,0.24492508582435124
8921,0.5944665954945859
8922,0.3531656339762084
8923,0.3686119124850228
8924,0.2652401325157876
8925,-0.07336433179507398
8926,-0.06934170695549999
8927,-0.07466118099933018
8928,0.3655985382994099
8929,-0.06717303702983761
8930,0.6803889769411531
8931,-0.15768882331554268
8932,-0.1817614876234271
8933,0.08342832417862277
8934,-0.2222754558947539
8935,-0.16986678910688266
8936,0.2429254574725407
8937,0.7786312326173238
8938,0.4040065360800922
8939,0.4408610898065109
8940,0.4273314630703238
8941,-0.6156919660593791
8942,1.6640021833041794
8943,0.41276128632663023
8944,-0.7118169279367739
8945,1.7754599564235183
8946,0.43580989541234966
8947,0.40829828009748337
8948,-0.47929692264356555
8949,2.313507330492517
8950,0.37851816107103864
8951,0.42104685714940693
8952,-0.7451328859663251
8953,2.0788427369976246
8954,0.4729971917738324
8955,0.4398078337750461
8956,-0.7157341156324704
8957,1.9342968311357134
8958,0.45499460566632777
8959,-1.0191678908822015
8960,-0.0986348897468494
8961,-0.14907825710496644
8962,0.42781909083852443
8963,-0.582973624718864
8964,1.8432834169340448
8965,0.5012685588645559
8966,0.6850643096429546
8967,-0.5377511393468035
8968,2.2728092388309022
8969,0.6467205406771716
8970,0.6775938494424838
8971,-0.6490547010472737
8972,1.8332155006874735
8973,0.6505718264944749
8974,0.15428186609444944
8975,-0.7021172820611844
8976,1.9131996623869916
8977,0.6336222353936533
8978,0.9459028493955526
8979,-0.7407662399475263
8980,2.100724794029291
8981,0.664141280581599
8982,0.9303949606193416
8983,-0.6167742282528859
8984,2.254584448094965
8985,0.42327781761483657
8986,0.847399470735422
8987,-0.42848861933677646
8988,2.08613450309321
8989,0.6592535505775189
8990,0.5774434010266547
8991,-0.45930720031540684
8992,2.055596037663932
8993,0.712484432490608
8994,0.41447896395030626
8995,-0.34670094565920206
8996,2.292051136207514
8997,0.6099305360242089
8998,0.4018855709364998
8999,-0.7447689140280399
9000,2.230823326554787
9001,0.421852162914439
9002,0.6072716185811559
9003,-0.37969091645413244
9004,2.264223847476445
9005,0.46900305001095927
9006,0.4275835719209672
9007,-0.39418919296614197
9008,2.2320748868526987
9009,0.475775197300871
9010,0.4438995954669944
9011,-0.32679442030213884
9012,2.304410047897869
9013,0.4378491108614883
9014,0.5802474485723172
9015,-0.5441796349828009
9016,2.25415557246236
9017,0.6297833964544702
9018,0.40947641237705035
9019,-0.35165763932147787
9020,2.2777674673285095
9021,0.5974424148396463
9022,0.5570893413100219
9023,0.17759290898512828
9024,0.7655157233181226
9025,0.22183787771496077
9026,0.6840086397266222
9027,0.28354459038120056
9028,-0.39167244435411463
9029,0.3826641639371141
9030,-0.11407641179555951
9031,0.22926837408678155
9032,-0.07180403017420603
9033,0.1803981270402755
9034,0.9219263901912196
9035,0.7506024878664752
9036,0.7259645392321799
9037,-0.3577458568911997
9038,0.9598178209375363
9039,0.3502918781382222
9040,0.36700925211412383
9041,-0.10501368282680483
9042,0.227283683277108
9043,0.5465925944374946
9044,0.2784058922229331
9045,-0.3044918089587085
9046,0.8914150529275356
9047,0.734155726483185
9048,0.43084632089779
9049,-0.26393527089294194
9050,0.6275413470868408
9051,0.690171188487412
9052,0.4482896103330604
9053,-0.2668353948355397
9054,0.46634952543801955
9055,0.5468948016710884
9056,0.3169072770996477
9057,-0.14995505375016643
9058,0.31437643412356087
9059,0.7687154667464072
9060,0.2555152833796662
9061,-0.13092323778141127
9062,0.5471707732611383
9063,0.7371824639253034
9064,0.4201556154585942
9065,-0.15000103117616506
9066,0.30056892028734994
9067,1.011482808087498
9068,0.5482697041223983
9069,-0.22709236786234438
9070,0.5725810260558144
9071,0.3598843983130981
9072,0.21959776745999818
9073,-0.17325782205051962
9074,0.5111085976343355
9075,1.1086446253723135
9076,0.6194637646108605
9077,-0.05885447209119169
9078,0.41469556352405423
9079,0.7880710621344357
9080,0.4887316247823103
9081,-0.34880609628719234
9082,0.6650557082000067
9083,0.7051021574320872
9084,-0.07474431523138841
9085,0.16803468122608642
9086,0.7618626176253159
9087,0.3196247823866668
9088,-0.18143150296425198
9089,0.7776663638572853
9090,1.1039299025974858
9091,0.6206935669090119
9092,-0.24357015272518934
9093,0.5352253853327593
9094,0.892960380433375
9095,0.4771084128793136
9096,-0.08775912680087272
9097,0.31329769287414133
9098,0.7235570336161118
9099,0.3058779514540167
9100,-0.04512174694114821
9101,0.5240913060864836
9102,0.7575620276646059
9103,0.3196247823866668
9104,-0.05906893098322441
9105,0.27828632181115814
9106,0.7847259044542382
9107,0.35440284380904946
9108,-0.2880479477053623
9109,-0.15865821034743346
9110,-0.4965978692875306
9111,2.1107378952456672
9112,0.08726526624507862
9113,-0.21998980464448123
9114,-0.5934314628740159
9115,1.973814214519167
9116,-1.236217153517599
9117,-0.15331713844394876
9118,-0.6815065736905379
9119,1.993927824212218
9120,-0.13232815153312125
9121,-0.6735803918518086
9122,2.0436820035561807
9123,-0.8845968481809521
9124,-0.15995482732547636
9125,-0.6261560829104821
9126,2.0405097727785115
9127,-0.9281872771656244
9128,-0.23731664038451106
9129,-0.6103627585924638
9130,1.9528121230362263
9131,-0.941936011420413
9132,-0.6647175084443082
9133,2.005785071069724
9134,-1.0880039311826524
9135,-0.929629114348713
9136,2.035579674915158
9137,-0.7549975340444066
9138,-0.7555045826422631
9139,1.9721142318291167
9140,-1.1646740026657636
9141,0.21961702661418134
9142,-0.28879063829592233
9143,2.006625385250739
9144,-0.7959425006048672
9145,0.3011132327229453
9146,-0.39234881596711746
9147,2.09563789584272
9148,-0.9607197065681029
9149,-0.07580792776274195
9150,-1.0451499996688403
9151,2.0345346545328744
9152,-1.2070051563965827
9153,-0.15294118999382542
9154,-0.6887529432949318
9155,2.0847105427874038
9156,-0.9123688708724871
9157,-0.12388206099987381
9158,-0.154649347826994
9159,2.1802954753522545
9160,-1.2752606868319474
9161,0.01932195434289532
9162,-0.6694411855503272
9163,1.9859435117773105
9164,-1.3208608220115134
9165,-0.1344917553180194
9166,-0.7423072770742176
9167,1.5131340022206605
9168,-0.8606850582110857
9169,-0.19217362951267705
9170,-0.6209251535812484
9171,1.8773848532845174
9172,-1.1563273195249064
9173,-0.15228685888192595
9174,-0.48404560938042046
9175,1.8859565400867109
9176,-1.2235699163100053
9177,0.015823529831262704
9178,-0.6769361879928847
9179,1.9629501852915936
9180,-1.3309696413573524
9181,-0.20811820718243634
9182,0.4202652833737995
9183,0.4420262332929439
9184,-0.14307873017627198
9185,0.4365941430315535
9186,0.2882930586754451
9187,-0.21510042314280217
9188,0.29409117147291136
9189,0.4286508302348268
9190,-0.11620237590351681
9191,0.3741292819188335
9192,0.288706826903884
9193,-0.14452140109585576
9194,0.6081474481041688
9195,0.4536801300825054
9196,-0.21536804473376753
9197,0.3099105160187793
9198,0.46181583054042197
9199,-0.06258595516490006
9200,0.4183199238901206
9201,0.5277892583971829
9202,-0.20419445334061662
9203,-0.20069461917870893
9204,-0.11007101094524738
9205,-0.23115851642042146
9206,-0.18092644559939097
9207,-0.12347506291096928
9208,-0.1704662593944951
9209,-0.07535519129170214
9210,-0.10865614991961176
9211,-0.15436432667869537
9212,-0.09793815839458006
9213,-0.26792695603028566
9214,-0.11827400680483076
9215,-0.1308158209607225
9216,-0.16630639497525881
9217,-0.24565444576272027
9218,-0.10273621007714737
9219,-0.1816714491241862
9220,-0.2071590594554134
9221,-0.1420059323981124
9222,-0.2119818710152326
9223,-0.05990830575394889
9224,-0.0672200054509505
9225,-0.31295003588958786
9226,0.008050001523656465
9227,-0.06621649959778075
9228,-0.25517561963118546
9229,0.02960707809355754
9230,-0.08027271595332408
9231,0.02593312709224051
9232,-0.04900428805692329
9233,-0.29684785089230553
9234,-0.1308717777396205
9235,-0.06428062969293398
9236,-0.34436509156148765
9237,-0.11091976530583172
9238,-0.09379914533900323
9239,-0.2577567923895405
9240,-0.07820527253865109
9241,-0.0683744407012861
9242,0.05170398687408595
9243,-0.08213323033365566
9244,-0.22610530274136614
9245,-0.032693261343211114
9246,-0.06368223431954372
9247,-0.06957837457607205
9248,-0.19756364451347702
9249,-0.001200293268364224
9250,-0.094175536505003
9251,-0.16238026433706718
9252,-0.21996952164505731
9253,-0.0864795851302492
9254,-0.09227471707481695
9255,-0.19266799137742976
9256,-0.21365001633846645
9257,-0.10574378427984538
9258,0.17090359893712317
9259,0.2936200520005987
9260,0.16394550415393885
9261,-1.342958558621342
9262,0.28187220439556115
9263,0.124734470709884
9264,-0.9171546626023849
9265,0.2899424735457762
9266,0.25457621947088066
9267,0.13877120945461172
9268,-0.8739043981146402
9269,0.3587922016040333
9270,0.1765946216634151
9271,-1.0084279444827005
9272,0.4180196877073167
9273,0.24101800912184537
9274,0.10282287918397129
9275,0.2918726111500835
9276,0.5604547645685112
9277,0.12365976257491769
9278,0.39155866803454686
9279,-0.15508665785182066
9280,-0.6173299324723318
9281,-0.16224518810090857
9282,-0.02905467532704659
9283,-0.22210994313911198
9284,-0.4763139953188468
9285,-0.3407154571866342
9286,-0.24005408273066628
9287,-0.24375241238796255
9288,-0.5435961899373125
9289,-0.19992755631970743
9290,-0.05393400622046082
9291,-0.1895208347226909
9292,-1.091764234913567
9293,-0.23698228575983152
9294,-0.06644243973116547
9295,-0.3184202180787381
9296,-0.6536981179256124
9297,-0.3174809926868215
9298,-0.05009282432506421
9299,-0.20096021496967037
9300,-0.5584265236009732
9301,-0.22564180961671643
9302,-0.06745139562064202
9303,0.4579506658415897
9304,0.1628694331375947
9305,-0.17445183396196096
9306,0.20204892943879124
9307,0.24801866044904805
9308,-0.09026417023466021
9309,-0.15933435565256296
9310,-0.6810344490502123
9311,-0.30984956047533874
9312,0.1883941976276422
9313,-0.2801945519756426
9314,-0.39930744066915524
9315,0.05519017584665372
9316,-0.09753961983947827
9317,0.1456561340374132
9318,-0.8785383478323181
9319,0.08613634218081027
9320,-0.5237592973144773
9321,0.0001618074270586089
9322,-0.8025039037269056
9323,0.1154994896472427
9324,-0.9509919551393992
9325,0.1612753635680637
9326,-1.0172633646918883
9327,-0.8737032917023935
9328,-0.19124332914679518
9329,-0.5907872159249308
9330,-0.15980910785589889
9331,-0.9046224828529817
9332,0.39058149349560517
9333,-0.16136762627482523
9334,-0.9556666020346438
9335,-0.03970684179648852
9336,-0.38383780657207534
9337,-0.9006461491368521
9338,-0.5530135722365139
9339,0.29085368012246593
9340,-0.871365284483141
9341,-0.17782022386961202
9342,-0.823366728439633
9343,0.24822917106088924
9344,-1.0714142598026284
9345,-0.30389581032140955
9346,-0.6163650742547867
9347,0.32590184003582123
9348,-1.0458766629423095
9349,-0.2318641650840965
9350,-1.1214158453592813
9351,-0.5809716089135272
9352,-0.31037679879715907
9353,-1.0983070098120062
9354,0.16316277128901777
9355,-0.8579283002144773
9356,-0.26101386009133604
9357,-1.3148316977986005
9358,0.24747885194732358
9359,-1.0812925475202846
9360,-0.36291612250648536
9361,-1.1836667892341297
9362,0.47024172057216385
9363,-0.8469508157706174
9364,-0.5650375057415232
9365,-0.5989529456288456
9366,0.06240642503531924
9367,0.02916062629753965
9368,0.1832658267621116
9369,0.18767526366249623
9370,0.05382672944386275
9371,-0.2532229253933685
9372,-0.5206868035888035
9373,0.003696565375822346
9374,-0.19044011508123412
9375,-0.1543091981416627
9376,-0.7585926044537724
9377,-0.39313888646002276
9378,-0.061901640835471214
9379,0.09018124279743492
9380,-0.5582941445287974
9381,-0.2907189658981269
9382,0.0513854402122663
9383,-0.23852999116531817
9384,-0.8338229756470612
9385,0.12648837296219725
9386,0.08768068295020573
9387,0.04909642968785578
9388,0.1321300888255711
9389,0.561146522912437
9390,-0.13899697022149932
9391,0.03585499329392063
9392,0.16694716498735349
9393,0.19442774796869575
9394,0.12181100678380834
9395,-1.72178820586137
9396,-0.003293839388848384
9397,-0.7042652102835266
9398,0.04482321941985673
9399,-1.5951937038112383
9400,-0.028298464518371914
9401,-0.729968649703715
9402,-0.06555149266749007
9403,0.01376272044946847
9404,0.177307570709476
9405,0.17239138357158437
9406,0.09898388148381625
9407,0.15338258657831888
9408,-0.09838427910069139
9409,0.07254674619956317
9410,-0.3263662198001977
9411,0.14188276947840428
9412,-0.1825257048589586
9413,0.11944444229774126
9414,-0.29306868349714915
9415,0.01931412613949147
9416,-0.7216496709177628
9417,1.0716230951428052
9418,0.15659075547496207
9419,-0.8215667396748952
9420,1.0916218937503688
9421,-0.03875582398511222
9422,-0.6402384306257992
9423,1.047223574597661
9424,0.14994022184131267
9425,-0.7382558077345767
9426,1.11868637289965
9427,0.013085019614111806
9428,-1.0615109548698922
9429,0.9031183495415824
9430,0.04689508665986711
9431,-0.7476158659092165
9432,0.8873571756749085
9433,0.7106766698789022
9434,-0.9269524256736074
9435,1.0544570190909242
9436,0.15306494574238474
9437,-0.8222756272143834
9438,1.2476407528083873
9439,0.1650909867429066
9440,-0.9749573362817753
9441,0.8218140873860198
9442,0.1760394962825395
9443,-0.8509448284401797
9444,1.5728137121900028
9445,0.17168379795804448
9446,-0.941433248297184
9447,1.0617499598190245
9448,-0.8703389009935352
9449,-0.6261727405529393
9450,1.0051621709331913
9451,-0.8721829319697798
9452,0.13315681650789296
9453,-0.39985399340325356
9454,-1.1329429458196156
9455,-0.19572064884246648
9456,-0.3718371381345438
9457,-1.4897833728375698
9458,-0.4469415830365468
9459,0.2272828964518554
9460,-0.9178107575356895
9461,-0.03301364933683183
9462,-0.2432376456445152
9463,-1.0978387922948631
9464,-0.29876912730929156
9465,0.10773885290568971
9466,0.12734679505680108
9467,0.482483548306513
9468,-0.43867573493158535
9469,1.94065539519753
9470,0.5131845149083963
9471,0.1584187630497707
9472,-0.5704718756165912
9473,2.2356461851733402
9474,0.6215771077820638
9475,0.40367271270332916
9476,-0.6441565038309186
9477,1.9891111505863668
9478,0.4633590625323989
9479,0.8618638009090359
9480,-0.4345624659754365
9481,2.0608288839465065
9482,0.4314528805080694
9483,0.40216322016916134
9484,-0.7658207869404635
9485,2.200757478598246
9486,0.43630010009442366
9487,0.6734504357283752
9488,-0.4446353388890661
9489,1.9439639092577388
9490,0.6337599302183005
9491,0.8891307011940838
9492,-0.4921153133637529
9493,2.303036147968994
9494,0.5084964888540298
9495,-0.42982310127571877
9496,2.2406719385438905
9497,0.10927261579779282
9498,-0.5073684988727541
9499,2.246454459873171
9500,0.5818631988053853
9501,0.3771867569685378
9502,-0.45460686562766267
9503,1.9159644360827217
9504,0.39873656211127745
9505,0.5914914773337621
9506,-0.4735260328088516
9507,2.17797269255254
9508,0.4199886952787525
9509,0.5328823798664617
9510,-0.4128965240512774
9511,1.878642806021476
9512,0.4047429915282442
9513,0.18245911602597406
9514,-0.27403683043846566
9515,0.08919391837519994
9516,-0.8059463017652614
9517,0.19469100617499727
9518,-0.9598480412624796
9519,0.2487620431240046
9520,-0.9150233229976794
9521,0.2382655909997091
9522,-0.4827115070254726
9523,0.019576167665787715
9524,-0.20268769203863832
9525,0.02519548335469138
9526,-0.9756359994248911
9527,-0.04223977584806549
9528,-0.1368514366355284
9529,-0.06120086210231696
9530,-0.7178979488650602
9531,-0.16839778851562123
9532,-0.15376387927233753
9533,-0.04689565763769366
9534,-0.951779641209768
9535,-0.12288296691827227
9536,-0.18884113077222126
9537,-0.07674927315736144
9538,-1.2148255213376815
9539,-0.13444605797774298
9540,-0.2250321025680526
9541,-0.08578018380450486
9542,0.3397398925396525
9543,0.3096030926586292
9544,0.3629101393233966
9545,0.30734954089274674
9546,-0.7643068732971678
9547,0.3598355907737231
9548,0.27636020423241253
9549,0.6631123715301347
9550,-0.8299725310097604
9551,0.5215201584274303
9552,0.38086897648222223
9553,-1.673680568711999
9554,0.2331623706239692
9555,-1.1025709441616665
9556,0.2576588832294475
9557,-1.0056984273381875
9558,0.349021919468009
9559,-0.7953566949697781
9560,0.39171754816990917
9561,-0.8979661639004188
9562,0.3477326683537787
9563,0.877642837716212
9564,0.7372480602319135
9565,-1.040551316368823
9566,0.18493748090381135
9567,0.6981638062060939
9568,0.6747424217694924
9569,0.23734383349791244
9570,-0.049086977196373054
9571,0.9619124263818106
9572,0.6104134527767464
9573,0.5001969208463042
9574,-0.06570677890648823
9575,-0.09659965659523752
9576,-0.6457786256291018
9577,0.7951042774550712
9578,0.5995060382086155
9579,0.5824917818184546
9580,0.4855662466184408
9581,-0.4590206503736402
9582,-1.0108134613091706
9583,-1.2370264501090587
9584,-0.16137215770390337
9585,-0.5948402157153897
9586,2.0263669884060747
9587,-0.8360531571304646
9588,-0.14438631321399648
9589,-0.22110090550401013
9590,2.041190942210694
9591,-1.2625249064203499
9592,-0.16638674309984797
9593,-0.47917401252795866
9594,2.101179212877402
9595,-0.8891970374849771
9596,-0.16853544724248687
9597,-1.0607280060807507
9598,2.12789160147699
9599,-1.1456935907522139
9600,-0.12770157863029666
9601,-0.04067629158121582
9602,2.061095292710011
9603,-1.237558787770035
9604,-0.1829786194422131
9605,-1.0361363427424042
9606,2.0472801475789115
9607,-0.2704695893943337
9608,0.5719723437804849
9609,-0.6525305008550579
9610,2.04726661707118
9611,-0.18652928860312157
9612,0.30130955095909745
9613,-0.6597771991650565
9614,2.0801094271351617
9615,-0.8841208092243665
9616,-0.09906390634995206
9617,-0.677952872994238
9618,1.9679307108063857
9619,-0.927593893294803
9620,-0.1790235426069006
9621,-0.4077097073823115
9622,2.1362663560646062
9623,-1.1811927048968007
9624,-0.1577671656860006
9625,-0.7403849327940839
9626,2.039379928365803
9627,-0.8462951350333391
9628,-0.14476072921791272
9629,-0.19164227834796552
9630,2.053184494160715
9631,-1.075406189076209
9632,-0.04830362263805675
9633,-0.09048917449746054
9634,-0.26625736303689995
9635,-0.2615654272526925
9636,-0.10810226997316202
9637,-0.5397412840097209
9638,0.5091165123199887
9639,-0.19979950466072727
9640,0.15250857404589704
9641,-0.2308119237100603
9642,0.5464999809647834
9643,-0.3800233919642453
9644,-0.10704657768602276
9645,-0.3574072177393966
9646,0.21615621849621217
9647,-0.18027040072683487
9648,-0.2481199884970668
9649,-0.7386173536185359
9650,0.482872487440308
9651,-0.1569572311168715
9652,-0.4100631075806296
9653,-0.08111262374148961
9654,0.3320946876168505
9655,-0.356213955918036
9656,0.13495795680106656
9657,-0.5175694006744621
9658,0.3606898022635212
9659,-0.4153675794601282
9660,-0.6656055939147931
9661,0.5747410753305191
9662,-0.2223515820743115
9663,0.24881398677429986
9664,-0.1471623261046876
9665,-0.20023099318183887
9666,-0.16516461536924618
9667,-0.10372050135929727
9668,-0.24079567797975593
9669,0.33650303014301075
9670,0.3563790950714045
9671,-0.19932029391065806
9672,0.2932023025033097
9673,0.21380787129725665
9674,-0.1500298405370371
9675,0.31117280195207675
9676,0.28789659965797654
9677,-0.14800109014741833
9678,0.36987338265174313
9679,0.30148875260090713
9680,0.8976607872379833
9681,0.44212639688855837
9682,-0.4604197457527828
9683,2.166183232229072
9684,0.4672584964429401
9685,0.16786804328837776
9686,-0.24817485590554952
9687,0.8637492515804454
9688,-0.4825104162265235
9689,0.11942336296215193
9690,1.080323022559702
9691,0.9367340315615649
9692,-0.2685223479111907
9693,-0.11054997094766153
9694,-0.9196683945690658
9695,0.7043868136718194
9696,-0.21980753526763427
9697,-0.08046393565766408
9698,-0.10398776944420374
9699,-0.5757222689032029
9700,0.6818394417847374
9701,-0.3743745968873282
9702,-0.8472582169973328
9703,0.5576327560808035
9704,-0.09940392004730247
9705,-0.8436868704067413
9706,-0.7769548628436791
9707,0.5147618019791113
9708,-0.3452583670789205
9709,0.22609851193571445
9710,0.12218882607853293
9711,-0.8383088222481553
9712,0.5592180163838927
9713,0.15153508764778645
9714,0.43658589129661873
9715,0.7762509812413338
9716,0.09950937862333507
9717,0.2237558350120043
9718,-0.395667585739411
9719,-0.10825447484942931
9720,0.16066715512063065
9721,0.2894716981126247
9722,-0.10058468838076078
9723,0.11911503167456863
9724,0.23872461630000244
9725,0.15495489855083036
9726,-1.2049963112337567
9727,-0.3512118376866105
9728,0.16821316932461894
9729,0.5056045218798279
9730,-0.10671245388765824
9731,0.14351269966504956
9732,0.39982940780094667
9733,0.002800322851614089
9734,0.15120749455599108
9735,0.45513753924087735
9736,0.2588600668132058
9737,-1.0364431720577176
9738,0.20341837997234713
9739,0.32160051866806505
9740,-0.05914171450392484
9741,0.585245904907262
9742,0.40652899067195514
9743,-0.260842190060369
9744,0.23066740616824155
9745,-0.14312131788188578
9746,-0.32763162445838306
9747,-0.05697274075661586
9748,-0.18443255926936894
9749,-0.11722243651572564
9750,-0.17306581929974296
9751,-0.12533272194892903
9752,-0.002414686859817783
9753,0.014823090832302484
9754,-0.11710135889991927
9755,-0.3250444784976916
9756,-0.12441428209716938
9757,-0.07091238459165194
9758,-0.14806212547290395
9759,0.3441387880672712
9760,-0.20787824237419086
9761,0.12960608704695165
9762,-0.17175671800635608
9763,0.18543293348677337
9764,0.7407946982258166
9765,-0.08108464950731034
9766,0.156172537876074
9767,-0.8502609853077904
9768,-0.14546015731249629
9769,0.221256221413044
9770,-1.0326907952095632
9771,-0.1909723910208067
9772,0.252438167144969
9773,-0.9415195040452443
9774,-0.14780897484790145
9775,0.2237128277891007
9776,0.7247981485554058
9777,0.155967155292662
9778,0.44278733649540464
9779,-0.03632826971970774
9780,0.2389701980695366
9781,0.06732412537190806
9782,-0.1924289020194342
9783,0.18427830897628042
9784,0.35774766480840847
9785,-0.2006578475319665
9786,0.7152214924797586
9787,0.20406102573795948
9788,0.9287035285306913
9789,0.2949005780029864
9790,0.9417560344988628
9791,-0.31699644518496517
9792,-0.552145516041325
9793,-0.09776194615891501
9794,-0.018816554495497184
9795,-0.3507765484316816
9796,-0.4970154401965696
9797,0.06492190034366327
9798,-0.08655872092816286
9799,-0.3570922223256282
9800,-0.595396059735367
9801,-0.21423049168374633
9802,-0.1649301894069744
9803,-0.15078870137984726
9804,-0.7385226015883343
9805,-0.04588284190053488
9806,-0.09424577019334304
9807,-0.23581779859084676
9808,-0.4628238280056981
9809,0.03276869026662976
9810,-0.028074646619978966
9811,-0.19479328036713212
9812,-0.5518210802426351
9813,0.22780149439982234
9814,-0.06066644393073947
9815,-0.31921887845647823
9816,-0.5470078507265854
9817,0.07525411192058339
9818,-0.08665256212369912
9819,-0.2795278853089759
9820,-0.5973772214115647
9821,-0.1622053209242528
9822,-0.07889693823909379
9823,-0.24623762393453769
9824,-0.7638702124091978
9825,-0.1757973403956868
9826,-0.07267607307681255
9827,-0.22844303414107642
9828,-0.5420951080104841
9829,-0.2561318714373735
9830,-0.07297305964743583
9831,0.09785580799942478
9832,0.11386762268032684
9833,0.3567385123222949
9834,0.001744241476622297
9835,-0.1171770347909848
9836,0.16474241863082376
9837,0.17432095565695624
9838,0.09485680684751098
9839,-0.23966192390690738
9840,0.3050682689664043
9841,0.07651721592240945
9842,0.07178398744986046
9843,0.16133985345717658
9844,0.12545718446852216
9845,0.028892349324914853
9846,-0.3430495417436007
9847,-0.5444734962888724
9848,-0.15543231489032436
9849,-0.03390549625628031
9850,-0.25886425447654404
9851,-0.6871046673349527
9852,0.07781228813802078
9853,-0.08110541071116469
9854,-0.3504356386680165
9855,-0.5628728208020225
9856,-0.20273287087063976
9857,0.010686556820785212
9858,-0.24247693380992477
9859,-0.34442550586576764
9860,-0.16647999624892815
9861,-0.31235131493202223
9862,-0.28756553319210265
9863,-0.80871865781183
9864,-0.0931928092189841
9865,-0.08447071176076136
9866,-0.09517326371508136
9867,0.14046981585296037
9868,0.26017657944164857
9869,0.06671217868268414
9870,-0.22641300333438213
9871,-0.5382736494916401
9872,-0.218550556341311
9873,-0.08110541071116469
9874,0.12164145515010574
9875,0.11940798935979255
9876,0.18105523036372018
9877,-0.2627068543816936
9878,-0.3065070195334538
9879,0.15281583822799916
9880,-0.2663475372469469
9881,1.2390390994626042
9882,-0.8112619602870174
9883,0.1329486038858015
9884,-0.7596579121429362
9885,0.09811235072461735
9886,-0.5288955902153585
9887,0.17758285333389703
9888,-0.7873591788026947
9889,0.1518585952369036
9890,-0.8702423751111306
9891,0.12400818494004938
9892,-0.7220542145174332
9893,-0.7855732385706744
9894,0.4560615138599388
9895,-0.5570755588453914
9896,0.3478442845652465
9897,-0.28483436885944713
9898,-0.5206655266095287
9899,0.26374910026550136
9900,-0.28059851267264907
9901,-0.47454094541478475
9902,-0.23221333955540668
9903,-0.16182007295762724
9904,-0.4649840106463369
9905,-0.024558780639766825
9906,-0.26272808154961874
9907,-0.5545194190542831
9908,0.13119836564692952
9909,-0.2715064426796545
9910,-0.7630799194245432
9911,0.04084204559438155
9912,-0.25326827770976373
9913,-0.538300441433439
9914,0.034255583699366536
9915,-1.0025376885983923
9916,0.27441413777968804
9917,-0.6352475427575337
9918,0.4338838445445619
9919,-0.9029233210513211
9920,-0.3481107642304966
9921,-0.5894268702722114
9922,-1.0586488897332553
9923,-0.09368977924794507
9924,-0.8245294479468184
9925,0.5225393820735785
9926,-1.0778755068442862
9927,-0.20727215041362498
9928,-0.5654818471782277
9929,0.3177185421263923
9930,-0.8396659611053893
9931,-0.18149092299113656
9932,-0.5902450502691663
9933,0.20287115546436052
9934,-0.7732060971155545
9935,-0.1578328778821928
9936,-0.8069835616499368
9937,0.26560678639732327
9938,-0.9554045011601268
9939,0.24767524195813437
9940,-0.9825608677384019
9941,0.19960437970773698
9942,-1.1592586762299992
9943,0.06577152609791896
9944,-0.7117121077723557
9945,0.2455971960302391
9946,-0.9554045011601268
9947,-0.4234968744361638
9948,-1.0027109004751757
9949,-0.21269406950262026
9950,-1.156638235138204
9951,-0.34936412922033777
9952,-0.9321302220140764
9953,-0.23820576095195903
9954,-0.8329748139335493
9955,-0.3067601937833331
9956,0.34165008884224213
9957,-0.7567779568128333
9958,-0.7979618923410521
9959,-1.0973595713703657
9960,-0.342634278595737
9961,-0.7782952038140996
9962,-0.2661893335529802
9963,-0.8413265197751202
9964,-0.04467673685532287
9965,-1.5078600654417629
9966,-0.3239057549578632
9967,-0.9768196124343631
9968,-0.25374456755926983
9969,-0.8478523994482345
9970,-0.34458359576092107
9971,-0.6935951700785121
9972,-0.8673169508489034
9973,-0.21231948781682558
9974,-0.6310197217698702
9975,-0.7849489659942352
9976,-0.2268461552077596
9977,-0.6985419274386497
9978,-0.7707791322022405
9979,0.3447024303764249
9980,-0.8634763775378036
9981,0.20444462643308653
9982,-0.7526280471071419
9983,-0.11300015997319023
9984,-0.7659874463054469
9985,0.33227216526419834
9986,-0.18184276736888813
9987,-0.14219188511605776
9988,0.10716108146249627
9989,0.17741972108905502
9990,0.2808725874544165
9991,-0.14221008897600693
9992,0.17077518867303948
9993,0.2192727550222555
9994,0.04183053745856068
9995,-0.18899033200937135
9996,0.1116744747687755
9997,0.2107179302391652
9998,-0.011808642845531347
9999,0.07231515079128664
10000,0.17744244635553416
10001,0.1723609585147984
10002,0.040646241619574905
10003,-0.22441435395284515
10004,0.12157182399320306
10005,0.20737168995422023
10006,0.0903471074345726
10007,-0.22862365411156477
10008,0.1766943580542207
10009,0.14655169341387506
10010,0.02648597650951814
10011,-0.13651876937191287
10012,0.13879767218587422
10013,0.16679222713855832
10014,0.12844697569701008
10015,0.12646932606920888
10016,0.14511152967004567
10017,0.19940997187597548
10018,0.09253674175981329
10019,-0.11730827965621499
10020,0.14894655851594127
10021,0.14405151164623142
10022,0.028011354228273725
10023,-0.20512109161461403
10024,0.1638752204294304
10025,0.07004169921446086
10026,-0.20765827784000415
10027,0.1702478876294386
10028,0.21278685343812742
10029,0.04371749562535045
10030,-0.13510146687898225
10031,0.1654416724281189
10032,0.328722347887491
10033,0.2926474459250013
10034,-0.13990850167441962
10035,0.17352749076596144
10036,0.15161630443161345
10037,0.08150936584828881
10038,-0.3018755692739482
10039,0.16508023548388598
10040,0.28295829575305015
10041,0.07999856281759916
10042,0.10343558076384911
10043,0.13217117039926918
10044,0.17674266723334808
10045,0.06794174924626721
10046,-0.20409161807843432
10047,0.17078438528995016
10048,0.5717454628120131
10049,0.011635663837936345
10050,-0.00834916130190918
10051,0.14298339563574552
10052,0.1912194551120447
10053,0.05645129355553064
10054,-0.3599278670618564
10055,0.16219343410789297
10056,0.1648825165139724
10057,0.0699097971399586
10058,-0.0969916320015498
10059,0.12355674302785837
10060,0.19181205913281796
10061,-0.11607612244151283
10062,-0.14233129193170435
10063,0.16023942678208186
10064,0.0717928365418086
10065,0.07975341149124528
10066,0.04284318622354633
10067,-1.2864010370287517
10068,1.286853938701502
10069,0.17438179423606215
10070,-1.4412265334522574
10071,0.8590340037402721
10072,0.1073102104096621
10073,-1.1634697417954407
10074,0.9430557544665414
10075,0.07789653555837754
10076,-0.9518494714363206
10077,0.605370707235998
10078,0.13644390709054968
10079,-0.7533378775874765
10080,1.24816890068614
10081,0.15306494574238474
10082,-0.9097892631422496
10083,1.693856721176542
10084,0.16520245676836992
10085,-0.7109185029613722
10086,1.3153789912098115
10087,0.13033423018606236
10088,-0.5687948949778571
10089,0.9668329710618538
10090,-0.02882538097163567
10091,-0.4136427727660521
10092,0.5047459037470932
10093,0.12205459104777881
10094,0.16098514962786806
10095,-0.692052697572772
10096,0.6398991251756273
10097,0.07009335764531428
10098,0.153063301265329
10099,-0.7807351267405326
10100,0.3844580319605683
10101,-0.1285481687681312
10102,0.15559979422723325
10103,-0.6943697942330407
10104,0.5143043830371288
10105,0.004382030707972894
10106,0.1506848609996366
10107,-0.48874957521427853
10108,0.5508277834700946
10109,0.20157429580043817
10110,0.1592952071601705
10111,-0.6783463854110576
10112,0.4952990661073316
10113,0.20284323999495368
10114,0.5333667711698122
10115,0.33315845945417616
10116,0.1497196095614682
10117,0.12754249532078524
10118,-0.2770686622785897
10119,0.59003341647496
10120,0.20560989141371033
10121,-0.08842449670142669
10122,-0.6609526082504025
10123,0.6250040620110686
10124,0.23134143503408164
10125,0.05438712067678835
10126,-0.7056786768271914
10127,1.1310109693730102
10128,0.0030041143108954674
10129,-0.6852203944863692
10130,0.8491925445419848
10131,-0.09344690337133738
10132,-0.8406997207799883
10133,1.1606551287625781
10134,0.0983265924607881
10135,-0.7000485550656473
10136,0.9253843413816188
10137,-0.0788141280515411
10138,0.5686456523329091
10139,-0.1855470115916717
10140,0.6615729707976201
10141,-0.08696927505977672
10142,0.514820186297963
10143,0.5225526974443083
10144,0.28022154802006105
10145,0.04465495675243469
10146,0.3976655787507873
10147,0.12104882147085351
10148,0.748854834437704
10149,-0.322183689318917
10150,0.5599827080318541
10151,-0.11097410486216658
10152,0.5556108483163851
10153,-0.15159582976080227
10154,-0.2385983357843016
10155,-0.06051857683249589
10156,-0.06437368130025481
10157,-0.1309714197866114
10158,0.8415883104390128
10159,0.8507648321589785
10160,0.3453363167815137
10161,1.0518309752732642
10162,0.6312477254740799
10163,0.4247397455122734
10164,-0.6057268125821659
10165,2.294126243714337
10166,0.43634923101557765
10167,0.1579563767248114
10168,-0.5409522695506721
10169,2.0549442909386175
10170,0.594653978943162
10171,0.2384391285088099
10172,-0.47333191093238275
10173,2.0354721855222047
10174,0.6208218388620659
10175,0.4171798964245798
10176,-0.5347385553197801
10177,2.09289213860898
10178,0.4414932126204651
10179,0.4442060332310893
10180,-0.7014378784810055
10181,2.2289031921656965
10182,0.4030607910226021
10183,0.41024413876463867
10184,-0.6494233691826716
10185,1.7907309398257076
10186,0.4547226200740717
10187,0.41031734049612784
10188,-0.6225765552545933
10189,2.2873509671506604
10190,0.6788447790484147
10191,0.7262957721904277
10192,-0.7368563597022312
10193,2.268252389195282
10194,0.6598118826314291
10195,0.16866990807568913
10196,-0.8272784934210415
10197,1.790624226552621
10198,0.6416788418901085
10199,0.8687524868823804
10200,-0.5007749242878995
10201,2.1734949921985653
10202,0.44018448537169136
10203,0.46945889177653666
10204,-0.7559486755791011
10205,2.009030200283292
10206,0.61953096749689
10207,0.9191189002984739
10208,2.210337078986644
10209,0.6483533104560655
10210,0.49381782869353874
10211,-0.2801686850592952
10212,2.234835317368735
10213,0.5940258866918194
10214,0.41800769722695086
10215,-0.6739046823010111
10216,1.9231099366881717
10217,0.6054294435225008
10218,0.15324054567699566
10219,-0.4902513238240577
10220,2.239034323778088
10221,0.5053377591656941
10222,0.4451361575771101
10223,-0.721970499505548
10224,2.097473044294512
10225,0.4379846513194257
10226,0.48329038852982126
10227,-0.7221768052807588
10228,2.2239984952562213
10229,0.6347260713442789
10230,0.6101661565548572
10231,-0.4686605586006647
10232,2.0897951084133517
10233,0.4056228498382585
10234,0.4211566738618794
10235,-0.34702357306285575
10236,2.249774694957688
10237,0.5711772325199662
10238,0.0250438409009062
10239,-0.29298080219808764
10240,2.236262973502089
10241,0.5721547000540294
10242,0.4126158716549476
10243,-0.2916359403007126
10244,2.27236385747169
10245,0.3630817697915586
10246,0.15048961127968435
10247,-0.3278400181884964
10248,2.240321723286554
10249,0.5505425930823
10250,0.5670857276927891
10251,0.4211505493436638
10252,0.8236293945104836
10253,0.05974773057528837
10254,0.5694607276927892
10255,0.10416983041278328
10256,-0.6067350445050449
10257,0.4551893329551023
10258,-0.2602773924188739
10259,0.16544909580501657
10260,-0.9315685825445575
10261,0.12406379088891534
10262,0.5503693048253946
10263,0.3134101940213061
10264,0.6116742759083111
10265,-0.26004601266983335
10266,0.8919259252287814
10267,1.0980133542232666
10268,0.5431669714896604
10269,-0.17193509483724315
10270,0.23288817274374746
10271,0.6983659577533017
10272,0.2653304158105833
10273,-0.1660515645012624
10274,1.167607701828565
10275,0.520504572376056
10276,0.43094520073218767
10277,-0.21240732146521354
10278,-0.19182045727780433
10279,-0.7858657572820935
10280,0.4994213363792386
10281,-0.22820152089764512
10282,-0.7297552093276338
10283,0.6374855099017336
10284,-0.044277974123240145
10285,-0.8060497218379955
10286,0.6781999238491521
10287,0.8595971723620767
10288,1.0774094111942716
10289,0.3396662434708338
10290,-0.28826275903123455
10291,0.8596680311426271
10292,0.3173822023228522
10293,0.6246508317541768
10294,-0.3398166797450957
10295,0.1186564879265685
10296,-0.6714504599439505
10297,0.2958832550669557
10298,0.3688724797455503
10299,0.3987108477505689
10300,-0.062240480069461236
10301,-0.14539625705951384
10302,-0.6889251488393265
10303,0.4520980317346249
10304,0.9138974043735903
10305,-0.2992310920734643
10306,0.30397317957715236
10307,0.43875342503947656
10308,0.4393555470138447
10309,-0.2853186527854686
10310,-0.19216598381624875
10311,-0.9552197406921851
10312,0.403547957271758
10313,0.8916844804906519
10314,0.7727569797311208
10315,0.37554875988924535
10316,-0.34994067287471825
10317,0.30855370894533146
10318,0.3624702309023361
10319,0.11926645424321942
10320,0.3003107894946707
10321,-0.05473641015291317
10322,-0.1474798966795254
10323,0.05187127442390883
10324,0.38182822132346883
10325,-0.16969325481322164
10326,-0.43661138359831925
10327,2.057728451037886
10328,-1.1530823898249092
10329,-0.3620819288679391
10330,-0.18262212350504847
10331,2.040418335377822
10332,-1.2346436727461376
10333,-0.00507512297469652
10334,-0.534546013415097
10335,1.9908322221697325
10336,-1.242439780576647
10337,-0.16345455818119672
10338,-0.679009450191065
10339,1.96244272382738
10340,-0.8529213134884216
10341,-0.2905802529350296
10342,-0.5272906816711388
10343,2.0537713458778324
10344,-0.8392952827760117
10345,-0.1328930572312694
10346,-0.649913355709546
10347,1.9397769646180327
10348,-1.0829114609064083
10349,-0.1361846494336098
10350,-0.7326351583464036
10351,2.039379928365803
10352,-0.9975345650715484
10353,-0.6830509585749437
10354,2.0561729205720765
10355,-0.7920979761616137
10356,-0.2515963245240832
10357,-0.9452200139649045
10358,-1.1787138413492393
10359,-0.28177993215793834
10360,-0.8477544562665437
10361,2.010420770016822
10362,-1.1835889138596527
10363,0.5040418082254733
10364,-0.0736308357564072
10365,2.0292654801834367
10366,-0.010268029120264867
10367,-0.13451046414659973
10368,-1.0746208882834474
10369,2.010980184501575
10370,-1.1997194153984836
10371,-0.10599146372724416
10372,-0.22678068020706202
10373,2.059416297101386
10374,-1.2309153038314988
10375,-0.07906533219667097
10376,-0.7119849526719036
10377,2.0635555439301125
10378,-0.8799363537987284
10379,-0.42670189802938896
10380,-0.2556556528249659
10381,2.0261958984887367
10382,-0.9724270288901412
10383,-0.16674087328574183
10384,-0.6902197799691698
10385,2.05863441465381
10386,-1.257725762646319
10387,0.07289558331484118
10388,-0.3322965858537877
10389,2.0302180236921306
10390,-1.0352169960014506
10391,-0.16687869055578977
10392,-0.2778699380039385
10393,1.4867615037785933
10394,-0.828889083807826
10395,-0.17213929558544674
10396,-0.22476275652217
10397,1.982025216552665
10398,-0.8870106672219463
10399,-0.3688708664269939
10400,0.8912730211895817
10401,0.4913680213850252
10402,-0.2224994929733821
10403,0.3519770888089335
10404,0.26461445119476684
10405,-0.11683907458514864
10406,0.3268437190456655
10407,0.13711985404543262
10408,-0.11276199676967551
10409,0.36871570990703045
10410,0.27853186538142627
10411,-0.23704754097084307
10412,0.3873780678278949
10413,0.54242962716999
10414,-0.30405520976341444
10415,0.3556437627733436
10416,0.46721270550557464
10417,-0.18220680232720177
10418,0.40762397105283166
10419,0.6285522670937522
10420,-0.21864020611168322
10421,-0.1295646961385712
10422,-0.4776745451676318
10423,-0.24870648834404752
10424,-0.07538327917387994
10425,-0.21828140620523345
10426,-0.23870286533601362
10427,-0.1683068997438538
10428,-0.1377658203233875
10429,-0.12667525044584657
10430,-0.2900480906505505
10431,-0.12230689459941499
10432,-0.1283849413254851
10433,-0.11410580865239624
10434,0.10762956835847375
10435,-0.0137510175174182
10436,-0.08557424805810311
10437,-0.4111584555943903
10438,-0.22482251958979926
10439,-0.498542069894348
10440,0.008353354800307125
10441,-0.1077545522621335
10442,-0.12468052675778747
10443,-0.1354637779283467
10444,-0.06411895568837538
10445,-0.17200883791311394
10446,-0.48204880348604495
10447,-0.12639592377855136
10448,-0.1565128365408053
10449,-0.429545763805398
10450,-0.07342559340595209
10451,-0.2094161502150428
10452,-0.20076543890345763
10453,-0.06651823151140325
10454,-0.15232143374399132
10455,-0.1597315586817156
10456,-0.10171367728724069
10457,-0.09138497607804887
10458,-0.2281198853270001
10459,-0.09141729752833785
10460,-0.158104816319884
10461,-0.15966650109837982
10462,-0.17100769961302892
10463,0.051102760355348796
10464,-0.1534326121382487
10465,-0.21316063044404146
10466,-0.12110749773423478
10467,-0.23263570155153612
10468,-0.2707770215562133
10469,-0.11465335091779941
10470,-0.19532068406687758
10471,-0.3891422487707584
10472,-0.07337137989090076
10473,-0.36311265602623327
10474,-0.22908355207891934
10475,-0.07398666075587887
10476,0.2036928787094477
10477,0.1990055021542986
10478,0.22784746845772275
10479,-0.40112808868595196
10480,0.6993560221506188
10481,0.14827585766487839
10482,0.28289357327818776
10483,0.7627317903074866
10484,0.1455084921007363
10485,0.4513689316088123
10486,0.15457625423777208
10487,0.29475656089310975
10488,0.8290423294698611
10489,0.17255419368114533
10490,-0.8151929482428014
10491,0.11136420740588925
10492,0.21932636335991493
10493,0.1272153977911735
10494,0.3805793552941073
10495,-0.2695905451959722
10496,0.08518563348848517
10497,0.2611942995131327
10498,0.27490640678300526
10499,-0.27471000450368815
10500,0.046936876798331924
10501,-0.7241136392105822
10502,-0.04805274475214836
10503,-0.2978215899253915
10504,-0.5521269862983915
10505,-0.39475481653229755
10506,-0.04027530731710377
10507,-0.417090978636031
10508,-0.6198816307323818
10509,-0.4716099872522337
10510,-0.013686345854036969
10511,-0.4381922649025242
10512,-0.46775524777316047
10513,-0.2810492883786226
10514,-0.07678250476077021
10515,-0.4400641178067953
10516,0.24682913816673335
10517,-0.13703698930711197
10518,-0.2576265564926943
10519,0.24665371459439425
10520,-0.00917237968601275
10521,0.29997948452672923
10522,0.01083176807024373
10523,-0.15960080888154565
10524,0.15541698789580943
10525,0.783256328421093
10526,-0.8518164138832661
10527,-0.0042561951198749675
10528,-0.6421641368161525
10529,0.11949038163936948
10530,-0.6442063258054227
10531,-0.9181950419537721
10532,0.3021211241357906
10533,0.1317010017655588
10534,-0.7262378302814856
10535,0.31704233967128687
10536,0.3096959958480623
10537,0.08056834689252954
10538,0.6327805021755594
10539,-0.9315271675536603
10540,0.2357869464952561
10541,-0.3677694487324765
10542,0.1662552726258029
10543,0.19584162700814076
10544,-0.927390194609175
10545,-0.5067933708571475
10546,0.41256672702476993
10547,-1.4012439370571155
10548,-0.2857014928847194
10549,0.27177961970241155
10550,-0.9750720937072966
10551,-0.26884925703336776
10552,-0.18042122806871935
10553,0.6097596882360969
10554,-0.933376764205254
10555,-0.3453020605306183
10556,0.37061408472494234
10557,-1.4282083450149237
10558,-0.05076289423188776
10559,0.3219697286800195
10560,-0.9315472692440295
10561,0.9009772593701334
10562,0.3511223676855185
10563,-0.8623944059498764
10564,-0.2037035775898311
10565,-0.7105419096378677
10566,0.21090026089270308
10567,-0.7485198254935296
10568,-0.27194658511881914
10569,-0.7214194991116708
10570,0.21809763950539302
10571,0.039098757724040395
10572,0.12609935049632356
10573,0.5502284598213296
10574,-1.0581988696651172
10575,-0.23355938415201483
10576,-0.5935575957726262
10577,0.3370010961979939
10578,-0.37599282371306725
10579,0.5481797958590551
10580,-0.8261195845960988
10581,-0.07101357951491218
10582,-0.16403455588684274
10583,-1.0813609958959565
10584,-0.09068502137252525
10585,0.18314963258404923
10586,-0.16408674167667392
10587,-0.7493364811204195
10588,-0.19762731233117944
10589,-0.09100248907480751
10590,0.31723765952945093
10591,0.27227667516135523
10592,-0.4066378874623441
10593,-0.23260001078432163
10594,1.2017302112892847
10595,-0.21915349067122605
10596,0.05220653726187032
10597,-1.518067281057756
10598,-0.5688537286618297
10599,-0.10857414268180444
10600,-1.1214535837902249
10601,0.11682480805515756
10602,-0.7021741662086424
10603,-0.07894820032285214
10604,-0.21087524602792795
10605,0.4430773119771772
10606,0.1520150973758779
10607,-0.09452073487729741
10608,-0.10970278652465089
10609,-0.017028204340422164
10610,-0.8291524329535068
10611,-0.05567703835231146
10612,0.9758919924686739
10613,-0.026995951013971488
10614,-0.14063753971805382
10615,-0.24365653170637896
10616,0.06924780862161964
10617,-0.8965895479223223
10618,0.1185318082598802
10619,-0.14237081092130355
10620,0.08753966357916956
10621,0.21419707226900397
10622,0.06004469639595079
10623,0.25319099256272937
10624,0.33837671788037543
10625,0.1638112610574394
10626,-0.7165446885989405
10627,1.2868309366187278
10628,-0.19981041767582972
10629,0.02161430794919774
10630,0.39954160210499307
10631,0.44007283647572937
10632,-0.8346522037510561
10633,1.295403670104916
10634,0.1803677109156752
10635,-0.038668579679421736
10636,0.2094399092474923
10637,0.16475715617020642
10638,-0.9646510234311135
10639,0.995939426598772
10640,0.1440000120902419
10641,-0.8304458254316881
10642,1.903341637813824
10643,0.4072930027806035
10644,0.3843933093857522
10645,0.7825255200274808
10646,0.13883570311238175
10647,0.1362018376915455
10648,0.5777846650933118
10649,0.586291596714897
10650,-0.004712742882209429
10651,0.18715128972268621
10652,0.22854342099708258
10653,0.2478211427230166
10654,0.42478778177944704
10655,0.1801709599697838
10656,-0.7644508978653947
10657,1.0080026983828283
10658,0.2594242384307054
10659,0.178410198967646
10660,0.12895358394327222
10661,-0.03811121876127234
10662,0.14465691046102755
10663,0.5041452137827978
10664,0.5396670380935004
10665,-0.8879894982672555
10666,1.726652150055466
10667,-0.04418163194324505
10668,-0.3197093106754332
10669,0.041083844031425634
10670,0.32133195967053946
10671,0.0031607231086425553
10672,0.06864311445233015
10673,0.5859669276559059
10674,-0.9718239361019798
10675,-0.5267689085027847
10676,-0.29668837591478303
10677,-0.8633384953225616
10678,-0.07102510596083282
10679,-1.570501769293751
10680,0.028859466519644862
10681,-0.11826099035478906
10682,0.1727086460169634
10683,0.26221611534533285
10684,0.19066278737716083
10685,0.4749022188871293
10686,2.0280729795040138
10687,-1.0072608124503406
10688,-0.15335921726302543
10689,-0.6816310540745164
10690,0.2741213706444259
10691,-0.4023421402124281
10692,2.2757797530068866
10693,0.6524270237820129
10694,0.7490759663600153
10695,-0.14274673176252453
10696,0.5531198058271534
10697,-0.24172342097213545
10698,1.7666120174739444
10699,0.6806346296241128
10700,0.788737991938698
10701,-0.4812934940598921
10702,2.1561531344146143
10703,0.6402527524579127
10704,-0.8977005894397092
10705,2.125604858868433
10706,0.12472191528081558
10707,-0.7532263315619208
10708,-0.36393193972938803
10709,-0.17182097483131117
10710,0.3969630542322854
10711,-0.4819975732244009
10712,1.9504985682484173
10713,0.43240124754453113
10714,0.6861074699475884
10715,-0.5173370554502297
10716,1.8569312694426037
10717,0.5017931019582462
10718,0.4183720866146895
10719,-0.4214898711402566
10720,2.2390033451267533
10721,0.44174167137178394
10722,-0.2996644106877719
10723,0.433853388661599
10724,-0.19437949680260805
10725,-0.20018369548519171
10726,0.3944362296947193
10727,-0.26752771076343207
10728,0.26881103606083107
10729,-0.9462651703525427
10730,-1.1137433237923036
10731,0.1485821747377287
10732,2.170071109853259
10733,-1.133547870441399
10734,-0.36743553835180986
10735,0.2508315485046969
10736,0.21995678350105433
10737,-0.06791738086694514
10738,0.09892670513475736
10739,0.04554639392422604
10740,0.8367082276702855
10741,-0.014688657842332377
10742,0.576222184534498
10743,0.036041665106225
10744,0.6787048419401626
10745,0.4468020258013876
10746,-0.5357516989917555
10747,0.7605301305035161
10748,0.3883607679072678
10749,0.30535205127702025
10750,0.7933584653124165
10751,-0.9859653125752076
10752,0.4813398135538094
10753,0.30445947567296405
10754,-0.7192051677851847
10755,0.4974628559920435
10756,-0.8380059484778017
10757,0.4607051216067102
10758,-0.5240298183877071
10759,0.34089089006471623
10760,0.3055780858271032
10761,0.7230239698461868
10762,0.7595226498820621
10763,0.7911448260137155
10764,0.6707159988278028
10765,-0.2967103127763977
10766,-1.2618445000522311
10767,0.532354653572807
10768,-1.128350523130181
10769,0.5163728179589738
10770,0.2671734717335101
10771,0.708665303316145
10772,0.8854714477213536
10773,0.9765764660110064
10774,0.4581358591138142
10775,-0.09790646080239956
10776,-0.24604166289066493
10777,-0.8006900076512835
10778,0.32981965778800093
10779,0.5905538496826042
10780,0.728856767378129
10781,0.8788111241076384
10782,0.4950057437354126
10783,1.107299460633644
10784,1.0653906866010427
10785,-0.22783054947235998
10786,0.13347508648488496
10787,-0.8486462016502095
10788,-1.3384445533734486
10789,-0.14350291296200277
10790,-0.03810797526162764
10791,2.1268577516166443
10792,-0.8626928404055042
10793,-0.15839888899061455
10794,0.09864567427676091
10795,2.0426669975147558
10796,-1.0985151609544883
10797,-0.1893005130761801
10798,-0.06286696511087175
10799,0.1966220113761377
10800,0.047278142146238926
10801,-0.08988431152910813
10802,-0.13028228252712207
10803,0.19096880131337116
10804,0.1683661841850157
10805,-0.18682259112042654
10806,-0.06688908725419582
10807,0.33586269784991213
10808,-0.03961677952166111
10809,-0.40917745096157726
10810,0.49187969354901534
10811,-2.459241423872165
10812,-0.17248723785119607
10813,-0.7083174653571368
10814,2.1518225770380064
10815,-0.25626332252355755
10816,-0.28234285789060826
10817,-0.5343615523232067
10818,2.0118054018024623
10819,-0.9724357883865853
10820,-0.16478098573540254
10821,-0.9498135280521676
10822,1.9796979115147864
10823,-0.06380236752438972
10824,-0.03728235622697115
10825,-2.4232903064074462
10826,0.32627825795349386
10827,-0.1255048854492577
10828,-0.08069846303495391
10829,0.399407927670842
10830,0.23952045874577468
10831,-0.23263161893544823
10832,-0.1088662918656345
10833,-0.7905250389171807
10834,0.5204964149951241
10835,-0.17362618173075395
10836,0.23729076707085808
10837,-0.49752044209630464
10838,0.32510670222048227
10839,-0.016067357114544996
10840,-0.12692793941590208
10841,-0.08986689730829345
10842,-0.027829149794791508
10843,-0.11164184907969409
10844,-0.24136851112273672
10845,-0.22733219057027082
10846,0.01696763600254159
10847,-0.021732990256429156
10848,-0.07595109507501674
10849,-0.16551027674743712
10850,-0.04052689787838983
10851,0.256612278693003
10852,0.6576693758919896
10853,-0.07207410626053556
10854,-0.230736065003207
10855,0.4201004532600754
10856,0.1314226289207248
10857,-0.27620758708795284
10858,0.09939616923667978
10859,0.22585736935025522
10860,-0.32541204365190624
10861,-0.5283164759814439
10862,0.5001229635666448
10863,0.074290763292852
10864,0.7597178499001097
10865,1.1293248882339135
10866,-0.32272288234087443
10867,-0.7801080374139544
10868,0.42572760085820255
10869,-0.11354735589584841
10870,-0.3469510124500274
10871,-0.23688891546851362
10872,0.49773524855573764
10873,0.528828316511287
10874,-0.22180791581430107
10875,0.33406677124338313
10876,0.26155123751232445
10877,-0.190346474726768
10878,0.3960599069292023
10879,0.6160134151797245
10880,0.06067787644226754
10881,1.0133405310961714
10882,-0.38319681026658353
10883,0.03410709097106265
10884,0.32263741126569195
10885,0.8501966031079767
10886,-0.37114261900244894
10887,-0.33086560473462384
10888,0.31536620628337314
10889,0.37449535275881274
10890,-0.7819715134125825
10891,0.3907024571202656
10892,-0.12899857941324094
10893,-0.3090890715886429
10894,-0.2144640218121486
10895,-1.0350524874063622
10896,-0.4574169756058473
10897,-0.9625258571499452
10898,0.5689668916892255
10899,-0.2883287282845371
10900,-0.8962708698381817
10901,0.47514279660809267
10902,-0.17642779500375413
10903,-0.4964555295571975
10904,0.49921104224691565
10905,-0.3088364986852387
10906,-0.17278019350811435
10907,0.12476396091329259
10908,-0.8869344016380473
10909,0.6499938769648977
10910,0.12036624712415393
10911,0.28306035133053714
10912,0.26642913885042113
10913,-1.160393633742373
10914,0.10326669827175008
10915,0.7255874750311984
10916,-0.3728696703361055
10917,0.152479906176209
10918,0.22430383038431684
10919,-0.2231413192540134
10920,0.1319276293733641
10921,-0.6641426207898623
10922,-1.6004052571896348
10923,0.05031717264783109
10924,-0.2160318807616955
10925,-1.4010690126319445
10926,0.1179882294392846
10927,-0.7076788432412723
10928,-1.2579016804923073
10929,0.5928379539794222
10930,-1.1524929642539592
10931,0.09790142845858091
10932,0.4468762155921698
10933,0.5405499416855416
10934,-0.11699986251530801
10935,-0.12581106021143473
10936,0.17783114006730094
10937,-0.25162275918820665
10938,-1.1662045521858269
10939,0.1429283179399963
10940,-0.8728754557465044
10941,-0.17508792407405774
10942,0.16491825462466134
10943,0.7323573239104046
10944,-0.20013048726754598
10945,-0.14786326049718837
10946,-0.3294702488940107
10947,0.6840762888874933
10948,-0.24471916040847935
10949,1.0671099771046348
10950,-0.9492688097390349
10951,0.3977274324197426
10952,-0.1490416121536792
10953,-0.22423872368763165
10954,-0.1613388941650131
10955,-0.8255378123598625
10956,-0.24483675609001612
10957,-0.12508439972314173
10958,-0.8661829247388761
10959,0.19010129442187848
10960,0.18728441301803517
10961,-0.8344713046446028
10962,-0.19663520727753273
10963,-0.21775026120918956
10964,-0.8691708170229785
10965,0.5654846299247565
10966,0.17023240723710492
10967,-0.9168687962078712
10968,-0.03417151937593458
10969,0.4145911969377697
10970,-0.7948796560144289
10971,0.05935661378754704
10972,0.1816466138162714
10973,0.3842234830994941
10974,-0.15099730333415468
10975,0.05782497526816299
10976,0.09124094748732227
10977,0.7955062999421233
10978,-0.11802649619093013
10979,0.0152787072832684
10980,0.03548371434768602
10981,-0.04899172569808944
10982,0.07729284298443431
10983,0.100394743079561
10984,0.5228950862662634
10985,-0.2499012037568063
10986,-0.6106271697504285
10987,-0.19244783773169297
10988,-0.02958123172125487
10989,-0.32301582862660266
10990,-0.4720777106757661
10991,-0.051967496374891925
10992,-0.05931169314430297
10993,-0.06106091600072228
10994,0.2763658799706119
10995,-0.14497513079058152
10996,-0.28106590510696106
10997,-1.1444360150685118
10998,-0.11478829727569159
10999,-0.20697470364306814
11000,-0.24754558643039196
11001,-0.5505600278120123
11002,-0.2004403634941875
11003,-0.039962418174455595
11004,0.4207992738409333
11005,0.3501546034599952
11006,0.27524634109853796
11007,0.1092800451046441
11008,0.3495528528413141
11009,-0.22818034062095358
11010,-0.5748664228741135
11011,-0.41310222517237827
11012,-0.13833008059020344
11013,0.16627730469999083
11014,0.4615207714451922
11015,0.14093473849081833
11016,0.10831017359185437
11017,0.13188104009808913
11018,-0.6668975244800366
11019,0.0692524460540025
11020,-1.819538707918288
11021,-0.16924169210958362
11022,-0.32423651725542024
11023,-0.2998033784171875
11024,0.11747143573956371
11025,0.14659957745045207
11026,-0.10013295038073912
11027,-0.2542161484011852
11028,-0.8249822962412614
11029,-0.1557259034236852
11030,-0.0013816502734081732
11031,-0.322096421683472
11032,-0.23596188766947362
11033,-0.012955916866167067
11034,-0.26696197787793075
11035,0.02371632268742588
11036,-0.022050482806094392
11037,0.2312489973285671
11038,-0.09923672149008085
11039,-2.2590651802475565
11040,0.015016189988087162
11041,-0.66737179241817
11042,0.00020597377678463125
11043,0.24238831988813156
11044,0.2119184253879115
11045,0.03619085861402315
11046,0.6205376000474034
11047,-0.07439982253926619
11048,0.28417484647470354
11049,-0.25015778268696504
11050,-0.7488497089512807
11051,-0.18362479777264862
11052,0.1342180344515685
11053,-1.127784532677328
11054,0.1096118130409717
11055,-0.9131764817674198
11056,0.4288684143229642
11057,0.1281548098438662
11058,0.15543636201239222
11059,-0.6343551924269989
11060,0.1460000120902419
11061,-1.1450303920926397
11062,-0.8175087372426059
11063,-0.08989453100865373
11064,0.4907622761432487
11065,0.6054765996112633
11066,0.5096677693901661
11067,-0.2933555355477568
11068,-0.4359142591412914
11069,0.03106944929885485
11070,0.48068782517256786
11071,0.37244060777364024
11072,0.025040681608039107
11073,-0.1168010519936907
11074,-0.6253680682873036
11075,-0.13132064734694993
11076,0.23641489603396332
11077,-0.06797282175394555
11078,-0.313871319615154
11079,0.23976192400869387
11080,-0.10857810307733895
11081,-0.02206228120344499
11082,0.009906685481387758
11083,-1.0184488222883856
11084,0.32689534719462504
11085,0.8043311400219123
11086,-1.0310205498774059
11087,0.43721659680778086
11088,0.6297351928647278
11089,-0.9354936127991077
11090,0.1083437330555482
11091,0.3190164224319604
11092,-0.9428867352297143
11093,-0.2914854445412687
11094,-0.6620409025066276
11095,0.25556173446853914
11096,0.14332554997652314
11097,0.11576064771980074
11098,0.8191856174628929
11099,-0.001534034123011458
11100,0.8747466469509408
11101,-0.8715698365871504
11102,0.014887312993189131
11103,-0.09981938901086598
11104,-0.8732965941645282
11105,-0.16281708097794195
11106,-0.9439630068258917
11107,0.2737755601443424
11108,0.008179796827000131
11109,0.1722470317873758
11110,0.40353983129673887
11111,-0.7165670291692318
11112,-0.3117582847839217
11113,-1.4244122839887186
11114,0.009695793277203936
11115,-1.1602288222905226
11116,-0.319285572318213
11117,0.1276905875250125
11118,-1.1665953746265612
11119,0.296487212787469
11120,0.18164479182325763
11121,-1.021891091177918
11122,0.40883833336669756
11123,-0.8866736651801846
11124,-0.36917822532996936
11125,-1.2979561634759058
11126,0.00827912604162805
11127,-0.6932451579910052
11128,0.09468740749162198
11129,-0.748830021062451
11130,-0.2754062710573559
11131,-0.8577854535304139
11132,-0.15548647912914315
11133,-0.7105805931900083
11134,-0.38150789210079233
11135,-0.5415652899748439
11136,-0.3776329293133547
11137,-0.5587016601620791
11138,0.3543437577170527
11139,0.4447796286470054
11140,0.060376964488678866
11141,1.1927512120631447
11142,-0.7412751322079465
11143,-0.1778993990032852
11144,-0.5413233552254202
11145,0.388749135324733
11146,-0.42112663306098247
11147,-0.10026853782438366
11148,-0.7059185164298747
11149,0.2778894881923852
11150,-0.7068289858468176
11151,-0.05285965641916964
11152,-0.8551066655955575
11153,0.24722614464799483
11154,-0.1627861987226947
11155,-0.11815127519386104
11156,0.1592633091547261
11157,0.17028223457851369
11158,0.09581800816353936
11159,-1.8278410499158326
11160,-0.12337572667104794
11161,-0.4460638971547067
11162,0.033650499777865744
11163,-0.12243624963939251
11164,-0.10789158700442095
11165,0.2584007747662923
11166,-0.27314804248542585
11167,-0.21968221848318845
11168,0.09848485452135565
11169,0.6096682151109506
11170,0.014660759382468849
11171,-0.14274543671743456
11172,0.1384464613467219
11173,-0.725802636137162
11174,-0.09099914823226538
11175,-2.0472956681836045
11176,-0.007149457055883283
11177,-0.2268170225747789
11178,-0.19357057612495554
11179,-0.12381430213530575
11180,0.16098723881777832
11181,0.1295895074973915
11182,0.3555587729429838
11183,-1.5966042964588185
11184,0.01817164270398021
11185,-0.6753264619160984
11186,0.011392322419749096
11187,-0.1464120883491793
11188,0.13901684520468346
11189,0.23176394496329858
11190,0.032051565194072915
11191,-0.377565928095637
11192,0.12880990881547977
11193,-0.0044977546143659675
11194,0.1831956651848012
11195,0.15316919241125035
11196,0.20417623124485865
11197,0.030499512148119193
11198,-0.38815760726729326
11199,0.125170698483788
11200,0.12317339167571015
11201,-0.1278216117713022
11202,-1.1023852668122942
11203,0.48311337774540997
11204,-0.07829908547624162
11205,-0.25367685937816964
11206,0.47079364885352093
11207,-0.21024919969401984
11208,0.15581556800244467
11209,0.12705032506063196
11210,0.021462733150349893
11211,-0.09125545754663911
11212,0.14973049548611614
11213,0.14742446255986744
11214,-0.24297940198441523
11215,-0.12217418067387527
11216,0.13314477633346142
11217,0.15722101742120018
11218,-0.08246046865417594
11219,-1.5662400790747963
11220,-0.26002771948283965
11221,-0.015168861498171685
11222,-0.20474619446948106
11223,-0.19834729924454675
11224,0.10304585160531658
11225,0.16634154409227594
11226,0.11973632642754366
11227,-0.09691816661931972
11228,0.14845070067307461
11229,-0.7028309773675883
11230,0.09020481517532149
11231,0.16707486445601671
11232,-0.725148163970746
11233,1.1192811972076666
11234,0.15312587388704255
11235,-0.6417911981311203
11236,0.9821585352504953
11237,0.13539099195616533
11238,-0.9307532494623056
11239,0.671657938567293
11240,0.7222558153206223
11241,0.4106601581898746
11242,0.1734047799708722
11243,0.1362798808450542
11244,-0.8780655471630385
11245,0.6854823711722168
11246,0.17267722682970735
11247,-0.9271125872436242
11248,1.3432516757015123
11249,0.15622268987431714
11250,-0.9249674319265988
11251,1.595727218896257
11252,0.48876901672381584
11253,0.07205759017357705
11254,0.5531553856904017
11255,-0.7386891916923086
11256,0.8170115844108118
11257,0.1627791265768968
11258,-0.5746546955611247
11259,0.5949547933468635
11260,0.3193955836854958
11261,0.15615998871578832
11262,0.9563125951891999
11263,-0.7003710479189802
11264,0.8921224264533033
11265,0.11406598954923672
11266,-0.7978485794748303
11267,0.9369931835024639
11268,0.34512996734771634
11269,-0.43325318292818005
11270,0.8915974559024029
11271,-0.7623475917634479
11272,0.2999180713463237
11273,0.26323873590406016
11274,0.17267722682970735
11275,-0.7119358756086562
11276,0.4661646767412535
11277,0.12303377994293203
11278,0.17850104424900853
11279,-0.8935915297056546
11280,0.9688390898308766
11281,0.5021234486107599
11282,-0.639872581804377
11283,0.39268556268437643
11284,0.2088675387348722
11285,0.12360321010778377
11286,-0.7988516810803757
11287,0.5392112960183801
11288,0.18391629175366378
11289,-0.7816644749616218
11290,0.8437507036048308
11291,0.17038451632176613
11292,-0.7058002109667112
11293,0.7736561699393893
11294,0.09119016408213657
11295,0.2580016187917043
11296,0.7397416892274091
11297,0.004037058803305371
11298,0.5513675911340614
11299,-0.2845950345417442
11300,0.6546626536650405
11301,-0.029232627228256904
11302,0.49791601137495883
11303,0.3558224873333359
11304,0.7203295812112942
11305,0.3395896154537667
11306,0.4831281482647714
11307,0.5798399592995712
11308,0.588138476408999
11309,0.6422131966778906
11310,0.30950809365251863
11311,0.551943431725367
11312,-0.0027023768268260562
11313,0.7370627758777045
11314,0.2774437958306432
11315,0.6302618034311599
11316,0.08225761892522356
11317,0.7013369094050599
11318,0.5062373515005759
11319,0.2757129897257727
11320,0.22739881066616752
11321,0.3945135585386819
11322,0.5103149067410627
11323,-0.47411476396305063
11324,-0.12960138388710926
11325,-0.9140927981857727
11326,-0.20475631386235943
11327,-0.011456164450396676
11328,0.22558393379955272
11329,-0.7054090832713893
11330,2.279944413036484
11331,0.40303546822174174
11332,0.25238134582293015
11333,-0.36661317880942806
11334,0.02107225006374184
11335,0.14058638964938952
11336,-0.16283361576688377
11337,-0.10565964802149302
11338,0.2620923008068019
11339,-0.5071556619054781
11340,2.3236795401914563
11341,0.5735075137092699
11342,0.5476456605551273
11343,-0.18584391833168842
11344,2.207356256789033
11345,0.5863377641416041
11346,-0.2886349518131839
11347,-0.13773147358745913
11348,-0.31160419812509227
11349,1.061541524199365
11350,-0.6229124772058479
11351,2.2163144840266717
11352,0.4995376142702304
11353,-1.1982511254054342
11354,-0.15171978072485287
11355,-0.6640790863880606
11356,-0.7801262301640309
11357,2.1259767411310926
11358,-1.2205124518343529
11359,0.44751969026260346
11360,-0.4549314082194531
11361,2.3031083765364433
11362,0.37936208710805785
11363,-0.824183670257269
11364,-0.08680743524256121
11365,-0.13390066570780698
11366,0.006435425233571639
11367,-0.23882315189918063
11368,-0.2086277744026094
11369,0.41018690527789586
11370,-0.715101370231808
11371,1.9706898303522773
11372,0.6183166974180132
11373,-0.4112581978479346
11374,-0.14398448172487813
11375,-0.779479260714261
11376,-0.0827958402107407
11377,1.963514442992498
11378,-1.2167394015543311
11379,0.24225721143803736
11380,-0.5720406471941561
11381,-0.243803714947555
11382,0.5806598667140769
11383,-0.19786168244694263
11384,-0.23370138439859783
11385,0.40663841912903803
11386,-0.3617165803963291
11387,2.2133091695206426
11388,0.5066128892509273
11389,0.5779251124316657
11390,0.6607554491006478
11391,0.2199118098655887
11392,0.5835255984283048
11393,0.08888738698250916
11394,0.08141180672284237
11395,0.5643263680563012
11396,-0.36459913958837287
11397,0.13823001471427288
11398,-0.5263639500652791
11399,0.2891148157212355
11400,0.49679459054412584
11401,0.591206896606691
11402,0.34500591983967654
11403,0.5433046499179615
11404,-0.6521322046838323
11405,0.37457369915750466
11406,0.6108918522362042
11407,0.2729844128058668
11408,0.2978937162991132
11409,0.8996139946434311
11410,0.31081326090570893
11411,0.3186848306253753
11412,0.2696790983688468
11413,0.5883918286163368
11414,0.5404346322102476
11415,0.1410020117154267
11416,-0.14299271005217906
11417,0.017013498019727537
11418,0.7486613381353199
11419,0.3214361206743733
11420,-0.05649417585121524
11421,0.3375679089038412
11422,0.5739387240985627
11423,0.27063853792879783
11424,-0.324458182820639
11425,0.5689142860125997
11426,0.2706834013092112
11427,0.483325224460149
11428,-0.2905868956311443
11429,0.30158889457727517
11430,-0.637061640415945
11431,0.3456657427832972
11432,0.4219442635805263
11433,-0.7547822717632912
11434,0.5587213188250278
11435,-0.948446369687893
11436,0.5100283866326685
11437,0.7881817552777622
11438,1.1233212372892145
11439,0.6431676632653593
11440,0.6247256772899117
11441,0.35561455690900273
11442,-0.2774115178800279
11443,0.46268670234762244
11444,-0.5093732539914718
11445,0.4414313754435131
11446,0.9400779189282821
11447,0.27561314626861005
11448,0.37123461423788096
11449,-0.28426952919966675
11450,0.619227618353301
11451,1.170775923948422
11452,0.405339663007327
11453,-0.2052834775298063
11454,0.9294191586679816
11455,0.7498854758914053
11456,0.6508699265744721
11457,-0.27156592080692643
11458,1.0807498146215961
11459,0.3706876659351654
11460,-0.1531586439957019
11461,0.23190304102492626
11462,0.7258407977818824
11463,0.3135552384709256
11464,-0.08898910843474836
11465,0.8247247679876996
11466,0.11594723472306159
11467,0.6733197044204059
11468,0.021852441442919746
11469,-0.5524013966566801
11470,2.0301267666650387
11471,-0.8821138691865232
11472,-0.20055513787013582
11473,-0.08802172961213447
11474,0.18122677078454769
11475,0.2126052945742741
11476,-0.2335537195704775
11477,-0.5099679598733831
11478,1.9547386994081994
11479,-0.8637639068480524
11480,-0.04827091521006113
11481,-0.11814362867033344
11482,0.05258275194819473
11483,0.18029935690641963
11484,-0.1197639841888408
11485,-0.09379788184380683
11486,0.0835535046816674
11487,0.24568263753775352
11488,-0.02524532013097534
11489,-0.15033646722878852
11490,-1.511530661352625
11491,1.3287541633092517
11492,-0.6460840197573615
11493,0.22163193815116763
11494,1.0189887947642151
11495,-0.4332289156419694
11496,0.45774156567332747
11497,0.32933418299358364
11498,-0.16766390565931083
11499,-0.4362595906076874
11500,0.33277581647826104
11501,0.08690163353192733
11502,1.1250901518117344
11503,-0.11580919072221131
11504,-0.07980704897591738
11505,0.361683709664753
11506,0.17893758793472475
11507,0.09638568781951923
11508,-0.08709864399400291
11509,0.21290312391344055
11510,0.21171303363381708
11511,-0.1647246770447141
11512,-0.1671687439703689
11513,0.1540649295216534
11514,0.16143130575223272
11515,-0.1564123793959305
11516,-1.011071393913316
11517,2.1126545019514626
11518,-0.8626434735440474
11519,-0.1469982222232583
11520,-0.10932274120903351
11521,0.18315560415569235
11522,0.19570036885578207
11523,-1.03794897367833
11524,0.6086425238200125
11525,-0.3945248550095332
11526,0.587196765436351
11527,-0.16760141647244453
11528,-0.6046910615047133
11529,1.9396296314164425
11530,0.24449539886636273
11531,-0.16904363259021324
11532,0.17482216603948575
11533,0.0691271034933231
11534,1.0269655343402075
11535,0.4041011952546591
11536,-0.2679684434032239
11537,0.19248514654263454
11538,0.22849942158533632
11539,-0.14610610159357662
11540,-0.5990258000477112
11541,2.0296461313146477
11542,-1.2169607380639453
11543,-0.25367642267991464
11544,0.5699127594088746
11545,0.5522895797549778
11546,-0.426233779488942
11547,-0.766785252969636
11548,0.5368010083029747
11549,-0.3480368786305939
11550,-0.7733038914484748
11551,0.4110925687170789
11552,-0.18127934390495298
11553,0.6557277525599773
11554,0.4841590439130894
11555,-0.25490950746681684
11556,-0.8682529833486672
11557,0.684587522600762
11558,-0.16786721478636227
11559,0.28010187766271066
11560,0.9466898804501804
11561,0.06932929569646482
11562,0.45672171157598174
11563,0.330550079237301
11564,0.6090515057035784
11565,0.4740176610238032
11566,0.591810535870159
11567,0.2076588519125081
11568,0.662235372537739
11569,0.27778446527910977
11570,-0.2701103413369293
11571,-0.23785510834370313
11572,-0.10111375215635698
11573,-0.1702314951737948
11574,0.20958453076911981
11575,0.06399483052519177
11576,-0.8894744758064544
11577,0.36102429168177746
11578,0.12143050518084611
11579,-0.8893213962802979
11580,0.26544136772759697
11581,-0.053458234675339174
11582,-0.8786187140615825
11583,0.2956349040988217
11584,-0.31719397453589815
11585,-0.9052753760222844
11586,0.43483692519902184
11587,-0.31461293654505806
11588,-0.060638107152631314
11589,-0.25158378514712804
11590,0.12772139726698753
11591,0.05064498949569791
11592,-0.2336178293550622
11593,-0.4463781109515813
11594,0.13697087086362747
11595,-0.14832407471423562
11596,-0.0177548732988734
11597,-0.14181081803572443
11598,-0.8786152870637174
11599,0.7221081316002373
11600,0.2808763327410371
11601,-0.16463558705504638
11602,-0.17506191556554718
11603,-0.18101229004291303
11604,-0.3064616917957598
11605,0.2711586470069097
11606,0.6909134890594517
11607,0.07240347051099663
11608,0.4269045083692986
11609,-0.2790760856678225
11610,-0.38589870947143995
11611,-0.3651149483652065
11612,-0.2393180149677528
11613,-0.26278346358347215
11614,-0.3775625048505341
11615,-0.04330001087235256
11616,0.35473668952552184
11617,0.11210531041909302
11618,0.5622029179586489
11619,0.35991256102023
11620,-0.49963281585612834
11621,-0.4459122389946367
11622,0.18550616021042196
11623,-0.07588257446104381
11624,0.318600670219509
11625,-0.06182569507540819
11626,-0.259232688720938
11627,0.8067926707077183
11628,0.13726640573788307
11629,0.6382996510474782
11630,0.43044909227044426
11631,0.3546982559874288
11632,-0.9081874724877468
11633,0.6311792716703791
11634,0.16261438254412425
11635,-0.9463348839751495
11636,0.25118167893301674
11637,-0.2425361110387602
11638,0.147462419227902
11639,-0.5022340180387269
11640,0.2134109714205328
11641,0.18025533500778348
11642,-0.2051215871716633
11643,-0.130975661580518
11644,-0.5536161915808973
11645,0.09354645612906609
11646,-0.3061136518447818
11647,-0.14834821543670143
11648,-0.9475405345340068
11649,-0.6769707089153808
11650,0.5451457442391988
11651,-0.5186742127817748
11652,-0.04971224884209455
11653,-0.4020803175956477
11654,0.416368147224
11655,0.2576817083011643
11656,0.31321908074353844
11657,-0.03378172254976223
11658,-0.1373091373825266
11659,-1.0333608698165733
11660,-0.11318688152464598
11661,-0.16896096294049706
11662,-0.20958038626209352
11663,-0.07776311582547239
11664,-0.04061890185543328
11665,-0.10641687023672744
11666,0.202080005091605
11667,0.2018170563625012
11668,-0.530068168533132
11669,0.048442264844901155
11670,-0.724174888119739
11671,-0.32240310740535916
11672,0.6682754699836919
11673,-1.0903674912879946
11674,-0.3901737975558371
11675,0.49753151104164417
11676,0.4353759020840628
11677,-0.5858358226049885
11678,-0.9814119442283218
11679,0.3500180545035118
11680,0.04233634446417447
11681,-0.43384276562632634
11682,0.6095279368227449
11683,-0.18940135925389967
11684,0.729783332428251
11685,-0.170874866580599
11686,-0.9772009242934483
11687,0.286276280232517
11688,0.04161664779587347
11689,-0.7793722873955624
11690,0.32487990902142955
11691,-0.44539916510819005
11692,-0.4440477858942863
11693,-0.25297742635083087
11694,0.2889470445532474
11695,-0.13867995866745403
11696,-0.15105609270846493
11697,-0.33667619781308844
11698,-1.0995876915008713
11699,0.06765157673217506
11700,-0.2204694406861809
11701,-0.12523492985663046
11702,0.06249220502169182
11703,-0.32663725636146385
11704,-0.02089829113188005
11705,0.33224617731330425
11706,0.8973742207067252
11707,0.7601093155233117
11708,0.36210802386418134
11709,0.24895590354900843
11710,-0.014152698462297799
11711,0.7179426626525639
11712,0.3790706604770181
11713,-0.17678805855717772
11714,-0.11918726017507468
11715,-0.07881913165585551
11716,1.287769286363794
11717,-0.01741260605678898
11718,0.2235831163684957
11719,-0.30476761479951553
11720,-0.5561711991151819
11721,0.358781602410376
11722,0.19503555516817678
11723,0.1353022150125124
11724,1.0904733952001335
11725,-0.8690282710351438
11726,0.14121320427304596
11727,0.030087637022776545
11728,0.2983603373300763
11729,-0.3314872327773457
11730,1.2470914752523554
11731,-1.2865822646149327
11732,1.198931395165742
11733,-0.8029246998104096
11734,0.32573741647004395
11735,0.6030292805790215
11736,0.8056863927722573
11737,0.4456875956833482
11738,0.5378034356827806
11739,-0.019785921740763993
11740,0.9293008839515489
11741,-0.06228357546942613
11742,0.9226562324033193
11743,0.07931197253216278
11744,-0.08792039653860738
11745,0.6673467372154522
11746,0.023178430338824305
11747,0.1692076912825124
11748,-0.14497226609964314
11749,0.6636880285392148
11750,-0.3677492531889249
11751,0.5316898510979873
11752,0.14682425306504182
11753,-1.3491938557685645
11754,-0.8165588005268349
11755,0.1503733150612727
11756,-0.04514027170452745
11757,1.1697893437867142
11758,0.1750218245616315
11759,0.3577819383003858
11760,-0.8454638268968354
11761,-0.2979001370623548
11762,0.4466003694939195
11763,0.6743761408039289
11764,0.9606111486738208
11765,-0.8118260876110998
11766,-0.02006052096090681
11767,0.18223729046282675
11768,0.2261650914274731
11769,-0.28992119083747714
11770,2.1016697400829165
11771,0.8178208901791418
11772,0.24349520511614176
11773,-0.11627915639203153
11774,0.4168202576165881
11775,0.3510764734047823
11776,0.16445489570618763
11777,-0.3440506609709556
11778,0.2192319083442605
11779,-0.49387601012486465
11780,-0.0031576002193151463
11781,0.7180232130407794
11782,-0.20588526390622008
11783,-0.09557540658098998
11784,0.7244947246483701
11785,-0.23979483754988362
11786,-0.06369500436812608
11787,-0.1392026705580462
11788,-0.30182871190381916
11789,-0.8596415204165293
11790,-0.36263186907980993
11791,0.9810828168604352
11792,1.1810027831966514
11793,0.4187889126945557
11794,0.9272856455401678
11795,0.8887742004475494
11796,0.42813513602015635
11797,0.20207354580989567
11798,1.2862039883163598
11799,0.02496703913944036
11800,-0.7184201379490394
11801,0.5402510835518354
11802,0.5060798785298398
11803,0.9496726771690231
11804,-0.014648093030754724
11805,0.20457151715217212
11806,0.5247946797178906
11807,-0.05454356270133363
11808,-0.10191529640968097
11809,0.029407190441518214
11810,0.14416616695102827
11811,0.09838180471912976
11812,-0.715630850444807
11813,0.34967748336847054
11814,0.06887135234933249
11815,0.15388968585822485
11816,-0.7185619911954312
11817,1.0213880598816172
11818,2.0526994702055306
11819,0.5506776894091546
11820,-1.1806383838026075
11821,0.25410098305636547
11822,0.3160090272319818
11823,0.19190792579554053
11824,0.6012237260700274
11825,0.1445620070786811
11826,-0.3087146921884668
11827,1.9388913520802649
11828,0.34477987365741386
11829,-0.04433960534189769
11830,0.40591790242207526
11831,-0.011117296164638468
11832,-0.08433200967805263
11833,-0.16983485595745318
11834,-1.4101235835248962
11835,-0.9426679861194176
11836,-0.32915416370389855
11837,-1.233744608896885
11838,0.054418479555765564
11839,0.6815755116853863
11840,1.1550618126448664
11841,0.692192257088554
11842,-0.4590290048817889
11843,-0.6872587993272029
11844,0.17944167861487942
11845,-0.026565946406044056
11846,-0.752606969980726
11847,0.5852888862965987
11848,0.39523920288221115
11849,0.34910723145647465
11850,-0.3187379400386556
11851,-0.652532182055052
11852,0.307609100504364
11853,0.5276141437211781
11854,-0.7718726462489104
11855,-0.782335856965514
11856,0.25700960923684224
11857,0.4702141099311822
11858,-1.0043278185848632
11859,-0.9845962357196508
11860,0.009533906480462569
11861,-0.18504665211676583
11862,-0.06595815011977693
11863,0.2438906229956946
11864,0.10374974487592584
11865,0.2517901090587399
11866,0.1991700250970665
11867,0.27910606032097485
11868,-0.19915366444066965
11869,-0.13863790089659575
11870,0.4723727417648415
11871,-0.9242223071587202
11872,0.12709278606989213
11873,-0.36053828727269027
11874,0.21212351157316228
11875,-0.25309159909088375
11876,-0.3251605926711618
11877,-0.5833980594040531
11878,0.8207393651055953
11879,0.2985014305081355
11880,0.43159689300031767
11881,-0.6344637692731891
11882,1.1642694896962416
11883,-0.07515344673126843
11884,0.28447131745069776
11885,0.48127909392705975
11886,0.5148615849421999
11887,0.12342776742684794
11888,0.2879952174483952
11889,1.0034541285795797
11890,0.12374856446881514
11891,0.5766253503056084
11892,-0.11180147024970036
11893,-1.068691318325072
11894,0.010818875981433608
11895,0.2165603314326852
11896,0.3455590421129107
11897,0.3276705605967087
11898,0.8434482813965283
11899,0.7143651007187265
11900,1.7351869197703855
11901,-0.673697746397623
11902,1.1304498857560386
11903,1.8660836393891977
11904,-0.2358429778133489
11905,1.554548554403859
11906,-0.44898450824296837
11907,0.3813290563789758
11908,0.419986374611005
11909,0.4141441381759581
11910,0.11229082165399219
11911,0.9259170753774508
11912,-0.07991697062209141
11913,0.14786664942255442
11914,-0.10446225180223925
11915,-0.023514524869901354
11916,-0.05564166742983422
11917,-0.4756701519237076
11918,-0.8445202173754576
11919,-0.1170526185351294
11920,0.14525105199532765
11921,-0.31607785351796813
11922,0.15115540617746598
11923,-0.5399136430489726
11924,-0.11715533866149046
11925,-0.13740753975733466
11926,0.07715986452635995
11927,-0.6768578112290853
11928,-0.31728047873419646
11929,0.536216077467898
11930,0.8533489578534451
11931,-0.09739817235158049
11932,0.10422973237987862
11933,-0.7421377732949489
11934,1.1325853405973754
11935,-0.11686431696815416
11936,0.13067970093760262
11937,-0.557494270444126
11938,-0.08864759954218802
11939,-0.3427617923086735
11940,0.22167682589337745
11941,-0.028322613209010836
11942,-0.10959893570058904
11943,-0.410317734659352
11944,0.34703590530498085
11945,0.6528491198370315
11946,-0.050802875773694904
11947,-0.13088200596998292
11948,-0.10443181268342154
11949,-0.24491122302893387
11950,0.5855063967879836
11951,0.3083022107913566
11952,0.04930526451131439
11953,-0.19353118916015713
11954,-0.9826608492413638
11955,0.04773510419955148
11956,-0.8191680141313773
11957,0.2807988802626749
11958,-0.8704332863814918
11959,0.07129092886097271
11960,-0.32134543419886513
11961,0.1310741950700304
11962,0.08950580307165444
11963,-0.01524325620248014
11964,-0.5664040766560418
11965,0.121976182025066
11966,0.06502197655700094
11967,-0.14147669463609275
11968,-0.11059912057160813
11969,0.2009843031700959
11970,-0.994586387744676
11971,0.22158415705252377
11972,-0.04119966147303954
11973,-0.5466928706361356
11974,-0.08258698865794513
11975,0.6743611804960229
11976,0.051902292257098005
11977,-0.33272829886428756
11978,0.13940396223601215
11979,0.0691742065680726
11980,-0.7968378651242366
11981,-0.5710924219863921
11982,0.19985575291942442
11983,-0.8381287292606858
11984,0.21323191286790785
11985,0.7516556289585352
11986,0.17979309739883523
11987,0.17031517024273693
11988,-1.0283587434597885
11989,0.1480821850017472
11990,0.2395948255024199
11991,0.35739473497502716
11992,-0.19684958588012094
11993,0.3934729290618657
11994,-0.20622840838107678
11995,0.24925459870045727
11996,0.6541731856379424
11997,-1.4894635765622544
11998,-0.15747760415102552
11999,0.6720161145036229
12000,-0.26703485711458963
12001,-0.363199295430447
12002,0.18954598554321064
12003,-0.2847411172223104
12004,0.6029250711726244
12005,0.739864619083903
12006,-0.8768536438218257
12007,0.6705538036230736
12008,-0.22590697574394872
12009,-0.998393840721511
12010,0.3399238698395185
12011,0.40093985057149634
12012,0.8134173402381127
12013,-0.18830233337459515
12014,-0.450668222411041
12015,0.4466359460995186
12016,-0.3489432697882214
12017,0.04881133834249291
12018,-0.12948815704005517
12019,-1.8553546941112453
12020,-0.2340619879766696
12021,0.25365212131056597
12022,0.4272428286319063
12023,-0.6342032927257996
12024,0.9481197439350257
12025,-0.4870575863406242
12026,0.07264603374660486
12027,-1.819661265629983
12028,-0.14157555021741725
12029,-0.13475267631625182
12030,-0.08705644821401247
12031,-0.12143386283109421
12032,0.21078190767449098
12033,-0.2040658780761177
12034,0.2287785543771702
12035,1.8909638513315998
12036,-0.5465970890769655
12037,0.5834743362506166
12038,0.16153684769919108
12039,-0.4827391817297966
12040,0.4955280133044354
12041,0.1373921776194463
12042,-0.10241343028417274
12043,0.49275871570663465
12044,0.4863116451890057
12045,-0.027076559825412683
12046,-1.6829346917180283
12047,-0.4443075747666871
12048,0.4100729403273646
12049,0.18047167999003874
12050,0.8418865999167235
12051,-0.037429405786045825
12052,1.1364163972481598
12053,1.1398103152225205
12054,0.44602574260201094
12055,-0.1203342607315746
12056,0.1113057547914597
12057,-0.5170169474454541
12058,0.28131481898292043
12059,0.4340313541627205
12060,-0.15168434176197562
12061,0.18732093819903856
12062,0.37613408870764914
12063,-0.030798845803814666
12064,0.03705718546107158
12065,0.35622512675029333
12066,0.26499000889811275
12067,0.4713720357684628
12068,1.3450873501618863
12069,0.31996112276924565
12070,0.7674511035576947
12071,0.10328070031136624
12072,0.6270860716765235
12073,-0.2437184642137172
12074,-0.15659189205361132
12075,-0.0035945465668441863
12076,-0.07060609442253875
12077,0.8380538118595618
12078,-0.10733682517616673
12079,0.624994002899642
12080,-1.0828501545687887
12081,0.8340133675882125
12082,0.044494589127896694
12083,0.27429339954774684
12084,0.1166256821558288
12085,1.3259711209909637
12086,-0.22426866685797214
12087,1.3895839476605438
12088,-0.15474460217881544
12089,0.5267489158874249
12090,-0.4482632051836647
12091,0.05676316647150223
12092,0.38081386062899614
12093,1.2295600100114557
12094,-0.7146777301878305
12095,-0.18629910893152163
12096,-0.1255132385439601
12097,0.04183380148812912
12098,0.3229256509001027
12099,0.21123126300398526
12100,0.1744256269401428
12101,-0.015891935175528046
12102,1.14348456301549
12103,-0.3659583582720626
12104,-0.10697423752063764
12105,-0.4082497294682625
12106,0.3502619609061031
12107,0.8252749426164173
12108,0.2148124654621665
12109,0.23438221587386548
12110,0.76572647056167
12111,0.12667720357235493
12112,0.32523458488820256
12113,0.08198848885873786
12114,0.27474168812420535
12115,-0.4107730262457322
12116,0.21419655502852614
12117,0.36371767492398105
12118,0.06738339117963839
12119,1.021131501015406
12120,-0.14281052884593826
12121,1.5542435761952071
12122,-0.21452878935845293
12123,0.11180963186912182
12124,-0.02747849570146332
12125,0.25116562800023917
12126,-0.30148997475486455
12127,1.910598415473928
12128,-1.0590361795875114
12129,0.650242976108455
12130,-0.12799187676446003
12131,-0.1952239141938433
12132,-0.070611486031106
12133,1.203451643549903
12134,0.6705793099265157
12135,0.5143869938440557
12136,1.1314811554913267
12137,-0.12459338344967717
12138,-1.5512534245924816
12139,0.9318327262539898
12140,-0.11641813635693182
12141,-1.8987398036979806
12142,0.3421963332155795
12143,-0.41609787844431506
12144,0.3680703241102368
12145,-0.4808933934622903
12146,0.3513535646374374
12147,-0.1799539170263457
12148,-1.0778289453758911
12149,0.3862555843241738
12150,0.951117385074726
12151,0.684353457127388
12152,0.5614249006710013
12153,0.9707470431991428
12154,0.5678462256380575
12155,-0.38307719216261915
12156,0.3435659975333158
12157,0.9656165435473685
12158,-1.04324413478879
12159,0.7209949184630784
12160,-0.3512597510240451
12161,-0.24778693165997437
12162,-0.6727900953554223
12163,-0.0693150103050167
12164,-0.16373291369293308
12165,-0.9171133755600538
12166,0.21404918490320607
12167,-0.1677943743719241
12168,-0.1849763586131522
12169,0.39416092132839686
12170,-0.6454940629339214
12171,0.31209937704669016
12172,-0.8093990458051525
12173,-0.28904866246541955
12174,0.28494956219816014
12175,0.5794564736904421
12176,-0.13334252450586903
12177,-0.061381398028600584
12178,0.4473673641532832
12179,0.7688158514677024
12180,0.9728904658344418
12181,-0.3260291100708272
12182,0.13127177229577486
12183,0.19044822364867428
12184,0.15168099462431628
12185,-0.7181577944582812
12186,0.11243109856198713
12187,-0.47494362265422607
12188,0.13397779795051304
12189,0.6850383523784267
12190,0.12507118069953788
12191,-0.7377881293247615
12192,-0.2997927573063688
12193,-0.07789166697127865
12194,-1.1422144835342698
12195,0.4812428467420514
12196,0.13472339626817373
12197,0.778448929968817
12198,-0.03418111440305292
12199,0.5262537059750414
12200,-0.062373045797369416
12201,-0.21310312277474883
12202,-0.14518891706779305
12203,-0.7762459353346883
12204,-0.47175640205995883
12205,-1.6004551673420626
12206,0.17899218913519893
12207,0.4927955428594833
12208,1.9933144177614133
12209,0.9537033445141219
12210,-0.008265351211368071
12211,0.9481034685634371
12212,-0.5864881973024629
12213,1.697179271565448
12214,0.9663722451366341
12215,-1.0850974565056246
12216,0.3487702514667027
12217,1.6011579827485025
12218,-0.12326907003741593
12219,-0.5909237515119995
12220,0.5087286120896033
12221,-0.13968693539217503
12222,0.005209996732928003
12223,1.1983130289966764
12224,0.37766224287690536
12225,-0.17180277402723398
12226,0.9881285138589118
12227,1.7630321110456495
12228,-1.4288226834218043
12229,-0.050372475582680945
12230,0.15226263600785475
12231,0.03103396653395237
12232,1.1233768620273192
12233,-0.7910322649632087
12234,0.3660085652427345
12235,-0.9334605325130532
12236,0.021777594227537965
12237,-0.03625481167762886
12238,-0.33310392256322463
12239,-1.1530153498141593
12240,-0.20535991818075294
12241,-0.6192914827730708
12242,0.44274712954165246
12243,0.2753183994368502
12244,0.8274458263503643
12245,-0.3104118524251083
12246,0.8184351035528871
12247,0.03517464377887208
12248,0.883325031240136
12249,0.03361355763062787
12250,-0.4604513738530439
12251,0.6706919770830141
12252,-0.9528199463585356
12253,1.0160043018892277
12254,0.15011445736703743
12255,-1.075358859453189
12256,0.1834399418378937
12257,-0.1572705023748305
12258,0.15206730664420812
12259,0.5964060472481483
12260,0.5517105039457294
12261,-0.4098784332309649
12262,-0.2526405899980552
12263,-0.277792227266506
12264,0.6538925158485625
12265,1.0192813911432101
12266,0.39938028476311743
12267,0.18264706672776843
12268,0.34206980905065965
12269,0.3319420361395765
12270,0.005160056224424939
12271,0.5474554703508367
12272,-0.25700048888479465
12273,0.038099002185034606
12274,-0.3630273618883482
12275,-0.6769173642426476
12276,0.027624346163305138
12277,-0.33360872420097715
12278,0.25374133484213357
12279,-0.5206026346964119
12280,-0.32712523927027537
12281,0.23614039898753603
12282,0.5130463340301025
12283,0.846859420398734
12284,0.037145699437067484
12285,0.5420553572395878
12286,-0.2780112293040075
12287,-0.03775778278594026
12288,-0.05223204703090714
12289,-0.40163522559581677
12290,0.19355819023155832
12291,-0.6647331572146873
12292,-0.08753617450837015
12293,0.10407006829330082
12294,0.11957117554056647
12295,-0.41575183191875303
12296,-0.5380308486318676
12297,-1.0571702998456787
12298,0.037130576844756985
12299,0.09973593181153435
12300,-0.05992770188253114
12301,0.021615491585887967
12302,0.41332820667360703
12303,0.6342014186464116
12304,0.6425064647480431
12305,-0.2630831567184107
12306,-0.7892823165243114
12307,-0.15594457939139597
12308,-0.09545317143496387
12309,-0.1325611756725772
12310,-0.6393482436655364
12311,-0.34029974734051466
12312,-0.06655026051078292
12313,0.22203443973279466
12314,0.2131490251842588
12315,-0.14948336577759955
12316,-0.0888279315040656
12317,-0.8671719227706776
12318,-0.022811519275246484
12319,-0.11514664760549029
12320,-0.31439076939820504
12321,0.25805879033488216
12322,0.12186571906837652
12323,-0.20124757252343006
12324,-0.6208500404525517
12325,-0.10085946250593977
12326,-0.019064512179577376
12327,-0.24065807202329365
12328,-0.6103797700728777
12329,-0.117116966919871
12330,-0.04055259912055811
12331,0.2181367272343677
12332,0.11187761685000291
12333,-0.8653571317669305
12334,0.15062073272134627
12335,-0.7833321432628546
12336,0.004625081943847842
12337,-0.6811876952730728
12338,0.14952469237486454
12339,-0.8287744731177733
12340,0.0043908520372390285
12341,-0.8323108698018415
12342,-0.8479537501482306
12343,-0.818442285885535
12344,-0.30625669185420684
12345,-0.8541003113698579
12346,0.12320342950173957
12347,0.06379780886078411
12348,-1.0372000720880366
12349,0.5186415535436724
12350,-1.7330750501833134
12351,-0.8478939998858649
12352,0.4737825170402513
12353,0.1585366007264564
12354,0.5244527688818593
12355,-0.9171251800523332
12356,-0.5610430264763431
12357,-0.9516104792380568
12358,-0.026532238085193012
12359,0.13687798865313833
12360,0.10835306519519185
12361,-1.4729622057575968
12362,0.16695178692793186
12363,-0.022888264284334308
12364,-0.14780130104291603
12365,-0.6669213222126917
12366,-0.07535884044743171
12367,0.15428061508628213
12368,0.07275569120452767
12369,-0.7200881949903725
12370,-0.026635621001335253
12371,-0.054597431868661346
12372,0.3515747322122079
12373,-0.5825678719389715
12374,-0.11661075139130071
12375,-0.03380575671909164
12376,-0.10422231313183065
12377,-0.7232525081262436
12378,-0.22300422205406226
12379,-0.07490820947980265
12380,-2.093857647809566
12381,0.08625068580586534
12382,-0.6951498908303142
12383,0.37690484170829647
12384,-0.18735883492491628
12385,0.3979628432601425
12386,0.1633682599585743
12387,-0.013928784486602782
12388,-0.24094008722179247
12389,0.1746597545859706
12390,0.17617975620410137
12391,-0.017574398229478254
12392,-0.20686169388474912
12393,0.16601983888699362
12394,0.161860877764952
12395,-0.031217455946624166
12396,-0.49625440156674644
12397,0.18549315930365906
12398,-0.8462267633230065
12399,-0.007774387232422682
12400,0.15059206693552843
12401,-0.61152964602558
12402,1.1734899349475227
12403,-0.04057493998263952
12404,-0.7947239880792287
12405,0.8047337209515861
12406,0.08855078882605
12407,-0.9274273969767978
12408,1.3112670922138958
12409,-0.8073615866654024
12410,0.24977349795567788
12411,0.17150852162746488
12412,-0.024148042835967876
12413,-0.9420380696628047
12414,1.2430786260604607
12415,0.1322489314808765
12416,0.058902647160522896
12417,0.42090325841933157
12418,0.11712216950086816
12419,-0.6498022783450158
12420,1.7140446792766022
12421,0.3617617776752314
12422,0.15565688805980188
12423,0.437144876832153
12424,0.16595874943445196
12425,-0.7740673365409739
12426,0.819433751718499
12427,0.03373241704550196
12428,-0.6588291249727802
12429,0.9553286610433663
12430,0.1063714735677113
12431,-0.8108786953519377
12432,0.9482719180419026
12433,0.6991926837804091
12434,0.10348178594518297
12435,-0.6792097494128909
12436,1.568590271610079
12437,0.3200248835923357
12438,-0.8338068985347187
12439,0.47316157033321293
12440,0.1648524835073382
12441,-0.8401261395990899
12442,0.8714340115573486
12443,-0.9208289095593225
12444,-0.9041362799636224
12445,-1.0246144089724263
12446,-1.039704551104381
12447,-0.39450991320037415
12448,0.5268192029465527
12449,0.056189533737212596
12450,-1.045313228229748
12451,-0.14606651455002606
12452,-0.09513781178029646
12453,-0.1101697903268814
12454,1.4939635011046382
12455,-0.7136491296929933
12456,0.6009698161992925
12457,-0.2186011085996974
12458,1.9884723967577802
12459,0.5012473150576798
12460,0.8040937649661442
12461,-0.183106400223844
12462,1.964845513615418
12463,0.6831017455424983
12464,0.731612410313034
12465,-0.10783956421160572
12466,-0.32297394699720483
12467,0.438773059489251
12468,-0.5771071886373978
12469,1.95157583830637
12470,0.4932726804819045
12471,0.9415087430210113
12472,-0.3322057381072467
12473,2.222393325008178
12474,0.47896465379110753
12475,0.3939884792144567
12476,-0.21976234260723562
12477,2.247535376503623
12478,0.4679947966924253
12479,0.7529720204614229
12480,-0.4791074356691708
12481,2.177531713286263
12482,0.5653298374566829
12483,0.27315306144976714
12484,-0.800081510918812
12485,0.2575468821274663
12486,-0.9109963871255766
12487,0.17694952930118793
12488,-0.2413815064616974
12489,0.25564106886261007
12490,0.745917079876309
12491,0.23475502255906924
12492,0.09880014087067839
12493,2.0537284912695695
12494,-1.1356394259224192
12495,-0.6558612307396986
12496,-0.1258565420865908
12497,-0.09016550431147148
12498,-0.11442054726321613
12499,-0.6693220720251768
12500,-0.1790349376615499
12501,-0.2438060749490003
12502,0.040166316439090785
12503,-0.3331049835769189
12504,-0.3423388129181692
12505,-0.10246450271963709
12506,-1.502958151327666
12507,-0.2249036915355411
12508,-0.07601209606863026
12509,-0.05811307605997701
12510,0.6747890709210748
12511,-0.8130298250502241
12512,0.5002799437917412
12513,0.7242353922728012
12514,0.7742783089193754
12515,0.639378970360933
12516,0.7788119306298016
12517,0.5805200004706464
12518,0.716962699165463
12519,0.441830841894139
12520,-0.27758466960863215
12521,0.5900402258635373
12522,-0.08100608372457986
12523,0.6577357867895535
12524,-0.8369650049237481
12525,0.5201565902539695
12526,-0.8369534635690835
12527,0.44963851454560017
12528,-0.5553907304091571
12529,0.34798419228827
12530,0.1300695968776837
12531,-0.2472542245626578
12532,-0.7344043186316267
12533,2.0327902018443393
12534,-0.061256996711549556
12535,-0.5420713497945291
12536,-2.362654925366044
12537,0.37564728518541285
12538,-0.10252501837972124
12539,0.0014825370738477108
12540,0.0776042012543792
12541,-0.13579608389352874
12542,-0.4126457978818355
12543,2.2346193099640814
12544,-0.9293152546821547
12545,-0.14294435514466852
12546,0.06329783623422201
12547,0.12279976923737707
12548,-0.3442513171141618
12549,-0.09183753014391441
12550,0.5983840132720769
12551,0.22769278987234057
12552,-0.07738470413560797
12553,2.0545235287935433
12554,-0.7658132903323637
12555,-0.2368228525337584
12556,-0.5487881301430081
12557,1.5372086558148883
12558,-0.17736985322465906
12559,-0.5406967008223432
12560,1.9801136359918943
12561,-0.8232677150626194
12562,-0.2312429451900817
12563,-0.6035631721367299
12564,2.010722302258043
12565,0.15766844508736502
12566,-0.196072473130677
12567,-0.6472044529232666
12568,2.0576847641176306
12569,-0.8698396445704482
12570,-1.4891593024241012
12571,0.5251120162577316
12572,-2.379065475858097
12573,0.08374470016859688
12574,0.8743232941058797
12575,-0.11061882373379871
12576,-0.2133602180709398
12577,0.058971866215399536
12578,-0.07985681516392523
12579,-0.09416159687205643
12580,-0.09722152374756679
12581,0.018931667093471893
12582,-0.33760847828918616
12583,0.014823587632889722
12584,0.10737199882263496
12585,0.13499153677925613
12586,-0.1510142021823743
12587,-0.4273469022119962
12588,-0.13473625744653608
12589,-0.4576527738641092
12590,0.6825123956024339
12591,-0.2467836778982651
12592,-0.06234410153828708
12593,-0.39353217608543056
12594,0.35130093817222796
12595,0.26519486118727087
12596,-0.2558981881585847
12597,0.04783539924724391
12598,-0.11491794278599365
12599,-0.2589104982955187
12600,0.4940239762897513
12601,0.6260318875783054
12602,0.4425822403190961
12603,-0.11687296886444008
12604,-1.035062846874877
12605,1.4697767666190305
12606,-1.073318427140791
12607,-0.2414964063826194
12608,-0.14454977345236833
12609,0.17344640288213528
12610,-0.024451335482280772
12611,0.45507070780778236
12612,-0.0612149441916065
12613,0.5037485042621871
12614,-0.0378098927109437
12615,0.17947610268663727
12616,-0.11892805427859547
12617,-0.30295169294315316
12618,0.15969715003724866
12619,0.28456803353913174
12620,-1.486885504710178
12621,-0.0025374712628980474
12622,-0.8447157827491721
12623,0.01419437743848364
12624,0.13818454718251968
12625,0.4688322976181555
12626,-0.10357726958128352
12627,0.12014499892941569
12628,0.1775246139467875
12629,-0.20589534141557844
12630,0.8321455383355182
12631,0.13557538923722587
12632,-0.11854635924838688
12633,-0.21806873564336715
12634,-0.1198775114659434
12635,-0.20703348406921174
12636,-0.8030667635350663
12637,0.3373243026120065
12638,-0.17042937620213694
12639,1.5910790445634868
12640,-1.2270903701047835
12641,0.43382764065025775
12642,0.35712827515685597
12643,-0.292869836885102
12644,-0.3148344282772688
12645,-0.25879002076428376
12646,-0.5353694499672723
12647,-0.09909527151773091
12648,-0.13349676492969342
12649,-0.23813518790662877
12650,-0.6109227203708041
12651,0.03245300389820921
12652,-0.024951304850251765
12653,-0.2852299309179466
12654,0.24953148718032256
12655,-0.1162454185425032
12656,-0.20123109056071486
12657,-0.535913852716403
12658,0.08083668064495
12659,-0.08303147267964339
12660,-0.04688992236688994
12661,0.6044124769569803
12662,-0.041072116669565895
12663,-0.48563043742859413
12664,-0.28274828047617273
12665,-0.2841609649309656
12666,-0.02739936890765103
12667,-0.32252391504639183
12668,0.14482145820315456
12669,0.30982150467586644
12670,0.006461941071130195
12671,0.14179303650694214
12672,-0.03954406552802154
12673,-0.2376162610828609
12674,0.5659483300415098
12675,-0.08487608390069876
12676,-0.2506736299278508
12677,-0.578230205970996
12678,-0.016512517522042826
12679,-0.07404264318372523
12680,-0.22856546745772796
12681,0.3797864320759592
12682,-0.26385946446317377
12683,-0.3321606731530265
12684,-0.5537672843816651
12685,-0.23844088802438715
12686,-0.1320197155565845
12687,-1.5802852004220038
12688,0.01885000650740172
12689,-0.4597989185653648
12690,0.13261882632623997
12691,-0.7066551897837262
12692,0.04051785261374546
12693,-0.6291322339989298
12694,0.13939043520878605
12695,0.17220636945623036
12696,0.4507230954927182
12697,0.17620601888129026
12698,-0.9069854582472483
12699,-0.8993554723909281
12700,0.29919546166540195
12701,-0.7053129882558105
12702,0.3240625668625083
12703,0.28315210461935064
12704,0.3798354903887821
12705,0.6275786079547235
12706,0.14957055380919262
12707,0.5039977572341687
12708,0.1321310278852628
12709,-0.7276593193992112
12710,0.001043355420046332
12711,-0.20408576277871832
12712,-0.5370875626022863
12713,0.6966096011581309
12714,-0.3110335992707058
12715,-0.7281680347048095
12716,0.1483805331423218
12717,-1.1140864946848004
12718,-0.3454916265592814
12719,-0.8504495409352885
12720,-0.23613772311858
12721,-0.9945421077100431
12722,-0.24222663368729067
12723,0.09795104020749865
12724,0.20637395196533642
12725,-0.7308629257884101
12726,-0.032756482692265027
12727,-0.979193036159682
12728,-0.3789424683606386
12729,-0.8277262756566574
12730,-0.17519218776658224
12731,-0.8804884052985632
12732,0.13645406326999632
12733,-0.9537995986388286
12734,-0.056478413185817186
12735,-1.2275488759278157
12736,-0.41730269813683635
12737,-0.9918490726406453
12738,-0.14876367714281027
12739,-0.8733022916624346
12740,0.31833937664642936
12741,0.03673796786553887
12742,-0.984069146098442
12743,-0.26625013978085604
12744,-0.8929287302645547
12745,-0.11401806988872729
12746,-0.9092293639248995
12747,-0.7857491977486991
12748,-0.5425815800095831
12749,-0.8800269257768102
12750,-0.4043522122813683
12751,0.4266684345600279
12752,-0.9668967583833706
12753,-0.025269183255078997
12754,0.10518468257900272
12755,0.223476990750348
12756,0.10925616277914996
12757,0.12558581386447898
12758,-0.8688514548089952
12759,0.1992626918323712
12760,-1.0444563903010904
12761,-0.06563556845215594
12762,-0.8935094277091546
12763,0.01674249991969569
12764,-0.6947213917847826
12765,0.21918314216878051
12766,-2.17830024167285
12767,-0.00460702764643524
12768,-0.8275301131636296
12769,0.1108377554944229
12770,-0.1458444340784941
12771,0.13879154601378454
12772,0.2489471240716588
12773,-0.010272107597094937
12774,-0.2528815368049276
12775,0.20388585628655295
12776,0.15804483174022538
12777,0.13469465916932655
12778,-0.19236302628974786
12779,0.13069618958490356
12780,0.2040336821082266
12781,0.13676859149371884
12782,-0.19918399827619768
12783,0.15905570448927223
12784,-0.872010994486387
12785,-0.12162436311851732
12786,0.15896517414316422
12787,-0.760506623288582
12788,-1.3883779517074726
12789,0.17972998409599425
12790,-1.0814157038403716
12791,0.1079042133320755
12792,-0.4320055168131725
12793,0.15048101658375884
12794,0.20242084657046067
12795,-0.023914772199680533
12796,-1.3438677041920475
12797,0.019077142976222913
12798,0.284690989682531
12799,-1.456457952626895
12800,-0.0001810806278568291
12801,-0.00901206567621042
12802,-0.24306260741183522
12803,0.058699671511877355
12804,-0.7112569656670767
12805,-0.013213117415004982
12806,-0.29853602053499406
12807,0.4633316797596607
12808,0.1943502917635866
12809,-0.04718530225515761
12810,-0.2578945468665973
12811,0.07142511379143787
12812,-0.0752108146190947
12813,0.2983610023292333
12814,-0.264534930567691
12815,-0.11012325727624366
12816,0.15095126659672986
12817,0.14770561056055828
12818,0.045819155486519075
12819,-0.3275783798537625
12820,0.18350112447611114
12821,0.03942312764580509
12822,-1.9163569302787633
12823,0.0009262965174168618
12824,-0.7397986749830664
12825,0.05635857600981984
12826,-0.3720636102263798
12827,0.1370767754880748
12828,0.15552221006547742
12829,0.03213996926558348
12830,-0.3660368645332415
12831,0.11055364517558479
12832,0.2954763297627453
12833,0.08532186788947652
12834,-1.803393726177141
12835,-7.047456725076917e-05
12836,0.030935532055922553
12837,0.02480705114359528
12838,0.16118118718561036
12839,-0.9248186281815867
12840,1.1960977367579946
12841,0.16495797648366115
12842,-0.9591652838186993
12843,1.4730856052985035
12844,0.12344126485247957
12845,1.2246630753497947
12846,0.15619810109528673
12847,-0.9577433358776409
12848,0.9615206996821698
12849,0.007809404866070924
12850,-0.6822096308232319
12851,1.3278635554781673
12852,0.01708682217121246
12853,-0.5448646349628414
12854,0.7321400791379544
12855,-0.08420590630202614
12856,-0.6221435199140234
12857,0.5869052368862631
12858,0.30638579624409507
12859,-0.9118827054967805
12860,1.0462235720106392
12861,0.06591354611988241
12862,-0.7170288947175671
12863,0.8212774813080537
12864,0.7884250633969542
12865,-0.32928293250965895
12866,0.45660310692392997
12867,0.013707985063104208
12868,0.38932271388976447
12869,-0.6174988990507689
12870,1.042372190565979
12871,0.12624393577571733
12872,-0.4108208610714308
12873,0.2248512576369263
12874,0.025099589324122266
12875,-0.505144065828386
12876,0.2891035431561777
12877,0.3209633160163863
12878,0.2288293798618287
12879,0.10876689886681028
12880,0.2860825661885926
12881,0.1539288934377093
12882,-0.8443462517925306
12883,0.4566829924190316
12884,-0.910932208156563
12885,0.33036690270956054
12886,-0.06722781346991667
12887,0.08342820159171281
12888,-0.9487123610010504
12889,0.8598497502845466
12890,0.17103021325184053
12891,0.5529483411746919
12892,0.30544910946443204
12893,0.5544080959817481
12894,0.5839122683492018
12895,0.5957684173771857
12896,-0.3718748069065023
12897,-0.6103854051965281
12898,0.21537050590006313
12899,-0.34330587606983803
12900,-0.5410430147306058
12901,-0.04778083884525108
12902,0.219127484870837
12903,0.6060659559133377
12904,0.1298528166885707
12905,-0.4087460824798802
12906,0.036126105103211056
12907,-0.5655876501759883
12908,-0.11949904119710297
12909,-0.17359492765241105
12910,0.2536369803544093
12911,-0.5024419270828667
12912,2.156520141729587
12913,0.42222108412476517
12914,-0.6018426827880423
12915,-0.15969144257383602
12916,-0.23319715658334078
12917,-0.8944723518535278
12918,-0.8225733518485246
12919,0.6305971304483923
12920,-0.6051492984962441
12921,2.2104113589605614
12922,-0.16497912142184826
12923,0.6288986022554565
12924,-0.44186175187743776
12925,2.293812983205016
12926,0.5853026860919663
12927,0.8593537019697776
12928,-0.5421515140618166
12929,-0.21804120381300698
12930,0.41872106877278115
12931,-0.2697134991246632
12932,2.0427982039312327
12933,0.5912912856982503
12934,0.44387986170516036
12935,-0.36585907009681307
12936,2.256351425285958
12937,0.4959404722756522
12938,0.3962926781657924
12939,-0.2884759573671992
12940,2.280381442257431
12941,0.6535012320748634
12942,0.5718936230056844
12943,0.2916281267661939
12944,0.5042331526199648
12945,-0.17792632357140173
12946,0.5974323339177504
12947,-0.8443128920170299
12948,0.6285652520968443
12949,-0.8887462178060187
12950,0.45079412994615314
12951,-0.006766668781343726
12952,-0.3199819755146245
12953,-0.6418804942847406
12954,0.7145646284717544
12955,-0.7820633205048358
12956,0.513224741079725
12957,-0.8558017293519717
12958,0.42494313048899623
12959,-0.20669133691038838
12960,0.17032995915986449
12961,-0.7354532693010603
12962,-0.9250433168068076
12963,-0.636404168945495
12964,0.9953842631647519
12965,-0.9645320202561461
12966,0.3630962153749801
12967,-0.9364937190066722
12968,-0.9622222455160397
12969,0.491570005364314
12970,-0.8413957065784179
12971,0.5186853925727506
12972,-1.0803590903314064
12973,0.6629562385211163
12974,-1.0747662793817916
12975,0.4392307067578991
12976,-1.0036865675789508
12977,0.4624127455858382
12978,-0.10307087600443707
12979,-0.47614520354897955
12980,2.022858111958544
12981,-1.0085350416530348
12982,-0.1778715991159596
12983,-0.6292945213969617
12984,0.7235837499358442
12985,0.037561485181633866
12986,1.2883705373813519
12987,-0.14362291458282805
12988,0.11979191021974217
12989,-0.34451982511896034
12990,0.42943949339609083
12991,-0.20142888295207945
12992,-0.4758103662914978
12993,1.889410983132049
12994,-1.0189573760399258
12995,-0.09063863337180321
12996,-0.14259460826703307
12997,0.18331657389652428
12998,0.1470868995390211
12999,-0.08689162104748975
13000,0.019377708390472426
13001,0.22316859176787363
13002,0.2605568427541464
13003,0.10604568931726259
13004,0.5124565122843903
13005,-2.184655971368436
13006,0.009838434078582712
13007,0.763246572908028
13008,-0.7562681220617079
13009,2.088626508530301
13010,-0.8194607122195388
13011,-0.004022194679209786
13012,-1.0387900850268115
13013,-0.9626170204088076
13014,-0.27764290522507357
13015,-0.20194415766119506
13016,2.0158295560188284
13017,-1.2226577594373635
13018,-0.15586302232798924
13019,-0.32747530688953036
13020,0.6362504030497869
13021,0.23692546639812953
13022,0.05323527237833007
13023,0.010985919431065468
13024,2.1809029088512104
13025,-0.807425250529369
13026,-0.10714785669884909
13027,-0.20835243253395463
13028,2.0600396600040867
13029,-0.9304601120157261
13030,-0.16097932671725607
13031,-0.6280450852546645
13032,2.059839152037888
13033,-0.18724132748754685
13034,-0.7184940901234812
13035,2.050145252283358
13036,0.37230606600062405
13037,-0.18467466082088016
13038,-0.1663943786627356
13039,0.21942221745581947
13040,0.25266874274280077
13041,-0.16843319695087225
13042,-0.6126442712233003
13043,2.0000195157690537
13044,-0.7819165720828853
13045,-0.16286569754910948
13046,-0.1707418813346745
13047,2.0729269542056326
13048,-1.068190601920142
13049,0.1404107771261483
13050,-0.23060905564591977
13051,2.113535431606448
13052,-1.269566703009705
13053,-0.22070441648510808
13054,-0.7496105035375882
13055,0.4239835558221175
13056,-0.24966929783055564
13057,0.37404381660047886
13058,0.399274917249285
13059,-0.36026972985900907
13060,0.35112699987642515
13061,0.4692931625799365
13062,-0.18407929457236816
13063,0.4201427936979228
13064,0.2293336939378726
13065,-0.24085597510254403
13066,-0.7509082248018731
13067,0.7007727691971171
13068,-0.11092732068782646
13069,0.4056209263707462
13070,0.41475089298434104
13071,-0.19766578642809407
13072,-0.15902785452337545
13073,-0.34593685625922593
13074,-0.45763879369765975
13075,-0.08749034797785152
13076,-0.06692205757953246
13077,-0.27341746212440515
13078,0.48216783524648793
13079,-0.23222034210647305
13080,-0.2103825367734572
13081,0.8030138775325343
13082,0.38862443971371247
13083,-0.2706258278912158
13084,-0.18242469487855228
13085,-0.14908187140707133
13086,0.12457911038143778
13087,0.4237572428579881
13088,-0.11664034033772946
13089,-0.9985817150815051
13090,0.24919695444326123
13091,-0.4707880682253949
13092,0.7353580983604301
13093,0.8438877469055143
13094,0.27153326482758805
13095,-0.24086137883649775
13096,-0.8573720163199319
13097,0.30979527307336185
13098,0.012390896250831429
13099,-0.8725139977186673
13100,0.37896108776249576
13101,-0.16097990270153592
13102,-0.2649519398519673
13103,-0.28685358945611844
13104,-0.16812511683200532
13105,-0.23787622852326867
13106,-0.120970659869429
13107,0.11815459037230258
13108,-0.1554249343431609
13109,-0.09089825283920358
13110,-0.104359365446253
13111,-0.23287005867077543
13112,-0.18391504589813312
13113,-0.2597390062273972
13114,-0.19651839791969453
13115,-0.3286468333078063
13116,-0.15172610474199916
13117,-0.7975030767988143
13118,-0.08912477570929096
13119,-0.2183286169915189
13120,-0.10150110412701158
13121,-0.7916922389308366
13122,0.7179127298867094
13123,-1.1166429389914383
13124,-1.2816477651476268
13125,-0.9095142149586036
13126,0.32011837321411696
13127,-0.9935399529391765
13128,0.4525536244437728
13129,-0.8213328335456367
13130,0.3086241704246664
13131,-0.2728519483129867
13132,0.09329450952663577
13133,-0.15148968319242334
13134,-0.1158678020697039
13135,-0.093443647684223
13136,-0.07867978835730025
13137,-0.03503483675938672
13138,0.41688175994186105
13139,-0.19918989748374039
13140,-0.06897823045963139
13141,0.15245634639537683
13142,-0.11864809318521821
13143,-0.19132811118202322
13144,0.2632869369236273
13145,-0.8949572464602177
13146,-0.028766243951081506
13147,0.021423364910880996
13148,-0.16050500102416196
13149,-0.08089382471006096
13150,1.0516696838458628
13151,0.5440910484063095
13152,-0.10633761611018405
13153,-0.8095695147207891
13154,-0.4266950689169268
13155,0.11390757293969472
13156,0.298135770373309
13157,-0.13634152987660625
13158,0.1243930311997967
13159,0.20284434255631453
13160,-0.8399392262375568
13161,0.01181828488359909
13162,-0.2087608026426533
13163,-0.14842233840486418
13164,-0.16018968421035987
13165,-0.08563646175798534
13166,0.3758514560084826
13167,0.253162698589078
13168,-1.1629354939435257
13169,0.46770755400046576
13170,0.8053860358142838
13171,0.4898411122994682
13172,-0.3772468407966713
13173,-0.014627069160869257
13174,0.12465107096195245
13175,-0.47257653563851326
13176,0.7212184054915112
13177,-0.013078954234950585
13178,0.11073961039399628
13179,0.34519555569853716
13180,-0.38314892036275955
13181,0.7945518898100866
13182,-0.3215159911163566
13183,-0.22280396623212406
13184,1.6678624496221202
13185,-0.2574255468422487
13186,0.7631516213802733
13187,1.063512571226736
13188,-0.5715683800646779
13189,0.1851903151551274
13190,0.14880577775671636
13191,-0.2171444600650847
13192,0.1054362493240695
13193,0.23703624885317598
13194,0.2719048134148521
13195,0.5494124965878449
13196,0.32933454067555845
13197,-0.10778339319393863
13198,-0.34556909274419373
13199,-0.018580684265996242
13200,1.0933055675150178
13201,-0.15414572418290415
13202,0.1393725557662419
13203,0.4820535281380828
13204,-0.5086258551779227
13205,0.4800742361378564
13206,0.08415339557855599
13207,0.34546389392784455
13208,0.01738179224331026
13209,0.07361061435391214
13210,-0.14279910824114944
13211,-1.5273905015712979
13212,-0.7871959012451366
13213,0.17230873651788528
13214,0.24834524626164248
13215,-0.19084429273452572
13216,-0.43936068079764845
13217,-0.4370431498070549
13218,0.23533000234313595
13219,0.5961969304374819
13220,0.45666260180532803
13221,0.00938346136145062
13222,0.6304620809036592
13223,1.1483231417215793
13224,0.261856601936293
13225,-0.1914375815560501
13226,-1.3429674724961762
13227,-0.02395666166669579
13228,0.034599732295783246
13229,-0.48034928214428685
13230,-1.2925592893781153
13231,-0.1992310820540997
13232,-0.592644424345395
13233,0.17020850586308334
13234,-0.8713985508412272
13235,-0.15573188576278524
13236,-0.9691592048602193
13237,-0.1478958908361983
13238,0.13816532317134378
13239,-0.10744601682548977
13240,0.24993750429436667
13241,0.004110443755234519
13242,0.8311420097882202
13243,-0.22719141324197442
13244,-0.29450627854028266
13245,0.1816988916994283
13246,0.8221082227391616
13247,-0.23008263780185603
13248,0.1988965231504367
13249,-0.07985078798308506
13250,-0.06124231349539833
13251,-0.06744050721176785
13252,-0.5134389271762578
13253,0.08120947455596704
13254,0.17038719544182673
13255,0.41957114596174105
13256,-0.05842039552733811
13257,0.04060020492382644
13258,-0.19879388273442605
13259,0.8262167959311624
13260,-0.08859291000138282
13261,-0.6306248863089149
13262,-0.14646676708877338
13263,-0.05249371279916664
13264,0.015952954619699082
13265,-0.672609395462879
13266,0.21382460427188568
13267,-0.1906099219112148
13268,0.026293788869991477
13269,-0.29263536927093853
13270,-0.8989403730337306
13271,0.2581652867447137
13272,-0.8240521471533934
13273,0.24954538454181485
13274,-0.8897843565191424
13275,0.06631220208285948
13276,-0.07626781815205025
13277,0.18788765696228224
13278,0.02234334865884322
13279,0.47995110483820536
13280,-0.773408574820899
13281,-0.3153081490351637
13282,0.06254054484532127
13283,-0.06126940343866587
13284,0.3766723823298655
13285,-0.271285984429986
13286,-0.019100698581552084
13287,-0.3333857358936966
13288,-0.2714444114253547
13289,0.1640844989714673
13290,-0.5878262042363754
13291,-1.1939208671232757
13292,-0.15874211193261842
13293,0.01756665968766541
13294,0.2743728255996373
13295,0.20008867897251506
13296,-0.02611508574404828
13297,-0.2131187138619557
13298,-0.01720025888939339
13299,-1.194700588611384
13300,-0.8450972664656665
13301,-0.5738003066838786
13302,-0.1882588868607651
13303,-0.1533667303412109
13304,-0.37064487082841163
13305,0.3567445276130769
13306,-0.5161687534510867
13307,2.0763491705944057
13308,0.6095408639281583
13309,1.1086833626618764
13310,1.5815618588812785
13311,0.11209230379355385
13312,0.9357391688356572
13313,0.05067109726034863
13314,-0.8182023834661338
13315,0.29445778652798027
13316,0.2055272478308382
13317,0.7867532175307415
13318,-0.15659376276963405
13319,0.14465368423035163
13320,-0.17076294169396738
13321,0.09956708722840034
13322,-0.3574905076444513
13323,1.5107814828529216
13324,-1.5002837562745708
13325,0.4159742010271329
13326,-0.4943280687381659
13327,-0.0063169808835966
13328,0.5549841632254906
13329,0.4322802097727837
13330,-0.08645377371918003
13331,-0.3851661999317952
13332,-0.5319454633571662
13333,0.08173100841525789
13334,-0.35869819092697197
13335,0.08975862056886938
13336,-0.16120484547877975
13337,0.3614555120605087
13338,0.5235194511669088
13339,0.4161839568977605
13340,0.014249894930955697
13341,0.07516858177454443
13342,0.11345825627162114
13343,-0.21284200414241958
13344,-0.07339096815601306
13345,-0.4783083723721878
13346,0.03813101304239617
13347,-0.40566506250724715
13348,0.08245711741743499
13349,0.7932897950880514
13350,-0.10872412748990273
13351,2.0600107720507603
13352,-0.12599122075465805
13353,-1.6753915455785446
13354,-0.09991381720371242
13355,-0.299577032029674
13356,-0.5472616167898441
13357,1.8600369039909224
13358,1.5172468672761472
13359,0.13432193212881263
13360,-0.4032680268373698
13361,-0.30459906796951164
13362,1.331592116387838
13363,0.9305015861590282
13364,-0.28770954789072917
13365,0.174779563884384
13366,0.844602694091244
13367,0.7235626512726673
13368,0.06429759113336687
13369,0.011414720037189593
13370,0.23804997336327877
13371,0.5906616937350895
13372,0.5568075907486424
13373,0.6855031853788136
13374,0.19592250454169896
13375,-0.004888924970061779
13376,-0.008242715015762956
13377,-0.19322659819428792
13378,-0.06438340422288075
13379,0.2745556882459605
13380,0.6045361569965723
13381,0.19650303365438956
13382,0.37596812202606456
13383,-0.6065237923059487
13384,-0.1289360743337364
13385,-1.4255623971448472
13386,0.19039027550836418
13387,-0.05884729733611355
13388,-0.8698020151398974
13389,0.20599519292900106
13390,-0.5141135887582216
13391,-0.08698623369263822
13392,-0.18058245905897696
13393,-0.07697441087014832
13394,-0.1703299946204726
13395,-0.2459706341943092
13396,-0.16198408319490326
13397,-0.9216841948677097
13398,0.036636659184035594
13399,-0.09750772918740289
13400,0.011997746112618475
13401,-0.6500187461187558
13402,-1.6802393356023302
13403,-1.563395515433555
13404,0.13086582912227707
13405,0.14849232669965826
13406,-0.03772541977661755
13407,-1.0596893136720544
13408,-0.017155597564813357
13409,0.0943083616626382
13410,-0.17120231770708838
13411,-0.26665563774715895
13412,-0.9090814568210737
13413,-0.5239338351239436
13414,2.0118723622222974
13415,0.02590249402369695
13416,0.02182124291559169
13417,-1.5966562512786966
13418,0.19735431266499867
13419,-1.8638498628890674
13420,0.44105214424381384
13421,-0.4105038349404322
13422,0.5385201929162056
13423,0.36525728193597473
13424,1.4078686088424652
13425,-0.04432038972491115
13426,-0.06695893241452916
13427,0.6509934731737469
13428,0.09195125157435365
13429,0.2520590871934743
13430,0.9000273203006894
13431,0.5689456584031926
13432,0.069481754679098
13433,0.02321387204902565
13434,1.2607183629259353
13435,0.8598941584338992
13436,0.36316532592169326
13437,-0.14980844531115012
13438,0.5420648635827467
13439,-0.18465798815124168
13440,0.2043329527872281
13441,-0.0004446967117651571
13442,0.6177000649654737
13443,-1.5775631166927448
13444,0.5119477218022273
13445,-0.3470899305117836
13446,0.20701849023463897
13447,0.3573594285274483
13448,1.406974899320116
13449,0.5357899280304904
13450,0.989017165276678
13451,-0.12492733750246378
13452,0.6858990635937633
13453,-0.37684229737055863
13454,0.12295736560051954
13455,0.5292874083260806
13456,0.9508637191842059
13457,0.5870895388760027
13458,0.05413959914951856
13459,-0.22313360241836255
13460,-0.8061221154245597
13461,0.6258993059215003
13462,0.07693366579831705
13463,0.5880068136346852
13464,-1.0917591926425083
13465,0.10562793522537081
13466,-1.7079654624633585
13467,-0.2659637666919316
13468,0.31353041043393587
13469,-0.795428374909351
13470,-0.2641675861313369
13471,-0.15825000662660457
13472,0.4823472499640885
13473,-0.21123734674401143
13474,0.21420519167970187
13475,1.1204593109364813
13476,-0.5137794244727449
13477,0.8847403075448613
13478,-0.6980361525731906
13479,-0.9972464714433693
13480,-0.3770401402815061
13481,-0.4879358748666972
13482,-0.5152211364583599
13483,0.005167479626259897
13484,-0.34162979314618713
13485,0.3388438095771437
13486,-0.618617778162828
13487,0.22462859011302222
13488,0.09721150618653299
13489,-0.0585169187076732
13490,0.024751851335179684
13491,-0.17752120970529278
13492,-0.617434578594699
13493,-0.4535960926279875
13494,0.08682974526751092
13495,-0.33013181696465643
13496,-0.5611670809792545
13497,-0.0856458573400554
13498,0.013423433579106856
13499,0.6013514120161086
13500,-0.036182728394557113
13501,0.00859654359852806
13502,-0.19800195355440506
13503,-0.057610347450744545
13504,0.014211007131491286
13505,-0.06784349771113238
13506,0.050914513463638185
13507,0.1419330514438394
13508,-0.2115591589012
13509,0.027338835373438702
13510,-0.7973559579500132
13511,-0.14496543900047973
13512,-0.04812058001496265
13513,-0.8220369404912294
13514,-0.930440369341042
13515,-0.6055998213019972
13516,-0.1967220186656045
13517,-0.10119587347925522
13518,-0.5073100959192341
13519,0.4227353914469507
13520,0.9287388413996707
13521,0.3978463210800334
13522,0.08777378295045014
13523,1.2862499876330045
13524,1.3311182411628175
13525,0.0028511928192112355
13526,0.004257688988658059
13527,-0.20956543679916376
13528,0.07222484745362798
13529,-0.046634215282856196
13530,0.0852746269927963
13531,-1.0358035898109335
13532,-0.19662652347955223
13533,0.40624437893839
13534,-0.038038859933505455
13535,-0.3152924699807675
13536,-0.17841242502555296
13537,-0.4823268320133015
13538,-0.05744010378649711
13539,0.141063324523463
13540,0.4277122879396024
13541,0.3784931318427827
13542,-0.8323196122520853
13543,0.4066906063917482
13544,-0.30228026154969334
13545,-0.8516557002141277
13546,-0.1294573864926293
13547,0.15779995221859505
13548,0.3730529462050659
13549,0.1866303734709645
13550,0.5370645749147526
13551,-0.6591953889760853
13552,0.1509866638458691
13553,0.14212285689284535
13554,0.07098665245180974
13555,-1.004100404466195
13556,0.0646210521194843
13557,-0.13157712384109865
13558,0.43840104603125546
13559,-0.1614826934321768
13560,0.0913286546751873
13561,-0.4254272672577249
13562,-0.04668875048116742
13563,-1.2194222389299276
13564,-0.26971140556314
13565,0.1014824281414489
13566,-0.14414074809884594
13567,0.2904128661250231
13568,-0.05199302367371332
13569,0.0950573401870677
13570,-0.10761800225457929
13571,1.3030658256581258
13572,-0.9267902937352661
13573,0.03157997386406333
13574,-0.11573808733991259
13575,-0.0643024724754571
13576,1.320442385761595
13577,-0.21714041468764297
13578,0.18112561265936078
13579,-0.24725818924124435
13580,-0.902504596019134
13581,-0.8742709937250827
13582,0.09978947306904111
13583,0.10284896244220766
13584,-0.35314030454405326
13585,-0.10858835724591136
13586,0.6580820649409241
13587,0.11352838334232904
13588,-0.23833951960575922
13589,-0.030541420359181764
13590,0.3297485189963478
13591,0.10757441298089773
13592,0.41896825957659295
13593,-0.2668647897343982
13594,0.023409418717131876
13595,-0.009757563508725859
13596,0.9856409987551974
13597,0.17774446142852504
13598,0.39800736506094614
13599,0.820580576995242
13600,-0.8875437607334571
13601,-0.2299096271142839
13602,0.16106418638526274
13603,0.937469854062115
13604,0.46408828386776535
13605,-0.5627158715519732
13606,-0.25741118577002386
13607,0.23145654331437565
13608,0.44562319914866694
13609,-0.2835822335438386
13610,0.14456935013937727
13611,0.4233564906845635
13612,0.5391955346896543
13613,1.0954106318285162
13614,-0.5387745189321766
13615,1.0868286835667404
13616,0.7676425650922508
13617,-0.09258326405363965
13618,-1.1721667743017867
13619,0.30076769291972005
13620,0.25005498819012695
13621,-0.017052712944336856
13622,0.2533899388385597
13623,0.5511883498387006
13624,0.6545531896199924
13625,0.7830200394059633
13626,0.5648667459293305
13627,-0.5035927470258944
13628,0.6644113721699141
13629,0.038715213051588225
13630,1.0837796139015052
13631,0.7422436083688916
13632,-0.001952754265534286
13633,0.14152624566532426
13634,0.4796120498976773
13635,0.16907696910858988
13636,0.3376311986805477
13637,0.06292480109626336
13638,-0.18850416578877577
13639,-0.9620068337383839
13640,0.21012064841193406
13641,0.8917982261647529
13642,-0.1069107622257328
13643,-0.1707599848067215
13644,-0.7445554317888478
13645,0.9802593972646247
13646,0.9283631825808419
13647,-0.2862749673707849
13648,-1.1981329947376385
13649,1.0254836790203108
13650,-0.1944767542293166
13651,0.008620387958481631
13652,0.7846989028993522
13653,-0.22752465453260792
13654,0.745679979814363
13655,-0.1459834079451258
13656,0.948845715172444
13657,-0.14852377509505574
13658,0.17075851539389045
13659,-0.2086865368805688
13660,-0.2537002239675358
13661,-0.1151628943535577
13662,1.0278639812593235
13663,2.0008042248201643
13664,-0.20890326556734723
13665,1.800982233387847
13666,0.9622691155739022
13667,-0.3611595388347267
13668,0.34452328448060415
13669,-0.5709423066091922
13670,0.3363441956487773
13671,-0.10021077336555737
13672,0.6230658548126935
13673,0.2695485864082394
13674,0.25941045935756574
13675,0.7923672977421747
13676,0.7397512595203308
13677,1.1231262427074697
13678,0.48326345057985387
13679,0.2826831320375396
13680,0.3344584383301276
13681,0.1643326639636839
13682,0.5747023378081431
13683,0.003071208595487539
13684,0.7152398574265071
13685,0.43317877632651475
13686,1.2490177130693125
13687,0.3155612895863075
13688,0.1827331348358181
13689,-1.4407719140696336
13690,0.348060747648093
13691,0.2426407127294646
13692,-1.0328661989362942
13693,-0.2688019326600509
13694,0.194958701907562
13695,-0.227800925666714
13696,0.19462732658375945
13697,0.10916499870331499
13698,0.302122676920587
13699,0.3872507580542572
13700,-0.44524185173643455
13701,0.3397691888068683
13702,-0.21795050690389825
13703,0.6981257199574592
13704,0.7232154201744159
13705,-0.8460739624029086
13706,-1.0827053275106113
13707,0.17206012749965496
13708,-0.2755864300605267
13709,0.1421870143625561
13710,0.02127786943078728
13711,-0.586656363965666
13712,0.3042741040266011
13713,-0.5977419780391313
13714,0.14175397567429815
13715,0.09238399318652403
13716,0.3055983355057869
13717,-0.11361904980040238
13718,-0.3692783504110925
13719,-0.2427219045677701
13720,-0.13774248330711183
13721,-0.31572683195121015
13722,0.2409776593244728
13723,-0.011000151248448062
13724,-0.12433791714914702
13725,0.3162143761274495
13726,-0.6593783025859042
13727,1.641146734623952
13728,-0.15421488828822633
13729,-0.3634529261480243
13730,1.7114737141747296
13731,1.0843032531236365
13732,0.6882840783243287
13733,-0.6262646038958468
13734,0.38617523695990524
13735,-0.3129011603665853
13736,-0.2992410458586555
13737,0.9762342019152801
13738,0.42181104216391135
13739,-0.05876385750780269
13740,0.3693641795692297
13741,0.5141882740875636
13742,-0.9943187709994459
13743,-0.4356866550099653
13744,-0.9155893036467737
13745,0.10487858183721735
13746,0.1892171201021755
13747,1.3625000501621711
13748,0.3586916948487123
13749,-0.9796112270070689
13750,-0.02639095822851324
13751,-0.2281748585212273
13752,0.2487549337244811
13753,0.38463243892639215
13754,1.2637711325558898
13755,0.5311893647096524
13756,0.40997985992925506
13757,-0.5572963676375733
13758,-0.1258315615872099
13759,-0.15600384358626057
13760,0.4517608450845526
13761,0.31114713651182396
13762,0.5612390263692644
13763,0.3415195688106279
13764,0.18920813423014438
13765,-0.08186468012842463
13766,0.202883620859514
13767,-0.13390361708150011
13768,0.05368013682999153
13769,-0.08375246531425677
13770,-1.214887122002407
13771,0.14962699613728678
13772,0.05799148403802386
13773,-0.3330507915705977
13774,0.33301770945206677
13775,0.19040122101501247
13776,-0.5124728700535305
13777,-0.43956997102826384
13778,0.2169590847686203
13779,-0.026866200460487957
13780,0.1874022321322717
13781,0.23601236497147765
13782,0.7622205634314095
13783,-0.03834960549895481
13784,0.035131851451765304
13785,0.546189258461637
13786,-0.23528822080381231
13787,0.10281031306324687
13788,0.09848883335307969
13789,-0.18624426609837672
13790,-0.05730706355725643
13791,-0.2840577796800211
13792,-0.7519260476326188
13793,-0.8254672872500404
13794,-0.910793854675783
13795,-0.16241372610725208
13796,-0.517261137234146
13797,0.08843125137082801
13798,0.09378165344209154
13799,-0.299525697489976
13800,-0.12379124588305086
13801,0.07650087827480238
13802,0.2904756663155745
13803,-0.11458037606691189
13804,0.20835755736405293
13805,0.06008632612763209
13806,1.0431681633024916
13807,0.4928741730189144
13808,0.0528469651412981
13809,0.056746359297532814
13810,-0.24790187056564963
13811,0.10948940458997511
13812,0.5447160924315406
13813,0.42258788248888396
13814,-0.14908207790537392
13815,0.28350255578865163
13816,0.21971650090773578
13817,0.7616178665167505
13818,0.3570872740431942
13819,0.3759200916578708
13820,-0.835399730492907
13821,-0.5617558763913408
13822,-0.8035644283566973
13823,-0.34495955745306084
13824,0.616517690854625
13825,0.2638950199256846
13826,0.042239334982047495
13827,-0.0400533992960592
13828,0.14120964530719723
13829,0.21968795725187223
13830,0.5249137623090067
13831,-0.432379891754381
13832,0.14996832559985182
13833,-0.5957253322400754
13834,0.32603124183161947
13835,0.3419812941079341
13836,-0.4452122863439297
13837,-0.7470049373258512
13838,-0.40522522689128576
13839,0.4502730970828594
13840,0.03034537649654142
13841,0.23620054513499303
13842,-0.1619626694226723
13843,-0.10547740382360322
13844,-0.09089353543632783
13845,0.02990554868665874
13846,0.1460328031423214
13847,-0.3114769536079565
13848,-0.7894202906996671
13849,1.3982468631813239
13850,-0.14567725044421934
13851,-1.8337130475808592
13852,-0.2065434370319837
13853,-0.24895056325267467
13854,0.15244849438216418
13855,0.14768563677367524
13856,-0.28994324519550596
13857,0.10951595450464052
13858,-0.5205528351984545
13859,0.04408296954424551
13860,0.021606375386546382
13861,0.18030297657898653
13862,-0.022040475475212293
13863,-0.23442306531265894
13864,0.2039670499623945
13865,0.31643735975242204
13866,0.13177104451646052
13867,-0.3906010134797515
13868,-0.06586498416884061
13869,-0.02722468758496819
13870,0.17425148994836775
13871,0.5028284080211433
13872,-0.25792798942419226
13873,-0.5059958173673751
13874,0.43050525274118007
13875,0.3682200016816966
13876,0.9891978704089958
13877,0.8340016247002949
13878,0.7708804386622636
13879,0.009839734316784678
13880,0.31011833845553255
13881,1.7076037607857226
13882,0.8917812425893952
13883,-0.06050082230803684
13884,-0.009111030919580697
13885,-0.24223403755380543
13886,1.0077806083178356
13887,0.4068560116296546
13888,1.1309463459723346
13889,0.6631813650133344
13890,0.15241442425259255
13891,0.3683259890337158
13892,0.14649116098701456
13893,0.711772487523352
13894,-0.07408586341009639
13895,1.881060492138289
13896,0.5762618278182918
13897,0.10162353779458559
13898,-0.6100384648552484
13899,0.4750913639126473
13900,0.5614733100028604
13901,0.01532072148205245
13902,-0.33790299724640793
13903,-1.2148821392346745
13904,-0.1322412778844492
13905,0.6518351924504325
13906,0.32451697167585897
13907,0.6928556217389231
13908,-0.4358875769182848
13909,0.19523505226046778
13910,-0.3253283535069287
13911,0.8057060288632965
13912,-0.22548161205819475
13913,0.1063646695577233
13914,0.7510031440703344
13915,0.8504766330544901
13916,-0.6563539163714825
13917,1.078829275283018
13918,0.6741951199700837
13919,0.15366135890959023
13920,0.8089966854608018
13921,-0.14588469482272584
13922,-0.1627697160241096
13923,0.3412631091440356
13924,-0.31691609929087916
13925,0.24436232302299696
13926,1.4365327962264138
13927,0.18993553300936633
13928,0.1252915176052951
13929,0.5008867020935944
13930,-0.16208242475646703
13931,0.26260274591269545
13932,0.5937319333904295
13933,0.20788886103769125
13934,0.07267514072044776
13935,0.08670001004192128
13936,0.6110862654230779
13937,1.2850417356791524
13938,0.26293442904991815
13939,0.5419978130839236
13940,1.1107774974786866
13941,0.2912920081010197
13942,-0.13864565883136537
13943,0.4939094547812854
13944,0.05026283276238462
13945,0.4934267061877296
13946,0.3092914795717032
13947,-0.6927707212377728
13948,0.06293777505197805
13949,-0.32683856471222705
13950,-1.2097181228032987
13951,-0.3278269541943894
13952,0.10310910443666516
13953,-0.16834980009551867
13954,-1.070959314328679
13955,-0.019325020746233757
13956,-0.23531052064949176
13957,-0.5643093778739832
13958,-0.40696723790035755
13959,0.01267669254070376
13960,-0.5776437587026749
13961,-0.263549924541909
13962,-0.28432019505757117
13963,0.7185420358521574
13964,-0.24137180997679783
13965,0.2680594911548864
13966,0.7358230519297413
13967,0.11921854906211309
13968,-0.08355650071760305
13969,-0.11685857878583354
13970,-0.4468656591739151
13971,0.3782128617035354
13972,0.11973839602158282
13973,-0.397480992440703
13974,0.08630971519140171
13975,-0.21833602889356782
13976,-0.7489420638636493
13977,0.15292202736532023
13978,-0.4358351153305893
13979,0.14755117287653186
13980,0.03643650707175628
13981,-0.1388489245522841
13982,0.26051063864600454
13983,-0.523822503320065
13984,-0.05978601143713212
13985,-0.5160694146393694
13986,0.4344190086165928
13987,-0.6071280279903353
13988,0.12760402421886813
13989,-0.5118081677361442
13990,0.12758248534432187
13991,-0.5111970174869477
13992,0.17081175258222822
13993,-0.44817581589250244
13994,0.03872608878292474
13995,-0.6152936469582091
13996,0.15374517454751882
13997,-0.41878429747541246
13998,-0.007171350128002073
13999,-0.313364157479803
14000,-0.11897170080664356
14001,-0.40173587454825954
14002,-0.09003201413674296
14003,-0.4480645970811079
14004,-0.9426771752081285
14005,0.31563090362487517
14006,0.19213156004501722
14007,-0.38110712031389155
14008,-0.719631530256505
14009,-0.7582329404551883
14010,0.18725851954407077
14011,-0.9351877364215508
14012,-0.7076730142074353
14013,0.11740236384747436
14014,-0.2573556746670135
14015,0.6150729853862136
14016,-0.3703217316307948
14017,-0.7179656300985716
14018,-0.2579968566195239
14019,0.23816803167304645
14020,0.25931642307742003
14021,-1.1023436102824742
14022,-0.23500651994943364
14023,-0.05075524572031956
14024,0.25604500618799647
14025,0.1586820504893096
14026,-0.12201752771140631
14027,0.10830693964527964
14028,-0.5271196425421598
14029,-0.24531516464025893
14030,-0.005628288380907463
14031,0.19942299847427897
14032,1.0237859709873527
14033,-0.45129285491702437
14034,0.0632790952935811
14035,-0.25793624633463835
14036,-0.6089516525671383
14037,-0.24214079052107032
14038,0.003171288105400686
14039,-0.2069840887501281
14040,-0.44635887662143536
14041,-0.4270022043261603
14042,-0.2060189515138162
14043,0.4321091702434805
14044,-0.7491323699702017
14045,-0.165837822372667
14046,-0.2955692890945395
14047,0.08263090997612313
14048,-0.038921565677078135
14049,-0.06987745556969643
14050,0.17544628144836932
14051,-0.10730588688273056
14052,-0.022278977295807526
14053,0.13166297141893726
14054,-0.556489612821504
14055,-0.8797507928202573
14056,-0.9170369505025123
14057,-1.1118492189166762
14058,-0.803212621687089
14059,-1.4029937105278572
14060,-0.5944885738569404
14061,-1.0412526630809453
14062,-0.5324084966765471
14063,0.48912637696760997
14064,-0.1696075077265802
14065,-0.8689951629601027
14066,-0.3140933410913504
14067,-0.0013057360277434252
14068,-0.2265727140085688
14069,-0.49840252312430094
14070,-0.04583040629894149
14071,-0.17870540849110045
14072,-0.6046942463107122
14073,-0.07178656646583781
14074,-0.08194566701407825
14075,-0.39054094350176793
14076,-0.07307226165604998
14077,-0.227054161577037
14078,0.41460624269073115
14079,-0.31366652029459396
14080,2.2419796060643087
14081,0.5163853618367948
14082,0.6660419139771796
14083,-0.5181877078621483
14084,-0.09886342858549695
14085,-1.27666297082818
14086,-0.06812196667614948
14087,0.20656637173815018
14088,0.9677214426374607
14089,-0.45062635489711905
14090,1.9528704546903304
14091,0.1357926733166716
14092,-0.48394225174566924
14093,2.2651027692371044
14094,0.5022706391721273
14095,-0.8205520835336666
14096,-0.15881665544534118
14097,0.4544009102363898
14098,-0.38906174622237794
14099,2.196124258852758
14100,0.6412307462306334
14101,0.27827851305868484
14102,-0.5148695438233135
14103,0.43211881335687624
14104,-0.3577089163547976
14105,0.28001623099972023
14106,-0.08735295510866509
14107,-0.7371419190057882
14108,0.34468751556406824
14109,-0.8424339905382077
14110,0.29246852443906984
14111,-0.6806215509577185
14112,0.4898987242700029
14113,0.26401660530545396
14114,-0.0593687511858784
14115,0.29909793965096326
14116,0.11462187974685342
14117,0.36342080784465447
14118,0.03967015040549525
14119,-0.25599923300405664
14120,0.28962538169675184
14121,-0.592069198258655
14122,-0.8653303956063728
14123,0.6527833926374822
14124,-0.7099955153380704
14125,0.15186513794692394
14126,0.23309529403459053
14127,0.061632858845563486
14128,0.1620736065361993
14129,0.26435622701244
14130,-0.9415527299556126
14131,0.12454690815969928
14132,-2.213129919933761
14133,0.6496448015741328
14134,0.6360940467030427
14135,0.7954718949825847
14136,1.7713416739694468
14137,0.41237081357604155
14138,0.4418406223955929
14139,-0.7408539177724753
14140,0.20562145050403038
14141,-0.7050523324041881
14142,0.41334839041751886
14143,-0.09638440590580521
14144,-0.004981339027318839
14145,0.09304387977556826
14146,0.670890181761362
14147,0.23597337302703292
14148,0.9292800463901837
14149,0.4040480983273632
14150,0.15451773971943744
14151,0.27832260150010285
14152,-0.022775945386696944
14153,0.7004491145051239
14154,-0.2729521629147654
14155,0.15369288927857339
14156,0.13199676864676652
14157,-0.3574268444520581
14158,-0.07894615119602645
14159,0.15730096702264962
14160,0.15389008531058865
14161,0.7817516351990291
14162,0.2944335412636172
14163,0.5721547321766418
14164,-0.354738724557066
14165,-0.11074836160535766
14166,-0.10310435113672037
14167,-1.5922519471532275
14168,-0.14111090388473507
14169,-0.6284381942797516
14170,0.18020724577817404
14171,0.25213431031635064
14172,-0.0236812086951701
14173,0.11849725809215636
14174,-2.354511988359878
14175,-0.13933573830269458
14176,-0.6504369540928816
14177,1.8742326977458492
14178,-1.3441687674779086
14179,0.4317840374293638
14180,-2.2896681573111076e-05
14181,-1.629520627932793
14182,0.09039169402305056
14183,-0.375735684751877
14184,-0.9983815150982215
14185,2.0319797091271403
14186,0.27181053715620634
14187,-0.20579805569526058
14188,-0.47528160418369686
14189,2.0858617534752617
14190,-1.0959562326648218
14191,0.6229501184241985
14192,-0.4122169166914615
14193,1.9248309267047545
14194,0.7509662035905419
14195,-0.11826293320540329
14196,0.1382540106474977
14197,-2.2226772827526835
14198,0.5548987152551161
14199,-0.5590147180815467
14200,0.6566116052314516
14201,-0.031505821592719564
14202,-0.10463528502253511
14203,0.5324347462274017
14204,-2.163602100720579
14205,0.10657603334394929
14206,0.8136976536962277
14207,-0.14434765580101053
14208,0.15828583632608725
14209,-1.0845269472185763
14210,0.9075749742777335
14211,-0.03584367217216028
14212,-0.11617943056004033
14213,-1.177538084866753
14214,0.25321813395562004
14215,-0.8725542867488417
14216,-0.019401092149976484
14217,-0.054861414905771635
14218,0.1874669218957952
14219,0.5104523895441917
14220,-0.14919790261074692
14221,-0.9046235159542902
14222,0.5228505300541786
14223,-0.6034080741204765
14224,0.15187520763800022
14225,-0.6499759251207504
14226,0.5573648911955348
14227,-0.3230712214011984
14228,0.5423742597194625
14229,0.42425179979911504
14230,0.4136411330295089
14231,-0.743818691036972
14232,1.0290700020457701
14233,0.45177833697788367
14234,0.8216125086273232
14235,-1.3250054160619265
14236,0.5977740359503736
14237,0.6692219607870242
14238,-0.24329962364292168
14239,0.1112979623637622
14240,-1.5435910306322953
14241,0.13427525948204433
14242,-0.11194779160649493
14243,-0.18893205133831326
14244,0.0728451152750252
14245,0.3336057012576638
14246,-0.2294282123856994
14247,0.11331350079171354
14248,-0.8710736187532043
14249,-0.04640534895409156
14250,0.1551980896398063
14251,0.25831827192069273
14252,-0.08578444016786006
14253,0.2366613550424734
14254,0.3075854319848845
14255,-1.3535581088910211
14256,0.5662277306930292
14257,-1.2739276672732864
14258,-0.13492529009460708
14259,0.16028005935696543
14260,-0.8304730310394327
14261,-0.161096783781994
14262,-0.1627705487380385
14263,-0.25917924174648216
14264,0.020306125310575376
14265,-0.17141462753936618
14266,-0.006273372617582263
14267,-0.23513476662069038
14268,1.247508960525641
14269,-1.1923610996661753
14270,-0.1265255526210087
14271,-0.1586964088039838
14272,-0.12696474539181413
14273,-0.1235031967908782
14274,0.039419474927256455
14275,-0.26466893987423523
14276,-0.24870988069370467
14277,-0.15841906657799298
14278,-0.8427785838844759
14279,-0.06705433739699232
14280,-0.1337941305806916
14281,0.9412709036172877
14282,-0.019685217335543313
14283,-0.02062421544549081
14284,-0.09964320626961602
14285,-0.29670121913189484
14286,0.9557812744658878
14287,0.005808736746043612
14288,0.012131321515108236
14289,0.03208932356658571
14290,-0.08307116621447175
14291,-0.7836358833120861
14292,0.3609186794405482
14293,-0.18263604733246236
14294,-0.4460152227755083
14295,-0.03747979828059139
14296,0.2602314623636588
14297,-0.12572818126770086
14298,0.44431457740216584
14299,0.20178622508343952
14300,0.2587466138788103
14301,-0.11120305096713361
14302,0.34160473322027674
14303,-1.2683736191682862
14304,0.03216178227418244
14305,0.2002805671433944
14306,0.24433799085590233
14307,0.07469445611335639
14308,-0.7505974714323201
14309,0.27727452114956946
14310,1.3663488467329965
14311,-0.10522009507928672
14312,-0.3817814408251374
14313,0.5110667901178858
14314,0.13392488327109894
14315,0.17432638805596462
14316,0.19579512355827006
14317,-0.0168061329401028
14318,-0.15899570751391756
14319,-0.36879706238413024
14320,-0.2489860619720131
14321,-1.0755834129183328
14322,0.02899136576357517
14323,-0.21271829572734668
14324,-0.24229849715697677
14325,0.25179916717299633
14326,0.017847829674141908
14327,0.07564568006265916
14328,0.6735721585898992
14329,0.029698543536328722
14330,-0.3030201524679902
14331,-0.5912765330567785
14332,0.28987966427657524
14333,-0.27707800803095567
14334,-0.7990845506924523
14335,-0.34350134060089754
14336,-0.12335436715369176
14337,-0.2835198568218285
14338,0.020725833310826114
14339,-0.04013604294993933
14340,0.0425067777872632
14341,0.20253223593739936
14342,0.09177425758659956
14343,-1.2019206348989548
14344,0.012651530927726064
14345,-0.6834156928128358
14346,-0.16160048095340443
14347,-1.8053093704785392
14348,0.33179977298228097
14349,0.13889565232481488
14350,0.15440257340961347
14351,-0.07950310964045625
14352,0.16887446082331373
14353,-0.48789361654098845
14354,-0.6244012285663538
14355,0.17579033285232862
14356,0.11812458606969657
14357,0.022770199759076817
14358,-0.26727467799055804
14359,-0.1444143184102469
14360,0.1129614445045154
14361,-0.5083198395388938
14362,0.15686340595023865
14363,-0.9338667809245134
14364,0.17820016863645785
14365,0.06946831461892342
14366,-0.509806677014043
14367,0.1770926249930755
14368,0.16806200799605572
14369,-0.6855368453860436
14370,0.15516752152254673
14371,0.24314162538178602
14372,0.6115740354192617
14373,0.09178200315893065
14374,-1.1805307725475327
14375,0.38606426324546356
14376,-1.0267281463770273
14377,0.5470282385031938
14378,-0.3917095124934514
14379,0.19205672093817583
14380,-0.2772427444867304
14381,0.15564578742815183
14382,-0.5182787585206717
14383,0.122453343525781
14384,-0.6949113354350797
14385,0.1073474541944614
14386,-0.47657992188323245
14387,0.13781022769333334
14388,-0.3276144152493331
14389,0.16404000652240913
14390,0.12966390232850572
14391,-0.7222563275293999
14392,0.07352908992673515
14393,-0.010852918704943879
14394,0.1900258801614849
14395,-0.6508585861324591
14396,-0.3361907148286239
14397,-0.010471468133887017
14398,-0.14556689632096248
14399,-1.124733584847584
14400,-0.06291658803626388
14401,0.22503661127737512
14402,-0.28881360403860706
14403,0.09606402227748347
14404,0.257945302026069
14405,0.3548705200453343
14406,0.07286543745811508
14407,-0.9565120708771636
14408,-0.14115906959438648
14409,-0.05870153097395256
14410,-0.451787371429721
14411,0.18715589207205222
14412,0.3336203564919671
14413,0.5478944724998791
14414,0.09075755965022
14415,0.15938457411997883
14416,-0.2629538864068344
14417,-0.6163343221592049
14418,-0.2726821353171432
14419,0.26162493587213953
14420,-0.1959237750059615
14421,-1.1589322416099588
14422,-0.00505770906651111
14423,0.0814112275025807
14424,0.8390802163542419
14425,-0.5326105247182836
14426,-0.4421403873753327
14427,-0.7332545791726472
14428,-0.504849212848336
14429,-0.7677567758979326
14430,-0.30145996089916327
14431,-0.4019082641949341
14432,-0.49426378385152925
14433,0.7185773115062672
14434,-0.8373488409964569
14435,0.011806040947489172
14436,-0.044661282445461706
14437,0.549000660218704
14438,0.568975552635256
14439,-0.4803628968893877
14440,-0.14683404115433668
14441,0.047206613965159294
14442,-0.04287469021390419
14443,0.7715039042722561
14444,-0.25574513260239573
14445,0.2889337103132099
14446,-0.14481370179262454
14447,-0.9014541118371038
14448,0.8444496234219505
14449,0.40052599677456374
14450,0.465044945537972
14451,0.11121679049974695
14452,-0.7637188612229705
14453,0.016610632333594295
14454,-1.0143299775233507
14455,0.07072004410769707
14456,-0.8489665783108402
14457,-0.11553395362137192
14458,0.5940130725835976
14459,0.27717491308387293
14460,-0.5850212000294561
14461,-0.12238404744819757
14462,-0.245382759563951
14463,-0.2038146478629491
14464,0.04363912964589203
14465,-0.6858226377600389
14466,-1.997015785751413
14467,0.14983817977966152
14468,-1.2550541349928213
14469,-0.008634861843437624
14470,0.4405593496133294
14471,0.22491803685681794
14472,-0.12072791811990852
14473,0.1867521622646307
14474,0.1839441478417171
14475,0.07459881045092517
14476,-0.0380708810820174
14477,0.17439642062334404
14478,0.07027987110218087
14479,-0.08268883655639923
14480,0.7418583784355708
14481,0.005959493243201025
14482,0.19719413866955257
14483,-0.25492360086747035
14484,-1.4353617598734656
14485,0.5388554557843758
14486,-1.122778177689679
14487,-0.19032531537557915
14488,0.12824106151947287
14489,0.42241695970718107
14490,-0.08745025987666467
14491,0.14092756336895074
14492,0.18199379179117556
14493,0.011296831277108526
14494,-1.0294056551684452
14495,0.03115214167528664
14496,0.7663710905906088
14497,-1.7936920490009147
14498,0.015290488463891059
14499,0.3545025086121952
14500,-0.3003266413578565
14501,0.1517699333717638
14502,0.5753533280838864
14503,0.05737861516952747
14504,-1.8164919401181479
14505,0.02495356956478177
14506,-0.05029511189116776
14507,0.1292760428993709
14508,0.24450394619829774
14509,0.07533274162110137
14510,0.008998123334833505
14511,0.6027456087356798
14512,-0.2360645720519724
14513,0.16251496872834684
14514,-0.3698482285452041
14515,-0.015583072624755348
14516,0.18812674825841022
14517,-0.7127515920183887
14518,0.1962088675544162
14519,0.11688715270495863
14520,1.0108428585812388
14521,-0.6968542903943037
14522,-0.1831475082631235
14523,-0.1801951331563619
14524,0.18726837570223528
14525,0.17934972926151818
14526,0.05238557584529031
14527,-0.5321317809783181
14528,-0.16529207953867636
14529,-0.01309939666619571
14530,-0.7748360695501864
14531,-0.7780783238617583
14532,-0.4190761980494157
14533,-1.4585505215440775
14534,-0.48055203484993375
14535,-0.9831534903174909
14536,-0.39878628695521906
14537,-0.8893257622285957
14538,-0.15669895388815397
14539,-0.8835988832837264
14540,-0.05989400048071792
14541,0.24840811358729542
14542,-0.7406826604876332
14543,-1.0412018838537165
14544,-0.059496479482017695
14545,0.07156763822311688
14546,-0.6134042773239422
14547,0.5506169672634661
14548,0.4690402270404677
14549,0.2702638922051383
14550,0.3659990930051765
14551,0.1995745428963084
14552,-0.7309216270667882
14553,-0.08391746611637464
14554,-0.37933107275628
14555,0.20590981575920583
14556,0.07479332948434646
14557,-0.1565611513711527
14558,0.4862583985692966
14559,0.2347918747194206
14560,-1.4382443741252726
14561,-0.028818282675087032
14562,-0.3129858774109411
14563,0.04502235917040801
14564,-0.32654120980403933
14565,-0.173402299673758
14566,-0.7351418809087744
14567,-0.1156585611583226
14568,0.477950357115187
14569,-0.587369140528486
14570,2.1002346270977093
14571,0.6353761793748633
14572,0.7384958344245534
14573,-0.3661414476090244
14574,2.17931770160555
14575,0.6205640428777209
14576,0.35463941697285095
14577,-0.4632266636853531
14578,2.135969997816321
14579,0.6988073630454353
14580,0.015109720801170139
14581,-0.5051612020543628
14582,-0.19374160835756649
14583,-0.08711933279601376
14584,0.4533382077458628
14585,0.2754552448078322
14586,0.22310243273830696
14587,0.7962309824825856
14588,-0.3966466259906563
14589,2.2116020485170624
14590,0.6387040804861276
14591,0.3939593795896599
14592,-0.07142091044619021
14593,-0.20623701192001578
14594,-0.23979298930188547
14595,0.6798432910837715
14596,0.23625648737944444
14597,0.11267561617791055
14598,-0.35136313559408816
14599,-0.011324431807403718
14600,-0.7739063520524206
14601,-0.25264035059179746
14602,-0.14943876672557835
14603,0.6073422487538445
14604,0.19579158720627787
14605,0.5365630490045648
14606,0.21544272173722853
14607,0.7719868674660596
14608,0.2791060085658305
14609,0.1820611237986747
14610,0.6380762945617361
14611,0.10609558596994718
14612,0.2776298435881148
14613,0.163832917574478
14614,0.4974491357004992
14615,0.19757984131563022
14616,0.5030801416421853
14617,0.3466680714415337
14618,-1.0234295381603644
14619,0.6064957695321467
14620,-0.020610296206998804
14621,0.4197154396656591
14622,-0.19576733928072382
14623,0.35442368134580515
14624,-0.6885367184883409
14625,-1.0993246881260421
14626,-0.659640064296257
14627,0.39281588903527614
14628,-0.014971960060799969
14629,0.2296149915035585
14630,-1.412159994547253
14631,-0.6139371293493308
14632,0.2529978020206685
14633,0.14774133355160404
14634,-0.2300953622546743
14635,-1.11666108146989
14636,0.41262219072813366
14637,-0.8595921321734319
14638,0.2580599399989146
14639,-0.8849380063679214
14640,0.21349434065333753
14641,-0.2834895360952532
14642,-0.26243181678634353
14643,0.2302861834960832
14644,0.01434968555183497
14645,-0.9356975623850645
14646,-0.10877678241244508
14647,0.24653623792621024
14648,-0.9881651106401244
14649,0.519699854381012
14650,-0.2500100941105431
14651,0.28551460676465146
14652,-0.7656481232077063
14653,0.6587662224150916
14654,-0.9227600168721934
14655,0.2615548499018432
14656,-0.2149554655952498
14657,0.020721196822583016
14658,-0.9450069906727507
14659,0.19167591865596578
14660,0.42098357100470674
14661,0.2572893616209586
14662,-0.10918007254558124
14663,-0.04809080962152532
14664,-0.13704051049026605
14665,0.41700740692985944
14666,0.6469422446228805
14667,0.6053357523936569
14668,0.8186814574634987
14669,0.49075224037880055
14670,0.28398426591294035
14671,-0.25560873002562234
14672,-0.42208763338293986
14673,0.004114116983669578
14674,0.0879332403833525
14675,0.2434350546599127
14676,0.6273728385339363
14677,-0.014906740559303577
14678,0.07676208552929242
14679,0.48844394139383973
14680,-0.9495524822709699
14681,0.380186932150913
14682,-0.795133393759909
14683,0.4821689463852682
14684,-0.12817396823105806
14685,-0.6560107000819015
14686,-0.9256665552472716
14687,0.5129845958628053
14688,0.09415312785555918
14689,0.16076028011029872
14690,0.45431000149236633
14691,-0.02897400550280833
14692,-0.11460130697124621
14693,0.35860275277809556
14694,0.14102040900110677
14695,-2.1653274148879933
14696,-0.15031104650201094
14697,0.17386380164686524
14698,-0.1822100028886148
14699,-0.058089141939798764
14700,0.30190935782351364
14701,0.7361029384063124
14702,0.2890194006380439
14703,-0.6137124713800494
14704,2.03935872273506
14705,-1.1146587008696807
14706,0.010898641230582805
14707,0.16947093322684395
14708,-2.118998838822136
14709,0.8531424097802611
14710,-0.2406582073372345
14711,-0.6048412692290193
14712,-0.24566381031880932
14713,-0.3443985027861902
14714,0.40665578580636136
14715,-2.3537425234340463
14716,0.016269050946753696
14717,1.0882589320956506
14718,-0.20863905071661423
14719,-0.4911826854775356
14720,2.0718162664485904
14721,-0.6885049246820184
14722,0.08184162741313018
14723,2.1353483011910974
14724,0.45962505561440525
14725,-0.4647066652645548
14726,2.069353911289596
14727,0.6295733375108483
14728,-0.029086261419371266
14729,0.4135426958773986
14730,-2.10100483721984
14731,-0.24109934027608573
14732,0.4600249973388692
14733,-2.326310709990218
14734,-0.06511796892107218
14735,0.7256829104575343
14736,-0.09608033056051438
14737,-0.15669771319346598
14738,2.060994635903804
14739,-1.2194954552678945
14740,-0.17606026460707955
14741,-0.6578828267929446
14742,2.1029827787962643
14743,-0.8534185585084283
14744,0.8453431086706521
14745,-0.05035390883801317
14746,-0.15140296389880614
14747,0.0726576968747605
14748,0.03997712310501475
14749,1.0413794730761279
14750,-1.053372825612812
14751,-0.11433093874813068
14752,-0.20800565931559237
14753,0.046890138127164
14754,-0.1376610386384476
14755,0.19095560498824993
14756,0.24442859511188972
14757,-0.1717388718446207
14758,-1.0159425928134496
14759,2.071181790352002
14760,-0.061458411748301314
14761,0.7501464271485252
14762,-0.08415305759236091
14763,-0.13556730046083051
14764,0.0629502936686875
14765,0.2642928405582502
14766,-0.03475528564591958
14767,-0.09594669957297626
14768,-0.15128233642914798
14769,-0.11255983597182681
14770,-0.07315593347272488
14771,-0.11210271868579817
14772,0.05924194513600886
14773,0.6924623195970645
14774,0.7036022746853808
14775,-0.0408223432725571
14776,0.35410784288416547
14777,0.7611026134374759
14778,0.5672441671800309
14779,0.25750317614114104
14780,0.23075727653025768
14781,0.22141432002042954
14782,0.2042695744675579
14783,0.26328988402478076
14784,-0.0793781626444194
14785,-0.20041580753501195
14786,0.1343855283279189
14787,-0.17913169920285318
14788,-0.20609943290298632
14789,0.258893695927962
14790,-0.17286046312229256
14791,1.0484080790593349
14792,-0.3685938841067862
14793,0.4175479798211316
14794,0.5588270899456996
14795,0.3643166070062893
14796,0.20997079394361162
14797,0.31652097659458167
14798,0.5789710646053555
14799,-0.07636924850984647
14800,0.3916525286587028
14801,0.2682676240919345
14802,0.002238023084623968
14803,0.12104433938265315
14804,0.22643995575058415
14805,-0.9654256758526056
14806,-0.09870751275529739
14807,-0.9095112727357282
14808,0.5324349831373245
14809,0.1494918446684799
14810,0.1721227666479672
14811,-0.8088854662780461
14812,0.5741495051694179
14813,-0.20397669560498843
14814,0.6675392934354467
14815,0.8524603194011894
14816,-0.6814470350830432
14817,-0.7669024698025488
14818,0.17066248136314077
14819,-0.5305590100722324
14820,0.19378582327004995
14821,0.5865157404561169
14822,0.6202179358224535
14823,-0.14373174587379475
14824,0.2392005155521947
14825,-0.5891439118567199
14826,0.1305894380091145
14827,0.42211614491747246
14828,0.46438600379491113
14829,0.16698690426894036
14830,-0.5559551225959183
14831,0.08291603808767518
14832,0.16198583679074677
14833,-0.651562898524429
14834,-0.1361545278570974
14835,-0.8284468224900472
14836,0.14509108127290418
14837,-1.2173613773888512
14838,-0.3426632600420212
14839,-0.2467438148556349
14840,0.07787858495228593
14841,-0.1744327113577587
14842,0.1482976524249812
14843,0.7248395237885372
14844,0.6106256719596593
14845,0.7673537590850246
14846,-0.16652533954415052
14847,0.7650872050404711
14848,0.11060738840208854
14849,0.21194641293186803
14850,0.3735113838018753
14851,0.5989528821534841
14852,0.25414377079459016
14853,-0.5147618298695581
14854,-0.0325565222748758
14855,0.05422805166526154
14856,0.13193458774239142
14857,-0.30890653510180244
14858,0.8425488571958699
14859,-0.07658502316925055
14860,-0.27607666076700677
14861,-0.5025723988684255
14862,-0.12061803825713464
14863,0.6588169669027395
14864,-1.0920430412775886
14865,0.37044775791081025
14866,0.36983051157671715
14867,0.896667833708103
14868,-0.14505554433144605
14869,-0.0682837089037191
14870,0.7480583045341228
14871,-1.2702610595483514
14872,-0.20905999089137262
14873,-0.20962538983113432
14874,0.13468700407108494
14875,0.7120965741258009
14876,0.19919686056980695
14877,0.5745378936412412
14878,-0.7874346544882951
14879,-0.05215246959042378
14880,-1.7290366957543872
14881,-0.2319721364750069
14882,0.10569901566035521
14883,-0.07840881361823628
14884,-0.14879419340520747
14885,-0.12905589257018754
14886,0.2071952132258842
14887,0.019980313519503235
14888,0.3264966120325468
14889,0.14498151439047013
14890,-0.027032523102393947
14891,-0.830602535324825
14892,-0.5049364205671107
14893,-0.14777434967118983
14894,0.06127225009689857
14895,-0.3268004815465091
14896,-0.2698304516514836
14897,0.3876582788148155
14898,-0.15829282566327507
14899,0.6648810017887552
14900,-0.37708361029901627
14901,-0.0074919972421917825
14902,0.2333373945270595
14903,-0.7583416851264599
14904,-0.8474217418200038
14905,2.094549584486164
14906,-1.0914198408702604
14907,-0.1230004059679467
14908,0.676773588238507
14909,-0.06506719404172119
14910,0.20385340627737825
14911,-0.12420860425850562
14912,0.574565767548651
14913,0.10446158353922225
14914,-1.2296019396319429
14915,0.058431085883454324
14916,-0.650583575258129
14917,-0.3819929229072893
14918,2.027655144185889
14919,-0.9418345750220442
14920,0.5464353241609792
14921,-0.4793828741672625
14922,1.9259741963043953
14923,-0.09717628552489466
14924,-0.03480320998802333
14925,-0.7788830899844641
14926,0.47237546665111824
14927,-0.4721835229665014
14928,1.9103434408409474
14929,0.41155896637877487
14930,-0.0879431408710353
14931,-0.20538020588941178
14932,0.010310634915591116
14933,-0.04686781689304031
14934,0.5218230686304569
14935,-0.4260908574953097
14936,0.38675146798732124
14937,-0.7349399041016693
14938,0.17338750726712346
14939,0.22686599381309253
14940,-2.154154598977897
14941,-0.17068456434825838
14942,-0.6662330869434036
14943,0.1372104079475399
14944,-0.06865463039598413
14945,-0.2420443148991769
14946,-0.4811470380732201
14947,-0.1438852920985917
14948,0.22052396030968768
14949,-0.0724711883416706
14950,-0.056812335692819904
14951,0.39612974098811604
14952,0.16295828744147559
14953,0.7266196170703773
14954,0.18823033942651415
14955,0.3211787359931719
14956,0.1551665653917166
14957,0.12406037238059506
14958,0.7353827008676045
14959,-0.02840705797638322
14960,0.9340872884188729
14961,1.045681135754242
14962,0.34882622551841735
14963,-0.8237980971837588
14964,0.3908180046888172
14965,0.05905501362085118
14966,0.35961717620733313
14967,0.1849779615350594
14968,0.26307951040457145
14969,-0.7860413194859416
14970,0.23393945168111
14971,-0.7862095667081905
14972,0.22912301133797153
14973,0.7687814915557225
14974,-0.5386911133369789
14975,0.9408907599119298
14976,0.7855485144373989
14977,0.41345532308271005
14978,-0.8157231973311185
14979,0.1545675112570877
14980,0.2535859896665714
14981,0.8669885932445985
14982,0.9355242537271111
14983,0.47389618547215623
14984,0.6689186826647824
14985,-0.9422595042311296
14986,0.4442775915455245
14987,-0.7609668186368606
14988,0.4935458714911405
14989,0.2985624466265859
14990,1.261412777232706
14991,0.8540189137296792
14992,-0.1782468213878402
14993,-0.22190258508927732
14994,-0.8767928028241498
14995,0.323746637806767
14996,0.07608225974066354
14997,1.8380278868856372
14998,-0.5385638729268348
14999,0.3925764213437971
15000,1.3509779330938183
15001,0.13925215010163228
15002,0.17829703856190407
15003,-2.365042855392275
15004,0.23117339368648362
15005,0.7228444123350833
15006,-0.44733050523160256
15007,-0.16913493087355788
15008,-0.9594295095755635
15009,1.7051008327259027
15010,0.18603293371619006
15011,-0.1209361517013646
15012,1.8461389132505923
15013,0.5242076213541946
15014,-0.9657012683067695
15015,0.7418868293817559
15016,1.8233783672173933
15017,0.03608444361205785
15018,0.9727661526729758
15019,-0.29836014903421637
15020,0.4560848971934835
15021,-0.12774459741333707
15022,0.20743691251247762
15023,0.0668865351957559
15024,-0.13147101959632887
15025,-0.6767335514866208
15026,1.8842830492373681
15027,-0.8263977166565251
15028,1.0046903177992383
15029,0.34103404624198247
15030,-0.5049739496197732
15031,0.5517522132098103
15032,2.239523597855223
15033,-0.10234350026357246
15034,0.5772539460098783
15035,-0.24435958968949517
15036,0.1986037279408162
15037,1.2228548291498171
15038,-0.054341796105010755
15039,-0.4490015106750081
15040,-1.3490787294905238
15041,0.16020426896709292
15042,1.976571785483926
15043,-0.20130061388289733
15044,-0.1961579297493175
15045,-0.8031287824555858
15046,-0.09143245899749874
15047,-0.3272546721258112
15048,0.33067515262917213
15049,0.32474556407222654
15050,0.22166954975831177
15051,0.5727510391892612
15052,-0.4205787898657596
15053,-0.5262704892103172
15054,0.5150927514783104
15055,-0.2748166670820219
15056,-0.22699630032224222
15057,-0.9211918794934327
15058,0.5038064403410403
15059,0.9996491139452035
15060,-0.24874062664630528
15061,0.038844881734496524
15062,-0.1635520456628435
15063,-0.22685738309822845
15064,-0.7980405488325886
15065,-0.2095945320349778
15066,0.1676666110571112
15067,0.3807377718091972
15068,-0.9544662409366673
15069,-1.5802237009914715
15070,0.3598788372536326
15071,0.4416028109900593
15072,0.2700156306296953
15073,0.1213122304585359
15074,-0.1689724654864755
15075,0.1435131383995027
15076,0.25107176848566504
15077,0.5165533152249672
15078,0.3340223175193468
15079,-0.1817569331109579
15080,-0.1756385454711683
15081,-0.26361015628063
15082,-1.1338773830916609
15083,0.6781190654285482
15084,-0.024169802896325348
15085,-0.6512891999501664
15086,1.6194416682251627
15087,1.670419350338371
15088,0.2587300609726303
15089,-0.04279813566431215
15090,-0.1818860408618621
15091,-1.7772228331790543
15092,0.3449791435939694
15093,0.282355799450042
15094,0.11020641635025873
15095,0.5961177408403311
15096,0.5105525731182602
15097,0.0022840048088318414
15098,0.8702379848045197
15099,-0.19399375349681963
15100,0.05984335469576957
15101,0.8238112574719496
15102,0.11478316052864118
15103,-0.17448003521979832
15104,-0.17969977623638633
15105,-0.26520180529025866
15106,0.2943570386205483
15107,0.11379622735264407
15108,0.281970852631323
15109,0.2823061130642314
15110,0.19783679201645102
15111,0.08710630998514315
15112,0.13361111768940753
15113,0.22952035664504628
15114,-0.06160782379159866
15115,-0.06733749306425414
15116,0.5648759131595323
15117,0.3546851470048833
15118,0.27681536304164556
15119,-0.0022414190446953786
15120,-0.1770712228553448
15121,-0.10452554760609867
15122,0.01351039077747557
15123,0.22073113076918316
15124,-0.2587002159052432
15125,-0.14479053952971663
15126,-0.19197229525501386
15127,-0.13199337947592513
15128,0.27824484921276155
15129,0.6119315220502239
15130,0.11076396558623437
15131,0.7700260344440963
15132,-0.09460257853524841
15133,0.4380589955661125
15134,-1.0035529912117622
15135,-0.12467726703027911
15136,-0.08423110528924849
15137,0.4430459586343446
15138,-0.2372619130946956
15139,-0.43458739098285226
15140,0.5901488106214666
15141,0.051783739369383894
15142,-0.17755748247101846
15143,-0.17651979177379404
15144,-0.16608902326365726
15145,-0.2757709977485418
15146,0.26760095742526785
15147,-0.3146051013672994
15148,-0.2611105408792077
15149,-0.5727356013702455
15150,-0.20326863774334936
15151,-0.2431367212714404
15152,-1.778283718017879
15153,-0.2621589295923052
15154,-0.32899474178647065
15155,0.3771806426723642
15156,0.25906456749747486
15157,-0.00618374347290164
15158,0.48277216886360985
15159,-0.6267188368648
15160,-0.23364620242123915
15161,0.12925780261396172
15162,-0.836922290787927
15163,0.0999554753529283
15164,-0.7375267979248565
15165,0.3578894922310696
15166,0.15108964078722018
15167,0.13544247727740244
15168,-0.5773407804427164
15169,-0.870305574582319
15170,0.0565792477008954
15171,-0.01462939580535267
15172,0.0516894396803095
15173,0.32786260402730394
15174,0.05525844245082026
15175,-0.9005909462245342
15176,0.37574754353694095
15177,-0.14080317541157872
15178,0.14664417094142737
15179,-0.3041762682320572
15180,0.23662915436464008
15181,0.4588258834951029
15182,-0.3622965105006294
15183,0.14939906836356415
15184,0.20505229752737683
15185,0.21617428168503455
15186,0.04446354101693477
15187,0.12504178928548784
15188,-0.5958740829601069
15189,0.34567947739848565
15190,0.271957232028386
15191,0.4100799557377298
15192,-0.10623081770591308
15193,-0.801096224754165
15194,0.1638969033311615
15195,-0.9561299474631644
15196,-0.022622886811159922
15197,-0.7187984887550789
15198,-0.2833538481874531
15199,-1.090275772904021
15200,-0.18398386514494955
15201,0.33323686813666764
15202,0.20910151810842043
15203,0.07301029291874214
15204,0.15015311926157118
15205,0.8971425539201174
15206,0.27882333280333643
15207,0.15879393043054624
15208,-0.983605676408166
15209,-0.005417001822412349
15210,0.350245148477033
15211,0.31177036601523916
15212,-0.06904690733692719
15213,0.1591168203753075
15214,-0.09616262009987774
15215,-0.3842466156753591
15216,0.08331959824601384
15217,0.09412062094169366
15218,-0.7521731128917504
15219,0.11642980759332786
15220,-0.13795038783024455
15221,0.1386660878107695
15222,0.2718948493575104
15223,-1.2624066580142985
15224,0.03612123410905126
15225,-0.6851216531149453
15226,0.04710832701639029
15227,0.14947331040412887
15228,0.4355658384843762
15229,-0.1792531652315951
15230,-0.9172701656379354
15231,0.06404870262202707
15232,0.032101352795661946
15233,0.8155368179584476
15234,0.16640677696168693
15235,1.0605722210648068
15236,0.3766803373590293
15237,0.04040096767172629
15238,0.5901696276534943
15239,0.0711093375921586
15240,0.04133420188137569
15241,0.5689339390236146
15242,0.21720785368281245
15243,-0.16379933482581777
15244,0.7451682676060135
15245,-1.43953079480716
15246,-0.23771702932364103
15247,-0.053623928675241274
15248,1.1107993257709574
15249,0.0294767344800231
15250,0.5382986530426801
15251,1.0380732303717828
15252,-0.04013767530959749
15253,0.6257192604366583
15254,0.6014172815781783
15255,0.38339944732595377
15256,0.14841238119266023
15257,0.6374756484047298
15258,-0.13802437235831888
15259,0.7720683017861717
15260,0.10303723895550544
15261,0.00425413562389599
15262,0.9178267989113692
15263,-0.6377278349415021
15264,0.15142274424270247
15265,0.4957542683513663
15266,-0.9008107490978451
15267,-0.16720375637856133
15268,0.7743405661615295
15269,1.1610462606058414
15270,-0.1866929684072917
15271,0.0898863903284152
15272,0.07670538915643814
15273,-1.1637238155549006
15274,-0.12893770879081465
15275,-0.21858866230793875
15276,0.12149736178763292
15277,-1.6332228026012068
15278,-0.33980611757319673
15279,-0.09450534225737965
15280,-0.24741100480872183
15281,1.514709768169199
15282,-0.44222107870470195
15283,-0.2065680488685497
15284,0.12065232827381457
15285,-0.7600760628648692
15286,0.1713373281796142
15287,0.3650590890441693
15288,0.29909998937524773
15289,-1.4621415927018009
15290,-0.8183199531399059
15291,0.11618882088891005
15292,0.2069032405327157
15293,-1.3069460226568161
15294,-0.14736062262436014
15295,-0.027781616290407696
15296,0.056723012617871264
15297,-1.3201573138771037
15298,0.10294528165184778
15299,-0.10833613715892441
15300,-0.17893921002759108
15301,0.18239996341913442
15302,0.20625420793286137
15303,0.07863654470234474
15304,1.2278652505146177
15305,-0.07090403079347958
15306,1.2473721085011984
15307,0.23753523117171185
15308,0.2841622510447064
15309,-0.2925930387924268
15310,-0.06164952470056812
15311,1.0984991754831075
15312,-0.20373323273191035
15313,-0.3713420721034401
15314,0.15346558348258896
15315,0.370444133502813
15316,-0.2535240543155254
15317,-0.29101904686551117
15318,-0.11478811021778296
15319,-0.2626410271644943
15320,0.162007661946986
15321,1.3775171220998026
15322,-0.37242750764457216
15323,-0.13328678168399324
15324,0.8324897299588703
15325,-0.23822862538262746
15326,-0.037170839269082774
15327,0.35835934400600633
15328,0.14040040821598668
15329,-0.7850778371554348
15330,-0.23303477409168163
15331,0.32239970435341353
15332,-0.6953415263289119
15333,-0.21944191336291025
15334,-0.17908455232032816
15335,-0.2488653237756666
15336,-0.1401692941909377
15337,0.11964413792119817
15338,0.2648277798663573
15339,-0.18835835958484373
15340,0.22163901307641604
15341,0.12630191702290106
15342,0.1281306631191177
15343,-0.19901802245512928
15344,0.32291291393261395
15345,0.5321175664683451
15346,0.10643141402165246
15347,-0.06179800508808052
15348,0.5059041394701984
15349,0.9616999107131349
15350,-0.06185852393201053
15351,-0.802736448888853
15352,0.2161107618191526
15353,-0.1501882751992242
15354,0.054213647724792646
15355,0.25942958145813905
15356,0.6416475077097094
15357,0.09545996069570645
15358,-0.4212859761456133
15359,0.7058972642426492
15360,0.25376404278585385
15361,0.4513244978834218
15362,0.41061613536150476
15363,0.3049135204832434
15364,-0.898699919375866
15365,-0.09504643735426868
15366,-0.23247701551361505
15367,-1.0001563371407107
15368,-0.10312366064991967
15369,-0.3688477712425477
15370,-1.0585562265040493
15371,1.2738335592973715
15372,-0.08296965733267626
15373,-0.8809215289253799
15374,1.1551722682960133
15375,-0.3336740665488837
15376,-0.026763122940360064
15377,0.5179189122123402
15378,-0.03833091066097124
15379,2.0869092724620275
15380,0.38340362719386334
15381,0.41477382780099853
15382,-0.5937109345407982
15383,0.05587900177191421
15384,-1.0058817813710272
15385,-0.10567598040225402
15386,-0.6937499380460715
15387,-0.9157417445975802
15388,-0.9120635675489883
15389,0.668584380456012
15390,-0.6828730195225906
15391,0.3357761504082954
15392,-0.016938017351041598
15393,0.865123443610133
15394,0.47072976940879235
15395,0.10868460852761228
15396,-0.6925185626655866
15397,0.8044602537113493
15398,-0.9719285050779215
15399,0.004453774587334357
15400,-0.9029132220047159
15401,-0.08540308109856815
15402,-0.09517948211618911
15403,-0.6518282330205611
15404,-0.05069176986511247
15405,0.057173028856434764
15406,0.16128990185846173
15407,-0.4312604308442148
15408,1.923458922360086
15409,0.46757676589298064
15410,0.733962867191358
15411,0.0005138668842467448
15412,-0.13243355558187844
15413,-0.019575410170048754
15414,-1.208966094067916
15415,0.3610906089440855
15416,0.8245153092194
15417,1.3062151145287206
15418,0.44128238503507894
15419,1.0897178818388278
15420,0.22192553223099962
15421,0.3205702096202957
15422,0.5251575437473099
15423,0.39443869115925095
15424,1.3382580013566956
15425,0.2142011747564971
15426,0.5795305271259023
15427,0.27247535465351824
15428,-0.47803514386459084
15429,-0.1765803215054288
15430,0.15648011463124556
15431,0.14770838081755902
15432,-0.149834965416676
15433,0.4102169176865994
15434,-0.09851294143800238
15435,-0.15028739721225606
15436,0.16663091212477094
15437,-0.3842011272020552
15438,0.2524216457389729
15439,-0.9375715264290534
15440,0.4224978299050038
15441,-0.8415613227391946
15442,0.3361116867743624
15443,-0.6846388714324181
15444,0.336544910657025
15445,-0.731341012625817
15446,-0.31694826238815926
15447,0.27137513177093114
15448,-0.7087787735627065
15449,0.43968031552341574
15450,0.4068240051404326
15451,-0.018275683874553028
15452,0.2759859041747985
15453,-0.9369543830567988
15454,0.3880324145987848
15455,-0.26912501092336916
15456,-0.2453710870128174
15457,0.28403058946755355
15458,-0.20795506370816877
15459,-0.21143573146769593
15460,0.06394779818691515
15461,-0.623690197204968
15462,0.022110541532979113
15463,-0.36653363429580926
15464,0.3579485663290153
15465,-0.9037213202923895
15466,0.6213331221639161
15467,-0.032144187600121374
15468,-0.06990449631537633
15469,1.3015359172207934
15470,-0.1538370674335182
15471,-0.6959947280826227
15472,0.41411683407293437
15473,0.9354183641284232
15474,0.16142565428695868
15475,0.1737982064630799
15476,0.5078984128988593
15477,-1.3946536494981352
15478,0.6401422807110172
15479,-0.2216397664671617
15480,-0.20236387919434948
15481,-0.6171800513308028
15482,0.442944643410003
15483,0.6100678180883099
15484,0.3459575941426237
15485,-0.18203412414612977
15486,-0.6130114326894689
15487,0.43965830174344156
15488,0.5587198901973343
15489,0.7650664574423148
15490,-0.247192009122291
15491,0.28688341632801495
15492,-0.005019822790426724
15493,-0.16385324444705288
15494,-0.4672426437748758
15495,-0.33663917353920525
15496,0.13209594975004532
15497,-1.2655510758921686
15498,0.52676707855877
15499,0.653752032574385
15500,0.538048546824926
15501,0.3774360193275349
15502,-0.11159894405688665
15503,-0.08710212092753128
15504,-0.05352919841504301
15505,-0.09810698333928322
15506,-0.005448365783542555
15507,-0.9059003366465694
15508,0.4753177270122175
15509,-0.13203107076279297
15510,0.5051130532017645
15511,-1.5364699725577058
15512,0.10421298347687423
15513,-0.251841926173981
15514,-0.6880058892406742
15515,0.08170013258183435
15516,0.013415001049797311
15517,-0.0574898439718862
15518,0.2635256453647715
15519,-0.13099909445496483
15520,0.007094730426507878
15521,-0.16700041793978895
15522,-1.7278307294358184
15523,-0.06909382156934084
15524,1.0316044988894204
15525,-0.6724778639200896
15526,-0.2500643582618261
15527,-0.14195721768609915
15528,-0.05667148774428251
15529,0.24358950540639648
15530,-0.08452810293338324
15531,-0.527806737587648
15532,-0.2029317627548144
15533,0.3898545569794391
15534,-0.6526196840305584
15535,-0.17387518827536036
15536,-0.044262883208026675
15537,-1.1865063531555853
15538,-0.1043241879278552
15539,-1.1151636694125309
15540,0.35212266634193745
15541,-0.9757318252247087
15542,0.5215084394311935
15543,-0.25374493299350204
15544,0.48857926834655857
15545,-0.6166468578267542
15546,1.9461906490871235
15547,0.6164378578881302
15548,-0.7432388522558278
15549,-1.0250973381602824
15550,0.6338314031902201
15551,-0.6518050703490136
15552,0.5028235778317214
15553,0.12952359207280378
15554,-0.7351408690039208
15555,-0.05358549037776341
15556,-0.1262971715189228
15557,-0.049018958351614544
15558,0.4231390119244307
15559,0.04776570198825042
15560,1.392981708053331
15561,0.11797708482871784
15562,0.8814124201771535
15563,-0.25523389390192436
15564,-0.006313811265573096
15565,-0.19522481403583597
15566,0.4923180602729911
15567,2.1624602749148876
15568,-0.06843231143340081
15569,0.646113379503602
15570,-0.08026478628552378
15571,-1.8840793448478832
15572,-0.04120556358154085
15573,0.22298566506870857
15574,-0.6821079668922136
15575,0.14126374953089424
15576,0.3050014979101606
15577,0.06860975908947922
15578,-0.15906742148438244
15579,0.05593365805150418
15580,0.6114841828828963
15581,-0.14237899551394015
15582,-0.5112874259535962
15583,-0.34240674903842794
15584,0.2153201123119515
15585,0.6858728632381031
15586,0.13592094392212625
15587,-0.0020536248850596918
15588,0.7706890361137052
15589,-0.22128006803583308
15590,0.16179197671848172
15591,-0.644025602404825
15592,0.4117050227693248
15593,-0.037976696349235214
15594,0.6722980052117976
15595,-0.2577124859792985
15596,-0.5578485066822787
15597,0.06911788682643132
15598,-0.2799683824921049
15599,-0.5060379863535274
15600,-0.08441902284730297
15601,-0.037231903247634965
15602,-0.6344588816685289
15603,-0.28479827252150125
15604,-0.05157756939578874
15605,-0.14800079123322735
15606,-0.47074154673492286
15607,-0.1119900363271593
15608,-0.045078621104411
15609,-0.2177810993282576
15610,0.575510943703119
15611,-0.2042436873253677
15612,0.11050805727111465
15613,-0.541671948670478
15614,-0.22084456082644804
15615,0.05678893050497431
15616,-0.21066398958356403
15617,-0.5265696702962872
15618,-0.2574253412813484
15619,-0.0617313019676761
15620,-0.271579317908219
15621,-0.5332091739034125
15622,-0.14947743479217204
15623,-0.6462565530977991
15624,0.14908389701769906
15625,-0.5884789367937578
15626,0.13185864210645268
15627,-0.51855403850731
15628,-0.95952390926838
15629,-0.7363947884191988
15630,0.18597011765803229
15631,-0.6310074505784053
15632,0.1329812518615359
15633,-0.6205938520006412
15634,0.11749639326564999
15635,-0.6528876273122068
15636,-0.7049232503438602
15637,0.5383047672154214
15638,-0.5356820866213856
15639,0.04174101981307262
15640,-0.9222539786230803
15641,0.4662908094883133
15642,-0.3231162543263744
15643,-0.014446209730914625
15644,-0.6326854315187184
15645,0.1397386350926339
15646,-0.865478344538332
15647,0.1756956370098354
15648,0.1787533689850553
15649,0.21793997921069316
15650,-0.53723282440267
15651,0.17742648362177812
15652,-0.3690043394723895
15653,0.08138183212628679
15654,-0.5093818853655347
15655,0.11074393003270339
15656,0.18189926103935633
15657,-1.0783201868883459
15658,0.08968496556203207
15659,0.4085676239515836
15660,-0.8423569785440059
15661,0.9313650800141996
15662,0.33833944803910704
15663,-0.7538503606310026
15664,-0.20785437447340221
15665,-0.3491421028179109
15666,0.04820021715238168
15667,-0.09546446024142966
15668,0.5013847084742848
15669,-1.042675113112706
15670,0.11201637462394583
15671,0.26584832813474074
15672,-0.8674458316723171
15673,-0.40432886112513056
15674,-0.5420615713599284
15675,0.31761420624144654
15676,-1.2926701342205633
15677,-0.2732228714862791
15678,-0.6957573177955289
15679,0.32219527955979693
15680,-0.8843629592679968
15681,-0.20157642147291138
15682,-0.8182992520870757
15683,0.2358534527435024
15684,0.5042167380948557
15685,-0.01994359114885977
15686,0.6854250211537337
15687,0.1826063280464233
15688,0.08419589303410599
15689,0.6925904509521819
15690,-0.7136186294746832
15691,0.026847213083932956
15692,-0.6342794817233002
15693,0.2964073049007234
15694,-0.07131094075186911
15695,-0.22695856353006738
15696,-0.0786529601001153
15697,0.0255540874702658
15698,0.3610941280054506
15699,-0.31779206872594173
15700,-0.3842597020506417
15701,-0.06786289285232647
15702,-0.07696363949280746
15703,-0.2587857218812508
15704,-0.5445351542877301
15705,-0.1043717481693247
15706,0.07822909133124703
15707,-0.2082353864192476
15708,0.7205290658688895
15709,-0.4598700602080846
15710,0.08319095838466939
15711,0.4188517934567224
15712,0.6867661061011893
15713,-0.5402494663778191
15714,0.12007707839228211
15715,-0.049026458843794356
15716,0.9002000439739721
15717,0.22604099009808912
15718,-0.3143991942631713
15719,0.18783384855035293
15720,0.27073025897871067
15721,-1.889021935477229
15722,0.023785148972933486
15723,-0.695731482002071
15724,0.09917233436019057
15725,0.06257977684888588
15726,-0.2528225780656396
15727,-0.10732540433366218
15728,-0.005596856002550445
15729,-0.5861320166104849
15730,0.16408335082861877
15731,0.022980454301454584
15732,0.15202216464458862
15733,0.08998270604488318
15734,-0.903009654979317
15735,0.19493996957029547
15736,-1.4066621453831565
15737,-0.2715413865589459
15738,-0.04190781967087451
15739,-1.0349712778445441
15740,-0.2654796062798046
15741,0.13065558630088267
15742,0.2529396665300149
15743,0.02630844181408883
15744,0.19201119112139284
15745,0.05236445891681557
15746,0.3099703562309248
15747,0.14938642178437864
15748,-0.3721032714120697
15749,0.1863211363816515
15750,2.1740192124851703
15751,0.4204466990188289
15752,0.4365405473098675
15753,-0.7690194831027797
15754,1.9819642540503943
15755,0.05229805601675311
15756,2.0332593552012685
15757,-0.7827715512113697
15758,-0.15773322603405313
15759,-0.12411074443870902
15760,-0.7451448048599595
15761,-0.1325966116551676
15762,-0.19437208135191963
15763,0.9407600910207594
15764,0.11413005659031948
15765,0.06879976825827247
15766,0.9510092396250445
15767,-0.7323333654273361
15768,-0.376313503138604
15769,0.29590448384212953
15770,0.6612533507627557
15771,1.4911916203584181
15772,-0.804346563744172
15773,0.2166774570342933
15774,-0.5491826350478894
15775,-0.3001377243133026
15776,0.22052474857592244
15777,-0.7254835985257236
15778,0.5075198350514373
15779,-0.978667358046969
15780,0.36390676244811654
15781,-0.7477466058000173
15782,0.49544230164690023
15783,-0.3410093572883053
15784,0.25685211851639733
15785,-1.0449029190903691
15786,0.4404349523184078
15787,-0.7177981909092463
15788,1.936250223987366
15789,-1.2459703777740772
15790,-0.42787202767499116
15791,0.39726939997906235
15792,-0.9229834174651386
15793,0.4632207603962599
15794,-0.20786238404369614
15795,-0.0516527554795883
15796,-0.08942049132447448
15797,0.14758239851729477
15798,0.1977451816713671
15799,-0.7883164887693064
15800,-0.8490847537618254
15801,0.41045585610771584
15802,-0.9049114334481121
15803,0.47892455228037034
15804,-0.8902904900508974
15805,0.43223264632968134
15806,-0.9842356163505548
15807,0.5318020953278085
15808,0.2883115786150128
15809,0.25986673425971246
15810,0.28081429086036047
15811,0.25982695642880665
15812,0.2641926519085578
15813,-0.8947231776838345
15814,0.5427149123135225
15815,-2.1223854965273374
15816,-1.0217621380834971
15817,0.5328659118418209
15818,-2.172789663661435
15819,1.0677701441480447
15820,-1.0292570200384963
15821,0.30227494069786237
15822,0.2699682586527605
15823,0.36100820367541375
15824,0.4725099770276044
15825,-0.4263775280848228
15826,0.6563142681038103
15827,0.415041383996747
15828,0.06127301911972806
15829,0.39867565043349884
15830,0.19959077592572066
15831,0.6276519521077174
15832,0.16426480787376718
15833,-0.6870790967306519
15834,0.6102870390111944
15835,0.4259764010660277
15836,-0.8507930622090241
15837,0.46178783595915457
15838,0.6566426557144487
15839,0.22991198873281762
15840,0.5995691326766801
15841,0.8143027106907081
15842,0.902534117463097
15843,0.8695097877704709
15844,0.33969965024545895
15845,-1.1795974171113552
15846,0.37187398643027897
15847,-0.937993630739278
15848,0.3806027595806621
15849,-1.2898567585221656
15850,0.5930318636945724
15851,0.316454255085896
15852,0.9902117145828174
15853,0.7352928581507321
15854,0.03751407918404826
15855,0.447717012494356
15856,0.30758725113538676
15857,0.26403201062935056
15858,0.6209925280693831
15859,0.19139898722474186
15860,0.2909204192629721
15861,1.2245147734066417
15862,1.0905267399924776
15863,0.2855208922525484
15864,0.5976938144143812
15865,0.07751541170833558
15866,0.008376554662097796
15867,0.09692843346994688
15868,-0.04176874302956293
15869,-0.05089178802973295
15870,0.37625765434548447
15871,0.03382081644909835
15872,-0.14375692241773064
15873,-0.6034778498254163
15874,1.2266334742613967
15875,-0.98071962997414
15876,-0.16665926161560737
15877,-0.08878264133314175
15878,-1.3519068342434957
15879,-0.08922197966755548
15880,-0.14949909355422275
15881,-0.7372354046642019
15882,0.8356823508036305
15883,0.34887936135690284
15884,-0.40183690731051763
15885,0.030420056503729982
15886,0.1685428132536007
15887,0.1893619993072553
15888,-0.2288891006446171
15889,-0.07626453192708699
15890,0.15713645341849233
15891,1.0042942547717344
15892,-1.6362848928404308
15893,0.5979458496469278
15894,-0.17491520644952824
15895,-0.06481083961361538
15896,-0.18622735190835163
15897,0.20072708300211567
15898,0.008277001906872616
15899,-0.1428697505235034
15900,-0.7221596222447557
15901,-1.1622766207212372
15902,0.23595967215543168
15903,1.0709902483436569
15904,-0.08376383461748423
15905,-0.1824702683615316
15906,-0.07155043852875281
15907,2.060146669690778
15908,-0.8103981738550952
15909,-0.21392083571721704
15910,-0.23176741531876405
15911,-0.0820054944032993
15912,-0.789080319724977
15913,0.829971313115503
15914,-0.9633156650737387
15915,0.21841026019703078
15916,-0.26338649010380816
15917,1.7844184696406105
15918,0.3779631395482847
15919,-0.12534725456475157
15920,-0.7469114363774846
15921,0.3896135312211865
15922,-0.17822320482982357
15923,-0.5962231802017415
15924,0.4716974082095124
15925,-0.17381423641129698
15926,-0.8447157771840311
15927,0.23861764862037055
15928,-0.049657046126091606
15929,-0.08506384775906424
15930,-0.06665118067060338
15931,-0.22348552788428835
15932,-0.5171061890983472
15933,-0.7498356736156452
15934,-0.5182350173158742
15935,-1.0377568947610418
15936,0.552512775855356
15937,-1.5054540761374884
15938,-0.10217136154999726
15939,-0.25932158436798824
15940,-2.2201510561494486
15941,-0.44554225739104186
15942,0.18988485577397146
15943,-0.04179821783801015
15944,0.1823829058933191
15945,-0.15000905405739903
15946,0.12029773085714328
15947,0.4488357966135132
15948,0.22377966501525526
15949,0.16621493658358444
15950,0.4015845679396095
15951,-0.06513451711688201
15952,0.4914979506297088
15953,0.09304490874786822
15954,-2.001165147242072
15955,-0.035650083088062404
15956,-0.8659868288147229
15957,-0.08833340373531443
15958,0.4797248349157237
15959,0.09779087049850145
15960,-1.6375599557333576
15961,-0.15312418083736598
15962,0.2202276366983144
15963,0.32223603802287176
15964,0.15866601590866258
15965,-0.039459478751736284
15966,0.16179294030744068
15967,-0.8771131248821927
15968,0.140547393412957
15969,0.0761760775804536
15970,-0.8706059710280643
15971,0.0565900344848515
15972,1.7029000635610099
15973,-0.8597680725408877
15974,-0.1333938749215558
15975,-0.10767745829300511
15976,-0.22438205552697463
15977,-0.11081272201947118
15978,-0.12099986929774181
15979,-0.034930592216455815
15980,-0.07471026864530636
15981,-0.31571662857067073
15982,-0.17344038211062496
15983,-0.11438544103092674
15984,0.8340772555864538
15985,0.14410071984532083
15986,-0.10066040738925128
15987,0.1865774147173487
15988,-0.9424203584904123
15989,-0.030420250042178347
15990,0.2003901208220876
15991,0.2662805069934353
15992,0.23080104770768342
15993,-0.06294338478122272
15994,0.12798046018038498
15995,-0.8576209048418887
15996,-0.11819515285843461
15997,0.06017484378708956
15998,-0.9720661021815721
15999,-0.08254230605975046
16000,0.09614897250054749
16001,0.4952025486019664
16002,0.21965973598212185
16003,-0.9219834288834067
16004,-0.12190826031354528
16005,0.15139118412705488
16006,0.04121504956161023
16007,0.4781426964401595
16008,0.08340414356240541
16009,0.14058618153215346
16010,0.10528778167657828
16011,0.10694573352207574
16012,0.2726280252249784
16013,0.41853286700094905
16014,0.13076184786780493
16015,0.6838090963458486
16016,-0.05491196909575452
16017,0.5105105049369261
16018,-0.21143053258249236
16019,-0.7223298153861591
16020,-0.02431331468530057
16021,-0.2418390992889831
16022,0.2799370989810253
16023,0.06918531587408672
16024,-0.2595751660637
16025,-0.8534952563340559
16026,-0.19625133279221899
16027,-0.2627351465353803
16028,-0.6306177579987613
16029,0.16860684586180608
16030,-0.08669283723268417
16031,-0.30551323107094513
16032,-0.3459387957933542
16033,-0.247118843756439
16034,-0.04667768982293829
16035,-0.3226916285251754
16036,-1.224460813948155
16037,0.12781850264022462
16038,-0.11167126382406217
16039,-0.32522422965099146
16040,-0.46849773594699357
16041,0.010061101163350992
16042,-0.24236212875423946
16043,-0.26656446864280736
16044,-0.5818031002723375
16045,-0.22564368961861334
16046,0.13336932429581555
16047,0.03677057003751679
16048,0.010023999897921666
16049,-0.33415480377606416
16050,0.20778914238495047
16051,0.3085394522106497
16052,0.023800534121895117
16053,-1.3659338943385282
16054,0.036306670395702144
16055,-0.6686013602864347
16056,0.05570730584542204
16057,1.1675290339285465
16058,0.1395775874423672
16059,0.22998563445656847
16060,0.057033956548845334
16061,-0.2973551585952008
16062,0.2174907149053114
16063,-0.2692875468180037
16064,0.12240320921989696
16065,-0.40494116065613645
16066,-0.2954516088572877
16067,-0.5692795747760973
16068,-0.24616418869148907
16069,-0.13743335169523802
16070,0.29463445204204275
16071,0.0321409494758076
16072,0.10379074148516053
16073,0.2774814456311693
16074,0.0038046607478802743
16075,-0.20679034169435204
16076,0.18600437293338695
16077,0.01609110843044673
16078,0.08695057937447223
16079,0.8431664989037775
16080,0.028860645970515166
16081,0.4518100863414732
16082,-0.21347802997922208
16083,0.15827394406943474
16084,-0.2449103185527183
16085,0.22161152460607364
16086,-0.7757326700225489
16087,0.10794284191728595
16088,-0.5216552760379403
16089,0.14414851608367957
16090,0.15157795662945692
16091,-0.5495703386230634
16092,0.1049933187365562
16093,-0.6978488314251149
16094,0.17374299160766657
16095,0.2677417694734326
16096,0.1678552898472737
16097,-0.37802145228758355
16098,0.08577903827314094
16099,0.1676752353100711
16100,-0.7047607630917962
16101,0.04625670300697161
16102,-0.7086221114652872
16103,0.6778246401773409
16104,-0.7272943180390026
16105,0.14602040281932696
16106,-0.9619927583770604
16107,0.14826100471895334
16108,0.10876763615448014
16109,0.47561230470295396
16110,-0.6625714749677514
16111,0.2513492185467358
16112,-0.5021916770455881
16113,-0.8229797688438812
16114,0.03873142140038532
16115,-0.29771031529386727
16116,0.17016216236498238
16117,-0.7824843349363343
16118,-0.714056782493041
16119,0.18173874562884088
16120,-0.39640289878463275
16121,0.11123661287925225
16122,-0.24116001222756736
16123,0.030843423309735975
16124,-0.9990982851343803
16125,-0.5243298466895923
16126,-0.09194587728180287
16127,-0.10118795242823621
16128,-0.6544772055029441
16129,-0.041858682382246826
16130,0.3427334954209485
16131,0.4834600368289502
16132,0.5859432203783956
16133,-0.052434912897811776
16134,0.2486881708737943
16135,0.34592961419347995
16136,0.5377003982527859
16137,0.024582113722858817
16138,-0.5116220708251944
16139,-0.30369179542848396
16140,-0.7483832644015331
16141,-0.47123593446606693
16142,0.22804184930398425
16143,-0.21078339607066524
16144,-0.6444246525660772
16145,0.3516291022416841
16146,0.06077536220206518
16147,-0.19621111751462234
16148,-0.3408536695041011
16149,-0.4563245760329211
16150,0.5110740397000434
16151,-1.0187549509250706
16152,-0.15262175657356303
16153,-0.5481600320811059
16154,0.25673917330403556
16155,-0.8262327312771536
16156,-0.17861053188972553
16157,-0.840117064640091
16158,0.3288922553298437
16159,-0.9236257037902541
16160,-0.11821105587275946
16161,-0.6236809951742941
16162,0.4124131040776911
16163,0.8365496038903999
16164,-0.19310832721758947
16165,0.6016159381030166
16166,0.13103671514503987
16167,0.33491456564843863
16168,0.23094889312004988
16169,-0.9700725799816693
16170,0.21413962339968928
16171,0.6886171537458261
16172,0.21443846998337435
16173,1.0756277983229352
16174,0.49246453923266914
16175,0.11066126426148788
16176,0.24299693389666394
16177,0.4243033405414173
16178,-0.8419912737919032
16179,-0.15721947469425523
16180,-0.596957036732191
16181,0.28259835257832205
16182,0.5510918594878937
16183,0.7630086480532299
16184,0.35909065817233515
16185,0.7249362256145783
16186,0.5744575414876933
16187,0.6750169550683107
16188,-0.19608057286702424
16189,0.9199557672562143
16190,1.0746697338315976
16191,0.551020796088091
16192,1.134017932216174
16193,0.3584288678283543
16194,0.9457698807661264
16195,0.1405257214030064
16196,1.0974736782460641
16197,0.1000419391994883
16198,0.35174307195441645
16199,0.6521667983119895
16200,-1.0211781166646727
16201,0.47675058670911113
16202,-1.143596693882086
16203,0.37925986373065074
16204,-1.1080603998836758
16205,-0.4390126912274578
16206,0.4227885513285613
16207,-0.8742704240813884
16208,-0.18206113540646526
16209,-0.4619101720956863
16210,0.5513060643771349
16211,-0.8535817682447905
16212,-0.17592217765806858
16213,-0.19400845728034344
16214,0.2703052640051619
16215,-0.7578816945608584
16216,0.12217813242136366
16217,0.3746332372826715
16218,0.05519101798189482
16219,0.11604939841526736
16220,0.44525875254670155
16221,0.9621180233308755
16222,-1.7780628306030293
16223,0.026564957808719685
16224,0.017902567477405693
16225,-0.37252461212963756
16226,-1.4163262176926223
16227,-0.23866039803706554
16228,0.06828031630891189
16229,-0.22587870098921414
16230,0.16821055510001923
16231,-0.7015844661579691
16232,-1.4116098242656787
16233,0.006351423870576956
16234,-0.7086381951769207
16235,-0.31855617022568766
16236,-0.1533041454112719
16237,0.12761736538965393
16238,-0.7532427265803623
16239,-0.21124517794490913
16240,0.1144620100548688
16241,0.1283805747595153
16242,-0.7485193488727283
16243,0.037970521548794114
16244,-0.06484363437525109
16245,0.14619685222421722
16246,0.5019428704098836
16247,-0.20133388292928708
16248,0.14254369826109223
16249,0.15672506414320345
16250,0.10790601158470116
16251,0.15379415615446831
16252,0.2541421789247493
16253,-1.546508631311861
16254,0.09353920563477025
16255,0.06037809921609817
16256,-1.8283976841001819
16257,-0.10871048849384717
16258,0.4462543284023902
16259,0.022376908971282913
16260,0.1550252693744733
16261,0.34055013232153697
16262,0.18976753805959526
16263,0.0027080462608602683
16264,0.15827034405872042
16265,0.11517111957460927
16266,-1.9979361274739231
16267,0.006794031767730309
16268,-1.1546903953739867
16269,-0.03841264213844731
16270,-1.3989048839612752
16271,0.022574860429793998
16272,0.25144002255222586
16273,-1.839996892621484
16274,0.026383157998437736
16275,0.46842822891579594
16276,0.1215028138137557
16277,-0.12199496357029184
16278,-0.14684173574973983
16279,-0.12426838314276058
16280,0.18267575053966242
16281,0.14948412346833337
16282,0.11910473167568902
16283,-0.20139898787643207
16284,0.20893523649547305
16285,0.17665991298856568
16286,-0.14432697720330281
16287,-0.6751013762315937
16288,-0.12055853897832204
16289,0.2550479147651942
16290,-0.3866234735207188
16291,-0.6776266868977742
16292,-0.26386094529496024
16293,0.5729664468281235
16294,0.09076182607714635
16295,-0.8341970263121269
16296,0.4973010647004533
16297,-1.4033010092632954
16298,-0.3609907010033697
16299,0.3781553724176431
16300,-0.7547113313564652
16301,-0.5922043136537063
16302,0.3633161689024748
16303,-1.255510477656691
16304,-0.38178138899677067
16305,1.0301055603796396
16306,-1.2208131408354066
16307,-0.3210661037634255
16308,0.9472643807927743
16309,-1.2573521228919746
16310,0.9273047846073753
16311,0.10429749302428601
16312,-0.793112379835966
16313,-0.9230743055716402
16314,-0.045924105831611196
16315,0.7103978378660121
16316,-0.753833088432436
16317,0.6288833050625556
16318,0.8115875000475119
16319,0.11570521142277869
16320,-0.78671119034177
16321,0.3416088147157334
16322,-1.160031601726567
16323,-0.0021843411634079155
16324,0.46496622221004164
16325,0.4538110874239055
16326,0.38305113488638803
16327,0.3819480433661153
16328,0.6984058083219943
16329,0.1555132547759121
16330,-0.3162390485195732
16331,2.2090600473398325
16332,0.6653574262018607
16333,0.47129255510231516
16334,-0.43396118927425437
16335,-0.8380418639071169
16336,0.17144996606497084
16337,-0.4212624181766691
16338,2.2260955305302716
16339,0.4474078230727658
16340,-0.19294627798777886
16341,1.902383194379114
16342,-0.7782613417972734
16343,0.4072695493298704
16344,1.3168714132928192
16345,-0.7886145895310098
16346,0.48936384348126216
16347,-0.5383461579008673
16348,-0.02222857375114936
16349,0.27671936125868357
16350,-0.7230156824707363
16351,2.1148046464033086
16352,0.45206334735179987
16353,-0.09115927982326114
16354,-0.16076199982566938
16355,-0.5265848992205656
16356,0.1228119504504527
16357,-0.06074820788617358
16358,-1.244481184622591
16359,0.015501402172355466
16360,0.08350637925490637
16361,0.46614035020877587
16362,-0.483083989471378
16363,1.8816211313370572
16364,-0.0714650161903959
16365,-0.45684838504172376
16366,2.262098819375716
16367,0.47621654716109163
16368,-1.0034132507730593
16369,-0.14291443572195195
16370,-0.5396560519898621
16371,0.263765075473551
16372,-0.07114048088385519
16373,-0.21760522896693554
16374,0.4535210577569378
16375,-0.5858967130573762
16376,1.7300461178506001
16377,-0.12584006364937816
16378,1.88036511832948
16379,-0.4931149124828275
16380,0.10690730700287181
16381,-0.7428926185449715
16382,-0.2996414219211815
16383,0.2400481511581352
16384,-0.735229603040974
16385,2.284885298836605
16386,0.6523702319523481
16387,-0.9883060753599011
16388,-0.06071222178139215
16389,0.3281602692799166
16390,-0.80540544533761
16391,-0.12366575523626634
16392,0.025257653193701372
16393,0.27495350281800396
16394,0.39337496963487745
16395,0.4784201983162385
16396,0.2926668178335428
16397,0.260229780773121
16398,0.3778971886898907
16399,0.6209332666865229
16400,0.24208036937813607
16401,0.20440903901758528
16402,0.2906668178335428
16403,0.09115247456111696
16404,0.4040732403013824
16405,-0.9089199035845824
16406,-1.0185825666508648
16407,0.5368280167147376
16408,-0.8358008540165579
16409,-0.9509562864436741
16410,-1.02344544480706
16411,0.4380058475235221
16412,-0.7160967465351153
16413,0.6021838161872679
16414,0.4334908620529708
16415,0.26532320916937563
16416,0.24839135116061842
16417,0.01985961779848201
16418,-0.12538605307701325
16419,-0.9832734600681612
16420,0.3343800201290538
16421,-0.30590714963199866
16422,0.1987680140786029
16423,-0.8525713405014823
16424,0.22673425404092287
16425,-0.7169981638978621
16426,0.36819954651588477
16427,-0.8403204921918385
16428,0.38657808522351605
16429,-0.916994041016887
16430,0.3682316051311296
16431,-1.0541721009751743
16432,0.37182267549308246
16433,-0.026140393222724698
16434,0.17611447350484571
16435,0.1984876001577798
16436,-0.49891059516609715
16437,0.5239134488483624
16438,0.18995278030130114
16439,0.5833935132804476
16440,0.5985789963821748
16441,0.016006950933158647
16442,0.32330860968235875
16443,0.5840222311822271
16444,0.267940000972123
16445,-0.1256651558770418
16446,-0.6707532818836213
16447,0.38314445538870084
16448,0.4212078448974494
16449,0.2597671170379423
16450,1.0849224991745603
16451,-0.0028042896803205345
16452,-1.1696416613246352
16453,0.5288051954304608
16454,0.35302397575405425
16455,-0.48503639487439726
16456,0.49056754932014573
16457,1.0534950643539345
16458,0.3898106215508543
16459,-0.06763711718351703
16460,0.4035156530153977
16461,0.9834392916441669
16462,0.6234965219434208
16463,-0.25703569445082286
16464,0.6100565999107619
16465,0.5898359076998245
16466,0.45570587250334066
16467,-0.11111729712170326
16468,0.29868025709268464
16469,1.2072553659474057
16470,-0.1645643110142376
16471,-0.734477802727991
16472,0.9321790399959324
16473,0.3079194590262546
16474,0.7901737210504419
16475,0.3201265082985335
16476,-0.30307616521596736
16477,0.292106932108829
16478,-0.5670201026164993
16479,0.30561851187869954
16480,0.365095236905459
16481,0.32016950933214483
16482,0.28223348295229
16483,0.8978534907518029
16484,0.3189567657946559
16485,-0.13203365541742118
16486,-0.08183522017910883
16487,-0.22520018552157942
16488,0.49583140998762465
16489,0.08460501214200597
16490,0.5433275074112397
16491,0.42509576544465766
16492,0.15425823334466748
16493,0.9136699640220305
16494,0.6701977364879285
16495,-0.18119400843469383
16496,-0.6090117482899475
16497,1.0537404080056931
16498,-0.11260041065328687
16499,1.0512144419052578
16500,-0.1800520199936617
16501,-0.6108532165574548
16502,1.0137123134351456
16503,-0.006850404762779973
16504,0.9425284572719836
16505,-0.16055880109144668
16506,-1.0962182213480036
16507,0.770246503460511
16508,0.21883484950913462
16509,-0.10496099640019488
16510,-0.6080307017633206
16511,2.0649723807662923
16512,0.211687091540016
16513,0.07144973190654362
16514,0.7246062291305868
16515,-0.6146335288590662
16516,-0.374539661243219
16517,2.112237013900104
16518,-0.821875030821871
16519,-0.045349102273667244
16520,-0.13783471392769456
16521,-1.7755007612321776
16522,-0.285867639849106
16523,-0.08094381996274534
16524,0.26549792428345426
16525,0.1651611437050397
16526,1.0469539644110089
16527,-0.16274189354753077
16528,-0.07540338326736779
16529,0.18681284976646864
16530,0.8033415432190936
16531,-0.00020624374154348005
16532,-0.07951742897208262
16533,0.08733359707004974
16534,0.24853376763627671
16535,0.929820039785914
16536,-0.1483972213517507
16537,-0.6410071707044643
16538,0.19936042129011222
16539,-0.021358215025287754
16540,1.1229772881077775
16541,-0.21314837515251617
16542,-0.10342065588894098
16543,2.0559470854437234
16544,0.0939166433408724
16545,0.40767723688861485
16546,-2.1665788422032755
16547,-0.03686469450007211
16548,-0.0764399111308424
16549,-1.554864351372285
16550,0.9223867912257007
16551,-0.16394466009145242
16552,-0.19328578364927376
16553,0.20321101491128116
16554,0.1377980425639137
16555,-0.047220300885272966
16556,-0.10209247965116906
16557,0.2276986994421674
16558,0.2257548764793495
16559,-0.16731435916919254
16560,-0.0831064278487206
16561,0.6695969219656956
16562,0.0653371612939285
16563,-0.06736868408752833
16564,-0.09854849134218416
16565,0.28404858703188085
16566,0.15334492942406014
16567,0.42268908219500445
16568,0.15462919358244426
16569,0.782319569150808
16570,0.25573314783934437
16571,0.30771647984947065
16572,0.6357634957916571
16573,-0.10447309481196061
16574,-0.06673846586661344
16575,0.3305454679786311
16576,0.7781202621936403
16577,0.21954929459542952
16578,1.573648073692448
16579,-0.015743006403759113
16580,-0.7824409202086277
16581,1.4860080084004752
16582,0.12285836424479936
16583,0.4443904527762484
16584,0.29588568860579234
16585,-0.07570644456974282
16586,0.09224190856477847
16587,-0.25480095576657774
16588,-0.5573223390748222
16589,-0.04271379250749202
16590,0.11098299868916991
16591,0.06249982603831328
16592,-0.918860494518916
16593,0.4543708263263305
16594,-0.19072158179581059
16595,0.24164194000188974
16596,0.11350811622412256
16597,-0.3175079803375282
16598,-0.8322453111974013
16599,0.37219042364569305
16600,0.25654297858080816
16601,0.28377957136683574
16602,0.0590695207024495
16603,0.07949575467927067
16604,0.27400529289700293
16605,0.11501797671708441
16606,-0.21930636408989082
16607,-0.5155587588338411
16608,-0.3872089942947881
16609,-0.208638495172367
16610,0.2736781539660496
16611,-0.1578040538772469
16612,-0.2606405248357939
16613,0.25061269805723524
16614,0.12958582547087677
16615,0.05579160509632791
16616,-0.42989019040275944
16617,0.12732895172751857
16618,0.11900352331805997
16619,0.18142399139608653
16620,-0.7952650485344761
16621,0.22642413096343436
16622,0.009688233912343351
16623,-0.5510203924661201
16624,-0.8237157773808236
16625,-1.1934140412378509
16626,0.06752076875941669
16627,-0.5469249493830014
16628,-0.8526939526421096
16629,0.2374275653175592
16630,0.49239521516667323
16631,-0.6109737165304187
16632,0.9075493483022341
16633,-0.733548635428396
16634,0.20726700645923737
16635,-0.8118978370568322
16636,0.09440658832465572
16637,-0.8987008464865086
16638,0.43098696911026757
16639,0.19508987500694072
16640,-0.586808165863412
16641,0.11697566912592067
16642,0.07529504060315262
16643,0.10617358683469748
16644,-0.4135483771310738
16645,0.6463965149263379
16646,-0.8714553765484013
16647,-0.09053309593057611
16648,-1.02496579735469
16649,0.01792742453628258
16650,-0.9276173718524444
16651,-0.04910386265822754
16652,0.5272270418026525
16653,-0.9825413255300434
16654,0.06414110242032779
16655,0.14440421084497682
16656,-0.07621468516158031
16657,0.40341760966377094
16658,0.06321081335391747
16659,0.2647495951058837
16660,-0.3701252085704517
16661,-0.7663101740656695
16662,-0.039348434802402646
16663,-0.8904453970631409
16664,-0.20949505106632627
16665,-0.8407677598034765
16666,-0.16269246875868218
16667,0.17955980241136768
16668,-0.8482026925942109
16669,0.16818577168193463
16670,0.16380547150378005
16671,-0.7138471953346568
16672,0.03301660618054391
16673,0.3620756292292701
16674,-0.7924352818252111
16675,-0.2832250832611841
16676,-0.5389966950733213
16677,-0.2135528776154739
16678,0.07275174180428509
16679,0.3693487757889862
16680,0.950248344814743
16681,-0.47883098393510126
16682,0.12323013138959629
16683,-0.04462388913109201
16684,0.28444322060735333
16685,-0.13186962094904503
16686,-0.7197909488553673
16687,0.5051735637829583
16688,-0.9360971703309069
16689,0.3463440966939598
16690,-0.31217210905840387
16691,0.03536653720161357
16692,0.18593031947754998
16693,0.004438100588521944
16694,0.16474439981444253
16695,0.23336425985619053
16696,0.850764486108798
16697,-0.0887004737399146
16698,0.06492832742529765
16699,-0.0818753641614795
16700,-0.09187883622172646
16701,-0.28354263458785745
16702,-0.19598572840116235
16703,0.20430744211918747
16704,0.7850903596751031
16705,-1.052410638398067
16706,-0.07914899562466646
16707,-0.010616629957055363
16708,0.43650377140392954
16709,-0.08843969339908477
16710,-1.0573491526243377
16711,0.3934886119489204
16712,0.2950439710410236
16713,-0.12189290688782285
16714,-0.9274339294312043
16715,0.18714955503526007
16716,-0.8234198684056366
16717,-0.22598067243985978
16718,0.346034221997455
16719,-0.8810937531871291
16720,0.26933315467360364
16721,0.516437949607522
16722,0.6498570203777733
16723,-0.25199536469543066
16724,2.01700758793482
16725,0.1417460424312238
16726,0.32774027840316045
16727,0.2892099113084567
16728,-1.0160676206364458
16729,-0.05707560492155612
16730,-0.24344089433832738
16731,0.908644163969742
16732,-0.033123051802172655
16733,-0.43709895505348545
16734,0.40024792587825514
16735,-0.4251444237989971
16736,2.1181291059393383
16737,-0.7292639608346626
16738,-0.09534857124737575
16739,-0.7889807135147452
16740,-0.06134744976243731
16741,0.48621432657129593
16742,0.43198415373845966
16743,-0.5627492121474048
16744,1.8890037394665162
16745,0.38423549287686665
16746,0.4408174577228535
16747,-0.1947372920427032
16748,-0.9499531867127626
16749,0.03590816308569387
16750,-0.02281706074622935
16751,-1.649562722920823
16752,0.042637451042227194
16753,0.2660223475898342
16754,0.2811248411019304
16755,0.00783678690113466
16756,-0.7308715359208056
16757,0.13036728102346795
16758,-0.5943593962520364
16759,0.4871187655232559
16760,0.03610855472006818
16761,-0.8278836214602429
16762,0.7594809978573269
16763,1.0567404890410879
16764,0.7373414691879641
16765,0.2427962060451179
16766,0.3551421237067458
16767,0.3180846329434974
16768,0.3054641903172086
16769,0.1368780463805868
16770,-0.9570237891147332
16771,0.27388379052285144
16772,-1.8103711461674805
16773,0.19991910176184693
16774,1.746142399612713
16775,-0.8058849013861868
16776,-0.1511707652670991
16777,0.45745157592175084
16778,0.3473628775473908
16779,-0.04553514813383544
16780,-0.050789209398753525
16781,0.8780646952843091
16782,0.4812934107469378
16783,0.6668071624767501
16784,-0.752994926830096
16785,0.4765218598265532
16786,-0.109710669076735
16787,-0.07544731246668082
16788,0.4145419050826825
16789,-0.04249293049178513
16790,-1.0273068731270683
16791,0.3064246377039767
16792,0.2686865552493282
16793,-1.3347733140359905
16794,0.011200692372204191
16795,-1.1414994628207422
16796,0.47049782669074036
16797,-0.015267829614010906
16798,-0.13635748854333482
16799,-1.03945660745488
16800,0.5558345361577732
16801,0.04152224899790282
16802,-0.2820243305952846
16803,0.05264175484588375
16804,-1.0443607191998874
16805,1.2991972744226334
16806,-0.9191308862426449
16807,0.5122954000908151
16808,-2.4677730388780548
16809,0.20942018889197003
16810,-0.981165437467703
16811,0.781381387923318
16812,-0.2066062744687332
16813,0.3439704710863986
16814,-0.10264610904830866
16815,-0.05724527758720703
16816,0.38293158706773056
16817,0.34993355010425775
16818,-0.18765469539750235
16819,0.5436139287497469
16820,1.073774469087038
16821,0.36887464881723414
16822,0.3587760717147154
16823,-0.09837708301384276
16824,-2.035382132234643
16825,0.24657538969857593
16826,0.07017826459383493
16827,0.5395639883364388
16828,-2.4023232269022534
16829,0.004207737606061115
16830,0.5508763703704861
16831,0.7914806777089604
16832,-0.646726130118879
16833,0.00023145690525007634
16834,0.5990120381157296
16835,-0.08537296569185916
16836,0.32888247977323176
16837,0.16849697408280284
16838,-0.9360769216729617
16839,0.5201813374737028
16840,-0.1179108292453775
16841,-0.03253292212318932
16842,-0.1712886496311708
16843,-0.05457273052722403
16844,0.15533902311368628
16845,0.18897094786102364
16846,0.8489124355148918
16847,0.010753699576987137
16848,-0.15465956901753383
16849,-1.7546265819962152
16850,-0.15901338416843508
16851,-0.44645046762777363
16852,0.9493052150908011
16853,-0.17298620798565145
16854,-0.6110231297382673
16855,1.9464802856504593
16856,-0.8119983208467817
16857,-0.04418499412516315
16858,2.1298039867659377
16859,-1.041860618737157
16860,-0.707030059499662
16861,2.0817877441648656
16862,-1.1564065403147903
16863,-0.16413096792300766
16864,0.29245338512757546
16865,0.7189975243934987
16866,-0.22740624484777097
16867,0.84447466517247
16868,2.205052737618722
16869,0.5704188409947611
16870,0.2099531911470646
16871,0.6337707320890597
16872,0.33347003610337805
16873,0.995193603113378
16874,0.43721825868199454
16875,-0.8540667260259492
16876,0.9588445076753592
16877,0.5942257355946307
16878,0.1933263550960524
16879,0.9344494528645123
16880,0.6472327314196475
16881,-0.08835071481102204
16882,0.1789988146823856
16883,0.7767699582283244
16884,0.034996590158325465
16885,-0.7220982815570488
16886,0.0033648856306963525
16887,0.5366414204891935
16888,-1.7436357958149584
16889,-0.008906456831336118
16890,0.3478922887139288
16891,-0.13048236711136282
16892,-0.3286259722918651
16893,0.8210239627212355
16894,-1.1007488275570958
16895,-0.7815435341226181
16896,-0.24047056720013074
16897,0.5202889349506952
16898,-0.8983728458068029
16899,0.1208290223687808
16900,-0.12313693049298459
16901,-0.008467926008814065
16902,-0.024320485780427677
16903,-0.8555427754846909
16904,0.2859567971041624
16905,-0.10441086463645795
16906,0.05631062249028189
16907,0.825492775078398
16908,-0.6868975465063675
16909,0.6317053558518944
16910,1.5878246999186025
16911,0.06279113719394236
16912,2.0033323457097856
16913,-0.6139176116303962
16914,-0.051953760622494204
16915,-0.06331887615865432
16916,-0.15344373591250032
16917,-0.2821005825475687
16918,1.6648541944544668
16919,-0.8001441915084426
16920,0.022522059419363034
16921,0.04842235445361392
16922,0.2948524648640471
16923,-0.1826016592498169
16924,-0.3116083524663952
16925,-0.14481086963609296
16926,-0.8149077430076278
16927,-0.12047803194469386
16928,0.1772979585110291
16929,0.3861269797147886
16930,0.6592871737875782
16931,0.4244770986980407
16932,-0.11872721855911234
16933,0.03539032438306855
16934,-0.050904739533899235
16935,0.267391142006739
16936,0.58478175153163
16937,-0.34573197571047753
16938,0.25727991786592563
16939,0.561225585984136
16940,0.36251225950029015
16941,-0.28694432914216317
16942,-0.7651436194568619
16943,0.2215594642820787
16944,0.274606376949619
16945,-0.26023781889833436
16946,-0.6363923541530886
16947,-0.017550066317712568
16948,-0.1855021154929885
16949,-0.30469412170371823
16950,0.27396603440406425
16951,-0.1493331607455685
16952,0.4400067061713531
16953,0.2733208916547079
16954,-1.6885146471630288
16955,-0.43925168459132363
16956,-0.23608514445171244
16957,0.31239651741808244
16958,-0.10384794489083513
16959,0.14709398688366113
16960,0.5452875927015907
16961,0.5250202840653398
16962,0.2133007760220759
16963,-0.008078839489703105
16964,0.26826097875343213
16965,-0.29028726754213935
16966,0.10089809463576516
16967,0.22840847091016178
16968,-0.4590011440259355
16969,0.005319687885218927
16970,0.5521052628060095
16971,0.012780314611235195
16972,-0.2871256890735231
16973,0.27533859549994805
16974,0.15744408234561735
16975,0.06654937177564431
16976,0.027620366054299038
16977,-0.12011438575758555
16978,-0.06098793419273646
16979,0.013483027651030995
16980,-0.1498801771397884
16981,0.05721709263302978
16982,-1.1631908500600763
16983,0.09818880359196598
16984,0.3041949884124359
16985,0.2808013682222374
16986,-0.26637836087365396
16987,0.21347322803061752
16988,-0.11696494764641831
16989,0.12329266225286992
16990,0.21264874290381092
16991,0.0863736438557452
16992,0.13349240621121544
16993,-0.3099492982401546
16994,0.06404060352528253
16995,-0.7304505425551494
16996,0.34497678521309333
16997,0.5579469604138623
16998,-0.6470958013443835
16999,-0.809900119430988
17000,0.10626858148673472
17001,-0.5199440159886972
17002,0.0608219754676886
17003,-0.27428803092499654
17004,0.1939312630321955
17005,0.15448641577431754
17006,0.06133710518798384
17007,-0.8770363917180724
17008,-0.7496505360553908
17009,-0.26193363768143546
17010,-1.1052570570744256
17011,0.4141007044153104
17012,-0.8432873345849125
17013,0.34069872401620854
17014,-0.10305570882998816
17015,-1.0617089215401891
17016,0.06780504340031054
17017,-1.023713975446927
17018,0.2974533105980376
17019,-0.4411216212769381
17020,0.23597501920006997
17021,-0.28086063184520904
17022,0.2876022934072509
17023,0.23963229182063095
17024,-0.2663173035693952
17025,-0.04912970869714192
17026,-0.31975324335234445
17027,-0.32407723470377164
17028,-0.307236950369184
17029,0.015895391303349885
17030,-0.3009333338884384
17031,-0.4842523136254095
17032,-0.2744640821128272
17033,0.2577944943575199
17034,0.26457500915089105
17035,0.5554621815928685
17036,-0.4742726933072108
17037,0.3329010265662694
17038,0.24117612966523982
17039,0.3437433161360822
17040,-0.0997568479022101
17041,0.43819027599423804
17042,-0.0194565722378848
17043,0.33866246459857624
17044,0.1594952402909537
17045,0.176169266171093
17046,-0.8318347453234106
17047,0.17331547794479055
17048,-0.9076303032563281
17049,-0.19979239867694817
17050,0.35089703952488754
17051,-0.9510186885603037
17052,-0.43122773698146155
17053,-0.5803021187845708
17054,-1.289459462328516
17055,-1.0158955955588844
17056,-0.09984190868805042
17057,-0.7733827007256022
17058,0.08495712610479622
17059,0.3910007717712977
17060,0.6940800019743212
17061,0.15800862332569648
17062,0.4748131262508204
17063,0.32411276175013487
17064,0.8708508073555548
17065,-1.501873286573043
17066,-0.07204336113407056
17067,-0.7330616437735249
17068,0.12403614805335747
17069,-0.10418987307681842
17070,-1.009596045972983
17071,0.1233875268969025
17072,-1.245084853501586
17073,0.31119678013921104
17074,0.5193680799282749
17075,0.18712818860591207
17076,-0.15105455588583733
17077,-0.9402447754834468
17078,0.12600264723448862
17079,-0.5438228649732304
17080,-0.19802984511201435
17081,0.0579658946241851
17082,-0.6334549931758918
17083,-0.30770863401525916
17084,-1.844643523558501
17085,-0.6711834815724922
17086,-0.32683975585662806
17087,0.09202459230320546
17088,-1.522602744771685
17089,-0.30944881110736194
17090,0.3288599185083976
17091,-0.1644142993610954
17092,-1.7034974241748535
17093,-0.06431418031546646
17094,-0.15605578135405415
17095,0.9189651795250708
17096,-0.25448757540795086
17097,-0.03641953589820735
17098,0.20250538913652247
17099,0.864392209022216
17100,0.6917003173117982
17101,-0.08145459241126107
17102,1.4189319307611723
17103,-0.5428725673963033
17104,-0.21977972763196488
17105,-0.04954976098723001
17106,-1.4933097087571499
17107,0.021054909243730813
17108,0.15386116376724407
17109,0.014460823302870672
17110,0.0005794659207253596
17111,0.09660771287879472
17112,-0.11417727074193229
17113,0.5769881795086231
17114,0.3972077964445049
17115,-0.1642099692366824
17116,-1.4759752118774083
17117,0.039445799313810266
17118,0.4686469334326487
17119,-0.32538359078312745
17120,-1.3830763135680502
17121,-0.1350942260825983
17122,0.3495153521396099
17123,0.07465054078208207
17124,-0.2887541081522501
17125,-0.03752471068129648
17126,-1.02977918973832
17127,-0.12325773992035471
17128,-0.17734742022473246
17129,0.21375507786117318
17130,-0.18524881440917923
17131,-0.07787697686048518
17132,0.19298585127342005
17133,0.3372180623234468
17134,-0.23042922485438114
17135,-1.7366078311076272
17136,-0.11269064318412955
17137,0.6316358718338471
17138,-0.031050667903492448
17139,0.14350994213455454
17140,-0.5233395731749128
17141,1.0543723248333106
17142,0.27920272933860923
17143,-0.15640426414262057
17144,0.13589086289400343
17145,-1.0486395490418092
17146,-0.03489862981732365
17147,0.15745780421369823
17148,0.33939565486377565
17149,0.12013573940370297
17150,-0.7017226590432797
17151,0.628179956556903
17152,0.7478417353992141
17153,0.4012808378673121
17154,1.0227652018968714
17155,0.2177239019350691
17156,-0.4013735803234679
17157,-0.07755864908622458
17158,0.3536775740151298
17159,0.568958631354257
17160,0.3528881761448785
17161,0.20058493796764276
17162,0.7096981184195994
17163,0.2264251600325509
17164,-0.25820321772711113
17165,1.9818053278074403
17166,0.3493150156117251
17167,-0.8965969902862818
17168,-0.1443553939473783
17169,0.3587338844366448
17170,-0.0496094660684473
17171,2.1025229706843596
17172,0.1469718248295472
17173,0.1103527618544179
17174,1.726075796025029
17175,0.17664305907703431
17176,0.09607519855037558
17177,-0.3619654972189826
17178,1.8488012835830059
17179,-0.8823767952740753
17180,0.3323994250814845
17181,0.385564378461251
17182,-1.105589236598367
17183,-0.06629171210198835
17184,-0.1419987123871304
17185,-0.013118821740390692
17186,-0.5795699887170964
17187,0.20731700323197677
17188,0.08393355854620545
17189,-0.6438216143211877
17190,0.25284733123105824
17191,0.3248091531850174
17192,0.24479252551012592
17193,-0.4366685190873986
17194,0.18405119491882047
17195,0.5507609183034061
17196,-0.6004259656244844
17197,2.296123071318838
17198,0.4442512278914742
17199,0.5461324568658961
17200,-2.359500288588649
17201,0.06268999287241142
17202,-2.0371301201321135
17203,0.3095272748346819
17204,-0.20973236663098946
17205,-1.4892766405359503
17206,-0.11102691642353782
17207,-0.11611489392747137
17208,0.3526089511347358
17209,-0.2843734967840192
17210,0.5672166802924085
17211,0.27038401889935393
17212,0.42185104848046623
17213,0.29260401480690934
17214,0.28877317857125695
17215,0.15272219500277956
17216,0.7469679137270412
17217,0.211581080052079
17218,0.9552029247685024
17219,0.2940963753960205
17220,0.2903263945665771
17221,0.39618812108606827
17222,0.5471755939163071
17223,0.21348753248768507
17224,-0.24431513698655508
17225,-0.9246415704947555
17226,0.7901679499748542
17227,-0.03331138160254381
17228,-0.3560238524713016
17229,-0.35090034979943646
17230,0.5588906646206004
17231,-0.40310020250732603
17232,0.4937424716510174
17233,0.33438920511143183
17234,-0.8586223933728498
17235,-0.3310172968828572
17236,0.3552191818333187
17237,-0.2995404230817501
17238,-0.10859587547301311
17239,-0.7133441494522003
17240,0.7582949198354828
17241,-0.2926109629871139
17242,-1.1061221431375607
17243,-0.1820408297727299
17244,0.2314885749512962
17245,-0.25840260437020907
17246,-0.983892762159939
17247,0.476008945701722
17248,-0.7942798294493786
17249,0.5695269898319422
17250,-0.2485860103335289
17251,0.13002364164324548
17252,-0.25494640899695625
17253,0.17609601523014587
17254,0.31149482502297177
17255,-0.19415667197149858
17256,-0.18996026895412363
17257,0.2997077216387728
17258,0.2122018982138606
17259,-1.1024537040454463
17260,0.49769792575447663
17261,0.48136917305490895
17262,-0.14641492535614706
17263,0.31284230017427406
17264,-0.016232757979465485
17265,-1.0006929589901181
17266,0.5099423920269834
17267,-0.20313889212535868
17268,-0.6627109744577849
17269,0.5469101362467345
17270,0.5017889742123657
17271,0.6209623722079641
17272,-0.16245562319712803
17273,-0.6930602576626342
17274,0.6793528969422404
17275,-0.27091380020047273
17276,0.16368275975104768
17277,-0.8743589681741115
17278,0.6273094010117822
17279,-0.35668928428073093
17280,0.6804105131461589
17281,-0.18598148479138923
17282,-0.08933558440074395
17283,0.11646448347217393
17284,0.012176025195247703
17285,-0.11763554056042072
17286,0.40239866174579936
17287,-2.3679417628416166
17288,0.516241729933297
17289,0.10266350077119094
17290,0.39247317022470163
17291,2.0118832823304853
17292,0.5747171738528076
17293,-0.15809943910124974
17294,-0.5090346529596579
17295,1.9722570038491898
17296,-0.8394461494757725
17297,0.3438822988668545
17298,2.0728091260043446
17299,0.5031443406452021
17300,-0.1281793653455358
17301,-0.6432795806896632
17302,0.8106731097097406
17303,0.4225029805347906
17304,0.01805408872575691
17305,-0.11869947315479712
17306,0.22829146424981542
17307,0.14959090318192464
17308,-0.19402333943268427
17309,0.4578907472667138
17310,-0.15623885453906616
17311,0.7611045406183763
17312,-0.013405580714590682
17313,0.22668541106413098
17314,-2.4318977765702763
17315,0.587481415029027
17316,2.2714488922520877
17317,0.7038979652573873
17318,0.828235610944279
17319,-0.23623157547801532
17320,-0.07555440858569526
17321,-2.0890422598887786
17322,1.3816949213396554
17323,-0.10769396753175464
17324,0.10814839661940244
17325,1.105865270557916
17326,0.5285374288982778
17327,1.0000293270589309
17328,-0.31254108894968063
17329,-0.24412212463043795
17330,-0.6150091589742084
17331,2.0549770136226044
17332,-0.9102703201063966
17333,0.5135438915587397
17334,0.27950369213549475
17335,0.2797935735672509
17336,-0.08012618626863752
17337,-0.292569985335276
17338,-2.0753110603856104
17339,-0.15054737337273985
17340,-0.5986536918470228
17341,-1.9004486184950367
17342,0.1711354712537635
17343,0.8026339860104882
17344,-0.17822626147568638
17345,-0.022197979747610695
17346,-0.3514090983226149
17347,-0.027366595673551063
17348,0.5982656203377373
17349,-0.14667890763226996
17350,0.8553181873117327
17351,0.7885754035570964
17352,-0.9108698160747095
17353,0.675288439317459
17354,-0.12426995252338262
17355,-0.21123489774516768
17356,0.7757204968399539
17357,0.37541809315848435
17358,-0.20345074977756195
17359,-0.26612953207438006
17360,-0.33882437324980064
17361,0.08109453480250726
17362,-0.29611086161765204
17363,-0.5501134557451584
17364,-0.06271324418686139
17365,-0.19806417702090168
17366,0.06131056501139228
17367,-0.43910078997238655
17368,0.030100815450226203
17369,-0.63752008267457
17370,0.16563967830488846
17371,-0.47113070311744715
17372,0.13967272884035917
17373,-0.8792762721998512
17374,-0.1579192322216899
17375,-0.3517106025137117
17376,-0.9592137591411223
17377,-0.39968846491838184
17378,-0.3267105523050692
17379,-0.8956725359941345
17380,-0.2670647766844456
17381,-0.48121953141478685
17382,-0.16645678962735075
17383,-0.19523108220832047
17384,-0.5648847544872025
17385,-0.09921031469939329
17386,-0.08252348048096354
17387,-0.4066463028081848
17388,-0.29356446118562135
17389,-0.4401702760126771
17390,0.15721674038574823
17391,0.2167305693383803
17392,0.5682750786783844
17393,0.2378644530241249
17394,-0.14894605353011667
17395,-0.2699283988120784
17396,0.1924773583087599
17397,0.240468349128021
17398,0.003967272050877133
17399,-1.3170877942192443
17400,-0.12166836113170547
17401,-0.0396266638404014
17402,-0.7782591972350289
17403,-0.38086507762407107
17404,-0.1993620018400027
17405,0.8897586667152444
17406,-0.6110648041509397
17407,2.151066326943077
17408,0.48561704775865094
17409,0.07702924429211067
17410,-0.5122351932781648
17411,2.112008334889601
17412,0.6384221888580096
17413,-0.8693179333119239
17414,-0.0690121412647236
17415,-0.20789288577272275
17416,0.014722720013793128
17417,-0.7689785712882438
17418,0.6406617133221953
17419,-0.9260981298085528
17420,0.46066684865563745
17421,-0.3498033874765312
17422,0.2094044725411926
17423,-0.7230687760256618
17424,0.13896747785595495
17425,-1.0332272963996663
17426,0.5356969279030325
17427,-0.7745637569500456
17428,0.999857775712395
17429,0.3133196459816622
17430,0.16417686512653146
17431,-0.9185959120830888
17432,0.5223556773239043
17433,-0.9013677111306753
17434,0.38041324446130526
17435,-0.9553569688491255
17436,0.4764256521238693
17437,0.605460374855492
17438,0.36836435329099004
17439,0.6151934710790956
17440,-0.026907383915312312
17441,-0.9744781267222337
17442,-0.16202042502438374
17443,0.01424163486044714
17444,2.1074517319404253
17445,-0.8151107901284754
17446,-0.15796178802838745
17447,-0.6482196249982517
17448,-0.18532869872452465
17449,-0.1327185469331631
17450,1.851263628065102
17451,-0.8697668168942639
17452,-0.1457713039509901
17453,-0.7233413325227624
17454,2.114780757900909
17455,-0.899750913798885
17456,-0.14202695546446656
17457,-0.9846841191474613
17458,2.015761280147611
17459,-1.0038399394635675
17460,-0.6510444925512355
17461,-0.06114306546810676
17462,-0.24493232448880714
17463,-0.10547539871081482
17464,-0.8562117278337155
17465,-0.2950227335320584
17466,-0.2232831722372382
17467,-0.2429073537690884
17468,-0.48341496866491956
17469,-0.32313399772712315
17470,0.1701839371715236
17471,0.25369403957183706
17472,0.0028510139891406816
17473,0.7979615403534346
17474,0.3376311210726823
17475,-0.10119407189688966
17476,0.09896562561925819
17477,0.3596202275035091
17478,-0.8486465913737625
17479,-0.22451581527075096
17480,0.27668964848846594
17481,1.726179938808468
17482,-1.2032757510225374
17483,-0.12301720659674631
17484,-0.26663201976395523
17485,-0.17125616631634474
17486,0.3204488851926478
17487,-0.18731704617456452
17488,0.15975962205067112
17489,-0.7437497399916577
17490,0.14344297453464946
17491,-1.03357927611469
17492,0.11846803503946132
17493,0.0061079824479428405
17494,0.8389093314273294
17495,-0.2874504545953693
17496,-0.5738067290039155
17497,-0.19832359563891258
17498,0.08334008082214134
17499,-0.2957432669822986
17500,-0.5668815951569897
17501,-0.14923105575796708
17502,0.21199956445798437
17503,0.16882925383715006
17504,0.004843492912188337
17505,-0.32082632114838217
17506,-0.48953532429767954
17507,-0.1661321350991346
17508,0.10175311035596762
17509,-0.27358039091637454
17510,-0.6389968543724179
17511,-0.44486261398488164
17512,-0.04895275062065609
17513,-0.24656073955708552
17514,-0.12920237321008832
17515,0.19215940522252178
17516,0.17068082863696327
17517,0.17056866857480318
17518,0.12383497851055686
17519,-0.7174220938851684
17520,0.16212986382251227
17521,0.15317544247769987
17522,-0.3857625032251692
17523,0.031159616327017466
17524,-0.3454763835063872
17525,0.1622139803356469
17526,-0.2585489693355684
17527,0.10131435466106095
17528,-0.43928079895565214
17529,0.18293588323302923
17530,-0.43361666971393725
17531,0.15594809225610862
17532,-0.4153293130022041
17533,0.16263660430305923
17534,-0.4871157240324845
17535,0.17790363996253516
17536,-0.777291536015411
17537,0.1306054105944419
17538,-0.551260885275907
17539,-0.2163367728783027
17540,-0.5816019923843558
17541,-0.23699843000265847
17542,0.2158223532457337
17543,-0.257683059934105
17544,-0.5349773464807476
17545,-0.2346721839611379
17546,-0.011363891177793926
17547,-0.8533093902656501
17548,-0.04737154065180872
17549,-0.6099611928073599
17550,0.3360580476624535
17551,-0.8381976860256853
17552,0.011478059729026015
17553,-0.6208268681079188
17554,0.3650381833071609
17555,-0.8484533963546798
17556,0.2299214993747884
17557,-0.6452848628680402
17558,0.28368473718479637
17559,0.8666207383262271
17560,-0.09466221793810867
17561,0.8076341373087002
17562,-0.8898046472608988
17563,-0.16947781981987087
17564,-0.7789495562884556
17565,0.3883831105762459
17566,-0.0588620762410375
17567,0.17658222212356636
17568,0.06859248110634132
17569,-0.1255562657935195
17570,0.11486603586373703
17571,0.18941588862269354
17572,-0.05711709112156841
17573,0.17894760118864758
17574,0.38168539090037207
17575,-0.04413313557284979
17576,-0.12039643211080225
17577,0.16351037370411808
17578,0.21796006667268547
17579,-0.027214778365713975
17580,-0.14312328260726448
17581,0.1578438420706195
17582,-0.09437841938969567
17583,0.16375899449209744
17584,0.35783216577816435
17585,-0.20022068357087044
17586,0.16852848176021865
17587,0.19501683975967135
17588,0.03468135249101164
17589,-0.18983451352308015
17590,0.1722863629888369
17591,-0.1427232155999537
17592,-0.1421525734472185
17593,0.16457459786034598
17594,0.16329057277486098
17595,-0.08868477323172566
17596,-0.861322254636151
17597,-0.16023750021377645
17598,0.7042887826167434
17599,-1.0788471579174321
17600,-0.1290996129879381
17601,1.0176187858537924
17602,-1.1157784382418432
17603,1.1024936981023907
17604,-1.2031043346141372
17605,-0.5891624869890371
17606,0.8217804039727935
17607,-0.8915224316830712
17608,-0.6749140498451569
17609,0.6231354299436596
17610,-0.8866069632444489
17611,-0.1735470432023092
17612,0.6936901475259905
17613,0.4612348966312433
17614,0.4461578201739216
17615,-0.12842748998016634
17616,1.7079894969205838
17617,0.3464358080965871
17618,0.2577839106258604
17619,-0.658413425111054
17620,2.314944019223994
17621,0.664668746478785
17622,1.7700161362654299
17623,-0.9208950131987163
17624,0.6042612065683043
17625,-0.4690742815954628
17626,2.235923090490038
17627,0.594729607945878
17628,0.16839910847970238
17629,-0.5040683162519034
17630,2.3062579446101745
17631,0.6408584087185386
17632,0.4446246285713928
17633,-0.7283482928325946
17634,2.1089690354164334
17635,0.4812810228459362
17636,0.159300984940749
17637,-0.5534847523906213
17638,2.235876824123883
17639,0.4634451776224719
17640,0.09256517509619108
17641,-0.6373975368221113
17642,2.1883545462749985
17643,0.5949205891613284
17644,0.2939538444196459
17645,-0.3428202667013338
17646,0.30897941595874995
17647,0.3135110544252357
17648,0.2817626323536139
17649,0.26770855539033966
17650,0.3536957511817361
17651,-1.0296566720192057
17652,-1.048959903277203
17653,0.33292626040156104
17654,-0.9029751214756034
17655,0.5158096791908365
17656,-1.0286641926145865
17657,0.3718024927208658
17658,-0.9038454049466929
17659,0.5881353324098125
17660,-1.0254180360966252
17661,0.6917640922878929
17662,-1.0355300557777631
17663,0.3809107361035012
17664,-0.7313875983799312
17665,0.5042199993070022
17666,-0.9514469429173292
17667,0.39565526480553037
17668,-0.9046659434630615
17669,0.5086692196084502
17670,-1.0172863516796504
17671,0.37570019746550715
17672,-0.9944353663622509
17673,0.44528666563176805
17674,-1.0036815975335969
17675,0.39258114322106646
17676,0.27911151531744727
17677,0.5691421692499606
17678,0.5066583696766506
17679,-0.25246557491698823
17680,0.28742120743430266
17681,0.5888916936696924
17682,0.3981369112575369
17683,-0.2726407096865737
17684,0.31268231004792146
17685,0.3576524403932626
17686,0.41811236871228874
17687,-0.2558688650140167
17688,0.5224139322481288
17689,0.3088387408758195
17690,0.3139589504250114
17691,-0.00400466622573267
17692,0.34332243581630867
17693,0.8399236328613833
17694,0.4455042743676896
17695,-0.2335716695205053
17696,0.32784477646723964
17697,0.5893652972921598
17698,0.5391901596334754
17699,-0.25862401182834766
17700,0.31523858810963573
17701,0.2441557796596297
17702,-0.23660064102291245
17703,0.5884109409025302
17704,1.2284003418270277
17705,-0.27002376334641937
17706,0.0567926052875428
17707,0.2821251242759933
17708,0.24506332045171847
17709,-0.18298290653155133
17710,0.3461933135720328
17711,0.6800049408315177
17712,0.36876772249049544
17713,-0.2703800092209915
17714,-0.1605106863635181
17715,-0.2871860592027462
17716,1.89717727377762
17717,-0.6934362900933109
17718,-0.10715897857193127
17719,-0.07282304257358826
17720,1.5634785969756746
17721,-0.8451999938290577
17722,-0.12419329192556243
17723,-0.36003684703182565
17724,2.031669906049708
17725,-1.230294202111569
17726,-0.1588220931327369
17727,-0.5799354992375045
17728,2.074996267826162
17729,-1.2512722727624548
17730,-0.1229973640216906
17731,-0.22485586366975152
17732,2.0213538319953046
17733,-0.8203560163124336
17734,-0.10485191049216092
17735,-0.6048526819809671
17736,2.00062144986694
17737,-0.6978939719763125
17738,-0.163967748485266
17739,-0.6324300426588468
17740,1.668351508591833
17741,-1.1917582453386002
17742,0.23327832237311014
17743,0.3895319547107162
17744,0.21108575279268824
17745,0.4713877160354103
17746,0.4203342508629242
17747,-0.8043069868748802
17748,0.352554234595411
17749,0.2905185301686442
17750,0.13109518741847923
17751,0.7767416583315857
17752,0.7114925085032661
17753,-0.2508632755532689
17754,-0.5992852250136328
17755,0.031013552272922688
17756,-0.06976887913872336
17757,-0.33695665056219426
17758,-0.5834778879699666
17759,-0.23238361100555827
17760,-0.07608777495354506
17761,-0.3117727335978068
17762,-0.9173222751173757
17763,-0.08193870835763574
17764,-0.08885314600828324
17765,-0.26952144112306675
17766,-0.7120130988628317
17767,-0.3347416614657675
17768,-0.028153117622406455
17769,-0.3197884870929332
17770,-1.1343810127535352
17771,-0.019549877769178752
17772,-0.09802359448037204
17773,-0.19441442360434533
17774,-0.6955341889452383
17775,0.03487822686555965
17776,-0.07040635947319898
17777,-0.24194989765766406
17778,-0.5208283743308302
17779,0.038002219929088706
17780,-0.03604638603307271
17781,-0.15756603278227624
17782,-0.6201284462107503
17783,-0.14428592096781764
17784,-0.03362444123622615
17785,-0.330776548931456
17786,-0.8184335481115868
17787,-0.10421594494220456
17788,0.07282884047518275
17789,-0.5030777810093084
17790,0.08266518629746958
17791,-0.38909786401059515
17792,0.05621775392712365
17793,-0.41225789903349475
17794,0.14121283580344435
17795,-0.49409559335444964
17796,0.03538966492096337
17797,-0.4354337457589058
17798,0.05374647811480006
17799,-0.38511655174804205
17800,0.05816904660491244
17801,-0.5045294138779779
17802,0.03942943898014483
17803,-0.44129676894406433
17804,0.10984830558860416
17805,-0.40317976828880836
17806,0.017621883718439025
17807,-0.4832794856121522
17808,0.1688835167564711
17809,-0.5672472016841907
17810,0.10478716314685604
17811,-0.3792706220940667
17812,0.12447616035987286
17813,-0.3687536919286556
17814,0.6880794508718382
17815,-0.7084651251196099
17816,0.7978741376535267
17817,-0.5938917699998453
17818,0.32506566157487565
17819,-0.0031015950765286467
17820,-0.6576393253167563
17821,-0.06159279928364596
17822,-0.44566563466416176
17823,0.14246798399994337
17824,-0.4582441132031348
17825,0.01607251756600891
17826,0.15700750126730023
17827,-0.58949299106664
17828,0.10728132002994942
17829,0.13357254657578443
17830,0.11498484874326638
17831,0.20664240665634628
17832,-0.8677263082375868
17833,-0.4239330949931226
17834,-0.6956640971615881
17835,-1.0807734591455722
17836,-0.339905124334
17837,-0.5249520087117311
17838,-0.732967921297307
17839,-0.41281884207053193
17840,-0.5235792277628124
17841,-0.9096973602299064
17842,-0.11518079340467173
17843,-0.26432541159557227
17844,0.41842393386758403
17845,-0.8429809641136476
17846,-0.35465448346195483
17847,-0.3928342724412709
17848,0.3696483431206039
17849,-0.8758016931764732
17850,-0.214774423133832
17851,-0.5225972951886234
17852,0.4049347888933589
17853,-0.9580200510079289
17854,-0.26990744174700004
17855,-0.3069197431589755
17856,0.44378471374512646
17857,-1.4204452352508445
17858,-0.4961260297890606
17859,-0.2999310286323813
17860,0.2993158155032405
17861,-1.308972499212842
17862,0.04937520451192847
17863,-0.5546268469622758
17864,0.5330708996012469
17865,-0.7883859703688828
17866,-0.1785275683719514
17867,-0.8370822360660874
17868,0.24052904287779134
17869,-0.8376791456842738
17870,-0.37358103193152664
17871,-0.8188792595831192
17872,0.3189701690701579
17873,-0.83585636295421
17874,-0.006962577695231141
17875,-0.6052451589103893
17876,0.3200327164732201
17877,-1.0115233149062854
17878,0.11987495844533673
17879,-0.7421793386409694
17880,0.29075203064888766
17881,0.17260717054595437
17882,0.022493215534285283
17883,-0.017475825997673507
17884,0.16693511223535398
17885,0.15117298576709873
17886,0.06702453385365068
17887,-0.20615827159948694
17888,-0.5748302551793137
17889,0.08163177761455906
17890,0.00579470947717226
17891,-0.11070959390420598
17892,-0.6072845167802433
17893,-0.34384142700522946
17894,-0.06844225891998355
17895,-0.09613735806252623
17896,-0.563157243511019
17897,-0.37470836100210914
17898,-0.030250665913056005
17899,-0.27082917039699145
17900,-0.7118959650897123
17901,-0.519939200615355
17902,0.03857871953279382
17903,0.038626911756045566
17904,0.22461711843178714
17905,0.2176253395291211
17906,-0.06203733960718177
17907,-0.18162692427268484
17908,0.13935490260810865
17909,0.3564060237502125
17910,-0.1525396549018443
17911,0.10831371387387785
17912,0.19191017401287205
17913,0.1264961964673658
17914,0.07896647652864468
17915,-0.1937112115879627
17916,0.1729052941621931
17917,0.22619569660974093
17918,-0.13735032508054015
17919,0.15794286470859356
17920,0.26431888977803136
17921,-0.040429236734365624
17922,-1.1211781656248125
17923,-0.36308704815497295
17924,0.1036170843253682
17925,0.09161285031828965
17926,-0.043406225762910776
17927,-0.08281252669898187
17928,-0.9441700643503516
17929,0.25780953996896144
17930,-0.10728870376042023
17931,-0.9212014845649001
17932,0.3520935796044472
17933,-0.9388324929805957
17934,0.2860265381519005
17935,0.11885201822724054
17936,-1.3406853343136065
17937,0.1593665493623222
17938,-0.13560781166973893
17939,-1.1071464794335029
17940,-0.3313928015745894
17941,-0.1249661235383033
17942,0.47478101205375367
17943,0.41353553439470303
17944,-0.39990093491545553
17945,2.095948709424341
17946,0.49980068369846375
17947,0.5439831275644964
17948,-0.5727576658831581
17949,1.9149448579460526
17950,0.5560675706783327
17951,0.4364692344760106
17952,-0.6393535837660956
17953,2.127507209039125
17954,0.4587280949250817
17955,0.7216497544206603
17956,-0.5471451986586388
17957,1.8759556613367643
17958,0.6128682012405732
17959,0.964911790043814
17960,-0.3874733220011044
17961,2.1000056856133886
17962,0.46045208201096827
17963,0.7695777090329262
17964,-0.523597464698596
17965,2.0079293124038458
17966,0.3825541054855659
17967,0.5770900626487638
17968,-0.37805523012295195
17969,1.9525087596203747
17970,0.6851717689568172
17971,0.6328636985064091
17972,-0.7543856181272292
17973,2.0526015723810342
17974,0.5004866705468975
17975,0.15406316083159605
17976,-0.08422112390697464
17977,-0.16826700665176225
17978,1.0385190450912238
17979,0.4531706262061349
17980,-0.8422544170920875
17981,0.4119698840649974
17982,-0.9965534060782483
17983,0.9174922122661127
17984,-0.9498761593313211
17985,-0.9880470914565007
17986,0.32387758951867
17987,-0.9100755644910231
17988,0.4080893646269909
17989,-1.164540937871728
17990,0.5077121709627626
17991,-0.9520792451012461
17992,-0.2509273003480635
17993,-0.14280655585144597
17994,0.01222710940459681
17995,-0.7504103386210967
17996,0.25394156105158433
17997,-0.7386824126998192
17998,0.5085356703189112
17999,0.052921616204451294
18000,-0.030029583717471702
18001,0.21453599938076026
18002,-0.8517194694298024
18003,-0.5828679324145337
18004,0.31510832868057703
18005,-1.0026750775354392
18006,-1.109260104753651
18007,-0.9521881629247143
18008,1.2294453221327974
18009,-0.875103158531223
18010,0.23738214417234013
18011,-0.8921989535266379
18012,0.7382840999535322
18013,0.33224455753436166
18014,0.3574606696687388
18015,0.19361775962528954
18016,-0.9662753952925952
18017,0.36987913382365645
18018,-2.1517830823037216
18019,0.5823110858193836
18020,-0.9744214204168634
18021,-0.0875666353365892
18022,-0.13414727898150017
18023,-0.062235907777082516
18024,-0.05385561356752198
18025,-0.03554599991985726
18026,0.0494438616970428
18027,-0.22111077037117732
18028,-1.4455492852808807
18029,-1.1069815742400995
18030,0.4576668381503762
18031,0.5841046180861742
18032,0.5113201917972909
18033,0.579139153306006
18034,0.30672684227277025
18035,0.47470855003326723
18036,-0.8375741081193334
18037,0.6727388006282683
18038,-0.8853768568198144
18039,0.5116565629095844
18040,0.5370164888944473
18041,0.658283667509158
18042,0.6647125436080774
18043,-0.8490102733459002
18044,0.3592918392224542
18045,-0.8338694397182553
18046,0.5081990683741935
18047,-0.9274926855545527
18048,0.4995728864835164
18049,-0.7997877885308594
18050,0.4456808170147715
18051,-1.0946844908452036
18052,0.42417204426507776
18053,-0.8236170732201974
18054,0.44966635821919887
18055,-0.8336917416515505
18056,0.5342875470811114
18057,0.0789037145828719
18058,0.33966319749180557
18059,0.4797643614047983
18060,-0.25113343423064627
18061,0.2919342438486318
18062,0.7435551406503794
18063,0.14233482097832426
18064,-0.23858569705528018
18065,0.226600597739189
18066,1.2832941863740388
18067,0.6343822798915767
18068,-0.2931536483358539
18069,0.30989387975250127
18070,1.0356334002133618
18071,0.5940014109019305
18072,-0.19096624137682763
18073,0.6199497757573821
18074,0.8600475932049484
18075,-0.08263935624134058
18076,-0.5840173077820942
18077,-0.9812389235658754
18078,-0.178754806737528
18079,-0.6002395099053643
18080,2.028605899476775
18081,-1.2586248369923256
18082,-0.11133959563684545
18083,-0.17148959340125683
18084,2.026732184277762
18085,-1.2616105667314037
18086,-0.1734579229722599
18087,-0.15178384487415375
18088,1.4356893979150243
18089,-0.7058361360494964
18090,-0.04716447567446317
18091,-0.6656640486140379
18092,2.0431469496480656
18093,-1.0855987031925822
18094,-0.1569440166531976
18095,-0.10549820252316337
18096,1.987412419228571
18097,-0.8729721110605387
18098,0.044690652292505136
18099,-0.08087488796775505
18100,2.0476943427267105
18101,-1.221172207035448
18102,-0.1522675924301865
18103,-0.0427921509898929
18104,2.114200709995078
18105,-1.1285355719029535
18106,-0.12390257082348756
18107,-0.4423115110411354
18108,2.0472189143550286
18109,-0.8764711587039522
18110,-0.08338301888185225
18111,-1.160063604550121
18112,2.0672123182480617
18113,-0.7876544636397799
18114,-0.32211677609564954
18115,-0.06326446372975399
18116,1.9752979275860514
18117,-0.09459661392777628
18118,-0.037614520227007175
18119,1.9090058192086212
18120,-0.9152127536274867
18121,-0.4297044828915691
18122,-0.1033566073297093
18123,2.1169564467053292
18124,-0.3054997108654688
18125,-1.0605269194895188
18126,-0.12303083373476215
18127,-0.2365584015331251
18128,-0.15121504186873994
18129,-0.9975271366269889
18130,-0.11845507635223822
18131,-0.23790062611197826
18132,-0.07629816509789103
18133,-0.92323926750282
18134,-0.08734027764998979
18135,-0.1899345021057626
18136,-0.2601043588053497
18137,0.8113030754112283
18138,-0.1486351412972676
18139,0.38621953479009336
18140,0.2910692360232995
18141,0.8082511483435294
18142,-0.2338902860074174
18143,-0.3559862262440319
18144,-0.9602080788743059
18145,0.42393586300366226
18146,-0.191491960025142
18147,-0.9638817822132577
18148,0.669484435871746
18149,-0.19894236888463734
18150,-0.8382076273607126
18151,0.627798008629262
18152,0.018727801481008235
18153,-0.9662449813423545
18154,0.48944473847572373
18155,0.05421690389815676
18156,-0.6657478306322775
18157,0.4531225605067194
18158,0.09240783265128494
18159,-0.7222186240705923
18160,0.008392780589951137
18161,-1.162875542510585
18162,0.5242728374003974
18163,-0.13035147848816123
18164,-0.6350330804674719
18165,0.7287405229849592
18166,-0.19508059154453836
18167,0.16254116909583957
18168,0.2981992205862205
18169,-0.047811538332028045
18170,0.14184149238569202
18171,0.16037991433716298
18172,-0.14552406407037102
18173,0.12026870839418438
18174,0.4859932049089474
18175,-0.07125876992866496
18176,0.09017348193781202
18177,0.21865715675919714
18178,-0.18536696470904118
18179,0.1506306534508649
18180,0.16671411991926469
18181,-0.1468180467303642
18182,0.14771365645193568
18183,0.23872771860917735
18184,0.05671298740722907
18185,0.5993166648549403
18186,0.213087447292256
18187,0.3922755186055943
18188,1.3755637838890213
18189,-0.04446426885578003
18190,0.20774772540338352
18191,0.8958821054732723
18192,-0.14701588537171187
18193,-1.2095051943930493
18194,0.30052226165530715
18195,-1.2089870048936975
18196,0.0001994257703308655
18197,0.1622337697574244
18198,-0.16137179310804145
18199,0.17668053302517572
18200,-0.12984358219706132
18201,0.2528062718638073
18202,-0.6679985568807757
18203,-0.1291927678959709
18204,-0.19131044774264172
18205,-0.08219739034954313
18206,-0.20116945409668785
18207,-0.10838018928739869
18208,-0.1658902185199975
18209,-0.127772861444369
18210,-0.22590849526904835
18211,-0.13278331464931648
18212,-0.05510852905958919
18213,-0.2003216308588874
18214,-0.08491047900660066
18215,-0.07159985997898508
18216,-0.19129277341449882
18217,-0.10312340042234777
18218,-0.396667549581352
18219,-0.11047386604675553
18220,0.1613133190799487
18221,-0.4452356479322976
18222,-0.0915512632646626
18223,0.17768488868797933
18224,-1.3144442182281748
18225,-0.08594297702563879
18226,0.11293638460053525
18227,-0.6328824875116554
18228,0.25668282420866195
18229,0.03319058330316745
18230,-1.000577749934946
18231,0.003881212332496525
18232,-0.12960846144204977
18233,-0.8022565387792527
18234,-0.2226095098826147
18235,0.16831798744204432
18236,-0.826817899275952
18237,-0.13692948091001836
18238,-0.14109124567426046
18239,0.2828920407621094
18240,0.1353468557171523
18241,0.59142949459792
18242,-0.163292158443668
18243,-0.09069139957627491
18244,0.07069600135615527
18245,-0.03113162490292005
18246,-0.1317265126547411
18247,0.6851557657433412
18248,-0.011399686450507535
18249,0.5980599881252655
18250,-0.23848085809628652
18251,-0.5879076083292764
18252,-0.16117704329913432
18253,-0.07996879222874655
18254,0.047695536201884985
18255,0.24431682298136678
18256,-0.25053215887870206
18257,-0.5188501965706013
18258,0.021208449651534067
18259,-0.058192185628803135
18260,-0.2600005002451411
18261,-0.5851104106995504
18262,-0.33123971642374594
18263,-0.2474658144096651
18264,-0.5315778773568637
18265,0.1578290291848885
18266,-0.03871903748612075
18267,-0.29393265051707207
18268,-0.45743182574165214
18269,0.0521276611576225
18270,-0.049135965834335535
18271,-0.28171801135986574
18272,-0.6969487731667624
18273,-0.10847615885508045
18274,-0.1254111309678987
18275,-0.1875544232080727
18276,0.10697721893879922
18277,0.41921595558842795
18278,-0.033692830538767565
18279,0.19696315701755124
18280,0.1762585782110385
18281,0.21481546903324467
18282,0.08869890375147452
18283,-0.26346874618787886
18284,0.20169098567239138
18285,0.47799054196610585
18286,-0.1954763178292998
18287,-0.19212160191171146
18288,-1.3949797768864787
18289,0.060423141449840005
18290,-0.25222171200992455
18291,-1.3608249224838933
18292,-0.17309840497587933
18293,0.12684907726460662
18294,-0.24686396830890597
18295,-0.6753784063206653
18296,-0.22862575483566672
18297,0.0099774963022598
18298,-0.1538434877612837
18299,-0.6201284462107503
18300,-0.05624669220006051
18301,-0.054132046917155195
18302,-0.19711599836952146
18303,-0.6104726049945202
18304,-0.479830133225408
18305,-0.0780223966125063
18306,-0.012353503688232917
18307,0.1760735908030241
18308,0.022685189006216175
18309,0.036075825441894735
18310,-0.24088319338886088
18311,-0.5625641595663715
18312,-0.25133106360703167
18313,-0.010366007851793622
18314,-0.1445432455320976
18315,0.15401479811967436
18316,0.19125779420779318
18317,-0.24043268434851484
18318,-0.11763060221109055
18319,0.1854223659968234
18320,-0.23942860121201998
18321,0.0970525318046637
18322,-0.018149218527878198
18323,0.1640337550331442
18324,0.12228339084062691
18325,0.14131498921452038
18326,0.3022990558102118
18327,0.04645269033331765
18328,0.08906053681331352
18329,-0.5682185013702978
18330,0.14476334123250073
18331,-0.5709523095346686
18332,0.1413646400292549
18333,-0.5875511461600141
18334,0.13740224100790502
18335,-0.6628989505648386
18336,0.6441959045444775
18337,-0.5648253650545322
18338,0.14131498921452038
18339,-0.812896474283152
18340,0.05029997055358242
18341,-0.9873263691117448
18342,0.1402298887618481
18343,-0.6700618907837357
18344,0.6992052672168423
18345,-0.8710122142828868
18346,0.3536851930617596
18347,-1.091605394873334
18348,0.05648877429595799
18349,-1.2210836013225683
18350,0.0386363829893322
18351,-0.9321815536756649
18352,0.14161886606112045
18353,-0.2573113807184495
18354,0.594910919617909
18355,-0.3466961092533936
18356,0.7213266585215948
18357,-0.5866366704161557
18358,0.12913690173976164
18359,-0.6857126430279388
18360,0.15648827714150013
18361,0.15690729423551725
18362,-0.3857870702975929
18363,0.1552817450453912
18364,-0.686237482577233
18365,0.12142474294927307
18366,-0.5811061526764387
18367,0.14775276206412163
18368,-0.6819470421610319
18369,0.10840708179571787
18370,-0.6636066118918119
18371,0.1548317541807009
18372,-0.4046062796144956
18373,0.10596658371809767
18374,-0.6329839431253746
18375,-0.0033947979586525386
18376,-0.03157448072121828
18377,-0.1933917230875214
18378,-1.0990497304300872
18379,-0.27504669815935173
18380,0.4087225438026055
18381,-0.2895954161514317
18382,-0.7092042751226508
18383,-0.4866682703242856
18384,0.6322034740518071
18385,-0.2873189009999166
18386,-0.5889336714871843
18387,-0.36315025760510516
18388,0.5611857943818455
18389,-0.202594668095199
18390,-0.7730907889292006
18391,-0.3054423754191657
18392,0.42969214235442177
18393,-0.2944346410492829
18394,-1.3371650666432628
18395,-0.414808184254785
18396,0.6749103139854723
18397,-0.14687984879174154
18398,-0.7328630502031033
18399,-0.32513929384522544
18400,0.6422220334551322
18401,0.0037603961717236475
18402,-0.5258450774946261
18403,-0.3697763645981529
18404,0.5701198226748186
18405,-0.9134111036688007
18406,-0.2738422207085865
18407,-0.7073112278406489
18408,0.35739038251201616
18409,-1.2573776121798674
18410,-0.053533145103518906
18411,-0.604938984215902
18412,0.4682987620646125
18413,-0.8013614093652085
18414,-0.32726823255777737
18415,-0.4792039435722062
18416,0.4534758129178563
18417,-1.1598810068823882
18418,-0.09112086405003232
18419,-0.6024363058884784
18420,0.5392423243953305
18421,-0.8983091737087467
18422,0.057673043525348855
18423,-0.8218742201292509
18424,0.4427123091513501
18425,-0.7829638880227358
18426,-0.11784691877865631
18427,-0.7315804713779321
18428,0.5619726338330928
18429,-0.9472102724171814
18430,-0.06035918838667453
18431,-0.6438552028744928
18432,0.3326519870192633
18433,-0.9759086170726965
18434,-0.10269018768485
18435,-0.5596208610829878
18436,0.32251230632372174
18437,-1.1437183072464285
18438,-0.12169833117243885
18439,-0.6779845401802902
18440,0.35469027236695455
18441,0.6631198028621665
18442,0.9288852731252027
18443,0.16239608848543205
18444,0.5488822113432144
18445,0.6328620828731703
18446,0.9794170514553726
18447,0.6646933545780481
18448,0.9594897851747366
18449,0.348591724550017
18450,0.9237124394785461
18451,0.9580501631777262
18452,0.37476763379293004
18453,0.9391597168208573
18454,-1.4451562742732587
18455,0.41551132035975136
18456,-1.6060971610966468
18457,-0.1344929413180662
18458,-1.1499545059085863
18459,0.38404322610978214
18460,-1.12071188000418
18461,-0.346615201107961
18462,-0.610319952857881
18463,0.48642786152244316
18464,-0.8773493523881484
18465,-0.1977010038197799
18466,-0.38915901607164893
18467,0.5788054883129302
18468,-0.8410603335991245
18469,-0.15886545394699514
18470,-1.0212035402601036
18471,0.5520030840115467
18472,-0.877807702537362
18473,-0.12791832727443542
18474,-0.8971497090701351
18475,0.4005818790834437
18476,-0.0383854615242263
18477,-0.053050124011981004
18478,0.608437792528361
18479,-0.12274686318270084
18480,0.12305498631088334
18481,0.4177885977294721
18482,0.02662620764705227
18483,-0.3927426618402499
18484,0.18193308733587918
18485,0.19499095106899267
18486,0.15936968959743353
18487,-0.09983361430636362
18488,0.03518994427636456
18489,-0.07194218059265552
18490,0.15511516396685346
18491,0.19326933026143014
18492,0.14244176296018835
18493,0.10398983989972155
18494,0.07965600499307311
18495,-0.11564993146051437
18496,0.13964284682704833
18497,0.2695498924265123
18498,-0.04576645124798963
18499,0.18983472358924544
18500,0.1511664947513741
18501,0.09420117181993211
18502,0.15007667275238748
18503,0.2633346377173055
18504,0.0413435344047518
18505,0.02370047391016846
18506,0.1793722151380739
18507,0.16698601224468662
18508,-0.09793695337525675
18509,-0.052861610322332435
18510,0.19033472358924544
18511,0.20758448116668127
18512,0.007505500840812534
18513,0.14088237096133366
18514,0.14532929499924183
18515,0.3187750515985781
18516,0.15115443743678347
18517,-0.06220617720974125
18518,0.09498850474775646
18519,0.1825061923177628
18520,0.2038026980224113
18521,-0.29286100016979655
18522,0.1684432233128229
18523,0.14074812211318255
18524,-0.19902799351422085
18525,-0.1416608177843649
18526,0.16522730891733914
18527,0.11060246238505653
18528,0.056915056382001
18529,-0.2440511775394002
18530,0.1760735908030241
18531,0.5115459258189594
18532,-0.3440261461843968
18533,0.15834961424402041
18534,0.17928242139370337
18535,-0.17360419835567742
18536,-0.325247982949876
18537,-0.22347098991171185
18538,0.1603271680906531
18539,-0.0035367693933921317
18540,-0.08818670320024942
18541,-0.028971786052055342
18542,0.22842901977714158
18543,0.09599086407299602
18544,-0.08746933013668454
18545,0.1738127744106825
18546,0.166489581942453
18547,0.03686153972760904
18548,-0.6232165466153854
18549,-1.4896625476953569
18550,-0.2907876264695276
18551,0.9407711925695883
18552,-1.0319462913231068
18553,0.8267726054791577
18554,-0.8762177171067589
18555,-0.6279858801114623
18556,0.8383802837233241
18557,-0.966185853044348
18558,0.8257099998148906
18559,-1.6555959779045788
18560,0.8528593586007
18561,-0.8475755406456237
18562,-0.2858904152780402
18563,0.9183941584273585
18564,-1.0115718907341982
18565,-0.3774772818773458
18566,1.0435931341491753
18567,-0.9433772061402936
18568,-0.36367331530186225
18569,1.0140858805895765
18570,-0.841465596902067
18571,-0.03750270447192665
18572,0.874836811363057
18573,-1.8062676495948475
18574,0.05057049914732152
18575,0.7807973679430522
18576,0.677467771025443
18577,0.350675445402166
18578,0.3561209961161767
18579,0.3286643056943353
18580,0.10613105225579782
18581,-0.6176792179029632
18582,1.922771706769803
18583,0.48535382716036696
18584,0.4264028799812651
18585,-0.5030255999590507
18586,1.8801888362242514
18587,0.5560675706783327
18588,0.060444569339707
18589,-0.6068479045371734
18590,2.2811564616058524
18591,0.6753463006187924
18592,0.437319252871962
18593,-0.6951432899926231
18594,2.062069023737642
18595,0.5585630821580988
18596,0.41908263868713463
18597,-0.3996666148392921
18598,1.8867616334508068
18599,0.4813862902058623
18600,0.5298745946361268
18601,-0.7257397783537904
18602,1.8100982144415623
18603,0.5015143741296809
18604,0.22495443876578242
18605,-0.5384605438624772
18606,2.2414510146906124
18607,0.6328372767070779
18608,-1.0597976501699227
18609,-0.12178000797098486
18610,-0.21293519120244037
18611,-0.03177460533909563
18612,0.42318262514790006
18613,-0.5067313952641113
18614,2.284815210195894
18615,0.6025153942800382
18616,0.25276607513062904
18617,-0.7402119049644353
18618,1.8592455018478677
18619,0.4695830671290667
18620,0.4074544650961261
18621,-0.3983234764457829
18622,2.2360883370136606
18623,0.654099724102161
18624,0.2580071151406834
18625,-0.4802963307060996
18626,2.244542684097773
18627,0.5336459657489899
18628,0.09855060828767838
18629,-0.6079738270596126
18630,2.192623620291798
18631,0.23922174324629975
18632,0.031523387211420804
18633,-0.44959946565666736
18634,2.3140617309603595
18635,0.5985780093341143
18636,1.7100373942972642
18637,-1.1157508044603839
18638,0.2645747569212944
18639,-2.48491245541661
18640,-0.9432149322536778
18641,-0.07648035919105262
18642,-0.17797042806726118
18643,0.09070036072477082
18644,-0.3026914751222547
18645,2.233627205515343
18646,0.4538797036539195
18647,0.13853233470700313
18648,-0.2991391269819014
18649,2.225774617245436
18650,0.6507638150595167
18651,0.2640820578449374
18652,0.3243517403840653
18653,0.26937559823168344
18654,0.43025930605487017
18655,0.2043790059747235
18656,0.33083273034525884
18657,0.31363744503786817
18658,0.3815239972669283
18659,0.4120562436689952
18660,0.265439111745197
18661,0.2706258267529257
18662,0.30394156191885124
18663,-0.912264474106557
18664,0.5234864096629895
18665,-0.9013159102465222
18666,0.3366826558075022
18667,-0.9965534060782483
18668,-1.3125561578265943
18669,0.3306269265239492
18670,-0.9968125084472055
18671,0.2967985333318798
18672,-1.0985090669558197
18673,-0.824688828227294
18674,0.9395381212806198
18675,-1.3963827019697141
18676,0.6505533937638717
18677,-1.1074466806719472
18678,0.6496112277820273
18679,-0.7219142714104755
18680,0.6241678286931426
18681,-0.8588817762051614
18682,0.36708566775939694
18683,-1.017925618750194
18684,0.42772704437738146
18685,-1.4980497611669412
18686,0.31975070036839986
18687,-1.4030545324366632
18688,0.7255119071191343
18689,-1.0278484099991014
18690,0.6939140471710448
18691,-0.6992571684541097
18692,0.7173227980967923
18693,-0.8549269718578333
18694,0.6058250615478229
18695,-0.7192958389507977
18696,0.5588639524062221
18697,-0.8975851111675923
18698,0.4025383296692578
18699,-0.8616039917329207
18700,0.39939807054611054
18701,-1.1958321137520758
18702,0.37261685132863326
18703,-0.9448821105304085
18704,0.35628089273114144
18705,-1.1666817254189468
18706,0.3842447797183289
18707,-0.9626644635007245
18708,0.013002417548973768
18709,0.2886341515572254
18710,1.204543270195976
18711,0.23906116600312577
18712,-0.01899184285474483
18713,0.33436998538693224
18714,1.1140433463533301
18715,0.8192752598620263
18716,-0.06825662513887815
18717,0.2589944089649182
18718,1.0587329224143818
18719,0.344158475010443
18720,-0.21978631448326666
18721,0.3406649304984312
18722,0.590716668011666
18723,0.5174002946690816
18724,-0.24844158581460946
18725,0.23721881030801573
18726,0.2863163146135366
18727,0.490417049360128
18728,-0.21338902081940453
18729,0.33150259721954406
18730,0.574866653709015
18731,0.4619778122650657
18732,-0.12154521214081918
18733,0.9509358281389049
18734,0.4185234836286886
18735,0.36279286370999203
18736,-0.24568967883534767
18737,0.3477682415514408
18738,0.5614585155266318
18739,0.2347056481334886
18740,-0.28071633307948657
18741,0.8396277405937131
18742,0.4257975525857711
18743,0.4556828027027302
18744,-0.2519901904103044
18745,0.31769359285921306
18746,0.5395094848971717
18747,0.46098515439744464
18748,-0.1300108150458835
18749,0.2649336964206694
18750,0.7354919385472629
18751,0.4722319311885762
18752,-0.019789065115325504
18753,0.594989071809937
18754,0.2475009128698767
18755,-0.20226766856139305
18756,0.3327260860676135
18757,0.32125532812169694
18758,0.4031712268800583
18759,-0.3252990939998682
18760,0.34738707176069644
18761,0.24401561809260852
18762,0.4508302645850623
18763,-0.12879204069633488
18764,0.14631994153301975
18765,0.609442184546152
18766,0.3401600033063035
18767,-0.31773028248347546
18768,0.15934604433276228
18769,0.1579943097276868
18770,0.22894334121467286
18771,-0.25108288343387164
18772,0.13872241504314906
18773,0.3425890732523444
18774,0.19766066602425178
18775,0.012284967997079298
18776,0.08690616162805812
18777,0.3639477429857771
18778,0.22529548973184307
18779,0.06143288796347295
18780,1.0460261463594513
18781,0.6393821040219724
18782,0.04770360106595027
18783,0.1943141672821317
18784,0.15402341544010703
18785,0.355782935304076
18786,-0.03699818396515185
18787,-0.12282896035733336
18788,0.17112817790700163
18789,2.0201350200591164
18790,-0.5143123400069828
18791,-0.41203851752754816
18792,-0.6287686986414707
18793,2.026971745212173
18794,-0.16923092931908562
18795,-0.2822064478951252
18796,2.026345902363784
18797,-0.8254407065011105
18798,-0.17883083598393898
18799,-0.65949428836754
18800,2.056963027006611
18801,-0.8231609483036012
18802,-0.15283939792999174
18803,-0.3892209226416669
18804,1.9308839548347505
18805,-0.8076419034235531
18806,-0.16016870368451844
18807,-0.5923805908677907
18808,2.063757744763095
18809,-0.8519188371059072
18810,0.10510062901407703
18811,-0.5863620711988651
18812,2.0144548996125824
18813,-0.9428337815458246
18814,-0.283400543403321
18815,-0.6017004322393802
18816,2.0696048737907806
18817,-0.8058882936050411
18818,-0.1878019813575649
18819,-0.5110576331227681
18820,-0.8402112282569868
18821,-0.1272575849978415
18822,-0.06966697576801796
18823,2.06311541148967
18824,-0.8608166022777295
18825,-0.14164016505947838
18826,-0.5933782032481051
18827,1.959069892486259
18828,-0.8762707855744859
18829,-0.12146415674917273
18830,-0.07986428496373923
18831,2.0243212037612324
18832,-1.2582324092411694
18833,0.007442887111347253
18834,-0.3147072253336776
18835,2.002932545912181
18836,-1.1549959994885308
18837,0.6110020139390311
18838,-1.0660063568260014
18839,2.077740307450876
18840,-1.1988757881795606
18841,-0.1406041533987047
18842,-0.5635186924109414
18843,2.048782125377676
18844,-1.2679056983207626
18845,-0.06096906793212929
18846,-0.2059393507672284
18847,1.7241509870735272
18848,-0.8104969634322718
18849,-0.09570306188005283
18850,-0.5794666001068987
18851,1.9684815147122399
18852,-0.8416883154777038
18853,0.11151155159387051
18854,-0.326080717918295
18855,2.0467019123059185
18856,-1.3492755651484132
18857,-0.12928754313805846
18858,-0.2804365356638592
18859,2.1121869439034238
18860,-0.8967848189100508
18861,0.1537573000239318
18862,0.2892200757561483
18863,0.2746013433327918
18864,0.310328588855779
18865,0.2595111645812829
18866,0.37333049689853814
18867,0.10905722032280338
18868,0.44839299248998243
18869,0.1803631641256645
18870,0.47615668769503966
18871,-0.04425697909047501
18872,-1.0579651068625564
18873,0.46867130941610924
18874,-0.1809389615369856
18875,-0.945812325576094
18876,0.28869706989749677
18877,0.2978393789833114
18878,-0.11950251915836513
18879,0.5662261573508278
18880,0.3394611789020283
18881,-0.13821454840103276
18882,-0.51124436338243
18883,-0.007167986169791345
18884,-0.2504638826566436
18885,-0.8452391820586733
18886,-0.024359213687629177
18887,-0.15136722979505388
18888,0.10942470173761297
18889,0.6618233282233488
18890,-0.32768102536195354
18891,-0.24130546228515462
18892,0.23170741671982914
18893,-0.38910130100220186
18894,0.07900953924043497
18895,0.17050415579266917
18896,-0.18191388751157261
18897,-0.2392689125775523
18898,-0.5372256224840225
18899,-0.3006377792446449
18900,0.07252963962330139
18901,0.05888516957464928
18902,-0.04488849863684063
18903,0.272454240395497
18904,0.45141945159331576
18905,0.006526417456807338
18906,-0.6523620083351754
18907,0.0720256615072905
18908,0.15125617019661872
18909,-0.4364080263838258
18910,0.18019133702848675
18911,-0.5384979585858256
18912,0.17480711622602293
18913,-0.4690246675089132
18914,-0.2098933173698216
18915,-0.7846273710603423
18916,-0.08189659818986521
18917,-0.2485971953698027
18918,0.7122494480849637
18919,-0.3054305981086068
18920,0.1075702769990926
18921,-0.44812205511448605
18922,0.17915566935019578
18923,-0.2805858272177094
18924,0.1585578812812413
18925,-0.31403720106556093
18926,0.13114206806063627
18927,-0.6863259655890848
18928,0.1613853868760194
18929,0.1686919502049653
18930,-0.24779315613952252
18931,0.039505366679512786
18932,-0.9226857346573675
18933,-0.007655449606819691
18934,-0.29309604394442906
18935,0.3954233023320347
18936,-0.7970613031688225
18937,0.1692735006750095
18938,-0.36481343583720477
18939,0.05543837337731876
18940,-0.5414043630579473
18941,0.22662479016147488
18942,-0.0494418857774248
18943,0.1519465950059846
18944,0.12227636079392173
18945,-1.333830674714309
18946,-0.14960717050086775
18947,0.5481447629832712
18948,0.22844716389086994
18949,-0.03936526940075121
18950,0.6883553821416108
18951,-0.8474452299923521
18952,-0.23540111043607861
18953,0.36828938327024646
18954,0.10170956702825565
18955,0.027763225756943708
18956,0.5511955475064574
18957,0.452459159522926
18958,-0.20503233992095488
18959,0.3952284157524932
18960,-0.030384314020309226
18961,-0.09199796116101701
18962,0.22043181417556404
18963,0.4361492490905468
18964,-0.060289156821552045
18965,0.4714552719647822
18966,-1.2037063928768608
18967,-0.10326437174678367
18968,0.389732855924474
18969,0.13773212118321254
18970,0.00032828683849079666
18971,0.7662216291827195
18972,0.17395412679032196
18973,0.11137249267111242
18974,0.38456910120551585
18975,0.10842646846992435
18976,0.8329003594590065
18977,0.6599569173930953
18978,-0.8565052998679328
18979,-0.08219931595850134
18980,-0.724839009958973
18981,0.2362509853893262
18982,-1.0305654516587897
18983,-0.24262826509626198
18984,-0.9256938386833891
18985,0.9978944881086325
18986,-0.02463824384774657
18987,0.1960222927937663
18988,-0.058195961919536306
18989,0.46052826583079515
18990,-0.13880949202525367
18991,-0.0077016837703939925
18992,0.3673405631878625
18993,0.12852152931935928
18994,0.26469626018152
18995,-0.19148134212949688
18996,-0.20165784686853064
18997,-1.1665798771087244
18998,0.31575592492655175
18999,-0.3529378237611857
19000,-0.5369538343084574
19001,0.2347649327030017
19002,-0.0028211109882699515
19003,0.1977554586075123
19004,0.3173606728273881
19005,-0.0864299211690542
19006,-1.257545521606408
19007,0.012489757526908327
19008,-1.0319514213980268
19009,-0.20635628675801623
19010,0.03305847165754243
19011,-0.6957982637751441
19012,-0.11550884190816214
19013,0.19568378813343804
19014,0.19027544892884707
19015,-0.14798767166640536
19016,0.12217778936072739
19017,0.15735603094703293
19018,-0.039276377788317565
19019,0.17166290909104265
19020,0.19807519985747776
19021,-0.8309297010370685
19022,-0.1395615514992035
19023,-0.14953032274757655
19024,0.667476525395464
19025,0.4896490877161256
19026,0.11068942669585852
19027,0.6145928980297244
19028,-1.453682086748899
19029,0.23470447438187297
19030,-0.15981255921133602
19031,-1.1209124295115098
19032,0.07924944484803761
19033,-0.12064956799925795
19034,-0.7781363009290262
19035,-0.27774683641593906
19036,-0.10911895593304101
19037,0.34867856348604315
19038,-0.19998581162347015
19039,0.04420766123296801
19040,0.5638246370970305
19041,0.2275779144747574
19042,-0.27521730403072675
19043,0.04258309461734692
19044,0.3295394148302182
19045,-1.1868572902666643
19046,1.2174051844579519
19047,-0.8697111822098315
19048,-0.08444362482327811
19049,1.905027494985982
19050,-0.7804018368648533
19051,0.7120109203338875
19052,-0.6236383980304663
19053,2.1865644885758155
19054,0.5396037468871773
19055,0.16360309736194448
19056,2.131813679229949
19057,-1.202080653944242
19058,0.18248577185843987
19059,-0.39344522034851653
19060,-0.2893073240538454
19061,0.4021161154517245
19062,-0.5809663856801083
19063,2.2764267182500695
19064,0.4619651365346247
19065,-0.8668867041647453
19066,-0.1041666370462169
19067,0.010540851100203598
19068,0.4180962419969179
19069,-0.5418249675111002
19070,1.791702124755477
19071,0.4217919298652675
19072,-0.8603891065477922
19073,-0.13421393882036112
19074,-0.339809590818869
19075,0.3110790612601199
19076,-1.0714475139376125
19077,0.40333095248145573
19078,-1.0802992846056416
19079,0.4129674996110272
19080,-0.8999282056572532
19081,0.3344977026938295
19082,-0.08712940720880268
19083,0.15688970927577567
19084,-0.9106090471033339
19085,0.4119991606673895
19086,0.09893167280514886
19087,2.09471887296513
19088,-1.1755692881701307
19089,0.18952702821157152
19090,-0.783391183030912
19091,0.28313776494545345
19092,-0.08790332486396656
19093,0.1595190027754006
19094,0.11682283987878354
19095,-0.08023128678180626
19096,0.43062770957055513
19097,-0.042698681660630414
19098,0.011111828337064377
19099,0.19594271066201685
19100,-0.9476178534613469
19101,0.2598149376329348
19102,-0.8432010852937315
19103,0.548168306924596
19104,-0.6184057682289549
19105,0.5496177189493178
19106,0.6224885017585674
19107,0.2934149614062968
19108,0.3688407618464596
19109,0.34808358716921817
19110,0.27848928940706924
19111,-0.8971549800962628
19112,0.5444766566100543
19113,-0.16844652791836112
19114,0.12410488294952454
19115,-0.4939580986215061
19116,2.1637157828558804
19117,0.6395347702197175
19118,-0.35715970389547175
19119,-0.9864246562956202
19120,-0.7047834356132058
19121,1.280122970586166
19122,0.1498723644426468
19123,-0.11919323189835995
19124,-1.1280774340407407
19125,0.5085699856331607
19126,-0.40915977863746356
19127,0.622651336326691
19128,-0.030208421665854787
19129,0.23112239102012766
19130,0.034187734246912106
19131,-0.040542701424990724
19132,0.5666513970155737
19133,-0.9503542477098181
19134,0.5657811433502574
19135,0.3348021832488159
19136,-1.1816569512108204
19137,0.35404640942740373
19138,-1.6422660475176856
19139,0.5025202065366445
19140,-1.6227634848162602
19141,0.772206474933866
19142,-1.2906693430078606
19143,0.5220235342160825
19144,-1.608293895388865
19145,0.2261133641022889
19146,0.5965965276592295
19147,-1.107501822241307
19148,0.44830092646304476
19149,-0.9324022763184338
19150,0.4453886385305787
19151,-0.24571603147603208
19152,-1.1983649733932056
19153,0.7001660619561549
19154,-0.14141594763640597
19155,-0.6087934143164181
19156,0.21453429840293206
19157,0.584843915529695
19158,0.6674974534517271
19159,0.2413615882052412
19160,0.504507571574841
19161,0.3019187939350076
19162,0.000838790989277824
19163,0.2777035950732166
19164,0.5332647540835074
19165,0.5234750210370491
19166,-0.1950569780392091
19167,-0.7412597365383146
19168,-0.4650041871546348
19169,-0.5942398106941509
19170,1.9443991805723975
19171,0.22946932733190242
19172,-0.14404481622738033
19173,-0.5837465528477583
19174,2.069261002042543
19175,-0.8066513887109543
19176,-1.3560531252318528
19177,0.5280280057922482
19178,-2.1072291877404385
19179,0.38836276817729704
19180,-0.07133543332201818
19181,0.3683525298008891
19182,0.14115384674389386
19183,-0.41739274249639696
19184,-0.15050962989596076
19185,-1.7601448001546907
19186,0.22291760920444054
19187,0.3766071223845842
19188,-0.17022004318634817
19189,2.065434197115023
19190,-1.0159975362761966
19191,0.20526864498899042
19192,-0.020591627169888743
19193,0.3894759358526563
19194,0.019714730729472087
19195,-0.0817432495068105
19196,-0.5885845671447266
19197,0.8025082290749072
19198,0.007916389090572342
19199,-0.16467336001492117
19200,-0.4858155249879882
19201,1.865751787597034
19202,-0.8376994565893083
19203,0.09815246031648026
19204,0.44338310623276106
19205,-2.1729037369415174
19206,-0.10796339068919922
19207,-0.5458513658241995
19208,1.9099502420548102
19209,-0.8538281112654474
19210,-0.1821087652950755
19211,-0.16036968118918285
19212,1.9557279351802104
19213,-1.2384079847382894
19214,-0.9147028346630355
19215,-0.09998630947400511
19216,-0.07882351804410705
19217,-0.20859492319622766
19218,-0.847801058782661
19219,-0.1339166009892507
19220,-0.22457561355721906
19221,-0.06430283809778833
19222,-0.7734913000509678
19223,-0.12809679371197089
19224,-1.174753549357313
19225,0.6907391998609206
19226,-0.6748227717901656
19227,2.125402982811413
19228,0.5243096967667754
19229,0.7091341930327117
19230,-0.5375334692138718
19231,2.093184283350309
19232,0.4178712372099146
19233,0.03398142739185657
19234,-0.4720839347772158
19235,0.6244796708460651
19236,-0.4842726356111723
19237,0.2465325056908314
19238,0.616484440676686
19239,-1.1323500895905398
19240,0.5791504094616508
19241,0.43762360848761006
19242,-0.7628140874236236
19243,0.3255429023840874
19244,-0.003588248466506278
19245,-0.8298878427246733
19246,0.5477914454443719
19247,0.514500414294567
19248,-0.670996830595146
19249,0.451932144458524
19250,-0.9288685501491603
19251,1.0494958706940052
19252,-0.09668994220382426
19253,-0.7521736051962239
19254,-0.2767758689098339
19255,-0.005556158455347908
19256,-0.14630066495880373
19257,0.14831349041759992
19258,-0.943597552189176
19259,0.5268766267193928
19260,-1.4629973841751893
19261,0.005278808063219458
19262,-1.0071187366085073
19263,-1.8513902829255129
19264,-0.23562704243246396
19265,-0.0018859890483165396
19266,-0.8989979989879974
19267,0.02844913272760468
19268,-0.655462401319895
19269,-1.6628767450139352
19270,0.025026149692483388
19271,-0.7838459869732562
19272,-0.03162678734106698
19273,0.28029088716887884
19274,0.10199620946390964
19275,0.21229978814354425
19276,-1.023918039888107
19277,0.2204276068086111
19278,-0.8812007965254423
19279,-0.15047300005721023
19280,0.2230338098422532
19281,-1.0024801087694721
19282,-0.021913837094236645
19283,0.1665595825312246
19284,-0.1621841116790033
19285,0.17233133197166156
19286,-0.138125116581
19287,-0.8905933758167934
19288,1.6708588186059283
19289,-0.8956393601619801
19290,-0.1242256469866151
19291,-0.2968970077835715
19292,-0.12219365393126269
19293,0.1746427966553024
19294,-0.8816658459977404
19295,0.39655745017794425
19296,0.10462971008514123
19297,-0.1427724300667862
19298,0.17269867135526018
19299,-0.9212323446340099
19300,-0.13698891455860854
19301,0.16206463630417123
19302,-1.1318924250326163
19303,-0.0632102901350697
19304,0.17375427989024447
19305,-0.947498590923398
19306,0.0059838758768115076
19307,0.10560239736460023
19308,0.912274771400728
19309,0.3761811186564923
19310,0.2165160543252278
19311,-1.0457109933272026
19312,0.10842172405926052
19313,0.01503839695132178
19314,0.5486152849854187
19315,0.08436995085387897
19316,-0.012968226856018186
19317,0.3762796873218806
19318,0.9018537301053565
19319,0.08479075455119457
19320,-0.06534296408082
19321,0.6420339750498588
19322,0.060656519115057664
19323,0.49518234217887874
19324,-0.3451297891749295
19325,-0.6345326475871159
19326,0.1542677021928444
19327,0.12712629494191605
19328,0.2767935980948607
19329,-0.2625977639210836
19330,-0.6702551585314185
19331,-0.09074412940292989
19332,0.09416468338543013
19333,-0.25292276702078886
19334,-0.7555745388857543
19335,0.19525303412365883
19336,-0.027464468286903108
19337,-0.28454436745328854
19338,-0.5759682911677669
19339,-0.09455879641642441
19340,-0.0715746701372575
19341,0.08350775632316315
19342,0.27127155386419816
19343,0.12566131466939548
19344,-0.25289010135722995
19345,-0.5335844951574836
19346,-0.2873186176999421
19347,-0.057956752641760416
19348,0.04459452186922676
19349,-1.1404824354495033
19350,-0.23432040390097228
19351,0.005928289721577466
19352,-0.39677230580545975
19353,0.19677661331077134
19354,0.153235366307548
19355,-0.02201534246939381
19356,0.12566017161817983
19357,0.17649199656343917
19358,-0.23613991051323327
19359,-0.2238724527322696
19360,-0.21624490367110547
19361,-1.4303402762424584
19362,0.026685877186133203
19363,-1.75659995238312
19364,-0.12635938759603743
19365,0.34127105072385394
19366,0.05149401948520575
19367,0.07988626250448962
19368,-0.2652469402306007
19369,-0.06429016302450018
19370,0.04757099356266996
19371,-0.05120637186197433
19372,0.7540425576854299
19373,0.2847990503854622
19374,-0.3310510610431059
19375,-0.51124436338243
19376,-0.20089854756523057
19377,-0.35111685290884553
19378,-0.04903606492809901
19379,-0.11601088084225836
19380,-0.01955809673421017
19381,0.23799680411667676
19382,0.05707638550384265
19383,0.9094687985934579
19384,-0.09309446437561489
19385,0.6024126462356125
19386,-0.3870846169412289
19387,-0.1944623228969862
19388,0.14446577414913936
19389,-0.14664382085240085
19390,0.3831011368103192
19391,-0.4677704949751411
19392,0.16703893911808523
19393,-0.647944368998279
19394,0.6233542816604756
19395,0.05482445581069973
19396,0.2713329802140298
19397,-0.4807122224882049
19398,0.17048052842957823
19399,-0.40666784401059114
19400,0.11299417127720782
19401,0.08279405782476937
19402,0.32454934185279083
19403,0.15471963322855098
19404,-0.623079607511477
19405,0.5707108195817785
19406,-0.6532843427030924
19407,-0.018786045928523464
19408,-0.6633755207267722
19409,0.15384362450139413
19410,-0.7530852100850047
19411,0.4559169657493303
19412,0.5669621168589426
19413,0.16251038019436018
19414,-0.613716446339882
19415,0.8954484596407593
19416,-1.095486185631756
19417,0.12665327044025781
19418,-0.5512826394101552
19419,0.40182660806686915
19420,-0.6253257892522929
19421,-0.21080447581759323
19422,-0.4036001831652708
19423,-0.03688886737733704
19424,-0.465245819364497
19425,0.17324636001389537
19426,-0.1633821680383041
19427,0.10170845503074191
19428,0.1783032441142825
19429,-0.6210734977627945
19430,0.158822753692386
19431,-0.5575413221672197
19432,0.08705920585428438
19433,-0.108436154045434
19434,0.20595636541418497
19435,-0.5406106319867906
19436,-0.2095487408720429
19437,0.40404881553199967
19438,-0.04335796800920184
19439,0.6635242732213289
19440,-0.19581232498847864
19441,-1.6284111314718706
19442,0.1829464094532886
19443,0.5904433819357726
19444,-0.9014033208615492
19445,0.2463966752928134
19446,0.20954945892096077
19447,-0.896020691829774
19448,-0.18807741471556325
19449,-0.7480229303807807
19450,0.28984067821282444
19451,-0.9383540526228834
19452,0.20862429301422547
19453,0.3866575517968561
19454,0.08931687642219084
19455,0.2917551887742215
19456,0.575958121775077
19457,-0.9786206372419618
19458,0.026718919641750886
19459,0.386504070693807
19460,-0.9373432776186462
19461,0.2895205429111129
19462,-0.6889827062687351
19463,0.33916082437243406
19464,-0.6626669789303347
19465,-0.055374636251512684
19466,-0.7981490439158837
19467,0.2853423097925237
19468,0.1484862289716892
19469,0.7223791394980288
19470,0.8032346096664288
19471,-0.8952051883707247
19472,1.0796009489295
19473,0.7492924073282656
19474,0.6547284062416632
19475,0.858931423129259
19476,-0.7842055700586897
19477,0.13121939236962352
19478,-0.009363068533149483
19479,0.413257983248865
19480,0.5217227619546662
19481,1.109997028296592
19482,1.0551339389933303
19483,0.3747804375525541
19484,0.25614063789380637
19485,1.0914880181273612
19486,0.6461583169560347
19487,0.9481522478929238
19488,0.09134708083810454
19489,-0.6434560244352451
19490,0.10662925790656659
19491,0.3425764364242095
19492,0.438331416814456
19493,-1.7103924803891806
19494,-0.4002242590974426
19495,-0.6926538638707194
19496,0.16163789391247557
19497,-1.2092849396233125
19498,0.5180899557491423
19499,-0.8462298965905393
19500,0.5600512930832695
19501,-0.8673829938627647
19502,0.11770041083728328
19503,0.5582645102508615
19504,-0.04128467550087528
19505,0.17353151148127147
19506,-0.6611395003146812
19507,-1.3690975823972849
19508,0.01010679393247369
19509,-0.6940007817965382
19510,-0.726414878057316
19511,0.07294871554679425
19512,-0.7087189458545704
19513,-0.1988420434005385
19514,0.08115691185881946
19515,0.14808855148029074
19516,-0.8123089618283268
19517,-0.18725465768777302
19518,0.16841914490724508
19519,0.14840474351672933
19520,-0.39695905043096513
19521,-0.10442757475551344
19522,0.17119981888402208
19523,-0.1825221356478982
19524,-0.06430486826851495
19525,0.8338715940552789
19526,-0.09194906486879945
19527,-0.020568369839370368
19528,-1.312811735484141
19529,0.1269471731904772
19530,-0.6613224453952571
19531,0.03821834894210013
19532,0.17476810699682171
19533,0.007415222683179818
19534,0.04851700272692576
19535,-0.11054579289345629
19536,0.9276717337388131
19537,0.01626665856714583
19538,0.07740400231475048
19539,-0.19012492879738166
19540,0.1321135746096335
19541,0.26584460735649745
19542,0.038465245143458025
19543,-0.18702268687825352
19544,0.17560993588778928
19545,-0.05425593522503461
19546,-0.3036819723089706
19547,0.17818173358880218
19548,0.14428405932921426
19549,-0.004969764516563497
19550,-0.4327082625916958
19551,0.26649877090093543
19552,0.13921696715569842
19553,-0.25195711890213623
19554,-0.08439860314966385
19555,0.8893083745160121
19556,0.1149239895734833
19557,-0.24944264335883165
19558,0.012209774504304145
19559,0.2462726041298157
19560,-1.1977429422141979
19561,0.35553243283857133
19562,-0.22337555213557975
19563,0.7146739037751932
19564,-0.060479648373153616
19565,-0.030591889813870468
19566,-0.04860939222574098
19567,0.17732847561575796
19568,-0.14390365484724135
19569,0.09213872934308467
19570,-0.07915117659598797
19571,0.45903138556313217
19572,-0.673078436331042
19573,0.047000392855124154
19574,0.047150954329870924
19575,0.15239069102666286
19576,0.22003624299197885
19577,0.022759802595455667
19578,-1.0336452851549225
19579,-0.12997945911375172
19580,0.6928491947389028
19581,0.22298046747846054
19582,-0.4052919514659393
19583,0.5822593409951268
19584,0.043231049507461615
19585,-0.8048339186960751
19586,0.5036349755859534
19587,0.26988550006021184
19588,-0.6170460106254372
19589,0.5312694183174166
19590,0.532734146596783
19591,0.005911007139760233
19592,-1.6180455067178579
19593,0.2560072795013817
19594,-1.0803540459553782
19595,0.4532442342120981
19596,0.8322293006143643
19597,-0.9158235697340187
19598,-0.46202688592352975
19599,1.0184912697304704
19600,-1.2714893540478722
19601,-0.23581936966543054
19602,0.8474932217627725
19603,0.6870076481031909
19604,-0.8329478079440085
19605,0.07356446508957745
19606,-0.20175991150770867
19607,0.5098563451634801
19608,-0.11629840755523807
19609,-0.23761636785619614
19610,0.41404046608903583
19611,0.8016675205353018
19612,0.5627762223535615
19613,0.3401009048206184
19614,0.4293234932561347
19615,-0.7187200757686633
19616,2.260016672263772
19617,0.5949549044833632
19618,-0.7462411730275754
19619,-0.08416762623460579
19620,-0.7911664324546122
19621,-0.9882978990854702
19622,1.873996254962441
19623,-1.2069170543337164
19624,0.4664664037544689
19625,-0.6073465545842801
19626,2.207645597049883
19627,0.4270918534370562
19628,0.49260213769184263
19629,-0.49829399691296367
19630,2.2487300043611618
19631,0.6206967594181682
19632,0.5666503075817421
19633,-0.4283235998518946
19634,-0.21415289375160984
19635,-0.1523102876184625
19636,0.2729455705287125
19637,0.477208865803884
19638,-0.9052619025923475
19639,-0.07505497283085781
19640,-0.21193565196727765
19641,-1.170972967926522
19642,1.9477402853849404
19643,-1.1615261244387833
19644,0.6388542301171963
19645,-0.5323700169244093
19646,1.8246560859343064
19647,0.6276883886089177
19648,-0.26127687665834437
19649,-0.3874546910935089
19650,1.996112214007597
19651,0.6487109916722252
19652,-1.2796771529743571
19653,1.8663377225460684
19654,-1.0438238894392493
19655,0.8003392234022878
19656,-0.16187225916337972
19657,0.3939239830481674
19658,-1.7483848460193725
19659,-0.2503951418406015
19660,-0.11316851459742155
19661,-0.24328458974940445
19662,-0.5618089780573938
19663,2.122445009918164
19664,0.016859607698594525
19665,2.1504290334541594
19666,0.39147284264509197
19667,-0.15921822725242352
19668,0.28198041552754693
19669,0.417367760950971
19670,-0.7291134577014534
19671,1.8865354822654374
19672,0.49479696835578896
19673,-0.996870055120532
19674,-0.07476204155685492
19675,-0.11611904962657581
19676,0.4857385117256344
19677,0.1506060745374611
19678,0.2874203425014305
19679,0.6943404834495185
19680,0.12994819954435521
19681,0.3862151601782268
19682,0.2718550197829979
19683,0.4446196000910947
19684,0.5082139420805751
19685,0.34122684245352364
19686,0.16255518156102525
19687,0.8099890212641067
19688,0.24425237009763084
19689,0.44191416957239965
19690,0.38169997910305464
19691,0.10988618445544784
19692,-1.0139793819566785
19693,-1.0113990317109833
19694,0.7249728593337337
19695,-1.19707708465417
19696,0.34563530981574414
19697,-0.027581514469780282
19698,-1.2030470542201863
19699,0.3436685064130601
19700,-1.4024855516566785
19701,0.3206794549166555
19702,-0.21839128197282404
19703,0.25037228306709736
19704,-0.9828754519067013
19705,0.044230865177552786
19706,-0.745681959147685
19707,0.6352570790039083
19708,-0.2711680025301198
19709,0.19359549036277182
19710,0.13177516631230232
19711,0.006767595586276864
19712,-1.628819608376931
19713,0.6033620222331489
19714,-1.6748349124551463
19715,0.6542666575340764
19716,-0.5991141938249965
19717,0.9394938562065335
19718,-0.31232680756933195
19719,0.3992563871247474
19720,-0.8624278382025601
19721,0.40387026531277
19722,-0.28828075354660365
19723,0.16373431261202331
19724,-0.314479008592895
19725,0.02327114626294196
19726,-0.8703619747342837
19727,0.3201775568879004
19728,-0.8354149116419856
19729,0.6409398607773784
19730,0.6995949222224904
19731,0.36634312179907075
19732,0.30559742734469225
19733,0.2951365176193559
19734,-0.5019356175735656
19735,0.4393850857397012
19736,0.2740866663484133
19737,0.33653210631928887
19738,0.6868900428417765
19739,0.21197898429496645
19740,0.3594032865400947
19741,0.8147868471511055
19742,0.33137621739060213
19743,0.7274240740602871
19744,0.6285986241401597
19745,0.5917854127855896
19746,0.25483123509811223
19747,0.4742704544201339
19748,-0.154162760597985
19749,0.2935058810079313
19750,0.694433145832813
19751,0.20873640559242476
19752,0.19957914628624557
19753,0.5264753204037891
19754,0.37716627082495713
19755,-0.31684121120759523
19756,1.0088629831747358
19757,0.5803158767554512
19758,0.33201951575890054
19759,0.36169880993399384
19760,0.6116080824035448
19761,0.29796133508015443
19762,0.2277410402207802
19763,0.3583025650629191
19764,0.2849911821672054
19765,-0.6450335575764672
19766,0.2701547908311847
19767,0.47426128262817924
19768,-0.5739148306161979
19769,0.5272446672476104
19770,0.21205138276964172
19771,0.27771902551894806
19772,0.20481261045671684
19773,-0.1648370214676489
19774,0.1368704475900331
19775,-0.4825540276423012
19776,0.4125957164634894
19777,0.3997459874806915
19778,0.7223904968764393
19779,0.6450510203376519
19780,-0.09347209724710402
19781,0.23818931064837798
19782,0.2486703322672402
19783,0.23940222392735608
19784,0.042994169199092235
19785,0.33861008250976504
19786,0.30824602262098205
19787,0.2591351801887318
19788,0.12710890535653874
19789,0.31654764452644396
19790,-0.07136100636614501
19791,-0.15505404791604685
19792,-0.5101163692127045
19793,2.0024482993015313
19794,-1.257397087759645
19795,-0.2636843638159136
19796,-0.6667888001228337
19797,2.0795425563246104
19798,-0.8223049490083822
19799,-0.15405629940392349
19800,-0.5902052007566356
19801,2.0367633485088636
19802,-1.164057818168542
19803,-0.18668685579301125
19804,-0.5845349283896482
19805,2.0172822144996445
19806,-0.8334920055883165
19807,-0.16521528404846514
19808,-0.5673696853448557
19809,2.0064757243935323
19810,-0.8130307953961966
19811,-0.29235185328484203
19812,-0.03722220969824179
19813,-2.157444574585347
19814,0.6757675983612487
19815,-0.2067630873406058
19816,-0.6040984355197248
19817,1.9618038245194047
19818,-0.8825219753472613
19819,-0.1635304243858614
19820,0.41360866482611414
19821,-2.0049746161647097
19822,0.8020068732688038
19823,-0.156409925708446
19824,-0.21442698943235017
19825,1.9986201231999088
19826,-0.19157175238991722
19827,-0.08476086311745597
19828,0.05736438881354292
19829,0.22246957320573718
19830,0.1964499662100211
19831,-0.1515233408425147
19832,-0.011325165940042877
19833,1.9526727782484816
19834,-1.2424553764790351
19835,-0.05692567486344346
19836,-0.6693199763692514
19837,2.04634597453831
19838,-0.8337378126166216
19839,-1.1018471364258393
19840,1.6711743803377397
19841,-0.1451919916943508
19842,-1.0482290656375208
19843,2.026761074689313
19844,-0.0898295057424932
19845,-0.02110531996124993
19846,-0.759635066963745
19847,2.0616851459014502
19848,-0.4985143537855103
19849,-1.6114551301389002
19850,0.39824982848823065
19851,-2.434505111625468
19852,1.286278697969466
19853,-0.1240229668791624
19854,-0.06880913834630313
19855,0.3092103802687988
19856,0.08543905475178339
19857,-0.037375375426514486
19858,-0.14077785629947553
19859,0.44899260204918073
19860,0.09401104904403272
19861,0.8125637749143537
19862,-0.06313058280214663
19863,-0.12506721970035092
19864,-0.3532386266114408
19865,0.18417503174059266
19866,0.46461716485667626
19867,0.10372009674609305
19868,0.5175217158685163
19869,0.21277895107410028
19870,-0.7696228528839426
19871,0.4666527204146694
19872,0.12245629019782915
19873,0.37343762925563007
19874,0.19304151617883325
19875,-0.9900061073766491
19876,0.49430243884091823
19877,0.17619010296220075
19878,0.29114811184421907
19879,0.9673691465346763
19880,0.017380291039103227
19881,0.904599566567777
19882,0.18300647245123794
19883,0.062296676731487304
19884,0.019179289852716205
19885,0.06092026061715557
19886,0.3439748502632047
19887,-0.20852759946911154
19888,-0.013587728931303108
19889,-0.46152569386895526
19890,0.20284474718093384
19891,-0.0615287140646343
19892,-1.063998049185118
19893,-0.04808116369421019
19894,0.4301368853346156
19895,-0.28337518715094556
19896,0.09507990804367573
19897,-0.3653360895050221
19898,0.06708200927116038
19899,0.09440839882626222
19900,0.26073496321161427
19901,-0.04044456555274978
19902,-0.12780961708442617
19903,0.2395221043915337
19904,0.48083521897504855
19905,-0.0006767261529520301
19906,0.38137624702261297
19907,-0.8267117276778367
19908,0.17726962194782117
19909,-0.15160110406436203
19910,0.09877026451901942
19911,0.19733210704565252
19912,0.21708954246685838
19913,-0.16754890683175486
19914,0.41873270496025417
19915,0.14114602221592618
19916,0.033321913600831414
19917,0.3556265151082698
19918,0.49198574728567734
19919,0.19965281577798952
19920,-0.13296609667621725
19921,-0.012234933622079749
19922,-0.9182562976489443
19923,0.5605209501370073
19924,0.5089919640388083
19925,-0.15726002506737438
19926,0.23510166992694073
19927,0.09320621062252571
19928,-0.783749680142916
19929,0.1626016063005815
19930,0.10181002377016819
19931,-0.9433501191870369
19932,0.06481612092362601
19933,0.20893923315401278
19934,-0.06625233819719722
19935,0.2234040152782828
19936,-0.7469629199698845
19937,-1.1317190824115635
19938,-0.26316248347869825
19939,0.004713715412781127
19940,-0.3766031685831612
19941,-1.4396878093508318
19942,-0.09200830262876815
19943,-1.4951120492390697
19944,0.008022963207158848
19945,0.4234114317797212
19946,0.11478510792627357
19947,0.047465764486243886
19948,0.1003714970497033
19949,-0.0483500969504915
19950,0.0982408027409488
19951,-0.8390168058359118
19952,0.04192458806109093
19953,-0.49352152853973014
19954,0.2308340179390863
19955,-0.06433420692630605
19956,0.1511756484046687
19957,0.0010963111401957782
19958,-0.2861620619696841
19959,-0.22637491628928214
19960,0.5511412264754694
19961,-0.10943478910618717
19962,0.15845732243958033
19963,-0.5860399594108686
19964,-0.4140542821529554
19965,0.06212230483545679
19966,-0.030235893518883457
19967,-0.05709305586775924
19968,-0.5634682839489806
19969,-0.09427798531787548
19970,-1.7227475615008243
19971,-0.02133366031883296
19972,0.2995044069456915
19973,0.4412014302690498
19974,0.0333887211747393
19975,0.08462308234426116
19976,-0.22552885230588804
19977,-0.08204152466252114
19978,-0.18368940150424543
19979,-1.3273418331114253
19980,-0.380014336289227
19981,-0.40998467839112346
19982,0.32460598335535246
19983,-0.5206823801934618
19984,-0.8364626149740222
19985,-1.0321866822856955
19986,-0.20550131422826254
19987,-1.2916034835029169
19988,-0.15492074069566442
19989,0.1482854418786531
19990,-0.11532293434928112
19991,-0.006619450055689019
19992,-0.06838859436087048
19993,0.747897650301231
19994,0.6613997302135679
19995,-0.01193548608098962
19996,-0.0879387965823945
19997,2.0652817410891275
19998,-0.18866812847719516
19999,-0.1730598043789764
20000,-0.28654413488425673
20001,-1.2752981127081329
20002,0.11941290942301407
20003,2.0437946125611632
20004,-0.7882947205087573
20005,0.0073660775056835995
20006,0.8256668389680191
20007,0.10980153710560141
20008,0.5435149541915855
20009,-0.3314326096849801
20010,-0.08709709025193133
20011,0.21361439047543043
20012,0.19728911731886128
20013,0.5877626588926483
20014,-0.08318245825937676
20015,-0.0639448197384888
20016,-0.685759980565872
20017,1.1497706354410109
20018,-0.7976886696730503
20019,-0.2830900385185682
20020,0.04487299029909115
20021,-0.2535054133509803
20022,-0.12095494218984451
20023,0.19514342516226857
20024,-0.4193712565859144
20025,0.13839232473043409
20026,-0.4777165250876663
20027,0.7045125219667734
20028,0.6788831636105367
20029,-0.30686621769260136
20030,0.045157061547488095
20031,-0.7848102336464369
20032,0.5949765724101669
20033,-0.021353843771662967
20034,-0.7242683858729988
20035,0.01734981318785194
20036,-1.1567747648154179
20037,0.4140377358146323
20038,-0.7946185104469218
20039,0.5580659376805347
20040,0.35284412296482354
20041,0.5064820265449997
20042,0.3979621930600196
20043,0.5163205679608758
20044,-0.09592157859367316
20045,0.7725921550581553
20046,2.0658798163587297
20047,0.022557458430162887
20048,-1.7829724303494092
20049,0.07906516697236605
20050,-1.1701328146759553
20051,1.0392854536615028
20052,-0.9208230503879387
20053,0.4002367985322458
20054,0.0065071803268276045
20055,-0.8481081793865385
20056,0.41729858362654887
20057,-0.3879846820796529
20058,0.3918635521887937
20059,-0.8851239137224816
20060,0.4186238422204739
20061,0.4796046337845298
20062,0.3925817715150782
20063,-0.2528880850641344
20064,0.5900062817340133
20065,0.04857168358917584
20066,0.07560171735689004
20067,-0.7864251721500096
20068,0.2801347595972849
20069,0.05915749821651571
20070,0.1426757767171741
20071,0.02039563936090423
20072,0.027795349028695907
20073,0.10946611087015708
20074,-0.31312163408386445
20075,0.2186615292965503
20076,0.18755780599516894
20077,0.6861680418317881
20078,-0.7447445223878693
20079,0.574223516129988
20080,-0.09081048930755055
20081,0.6309575950624634
20082,-0.2028677593020402
20083,0.09011777184787717
20084,-0.5949428368834122
20085,-1.0272267792587984
20086,0.5117236856805442
20087,-0.15055056664947972
20088,0.3149072632531184
20089,-0.8425850868476074
20090,0.5271670736836096
20091,-2.340241188748151
20092,0.2357293140606254
20093,-0.10210277420979541
20094,0.4350813435469084
20095,-0.42771427335510387
20096,0.39854302917271184
20097,-0.9024366978788426
20098,0.2763476377574412
20099,0.001688085717391369
20100,-0.13128119892998527
20101,-0.12291730524344817
20102,-2.3452533753019726
20103,0.03977779011455027
20104,0.8290864650447469
20105,0.028898486249766885
20106,-0.28128843550269395
20107,-0.26588981142091617
20108,-0.9247062110354662
20109,0.180026072182191
20110,2.057128534064513
20111,0.6315608724217181
20112,0.4051694096343572
20113,1.0372763089172323
20114,0.03335114810582634
20115,-1.003149536017253
20116,0.3822168009858498
20117,-0.18027009760622667
20118,-0.039329969770498546
20119,0.15843519200951517
20120,-0.22273172881704525
20121,-0.12815964064256463
20122,-0.09884346170546256
20123,1.7498460039748716
20124,0.44420346779837744
20125,-0.8684935948916361
20126,0.03184237064781679
20127,-0.18993520430280858
20128,0.12186620442896239
20129,0.17411714342406368
20130,-0.052229653057939356
20131,0.8091523484947147
20132,0.36089824690768124
20133,-2.25678201604193
20134,0.15349852411065523
20135,-1.11967462400867
20136,-0.03082006366253012
20137,0.4623355096917941
20138,-2.372156331214955
20139,0.22743609648143612
20140,-0.4360157939595346
20141,-0.8092856230201996
20142,0.8650961789445655
20143,0.9650018720343135
20144,-0.20554203600889195
20145,-0.5305189378591614
20146,0.4680008298732296
20147,-0.96977829909129
20148,0.3513761259508455
20149,-0.2483715279381715
20150,0.12676517239740095
20151,0.768963739278949
20152,0.4251499338031202
20153,-0.3587495854327441
20154,-0.6040233853271955
20155,1.3492304750327087
20156,-1.4181522254613526
20157,-0.13969274528579367
20158,0.42317802304160224
20159,-1.5997532383434543
20160,0.1717322005280631
20161,-0.6133056277389304
20162,1.0078689294752734
20163,0.16845315728970614
20164,0.28805645529398466
20165,0.7556860095879899
20166,0.24171355418584295
20167,1.255675753852299
20168,-0.5150248796511426
20169,-1.8521749712482247
20170,-0.8679423037539528
20171,0.21936024530885415
20172,-0.9119314970618424
20173,0.6204233894417959
20174,0.12782676361589157
20175,-0.10870459116714498
20176,0.5386596357718143
20177,-1.0049349203725535
20178,-0.9111044230903577
20179,0.27592303147132524
20180,0.433109680079884
20181,0.15768652104142356
20182,0.06642117827025235
20183,-0.29274416568306044
20184,-0.272544967772731
20185,1.7300202998307046
20186,-0.5715938077131897
20187,0.28312778504042224
20188,-0.023042842034461077
20189,0.15363143346999264
20190,0.8369432598004883
20191,0.4090228257057019
20192,-0.0045613983730410645
20193,-0.18191656992593
20194,-0.0037742083016934517
20195,0.09381743288220697
20196,-0.13676244198633353
20197,-1.0611443174596722
20198,0.22727854743204068
20199,0.4882211846609044
20200,0.5344460541449529
20201,-0.07816482694275942
20202,-0.0608246590019208
20203,0.2694470524369911
20204,0.39964621283124113
20205,0.26878847420553365
20206,0.22948649792529327
20207,0.13324487913637253
20208,0.16475016896397515
20209,0.6962821279423355
20210,0.046914804732695506
20211,-0.24152109054405804
20212,-0.4677322691495073
20213,0.134403981974536
20214,0.07847558944581043
20215,-0.18200771930690485
20216,0.27404312102333933
20217,0.09879851229183588
20218,-0.03659651225669453
20219,0.015420225887007298
20220,0.1745046312357288
20221,0.5568516405593729
20222,-0.3385418327352157
20223,-0.19071230094207503
20224,0.020054546436601806
20225,0.5286397284063769
20226,0.3310164818773353
20227,0.2263596254089795
20228,-0.186268612901632
20229,0.044639775561289355
20230,-0.004600534634728317
20231,0.09289841034377994
20232,0.1760993741400314
20233,-0.25849582152858536
20234,-0.7170276675363456
20235,-0.15885957055182637
20236,0.736005742714571
20237,0.258656175112465
20238,0.050432099779392725
20239,-0.20568404355316944
20240,-0.13196002511243068
20241,0.21552911656902635
20242,0.056784721917175915
20243,0.0673074755832319
20244,0.017353085561817975
20245,0.2661986535809105
20246,-0.22623967674651507
20247,0.051031155819618104
20248,-0.3650190665310805
20249,0.3326547482359737
20250,0.08509342300724225
20251,-0.903867077649685
20252,-0.9942721096093939
20253,0.17869250348245905
20254,0.029122114894374797
20255,-0.7462480911061136
20256,0.06603545180821434
20257,0.168293743630033
20258,-0.684196581171801
20259,0.2500073675315502
20260,0.076447979440586
20261,0.15182686808707682
20262,0.1656406763927801
20263,0.5862290352222689
20264,-0.17675316033808644
20265,0.48126531301207104
20266,0.12966327326955013
20267,0.3508434692863559
20268,-0.13032657257986346
20269,0.10220698594935593
20270,0.0706701177507521
20271,-0.8990550849427742
20272,-0.010582937221176973
20273,0.4072163086386345
20274,0.4712918220298745
20275,0.18933773966017728
20276,-1.1525264105392081
20277,0.03181101546626367
20278,-0.33983582649243804
20279,-0.35794316145130683
20280,0.26785257288449993
20281,0.3324395446013848
20282,0.1036761400690973
20283,-1.105515582748147
20284,0.032755651303957904
20285,-0.2800559690298755
20286,-1.0157327115251722
20287,-0.292957309213124
20288,0.3141291472723911
20289,0.6318053970444198
20290,0.27737436001319576
20291,0.18300689293758313
20292,0.05444701369120196
20293,-0.04727666764224947
20294,0.08269376245218658
20295,0.21249984584430254
20296,0.03934122390549172
20297,-0.049541320777803884
20298,-0.05655320580265551
20299,0.19738105270984752
20300,-0.6847519357978643
20301,-0.06841108068053553
20302,0.5788376613426532
20303,-0.3726358285101265
20304,0.40515695423040826
20305,0.6847092432894619
20306,-0.03794947283032759
20307,1.2040971744918674
20308,0.342388313541717
20309,0.07029878575827149
20310,0.5228779743412104
20311,-0.1850586608489332
20312,1.145962180261669
20313,0.3535653605111703
20314,0.4234613610604774
20315,1.3224656340981733
20316,0.8097304977340075
20317,-0.825134976146876
20318,0.5098535519156894
20319,0.3976412473019593
20320,0.417455150750484
20321,0.578962099660307
20322,0.008535555099145314
20323,0.08431041196582703
20324,0.3543969660093501
20325,0.030454207277226673
20326,-0.05202209009230432
20327,-0.4747140941442615
20328,-0.062193079755287095
20329,-1.5374590732415099
20330,-0.09927652847516046
20331,0.03331852350109175
20332,-0.009377907677714447
20333,0.04902329466462436
20334,-0.6641758196877536
20335,-0.022606459822224048
20336,1.049048037060309
20337,-0.09058191159752611
20338,0.23940274010210102
20339,0.03749326636663382
20340,-1.3188954702312927
20341,-0.21475274447934323
20342,-0.12686098004034319
20343,0.003669182265704055
20344,0.7989842789919714
20345,-0.3361746350810506
20346,-0.30572172426722133
20347,0.16820513997578293
20348,-0.11304172842064532
20349,0.15311835201376117
20350,-0.6652897077983323
20351,-0.24113127003572576
20352,-0.07043951452216043
20353,0.04897304387131759
20354,0.3261633609113726
20355,0.22301611175470168
20356,-0.10955839066814028
20357,-0.20158953500731672
20358,-0.08705119869228473
20359,0.5986048008300284
20360,-0.2176788412628113
20361,0.14452389372938873
20362,-0.5216100764747282
20363,-0.43542978065883603
20364,-0.22711885669890247
20365,-1.7981653163832754
20366,-0.7629990395073133
20367,-0.3598434651803904
20368,-0.22539585827853262
20369,-0.09381220670061895
20370,0.4742133203057095
20371,-0.11668148720433352
20372,-0.8477192357948685
20373,0.12791940498651785
20374,-0.2864492238878502
20375,0.2556077181970801
20376,0.344859533732697
20377,-1.3054598513312727
20378,-0.13767085436242602
20379,0.5063078046582143
20380,0.06589717785558358
20381,0.15726917951107303
20382,0.42709298273423435
20383,0.5793073949940154
20384,-0.17887484741707482
20385,0.07794972007165746
20386,-1.0898676743949047
20387,-0.31213443176688116
20388,-0.13793262314214677
20389,0.08858169940537873
20390,0.6770897192099548
20391,0.04737086289185173
20392,-0.0668944283574775
20393,0.5582389119467652
20394,-0.05126024184548501
20395,-0.06356813962888536
20396,-0.8499962563128374
20397,0.13475896423709968
20398,-0.2972434483205188
20399,0.1686394134075156
20400,0.201471050094751
20401,-0.8422005896610942
20402,-0.39811056393410477
20403,0.19990800576537282
20404,0.5159383389757325
20405,-0.5987128293197783
20406,-0.17690443345495327
20407,0.5268882458581257
20408,0.386822356567061
20409,0.6203360714338341
20410,-0.9366704783036062
20411,0.042094102293969864
20412,0.12561915668999984
20413,-0.1923357206443303
20414,0.11312025600451968
20415,0.5273314189471887
20416,-0.5560956280054686
20417,-0.908770801045693
20418,2.0438618543339735
20419,0.5055327636620724
20420,0.392924103347887
20421,-0.3462697523500703
20422,0.5499423566719972
20423,0.04714469459473846
20424,2.089846393700684
20425,0.5270095535779193
20426,0.7821459550468332
20427,0.2579077601258227
20428,0.5047497232223359
20429,1.317030536217506
20430,0.64486541864372
20431,-0.914924402995073
20432,1.1413533804263396
20433,0.6737101122182135
20434,0.06406535123279729
20435,2.029216884138708
20436,0.4267905288511918
20437,1.156503684483574
20438,-0.0852567705644477
20439,-1.231455185930502
20440,0.5959727822506461
20441,-0.10348258641106223
20442,0.40002987819930996
20443,-0.3017857373604165
20444,0.8040418524281364
20445,-0.960774899361941
20446,-0.254358750876189
20447,-0.11634617978083099
20448,0.14507071095261093
20449,0.3111536911375022
20450,0.15935192792406702
20451,-0.09154852462555262
20452,-0.11598585426404324
20453,-0.7554849531244341
20454,1.0104958983783292
20455,0.2601865059951217
20456,0.4616766760074776
20457,0.5218541820362123
20458,0.3243923894539553
20459,0.7795021853754841
20460,0.18648701505846127
20461,0.7480678477113726
20462,0.7223406103621489
20463,0.7514501561476516
20464,0.2624841800139129
20465,0.6739095382707093
20466,0.12269549132668266
20467,0.28822360341747966
20468,-0.2786178002211818
20469,-0.02336704850413688
20470,-0.4193190306979614
20471,0.3661420976594964
20472,0.27363321687699904
20473,0.20250348899665893
20474,-0.3824743988288267
20475,-0.0337017565824814
20476,0.24270354777792066
20477,0.4187701236462036
20478,0.31913029288006717
20479,0.5610379603570628
20480,-0.3080832429125117
20481,-0.0891758481486741
20482,-0.34346560642316754
20483,0.011736950688687239
20484,0.37364073673503073
20485,0.11942418315325368
20486,0.08032718660603264
20487,-0.9877071360548488
20488,0.4783865286560803
20489,-0.051067963379346305
20490,0.18708340527104933
20491,-0.9594056646645697
20492,0.49560352834426347
20493,0.4978040989414785
20494,0.19037239394886013
20495,0.15598112145247078
20496,0.45708752713594053
20497,0.2648942673447607
20498,0.9996044549102243
20499,-0.14780643199249732
20500,0.4979681744563356
20501,0.09606837836107393
20502,-0.09351155458497197
20503,0.08152258728471908
20504,-1.4731216924469603
20505,0.3208369800692303
20506,0.3477468132811437
20507,0.1563412412906651
20508,0.636649451692465
20509,0.123070932564516
20510,1.2959150368147532
20511,0.15022892833662874
20512,0.7567278356378765
20513,-0.9734433878249754
20514,0.9882740663956247
20515,-1.047155548774796
20516,0.8985588222925873
20517,0.2600790843439776
20518,-0.7476833772508531
20519,0.7555288312680007
20520,-0.09467896875295984
20521,-0.48849204198215007
20522,-0.07083095812894989
20523,0.4369974538819171
20524,0.6497604791024993
20525,-0.19705323182432646
20526,-0.6659903499032072
20527,-0.16344738613198945
20528,-0.06762589825221323
20529,-0.19086243522350424
20530,0.129861709692901
20531,0.00573591747705127
20532,-0.05509058260262048
20533,-0.1193316075109551
20534,-1.6993400682387358
20535,0.06306232004120858
20536,0.625637718009711
20537,0.1550244871346958
20538,1.2482439701882186
20539,-0.7901086381085246
20540,0.004655431085716517
20541,0.3947439984183371
20542,-0.15923940754522517
20543,0.4228882115203506
20544,0.09322570005120795
20545,-0.10449412102029978
20546,-0.6113166135908952
20547,0.37995229959265236
20548,1.3063406867872895
20549,-0.05533585588886121
20550,0.24639475654083992
20551,0.07354815908619418
20552,0.5732437888253124
20553,-0.0640953153346885
20554,-0.15463814806216333
20555,-1.8515342422664962
20556,0.6586357969859397
20557,-0.40695634772573797
20558,2.0742356517760157
20559,0.5465357278808586
20560,0.42954017168676767
20561,0.0712537158948853
20562,-0.24007723132010586
20563,0.061463436567957705
20564,-0.11417947050765201
20565,-0.09292252053512023
20566,0.18467040658405007
20567,-0.11914655560342659
20568,1.883265182047211
20569,1.220398167019277
20570,-0.867157576962644
20571,0.7574622948240202
20572,2.306049886093647
20573,-0.9709036235649288
20574,0.8202295196181277
20575,2.1084495026521335
20576,-0.056713463369100284
20577,0.30889552535336184
20578,2.2140293676776532
20579,0.19014711884992108
20580,1.2438184969246338
20581,0.16295438440134505
20582,0.9997625398593576
20583,-0.2919779866421745
20584,-1.0045819433068686
20585,0.3838889148543083
20586,-2.198374180317715
20587,0.0397171915379386
20588,1.0090152938952799
20589,-0.3013962575339011
20590,-0.6316045866329159
20591,0.4470701667047702
20592,0.4731536007366734
20593,0.22516911112117746
20594,0.9037003756111783
20595,-0.37944413471057764
20596,-0.7016846168490626
20597,-0.03241570902108682
20598,0.5219200860431802
20599,0.7482693338158412
20600,-0.8387631751212573
20601,0.12210207163408952
20602,-0.28847780112321586
20603,0.3801097493227355
20604,-0.6644331380066797
20605,0.3195110656761849
20606,0.027297543910476455
20607,0.6439346485556092
20608,-0.1439800676548415
20609,-0.25489377839701005
20610,0.11198882995941793
20611,-0.28881083567652266
20612,0.14678352407104714
20613,-0.2300241317602975
20614,0.04865200708435771
20615,-0.702219147815639
20616,0.18495811818143862
20617,-0.7118491753997352
20618,-0.7934414127735279
20619,0.1711264948956011
20620,-0.3018061735419079
20621,0.15915351261769287
20622,-0.20429502437578817
20623,-0.2734173230847403
20624,0.5764850890247186
20625,-1.10995281742952
20626,0.36998092435693486
20627,0.8237139713250704
20628,0.3694021003433922
20629,0.7609550778641141
20630,-1.0901094851264619
20631,0.030807614193325672
20632,-1.1518071905275378
20633,0.3403563323121543
20634,0.13775580081028513
20635,-0.8256398693242316
20636,-0.23679470227421348
20637,1.1584812496518375
20638,-0.18369449064591553
20639,0.6296133061577304
20640,-0.9283713727030005
20641,0.2943813173086614
20642,0.9768269213826164
20643,0.35961147092922024
20644,0.2750497810877426
20645,0.5704915004892642
20646,-0.15435141894741458
20647,0.1841454446019679
20648,0.5333783217222382
20649,0.6939032069114609
20650,-0.12426874651373229
20651,0.06844020530666645
20652,0.3188314037261306
20653,0.1664082952440576
20654,-0.955421294573432
20655,0.4637453647803154
20656,0.20835529076704046
